id,hq_id,title,brand,scraped_aisle,main_category,sub_category,final_price,original_price,discount_pct,discount_label,deal_price,deal_count,unit,unit_price_description,is_bonus,discount_type,bonus_mechanism,bonus_start,bonus_end,nutriscore,available_online,shop_type,url,scraped_at,title_eng,aisle_eng
588085,33267,Boursin Plantaardig knoflook & fijne kruiden,Boursin,vegetarisch-vegan-en-plantaardig,"Vegetarisch, vegan en plantaardig",Plantaardige kaas voor de borrel,3.49,3.49,,,,,150 g,prijs per kg €23.27,False,,,,,D,True,AH,https://www.ah.nl/producten/product/wi588085,2026-07-28,Boursin Plantaardig knoflook & fijne kruiden,vegetarian-vegan-and-plant-based
412158,855694,Oatly! Haver barista edition,Oatly!,vegetarisch-vegan-en-plantaardig,"Vegetarisch, vegan en plantaardig",Haverdrink,1.995,2.75,27.5,2 voor 3.99,3.99,2.0,1 l,normale prijs per liter €2.75,True,AH,2 voor 3.99,2026-07-27,2026-08-02,D,True,AH,https://www.ah.nl/producten/product/wi412158,2026-07-28,Oatly! Oat barista edition,vegetarian-vegan-and-plant-based
611232,0,Oatly! Haver barista edition 4-pack,Oatly!,vegetarisch-vegan-en-plantaardig,"Vegetarisch, vegan en plantaardig",Haverdrink,7.98,11.0,27.5,pakketkorting,,,4 stuks,,True,AHOO,,2026-07-28,2026-08-02,,True,AH,https://www.ah.nl/producten/product/wi611232,2026-07-28,Oatly! Haver barista edition 4-pack,vegetarian-vegan-and-plant-based
445419,707247,Kips Vega paté vol en smeuig,Kips,vegetarisch-vegan-en-plantaardig,"Vegetarisch, vegan en plantaardig",Plantaardige vleeswaren,2.49,2.49,,,,,125 g,prijs per kg €19.92,False,,,,,E,True,AH,https://www.ah.nl/producten/product/wi445419,2026-07-28,Kips Vega pate full and creamy,vegetarian-vegan-and-plant-based
565765,4557,AH Terra Plantaardige sojadrink ongezoet,AH Terra,vegetarisch-vegan-en-plantaardig,"Vegetarisch, vegan en plantaardig",Sojadrink,0.89,0.89,,,,,1 l,prijs per liter €0.89,False,,,,,B,True,AH,https://www.ah.nl/producten/product/wi565765,2026-07-28,AH Terra Vegetable soy drink unsweetened,vegetarian-vegan-and-plant-based
565766,4558,AH Terra Amandeldrink ongezoet,AH Terra,vegetarisch-vegan-en-plantaardig,"Vegetarisch, vegan en plantaardig","Amandel, cashewdrink",1.49,1.49,,,,,1 l,prijs per liter €1.49,False,,,,,B,True,AH,https://www.ah.nl/producten/product/wi565766,2026-07-28,AH Terra Almond drink unsweetened,vegetarian-vegan-and-plant-based
489288,742894,AH Terra Plantaardige smeerleverworst,AH Terra,vegetarisch-vegan-en-plantaardig,"Vegetarisch, vegan en plantaardig",Plantaardige vleeswaren,1.59,1.59,,,,,125 g,prijs per kg €12.72,False,,,,,C,True,AH,https://www.ah.nl/producten/product/wi489288,2026-07-28,AH Terra Vegetable spread liver sausage,vegetarian-vegan-and-plant-based
462463,714670,AH Terra Plantaardige haverdrink ongezoet,AH Terra,vegetarisch-vegan-en-plantaardig,"Vegetarisch, vegan en plantaardig",Haverdrink,1.35,1.35,,,,,1 l,prijs per liter €1.35,False,,,,,C,True,AH,https://www.ah.nl/producten/product/wi462463,2026-07-28,AH Terra Vegetable oat drink unsweetened,vegetarian-vegan-and-plant-based
438961,70493,AH Plantaardige hummus naturel,AH,vegetarisch-vegan-en-plantaardig,"Vegetarisch, vegan en plantaardig",Hummus naturel,1.29,1.29,,,,,200 g,prijs per kg €6.45,False,,,,,C,True,AH,https://www.ah.nl/producten/product/wi438961,2026-07-28,AH Vegetable hummus natural,vegetarian-vegan-and-plant-based
518423,87619,Alpro Mild & creamy zonder suikers,Alpro,vegetarisch-vegan-en-plantaardig,"Vegetarisch, vegan en plantaardig",Plantaardige yoghurt naturel,2.99,2.99,,,,,755 g,prijs per kg €3.96,False,,,,,A,True,AH,https://www.ah.nl/producten/product/wi518423,2026-07-28,Alpro Mild & creamy without sugars,vegetarian-vegan-and-plant-based
604676,0,Alpro Mild & creamy zonder suikers 2-pack,Alpro,vegetarisch-vegan-en-plantaardig,"Vegetarisch, vegan en plantaardig",Plantaardige yoghurt naturel,5.68,5.98,5.0,5% volume voordeel,,,2 stuks,,True,AHOO,5% volume voordeel,2026-07-28,2999-12-31,,True,AH,https://www.ah.nl/producten/product/wi604676,2026-07-28,Alpro Mild & creamy without sugars 2-pack,vegetarian-vegan-and-plant-based
461862,714665,Alpro Barista haver,Alpro,vegetarisch-vegan-en-plantaardig,"Vegetarisch, vegan en plantaardig",Haverdrink,2.79,2.79,,,,,1 l,prijs per liter €2.79,False,,,,,A,True,AH,https://www.ah.nl/producten/product/wi461862,2026-07-28,Alpro Barista haver,vegetarian-vegan-and-plant-based
568161,0,Alpro Barista haver 6-pack,Alpro,vegetarisch-vegan-en-plantaardig,"Vegetarisch, vegan en plantaardig",Haverdrink,15.07,16.74,10.0,10% volume voordeel,,,6 stuks,,True,AHOO,10% volume voordeel,2026-07-28,2999-12-31,,True,AH,https://www.ah.nl/producten/product/wi568161,2026-07-28,Alpro Barista oats 6-pack,vegetarian-vegan-and-plant-based
570848,11083,Alpro Barista kokos,Alpro,vegetarisch-vegan-en-plantaardig,"Vegetarisch, vegan en plantaardig",Kokosdrink,2.89,2.89,,,,,"0,75 l",prijs per liter €3.85,False,,,,,B,True,AH,https://www.ah.nl/producten/product/wi570848,2026-07-28,Alpro Barista coconut,vegetarian-vegan-and-plant-based
202746,520009,Maza Hoemoes,Maza,vegetarisch-vegan-en-plantaardig,"Vegetarisch, vegan en plantaardig",Hummus naturel,2.49,2.49,,,,,200 g,prijs per kg €12.45,False,,,,,C,True,AH,https://www.ah.nl/producten/product/wi202746,2026-07-28,Maza Hoemoes,vegetarian-vegan-and-plant-based
611390,0,Maza Hoemoes 4-pack,Maza,vegetarisch-vegan-en-plantaardig,"Vegetarisch, vegan en plantaardig",Hummus naturel,9.46,9.96,5.0,5% volume voordeel,,,4 stuks,,True,AHOO,5% volume voordeel,2026-07-28,2999-12-31,,True,AH,https://www.ah.nl/producten/product/wi611390,2026-07-28,Maza Hoemoes 4-pack,vegetarian-vegan-and-plant-based
572134,0,Alpro Barista kokosnoot 6-pack,Alpro,vegetarisch-vegan-en-plantaardig,"Vegetarisch, vegan en plantaardig",Kokosdrink,15.61,17.34,10.0,10% volume voordeel,,,6 stuks,,True,AHOO,10% volume voordeel,2026-07-28,2999-12-31,,True,AH,https://www.ah.nl/producten/product/wi572134,2026-07-28,Alpro Barista kokosnoot 6-pack,vegetarian-vegan-and-plant-based
565763,4555,AH Terra Plantaardige sojadrink,AH Terra,vegetarisch-vegan-en-plantaardig,"Vegetarisch, vegan en plantaardig",Sojadrink,0.65,0.65,,,,,1 l,prijs per liter €0.65,False,,,,,B,True,AH,https://www.ah.nl/producten/product/wi565763,2026-07-28,AH Terra Vegetable soy drink,vegetarian-vegan-and-plant-based
188227,789013,Alpro Sojadrink original,Alpro,vegetarisch-vegan-en-plantaardig,"Vegetarisch, vegan en plantaardig",Sojadrink,1.99,1.99,,,,,1 l,prijs per liter €1.99,False,,,,,A,True,AH,https://www.ah.nl/producten/product/wi188227,2026-07-28,Alpro Sojadrink original,vegetarian-vegan-and-plant-based
562392,0,Alpro Sojadrink original 4-pack,Alpro,vegetarisch-vegan-en-plantaardig,"Vegetarisch, vegan en plantaardig",Sojadrink,7.56,7.96,5.0,5% volume voordeel,,,4 stuks,,True,AHOO,5% volume voordeel,2026-07-28,2999-12-31,,True,AH,https://www.ah.nl/producten/product/wi562392,2026-07-28,Alpro Soya drink original 4-pack,vegetarian-vegan-and-plant-based
572133,0,Alpro Barista kokosnoot 4-pack,Alpro,vegetarisch-vegan-en-plantaardig,"Vegetarisch, vegan en plantaardig",Kokosdrink,10.98,11.56,5.0,5% volume voordeel,,,4 stuks,,True,AHOO,5% volume voordeel,2026-07-28,2999-12-31,,True,AH,https://www.ah.nl/producten/product/wi572133,2026-07-28,Alpro Barista coconut 4-pack,vegetarian-vegan-and-plant-based
570853,11080,Oatly! Biologische barista haver,Oatly!,vegetarisch-vegan-en-plantaardig,"Vegetarisch, vegan en plantaardig",Haverdrink,1.995,2.99,33.3,2 voor 3.99,3.99,2.0,1 l,normale prijs per liter €2.99,True,AH,2 voor 3.99,2026-07-27,2026-08-02,D,True,AH,https://www.ah.nl/producten/product/wi570853,2026-07-28,Oatly! Organic barista oats,vegetarian-vegan-and-plant-based
611231,0,Oatly! Bio barista haver 4-pack,Oatly!,vegetarisch-vegan-en-plantaardig,"Vegetarisch, vegan en plantaardig",Haverdrink,7.98,11.96,33.3,pakketkorting,,,4 stuks,,True,AHOO,,2026-07-28,2026-08-02,,True,AH,https://www.ah.nl/producten/product/wi611231,2026-07-28,Oatly! Organic barista oats 4-pack,vegetarian-vegan-and-plant-based
570842,11074,AH Terra Plantaardige barista haver,AH Terra,vegetarisch-vegan-en-plantaardig,"Vegetarisch, vegan en plantaardig",Haverdrink,1.69,1.69,,,,,1 l,prijs per liter €1.69,False,,,,,C,True,AH,https://www.ah.nl/producten/product/wi570842,2026-07-28,AH Terra Vegetable barista oats,vegetarian-vegan-and-plant-based
486626,742126,Alpro Variatie op kwark zonder suikers,Alpro,vegetarisch-vegan-en-plantaardig,"Vegetarisch, vegan en plantaardig","Plantaardige kwark, vla",2.49,2.49,,,,,400 g,prijs per kg €6.23,False,,,,,A,True,AH,https://www.ah.nl/producten/product/wi486626,2026-07-28,Alpro Variation on cottage cheese without sugar,vegetarian-vegan-and-plant-based
593710,0,Alpro Variatie op kwark zonder suikers 2-pack,Alpro,vegetarisch-vegan-en-plantaardig,"Vegetarisch, vegan en plantaardig","Plantaardige kwark, vla",4.73,4.98,5.0,5% volume voordeel,,,2 stuks,,True,AHOO,5% volume voordeel,2026-07-28,2999-12-31,,True,AH,https://www.ah.nl/producten/product/wi593710,2026-07-28,Alpro Variation on cottage cheese without sugars 2-pack,vegetarian-vegan-and-plant-based
591341,38699,AH Terra Soja gurt,AH Terra,vegetarisch-vegan-en-plantaardig,"Vegetarisch, vegan en plantaardig",Plantaardige yoghurt naturel,1.79,1.79,,,,,1 l,prijs per liter €1.79,False,,,,,A,True,AH,https://www.ah.nl/producten/product/wi591341,2026-07-28,AH Terra Soya gurt,vegetarian-vegan-and-plant-based
196169,794356,Alpro Mild & creamy vanille smaak,Alpro,vegetarisch-vegan-en-plantaardig,"Vegetarisch, vegan en plantaardig",Plantaardige yoghurt met smaak,2.99,2.99,,,,,750 g,prijs per kg €3.99,False,,,,,A,True,AH,https://www.ah.nl/producten/product/wi196169,2026-07-28,Alpro Mild & creamy vanilla flavour,vegetarian-vegan-and-plant-based
604675,0,Alpro Mild & creamy vanille smaak 2-pack,Alpro,vegetarisch-vegan-en-plantaardig,"Vegetarisch, vegan en plantaardig",Plantaardige yoghurt met smaak,5.68,5.98,5.0,5% volume voordeel,,,2 stuks,,True,AHOO,5% volume voordeel,2026-07-28,2999-12-31,,True,AH,https://www.ah.nl/producten/product/wi604675,2026-07-28,Alpro Mild & creamy vanilla flavor 2-pack,vegetarian-vegan-and-plant-based
445420,707248,Kips Vega smeerworst kleintje,Kips,vegetarisch-vegan-en-plantaardig,"Vegetarisch, vegan en plantaardig",Plantaardige vleeswaren,2.19,2.19,,,,,6 x 20 g,prijs per kg €18.25,False,,,,,D,True,AH,https://www.ah.nl/producten/product/wi445420,2026-07-28,Kips Vega sausage spread small,vegetarian-vegan-and-plant-based
413077,856340,Maza Hoemoes less salt,Maza,vegetarisch-vegan-en-plantaardig,"Vegetarisch, vegan en plantaardig",Hummus naturel,2.49,2.49,,,,,200 g,prijs per kg €12.45,False,,,,,C,True,AH,https://www.ah.nl/producten/product/wi413077,2026-07-28,Maza Hoemoes less salt,vegetarian-vegan-and-plant-based
611394,0,Maza Hoemoes less salt 4-pack,Maza,vegetarisch-vegan-en-plantaardig,"Vegetarisch, vegan en plantaardig",Hummus naturel,9.46,9.96,5.0,5% volume voordeel,,,4 stuks,,True,AHOO,5% volume voordeel,2026-07-28,2999-12-31,,True,AH,https://www.ah.nl/producten/product/wi611394,2026-07-28,Maza Hoemoes less salt 4-pack,vegetarian-vegan-and-plant-based
114698,535295,Alpro Sojadrink zonder suikers,Alpro,vegetarisch-vegan-en-plantaardig,"Vegetarisch, vegan en plantaardig",Sojadrink,1.99,1.99,,,,,1 l,prijs per liter €1.99,False,,,,,A,True,AH,https://www.ah.nl/producten/product/wi114698,2026-07-28,Alpro Sojadrink zonder suikers,vegetarian-vegan-and-plant-based
607847,0,Alpro Sojadrink zonder suikers 4-pack,Alpro,vegetarisch-vegan-en-plantaardig,"Vegetarisch, vegan en plantaardig",Sojadrink,7.56,7.96,5.0,5% volume voordeel,,,4 stuks,,True,AHOO,5% volume voordeel,2026-07-28,2999-12-31,,True,AH,https://www.ah.nl/producten/product/wi607847,2026-07-28,Alpro Soya drink without sugars 4-pack,vegetarian-vegan-and-plant-based
580545,23253,AH Terra Plantaardige kipstukjes,AH Terra,vegetarisch-vegan-en-plantaardig,"Vegetarisch, vegan en plantaardig",Vegetarische stukjes,3.45,3.45,,,,,300 g,prijs per kg €11.50,False,,,,,B,True,AH,https://www.ah.nl/producten/product/wi580545,2026-07-28,AH Terra Vegetable chicken pieces,vegetarian-vegan-and-plant-based
556299,594391,AH Terra Plantaardig kokos gurt ongezoet,AH Terra,vegetarisch-vegan-en-plantaardig,"Vegetarisch, vegan en plantaardig",Plantaardige yoghurt met smaak,1.99,1.99,,,,,500 g,prijs per kg €3.98,False,,,,,C,True,AH,https://www.ah.nl/producten/product/wi556299,2026-07-28,AH Terra Vegetable coconut gurt unsweetened,vegetarian-vegan-and-plant-based
438962,70499,AH Plantaardige hummus pikant,AH,vegetarisch-vegan-en-plantaardig,"Vegetarisch, vegan en plantaardig",Hummus met smaakje,1.39,1.39,,,,,200 g,prijs per kg €6.95,False,,,,,C,True,AH,https://www.ah.nl/producten/product/wi438962,2026-07-28,AH Vegetable hummus spicy,vegetarian-vegan-and-plant-based
564798,2454,AH Terra Terra plantaardige rulgehakt,AH Terra,vegetarisch-vegan-en-plantaardig,"Vegetarisch, vegan en plantaardig",Vegetarisch gehakt,2.85,2.85,,1 + 1 gratis,,1.0,375 g,normale prijs per kg €7.60,True,AH,1 + 1 gratis,2026-07-27,2026-08-02,A,True,AH,https://www.ah.nl/producten/product/wi564798,2026-07-28,AH Terra Terra plantaardige rulgehakt,vegetarian-vegan-and-plant-based
407970,853211,Alpro Plantaardige kwark naturel,Alpro,vegetarisch-vegan-en-plantaardig,"Vegetarisch, vegan en plantaardig","Plantaardige kwark, vla",2.49,2.49,,,,,400 g,prijs per kg €6.23,False,,,,,A,True,AH,https://www.ah.nl/producten/product/wi407970,2026-07-28,"Alpro Vegetable cottage cheese, natural",vegetarian-vegan-and-plant-based
593697,0,Alpro Plantaardige kwark naturel 2-pack,Alpro,vegetarisch-vegan-en-plantaardig,"Vegetarisch, vegan en plantaardig","Plantaardige kwark, vla",4.73,4.98,5.0,5% volume voordeel,,,2 stuks,,True,AHOO,5% volume voordeel,2026-07-28,2999-12-31,,True,AH,https://www.ah.nl/producten/product/wi593697,2026-07-28,Alpro Vegetable cottage cheese natural 2-pack,vegetarian-vegan-and-plant-based
413076,856339,Maza Hoemoes tomaat basilicum,Maza,vegetarisch-vegan-en-plantaardig,"Vegetarisch, vegan en plantaardig",Hummus met smaakje,2.59,2.59,,,,,200 g,prijs per kg €12.95,False,,,,,C,True,AH,https://www.ah.nl/producten/product/wi413076,2026-07-28,Maza Hoemoes tomato basil,vegetarian-vegan-and-plant-based
611400,0,Maza Hoemoes tomaat basilicum 4-pack,Maza,vegetarisch-vegan-en-plantaardig,"Vegetarisch, vegan en plantaardig",Hummus met smaakje,9.84,10.36,5.0,5% volume voordeel,,,4 stuks,,True,AHOO,5% volume voordeel,2026-07-28,2999-12-31,,True,AH,https://www.ah.nl/producten/product/wi611400,2026-07-28,Maza Hoemoes tomato basil 4-pack,vegetarian-vegan-and-plant-based
143547,616423,Valess Vegetarische Gouda schnitzel,Valess,vegetarisch-vegan-en-plantaardig,"Vegetarisch, vegan en plantaardig",Vegetarische schnitzel,3.79,3.79,,,,,2 x 90 g,prijs per kg €21.06,False,,,,,C,True,AH,https://www.ah.nl/producten/product/wi143547,2026-07-28,Valess Vegetarian Gouda schnitzel,vegetarian-vegan-and-plant-based
462556,715197,Kips Vega smeerworst tuinkruiden,Kips,vegetarisch-vegan-en-plantaardig,"Vegetarisch, vegan en plantaardig",Plantaardige vleeswaren,2.49,2.49,,,,,125 g,prijs per kg €19.92,False,,,,,E,True,AH,https://www.ah.nl/producten/product/wi462556,2026-07-28,Kips Vega smeerworst tuinkruiden,vegetarian-vegan-and-plant-based
564897,2479,AH Terra Biologische tofu,AH Terra,vegetarisch-vegan-en-plantaardig,"Vegetarisch, vegan en plantaardig",Tofu,1.25,1.25,,,,,325 g,prijs per kg €3.85,False,,,,,A,True,AH,https://www.ah.nl/producten/product/wi564897,2026-07-28,AH Terra Organic tofu,vegetarian-vegan-and-plant-based
202855,798418,Maza Hoemoes rode biet,Maza,vegetarisch-vegan-en-plantaardig,"Vegetarisch, vegan en plantaardig",Hummus met smaakje,2.69,2.69,,,,,200 g,prijs per kg €13.45,False,,,,,C,True,AH,https://www.ah.nl/producten/product/wi202855,2026-07-28,Maza Hoemoes beetroot,vegetarian-vegan-and-plant-based
611397,0,Maza Hoemoes rode biet 4-pack,Maza,vegetarisch-vegan-en-plantaardig,"Vegetarisch, vegan en plantaardig",Hummus met smaakje,10.22,10.76,5.0,5% volume voordeel,,,4 stuks,,True,AHOO,5% volume voordeel,2026-07-28,2999-12-31,,True,AH,https://www.ah.nl/producten/product/wi611397,2026-07-28,Maza Hoemoes beetroot 4-pack,vegetarian-vegan-and-plant-based
604923,58790,AH Terra Hummus gegrilde groente,AH Terra,vegetarisch-vegan-en-plantaardig,"Vegetarisch, vegan en plantaardig",Hummus met smaakje,1.995,2.69,25.8,2 voor 3.99,3.99,2.0,175 g,normale prijs per kg €15.37,True,AH,2 voor 3.99,2026-07-27,2026-08-02,A,True,AH,https://www.ah.nl/producten/product/wi604923,2026-07-28,AH Terra Hummus grilled vegetables,vegetarian-vegan-and-plant-based
622356,0,AH Terra Hummus gegrilde groente 2-pack,AH Terra,vegetarisch-vegan-en-plantaardig,"Vegetarisch, vegan en plantaardig",Hummus met smaakje,3.99,5.38,25.8,pakketkorting,,,2 stuks,,True,AHOO,,2026-07-28,2026-08-02,,True,AH,https://www.ah.nl/producten/product/wi622356,2026-07-28,AH Terra Hummus grilled vegetables 2-pack,vegetarian-vegan-and-plant-based
395069,846741,Alpro Mild & creamy kokosnoot,Alpro,vegetarisch-vegan-en-plantaardig,"Vegetarisch, vegan en plantaardig",Plantaardige yoghurt met smaak,2.99,2.99,,,,,750 g,prijs per kg €3.99,False,,,,,A,True,AH,https://www.ah.nl/producten/product/wi395069,2026-07-28,Alpro Mild & creamy kokosnoot,vegetarian-vegan-and-plant-based
604673,0,Alpro Mild & creamy kokosnoot 2-pack,Alpro,vegetarisch-vegan-en-plantaardig,"Vegetarisch, vegan en plantaardig",Plantaardige yoghurt met smaak,5.68,5.98,5.0,5% volume voordeel,,,2 stuks,,True,AHOO,5% volume voordeel,2026-07-28,2999-12-31,,True,AH,https://www.ah.nl/producten/product/wi604673,2026-07-28,Alpro Mild & creamy coconut 2-pack,vegetarian-vegan-and-plant-based
622357,0,AH Terra Hummus gegrilde groente 3-pack,AH Terra,vegetarisch-vegan-en-plantaardig,"Vegetarisch, vegan en plantaardig",Hummus met smaakje,6.68,8.07,17.2,pakketkorting,,,3 stuks,,True,AHOO,,2026-07-28,2026-08-02,,True,AH,https://www.ah.nl/producten/product/wi622357,2026-07-28,AH Terra Hummus gegrilde groente 3-pack,vegetarian-vegan-and-plant-based
622358,0,AH Terra Hummus gegrilde groente 4-pack,AH Terra,vegetarisch-vegan-en-plantaardig,"Vegetarisch, vegan en plantaardig",Hummus met smaakje,7.98,10.76,25.8,pakketkorting,,,4 stuks,,True,AHOO,,2026-07-28,2026-08-02,,True,AH,https://www.ah.nl/producten/product/wi622358,2026-07-28,AH Terra Hummus grilled vegetables 4-pack,vegetarian-vegan-and-plant-based
518443,699387,Alpro Mild & creamy naturel,Alpro,vegetarisch-vegan-en-plantaardig,"Vegetarisch, vegan en plantaardig",Plantaardige yoghurt naturel,2.89,2.89,,,,,755 g,prijs per kg €3.83,False,,,,,A,True,AH,https://www.ah.nl/producten/product/wi518443,2026-07-28,Alpro Mild & creamy naturel,vegetarian-vegan-and-plant-based
604674,0,Alpro Mild & creamy naturel 2-pack,Alpro,vegetarisch-vegan-en-plantaardig,"Vegetarisch, vegan en plantaardig",Plantaardige yoghurt naturel,5.49,5.78,5.0,5% volume voordeel,,,2 stuks,,True,AHOO,5% volume voordeel,2026-07-28,2999-12-31,,True,AH,https://www.ah.nl/producten/product/wi604674,2026-07-28,Alpro Mild & creamy naturel 2-pack,vegetarian-vegan-and-plant-based
598995,48325,AH Terra Biologische tofu grootverpakking,AH Terra,vegetarisch-vegan-en-plantaardig,"Vegetarisch, vegan en plantaardig",Tofu,1.89,1.89,,,,,500 g,prijs per kg €3.78,False,,,,,A,True,AH,https://www.ah.nl/producten/product/wi598995,2026-07-28,AH Terra Organic tofu bulk packaging,vegetarian-vegan-and-plant-based
220748,815559,Alpro Amandeldrink geroosterd zonder suikers,Alpro,vegetarisch-vegan-en-plantaardig,"Vegetarisch, vegan en plantaardig","Amandel, cashewdrink",3.19,3.19,,,,,1 l,prijs per liter €3.19,False,,,,,B,True,AH,https://www.ah.nl/producten/product/wi220748,2026-07-28,Alpro Almond drink roasted without sugar,vegetarian-vegan-and-plant-based
564600,0,Alpro Amandeldrink zonder suikers 4-pack,Alpro,vegetarisch-vegan-en-plantaardig,"Vegetarisch, vegan en plantaardig","Amandel, cashewdrink",12.12,12.76,5.0,5% volume voordeel,,,4 stuks,,True,AHOO,5% volume voordeel,2026-07-28,2999-12-31,,True,AH,https://www.ah.nl/producten/product/wi564600,2026-07-28,Alpro Amandeldrink zonder suikers 4-pack,vegetarian-vegan-and-plant-based
401934,850503,Oatly! Biologische haverdrank,Oatly!,vegetarisch-vegan-en-plantaardig,"Vegetarisch, vegan en plantaardig",Haverdrink,1.995,2.89,31.0,2 voor 3.99,3.99,2.0,1 l,normale prijs per liter €2.89,True,AH,2 voor 3.99,2026-07-27,2026-08-02,C,True,AH,https://www.ah.nl/producten/product/wi401934,2026-07-28,Oatly! Organic oat drink,vegetarian-vegan-and-plant-based
611233,0,Oatly! Haverdrank bio 4-pack,Oatly!,vegetarisch-vegan-en-plantaardig,"Vegetarisch, vegan en plantaardig",Haverdrink,7.98,11.56,31.0,pakketkorting,,,4 stuks,,True,AHOO,,2026-07-28,2026-08-02,,True,AH,https://www.ah.nl/producten/product/wi611233,2026-07-28,Oatly! Oat drink organic 4-pack,vegetarian-vegan-and-plant-based
604924,58791,AH Terra Hummus naturel,AH Terra,vegetarisch-vegan-en-plantaardig,"Vegetarisch, vegan en plantaardig",Hummus naturel,1.995,2.29,12.9,2 voor 3.99,3.99,2.0,175 g,normale prijs per kg €13.09,True,AH,2 voor 3.99,2026-07-27,2026-08-02,A,True,AH,https://www.ah.nl/producten/product/wi604924,2026-07-28,AH Terra Hummus natural,vegetarian-vegan-and-plant-based
622362,0,AH Terra Hummus naturel 2-pack,AH Terra,vegetarisch-vegan-en-plantaardig,"Vegetarisch, vegan en plantaardig",Hummus naturel,3.99,4.58,12.9,pakketkorting,,,2 stuks,,True,AHOO,,2026-07-28,2026-08-02,,True,AH,https://www.ah.nl/producten/product/wi622362,2026-07-28,AH Terra Hummus natural 2-pack,vegetarian-vegan-and-plant-based
580544,23252,AH Terra Plantaardige kipstukjes,AH Terra,vegetarisch-vegan-en-plantaardig,"Vegetarisch, vegan en plantaardig",Vegetarische stukjes,2.09,2.09,,,,,160 g,prijs per kg €13.06,False,,,,,B,True,AH,https://www.ah.nl/producten/product/wi580544,2026-07-28,AH Terra Vegetable chicken pieces,vegetarian-vegan-and-plant-based
622363,0,AH Terra Hummus naturel 3-pack,AH Terra,vegetarisch-vegan-en-plantaardig,"Vegetarisch, vegan en plantaardig",Hummus naturel,6.28,6.87,8.6,pakketkorting,,,3 stuks,,True,AHOO,,2026-07-28,2026-08-02,,True,AH,https://www.ah.nl/producten/product/wi622363,2026-07-28,AH Terra Hummus naturel 3-pack,vegetarian-vegan-and-plant-based
397372,848134,AH Terra Plantaardige balletjes,AH Terra,vegetarisch-vegan-en-plantaardig,"Vegetarisch, vegan en plantaardig",Vega balletjes,1.59,1.59,,,,,200 g,prijs per kg €7.95,False,,,,,A,True,AH,https://www.ah.nl/producten/product/wi397372,2026-07-28,AH Terra Vegetable balls,vegetarian-vegan-and-plant-based
622364,0,AH Terra Hummus naturel 4-pack,AH Terra,vegetarisch-vegan-en-plantaardig,"Vegetarisch, vegan en plantaardig",Hummus naturel,7.98,9.16,12.9,pakketkorting,,,4 stuks,,True,AHOO,,2026-07-28,2026-08-02,,True,AH,https://www.ah.nl/producten/product/wi622364,2026-07-28,AH Terra Hummus natural 4-pack,vegetarian-vegan-and-plant-based
604928,58795,AH Terra Hummus zongedroogde tomaat,AH Terra,vegetarisch-vegan-en-plantaardig,"Vegetarisch, vegan en plantaardig",Hummus met smaakje,1.995,2.49,19.9,2 voor 3.99,3.99,2.0,175 g,normale prijs per kg €14.23,True,AH,2 voor 3.99,2026-07-27,2026-08-02,A,True,AH,https://www.ah.nl/producten/product/wi604928,2026-07-28,AH Terra Hummus sun-dried tomato,vegetarian-vegan-and-plant-based
622371,0,AH Terra Hummus zongedroogde tomaat 2-pack,AH Terra,vegetarisch-vegan-en-plantaardig,"Vegetarisch, vegan en plantaardig",Hummus met smaakje,3.99,4.98,19.9,pakketkorting,,,2 stuks,,True,AHOO,,2026-07-28,2026-08-02,,True,AH,https://www.ah.nl/producten/product/wi622371,2026-07-28,AH Terra Hummus zongedroogde tomaat 2-pack,vegetarian-vegan-and-plant-based
475112,727769,Vivera Vegetarische kaas schnitzel,Vivera,vegetarisch-vegan-en-plantaardig,"Vegetarisch, vegan en plantaardig",Vegetarische schnitzel,3.29,3.29,,,,,150 g,prijs per kg €21.93,False,,,,,E,True,AH,https://www.ah.nl/producten/product/wi475112,2026-07-28,Vivera Vegetarian cheese schnitzel,vegetarian-vegan-and-plant-based
622372,0,AH Terra Hummus zongedroogde tomaat 3-pack,AH Terra,vegetarisch-vegan-en-plantaardig,"Vegetarisch, vegan en plantaardig",Hummus met smaakje,6.48,7.47,13.3,pakketkorting,,,3 stuks,,True,AHOO,,2026-07-28,2026-08-02,,True,AH,https://www.ah.nl/producten/product/wi622372,2026-07-28,AH Terra Hummus sun-dried tomato 3-pack,vegetarian-vegan-and-plant-based
622373,0,AH Terra Hummus zongedroogde tomaat 4-pack,AH Terra,vegetarisch-vegan-en-plantaardig,"Vegetarisch, vegan en plantaardig",Hummus met smaakje,7.98,9.96,19.9,pakketkorting,,,4 stuks,,True,AHOO,,2026-07-28,2026-08-02,,True,AH,https://www.ah.nl/producten/product/wi622373,2026-07-28,AH Terra Hummus sun-dried tomato 4-pack,vegetarian-vegan-and-plant-based
236488,828959,Heinz Sandwich spread naturel,Heinz,vegetarisch-vegan-en-plantaardig,"Vegetarisch, vegan en plantaardig",Vegetarische spreads,2.39,2.39,,,,,450 g,prijs per kg €5.31,False,,,,,D,True,AH,https://www.ah.nl/producten/product/wi236488,2026-07-28,Heinz Sandwich spread natural,vegetarian-vegan-and-plant-based
169919,751733,Alpro Plantaardig variatie blauwe bosbes,Alpro,vegetarisch-vegan-en-plantaardig,"Vegetarisch, vegan en plantaardig",Plantaardige yoghurt met smaak,2.69,2.69,,,,,500 g,prijs per kg €5.38,False,,,,,B,True,AH,https://www.ah.nl/producten/product/wi169919,2026-07-28,Alpro Plantaardig variatie blauwe bosbes,vegetarian-vegan-and-plant-based
54074,508672,AH Komkommer,AH,groente-aardappelen,"Groente, aardappelen",Komkommer,0.99,0.99,,,,,per stuk,,False,,,,,A,True,AH,https://www.ah.nl/producten/product/wi54074,2026-07-28,AH Cucumber,vegetable potatoes
4117,646784,AH Paprika rood,AH,groente-aardappelen,"Groente, aardappelen",Paprika,0.99,0.99,,,,,per stuk,,False,,,,,A,True,AH,https://www.ah.nl/producten/product/wi4117,2026-07-28,AH Paprika rood,vegetable potatoes
4164,21003,AH Courgette,AH,groente-aardappelen,"Groente, aardappelen",Courgette,0.95,0.95,,,,,per stuk,,False,,,,,A,True,AH,https://www.ah.nl/producten/product/wi4164,2026-07-28,AH Zucchini,vegetable potatoes
101130,529604,AH Biologisch Komkommer,AH Biologisch,groente-aardappelen,"Groente, aardappelen",Komkommer,1.65,1.65,,,,,per stuk,,False,,,,,A,True,AH,https://www.ah.nl/producten/product/wi101130,2026-07-28,AH Organic Cucumber,vegetable potatoes
4177,582666,AH Broccoli,AH,groente-aardappelen,"Groente, aardappelen",Broccoli,1.35,1.35,,,,,500 g,prijs per kg €2.70,False,,,,,A,True,AH,https://www.ah.nl/producten/product/wi4177,2026-07-28,AH Broccoli,vegetable potatoes
41194,21006,AH Paprika mix,AH,groente-aardappelen,"Groente, aardappelen",Paprika,1.99,1.99,,,,,3 stuks,,False,,,,,A,True,AH,https://www.ah.nl/producten/product/wi41194,2026-07-28,AH Paprika mix,vegetable potatoes
169797,597702,AH Avocado,AH,groente-aardappelen,"Groente, aardappelen",Avocado,1.39,1.39,,,,,per stuk,,False,,,,,A,True,AH,https://www.ah.nl/producten/product/wi169797,2026-07-28,AH Avocado,vegetable potatoes
129400,571118,AH Avocado eetrijp,AH,groente-aardappelen,"Groente, aardappelen",Avocado,2.99,2.99,,,,,2 stuks,,False,,,,,A,True,AH,https://www.ah.nl/producten/product/wi129400,2026-07-28,AH Avocado ready to eat,vegetable potatoes
4137,36597,AH Cherrytomaten,AH,groente-aardappelen,"Groente, aardappelen",Tomaten,1.19,1.19,,,,,250 g,prijs per kg €4.76,False,,,,,A,True,AH,https://www.ah.nl/producten/product/wi4137,2026-07-28,AH Cherrytomaten,vegetable potatoes
171425,767852,AH Prei,AH,groente-aardappelen,"Groente, aardappelen",Prei,0.69,0.69,,,,,per stuk,,False,,,,,A,True,AH,https://www.ah.nl/producten/product/wi171425,2026-07-28,AH Leek,vegetable potatoes
471641,723890,AH Snoepgroente tomaat,AH,groente-aardappelen,"Groente, aardappelen",Snoepgroente,3.29,3.29,,,,,500 g,prijs per kg €6.58,False,,,,,A,True,AH,https://www.ah.nl/producten/product/wi471641,2026-07-28,AH Candy vegetable tomato,vegetable potatoes
169813,599987,AH Bosui,AH,groente-aardappelen,"Groente, aardappelen",Ui,0.99,0.99,,,,,per bosje,,False,,,,,A,True,AH,https://www.ah.nl/producten/product/wi169813,2026-07-28,AH Spring onion,vegetable potatoes
4180,809016,AH Aubergine,AH,groente-aardappelen,"Groente, aardappelen",Aubergine,0.99,0.99,,,,,per stuk,,False,,,,,A,True,AH,https://www.ah.nl/producten/product/wi4180,2026-07-28,AH Aubergine,vegetable potatoes
502305,819328,AH Snoepgroente komkommer,AH,groente-aardappelen,"Groente, aardappelen",Snoepgroente,1.6667,2.19,23.9,3 voor 5.00,5.0,3.0,230 g,normale prijs per kg €9.52,True,AH,3 voor 5.00,2026-07-27,2026-08-02,A,True,AH,https://www.ah.nl/producten/product/wi502305,2026-07-28,AH Candy vegetable cucumber,vegetable potatoes
111767,555634,AH Rucola,AH,groente-aardappelen,"Groente, aardappelen",Sla,1.09,1.09,,,,,85 g,prijs per kg €12.82,False,,,,,A,True,AH,https://www.ah.nl/producten/product/wi111767,2026-07-28,AH Rucola,vegetable potatoes
193247,794420,AH Fijngesneden ijsbergsla,AH,groente-aardappelen,"Groente, aardappelen",Sla,0.99,0.99,,,,,100 g,prijs per kg €9.90,False,,,,,A,True,AH,https://www.ah.nl/producten/product/wi193247,2026-07-28,AH Finely chopped iceberg lettuce,vegetable potatoes
4183,20960,AH Bloemkool,AH,groente-aardappelen,"Groente, aardappelen",Bloemkool,1.99,1.99,,,,,per stuk,,False,,,,,A,True,AH,https://www.ah.nl/producten/product/wi4183,2026-07-28,AH Bloemkool,vegetable potatoes
123864,501842,AH Tasty Tom trostomaten,AH,groente-aardappelen,"Groente, aardappelen",Tomaten,2.79,2.79,,,,,380 g,prijs per kg €7.34,False,,,,,A,True,AH,https://www.ah.nl/producten/product/wi123864,2026-07-28,AH Tasty Tom vine tomatoes,vegetable potatoes
165583,596488,AH Sweet cherry cherrytomaten,AH,groente-aardappelen,"Groente, aardappelen",Tomaten,2.89,2.89,,,,,250 g,prijs per kg €11.56,False,,,,,A,True,AH,https://www.ah.nl/producten/product/wi165583,2026-07-28,AH Sweet cherry cherry tomatoes,vegetable potatoes
238834,831963,AH Witlof,AH,groente-aardappelen,"Groente, aardappelen",Witlof en roodlof,2.29,2.29,,,,,4 stuks,,False,,,,,A,True,AH,https://www.ah.nl/producten/product/wi238834,2026-07-28,AH Witlof,vegetable potatoes
4099,20952,AH Ijsbergsla,AH,groente-aardappelen,"Groente, aardappelen",Sla,1.09,1.09,,,,,per stuk,,False,,,,,A,True,AH,https://www.ah.nl/producten/product/wi4099,2026-07-28,AH Iceberg lettuce,vegetable potatoes
129684,583659,AH IJsbergsla,AH,groente-aardappelen,"Groente, aardappelen",Sla,1.09,1.09,,,,,200 g,prijs per kg €5.45,False,,,,,A,True,AH,https://www.ah.nl/producten/product/wi129684,2026-07-28,AH Iceberg lettuce,vegetable potatoes
4088,582662,AH Tomaten,AH,groente-aardappelen,"Groente, aardappelen",Tomaten,1.79,1.79,,,,,500 g,prijs per kg €3.58,False,,,,,A,True,AH,https://www.ah.nl/producten/product/wi4088,2026-07-28,AH Tomatoes,vegetable potatoes
611642,67842,AH Basilicum,AH,groente-aardappelen,"Groente, aardappelen",Verse kruiden,1.19,1.19,,,,,22 g,prijs per kg €54.09,False,,,,,A,True,AH,https://www.ah.nl/producten/product/wi611642,2026-07-28,AH Basil,vegetable potatoes
96049,549729,AH Iets kruimige aardappel,AH,groente-aardappelen,"Groente, aardappelen",Iets kruimige aardappelen,3.99,3.99,,,,,3 kg,prijs per kg €1.33,False,,,,,B,True,AH,https://www.ah.nl/producten/product/wi96049,2026-07-28,AH Slightly floury potato,vegetable potatoes
389076,845953,AH Biologisch Trostomaten,AH Biologisch,groente-aardappelen,"Groente, aardappelen",Tomaten,2.99,2.99,,,,,500 g,prijs per kg €5.98,False,,,,,A,True,AH,https://www.ah.nl/producten/product/wi389076,2026-07-28,AH Organic Vine tomatoes,vegetable potatoes
185202,780552,AH Biologisch Courgette,AH Biologisch,groente-aardappelen,"Groente, aardappelen",Courgette,1.19,1.19,,,,,per stuk,,False,,,,,A,True,AH,https://www.ah.nl/producten/product/wi185202,2026-07-28,AH Organic Zucchini,vegetable potatoes
123865,526638,AH Sweet palermo rode puntpaprika,AH,groente-aardappelen,"Groente, aardappelen",Paprika,0.995,1.69,41.1,2 voor 1.99,1.99,2.0,2 stuks,,True,AH,2 voor 1.99,2026-07-27,2026-08-02,A,True,AH,https://www.ah.nl/producten/product/wi123865,2026-07-28,AH Sweet palermo red pointed pepper,vegetable potatoes
4169,21012,AH Witte champignons,AH,groente-aardappelen,"Groente, aardappelen",Champignons,1.25,1.25,,,,,250 g,prijs per kg €5.00,False,,,,,A,True,AH,https://www.ah.nl/producten/product/wi4169,2026-07-28,AH Witte champignons,vegetable potatoes
4160,21023,AH Knoflook,AH,groente-aardappelen,"Groente, aardappelen",Knoflook,1.45,1.45,,,,,2 stuks,,False,,,,,A,True,AH,https://www.ah.nl/producten/product/wi4160,2026-07-28,AH Garlic,vegetable potatoes
4102,582663,AH Sperziebonen,AH,groente-aardappelen,"Groente, aardappelen",Sperziebonen,2.79,2.79,,,,,500 g,prijs per kg €5.58,False,,,,,A,True,AH,https://www.ah.nl/producten/product/wi4102,2026-07-28,AH Green beans,vegetable potatoes
4083,20988,AH Gele uien,AH,groente-aardappelen,"Groente, aardappelen",Ui,1.65,1.65,,,,,1 kg,prijs per kg €1.65,False,,,,,A,True,AH,https://www.ah.nl/producten/product/wi4083,2026-07-28,AH Gele uien,vegetable potatoes
104818,526617,AH Biologisch Gember,AH Biologisch,groente-aardappelen,"Groente, aardappelen",Gember en pepers,2.19,2.19,,,,,150 g,prijs per kg €14.60,False,,,,,A,True,AH,https://www.ah.nl/producten/product/wi104818,2026-07-28,AH Biologisch Gember,vegetable potatoes
198690,583615,AH Mini krieltjes,AH,groente-aardappelen,"Groente, aardappelen",Krieltjes geschild,0.89,1.19,25.2,voor 0.89,0.89,,600 g,normale prijs per kg €1.98,True,AH,VOOR 0.89,2026-07-27,2026-08-02,A,True,AH,https://www.ah.nl/producten/product/wi198690,2026-07-28,AH Mini krieltjes,vegetable potatoes
128148,583663,AH Geschrapte worteltjes grootverpakking,AH,groente-aardappelen,"Groente, aardappelen",Wortel en peen,1.79,1.79,,,,,500 g,prijs per kg €3.58,False,,,,,A,True,AH,https://www.ah.nl/producten/product/wi128148,2026-07-28,AH Scraped carrots in bulk packaging,vegetable potatoes
394821,846713,AH Snoepgroente worteltjes,AH,groente-aardappelen,"Groente, aardappelen",Snoepgroente,0.99,0.99,,,,,150 g,prijs per kg €6.60,False,,,,,A,True,AH,https://www.ah.nl/producten/product/wi394821,2026-07-28,AH Candy vegetable carrots,vegetable potatoes
525254,747629,AH Mini krieltjes bistro,AH,groente-aardappelen,"Groente, aardappelen",Krieltjes geschild,1.09,1.09,,,,,450 g,prijs per kg €2.42,False,,,,,B,True,AH,https://www.ah.nl/producten/product/wi525254,2026-07-28,AH Mini krieltjes bistro,vegetable potatoes
41080,91082,AH Roerbakgroente Italiaans,AH,groente-aardappelen,"Groente, aardappelen",Roerbakgroente,2.29,2.29,,,,,400 g,prijs per kg €5.73,False,,,,,A,True,AH,https://www.ah.nl/producten/product/wi41080,2026-07-28,AH Italian stir-fry vegetables,vegetable potatoes
490796,745269,AH Snoepgroente tomaat,AH,groente-aardappelen,"Groente, aardappelen",Snoepgroente,1.6667,2.29,27.2,3 voor 5.00,5.0,3.0,250 g,normale prijs per kg €9.16,True,AH,3 voor 5.00,2026-07-27,2026-08-02,A,True,AH,https://www.ah.nl/producten/product/wi490796,2026-07-28,AH Candy vegetable tomato,vegetable potatoes
425999,692778,AH Biologisch Zoete puntpaprika,AH Biologisch,groente-aardappelen,"Groente, aardappelen",Paprika,2.99,2.99,,,,,2 stuks,,False,,,,,A,True,AH,https://www.ah.nl/producten/product/wi425999,2026-07-28,AH Biologisch Zoete puntpaprika,vegetable potatoes
99036,538981,AH Winterpeen,AH,groente-aardappelen,"Groente, aardappelen",Wortel en peen,0.35,0.35,,,,,per stuk,,False,,,,,A,True,AH,https://www.ah.nl/producten/product/wi99036,2026-07-28,AH Winter carrot,vegetable potatoes
455430,711407,AH Finest Red Nederlandse trostomaten,AH,groente-aardappelen,"Groente, aardappelen",Tomaten,2.49,2.49,,,,,450 g,prijs per kg €5.53,False,,,,,A,True,AH,https://www.ah.nl/producten/product/wi455430,2026-07-28,AH Finest Red Dutch vine tomatoes,vegetable potatoes
221495,815501,AH Wortelen,AH,groente-aardappelen,"Groente, aardappelen",Wortel en peen,1.29,1.29,,,,,500 g,prijs per kg €2.58,False,,,,,A,True,AH,https://www.ah.nl/producten/product/wi221495,2026-07-28,AH Carrots,vegetable potatoes
502389,813914,AH Biologisch Snoepgroente tomaat,AH Biologisch,groente-aardappelen,"Groente, aardappelen",Snoepgroente,3.99,3.99,,,,,400 g,prijs per kg €9.98,False,,,,,A,True,AH,https://www.ah.nl/producten/product/wi502389,2026-07-28,AH Organic Candy vegetable tomato,vegetable potatoes
395946,847344,AH Sperziebonen,AH,groente-aardappelen,"Groente, aardappelen",Sperziebonen,2.39,2.39,,,,,400 g,prijs per kg €5.98,False,,,,,A,True,AH,https://www.ah.nl/producten/product/wi395946,2026-07-28,AH Green beans,vegetable potatoes
415248,686902,AH Biologisch Paprika duo,AH Biologisch,groente-aardappelen,"Groente, aardappelen",Paprika,2.99,2.99,,,,,2 stuks,,False,,,,,A,True,AH,https://www.ah.nl/producten/product/wi415248,2026-07-28,AH Organic Paprika duo,vegetable potatoes
481844,736631,AH Tomaten passata gezeefd,AH,groente-aardappelen,"Pasta, rijst, wereldkeuken","Gezeefde tomaten, frito, passata",0.75,0.75,,,,,500 g,prijs per kg €1.50,False,,,,,A,True,AH,https://www.ah.nl/producten/product/wi481844,2026-07-28,AH Tomato passata sieved,vegetable potatoes
567548,0,AH Groene pesto 4-pack,AH,groente-aardappelen,"Soepen, sauzen, kruiden, olie",Kappertjes,10.76,11.96,10.0,10% volume voordeel,,,4 stuks,,True,AHOO,10% volume voordeel,2026-07-28,2999-12-31,,True,AH,https://www.ah.nl/producten/product/wi567548,2026-07-28,AH Green pesto 4-pack,vegetable potatoes
466127,715890,AH Biologisch Broccoli,AH Biologisch,groente-aardappelen,"Groente, aardappelen",Broccoli,2.79,2.79,,,,,per stuk,,False,,,,,A,True,AH,https://www.ah.nl/producten/product/wi466127,2026-07-28,AH Organic Broccoli,vegetable potatoes
2226,80364,AH Tomatenpuree,AH,groente-aardappelen,"Pasta, rijst, wereldkeuken",Tomatenpuree,0.49,0.49,,,,,70 g,prijs per kg €7.00,False,,,,,A,True,AH,https://www.ah.nl/producten/product/wi2226,2026-07-28,AH Tomato Puree,vegetable potatoes
395960,847359,AH Spinazie,AH,groente-aardappelen,"Groente, aardappelen",Spinazie (vers),2.19,2.19,,,,,450 g,prijs per kg €4.87,False,,,,,A,True,AH,https://www.ah.nl/producten/product/wi395960,2026-07-28,AH Spinach,vegetable potatoes
525847,738410,AH Gele uien,AH,groente-aardappelen,"Groente, aardappelen",Ui,1.09,1.09,,,,,3 stuks,,False,,,,,A,True,AH,https://www.ah.nl/producten/product/wi525847,2026-07-28,AH Gele uien,vegetable potatoes
155600,622991,AH Aardappelschijfjes,AH,groente-aardappelen,"Groente, aardappelen",Aardappelschijfjes,0.89,1.19,25.2,voor 0.89,0.89,,600 g,normale prijs per kg €1.98,True,AH,VOOR 0.89,2026-07-27,2026-08-02,A,True,AH,https://www.ah.nl/producten/product/wi155600,2026-07-28,AH Potato slices,vegetable potatoes
111781,563896,AH Geschrapte worteltjes,AH,groente-aardappelen,"Groente, aardappelen",Wortel en peen,1.29,1.29,,,,,300 g,prijs per kg €4.30,False,,,,,A,True,AH,https://www.ah.nl/producten/product/wi111781,2026-07-28,AH Scraped carrots,vegetable potatoes
127259,559681,AH Snijbonen,AH,groente-aardappelen,"Groente, aardappelen",Snijbonen,2.59,2.59,,,,,400 g,prijs per kg €6.48,False,,,,,A,True,AH,https://www.ah.nl/producten/product/wi127259,2026-07-28,AH String beans,vegetable potatoes
107685,534133,AH Romaatjes,AH,groente-aardappelen,"Groente, aardappelen",Tomaten,2.19,2.19,,,,,250 g,prijs per kg €8.76,False,,,,,A,True,AH,https://www.ah.nl/producten/product/wi107685,2026-07-28,AH Romaatjes,vegetable potatoes
67874,537853,AH Roma tomaten,AH,groente-aardappelen,"Groente, aardappelen",Tomaten,2.89,2.89,,,,,750 g,prijs per kg €3.85,False,,,,,A,True,AH,https://www.ah.nl/producten/product/wi67874,2026-07-28,AH Roma tomatoes,vegetable potatoes
395948,847346,AH Spinazie kleinverpakking,AH,groente-aardappelen,"Groente, aardappelen",Spinazie (vers),1.245,1.69,26.3,2 voor 2.49,2.49,2.0,200 g,normale prijs per kg €8.45,True,AH,2 voor 2.49,2026-07-27,2026-08-02,A,True,AH,https://www.ah.nl/producten/product/wi395948,2026-07-28,AH Spinach small package,vegetable potatoes
368705,834546,AH Paprika geel,AH,groente-aardappelen,"Groente, aardappelen",Paprika,1.09,1.09,,,,,per stuk,,False,,,,,A,True,AH,https://www.ah.nl/producten/product/wi368705,2026-07-28,AH Paprika yellow,vegetable potatoes
561136,581596,AH Biologisch Winterpeen,AH Biologisch,groente-aardappelen,"Groente, aardappelen",Wortel en peen,1.39,1.39,,,,,750 g,prijs per kg €1.85,False,,,,,A,True,AH,https://www.ah.nl/producten/product/wi561136,2026-07-28,AH Organic Winter Carrots,vegetable potatoes
615295,0,AH Spinazie kleinverpakking 2-pack,AH,groente-aardappelen,"Groente, aardappelen",Spinazie (vers),2.49,3.38,26.3,pakketkorting,,,2 stuks,,True,AHOO,,2026-07-28,2026-08-02,,True,AH,https://www.ah.nl/producten/product/wi615295,2026-07-28,AH Spinazie kleinverpakking 2-pack,vegetable potatoes
615296,0,AH Spinazie kleinverpakking 3-pack,AH,groente-aardappelen,"Groente, aardappelen",Spinazie (vers),4.18,5.07,17.6,pakketkorting,,,3 stuks,,True,AHOO,,2026-07-28,2026-08-02,,True,AH,https://www.ah.nl/producten/product/wi615296,2026-07-28,AH Spinach small package 3-pack,vegetable potatoes
490280,744328,AH Rode uien,AH,groente-aardappelen,"Groente, aardappelen",Ui,1.09,1.09,,,,,3 stuks,,False,,,,,A,True,AH,https://www.ah.nl/producten/product/wi490280,2026-07-28,AH Red onions,vegetable potatoes
579310,22924,AH Sweet palermo rode puntpaprika,AH,groente-aardappelen,"Groente, aardappelen",Paprika,3.29,3.29,,,,,500 g,prijs per kg €6.58,False,,,,,A,True,AH,https://www.ah.nl/producten/product/wi579310,2026-07-28,AH Sweet palermo red pointed pepper,vegetable potatoes
111388,549733,AH Iets kruimige aardappelen,AH,groente-aardappelen,"Groente, aardappelen",Iets kruimige aardappelen,1.49,1.49,,,,,1 kg,prijs per kg €1.49,False,,,,,B,True,AH,https://www.ah.nl/producten/product/wi111388,2026-07-28,AH Slightly floury potatoes,vegetable potatoes
449311,708785,AH Biologisch Baby romaine,AH Biologisch,groente-aardappelen,"Groente, aardappelen",Sla,2.29,2.29,,,,,2 stuks,,False,,,,,A,True,AH,https://www.ah.nl/producten/product/wi449311,2026-07-28,AH Organic Baby romaine,vegetable potatoes
167873,644793,AH Terra Kikkererwten,AH Terra,groente-aardappelen,"Soepen, sauzen, kruiden, olie",Kikkererwten,0.99,0.99,,,,,400 g,prijs per kg €3.74,False,,,,,A,True,AH,https://www.ah.nl/producten/product/wi167873,2026-07-28,AH Terra Chickpeas,vegetable potatoes
387770,845187,AH Rode peper,AH,groente-aardappelen,"Groente, aardappelen",Gember en pepers,0.49,0.49,,,,,per stuk,,False,,,,,A,True,AH,https://www.ah.nl/producten/product/wi387770,2026-07-28,AH Red pepper,vegetable potatoes
164358,636033,AH Oranje zoete aardappel,AH,groente-aardappelen,"Groente, aardappelen",Zoete aardappelen,3.39,3.39,,,,,1 kg,prijs per kg €3.39,False,,,,,B,True,AH,https://www.ah.nl/producten/product/wi164358,2026-07-28,AH Orange sweet potato,vegetable potatoes
114589,517459,AH Biologisch Avocado,AH Biologisch,groente-aardappelen,"Groente, aardappelen",Avocado,2.99,2.99,,,,,2 stuks,,False,,,,,A,True,AH,https://www.ah.nl/producten/product/wi114589,2026-07-28,AH Organic Avocado,vegetable potatoes
502289,818887,AH Snoepgroente paprikamix,AH,groente-aardappelen,"Groente, aardappelen",Snoepgroente,1.6667,2.29,27.2,3 voor 5.00,5.0,3.0,175 g,normale prijs per kg €13.09,True,AH,3 voor 5.00,2026-07-27,2026-08-02,A,True,AH,https://www.ah.nl/producten/product/wi502289,2026-07-28,AH Candy vegetable pepper mix,vegetable potatoes
67907,540287,AH Krieltjes,AH,groente-aardappelen,"Groente, aardappelen",Krieltjes geschild,1.09,1.09,,,,,500 g,prijs per kg €2.18,False,,,,,B,True,AH,https://www.ah.nl/producten/product/wi67907,2026-07-28,AH Krieltjes,vegetable potatoes
465601,714549,AH Snoepgroente tomaat,AH,groente-aardappelen,"Groente, aardappelen",Snoepgroente,5.99,5.99,,,,,1 kg,prijs per kg €5.99,False,,,,,A,True,AH,https://www.ah.nl/producten/product/wi465601,2026-07-28,AH Candy vegetable tomato,vegetable potatoes
3840,46102,AH IJsbergsla melange,AH,groente-aardappelen,"Groente, aardappelen",Sla,1.39,1.39,,,,,200 g,prijs per kg €6.95,False,,,,,A,True,AH,https://www.ah.nl/producten/product/wi3840,2026-07-28,AH Iceberg lettuce blend,vegetable potatoes
800,48118,AH Maiskorrels fris en knapperig,AH,groente-aardappelen,"Soepen, sauzen, kruiden, olie",Mais conserven,1.19,1.19,,,,,340 g,prijs per kg €4.18,False,,,,,A,True,AH,https://www.ah.nl/producten/product/wi800,2026-07-28,AH Corn kernels fresh and crunchy,vegetable potatoes
482757,737742,AH Aardappelen kruimig,AH,groente-aardappelen,"Groente, aardappelen",Stamppot aardappelen,1.49,1.49,,,,,800 g,prijs per kg €1.86,False,,,,,B,True,AH,https://www.ah.nl/producten/product/wi482757,2026-07-28,AH Potatoes floury,vegetable potatoes
418283,689618,AH Roerbakgroente Italiaans fijngesneden,AH,groente-aardappelen,"Groente, aardappelen",Roerbakgroente,2.99,2.99,,,,,400 g,prijs per kg €7.48,False,,,,,A,True,AH,https://www.ah.nl/producten/product/wi418283,2026-07-28,AH Roerbakgroente Italiaans fijngesneden,vegetable potatoes
30428,83690,AH Terra Kidneybonen,AH Terra,groente-aardappelen,"Soepen, sauzen, kruiden, olie",Kidney bonen,0.65,0.65,,,,,400 g,prijs per kg €2.60,False,,,,,A,True,AH,https://www.ah.nl/producten/product/wi30428,2026-07-28,AH Terra Kidney beans,vegetable potatoes
235203,828280,AH Biologisch Spinazie,AH Biologisch,groente-aardappelen,"Groente, aardappelen",Spinazie (vers),2.79,2.79,,,,,200 g,prijs per kg €13.95,False,,,,,A,True,AH,https://www.ah.nl/producten/product/wi235203,2026-07-28,AH Organic Spinach,vegetable potatoes
439146,70928,AH Rode uien,AH,groente-aardappelen,"Groente, aardappelen",Ui,1.39,1.39,,,,,1 kg,prijs per kg €1.39,False,,,,,A,True,AH,https://www.ah.nl/producten/product/wi439146,2026-07-28,AH Red onions,vegetable potatoes
476241,729095,AH Mini krieltjes,AH,groente-aardappelen,"Groente, aardappelen",Krieltjes geschild,0.95,0.95,,,,,450 g,prijs per kg €2.11,False,,,,,A,True,AH,https://www.ah.nl/producten/product/wi476241,2026-07-28,AH Mini krieltjes,vegetable potatoes
128874,537135,AH Biologisch Paprika rood,AH Biologisch,groente-aardappelen,"Groente, aardappelen",Paprika,1.45,1.45,,,,,per stuk,,False,,,,,A,True,AH,https://www.ah.nl/producten/product/wi128874,2026-07-28,AH Organic Red Paprika,vegetable potatoes
238971,831603,AH Platte peterselie,AH,groente-aardappelen,"Groente, aardappelen",Verse kruiden,1.19,1.19,,,,,15 g,prijs per kg €79.33,False,,,,,A,True,AH,https://www.ah.nl/producten/product/wi238971,2026-07-28,AH Flat parsley,vegetable potatoes
218641,813831,AH Biologisch Rode bieten gekookt,AH Biologisch,groente-aardappelen,"Groente, aardappelen",Rode bieten,1.19,1.75,32.0,voor 1.19,1.19,,500 g,normale prijs per kg €3.50,True,AH,VOOR 1.19,2026-07-27,2026-08-02,A,True,AH,https://www.ah.nl/producten/product/wi218641,2026-07-28,AH Organic Boiled beetroot,vegetable potatoes
441049,704657,AH Radijs,AH,groente-aardappelen,"Groente, aardappelen",Radijs,0.79,0.79,,,,,200 g,prijs per kg €3.95,False,,,,,A,True,AH,https://www.ah.nl/producten/product/wi441049,2026-07-28,AH Radish,vegetable potatoes
62661,526266,AH Rucola slamelange,AH,groente-aardappelen,"Groente, aardappelen",Sla,1.39,1.39,,,,,75 g,prijs per kg €18.53,False,,,,,A,True,AH,https://www.ah.nl/producten/product/wi62661,2026-07-28,AH Arugula salad mix,vegetable potatoes
185774,521755,AH Biologisch Knoflook,AH Biologisch,groente-aardappelen,"Groente, aardappelen",Knoflook,1.45,1.45,,,,,100 g,prijs per kg €14.50,False,,,,,A,True,AH,https://www.ah.nl/producten/product/wi185774,2026-07-28,AH Organic Garlic,vegetable potatoes
104817,510567,AH Peen julienne,AH,groente-aardappelen,"Groente, aardappelen",Wortel en peen,1.19,1.19,,,,,150 g,prijs per kg €7.93,False,,,,,A,True,AH,https://www.ah.nl/producten/product/wi104817,2026-07-28,AH Peen julienne,vegetable potatoes
230848,817389,AH Sperziebonen kleinverpakking,AH,groente-aardappelen,"Groente, aardappelen",Sperziebonen,1.245,1.99,37.4,2 voor 2.49,2.49,2.0,200 g,normale prijs per kg €9.95,True,AH,2 voor 2.49,2026-07-27,2026-08-02,A,True,AH,https://www.ah.nl/producten/product/wi230848,2026-07-28,AH Green beans small package,vegetable potatoes
615293,0,AH Sperziebonen kleinverpakking 2-pack,AH,groente-aardappelen,"Groente, aardappelen",Sperziebonen,2.49,3.98,37.4,pakketkorting,,,2 stuks,,True,AHOO,,2026-07-28,2026-08-02,,True,AH,https://www.ah.nl/producten/product/wi615293,2026-07-28,AH Green beans small package 2-pack,vegetable potatoes
382984,842312,AH Kropsla,AH,groente-aardappelen,"Groente, aardappelen",Sla,0.95,0.95,,,,,per stuk,,False,,,,,A,True,AH,https://www.ah.nl/producten/product/wi382984,2026-07-28,AH Kropsla,vegetable potatoes
509288,712412,AH Maiskorrels fris en knapperig 3-pack,AH,groente-aardappelen,"Soepen, sauzen, kruiden, olie",Mais conserven,1.99,1.99,,,,,450 g,prijs per kg €14.21,False,,,,,A,True,AH,https://www.ah.nl/producten/product/wi509288,2026-07-28,AH Maiskorrels fris en knapperig 3-pack,vegetable potatoes
67593,60443,AH Veldsla,AH,groente-aardappelen,"Groente, aardappelen",Sla,1.29,1.29,,,,,85 g,prijs per kg €15.18,False,,,,,A,True,AH,https://www.ah.nl/producten/product/wi67593,2026-07-28,AH Lamb's Lettuce,vegetable potatoes
490798,745271,AH Snoepgroente komkommer,AH,groente-aardappelen,"Groente, aardappelen",Snoepgroente,3.39,3.39,,VOOR 2.49,2.49,,400 g,normale prijs per kg €8.48,True,AH,VOOR 2.49,2026-07-27,2026-08-02,A,True,AH,https://www.ah.nl/producten/product/wi490798,2026-07-28,AH Candy vegetable cucumber,vegetable potatoes
67842,535883,AH Witte champignons,AH,groente-aardappelen,"Groente, aardappelen",Champignons,1.89,1.89,,,,,400 g,prijs per kg €4.73,False,,,,,A,True,AH,https://www.ah.nl/producten/product/wi67842,2026-07-28,AH Witte champignons,vegetable potatoes
615294,0,AH Sperziebonen kleinverpakking 3-pack,AH,groente-aardappelen,"Groente, aardappelen",Sperziebonen,4.48,5.97,25.0,pakketkorting,,,3 stuks,,True,AHOO,,2026-07-28,2026-08-02,,True,AH,https://www.ah.nl/producten/product/wi615294,2026-07-28,AH Green beans small package 3-pack,vegetable potatoes
494452,749690,AH Nasi groente,AH,groente-aardappelen,"Groente, aardappelen",Wokgroente,1.89,1.89,,,,,450 g,prijs per kg €4.20,False,,,,,A,True,AH,https://www.ah.nl/producten/product/wi494452,2026-07-28,AH Nasi groente,vegetable potatoes
4076,92890,AH Winterpeen,AH,groente-aardappelen,"Groente, aardappelen",Wortel en peen,1.39,1.39,,,,,1 kg,prijs per kg €1.39,False,,,,,A,True,AH,https://www.ah.nl/producten/product/wi4076,2026-07-28,AH Winter carrot,vegetable potatoes
494448,749686,AH Macaroni spaghetti groente,AH,groente-aardappelen,"Groente, aardappelen",Roerbakgroente,1.89,1.89,,,,,450 g,prijs per kg €4.20,False,,,,,A,True,AH,https://www.ah.nl/producten/product/wi494448,2026-07-28,AH Macaroni spaghetti vegetable,vegetable potatoes
4178,20948,AH Bleekselderij,AH,groente-aardappelen,"Groente, aardappelen",Bleekselderij,1.49,1.49,,,,,per stuk,,False,,,,,A,True,AH,https://www.ah.nl/producten/product/wi4178,2026-07-28,AH Bleekselderij,vegetable potatoes
476742,730437,AH Biologisch Rucola,AH Biologisch,groente-aardappelen,"Groente, aardappelen",Sla,1.39,1.39,,,,,40 g,prijs per kg €34.75,False,,,,,A,True,AH,https://www.ah.nl/producten/product/wi476742,2026-07-28,AH Organic Arugula,vegetable potatoes
215683,809213,AH Krieltjes vastkokend,AH,groente-aardappelen,"Groente, aardappelen",Krieltjes ongeschild,2.39,2.39,,,,,1 kg,prijs per kg €2.39,False,,,,,B,True,AH,https://www.ah.nl/producten/product/wi215683,2026-07-28,AH Baby potatoes waxy cooking,vegetable potatoes
186650,787633,AH Biologisch Prei,AH Biologisch,groente-aardappelen,"Groente, aardappelen",Prei,0.99,0.99,,,,,per stuk,,False,,,,,A,True,AH,https://www.ah.nl/producten/product/wi186650,2026-07-28,AH Organic Leek,vegetable potatoes
127590,583138,AH Bospeen,AH,groente-aardappelen,"Groente, aardappelen",Wortel en peen,1.69,1.69,,,,,per bos,,False,,,,,A,True,AH,https://www.ah.nl/producten/product/wi127590,2026-07-28,AH Bospeen,vegetable potatoes
611645,67845,AH Munt grootverpakking,AH,groente-aardappelen,"Groente, aardappelen",Verse kruiden,1.99,1.99,,,,,75 g,prijs per kg €26.53,False,,,,,A,True,AH,https://www.ah.nl/producten/product/wi611645,2026-07-28,AH Munt bulk packaging,vegetable potatoes
378632,839779,Heinz Tomato frito original,Heinz,groente-aardappelen,"Pasta, rijst, wereldkeuken","Gezeefde tomaten, frito, passata",1.39,1.39,,,,,350 g,prijs per kg €3.97,False,,,,,A,True,AH,https://www.ah.nl/producten/product/wi378632,2026-07-28,Heinz Tomato frito original,vegetable potatoes
436200,700218,Looye Honingtomaten,Looye,groente-aardappelen,"Groente, aardappelen",Tomaten,3.99,3.99,,,,,180 g,prijs per kg €22.17,False,,,,,A,True,AH,https://www.ah.nl/producten/product/wi436200,2026-07-28,Looye Honingtomaten,vegetable potatoes
520805,886718,AH Snoepgroente tomatenmix,AH,groente-aardappelen,"Groente, aardappelen",Snoepgroente,1.6667,2.29,27.2,3 voor 5.00,5.0,3.0,250 g,normale prijs per kg €9.16,True,AH,3 voor 5.00,2026-07-27,2026-08-02,A,True,AH,https://www.ah.nl/producten/product/wi520805,2026-07-28,AH Candy vegetable tomato mix,vegetable potatoes
497411,798683,AH Mini krieltjes BBQ,AH,groente-aardappelen,"Groente, aardappelen",Krieltjes geschild,0.89,1.29,31.0,voor 0.89,0.89,,600 g,normale prijs per kg €2.15,True,AH,VOOR 0.89,2026-07-27,2026-08-02,B,True,AH,https://www.ah.nl/producten/product/wi497411,2026-07-28,AH Mini baby potatoes BBQ,vegetable potatoes
41203,77602,AH Kastanjechampignons,AH,groente-aardappelen,"Groente, aardappelen",Champignons,1.95,1.95,,,,,250 g,prijs per kg €7.80,False,,,,,A,True,AH,https://www.ah.nl/producten/product/wi41203,2026-07-28,AH Chestnut mushrooms,vegetable potatoes
96050,549735,AH Vastkokende aardappelen,AH,groente-aardappelen,"Groente, aardappelen",Vastkokende aardappelen,3.99,3.99,,,,,3 kg,prijs per kg €1.33,False,,,,,B,True,AH,https://www.ah.nl/producten/product/wi96050,2026-07-28,AH Waxy potatoes,vegetable potatoes
3527,80365,AH Tomatenpuree,AH,groente-aardappelen,"Pasta, rijst, wereldkeuken",Tomatenpuree,0.69,0.69,,,,,140 g,prijs per kg €4.93,False,,,,,A,True,AH,https://www.ah.nl/producten/product/wi3527,2026-07-28,AH Tomato Puree,vegetable potatoes
101132,531327,AH Biologisch Kastanjechampignons,AH Biologisch,groente-aardappelen,"Groente, aardappelen",Champignons,2.19,2.19,,,,,250 g,prijs per kg €8.76,False,,,,,A,True,AH,https://www.ah.nl/producten/product/wi101132,2026-07-28,AH Organic Chestnut Mushrooms,vegetable potatoes
612292,0,Heinz Tomato frito original 3-pack,Heinz,groente-aardappelen,"Pasta, rijst, wereldkeuken","Gezeefde tomaten, frito, passata",3.75,4.17,10.0,10% volume voordeel,,,3 stuks,,True,AHOO,10% volume voordeel,2026-07-28,2999-12-31,,True,AH,https://www.ah.nl/producten/product/wi612292,2026-07-28,Heinz Tomato frito original 3-pack,vegetable potatoes
238969,831601,AH Munt,AH,groente-aardappelen,"Groente, aardappelen",Verse kruiden,1.19,1.19,,,,,15 g,prijs per kg €79.33,False,,,,,A,True,AH,https://www.ah.nl/producten/product/wi238969,2026-07-28,AH Munt,vegetable potatoes
462427,713320,AH Avocado,AH,groente-aardappelen,"Groente, aardappelen",Avocado,3.19,3.19,,,,,650 g,prijs per kg €4.91,False,,,,,A,True,AH,https://www.ah.nl/producten/product/wi462427,2026-07-28,AH Avocado,vegetable potatoes
169688,647499,AH Aardappelen voor de stamppot,AH,groente-aardappelen,"Groente, aardappelen",Stamppot aardappelen,1.59,1.59,,,,,600 g,prijs per kg €2.65,False,,,,,A,True,AH,https://www.ah.nl/producten/product/wi169688,2026-07-28,AH Potatoes for the stew,vegetable potatoes
238968,831600,AH Koriander,AH,groente-aardappelen,"Groente, aardappelen",Verse kruiden,1.19,1.19,,,,,15 g,prijs per kg €79.33,False,,,,,A,True,AH,https://www.ah.nl/producten/product/wi238968,2026-07-28,AH Coriander,vegetable potatoes
612294,0,Heinz Tomato frito original 6-pack,Heinz,groente-aardappelen,"Pasta, rijst, wereldkeuken","Gezeefde tomaten, frito, passata",7.09,8.34,15.0,15% volume voordeel,,,6 stuks,,True,AHOO,15% volume voordeel,2026-07-28,2999-12-31,,True,AH,https://www.ah.nl/producten/product/wi612294,2026-07-28,Heinz Tomato frito original 6-pack,vegetable potatoes
41069,91084,AH Wokgroente Chinees,AH,groente-aardappelen,"Groente, aardappelen",Wokgroente,2.39,2.39,,,,,400 g,prijs per kg €5.98,False,,,,,A,True,AH,https://www.ah.nl/producten/product/wi41069,2026-07-28,AH Chinese stir-fried vegetables,vegetable potatoes
233440,826271,AH Curry madras verspakket,AH,groente-aardappelen,"Groente, aardappelen",Ongesneden verspakketten,5.99,5.99,,,,,4 pers | 30 min,,False,,,,,B,True,AH,https://www.ah.nl/producten/product/wi233440,2026-07-28,AH Curry madras verspakket,vegetable potatoes
56338,514236,AH Andijvie fijngesneden kleinverpakking,AH,groente-aardappelen,"Groente, aardappelen",Andijvie,1.245,1.49,16.4,2 voor 2.49,2.49,2.0,250 g,normale prijs per kg €5.96,True,AH,2 voor 2.49,2026-07-27,2026-08-02,A,True,AH,https://www.ah.nl/producten/product/wi56338,2026-07-28,AH Endive finely chopped small pack,vegetable potatoes
519871,882305,AH Puntpaprika mix,AH,groente-aardappelen,"Groente, aardappelen",Paprika,3.29,3.29,,,,,4 stuks,,False,,,,,A,True,AH,https://www.ah.nl/producten/product/wi519871,2026-07-28,AH Pointed pepper mix,vegetable potatoes
615297,0,AH Wokgroente Chinees 2-pack,AH,groente-aardappelen,"Groente, aardappelen",Wokgroente,4.54,4.78,5.0,5% volume voordeel,,,2 stuks,,True,AHOO,5% volume voordeel,2026-07-28,2999-12-31,,True,AH,https://www.ah.nl/producten/product/wi615297,2026-07-28,AH Wokgroente Chinees 2-pack,vegetable potatoes
123866,549732,AH Vastkokende aardappelen,AH,groente-aardappelen,"Groente, aardappelen",Vastkokende aardappelen,1.49,1.49,,,,,1 kg,prijs per kg €1.49,False,,,,,B,True,AH,https://www.ah.nl/producten/product/wi123866,2026-07-28,AH Waxy potatoes,vegetable potatoes
615265,0,AH Andijvie fijngesneden kleinverpak 2-pack,AH,groente-aardappelen,"Groente, aardappelen",Andijvie,2.49,2.98,16.4,pakketkorting,,,2 stuks,,True,AHOO,,2026-07-28,2026-08-02,,True,AH,https://www.ah.nl/producten/product/wi615265,2026-07-28,"AH Endive finely chopped, small pack, 2-pack",vegetable potatoes
435427,46885,AH Snoepgroente worteltjes,AH,groente-aardappelen,"Groente, aardappelen",Snoepgroente,2.99,2.99,,,,,650 g,prijs per kg €4.60,False,,,,,A,True,AH,https://www.ah.nl/producten/product/wi435427,2026-07-28,AH Candy vegetable carrots,vegetable potatoes
409997,854218,AH Biologisch Bladspinazie deelblokjes,AH Biologisch,groente-aardappelen,Diepvries,Spinazie (diepvries),1.39,1.39,,,,,450 g,prijs per kg €3.09,False,,,,,A,True,AH,https://www.ah.nl/producten/product/wi409997,2026-07-28,AH Organic Leaf Spinach cubes,vegetable potatoes
615298,0,AH Wokgroente Chinees 3-pack,AH,groente-aardappelen,"Groente, aardappelen",Wokgroente,6.45,7.17,10.0,10% volume voordeel,,,3 stuks,,True,AHOO,10% volume voordeel,2026-07-28,2999-12-31,,True,AH,https://www.ah.nl/producten/product/wi615298,2026-07-28,AH Chinese stir-fry vegetables 3-pack,vegetable potatoes
475828,728736,AH Minikriel kruidenboter,AH,groente-aardappelen,"Groente, aardappelen",Krieltjes geschild,1.29,1.29,,,,,450 g,prijs per kg €2.87,False,,,,,C,True,AH,https://www.ah.nl/producten/product/wi475828,2026-07-28,AH Mini bantam herb butter,vegetable potatoes
615266,0,AH Andijvie fijngesneden kleinverpak 3-pack,AH,groente-aardappelen,"Groente, aardappelen",Andijvie,3.98,4.47,11.0,pakketkorting,,,3 stuks,,True,AHOO,,2026-07-28,2026-08-02,,True,AH,https://www.ah.nl/producten/product/wi615266,2026-07-28,"AH Endive finely chopped, small pack, 3-pack",vegetable potatoes
500621,812465,Heinz Tomato frito biologisch,Heinz,groente-aardappelen,"Pasta, rijst, wereldkeuken","Gezeefde tomaten, frito, passata",1.99,1.99,,,,,350 g,prijs per kg €5.69,False,,,,,A,True,AH,https://www.ah.nl/producten/product/wi500621,2026-07-28,Heinz Tomato frito organic,vegetable potatoes
226181,820552,AH Venkel,AH,groente-aardappelen,"Groente, aardappelen",Venkel,1.09,1.09,,,,,per stuk,,False,,,,,A,True,AH,https://www.ah.nl/producten/product/wi226181,2026-07-28,AH Fennel,vegetable potatoes
133277,596503,AH Roerbakgroente Italiaans champignons,AH,groente-aardappelen,"Groente, aardappelen",Roerbakgroente,2.29,2.29,,,,,400 g,prijs per kg €5.73,False,,,,,A,True,AH,https://www.ah.nl/producten/product/wi133277,2026-07-28,AH Stir-fry vegetables Italian mushrooms,vegetable potatoes
198386,800277,AH Tomatensoep verspakket,AH,groente-aardappelen,"Groente, aardappelen",Soeppakketten,4.79,4.79,,,,,6 pers | 30 min,,False,,,,,B,True,AH,https://www.ah.nl/producten/product/wi198386,2026-07-28,AH Tomato soup fresh package,vegetable potatoes
185200,779669,AH Gemengde salade,AH,groente-aardappelen,"Groente, aardappelen",Sla,2.69,2.69,,,,,150 g,prijs per kg €17.93,False,,,,,A,True,AH,https://www.ah.nl/producten/product/wi185200,2026-07-28,AH Mixed salad,vegetable potatoes
192851,602895,AH Bimi,AH,groente-aardappelen,"Groente, aardappelen",Broccoli,2.99,2.99,,,,,200 g,prijs per kg €14.95,False,,,,,A,True,AH,https://www.ah.nl/producten/product/wi192851,2026-07-28,AH Bimi,vegetable potatoes
611643,67843,AH Dille,AH,groente-aardappelen,"Groente, aardappelen",Verse kruiden,1.19,1.19,,,,,20 g,prijs per kg €59.50,False,,,,,A,True,AH,https://www.ah.nl/producten/product/wi611643,2026-07-28,AH Dill,vegetable potatoes
169198,559663,AH Biologisch Iets kruimige aardappelen,AH Biologisch,groente-aardappelen,"Groente, aardappelen",Iets kruimige aardappelen,2.19,2.19,,,,,1 kg,prijs per kg €2.19,False,,,,,B,True,AH,https://www.ah.nl/producten/product/wi169198,2026-07-28,AH Organic Slightly floury potatoes,vegetable potatoes
226973,821430,AH Lasagne verspakket,AH,groente-aardappelen,"Groente, aardappelen",Ongesneden verspakketten,5.99,5.99,,,,,4 pers | 25 min,,False,,,,,C,True,AH,https://www.ah.nl/producten/product/wi226973,2026-07-28,AH Lasagna fresh package,vegetable potatoes
217088,810984,AH Bakaardappeltjes,AH,groente-aardappelen,"Groente, aardappelen",Aardappelpartjes,1.09,1.09,,,,,500 g,prijs per kg €2.18,False,,,,,A,True,AH,https://www.ah.nl/producten/product/wi217088,2026-07-28,AH Baking potatoes,vegetable potatoes
67739,523224,AH Biologisch Cherrytomaten,AH Biologisch,groente-aardappelen,"Groente, aardappelen",Tomaten,2.99,2.99,,,,,250 g,prijs per kg €11.96,False,,,,,A,True,AH,https://www.ah.nl/producten/product/wi67739,2026-07-28,AH Biologisch Cherrytomaten,vegetable potatoes
186043,582453,AH Biologisch Bleekselderij,AH Biologisch,groente-aardappelen,"Groente, aardappelen",Bleekselderij,2.09,2.09,,,,,per stuk,,False,,,,,A,True,AH,https://www.ah.nl/producten/product/wi186043,2026-07-28,AH Organic Celery,vegetable potatoes
395947,847345,AH Sperziebonen grootverpakking,AH,groente-aardappelen,"Groente, aardappelen",Sperziebonen,3.49,3.49,,,,,600 g,prijs per kg €5.82,False,,,,,A,True,AH,https://www.ah.nl/producten/product/wi395947,2026-07-28,AH Green beans in bulk packaging,vegetable potatoes
914,9887,AH Augurken partysticks zoetzuur,AH,groente-aardappelen,"Soepen, sauzen, kruiden, olie",Augurken,1.15,1.15,,,,,670 g,prijs per kg €3.19,False,,,,,A,True,AH,https://www.ah.nl/producten/product/wi914,2026-07-28,AH Pickles party sticks sweet and sour,vegetable potatoes
185765,781270,AH Roerbakgroente Mexicaans,AH,groente-aardappelen,"Groente, aardappelen",Roerbakgroente,2.49,2.49,,,,,400 g,prijs per kg €6.23,False,,,,,A,True,AH,https://www.ah.nl/producten/product/wi185765,2026-07-28,AH Roerbakgroente Mexicaans,vegetable potatoes
239244,830558,AH Biologisch Aubergine,AH Biologisch,groente-aardappelen,"Groente, aardappelen",Aubergine,1.69,1.69,,,,,per stuk,,False,,,,,A,True,AH,https://www.ah.nl/producten/product/wi239244,2026-07-28,AH Biologisch Aubergine,vegetable potatoes
238965,831597,AH Bieslook,AH,groente-aardappelen,"Groente, aardappelen",Verse kruiden,1.19,1.19,,,,,25 g,prijs per kg €47.60,False,,,,,A,True,AH,https://www.ah.nl/producten/product/wi238965,2026-07-28,AH Chives,vegetable potatoes
224710,817384,AH Babyspinazie,AH,groente-aardappelen,"Groente, aardappelen",Spinazie (vers),1.39,1.39,,,,,100 g,prijs per kg €13.90,False,,,,,A,True,AH,https://www.ah.nl/producten/product/wi224710,2026-07-28,AH Baby spinach,vegetable potatoes
186629,532357,AH Biologisch Bloemkool,AH Biologisch,groente-aardappelen,"Groente, aardappelen",Bloemkool,3.29,3.29,,,,,per stuk,,False,,,,,A,True,AH,https://www.ah.nl/producten/product/wi186629,2026-07-28,AH Organic Cauliflower,vegetable potatoes
41219,88596,AH Paksoi,AH,groente-aardappelen,"Groente, aardappelen",Paksoi,1.55,1.55,,,,,per stuk,,False,,,,,A,True,AH,https://www.ah.nl/producten/product/wi41219,2026-07-28,AH Pak Choi,vegetable potatoes
525357,98278,AH Aardappel partjes provencaals gekruid,AH,groente-aardappelen,"Groente, aardappelen",Aardappelpartjes,0.89,1.49,40.3,voor 0.89,0.89,,600 g,normale prijs per kg €2.48,True,AH,VOOR 0.89,2026-07-27,2026-08-02,B,True,AH,https://www.ah.nl/producten/product/wi525357,2026-07-28,AH Potato wedges provencal seasoned,vegetable potatoes
611644,67844,AH Koriander grootverpakking,AH,groente-aardappelen,"Groente, aardappelen",Verse kruiden,1.49,1.49,,,,,50 g,prijs per kg €29.80,False,,,,,A,True,AH,https://www.ah.nl/producten/product/wi611644,2026-07-28,AH Coriander bulk packaging,vegetable potatoes
207510,802782,AH Biologisch Tomaten gepeld,AH Biologisch,groente-aardappelen,"Pasta, rijst, wereldkeuken",Gepelde tomaten,0.79,0.79,,,,,400 g,prijs per kg €1.98,False,,,,,A,True,AH,https://www.ah.nl/producten/product/wi207510,2026-07-28,AH Organic Peeled tomatoes,vegetable potatoes
123184,540286,AH Aardappelpartjes,AH,groente-aardappelen,"Groente, aardappelen",Aardappelpartjes,1.39,1.39,,,,,500 g,prijs per kg €2.78,False,,,,,B,True,AH,https://www.ah.nl/producten/product/wi123184,2026-07-28,AH Potato wedges,vegetable potatoes
168154,633950,AH Slamelange jonge bladsla veldsla,AH,groente-aardappelen,"Groente, aardappelen",Sla,1.89,1.89,,,,,100 g,prijs per kg €18.90,False,,,,,A,True,AH,https://www.ah.nl/producten/product/wi168154,2026-07-28,AH Slamelange young leaf lettuce lamb's lettuce,vegetable potatoes
395954,847353,AH Broccoli,AH,groente-aardappelen,"Groente, aardappelen",Broccoli,2.49,2.49,,,,,400 g,prijs per kg €6.23,False,,,,,A,True,AH,https://www.ah.nl/producten/product/wi395954,2026-07-28,AH Broccoli,vegetable potatoes
517597,738386,AH IJsbergsla fijngesneden,AH,groente-aardappelen,"Groente, aardappelen",Sla,1.69,1.69,,,,,200 g,prijs per kg €8.45,False,,,,,A,True,AH,https://www.ah.nl/producten/product/wi517597,2026-07-28,AH Iceberg lettuce finely chopped,vegetable potatoes
594650,43349,AH Biologisch Sweet Cherry trostomaten,AH Biologisch,groente-aardappelen,"Groente, aardappelen",Tomaten,2.99,2.99,,,,,200 g,prijs per kg €14.95,False,,,,,A,True,AH,https://www.ah.nl/producten/product/wi594650,2026-07-28,AH Organic Sweet Cherry vine tomatoes,vegetable potatoes
168092,644402,AH Rucola grootverpakking,AH,groente-aardappelen,"Groente, aardappelen",Sla,1.79,1.79,,,,,150 g,prijs per kg €11.93,False,,,,,A,True,AH,https://www.ah.nl/producten/product/wi168092,2026-07-28,AH Arugula bulk packaging,vegetable potatoes
215707,811636,AH Groene asperges,AH,groente-aardappelen,"Groente, aardappelen",Asperges,5.49,5.49,,,,,350 g,prijs per kg €15.69,False,,,,,,True,AH,https://www.ah.nl/producten/product/wi215707,2026-07-28,AH Green asparagus,vegetable potatoes
234848,827845,Mutti Polpa fijne tomatenpulp,Mutti,groente-aardappelen,"Pasta, rijst, wereldkeuken",Tomatenpulp,1.99,1.99,,,,,425 ml,prijs per liter €4.68,False,,,,,A,True,AH,https://www.ah.nl/producten/product/wi234848,2026-07-28,Mutti Polpa fine tomato pulp,vegetable potatoes
226440,786925,Iglo Spinazie à la crème,Iglo,groente-aardappelen,Diepvries,Spinazie (diepvries),2.29,2.29,,,,,750 g,prijs per kg €3.05,False,,,,,A,True,AH,https://www.ah.nl/producten/product/wi226440,2026-07-28,Igloo Spinach à la crème,vegetable potatoes
165336,622946,AH Snijbonen,AH,groente-aardappelen,"Groente, aardappelen",Snijbonen,2.39,2.39,,,,,400 g,prijs per kg €5.98,False,,,,,A,True,AH,https://www.ah.nl/producten/product/wi165336,2026-07-28,AH String beans,vegetable potatoes
494450,749688,AH Bami groente,AH,groente-aardappelen,"Groente, aardappelen",Roerbakgroente,1.89,1.89,,,,,450 g,prijs per kg €4.20,False,,,,,A,True,AH,https://www.ah.nl/producten/product/wi494450,2026-07-28,AH Bami vegetable,vegetable potatoes
495901,787489,AH Gesneden verspakket nasi,AH,groente-aardappelen,"Groente, aardappelen",Gesneden verspakketten,6.99,6.99,,,,,2-3 pers|15 min,,False,,,,,B,True,AH,https://www.ah.nl/producten/product/wi495901,2026-07-28,AH Sliced ​​fresh package of nasi,vegetable potatoes
195105,798355,Hak Doperwtjes met worteltjes,Hak,groente-aardappelen,"Soepen, sauzen, kruiden, olie",Groentemix conserven,2.15,2.15,,,,,350 g,prijs per kg €9.35,False,,,,,A,True,AH,https://www.ah.nl/producten/product/wi195105,2026-07-28,Hak Peas with carrots,vegetable potatoes
610246,0,Hak Doperwtjes met worteltjes 4-pack,Hak,groente-aardappelen,"Soepen, sauzen, kruiden, olie",Groentemix conserven,7.74,8.6,10.0,10% volume voordeel,,,4 stuks,,True,AHOO,10% volume voordeel,2026-07-28,2999-12-31,,True,AH,https://www.ah.nl/producten/product/wi610246,2026-07-28,Hak Peas with carrots 4-pack,vegetable potatoes
525848,68426,AH Biologisch Gele uien,AH Biologisch,groente-aardappelen,"Groente, aardappelen",Ui,0.99,0.99,,,,,500 g,prijs per kg €1.98,False,,,,,A,True,AH,https://www.ah.nl/producten/product/wi525848,2026-07-28,AH Biologisch Gele uien,vegetable potatoes
160720,627245,AH Andijvie fijngesneden grootverpakking,AH,groente-aardappelen,"Groente, aardappelen",Andijvie,2.89,2.89,,,,,500 g,prijs per kg €5.78,False,,,,,A,True,AH,https://www.ah.nl/producten/product/wi160720,2026-07-28,AH Endive finely chopped bulk packaging,vegetable potatoes
525846,70633,AH Sjalotten,AH,groente-aardappelen,"Groente, aardappelen",Ui,1.49,1.49,,,,,500 g,prijs per kg €2.98,False,,,,,A,True,AH,https://www.ah.nl/producten/product/wi525846,2026-07-28,AH Shallots,vegetable potatoes
41084,91080,AH Roerbakgroente Hollands,AH,groente-aardappelen,"Groente, aardappelen",Roerbakgroente,2.49,2.49,,,,,400 g,prijs per kg €6.23,False,,,,,A,True,AH,https://www.ah.nl/producten/product/wi41084,2026-07-28,AH Stir-fry vegetables Dutch,vegetable potatoes
476324,729693,AH Bakaardappeltjes paprika en knoflook,AH,groente-aardappelen,"Groente, aardappelen",Aardappelpartjes,1.39,1.39,,,,,450 g,prijs per kg €3.09,False,,,,,C,True,AH,https://www.ah.nl/producten/product/wi476324,2026-07-28,AH Baking potatoes peppers and garlic,vegetable potatoes
497403,797688,AH Verse friet,AH,groente-aardappelen,"Groente, aardappelen",Verse friet,2.59,2.59,,,,,1 kg,prijs per kg €2.59,False,,,,,A,True,AH,https://www.ah.nl/producten/product/wi497403,2026-07-28,AH Fresh fries,vegetable potatoes
4074,20917,AH Andijvie gesneden,AH,groente-aardappelen,"Groente, aardappelen",Andijvie,1.79,1.79,,,,,400 g,prijs per kg €4.48,False,,,,,A,True,AH,https://www.ah.nl/producten/product/wi4074,2026-07-28,AH Andijvie gesneden,vegetable potatoes
186750,596489,AH Biologisch Witlof,AH Biologisch,groente-aardappelen,"Groente, aardappelen",Witlof en roodlof,3.19,3.19,,,,,500 g,prijs per kg €6.38,False,,,,,A,True,AH,https://www.ah.nl/producten/product/wi186750,2026-07-28,AH Organic Chicory,vegetable potatoes
803,1557,AH Tomaten gepeld,AH,groente-aardappelen,"Pasta, rijst, wereldkeuken",Gepelde tomaten,0.69,0.69,,,,,400 g,prijs per kg €1.73,False,,,,,A,True,AH,https://www.ah.nl/producten/product/wi803,2026-07-28,AH Peeled tomatoes,vegetable potatoes
368706,834547,AH Paprika groen,AH,groente-aardappelen,"Groente, aardappelen",Paprika,1.09,1.09,,,,,per stuk,,False,,,,,A,True,AH,https://www.ah.nl/producten/product/wi368706,2026-07-28,AH Paprika green,vegetable potatoes
470588,723066,AH Baby avocado eetrijp,AH,groente-aardappelen,"Groente, aardappelen",Avocado,2.99,2.99,,,,,4 stuks,,False,,,,,A,True,AH,https://www.ah.nl/producten/product/wi470588,2026-07-28,AH Baby avocado ready to eat,vegetable potatoes
572142,14346,AH Koolmix,AH,groente-aardappelen,"Groente, aardappelen",Rauwkost,1.69,1.69,,,,,150 g,prijs per kg €11.27,False,,,,,A,True,AH,https://www.ah.nl/producten/product/wi572142,2026-07-28,AH Koolmix,vegetable potatoes
378626,839773,Heinz Tomaten blokjes naturel,Heinz,groente-aardappelen,"Pasta, rijst, wereldkeuken",Tomatenblokjes,1.35,1.35,,,,,390 g,prijs per kg €3.46,False,,,,,B,True,AH,https://www.ah.nl/producten/product/wi378626,2026-07-28,Heinz Tomaten blokjes naturel,vegetable potatoes
465600,714548,AH Snoepgroente komkommer,AH,groente-aardappelen,"Groente, aardappelen",Snoepgroente,5.79,5.79,,,,,700 g,prijs per kg €8.27,False,,,,,A,True,AH,https://www.ah.nl/producten/product/wi465600,2026-07-28,AH Candy vegetable cucumber,vegetable potatoes
39103,25658,AH Doperwten en wortelen,AH,groente-aardappelen,"Soepen, sauzen, kruiden, olie",Groentemix conserven,0.59,0.59,,,,,680 g,prijs per kg €1.31,False,,,,,A,True,AH,https://www.ah.nl/producten/product/wi39103,2026-07-28,AH Peas and carrots,vegetable potatoes
553673,698301,AH Biologisch Pompoen stukjes,AH Biologisch,groente-aardappelen,"Groente, aardappelen",Pompoen,1.99,1.99,,,,,450 g,prijs per kg €4.42,False,,,,,A,True,AH,https://www.ah.nl/producten/product/wi553673,2026-07-28,AH Organic Pumpkin pieces,vegetable potatoes
155598,622962,AH Rucola slamelange grootverpakking,AH,groente-aardappelen,"Groente, aardappelen",Sla,2.49,2.49,,,,,150 g,prijs per kg €16.60,False,,,,,A,True,AH,https://www.ah.nl/producten/product/wi155598,2026-07-28,AH Arugula salad mix bulk packaging,vegetable potatoes
593055,40967,AH Tagliatelle met roomsaus verspakket,AH,groente-aardappelen,"Groente, aardappelen",Ongesneden verspakketten,5.99,5.99,,,,,4 pers | 25 min,,False,,,,,B,True,AH,https://www.ah.nl/producten/product/wi593055,2026-07-28,AH Tagliatelle with cream sauce fresh package,vegetable potatoes
101207,548473,AH Biologisch Tomaten passata gezeefd,AH Biologisch,groente-aardappelen,"Pasta, rijst, wereldkeuken","Gezeefde tomaten, frito, passata",1.99,1.99,,,,,690 g,prijs per kg €2.88,False,,,,,A,True,AH,https://www.ah.nl/producten/product/wi101207,2026-07-28,AH Organic Tomato passata sieved,vegetable potatoes
4162,21025,AH Maiskolven,AH,groente-aardappelen,"Groente, aardappelen",Maiskolven,1.99,2.89,31.1,voor 1.99,1.99,,2 stuks,,True,AH,VOOR 1.99,2026-07-27,2026-08-02,A,True,AH,https://www.ah.nl/producten/product/wi4162,2026-07-28,AH Corn on the cob,vegetable potatoes
612280,0,Heinz Tomaten blokjes naturel 3-pack,Heinz,groente-aardappelen,"Pasta, rijst, wereldkeuken",Tomatenblokjes,3.64,4.05,10.0,10% volume voordeel,,,3 stuks,,True,AHOO,10% volume voordeel,2026-07-28,2999-12-31,,True,AH,https://www.ah.nl/producten/product/wi612280,2026-07-28,Heinz Tomato cubes natural 3-pack,vegetable potatoes
547130,677924,AH Biologisch Gekookte maïskolven,AH Biologisch,groente-aardappelen,"Groente, aardappelen",Maiskolven,2.99,2.99,,,,,2 stuks,,False,,,,,A,True,AH,https://www.ah.nl/producten/product/wi547130,2026-07-28,AH Organically Boiled Corn Cobs,vegetable potatoes
777,6441,AH Spinazie à la creme,AH,groente-aardappelen,Diepvries,Spinazie (diepvries),0.89,0.89,,,,,450 g,prijs per kg €1.98,False,,,,,A,True,AH,https://www.ah.nl/producten/product/wi777,2026-07-28,AH Spinach à la creme,vegetable potatoes
104819,532495,AH Biologisch Uiensnippers,AH Biologisch,groente-aardappelen,"Groente, aardappelen",Ui,2.09,2.09,,,,,175 g,prijs per kg €11.94,False,,,,,A,True,AH,https://www.ah.nl/producten/product/wi104819,2026-07-28,AH Biologisch Uiensnippers,vegetable potatoes
185768,781312,AH Luxe wok Japans champignons peultjes,AH,groente-aardappelen,"Groente, aardappelen",Wokgroente,2.99,2.99,,,,,400 g,prijs per kg €7.48,False,,,,,A,True,AH,https://www.ah.nl/producten/product/wi185768,2026-07-28,AH Luxury wok Japanese mushrooms snow peas,vegetable potatoes
509423,725718,AH Snoepgroente pitloze paprika rood,AH,groente-aardappelen,"Groente, aardappelen",Snoepgroente,1.6667,2.29,27.2,3 voor 5.00,5.0,3.0,175 g,normale prijs per kg €13.09,True,AH,3 voor 5.00,2026-07-27,2026-08-02,A,True,AH,https://www.ah.nl/producten/product/wi509423,2026-07-28,AH Candy vegetables seedless red pepper,vegetable potatoes
202196,798339,Hak Witte bonen in tomatensaus,Hak,groente-aardappelen,"Soepen, sauzen, kruiden, olie",Witte bonen,2.59,2.59,,,,,360 g,prijs per kg €7.19,False,,,,,A,True,AH,https://www.ah.nl/producten/product/wi202196,2026-07-28,Hak White beans in tomato sauce,vegetable potatoes
610266,0,Hak Witte bonen in tomatensaus 4-pack,Hak,groente-aardappelen,"Soepen, sauzen, kruiden, olie",Witte bonen,9.32,10.36,10.0,10% volume voordeel,,,4 stuks,,True,AHOO,10% volume voordeel,2026-07-28,2999-12-31,,True,AH,https://www.ah.nl/producten/product/wi610266,2026-07-28,Hak Witte bonen in tomatensaus 4-pack,vegetable potatoes
164108,617706,AH Haricots verts,AH,groente-aardappelen,"Groente, aardappelen",Haricots verts,3.89,3.89,,,,,350 g,prijs per kg €11.11,False,,,,,A,True,AH,https://www.ah.nl/producten/product/wi164108,2026-07-28,AH Haricots verts,vegetable potatoes
615281,0,AH Luxe wok Japans champignons peultjes 2pk,AH,groente-aardappelen,"Groente, aardappelen",Wokgroente,5.68,5.98,5.0,5% volume voordeel,,,2 stuks,,True,AHOO,5% volume voordeel,2026-07-28,2999-12-31,,True,AH,https://www.ah.nl/producten/product/wi615281,2026-07-28,AH Luxury wok Japanese mushrooms snow peas 2pk,vegetable potatoes
168153,633946,AH IJsbergsla grootverpakking,AH,groente-aardappelen,"Groente, aardappelen",Sla,1.99,1.99,,,,,400 g,prijs per kg €4.98,False,,,,,A,True,AH,https://www.ah.nl/producten/product/wi168153,2026-07-28,AH Iceberg lettuce in bulk packaging,vegetable potatoes
394814,846705,AH Kastanjechampignons,AH,groente-aardappelen,"Groente, aardappelen",Champignons,2.69,2.69,,,,,400 g,prijs per kg €6.73,False,,,,,A,True,AH,https://www.ah.nl/producten/product/wi394814,2026-07-28,AH Chestnut mushrooms,vegetable potatoes
197384,649011,AH Rauwkost komkommer,AH,groente-aardappelen,"Groente, aardappelen",Rauwkost,2.0,2.49,19.7,2 voor 4.00,4.0,2.0,150 g,normale prijs per kg €16.60,True,AH,2 voor 4.00,2026-07-27,2026-08-02,A,True,AH,https://www.ah.nl/producten/product/wi197384,2026-07-28,AH Raw cucumber,vegetable potatoes
435436,47017,AH Biologisch Slamelange rucola veldsla,AH Biologisch,groente-aardappelen,"Groente, aardappelen",Sla,1.99,1.99,,,,,100 g,prijs per kg €19.90,False,,,,,A,True,AH,https://www.ah.nl/producten/product/wi435436,2026-07-28,AH Organic Lettuce Mixed arugula lamb's lettuce,vegetable potatoes
128941,586420,AH Aardappel partjes Toscaans gekruid,AH,groente-aardappelen,"Groente, aardappelen",Aardappelpartjes,0.99,0.99,,,,,450 g,prijs per kg €2.20,False,,,,,C,True,AH,https://www.ah.nl/producten/product/wi128941,2026-07-28,AH Aardappel partjes Toscaans gekruid,vegetable potatoes
196691,797847,AH Aardappelschijfjes kleinverpakking,AH,groente-aardappelen,"Groente, aardappelen",Aardappelschijfjes,0.85,0.85,,,,,200 g,prijs per kg €4.25,False,,,,,A,True,AH,https://www.ah.nl/producten/product/wi196691,2026-07-28,AH Aardappelschijfjes kleinverpakking,vegetable potatoes
615282,0,AH Luxe wok Japans champignons peultjes 3pk,AH,groente-aardappelen,"Groente, aardappelen",Wokgroente,8.07,8.97,10.0,10% volume voordeel,,,3 stuks,,True,AHOO,10% volume voordeel,2026-07-28,2999-12-31,,True,AH,https://www.ah.nl/producten/product/wi615282,2026-07-28,AH Luxury wok Japanese mushrooms snow peas 3pk,vegetable potatoes
611646,67853,AH Peterselie,AH,groente-aardappelen,"Groente, aardappelen",Verse kruiden,1.19,1.19,,,,,45 g,prijs per kg €26.44,False,,,,,A,True,AH,https://www.ah.nl/producten/product/wi611646,2026-07-28,AH Parsley,vegetable potatoes
525266,697601,AH Slaverrijker sojabonen,AH,groente-aardappelen,"Groente, aardappelen",Slaverrijkers,2.0,2.29,12.7,3 voor 6.00,6.0,3.0,120 g,normale prijs per kg €19.08,True,AH,3 voor 6.00,2026-07-27,2026-08-02,A,True,AH,https://www.ah.nl/producten/product/wi525266,2026-07-28,AH Slaverrich soybeans,vegetable potatoes
582544,25160,AH Paprikablokjes,AH,groente-aardappelen,"Groente, aardappelen",Paprika,1.89,1.89,,,,,450 g,prijs per kg €4.20,False,,,,,A,True,AH,https://www.ah.nl/producten/product/wi582544,2026-07-28,AH Paprika cubes,vegetable potatoes
612281,0,Heinz Tomaten blokjes naturel 6-pack,Heinz,groente-aardappelen,"Pasta, rijst, wereldkeuken",Tomatenblokjes,6.88,8.1,15.0,15% volume voordeel,,,6 stuks,,True,AHOO,15% volume voordeel,2026-07-28,2999-12-31,,True,AH,https://www.ah.nl/producten/product/wi612281,2026-07-28,Heinz Tomato cubes natural 6-pack,vegetable potatoes
195104,798352,Hak Doperwtjes,Hak,groente-aardappelen,"Groente, aardappelen",Doperwten,2.49,2.49,,,,,350 g,prijs per kg €10.83,False,,,,,A,True,AH,https://www.ah.nl/producten/product/wi195104,2026-07-28,Chop Peas,vegetable potatoes
610245,0,Hak Doperwtjes 4-pack,Hak,groente-aardappelen,"Groente, aardappelen",Doperwten,8.96,9.96,10.0,10% volume voordeel,,,4 stuks,,True,AHOO,10% volume voordeel,2026-07-28,2999-12-31,,True,AH,https://www.ah.nl/producten/product/wi610245,2026-07-28,Hak Peas 4-pack,vegetable potatoes
532245,699921,AH Biologisch Krieltjes vastkokend,AH Biologisch,groente-aardappelen,"Groente, aardappelen",Krieltjes ongeschild,2.09,2.09,,,,,500 g,prijs per kg €4.18,False,,,,,B,True,AH,https://www.ah.nl/producten/product/wi532245,2026-07-28,AH Biologisch Krieltjes vastkokend,vegetable potatoes
195106,798362,Hak Doperwtjes met worteltjes,Hak,groente-aardappelen,"Soepen, sauzen, kruiden, olie",Groentemix conserven,2.79,2.79,,,,,680 g,prijs per kg €6.20,False,,,,,A,True,AH,https://www.ah.nl/producten/product/wi195106,2026-07-28,Hak Peas with carrots,vegetable potatoes
139446,601049,AH Verse franse friet,AH,groente-aardappelen,"Groente, aardappelen",Verse friet,1.99,1.99,,,,,700 g,prijs per kg €2.84,False,,,,,A,True,AH,https://www.ah.nl/producten/product/wi139446,2026-07-28,AH Verse franse friet,vegetable potatoes
486429,741250,Iglo Spinazie à la crème,Iglo,groente-aardappelen,Diepvries,Spinazie (diepvries),1.55,1.55,,,,,500 g,prijs per kg €3.10,False,,,,,A,True,AH,https://www.ah.nl/producten/product/wi486429,2026-07-28,Igloo Spinach à la crème,vegetable potatoes
160707,587841,AH Spinazie grootverpakking,AH,groente-aardappelen,"Groente, aardappelen",Spinazie (vers),2.99,2.99,,,,,600 g,prijs per kg €4.98,False,,,,,A,True,AH,https://www.ah.nl/producten/product/wi160707,2026-07-28,AH Spinach bulk packaging,vegetable potatoes
41138,68087,AH Taugé,AH,groente-aardappelen,"Groente, aardappelen",Kiemgroenten en tauge,1.09,1.09,,,,,125 g,prijs per kg €8.72,False,,,,,A,True,AH,https://www.ah.nl/producten/product/wi41138,2026-07-28,AH Taugé,vegetable potatoes
133275,596472,AH Aardappelpuree,AH,groente-aardappelen,"Groente, aardappelen","Aardappel ovenschotel, gratin en puree",1.59,1.59,,,,,450 g,prijs per kg €3.53,False,,,,,C,True,AH,https://www.ah.nl/producten/product/wi133275,2026-07-28,AH Mashed Potatoes,vegetable potatoes
188265,788909,AH Terra Zwarte bonen,AH Terra,groente-aardappelen,"Soepen, sauzen, kruiden, olie",Zwarte bonen,1.05,1.05,,,,,400 g,prijs per kg €4.17,False,,,,,A,True,AH,https://www.ah.nl/producten/product/wi188265,2026-07-28,AH Terra Black beans,vegetable potatoes
67663,502942,AH Thaise wokgroente prei rode peper,AH,groente-aardappelen,"Groente, aardappelen",Wokgroente,2.39,2.39,,,,,400 g,prijs per kg €5.98,False,,,,,A,True,AH,https://www.ah.nl/producten/product/wi67663,2026-07-28,"AH Thai stir-fried vegetables leek, red pepper",vegetable potatoes
378693,839801,AH Champignons gesneden,AH,groente-aardappelen,"Groente, aardappelen",Champignons,1.89,1.89,,,,,250 g,prijs per kg €7.56,False,,,,,A,True,AH,https://www.ah.nl/producten/product/wi378693,2026-07-28,AH Sliced ​​mushrooms,vegetable potatoes
591518,39362,AH Midi komkommers,AH,groente-aardappelen,"Groente, aardappelen",Komkommer,1.99,1.99,,,,,3 stuks,,False,,,,,A,True,AH,https://www.ah.nl/producten/product/wi591518,2026-07-28,AH Midi cucumbers,vegetable potatoes
159762,605569,AH Roerbakgroente Italiaans grootverpakking,AH,groente-aardappelen,"Groente, aardappelen",Roerbakgroente,3.19,3.19,,,,,600 g,prijs per kg €5.32,False,,,,,A,True,AH,https://www.ah.nl/producten/product/wi159762,2026-07-28,AH Roerbakgroente Italiaans grootverpakking,vegetable potatoes
615303,0,AH Thaise wokgroente prei rode peper 2-pack,AH,groente-aardappelen,"Groente, aardappelen",Wokgroente,4.54,4.78,5.0,5% volume voordeel,,,2 stuks,,True,AHOO,5% volume voordeel,2026-07-28,2999-12-31,,True,AH,https://www.ah.nl/producten/product/wi615303,2026-07-28,AH Thai stir-fried vegetables leek red pepper 2-pack,vegetable potatoes
491167,745533,AH Snoepgroente tomatenmix,AH,groente-aardappelen,"Groente, aardappelen",Snoepgroente,2.99,2.99,,,,,400 g,prijs per kg €7.48,False,,,,,A,True,AH,https://www.ah.nl/producten/product/wi491167,2026-07-28,AH Candy vegetable tomato mix,vegetable potatoes
455936,612266,AH Krulslamelange,AH,groente-aardappelen,"Groente, aardappelen",Sla,1.29,1.29,,,,,100 g,prijs per kg €12.90,False,,,,,A,True,AH,https://www.ah.nl/producten/product/wi455936,2026-07-28,AH Krulslamelange,vegetable potatoes
160709,609635,AH Fijne soepgroente grootverpakking,AH,groente-aardappelen,"Groente, aardappelen",Soepgroente,1.89,1.89,,,,,400 g,prijs per kg €4.73,False,,,,,A,True,AH,https://www.ah.nl/producten/product/wi160709,2026-07-28,AH Fine soup vegetables in bulk packaging,vegetable potatoes
203003,792399,AH Biologisch Pastinaak,AH Biologisch,groente-aardappelen,"Groente, aardappelen",Pastinaak,1.99,1.99,,,,,400 g,prijs per kg €4.98,False,,,,,A,True,AH,https://www.ah.nl/producten/product/wi203003,2026-07-28,AH Organic Parsnip,vegetable potatoes
168788,646188,AH Augurken plakjes zoetzuur,AH,groente-aardappelen,"Soepen, sauzen, kruiden, olie",Augurken,1.39,1.39,,,,,530 g,prijs per kg €4.79,False,,,,,A,True,AH,https://www.ah.nl/producten/product/wi168788,2026-07-28,AH Pickles slices sweet and sour,vegetable potatoes
107686,538674,AH Groene aspergetips,AH,groente-aardappelen,"Groente, aardappelen",Asperges,4.49,4.49,,,,,100 g,prijs per kg €44.90,False,,,,,A,True,AH,https://www.ah.nl/producten/product/wi107686,2026-07-28,AH Green asparagus tips,vegetable potatoes
583799,27042,AH Biologisch Maiskorrels 0% zout toegevoegd,AH Biologisch,groente-aardappelen,"Soepen, sauzen, kruiden, olie",Mais conserven,0.99,0.99,,,,,150 g,prijs per kg €7.07,False,,,,,A,True,AH,https://www.ah.nl/producten/product/wi583799,2026-07-28,AH Organic Corn kernels 0% salt added,vegetable potatoes
615304,0,AH Thaise wokgroente prei rode peper 3-pack,AH,groente-aardappelen,"Groente, aardappelen",Wokgroente,6.45,7.17,10.0,10% volume voordeel,,,3 stuks,,True,AHOO,10% volume voordeel,2026-07-28,2999-12-31,,True,AH,https://www.ah.nl/producten/product/wi615304,2026-07-28,AH Thai stir-fried vegetables leek red pepper 3-pack,vegetable potatoes
160705,567103,AH Gemengde salade grootverpakking,AH,groente-aardappelen,"Groente, aardappelen",Sla,3.99,3.99,,,,,300 g,prijs per kg €13.30,False,,,,,A,True,AH,https://www.ah.nl/producten/product/wi160705,2026-07-28,AH Mixed salad bulk packaging,vegetable potatoes
80217,545342,AH Botersla,AH,groente-aardappelen,"Groente, aardappelen",Sla,2.79,2.79,,,,,100 g,prijs per kg €27.90,False,,,,,A,True,AH,https://www.ah.nl/producten/product/wi80217,2026-07-28,AH Butter Lettuce,vegetable potatoes
139461,609630,AH Rauwkost radijs,AH,groente-aardappelen,"Groente, aardappelen",Rauwkost,2.0,2.49,19.7,2 voor 4.00,4.0,2.0,150 g,normale prijs per kg €16.60,True,AH,2 voor 4.00,2026-07-27,2026-08-02,A,True,AH,https://www.ah.nl/producten/product/wi139461,2026-07-28,AH Raw radish,vegetable potatoes
416509,857260,AH Zongedroogde tomaten jullienne,AH,groente-aardappelen,"Pasta, rijst, wereldkeuken",Zongedroogde tomaten,1.89,1.89,,,,,285 g,prijs per kg €10.50,False,,,,,C,True,AH,https://www.ah.nl/producten/product/wi416509,2026-07-28,AH Sun-dried tomatoes julienne,vegetable potatoes
611647,67854,AH Platte peterselie grootverpakking,AH,groente-aardappelen,"Groente, aardappelen",Verse kruiden,1.49,1.49,,,,,50 g,prijs per kg €29.80,False,,,,,A,True,AH,https://www.ah.nl/producten/product/wi611647,2026-07-28,AH Flat parsley in bulk packaging,vegetable potatoes
395956,847355,AH Fijne soepgroente,AH,groente-aardappelen,"Groente, aardappelen",Soepgroente,1.19,1.19,,,,,250 g,prijs per kg €4.76,False,,,,,A,True,AH,https://www.ah.nl/producten/product/wi395956,2026-07-28,AH Fine soup vegetables,vegetable potatoes
230681,817380,AH Fijngesneden prei,AH,groente-aardappelen,"Groente, aardappelen",Prei,1.09,1.09,,,,,200 g,prijs per kg €5.45,False,,,,,A,True,AH,https://www.ah.nl/producten/product/wi230681,2026-07-28,AH Finely chopped leek,vegetable potatoes
494449,749687,AH Macaroni spaghetti groente klein,AH,groente-aardappelen,"Groente, aardappelen",Roerbakgroente,1.245,1.59,21.7,2 voor 2.49,2.49,2.0,250 g,normale prijs per kg €6.36,True,AH,2 voor 2.49,2026-07-27,2026-08-02,A,True,AH,https://www.ah.nl/producten/product/wi494449,2026-07-28,AH Macaroni spaghetti vegetable small,vegetable potatoes
189681,791532,AH Zongedroogde tomaten,AH,groente-aardappelen,"Pasta, rijst, wereldkeuken",Zongedroogde tomaten,1.75,1.75,,,,,285 g,prijs per kg €9.72,False,,,,,C,True,AH,https://www.ah.nl/producten/product/wi189681,2026-07-28,AH Sun-dried tomatoes,vegetable potatoes
378694,839802,AH Kastanjechampignons gesneden,AH,groente-aardappelen,"Groente, aardappelen",Champignons,1.99,1.99,,,,,250 g,prijs per kg €7.96,False,,,,,A,True,AH,https://www.ah.nl/producten/product/wi378694,2026-07-28,AH Sliced ​​chestnut mushrooms,vegetable potatoes
104064,81345,Bonduelle Crispy maïs,Bonduelle,groente-aardappelen,"Soepen, sauzen, kruiden, olie",Mais conserven,2.19,2.19,,,,,300 g,prijs per kg €7.68,False,,,,,A,True,AH,https://www.ah.nl/producten/product/wi104064,2026-07-28,Bonduelle Crispy maïs,vegetable potatoes
395953,847352,AH Bloemkoolroosjes,AH,groente-aardappelen,"Groente, aardappelen",Bloemkool,2.49,2.49,,,,,400 g,prijs per kg €6.23,False,,,,,A,True,AH,https://www.ah.nl/producten/product/wi395953,2026-07-28,AH Bloemkoolroosjes,vegetable potatoes
369971,835265,AH Bloemkool broccoli kleinverpakking,AH,groente-aardappelen,"Groente, aardappelen",Bloemkool,1.245,1.99,37.4,2 voor 2.49,2.49,2.0,200 g,normale prijs per kg €9.95,True,AH,2 voor 2.49,2026-07-27,2026-08-02,A,True,AH,https://www.ah.nl/producten/product/wi369971,2026-07-28,AH Cauliflower broccoli small package,vegetable potatoes
615285,0,AH Macaroni spaghetti groente klein 2-pack,AH,groente-aardappelen,"Groente, aardappelen",Roerbakgroente,2.49,3.18,21.7,pakketkorting,,,2 stuks,,True,AHOO,,2026-07-28,2026-08-02,,True,AH,https://www.ah.nl/producten/product/wi615285,2026-07-28,AH Macaroni spaghetti vegetables small 2-pack,vegetable potatoes
99028,502940,AH Luxe roerbak Provençaals,AH,groente-aardappelen,"Groente, aardappelen",Roerbakgroente,2.99,2.99,,,,,400 g,prijs per kg €7.48,False,,,,,A,True,AH,https://www.ah.nl/producten/product/wi99028,2026-07-28,AH Luxe roerbak Provençaals,vegetable potatoes
611859,67918,AH Biologisch Veldsla,AH Biologisch,groente-aardappelen,"Groente, aardappelen",Sla,1.55,1.55,,,,,40 g,prijs per kg €38.75,False,,,,,A,True,AH,https://www.ah.nl/producten/product/wi611859,2026-07-28,AH Organic Lamb's Lettuce,vegetable potatoes
822,1151,AH Gebroken sperziebonen,AH,groente-aardappelen,"Soepen, sauzen, kruiden, olie",Sperziebonen (conserven),1.19,1.19,,,,,660 g,prijs per kg €3.31,False,,,,,A,True,AH,https://www.ah.nl/producten/product/wi822,2026-07-28,AH Gebroken sperziebonen,vegetable potatoes
474478,727322,Heinz Tomato frito 2-pack,Heinz,groente-aardappelen,"Pasta, rijst, wereldkeuken","Gezeefde tomaten, frito, passata",2.35,2.35,,,,,2 x 212 g,prijs per kg €5.54,False,,,,,A,True,AH,https://www.ah.nl/producten/product/wi474478,2026-07-28,Heinz Tomato frito 2-pack,vegetable potatoes
216034,809955,AH Rauwkost Amsterdamse ui,AH,groente-aardappelen,"Groente, aardappelen",Rauwkost,2.0,2.39,16.3,2 voor 4.00,4.0,2.0,150 g,normale prijs per kg €15.93,True,AH,2 voor 4.00,2026-07-27,2026-08-02,A,True,AH,https://www.ah.nl/producten/product/wi216034,2026-07-28,AH Rauwkost Amsterdamse ui,vegetable potatoes
575197,16869,AH Vleestomaten,AH,groente-aardappelen,"Groente, aardappelen",Tomaten,1.99,1.99,,,,,2 stuks,,False,,,,,A,True,AH,https://www.ah.nl/producten/product/wi575197,2026-07-28,AH Beef tomatoes,vegetable potatoes
202921,800449,innocent Orange juice with bits,innocent,fruit-verse-sappen,"Fruit, verse sappen",Sinaasappelsap en jus d'orange (vers),3.69,3.69,,,,,900 ml,prijs per liter €4.10,False,,,,,C,True,AH,https://www.ah.nl/producten/product/wi202921,2026-07-28,innocent Orange juice with bits,fresh fruit juices
202922,800450,innocent Apple juice,innocent,fruit-verse-sappen,"Fruit, verse sappen",Multivruchtensap (vers),3.69,3.69,,,,,900 ml,prijs per liter €4.10,False,,,,,C,True,AH,https://www.ah.nl/producten/product/wi202922,2026-07-28,innocent apple juice,fresh fruit juices
491168,745534,AH Nederlandse aardbeien,AH,fruit-verse-sappen,"Fruit, verse sappen",Aardbeien,3.49,3.99,12.5,voor 3.49,3.49,,400 g,normale prijs per kg €9.98,True,AH,VOOR 3.49,2026-07-27,2026-08-02,A,True,AH,https://www.ah.nl/producten/product/wi491168,2026-07-28,AH Nederlandse aardbeien,fresh fruit juices
197393,767854,AH Bananen tros,AH,fruit-verse-sappen,"Fruit, verse sappen",Bananen,1.45,1.45,,,,,Tros,,False,,,,,A,True,AH,https://www.ah.nl/producten/product/wi197393,2026-07-28,AH Banana bunch,fresh fruit juices
368480,834184,AH Biologisch Fairtrade bananen,AH Biologisch,fruit-verse-sappen,"Fruit, verse sappen",Bananen,2.39,2.39,,,,,5 stuks,,False,,,,,A,True,AH,https://www.ah.nl/producten/product/wi368480,2026-07-28,AH Organic Fairtrade bananas,fresh fruit juices
401896,850518,innocent Super smoothie green antioxidant,innocent,fruit-verse-sappen,"Fruit, verse sappen",Fruit en groente smoothies,3.99,3.99,,,,,750 ml,prijs per liter €5.32,False,,,,,C,True,AH,https://www.ah.nl/producten/product/wi401896,2026-07-28,innocent Super smoothie green antioxidant,fresh fruit juices
177754,587596,AH Blauwe bessen,AH,fruit-verse-sappen,"Fruit, verse sappen",Blauwe bessen,3.42,4.89,30.0,30% korting,,,300 g,normale prijs per kg €16.30,True,AH,30% korting,2026-07-27,2026-08-02,A,True,AH,https://www.ah.nl/producten/product/wi177754,2026-07-28,AH Blueberries,fresh fruit juices
93224,20869,AH Mango,AH,fruit-verse-sappen,"Fruit, verse sappen",Mango,0.995,1.99,50.0,2 voor 1.99,1.99,2.0,per stuk,,True,AH,2 voor 1.99,2026-07-27,2026-08-02,A,True,AH,https://www.ah.nl/producten/product/wi93224,2026-07-28,AH Mango,fresh fruit juices
595323,44089,Chiquita Ready to eat bananen,Chiquita,fruit-verse-sappen,"Fruit, verse sappen",Bananen,1.75,2.19,20.1,2 voor 3.50,3.5,2.0,5 stuks,,True,AH,2 voor 3.50,2026-07-27,2026-08-02,A,True,AH,https://www.ah.nl/producten/product/wi595323,2026-07-28,Chiquita Ready to eat bananas,fresh fruit juices
604045,0,Chiquita ready to eat 2-pack,Chiquita,fruit-verse-sappen,"Fruit, verse sappen",Bananen,3.5,4.38,20.1,pakketkorting,,,2 stuks,,True,AHOO,,2026-07-28,2026-08-02,,True,AH,https://www.ah.nl/producten/product/wi604045,2026-07-28,Chiquita ready to eat 2-pack,fresh fruit juices
596101,0,Chiquita Groen & Geel mix 4-pakket,Chiquita,fruit-verse-sappen,"Fruit, verse sappen",Bananen,7.0,8.76,20.1,pakketkorting,,,per pakket,,True,AHOO,,2026-07-28,2026-08-02,,True,AH,https://www.ah.nl/producten/product/wi596101,2026-07-28,Chiquita Groen & Geel mix 4-pakket,fresh fruit juices
80585,521838,AH Witte druiven pitloos,AH,fruit-verse-sappen,"Fruit, verse sappen",Druiven,2.59,2.59,,,,,500 g,prijs per kg €5.18,False,,,,,A,True,AH,https://www.ah.nl/producten/product/wi80585,2026-07-28,AH White grapes seedless,fresh fruit juices
123209,42962,AH Elstar zak,AH,fruit-verse-sappen,"Fruit, verse sappen",Zakken,2.75,2.75,,,,,"1,5 kg",prijs per kg €1.83,False,,,,,A,True,AH,https://www.ah.nl/producten/product/wi123209,2026-07-28,AH Elstar bag,fresh fruit juices
100232,542683,AH Rode druiven pitloos,AH,fruit-verse-sappen,"Fruit, verse sappen",Druiven,2.69,2.69,,,,,500 g,prijs per kg €5.38,False,,,,,A,True,AH,https://www.ah.nl/producten/product/wi100232,2026-07-28,AH Red grapes seedless,fresh fruit juices
595324,44090,Chiquita Later lekker bananen,Chiquita,fruit-verse-sappen,"Fruit, verse sappen",Bananen,1.75,2.19,20.1,2 voor 3.50,3.5,2.0,5 stuks,,True,AH,2 voor 3.50,2026-07-27,2026-08-02,A,True,AH,https://www.ah.nl/producten/product/wi595324,2026-07-28,Chiquita Later delicious bananas,fresh fruit juices
596099,0,Chiquita Groene bananen 2-pack,Chiquita,fruit-verse-sappen,"Fruit, verse sappen",Bananen,3.5,4.38,20.1,pakketkorting,,,2 stuks,,True,AHOO,,2026-07-28,2026-08-02,,True,AH,https://www.ah.nl/producten/product/wi596099,2026-07-28,Chiquita Green bananas 2-pack,fresh fruit juices
221526,817687,AH Mini watermeloen,AH,fruit-verse-sappen,"Fruit, verse sappen",Meloenen,3.79,3.79,,,,,per stuk,,False,,,,,A,True,AH,https://www.ah.nl/producten/product/wi221526,2026-07-28,AH Mini watermelon,fresh fruit juices
117190,516797,Pink Lady Appels schaal,Pink Lady,fruit-verse-sappen,"Fruit, verse sappen",Schaal,3.39,3.39,,,,,4 stuks,,False,,,,,A,True,AH,https://www.ah.nl/producten/product/wi117190,2026-07-28,Pink Lady Appels schaal,fresh fruit juices
598453,0,Pink Lady Appels schaal 2-pack,Pink Lady,fruit-verse-sappen,"Fruit, verse sappen",Schaal,6.44,6.78,5.0,5% volume voordeel,,,2 stuks,,True,AHOO,5% volume voordeel,2026-07-28,2999-12-31,,True,AH,https://www.ah.nl/producten/product/wi598453,2026-07-28,Pink Lady Apples bowl 2-pack,fresh fruit juices
141,20842,AH Galia meloen,AH,fruit-verse-sappen,"Fruit, verse sappen",Meloenen,2.79,2.79,50.0,2 Stapelen tot 50%,,2.0,per stuk,,True,AH,2 Stapelen tot 50%,2026-07-27,2026-08-02,A,True,AH,https://www.ah.nl/producten/product/wi141,2026-07-28,AH Galia melon,fresh fruit juices
383655,842982,AH Conference bak,AH,fruit-verse-sappen,"Fruit, verse sappen",Peren,2.19,2.19,,,,,1 kg,prijs per kg €2.19,False,,,,,A,True,AH,https://www.ah.nl/producten/product/wi383655,2026-07-28,AH Conference box,fresh fruit juices
519637,82879,AH Biologisch Blauwe bessen,AH Biologisch,fruit-verse-sappen,"Fruit, verse sappen",Blauwe bessen,4.39,4.39,,,,,200 g,prijs per kg €21.95,False,,,,,A,True,AH,https://www.ah.nl/producten/product/wi519637,2026-07-28,AH Organic Blueberries,fresh fruit juices
619155,0,AH Conference bak 2-pack,AH,fruit-verse-sappen,"Fruit, verse sappen",Peren,4.25,4.38,3.0,3% volume voordeel,,,2 stuks,,True,AHOO,3% volume voordeel,2026-07-28,2999-12-31,,True,AH,https://www.ah.nl/producten/product/wi619155,2026-07-28,AH Conference bak 2-pack,fresh fruit juices
619157,0,AH Conference bak 4-pack,AH,fruit-verse-sappen,"Fruit, verse sappen",Peren,7.88,8.76,10.0,10% volume voordeel,,,4 stuks,,True,AHOO,10% volume voordeel,2026-07-28,2999-12-31,,True,AH,https://www.ah.nl/producten/product/wi619157,2026-07-28,AH Conference container 4-pack,fresh fruit juices
619156,0,AH Conference bak 3-pack,AH,fruit-verse-sappen,"Fruit, verse sappen",Peren,6.24,6.57,5.0,5% volume voordeel,,,3 stuks,,True,AHOO,5% volume voordeel,2026-07-28,2999-12-31,,True,AH,https://www.ah.nl/producten/product/wi619156,2026-07-28,AH Conference container 3-pack,fresh fruit juices
129993,590269,AH Zoete kleine appeltjes,AH,fruit-verse-sappen,"Fruit, verse sappen",Zakken,3.29,3.29,,,,,1 kg,prijs per kg €3.29,False,,,,,A,True,AH,https://www.ah.nl/producten/product/wi129993,2026-07-28,AH Sweet little apples,fresh fruit juices
100860,557635,AH Nectarines schaal,AH,fruit-verse-sappen,"Fruit, verse sappen",Nectarines,3.99,3.99,,,,,1 kg,prijs per kg €3.99,False,,,,,A,True,AH,https://www.ah.nl/producten/product/wi100860,2026-07-28,AH Nectarines bowl,fresh fruit juices
618365,0,AH Zoete kleine appeltjes 2-pack,AH,fruit-verse-sappen,"Fruit, verse sappen",Zakken,6.38,6.58,3.0,3% volume voordeel,,,2 stuks,,True,AHOO,3% volume voordeel,2026-07-28,2999-12-31,,True,AH,https://www.ah.nl/producten/product/wi618365,2026-07-28,AH Sweet little apples 2-pack,fresh fruit juices
618366,0,AH Zoete kleine appeltjes 4-pack,AH,fruit-verse-sappen,"Fruit, verse sappen",Zakken,11.84,13.16,10.0,10% volume voordeel,,,4 stuks,,True,AHOO,10% volume voordeel,2026-07-28,2999-12-31,,True,AH,https://www.ah.nl/producten/product/wi618366,2026-07-28,AH Sweet little apples 4-pack,fresh fruit juices
559182,0,AH Zoete kleine appeltjes 3-pack,AH,fruit-verse-sappen,"Fruit, verse sappen",Zakken,9.38,9.87,5.0,5% volume voordeel,,,3 stuks,,True,AHOO,5% volume voordeel,2026-07-28,2999-12-31,,True,AH,https://www.ah.nl/producten/product/wi559182,2026-07-28,AH Sweet little apples 3-pack,fresh fruit juices
94782,548401,AH Mandarijnen,AH,fruit-verse-sappen,"Fruit, verse sappen",Mandarijnen,2.79,2.79,,,,,1 kg,prijs per kg €2.79,False,,,,,A,True,AH,https://www.ah.nl/producten/product/wi94782,2026-07-28,AH Mandarins,fresh fruit juices
107671,81582,AH Cantaloupe meloen,AH,fruit-verse-sappen,"Fruit, verse sappen",Meloenen,2.79,2.79,50.0,2 Stapelen tot 50%,,2.0,per stuk,,True,AH,2 Stapelen tot 50%,2026-07-27,2026-08-02,A,True,AH,https://www.ah.nl/producten/product/wi107671,2026-07-28,AH Cantaloupe melon,fresh fruit juices
565851,4727,AH Citroen,AH,fruit-verse-sappen,"Fruit, verse sappen",Citroenen,1.69,1.69,,,,,500 g,prijs per kg €3.38,False,,,,,A,True,AH,https://www.ah.nl/producten/product/wi565851,2026-07-28,AH Lemon,fresh fruit juices
577882,21268,AH Nederlandse kersen,AH,fruit-verse-sappen,"Fruit, verse sappen",Kersen,4.99,4.99,50.0,2 Stapelen tot 50%,,2.0,350 g,normale prijs per kg €14.26,True,AH,2 Stapelen tot 50%,2026-07-27,2026-08-02,A,True,AH,https://www.ah.nl/producten/product/wi577882,2026-07-28,AH Dutch cherries,fresh fruit juices
618384,0,Coca-Cola Original. taste 4pk,Coca-Cola,fruit-verse-sappen,"Fruit, verse sappen",Bananen,8.89,9.16,3.0,3% volume voordeel,,,4 stuks,,True,AHOO,3% volume voordeel,2026-07-28,2999-12-31,,True,AH,https://www.ah.nl/producten/product/wi618384,2026-07-28,Coca Cola Original. taste 4hp,fresh fruit juices
618376,0,Coca-Cola Original taste 5-pack,Coca-Cola,fruit-verse-sappen,"Fruit, verse sappen",Bananen,10.88,11.45,5.0,5% volume voordeel,,,5 stuks,,True,AHOO,5% volume voordeel,2026-07-28,2999-12-31,,True,AH,https://www.ah.nl/producten/product/wi618376,2026-07-28,Coca-Cola Original taste 5-pack,fresh fruit juices
439903,703341,AH Wilde perziken schaal,AH,fruit-verse-sappen,"Fruit, verse sappen",Perziken,3.99,3.99,,,,,1 kg,prijs per kg €3.99,False,,,,,A,True,AH,https://www.ah.nl/producten/product/wi439903,2026-07-28,AH Wild peach bowl,fresh fruit juices
230708,45371,AH Citroen,AH,fruit-verse-sappen,"Fruit, verse sappen",Citroenen,0.79,0.79,,,,,per stuk,,False,,,,,A,True,AH,https://www.ah.nl/producten/product/wi230708,2026-07-28,AH Lemon,fresh fruit juices
67896,542405,AH Handsinaasappelen,AH,fruit-verse-sappen,"Fruit, verse sappen",Sinaasappels,3.29,3.29,,,,,2 kg,prijs per kg €1.65,False,,,,,A,True,AH,https://www.ah.nl/producten/product/wi67896,2026-07-28,AH Hand Oranges,fresh fruit juices
367212,833752,Zespri Kiwi sungold,Zespri,fruit-verse-sappen,"Fruit, verse sappen",Kiwi,6.59,6.59,,,,,750 g,prijs per kg €8.79,False,,,,,A,True,AH,https://www.ah.nl/producten/product/wi367212,2026-07-28,Zespri Kiwi sungold,fresh fruit juices
96271,101409,AH Perssinaasappelen,AH,fruit-verse-sappen,"Fruit, verse sappen",Sinaasappels,3.09,3.09,,,,,2 kg,prijs per kg €1.55,False,,,,,A,True,AH,https://www.ah.nl/producten/product/wi96271,2026-07-28,AH Press oranges,fresh fruit juices
96398,516344,AH Conference schaal,AH,fruit-verse-sappen,"Fruit, verse sappen",Peren,2.49,2.49,,,,,4 stuks,,False,,,,,A,True,AH,https://www.ah.nl/producten/product/wi96398,2026-07-28,AH Conference scale,fresh fruit juices
617968,0,AH Conference schaal 2-pack,AH,fruit-verse-sappen,"Fruit, verse sappen",Peren,4.83,4.98,3.0,3% volume voordeel,,,2 stuks,,True,AHOO,3% volume voordeel,2026-07-28,2999-12-31,,True,AH,https://www.ah.nl/producten/product/wi617968,2026-07-28,AH Conference bowl 2-pack,fresh fruit juices
617970,0,AH Conference schaal 4-pack,AH,fruit-verse-sappen,"Fruit, verse sappen",Peren,8.96,9.96,10.0,10% volume voordeel,,,4 stuks,,True,AHOO,10% volume voordeel,2026-07-28,2999-12-31,,True,AH,https://www.ah.nl/producten/product/wi617970,2026-07-28,AH Conference bowl 4-pack,fresh fruit juices
367237,833879,AH Nederlandse frambozen,AH,fruit-verse-sappen,"Fruit, verse sappen",Frambozen,2.99,2.99,,,,,140 g,prijs per kg €21.36,False,,,,,A,True,AH,https://www.ah.nl/producten/product/wi367237,2026-07-28,AH Nederlandse frambozen,fresh fruit juices
617969,0,AH Conference schaal 3-pack,AH,fruit-verse-sappen,"Fruit, verse sappen",Peren,7.1,7.47,5.0,5% volume voordeel,,,3 stuks,,True,AHOO,5% volume voordeel,2026-07-28,2999-12-31,,True,AH,https://www.ah.nl/producten/product/wi617969,2026-07-28,AH Conference schaal 3-pack,fresh fruit juices
388475,844475,AH Verse granaatappelpitjes,AH,fruit-verse-sappen,"Fruit, verse sappen",Fruitsalade,1.6667,2.49,33.1,3 voor 5.00,5.0,3.0,90 g,normale prijs per kg €27.67,True,AH,3 voor 5.00,2026-07-27,2026-08-02,A,True,AH,https://www.ah.nl/producten/product/wi388475,2026-07-28,AH Fresh pomegranate seeds,fresh fruit juices
128579,73895,AH Watermeloen,AH,fruit-verse-sappen,"Fruit, verse sappen",Meloenen,5.99,5.99,,,,,per stuk,,False,,,,,A,True,AH,https://www.ah.nl/producten/product/wi128579,2026-07-28,AH Watermelon,fresh fruit juices
167880,644800,AH Knijpfruit appel-aardbei,AH,fruit-verse-sappen,"Soepen, sauzen, kruiden, olie",Fruitmix conserven,1.85,1.85,,,,,4 x 90 g,prijs per kg €5.14,False,,,,,A,True,AH,https://www.ah.nl/producten/product/wi167880,2026-07-28,AH Knijpfruit apple-strawberry,fresh fruit juices
544086,63427,AH Verse mango,AH,fruit-verse-sappen,"Fruit, verse sappen",Fruitsalade,1.6667,2.49,33.1,3 voor 5.00,5.0,3.0,120 g,normale prijs per kg €20.75,True,AH,3 voor 5.00,2026-07-27,2026-08-02,A,True,AH,https://www.ah.nl/producten/product/wi544086,2026-07-28,AH Fresh mango,fresh fruit juices
492393,747354,AH Appelmoes,AH,fruit-verse-sappen,"Soepen, sauzen, kruiden, olie","Appelmoes, appelcompote",0.49,0.49,,,,,710 g,prijs per kg €0.69,False,,,,,A,True,AH,https://www.ah.nl/producten/product/wi492393,2026-07-28,AH Applesauce,fresh fruit juices
129399,571116,AH Mango eetrijp,AH,fruit-verse-sappen,"Fruit, verse sappen",Mango,3.85,3.85,,,,,2 stuks,,False,,,,,A,True,AH,https://www.ah.nl/producten/product/wi129399,2026-07-28,AH Mango ready to eat,fresh fruit juices
133713,563952,AH Verse ananas stukjes,AH,fruit-verse-sappen,"Fruit, verse sappen",Fruitsalade,2.89,2.89,,,,,250 g,prijs per kg €11.56,False,,,,,A,True,AH,https://www.ah.nl/producten/product/wi133713,2026-07-28,AH Fresh pineapple pieces,fresh fruit juices
490393,744729,SPRANK Appels schaal,SPRANK,fruit-verse-sappen,"Fruit, verse sappen",Schaal,2.99,2.99,,,,,4 stuks,,False,,,,,A,True,AH,https://www.ah.nl/producten/product/wi490393,2026-07-28,SPRANK Appels schaal,fresh fruit juices
184957,779650,AH Biologisch Gala schaal,AH Biologisch,fruit-verse-sappen,"Fruit, verse sappen",Schaal,2.89,2.89,,,,,4 stuks,,False,,,,,A,True,AH,https://www.ah.nl/producten/product/wi184957,2026-07-28,AH Biologisch Gala schaal,fresh fruit juices
571711,13967,AH Ananas eetrijp,AH,fruit-verse-sappen,"Fruit, verse sappen",Ananas,1.5,2.29,34.5,2 voor 3.00,3.0,2.0,per stuk,,True,AH,2 voor 3.00,2026-07-27,2026-08-02,A,True,AH,https://www.ah.nl/producten/product/wi571711,2026-07-28,AH Pineapple ready to eat,fresh fruit juices
47354,501090,AH Vers geperst sap sinaasappel,AH,fruit-verse-sappen,"Fruit, verse sappen",Sinaasappelsap en jus d'orange (vers),1.875,2.49,24.7,2 voor 3.75,3.75,2.0,500 ml,normale prijs per liter €4.98,True,AH,2 voor 3.75,2026-07-27,2026-08-02,C,True,AH,https://www.ah.nl/producten/product/wi47354,2026-07-28,AH Freshly squeezed orange juice,fresh fruit juices
618315,0,AH Vers geperst sap sinaasappel 2-pack,AH,fruit-verse-sappen,"Fruit, verse sappen",Sinaasappelsap en jus d'orange (vers),3.75,4.98,24.7,pakketkorting,,,2 stuks,,True,AHOO,,2026-07-28,2026-08-02,,True,AH,https://www.ah.nl/producten/product/wi618315,2026-07-28,AH Freshly squeezed orange juice 2-pack,fresh fruit juices
600996,52486,AH Biologisch Zoete kleine appeltjes,AH Biologisch,fruit-verse-sappen,"Fruit, verse sappen",Zakken,4.29,4.29,,,,,1 kg,prijs per kg €4.29,False,,,,,A,True,AH,https://www.ah.nl/producten/product/wi600996,2026-07-28,AH Organic Sweet little apples,fresh fruit juices
495931,790002,AH Blauwe bessen,AH,fruit-verse-sappen,"Fruit, verse sappen",Blauwe bessen,6.59,6.59,,,,,500 g,prijs per kg €13.18,False,,,,,A,True,AH,https://www.ah.nl/producten/product/wi495931,2026-07-28,AH Blueberries,fresh fruit juices
618317,0,AH Vers geperst sap sinaasappel 3-pack,AH,fruit-verse-sappen,"Fruit, verse sappen",Sinaasappelsap en jus d'orange (vers),6.24,7.47,16.5,pakketkorting,,,3 stuks,,True,AHOO,,2026-07-28,2026-08-02,,True,AH,https://www.ah.nl/producten/product/wi618317,2026-07-28,AH Freshly squeezed orange juice 3-pack,fresh fruit juices
618319,0,AH Vers geperst sap sinaasappel 4-pack,AH,fruit-verse-sappen,"Fruit, verse sappen",Sinaasappelsap en jus d'orange (vers),7.5,9.96,24.7,pakketkorting,,,4 stuks,,True,AHOO,,2026-07-28,2026-08-02,,True,AH,https://www.ah.nl/producten/product/wi618319,2026-07-28,AH Freshly squeezed orange juice 4-pack,fresh fruit juices
396952,846934,AH Nederlandse frambozen,AH,fruit-verse-sappen,"Fruit, verse sappen",Frambozen,4.99,4.99,,,,,225 g,prijs per kg €22.18,False,,,,,A,True,AH,https://www.ah.nl/producten/product/wi396952,2026-07-28,AH Nederlandse frambozen,fresh fruit juices
106260,549860,AH Mandarijnen groot,AH,fruit-verse-sappen,"Fruit, verse sappen",Mandarijnen,3.14,4.49,30.0,30% korting,,,"1,5 kg",normale prijs per kg €2.99,True,AH,30% korting,2026-07-27,2026-08-02,A,True,AH,https://www.ah.nl/producten/product/wi106260,2026-07-28,AH Mandarins large,fresh fruit juices
109078,87864,AH Jonagold zak,AH,fruit-verse-sappen,"Fruit, verse sappen",Zakken,2.39,2.39,,,,,"1,5 kg",prijs per kg €1.59,False,,,,,A,True,AH,https://www.ah.nl/producten/product/wi109078,2026-07-28,AH Jonagold bag,fresh fruit juices
143235,512256,AH Blauwe bessen,AH,fruit-verse-sappen,"Fruit, verse sappen",Blauwe bessen,2.99,2.99,,,,,150 g,prijs per kg €19.93,False,,,,,A,True,AH,https://www.ah.nl/producten/product/wi143235,2026-07-28,AH Blueberries,fresh fruit juices
519646,95049,AH Limoenen,AH,fruit-verse-sappen,"Fruit, verse sappen",Limoenen,1.45,1.45,,,,,4 stuks,,False,,,,,A,True,AH,https://www.ah.nl/producten/product/wi519646,2026-07-28,AH Limoenen,fresh fruit juices
195431,799126,AH Granny Smith schaal,AH,fruit-verse-sappen,"Fruit, verse sappen",Schaal,2.99,2.99,,,,,4 stuks,,False,,,,,A,True,AH,https://www.ah.nl/producten/product/wi195431,2026-07-28,AH Granny Smith schaal,fresh fruit juices
189671,791486,Hak Appelmoes extra kwaliteit,Hak,fruit-verse-sappen,"Soepen, sauzen, kruiden, olie","Appelmoes, appelcompote",2.19,2.19,,,,,355 g,prijs per kg €6.17,False,,,,,A,True,AH,https://www.ah.nl/producten/product/wi189671,2026-07-28,Hak Applesauce extra quality,fresh fruit juices
610531,0,Hak Appelmoes extra kwaliteit 4-pack,Hak,fruit-verse-sappen,"Soepen, sauzen, kruiden, olie","Appelmoes, appelcompote",7.88,8.76,10.0,10% volume voordeel,,,4 stuks,,True,AHOO,10% volume voordeel,2026-07-28,2999-12-31,,True,AH,https://www.ah.nl/producten/product/wi610531,2026-07-28,Hak Applesauce extra quality 4-pack,fresh fruit juices
618379,0,Fanta Orange zero sugar 4pk,Fanta,fruit-verse-sappen,"Fruit, verse sappen",Bananen,8.11,8.36,3.0,3% volume voordeel,,,4 stuks,,True,AHOO,3% volume voordeel,2026-07-28,2999-12-31,,True,AH,https://www.ah.nl/producten/product/wi618379,2026-07-28,Fanta Orange zero sugar 4pk,fresh fruit juices
62198,520310,AH Vers geperst sap sinaasappel,AH,fruit-verse-sappen,"Fruit, verse sappen",Sinaasappelsap en jus d'orange (vers),3.99,3.99,,,,,1 l,prijs per liter €3.99,False,,,,,C,True,AH,https://www.ah.nl/producten/product/wi62198,2026-07-28,AH Freshly squeezed orange juice,fresh fruit juices
182915,644801,AH Knijpfruit appel banaan,AH,fruit-verse-sappen,"Soepen, sauzen, kruiden, olie",Fruitmix conserven,1.85,1.85,,,,,4 x 90 g,prijs per kg €5.14,False,,,,,A,True,AH,https://www.ah.nl/producten/product/wi182915,2026-07-28,AH Squeeze fruit apple banana,fresh fruit juices
569883,8626,CoolBest Fruit drink mango,CoolBest,fruit-verse-sappen,"Fruit, verse sappen",Multivruchtensap (vers),2.29,2.29,,,,,1 l,prijs per liter €2.29,False,,,,,D,True,AH,https://www.ah.nl/producten/product/wi569883,2026-07-28,CoolBest Fruit drink mango,fresh fruit juices
416489,688055,AH Bramen,AH,fruit-verse-sappen,"Fruit, verse sappen",Bramen,4.19,5.99,30.0,30% korting,,,225 g,normale prijs per kg €26.62,True,AH,30% korting,2026-07-27,2026-08-02,A,True,AH,https://www.ah.nl/producten/product/wi416489,2026-07-28,AH Bramen,fresh fruit juices
236874,828611,AH Poffertjes,AH,maaltijden-salades,"Maaltijden, salades",Poffertjes,1.89,1.89,,,,,24 stuks,,False,,,,,C,True,AH,https://www.ah.nl/producten/product/wi236874,2026-07-28,AH Poffertjes,meals-salads
410944,855015,AH Verse gnocchi,AH,maaltijden-salades,"Maaltijden, salades",Verse pasta,2.99,2.99,,,,,400 g,prijs per kg €7.48,False,,,,,C,True,AH,https://www.ah.nl/producten/product/wi410944,2026-07-28,AH Fresh gnocchi,meals-salads
598385,0,AH Verse gnocchi 2-pack,AH,maaltijden-salades,"Maaltijden, salades",Verse pasta,5.74,5.98,4.0,4% volume voordeel,,,2 stuks,,True,AHOO,4% volume voordeel,2026-07-28,2999-12-31,,True,AH,https://www.ah.nl/producten/product/wi598385,2026-07-28,AH Verse gnocchi 2-pack,meals-salads
435163,46007,AH Pizzadeeg,AH,maaltijden-salades,"Maaltijden, salades",Pizzabodem (vers),1.99,1.99,,,,,260 g,prijs per kg €7.65,False,,,,,C,True,AH,https://www.ah.nl/producten/product/wi435163,2026-07-28,AH Pizzadeeg,meals-salads
617763,0,AH Pizzadeeg 2-pack,AH,maaltijden-salades,"Maaltijden, salades",Pizzabodem (vers),3.82,3.98,4.0,4% volume voordeel,,,2 stuks,,True,AHOO,4% volume voordeel,2026-07-28,2999-12-31,,True,AH,https://www.ah.nl/producten/product/wi617763,2026-07-28,AH Pizzadeeg 2-pack,meals-salads
617764,0,AH Pizzadeeg 3-pack,AH,maaltijden-salades,"Maaltijden, salades",Pizzabodem (vers),5.55,5.97,7.0,7% volume voordeel,,,3 stuks,,True,AHOO,7% volume voordeel,2026-07-28,2999-12-31,,True,AH,https://www.ah.nl/producten/product/wi617764,2026-07-28,AH Pizza dough 3-pack,meals-salads
617265,0,AH Verse gnocchi 4-pack,AH,maaltijden-salades,"Maaltijden, salades",Verse pasta,10.52,11.96,12.0,12% volume voordeel,,,4 stuks,,True,AHOO,12% volume voordeel,2026-07-28,2999-12-31,,True,AH,https://www.ah.nl/producten/product/wi617265,2026-07-28,AH Fresh gnocchi 4-pack,meals-salads
617264,0,AH Verse gnocchi 3-pack,AH,maaltijden-salades,"Maaltijden, salades",Verse pasta,8.25,8.97,8.0,8% volume voordeel,,,3 stuks,,True,AHOO,8% volume voordeel,2026-07-28,2999-12-31,,True,AH,https://www.ah.nl/producten/product/wi617264,2026-07-28,AH Fresh gnocchi 3-pack,meals-salads
31392,93834,AH Bapao rundvlees,AH,maaltijden-salades,"Maaltijden, salades",Bapao,1.29,1.29,,,,,115 g,prijs per kg €11.22,False,,,,,C,True,AH,https://www.ah.nl/producten/product/wi31392,2026-07-28,AH Bapao beef,meals-salads
120332,554635,AH Pastasaus tomaat mascarpone,AH,maaltijden-salades,"Maaltijden, salades",Verse pastasaus,2.49,2.49,,,,,225 g,prijs per kg €11.07,False,,,,,C,True,AH,https://www.ah.nl/producten/product/wi120332,2026-07-28,AH Pastasaus tomaat mascarpone,meals-salads
598376,0,AH Pastasaus tomaat mascarpone 2-pack,AH,maaltijden-salades,"Maaltijden, salades",Verse pastasaus,4.78,4.98,4.0,4% volume voordeel,,,2 stuks,,True,AHOO,4% volume voordeel,2026-07-28,2999-12-31,,True,AH,https://www.ah.nl/producten/product/wi598376,2026-07-28,AH Pasta sauce tomato mascarpone 2-pack,meals-salads
187619,788657,Van Gilse Poedersuiker,Van Gilse,maaltijden-salades,"Maaltijden, salades","Suiker, poedersuiker",1.09,1.09,,,,,250 g,prijs per kg €4.36,False,,,,,E,True,AH,https://www.ah.nl/producten/product/wi187619,2026-07-28,Van Gilse Poedersuiker,meals-salads
618175,0,AH Pastasaus tomaat mascarpone 4-pack,AH,maaltijden-salades,"Maaltijden, salades",Verse pastasaus,8.76,9.96,12.0,12% volume voordeel,,,4 stuks,,True,AHOO,12% volume voordeel,2026-07-28,2999-12-31,,True,AH,https://www.ah.nl/producten/product/wi618175,2026-07-28,AH Pasta sauce tomato mascarpone 4-pack,meals-salads
618174,0,AH Pastasaus tomaat mascarpone 3-pack,AH,maaltijden-salades,"Maaltijden, salades",Verse pastasaus,6.87,7.47,8.0,8% volume voordeel,,,3 stuks,,True,AHOO,8% volume voordeel,2026-07-28,2999-12-31,,True,AH,https://www.ah.nl/producten/product/wi618174,2026-07-28,AH Pasta sauce tomato mascarpone 3-pack,meals-salads
383671,843081,AH Banaan spelt pancakes,AH,maaltijden-salades,"Maaltijden, salades",Pannenkoeken,2.39,2.39,,,,,160 g,prijs per kg €14.94,False,,,,,C,True,AH,https://www.ah.nl/producten/product/wi383671,2026-07-28,AH Banana spelled pancakes,meals-salads
160917,627977,AH Pasta Pestosaus,AH,maaltijden-salades,"Maaltijden, salades",Verse pastasaus,2.49,2.49,,,,,125 g,prijs per kg €19.92,False,,,,,E,True,AH,https://www.ah.nl/producten/product/wi160917,2026-07-28,AH Pasta Pesto Sauce,meals-salads
503093,825452,AH Vers bladerdeeg,AH,maaltijden-salades,"Maaltijden, salades",Pizzabodem (vers),1.39,1.39,,,,,270 g,prijs per kg €5.15,False,,,,,D,True,AH,https://www.ah.nl/producten/product/wi503093,2026-07-28,AH Vers bladerdeeg,meals-salads
619120,0,AH Vers bladerdeeg 3-pack,AH,maaltijden-salades,"Maaltijden, salades",Pizzabodem (vers),3.88,4.17,7.0,7% volume voordeel,,,3 stuks,,True,AHOO,7% volume voordeel,2026-07-28,2999-12-31,,True,AH,https://www.ah.nl/producten/product/wi619120,2026-07-28,AH Fresh puff pastry 3-pack,meals-salads
59296,513034,AH Verse ravioli formaggio e pomodoro,AH,maaltijden-salades,"Maaltijden, salades",Verse pasta,2.49,2.49,,,,,250 g,prijs per kg €9.96,False,,,,,C,True,AH,https://www.ah.nl/producten/product/wi59296,2026-07-28,AH Verse ravioli formaggio e pomodoro,meals-salads
598492,0,AH Banaan spelt pancakes 3-pack,AH,maaltijden-salades,"Maaltijden, salades",Pannenkoeken,6.88,7.17,4.0,4% volume voordeel,,,3 stuks,,True,AHOO,4% volume voordeel,2026-07-28,2999-12-31,,True,AH,https://www.ah.nl/producten/product/wi598492,2026-07-28,AH Banaan spelt pancakes 3-pack,meals-salads
619121,0,AH Vers bladerdeeg 4-pack,AH,maaltijden-salades,"Maaltijden, salades",Pizzabodem (vers),5.0,5.56,10.0,10% volume voordeel,,,4 stuks,,True,AHOO,10% volume voordeel,2026-07-28,2999-12-31,,True,AH,https://www.ah.nl/producten/product/wi619121,2026-07-28,AH Fresh puff pastry 4-pack,meals-salads
618339,0,AH Verse ravioli formaggio e pomodoro 2-pck,AH,maaltijden-salades,"Maaltijden, salades",Verse pasta,4.78,4.98,4.0,4% volume voordeel,,,2 stuks,,True,AHOO,4% volume voordeel,2026-07-28,2999-12-31,,True,AH,https://www.ah.nl/producten/product/wi618339,2026-07-28,AH Verse ravioli formaggio e pomodoro 2-pck,meals-salads
618340,0,AH Verse ravioli formaggio e pomodoro 3-pck,AH,maaltijden-salades,"Maaltijden, salades",Verse pasta,6.87,7.47,8.0,8% volume voordeel,,,3 stuks,,True,AHOO,8% volume voordeel,2026-07-28,2999-12-31,,True,AH,https://www.ah.nl/producten/product/wi618340,2026-07-28,AH Fresh ravioli formaggio e pomodoro 3-pck,meals-salads
618341,0,AH Verse ravioli formaggio e pomodoro 4-pck,AH,maaltijden-salades,"Maaltijden, salades",Verse pasta,8.76,9.96,12.0,12% volume voordeel,,,4 stuks,,True,AHOO,12% volume voordeel,2026-07-28,2999-12-31,,True,AH,https://www.ah.nl/producten/product/wi618341,2026-07-28,AH Fresh ravioli formaggio e pomodoro 4-pck,meals-salads
619140,0,AH Banaan spelt pancakes 2-pack,AH,maaltijden-salades,"Maaltijden, salades",Pannenkoeken,4.68,4.78,2.0,2% volume voordeel,,,2 stuks,,True,AHOO,2% volume voordeel,2026-07-28,2999-12-31,,True,AH,https://www.ah.nl/producten/product/wi619140,2026-07-28,AH Banana spelled pancakes 2-pack,meals-salads
56027,527485,AH Tagliatelle all' uovo,AH,maaltijden-salades,"Maaltijden, salades",Verse pasta,2.49,2.49,,,,,250 g,prijs per kg €9.96,False,,,,,A,True,AH,https://www.ah.nl/producten/product/wi56027,2026-07-28,AH Tagliatelle all'uovo,meals-salads
130455,590323,AH Pannenkoeken naturel,AH,maaltijden-salades,"Maaltijden, salades",Pannenkoeken,2.89,2.89,,,,,8 stuks,,False,,,,,C,True,AH,https://www.ah.nl/producten/product/wi130455,2026-07-28,AH Pancakes natural,meals-salads
618303,0,AH Tagliatelle all' uovo 2-pack,AH,maaltijden-salades,"Maaltijden, salades",Verse pasta,4.78,4.98,4.0,4% volume voordeel,,,2 stuks,,True,AHOO,4% volume voordeel,2026-07-28,2999-12-31,,True,AH,https://www.ah.nl/producten/product/wi618303,2026-07-28,AH Tagliatelle all' uovo 2-pack,meals-salads
619141,0,AH Banaan spelt pancakes 4-pack,AH,maaltijden-salades,"Maaltijden, salades",Pannenkoeken,8.99,9.56,6.0,6% volume voordeel,,,4 stuks,,True,AHOO,6% volume voordeel,2026-07-28,2999-12-31,,True,AH,https://www.ah.nl/producten/product/wi619141,2026-07-28,AH Banaan spelt pancakes 4-pack,meals-salads
203226,797335,Bieze Rauwkost coleslaw,Bieze,maaltijden-salades,"Maaltijden, salades",Rauwkostsalade,1.99,1.99,,,,,250 g,prijs per kg €7.96,False,,,,,C,True,AH,https://www.ah.nl/producten/product/wi203226,2026-07-28,Bieze Raw coleslaw,meals-salads
618304,0,AH Tagliatelle all' uovo 3-pack,AH,maaltijden-salades,"Maaltijden, salades",Verse pasta,6.87,7.47,8.0,8% volume voordeel,,,3 stuks,,True,AHOO,8% volume voordeel,2026-07-28,2999-12-31,,True,AH,https://www.ah.nl/producten/product/wi618304,2026-07-28,AH Tagliatelle all' uovo 3-pack,meals-salads
560988,80240,AH Flammkuchendeeg,AH,maaltijden-salades,"Maaltijden, salades",Pizzabodem (vers),2.19,2.19,,,,,260 g,prijs per kg €8.42,False,,,,,C,True,AH,https://www.ah.nl/producten/product/wi560988,2026-07-28,AH Flammkuchen dough,meals-salads
618305,0,AH Tagliatelle all' uovo 4-pack,AH,maaltijden-salades,"Maaltijden, salades",Verse pasta,8.76,9.96,12.0,12% volume voordeel,,,4 stuks,,True,AHOO,12% volume voordeel,2026-07-28,2999-12-31,,True,AH,https://www.ah.nl/producten/product/wi618305,2026-07-28,AH Tagliatelle all' uovo 4-pack,meals-salads
120877,563913,AH Caesar mix M,AH,maaltijden-salades,"Maaltijden, salades",Kleine salade,3.5,4.29,18.4,2 voor 7.00,7.0,2.0,275 g,normale prijs per kg €15.60,True,AH,2 voor 7.00,2026-07-27,2026-08-02,C,True,AH,https://www.ah.nl/producten/product/wi120877,2026-07-28,AH Caesar mix M,meals-salads
618165,0,AH Pannenkoeken naturel 2-pack,AH,maaltijden-salades,"Maaltijden, salades",Pannenkoeken,5.66,5.78,2.0,2% volume voordeel,,,2 stuks,,True,AHOO,2% volume voordeel,2026-07-28,2999-12-31,,True,AH,https://www.ah.nl/producten/product/wi618165,2026-07-28,AH Pancakes natural 2-pack,meals-salads
618166,0,AH Pannenkoeken naturel 4-pack,AH,maaltijden-salades,"Maaltijden, salades",Pannenkoeken,10.87,11.56,6.0,6% volume voordeel,,,4 stuks,,True,AHOO,6% volume voordeel,2026-07-28,2999-12-31,,True,AH,https://www.ah.nl/producten/product/wi618166,2026-07-28,AH Pancakes natural 4-pack,meals-salads
120328,541704,AH Bapao kipsate,AH,maaltijden-salades,"Maaltijden, salades",Bapao,1.29,1.29,,,,,115 g,prijs per kg €11.22,False,,,,,C,True,AH,https://www.ah.nl/producten/product/wi120328,2026-07-28,AH Bapao chicken satay,meals-salads
140715,612543,AH American pancakes naturel,AH,maaltijden-salades,"Maaltijden, salades",Pannenkoeken,2.09,2.09,,,,,6 stuks,,False,,,,,C,True,AH,https://www.ah.nl/producten/product/wi140715,2026-07-28,AH American pancakes naturel,meals-salads
55960,512924,AH Quiche lorraine,AH,maaltijden-salades,"Maaltijden, salades",Quiches,3.99,3.99,,,,,300 g,prijs per kg €13.30,False,,,,,D,True,AH,https://www.ah.nl/producten/product/wi55960,2026-07-28,AH Quiche lorraine,meals-salads
62699,527483,AH Tortelloni verdi ricotta spinaci,AH,maaltijden-salades,"Maaltijden, salades",Verse pasta,2.49,2.49,,,,,250 g,prijs per kg €9.96,False,,,,,C,True,AH,https://www.ah.nl/producten/product/wi62699,2026-07-28,AH Tortelloni verdi ricotta spinaci,meals-salads
598117,0,AH Quiche lorraine 2-pack,AH,maaltijden-salades,"Maaltijden, salades",Quiches,7.66,7.98,4.0,4% volume voordeel,,,2 stuks,,True,AHOO,4% volume voordeel,2026-07-28,2999-12-31,,True,AH,https://www.ah.nl/producten/product/wi598117,2026-07-28,AH Quiche lorraine 2-pack,meals-salads
567391,0,AH Pannenkoeken naturel 3-pack,AH,maaltijden-salades,"Maaltijden, salades",Pannenkoeken,8.32,8.67,4.0,4% volume voordeel,,,3 stuks,,True,AHOO,4% volume voordeel,2026-07-28,2999-12-31,,True,AH,https://www.ah.nl/producten/product/wi567391,2026-07-28,AH Pannenkoeken naturel 3-pack,meals-salads
618306,0,AH Tortelloni verdi ricotta spinaci 2-pack,AH,maaltijden-salades,"Maaltijden, salades",Verse pasta,4.78,4.98,4.0,4% volume voordeel,,,2 stuks,,True,AHOO,4% volume voordeel,2026-07-28,2999-12-31,,True,AH,https://www.ah.nl/producten/product/wi618306,2026-07-28,AH Tortelloni verdi ricotta spinaci 2-pack,meals-salads
168206,581672,AH Spaghetti all' uovo,AH,maaltijden-salades,"Maaltijden, salades",Verse pasta,2.49,2.49,,,,,250 g,prijs per kg €9.96,False,,,,,A,True,AH,https://www.ah.nl/producten/product/wi168206,2026-07-28,AH Spaghetti all' uovo,meals-salads
598379,0,AH Spaghetti all' uovo 2-pack,AH,maaltijden-salades,"Maaltijden, salades",Verse pasta,4.78,4.98,4.0,4% volume voordeel,,,2 stuks,,True,AHOO,4% volume voordeel,2026-07-28,2999-12-31,,True,AH,https://www.ah.nl/producten/product/wi598379,2026-07-28,AH Spaghetti all' uovo 2-pack,meals-salads
618196,0,AH Quiche lorraine 3-pack,AH,maaltijden-salades,"Maaltijden, salades",Quiches,11.01,11.97,8.0,8% volume voordeel,,,3 stuks,,True,AHOO,8% volume voordeel,2026-07-28,2999-12-31,,True,AH,https://www.ah.nl/producten/product/wi618196,2026-07-28,AH Quiche lorraine 3-pack,meals-salads
618197,0,AH Quiche lorraine 4-pack,AH,maaltijden-salades,"Maaltijden, salades",Quiches,14.04,15.96,12.0,12% volume voordeel,,,4 stuks,,True,AHOO,12% volume voordeel,2026-07-28,2999-12-31,,True,AH,https://www.ah.nl/producten/product/wi618197,2026-07-28,AH Quiche lorraine 4-pack,meals-salads
618307,0,AH Tortelloni verdi ricotta spinaci 3-pack,AH,maaltijden-salades,"Maaltijden, salades",Verse pasta,6.87,7.47,8.0,8% volume voordeel,,,3 stuks,,True,AHOO,8% volume voordeel,2026-07-28,2999-12-31,,True,AH,https://www.ah.nl/producten/product/wi618307,2026-07-28,AH Tortelloni verdi ricotta spinaci 3-pack,meals-salads
618308,0,AH Tortelloni verdi ricotta spinaci 4-pack,AH,maaltijden-salades,"Maaltijden, salades",Verse pasta,8.76,9.96,12.0,12% volume voordeel,,,4 stuks,,True,AHOO,12% volume voordeel,2026-07-28,2999-12-31,,True,AH,https://www.ah.nl/producten/product/wi618308,2026-07-28,AH Tortelloni verdi ricotta spinaci 4-pack,meals-salads
497932,804096,Jan Pannenkoeken naturel,Jan,maaltijden-salades,"Maaltijden, salades",Pannenkoeken,3.69,3.69,,,,,675 g,prijs per kg €5.47,False,,,,,C,True,AH,https://www.ah.nl/producten/product/wi497932,2026-07-28,Jan Pancakes natural,meals-salads
598021,0,AH Flammkuchendeeg 3-pack,AH,maaltijden-salades,"Maaltijden, salades",Pizzabodem (vers),6.11,6.57,7.0,7% volume voordeel,,,3 stuks,,True,AHOO,7% volume voordeel,2026-07-28,2999-12-31,,True,AH,https://www.ah.nl/producten/product/wi598021,2026-07-28,AH Flammkuchen dough 3-pack,meals-salads
3697,6294,Van Gilse Kristalsuiker,Van Gilse,maaltijden-salades,"Maaltijden, salades","Suiker, poedersuiker",0.95,0.95,,,,,1 kg,prijs per kg €0.95,False,,,,,E,True,AH,https://www.ah.nl/producten/product/wi3697,2026-07-28,Van Gilse Kristalsuiker,meals-salads
620218,0,AH Flammkuchendeeg 2-pack,AH,maaltijden-salades,"Maaltijden, salades",Pizzabodem (vers),4.2,4.38,4.0,4% volume voordeel,,,2 stuks,,True,AHOO,4% volume voordeel,2026-07-28,2999-12-31,,True,AH,https://www.ah.nl/producten/product/wi620218,2026-07-28,AH Flammkuchen dough 2-pack,meals-salads
525358,735672,AH Cappelletti prosciutto crudo,AH,maaltijden-salades,"Maaltijden, salades",Verse pasta,2.49,2.49,,,,,250 g,prijs per kg €9.96,False,,,,,D,True,AH,https://www.ah.nl/producten/product/wi525358,2026-07-28,AH Cappelletti prosciutto crudo,meals-salads
128130,583567,AH Italiaanse mix M,AH,maaltijden-salades,"Maaltijden, salades",Kleine salade,3.5,4.19,16.5,2 voor 7.00,7.0,2.0,240 g,normale prijs per kg €17.46,True,AH,2 voor 7.00,2026-07-27,2026-08-02,B,True,AH,https://www.ah.nl/producten/product/wi128130,2026-07-28,AH Italian mix M,meals-salads
619660,0,AH Cappelletti prosciutto crudo 2-pack,AH,maaltijden-salades,"Maaltijden, salades",Verse pasta,4.78,4.98,4.0,4% volume voordeel,,,2 stuks,,True,AHOO,4% volume voordeel,2026-07-28,2999-12-31,,True,AH,https://www.ah.nl/producten/product/wi619660,2026-07-28,AH Cappelletti prosciutto crudo 2-pack,meals-salads
132561,595301,AH Kip Caesar L,AH,maaltijden-salades,"Maaltijden, salades",Maaltijdsalade,5.49,5.49,,,,,450 g,prijs per kg €12.20,False,,,,,B,True,AH,https://www.ah.nl/producten/product/wi132561,2026-07-28,AH Kip Caesar L,meals-salads
618130,0,AH Maaltijdsalade kip caesar 4-pack,AH,maaltijden-salades,"Maaltijden, salades",Maaltijdsalade,20.86,21.96,5.0,5% volume voordeel,,,4 stuks,,True,AHOO,5% volume voordeel,2026-07-28,2999-12-31,,True,AH,https://www.ah.nl/producten/product/wi618130,2026-07-28,AH Meal salad chicken caesar 4-pack,meals-salads
3706,6296,AH Suikerklontjes,AH,maaltijden-salades,"Maaltijden, salades","Suiker, poedersuiker",1.79,1.79,,,,,1 kg,prijs per kg €1.79,False,,,,,E,True,AH,https://www.ah.nl/producten/product/wi3706,2026-07-28,AH Suikerklontjes,meals-salads
618129,0,AH Maaltijdsalade kip caesar 3-pack,AH,maaltijden-salades,"Maaltijden, salades",Maaltijdsalade,15.98,16.47,3.0,3% volume voordeel,,,3 stuks,,True,AHOO,3% volume voordeel,2026-07-28,2999-12-31,,True,AH,https://www.ah.nl/producten/product/wi618129,2026-07-28,AH Meal salad chicken caesar 3-pack,meals-salads
620219,0,AH Flammkuchendeeg 4-pack,AH,maaltijden-salades,"Maaltijden, salades",Pizzabodem (vers),7.88,8.76,10.0,10% volume voordeel,,,4 stuks,,True,AHOO,10% volume voordeel,2026-07-28,2999-12-31,,True,AH,https://www.ah.nl/producten/product/wi620219,2026-07-28,AH Flammkuchen dough 4-pack,meals-salads
619662,0,AH Cappelletti prosciutto crudo 4-pack,AH,maaltijden-salades,"Maaltijden, salades",Verse pasta,8.76,9.96,12.0,12% volume voordeel,,,4 stuks,,True,AHOO,12% volume voordeel,2026-07-28,2999-12-31,,True,AH,https://www.ah.nl/producten/product/wi619662,2026-07-28,AH Cappelletti prosciutto crudo 4-pack,meals-salads
619661,0,AH Cappelletti prosciutto crudo 3-pack,AH,maaltijden-salades,"Maaltijden, salades",Verse pasta,6.87,7.47,8.0,8% volume voordeel,,,3 stuks,,True,AHOO,8% volume voordeel,2026-07-28,2999-12-31,,True,AH,https://www.ah.nl/producten/product/wi619661,2026-07-28,AH Cappelletti prosciutto crudo 3-pack,meals-salads
564706,1893,AH Terra Quinoa noten S,AH Terra,maaltijden-salades,"Maaltijden, salades",Kleine salade,3.29,3.29,,,,,205 g,prijs per kg €16.05,False,,,,,A,True,AH,https://www.ah.nl/producten/product/wi564706,2026-07-28,AH Terra Quinoa nuts S,meals-salads
620370,0,AH Terra Plantaardige kln salade quinoa noten 3pk,AH Terra,maaltijden-salades,"Maaltijden, salades",Kleine salade,9.57,9.87,3.0,3% volume voordeel,,,3 stuks,,True,AHOO,3% volume voordeel,2026-07-28,2999-12-31,,True,AH,https://www.ah.nl/producten/product/wi620370,2026-07-28,AH Terra Vegetable cln salad quinoa nuts 3pk,meals-salads
620371,0,AH Terra Plantaardige kl salade quinoa noten 4pck,AH Terra,maaltijden-salades,"Maaltijden, salades",Kleine salade,12.5,13.16,5.0,5% volume voordeel,,,4 stuks,,True,AHOO,5% volume voordeel,2026-07-28,2999-12-31,,True,AH,https://www.ah.nl/producten/product/wi620371,2026-07-28,AH Terra Plantaardige kl salade quinoa noten 4pck,meals-salads
407552,852980,Van Gilse Schenkstroop,Van Gilse,maaltijden-salades,"Maaltijden, salades",Schenkstroop,1.99,1.99,,,,,600 g,prijs per kg €3.32,False,,,,,E,True,AH,https://www.ah.nl/producten/product/wi407552,2026-07-28,Van Gilse Schenkstroop,meals-salads
497933,804098,Jan Poffertjes met boter en suiker,Jan,maaltijden-salades,"Maaltijden, salades",Poffertjes,3.29,3.29,,,,,38 st,,False,,,,,D,True,AH,https://www.ah.nl/producten/product/wi497933,2026-07-28,Jan Poffertjes with butter and sugar,meals-salads
160914,581671,AH Lasagne all uovo,AH,maaltijden-salades,"Maaltijden, salades",Verse pasta,2.49,2.49,,,,,250 g,prijs per kg €9.96,False,,,,,A,True,AH,https://www.ah.nl/producten/product/wi160914,2026-07-28,AH Lasagna all uovo,meals-salads
598365,0,AH Lasagne all uovo 2-pack,AH,maaltijden-salades,"Maaltijden, salades",Verse pasta,4.78,4.98,4.0,4% volume voordeel,,,2 stuks,,True,AHOO,4% volume voordeel,2026-07-28,2999-12-31,,True,AH,https://www.ah.nl/producten/product/wi598365,2026-07-28,AH Lasagna all uovo 2-pack,meals-salads
237426,830647,AH Appel witlof M,AH,maaltijden-salades,"Maaltijden, salades",Kleine salade,3.5,4.19,16.5,2 voor 7.00,7.0,2.0,335 g,normale prijs per kg €12.51,True,AH,2 voor 7.00,2026-07-27,2026-08-02,A,True,AH,https://www.ah.nl/producten/product/wi237426,2026-07-28,AH Apple chicory M,meals-salads
164341,629936,Westland Rundvlees slaatje voordeelverpakking,Westland,maaltijden-salades,"Maaltijden, salades",Slaatjes,4.59,4.59,,,,,560 g,prijs per kg €8.20,False,,,,,C,True,AH,https://www.ah.nl/producten/product/wi164341,2026-07-28,Westland Beef salad value pack,meals-salads
203227,797336,Bieze Rauwkost farmer,Bieze,maaltijden-salades,"Maaltijden, salades",Rauwkostsalade,1.99,1.99,,,,,250 g,prijs per kg €7.96,False,,,,,C,True,AH,https://www.ah.nl/producten/product/wi203227,2026-07-28,Bieze Raw food farmer,meals-salads
142435,590730,AH Verse ravioli 5 formaggio,AH,maaltijden-salades,"Maaltijden, salades",Verse pasta,2.49,2.49,,,,,250 g,prijs per kg €9.96,False,,,,,C,True,AH,https://www.ah.nl/producten/product/wi142435,2026-07-28,AH Fresh ravioli 5 formaggio,meals-salads
198387,800281,AH Groentesoep verspakket,AH,maaltijden-salades,"Groente, aardappelen",Soeppakketten,4.99,4.99,,,,,6 pers | 30 min,,False,,,,,B,True,AH,https://www.ah.nl/producten/product/wi198387,2026-07-28,AH Groentesoep verspakket,meals-salads
386308,843913,Magioni Magioni bloemkoolbodem pizza,Magioni,maaltijden-salades,"Maaltijden, salades",Pizzabodem (vers),3.99,3.99,,,,,2 x 195 g,prijs per kg €10.23,False,,,,,A,True,AH,https://www.ah.nl/producten/product/wi386308,2026-07-28,Magioni Magioni cauliflower base pizza,meals-salads
525360,657081,AH Terra Plantaardig ravioli agli spinaci,AH Terra,maaltijden-salades,"Maaltijden, salades",Verse pasta,3.19,3.19,,,,,250 g,prijs per kg €12.76,False,,,,,C,True,AH,https://www.ah.nl/producten/product/wi525360,2026-07-28,AH Terra Vegetable ravioli agli spinaci,meals-salads
619679,0,AH Terra Plantaardig ravioli agli spinaci 2-pack,AH Terra,maaltijden-salades,"Maaltijden, salades",Verse pasta,6.12,6.38,4.0,4% volume voordeel,,,2 stuks,,True,AHOO,4% volume voordeel,2026-07-28,2999-12-31,,True,AH,https://www.ah.nl/producten/product/wi619679,2026-07-28,AH Terra Plantaardig ravioli agli spinaci 2-pack,meals-salads
619681,0,AH Terra Plantaardig ravioli agli spinaci 4-pack,AH Terra,maaltijden-salades,"Maaltijden, salades",Verse pasta,11.23,12.76,12.0,12% volume voordeel,,,4 stuks,,True,AHOO,12% volume voordeel,2026-07-28,2999-12-31,,True,AH,https://www.ah.nl/producten/product/wi619681,2026-07-28,AH Terra Vegetable ravioli agli spinaci 4-pack,meals-salads
619680,0,AH Terra Plantaardig ravioli agli spinaci 3-pack,AH Terra,maaltijden-salades,"Maaltijden, salades",Verse pasta,8.8,9.57,8.0,8% volume voordeel,,,3 stuks,,True,AHOO,8% volume voordeel,2026-07-28,2999-12-31,,True,AH,https://www.ah.nl/producten/product/wi619680,2026-07-28,AH Terra Vegetable ravioli agli spinaci 3-pack,meals-salads
161789,629937,AH Rundvleesslaatje,AH,maaltijden-salades,"Maaltijden, salades",Slaatjes,0.85,0.85,,,,,140 g,prijs per kg €6.07,False,,,,,C,True,AH,https://www.ah.nl/producten/product/wi161789,2026-07-28,AH Rundvleesslaatje,meals-salads
232065,792696,AH Kip Caesar M,AH,maaltijden-salades,"Maaltijden, salades",Maaltijdsalade,3.5,4.49,22.0,2 voor 7.00,7.0,2.0,230 g,normale prijs per kg €19.52,True,AH,2 voor 7.00,2026-07-27,2026-08-02,C,True,AH,https://www.ah.nl/producten/product/wi232065,2026-07-28,AH Kip Caesar M,meals-salads
128131,583568,AH Boeren mix M,AH,maaltijden-salades,"Maaltijden, salades",Kleine salade,3.5,4.19,16.5,2 voor 7.00,7.0,2.0,280 g,normale prijs per kg €14.96,True,AH,2 voor 7.00,2026-07-27,2026-08-02,B,True,AH,https://www.ah.nl/producten/product/wi128131,2026-07-28,AH Farmers mix M,meals-salads
474117,726522,AH Quiche spinazie geitenkaas,AH,maaltijden-salades,"Maaltijden, salades",Quiches,3.99,3.99,,,,,300 g,prijs per kg €13.30,False,,,,,C,True,AH,https://www.ah.nl/producten/product/wi474117,2026-07-28,AH Quiche spinach goat cheese,meals-salads
419093,690398,AH Quiche & taartdeeg,AH,maaltijden-salades,"Maaltijden, salades",Quiches,1.75,1.75,,,,,230 g,prijs per kg €7.61,False,,,,,E,True,AH,https://www.ah.nl/producten/product/wi419093,2026-07-28,AH Quiche & taartdeeg,meals-salads
142442,615835,AH Tagliatelle all' uovo,AH,maaltijden-salades,"Maaltijden, salades",Verse pasta,3.89,3.89,,,,,500 g,prijs per kg €7.78,False,,,,,A,True,AH,https://www.ah.nl/producten/product/wi142442,2026-07-28,AH Tagliatelle all'uovo,meals-salads
390014,846605,AH Huzarenslaatje,AH,maaltijden-salades,"Maaltijden, salades",Slaatjes,0.69,0.69,,,,,150 g,prijs per kg €4.60,False,,,,,C,True,AH,https://www.ah.nl/producten/product/wi390014,2026-07-28,AH Huzarensaltje,meals-salads
618729,0,AH Quiche spinazie geitenkaas 3-pack,AH,maaltijden-salades,"Maaltijden, salades",Quiches,11.01,11.97,8.0,8% volume voordeel,,,3 stuks,,True,AHOO,8% volume voordeel,2026-07-28,2999-12-31,,True,AH,https://www.ah.nl/producten/product/wi618729,2026-07-28,AH Quiche spinach goat cheese 3-pack,meals-salads
418284,689619,AH Terra Verse pureersoep tomaat oregano,AH Terra,maaltijden-salades,"Maaltijden, salades",Verse soepen,3.5,4.49,22.0,2 voor 7.00,7.0,2.0,638 g,normale prijs per kg €7.04,True,AH,2 voor 7.00,2026-07-27,2026-08-02,B,True,AH,https://www.ah.nl/producten/product/wi418284,2026-07-28,AH Terra Fresh puree soup tomato oregano,meals-salads
618730,0,AH Quiche spinazie geitenkaas 4-pack,AH,maaltijden-salades,"Maaltijden, salades",Quiches,14.04,15.96,12.0,12% volume voordeel,,,4 stuks,,True,AHOO,12% volume voordeel,2026-07-28,2999-12-31,,True,AH,https://www.ah.nl/producten/product/wi618730,2026-07-28,AH Quiche spinazie geitenkaas 4-pack,meals-salads
203229,797339,Bieze Rauwkost 4 seizoenen,Bieze,maaltijden-salades,"Maaltijden, salades",Rauwkostsalade,1.99,1.99,,,,,250 g,prijs per kg €7.96,False,,,,,C,True,AH,https://www.ah.nl/producten/product/wi203229,2026-07-28,Bieze Rauwkost 4 seasons,meals-salads
525268,42769,AH Biologisch Tagliatelle volkoren,AH Biologisch,maaltijden-salades,"Maaltijden, salades",Verse pasta,2.69,2.69,,,,,250 g,prijs per kg €10.76,False,,,,,A,True,AH,https://www.ah.nl/producten/product/wi525268,2026-07-28,AH Organic Tagliatelle whole wheat,meals-salads
619634,0,AH Biologisch Tagliatelle volkoren 2-pack,AH Biologisch,maaltijden-salades,"Maaltijden, salades",Verse pasta,5.16,5.38,4.0,4% volume voordeel,,,2 stuks,,True,AHOO,4% volume voordeel,2026-07-28,2999-12-31,,True,AH,https://www.ah.nl/producten/product/wi619634,2026-07-28,AH Organic Tagliatelle whole wheat 2-pack,meals-salads
619635,0,AH Biologisch Tagliatelle volkoren 3-pack,AH Biologisch,maaltijden-salades,"Maaltijden, salades",Verse pasta,7.42,8.07,8.0,8% volume voordeel,,,3 stuks,,True,AHOO,8% volume voordeel,2026-07-28,2999-12-31,,True,AH,https://www.ah.nl/producten/product/wi619635,2026-07-28,AH Biologisch Tagliatelle volkoren 3-pack,meals-salads
619636,0,AH Biologisch Tagliatelle volkoren 4-pack,AH Biologisch,maaltijden-salades,"Maaltijden, salades",Verse pasta,9.47,10.76,12.0,12% volume voordeel,,,4 stuks,,True,AHOO,12% volume voordeel,2026-07-28,2999-12-31,,True,AH,https://www.ah.nl/producten/product/wi619636,2026-07-28,AH Biologisch Tagliatelle volkoren 4-pack,meals-salads
203228,797338,Bieze Rauwkost komkommer,Bieze,maaltijden-salades,"Maaltijden, salades",Rauwkostsalade,1.99,1.99,,,,,250 g,prijs per kg €7.96,False,,,,,C,True,AH,https://www.ah.nl/producten/product/wi203228,2026-07-28,Bieze Rauwkost komkommer,meals-salads
487349,742259,AH Pizzabodem houtoven,AH,maaltijden-salades,"Maaltijden, salades",Pizzabodem (vers),3.39,3.39,,,,,500 g,prijs per kg €6.78,False,,,,,C,True,AH,https://www.ah.nl/producten/product/wi487349,2026-07-28,AH Pizza base wood oven,meals-salads
217090,811685,AH Pastasaus pomodori basilicum,AH,maaltijden-salades,"Maaltijden, salades",Verse pastasaus,2.49,2.49,,,,,225 g,prijs per kg €11.07,False,,,,,C,True,AH,https://www.ah.nl/producten/product/wi217090,2026-07-28,AH Pasta sauce pomodori basil,meals-salads
560642,708127,AH Proteïne pancakes 4 stuks,AH,maaltijden-salades,"Maaltijden, salades",Pannenkoeken,2.39,2.39,,,,,160 g,prijs per kg €14.94,False,,,,,C,True,AH,https://www.ah.nl/producten/product/wi560642,2026-07-28,AH Protein pancakes 4 pieces,meals-salads
598374,0,AH Pastasaus pomodori basilicum 2-pack,AH,maaltijden-salades,"Maaltijden, salades",Verse pastasaus,4.78,4.98,4.0,4% volume voordeel,,,2 stuks,,True,AHOO,4% volume voordeel,2026-07-28,2999-12-31,,True,AH,https://www.ah.nl/producten/product/wi598374,2026-07-28,AH Pasta sauce pomodori basil 2-pack,meals-salads
525237,800372,AH Gesneden verspakket bami,AH,maaltijden-salades,"Groente, aardappelen",Gesneden verspakketten,6.99,6.99,,,,,2-3 pers|20 min,,False,,,,,B,True,AH,https://www.ah.nl/producten/product/wi525237,2026-07-28,AH Sliced ​​fresh package of noodles,meals-salads
550888,595827,AH Gesneden verspakket tomatenrisotto,AH,maaltijden-salades,"Groente, aardappelen",Gesneden verspakketten,6.89,6.89,,,,,2-3 pers | 30 m,prijs per kg €8.78,False,,,,,C,True,AH,https://www.ah.nl/producten/product/wi550888,2026-07-28,AH Sliced ​​fresh package of tomato risotto,meals-salads
399173,849091,AH Groene curry verspakket,AH,maaltijden-salades,"Groente, aardappelen",Ongesneden verspakketten,5.99,5.99,,,,,4 pers | 25 min,,False,,,,,C,True,AH,https://www.ah.nl/producten/product/wi399173,2026-07-28,AH Green curry fresh package,meals-salads
598611,46445,AH XL pizzadeeg,AH,maaltijden-salades,"Maaltijden, salades",Pizzabodem (vers),2.49,2.49,,,,,550 g,prijs per kg €4.53,False,,,,,C,True,AH,https://www.ah.nl/producten/product/wi598611,2026-07-28,AH XL pizzadeeg,meals-salads
620238,0,AH ProteÃ¯ne pancakes 4 stuks 2-pack,AH,maaltijden-salades,"Maaltijden, salades",Pannenkoeken,4.68,4.78,2.0,2% volume voordeel,,,2 stuks,,True,AHOO,2% volume voordeel,2026-07-28,2999-12-31,,True,AH,https://www.ah.nl/producten/product/wi620238,2026-07-28,AH Protein pancakes 4 pieces 2-pack,meals-salads
619066,0,AH Pizzabodem houtoven 2-pack,AH,maaltijden-salades,"Maaltijden, salades",Pizzabodem (vers),6.51,6.78,4.0,4% volume voordeel,,,2 stuks,,True,AHOO,4% volume voordeel,2026-07-28,2999-12-31,,True,AH,https://www.ah.nl/producten/product/wi619066,2026-07-28,AH Pizza base wood oven 2-pack,meals-salads
597760,46448,AH Verse pinsa caprese,AH,maaltijden-salades,"Maaltijden, salades",Verse Pizza,5.0,5.99,16.5,2 voor 10.00,10.0,2.0,360 g,normale prijs per kg €16.64,True,AH,2 voor 10.00,2026-07-27,2026-08-02,C,True,AH,https://www.ah.nl/producten/product/wi597760,2026-07-28,AH Fresh pinsa caprese,meals-salads
617506,0,AH Quiche & taartdeeg 4-pack,AH,maaltijden-salades,"Maaltijden, salades",Quiches,6.3,7.0,10.0,10% volume voordeel,,,4 stuks,,True,AHOO,10% volume voordeel,2026-07-28,2999-12-31,,True,AH,https://www.ah.nl/producten/product/wi617506,2026-07-28,AH Quiche & pie dough 4-pack,meals-salads
620240,0,AH ProteÃ¯ne pancakes 4 stuks 4-pack,AH,maaltijden-salades,"Maaltijden, salades",Pannenkoeken,8.99,9.56,6.0,6% volume voordeel,,,4 stuks,,True,AHOO,6% volume voordeel,2026-07-28,2999-12-31,,True,AH,https://www.ah.nl/producten/product/wi620240,2026-07-28,AH Protein pancakes 4 pieces 4-pack,meals-salads
617505,0,AH Quiche & taartdeeg 3-pack,AH,maaltijden-salades,"Maaltijden, salades",Quiches,4.88,5.25,7.0,7% volume voordeel,,,3 stuks,,True,AHOO,7% volume voordeel,2026-07-28,2999-12-31,,True,AH,https://www.ah.nl/producten/product/wi617505,2026-07-28,AH Quiche & taartdeeg 3-pack,meals-salads
620239,0,AH ProteÃ¯ne pancakes 4 stuks 3-pack,AH,maaltijden-salades,"Maaltijden, salades",Pannenkoeken,6.88,7.17,4.0,4% volume voordeel,,,3 stuks,,True,AHOO,4% volume voordeel,2026-07-28,2999-12-31,,True,AH,https://www.ah.nl/producten/product/wi620239,2026-07-28,AH Protein pancakes 4 pieces 3-pack,meals-salads
622106,0,AH XL pizzadeeg 2-pack,AH,maaltijden-salades,"Maaltijden, salades",Pizzabodem (vers),4.78,4.98,4.0,4% volume voordeel,,,2 stuks,,True,AHOO,4% volume voordeel,2026-07-28,2999-12-31,,True,AH,https://www.ah.nl/producten/product/wi622106,2026-07-28,AH XL pizza dough 2-pack,meals-salads
465735,716117,AH Quiche kip pesto spinazie,AH,maaltijden-salades,"Maaltijden, salades",Quiches,3.99,3.99,,,,,300 g,prijs per kg €13.30,False,,,,,D,True,AH,https://www.ah.nl/producten/product/wi465735,2026-07-28,AH Quiche chicken pesto spinach,meals-salads
618614,0,AH Quiche kip pesto spinazie 2-pack,AH,maaltijden-salades,"Maaltijden, salades",Quiches,7.66,7.98,4.0,4% volume voordeel,,,2 stuks,,True,AHOO,4% volume voordeel,2026-07-28,2999-12-31,,True,AH,https://www.ah.nl/producten/product/wi618614,2026-07-28,AH Quiche chicken pesto spinach 2-pack,meals-salads
595144,43504,AH Bapao pittig rundvlees,AH,maaltijden-salades,"Maaltijden, salades",Bapao,1.29,1.29,,,,,115 g,prijs per kg €11.22,False,,,,,C,True,AH,https://www.ah.nl/producten/product/wi595144,2026-07-28,AH Bapao spicy beef,meals-salads
619068,0,AH Pizzabodem houtoven 4-pack,AH,maaltijden-salades,"Maaltijden, salades",Pizzabodem (vers),12.2,13.56,10.0,10% volume voordeel,,,4 stuks,,True,AHOO,10% volume voordeel,2026-07-28,2999-12-31,,True,AH,https://www.ah.nl/producten/product/wi619068,2026-07-28,AH Pizza base wood oven 4-pack,meals-salads
618615,0,AH Quiche kip pesto spinazie 3-pack,AH,maaltijden-salades,"Maaltijden, salades",Quiches,11.01,11.97,8.0,8% volume voordeel,,,3 stuks,,True,AHOO,8% volume voordeel,2026-07-28,2999-12-31,,True,AH,https://www.ah.nl/producten/product/wi618615,2026-07-28,AH Quiche chicken pesto spinach 3-pack,meals-salads
618616,0,AH Quiche kip pesto spinazie 4-pack,AH,maaltijden-salades,"Maaltijden, salades",Quiches,14.04,15.96,12.0,12% volume voordeel,,,4 stuks,,True,AHOO,12% volume voordeel,2026-07-28,2999-12-31,,True,AH,https://www.ah.nl/producten/product/wi618616,2026-07-28,AH Quiche chicken pesto spinach 4-pack,meals-salads
561686,570234,AH Verse soep tomaat,AH,maaltijden-salades,"Maaltijden, salades",Verse soepen,3.0,3.59,16.4,2 voor 6.00,6.0,2.0,500 g,normale prijs per kg €7.18,True,AH,2 voor 6.00,2026-07-27,2026-08-02,B,True,AH,https://www.ah.nl/producten/product/wi561686,2026-07-28,AH Verse soep tomaat,meals-salads
597723,46233,AH Ajam sate &bami,AH,maaltijden-salades,"Maaltijden, salades",Aziatische vleesmaaltijden,4.99,4.99,,,,,450 g,prijs per kg €11.09,False,,,,,C,True,AH,https://www.ah.nl/producten/product/wi597723,2026-07-28,AH Ajam satay & bami,meals-salads
103429,555434,AH Verse ravioli ai funghi,AH,maaltijden-salades,"Maaltijden, salades",Verse pasta,2.49,2.49,,,,,250 g,prijs per kg €9.96,False,,,,,C,True,AH,https://www.ah.nl/producten/product/wi103429,2026-07-28,AH Fresh ravioli ai funghi,meals-salads
621752,0,AH Ajam sate &bami 3-pack,AH,maaltijden-salades,"Maaltijden, salades",Aziatische vleesmaaltijden,14.52,14.97,3.0,3% volume voordeel,,,3 stuks,,True,AHOO,3% volume voordeel,2026-07-28,2999-12-31,,True,AH,https://www.ah.nl/producten/product/wi621752,2026-07-28,AH Ajam satay & noodles 3-pack,meals-salads
619067,0,AH Pizzabodem houtoven 3-pack,AH,maaltijden-salades,"Maaltijden, salades",Pizzabodem (vers),9.46,10.17,7.0,7% volume voordeel,,,3 stuks,,True,AHOO,7% volume voordeel,2026-07-28,2999-12-31,,True,AH,https://www.ah.nl/producten/product/wi619067,2026-07-28,AH Pizza base wood oven 3-pack,meals-salads
434347,698919,AH Pannenkoeken volkoren,AH,maaltijden-salades,"Maaltijden, salades",Pannenkoeken,2.89,2.89,,,,,8 stuks,,False,,,,,A,True,AH,https://www.ah.nl/producten/product/wi434347,2026-07-28,AH Pannenkoeken volkoren,meals-salads
538500,70710,OaYeah! Pancakes,OaYeah!,maaltijden-salades,"Maaltijden, salades",Pannenkoeken,2.49,2.49,,,,,160 g,prijs per kg €15.56,False,,,,,B,True,AH,https://www.ah.nl/producten/product/wi538500,2026-07-28,OaYeah! Pancakes,meals-salads
621753,0,AH Ajam sate &bami 4-pack,AH,maaltijden-salades,"Maaltijden, salades",Aziatische vleesmaaltijden,18.96,19.96,5.0,5% volume voordeel,,,4 stuks,,True,AHOO,5% volume voordeel,2026-07-28,2999-12-31,,True,AH,https://www.ah.nl/producten/product/wi621753,2026-07-28,AH Ajam satay & noodles 4-pack,meals-salads
538379,572916,Westland Huzaren slaatje,Westland,maaltijden-salades,"Maaltijden, salades",Slaatjes,1.29,1.29,,,,,140 g,prijs per kg €9.21,False,,,,,C,True,AH,https://www.ah.nl/producten/product/wi538379,2026-07-28,Westland Hussar salad,meals-salads
622108,0,AH XL pizzadeeg 4-pack,AH,maaltijden-salades,"Maaltijden, salades",Pizzabodem (vers),8.96,9.96,10.0,10% volume voordeel,,,4 stuks,,True,AHOO,10% volume voordeel,2026-07-28,2999-12-31,,True,AH,https://www.ah.nl/producten/product/wi622108,2026-07-28,AH XL pizza dough 4-pack,meals-salads
618336,0,AH Verse ravioli ai funghi 2-pack,AH,maaltijden-salades,"Maaltijden, salades",Verse pasta,4.78,4.98,4.0,4% volume voordeel,,,2 stuks,,True,AHOO,4% volume voordeel,2026-07-28,2999-12-31,,True,AH,https://www.ah.nl/producten/product/wi618336,2026-07-28,AH Verse ravioli ai funghi 2-pack,meals-salads
622107,0,AH XL pizzadeeg 3-pack,AH,maaltijden-salades,"Maaltijden, salades",Pizzabodem (vers),6.95,7.47,7.0,7% volume voordeel,,,3 stuks,,True,AHOO,7% volume voordeel,2026-07-28,2999-12-31,,True,AH,https://www.ah.nl/producten/product/wi622107,2026-07-28,AH XL pizzadeeg 3-pack,meals-salads
617758,0,AH Pannenkoeken volkoren 2-pack,AH,maaltijden-salades,"Maaltijden, salades",Pannenkoeken,5.66,5.78,2.0,2% volume voordeel,,,2 stuks,,True,AHOO,2% volume voordeel,2026-07-28,2999-12-31,,True,AH,https://www.ah.nl/producten/product/wi617758,2026-07-28,AH Pancakes whole wheat 2-pack,meals-salads
618338,0,AH Verse ravioli ai funghi 4-pack,AH,maaltijden-salades,"Maaltijden, salades",Verse pasta,8.76,9.96,12.0,12% volume voordeel,,,4 stuks,,True,AHOO,12% volume voordeel,2026-07-28,2999-12-31,,True,AH,https://www.ah.nl/producten/product/wi618338,2026-07-28,AH Fresh ravioli ai funghi 4-pack,meals-salads
893,67351,AH Aardappel salade,AH,maaltijden-salades,"Maaltijden, salades",Aardappelsalade,1.99,1.99,,,,,600 g,prijs per kg €3.32,False,,,,,C,True,AH,https://www.ah.nl/producten/product/wi893,2026-07-28,AH Potato salad,meals-salads
597762,46450,AH Verse pinsa pepperoni,AH,maaltijden-salades,"Maaltijden, salades",Verse Pizza,5.0,5.99,16.5,2 voor 10.00,10.0,2.0,376 g,normale prijs per kg €15.93,True,AH,2 voor 10.00,2026-07-27,2026-08-02,D,True,AH,https://www.ah.nl/producten/product/wi597762,2026-07-28,AH Fresh pinsa pepperoni,meals-salads
617760,0,AH Pannenkoeken volkoren 4-pack,AH,maaltijden-salades,"Maaltijden, salades",Pannenkoeken,10.87,11.56,6.0,6% volume voordeel,,,4 stuks,,True,AHOO,6% volume voordeel,2026-07-28,2999-12-31,,True,AH,https://www.ah.nl/producten/product/wi617760,2026-07-28,AH Pancakes whole wheat 4-pack,meals-salads
618337,0,AH Verse ravioli ai funghi 3-pack,AH,maaltijden-salades,"Maaltijden, salades",Verse pasta,6.87,7.47,8.0,8% volume voordeel,,,3 stuks,,True,AHOO,8% volume voordeel,2026-07-28,2999-12-31,,True,AH,https://www.ah.nl/producten/product/wi618337,2026-07-28,AH Fresh ravioli ai funghi 3-pack,meals-salads
617759,0,AH Pannenkoeken volkoren 3-pack,AH,maaltijden-salades,"Maaltijden, salades",Pannenkoeken,8.32,8.67,4.0,4% volume voordeel,,,3 stuks,,True,AHOO,4% volume voordeel,2026-07-28,2999-12-31,,True,AH,https://www.ah.nl/producten/product/wi617759,2026-07-28,AH Pancakes whole wheat 3-pack,meals-salads
365406,832145,AH Blauwe kaas peer M,AH,maaltijden-salades,"Maaltijden, salades",Kleine salade,3.5,4.49,22.0,2 voor 7.00,7.0,2.0,260 g,normale prijs per kg €17.27,True,AH,2 voor 7.00,2026-07-27,2026-08-02,C,True,AH,https://www.ah.nl/producten/product/wi365406,2026-07-28,AH Blue cheese pear M,meals-salads
187620,788658,Van Gilse Witte basterdsuiker,Van Gilse,maaltijden-salades,"Maaltijden, salades","Suiker, poedersuiker",1.55,1.55,,,,,600 g,prijs per kg €2.58,False,,,,,E,True,AH,https://www.ah.nl/producten/product/wi187620,2026-07-28,Van Gilse White caster sugar,meals-salads
554910,72853,AH Mango geitenkaas S,AH,maaltijden-salades,"Maaltijden, salades",Kleine salade,3.99,3.99,,,,,200 g,prijs per kg €19.95,False,,,,,C,True,AH,https://www.ah.nl/producten/product/wi554910,2026-07-28,AH Mango goat cheese S,meals-salads
584929,29573,AH Proteine pancakes banaan,AH,maaltijden-salades,"Maaltijden, salades",Pannenkoeken,2.49,2.49,,,,,160 g,prijs per kg €15.56,False,,,,,C,True,AH,https://www.ah.nl/producten/product/wi584929,2026-07-28,AH Protein pancakes banana,meals-salads
620032,0,AH Kleine salade mango geitenkaas 3-pack,AH,maaltijden-salades,"Maaltijden, salades",Kleine salade,11.61,11.97,3.0,3% volume voordeel,,,3 stuks,,True,AHOO,3% volume voordeel,2026-07-28,2999-12-31,,True,AH,https://www.ah.nl/producten/product/wi620032,2026-07-28,AH Small salad mango goat cheese 3-pack,meals-salads
187621,788659,Van Gilse Donkere basterdsuiker,Van Gilse,maaltijden-salades,"Maaltijden, salades","Suiker, poedersuiker",1.55,1.55,,,,,600 g,prijs per kg €2.58,False,,,,,E,True,AH,https://www.ah.nl/producten/product/wi187621,2026-07-28,Van Gilse Donkere basterdsuiker,meals-salads
386311,843922,AH Lasagne bolognese,AH,maaltijden-salades,"Maaltijden, salades",Kant-en-klare Italiaanse maaltijden,2.59,2.59,,,,,400 g,prijs per kg €6.48,False,,,,,C,True,AH,https://www.ah.nl/producten/product/wi386311,2026-07-28,AH Lasagne bolognese,meals-salads
620033,0,AH Kleine salade mango geitenkaas 4-pack,AH,maaltijden-salades,"Maaltijden, salades",Kleine salade,15.16,15.96,5.0,5% volume voordeel,,,4 stuks,,True,AHOO,5% volume voordeel,2026-07-28,2999-12-31,,True,AH,https://www.ah.nl/producten/product/wi620033,2026-07-28,AH Small salad mango goat cheese 4-pack,meals-salads
525240,21851,AH Gesneden verspakket pita gyros,AH,maaltijden-salades,"Groente, aardappelen",Gesneden verspakketten,6.99,6.99,,,,,2 pers | 15 min,,False,,,,,B,True,AH,https://www.ah.nl/producten/product/wi525240,2026-07-28,AH Sliced ​​fresh package of pita gyros,meals-salads
390015,846606,AH Rundvleesslaatje,AH,maaltijden-salades,"Maaltijden, salades",Slaatjes,0.59,0.59,,,,,150 g,prijs per kg €3.93,False,,,,,C,True,AH,https://www.ah.nl/producten/product/wi390015,2026-07-28,AH Rundvleesslaatje,meals-salads
621095,0,AH Proteine pancakes banaan 2-pack,AH,maaltijden-salades,"Maaltijden, salades",Pannenkoeken,4.88,4.98,2.0,2% volume voordeel,,,2 stuks,,True,AHOO,2% volume voordeel,2026-07-28,2999-12-31,,True,AH,https://www.ah.nl/producten/product/wi621095,2026-07-28,AH Protein pancakes banana 2-pack,meals-salads
456172,610345,AH Broodje hotdog,AH,maaltijden-salades,"Maaltijden, salades",Overige snelle snacks,1.99,1.99,,,,,"218,5 g",prijs per kg €9.13,False,,,,,D,True,AH,https://www.ah.nl/producten/product/wi456172,2026-07-28,AH Hot dog sandwich,meals-salads
621096,0,AH Proteine pancakes banaan 3-pack,AH,maaltijden-salades,"Maaltijden, salades",Pannenkoeken,7.17,7.47,4.0,4% volume voordeel,,,3 stuks,,True,AHOO,4% volume voordeel,2026-07-28,2999-12-31,,True,AH,https://www.ah.nl/producten/product/wi621096,2026-07-28,AH Proteine pancakes banaan 3-pack,meals-salads
621097,0,AH Proteine pancakes banaan 4-pack,AH,maaltijden-salades,"Maaltijden, salades",Pannenkoeken,9.36,9.96,6.0,6% volume voordeel,,,4 stuks,,True,AHOO,6% volume voordeel,2026-07-28,2999-12-31,,True,AH,https://www.ah.nl/producten/product/wi621097,2026-07-28,AH Protein pancakes banana 4-pack,meals-salads
525431,579236,AH Fusilli salsa rossa verspakket,AH,maaltijden-salades,"Groente, aardappelen",Ongesneden verspakketten,5.99,5.99,,,,,4 pers | 30 min,,False,,,,,B,True,AH,https://www.ah.nl/producten/product/wi525431,2026-07-28,AH Fusilli salsa rossa fresh package,meals-salads
47098,630288,AH Suikerstaafjes,AH,maaltijden-salades,"Maaltijden, salades","Suiker, poedersuiker",1.39,1.39,,,,,50 stuks,,False,,,,,E,True,AH,https://www.ah.nl/producten/product/wi47098,2026-07-28,AH Suikerstaafjes,meals-salads
418293,689649,AH Terra Verse pureersoep pompoen wortel,AH Terra,maaltijden-salades,"Maaltijden, salades",Verse soepen,3.5,4.49,22.0,2 voor 7.00,7.0,2.0,528 g,normale prijs per kg €8.50,True,AH,2 voor 7.00,2026-07-27,2026-08-02,B,True,AH,https://www.ah.nl/producten/product/wi418293,2026-07-28,AH Terra Fresh pumpkin carrot puree soup,meals-salads
96778,531032,AH Pastasaus carbonara,AH,maaltijden-salades,"Maaltijden, salades",Verse pastasaus,2.49,2.49,,,,,225 g,prijs per kg €11.07,False,,,,,C,True,AH,https://www.ah.nl/producten/product/wi96778,2026-07-28,AH Pasta sauce carbonara,meals-salads
598372,0,AH Pastasaus carbonara 2-pack,AH,maaltijden-salades,"Maaltijden, salades",Verse pastasaus,4.78,4.98,4.0,4% volume voordeel,,,2 stuks,,True,AHOO,4% volume voordeel,2026-07-28,2999-12-31,,True,AH,https://www.ah.nl/producten/product/wi598372,2026-07-28,AH Pastasaus carbonara 2-pack,meals-salads
557059,661642,AH Pie scharrelkip ragout,AH,maaltijden-salades,"Maaltijden, salades",Hartige taart,3.89,3.89,,,,,250 g,prijs per kg €15.56,False,,,,,D,True,AH,https://www.ah.nl/producten/product/wi557059,2026-07-28,AH Pie free-range chicken ragout,meals-salads
598116,0,AH Pie scharrelkip ragout 2-pack,AH,maaltijden-salades,"Maaltijden, salades",Hartige taart,7.47,7.78,4.0,4% volume voordeel,,,2 stuks,,True,AHOO,4% volume voordeel,2026-07-28,2999-12-31,,True,AH,https://www.ah.nl/producten/product/wi598116,2026-07-28,AH Pie free-range chicken ragout 2-pack,meals-salads
132574,595405,AH Walnoot geitenkaas L,AH,maaltijden-salades,"Maaltijden, salades",Maaltijdsalade,5.49,5.49,,,,,450 g,prijs per kg €12.20,False,,,,,C,True,AH,https://www.ah.nl/producten/product/wi132574,2026-07-28,AH Walnut goat cheese L,meals-salads
203881,797500,AH Poffertjes naturel,AH,maaltijden-salades,"Maaltijden, salades",Poffertjes,4.69,4.69,,,,,75 stuks,,False,,,,,C,True,AH,https://www.ah.nl/producten/product/wi203881,2026-07-28,AH Poffertjes natural,meals-salads
386070,843924,AH Stoommaaltijd zalm roomsaus,AH,maaltijden-salades,"Maaltijden, salades",Stoommaaltijden,7.49,7.49,,,,,460 g,prijs per kg €16.28,False,,,,,A,True,AH,https://www.ah.nl/producten/product/wi386070,2026-07-28,AH Steam meal salmon cream sauce,meals-salads
598467,0,AH Poffertjes naturel 2-pack,AH,maaltijden-salades,"Maaltijden, salades",Poffertjes,9.19,9.38,2.0,2% volume voordeel,,,2 stuks,,True,AHOO,2% volume voordeel,2026-07-28,2999-12-31,,True,AH,https://www.ah.nl/producten/product/wi598467,2026-07-28,AH Poffertjes naturel 2-pack,meals-salads
618131,0,AH Maaltijdsalade walnoot geitenkaas 3-pack,AH,maaltijden-salades,"Maaltijden, salades",Maaltijdsalade,15.98,16.47,3.0,3% volume voordeel,,,3 stuks,,True,AHOO,3% volume voordeel,2026-07-28,2999-12-31,,True,AH,https://www.ah.nl/producten/product/wi618131,2026-07-28,AH Meal salad walnut goat cheese 3-pack,meals-salads
618132,0,AH Maaltijdsalade walnoot geitenkaas 4-pack,AH,maaltijden-salades,"Maaltijden, salades",Maaltijdsalade,20.86,21.96,5.0,5% volume voordeel,,,4 stuks,,True,AHOO,5% volume voordeel,2026-07-28,2999-12-31,,True,AH,https://www.ah.nl/producten/product/wi618132,2026-07-28,AH Meal salad walnut goat cheese 4-pack,meals-salads
619268,0,AH Stoommaaltijd zalm roomsaus 3-pack,AH,maaltijden-salades,"Maaltijden, salades",Stoommaaltijden,21.8,22.47,3.0,3% volume voordeel,,,3 stuks,,True,AHOO,3% volume voordeel,2026-07-28,2999-12-31,,True,AH,https://www.ah.nl/producten/product/wi619268,2026-07-28,AH Steam meal salmon cream sauce 3-pack,meals-salads
619269,0,AH Stoommaaltijd zalm roomsaus 4-pack,AH,maaltijden-salades,"Maaltijden, salades",Stoommaaltijden,28.46,29.96,5.0,5% volume voordeel,,,4 stuks,,True,AHOO,5% volume voordeel,2026-07-28,2999-12-31,,True,AH,https://www.ah.nl/producten/product/wi619269,2026-07-28,AH Steam meal salmon cream sauce 4-pack,meals-salads
434655,698965,AH Burrito's verspakket,AH,maaltijden-salades,"Groente, aardappelen",Ongesneden verspakketten,5.99,5.99,,,,,4 pers | 25 min,,False,,,,,B,True,AH,https://www.ah.nl/producten/product/wi434655,2026-07-28,AH Burritos fresh package,meals-salads
552938,675192,AH Gesneden verspakket kip madras,AH,maaltijden-salades,"Groente, aardappelen",Gesneden verspakketten,6.99,6.99,,,,,2-3 pers|20 min,prijs per kg €8.58,False,,,,,B,True,AH,https://www.ah.nl/producten/product/wi552938,2026-07-28,AH Sliced ​​fresh package of chicken madras,meals-salads
224709,817378,AH Tomaat komkommer M,AH,maaltijden-salades,"Maaltijden, salades",Kleine salade,3.5,4.19,16.5,2 voor 7.00,7.0,2.0,340 g,normale prijs per kg €12.32,True,AH,2 voor 7.00,2026-07-27,2026-08-02,A,True,AH,https://www.ah.nl/producten/product/wi224709,2026-07-28,AH Tomato cucumber M,meals-salads
530961,615820,AH Gesneden verspakket gado gado,AH,maaltijden-salades,"Groente, aardappelen",Gesneden verspakketten,6.99,6.99,,,,,2-3 pers|16 min,,False,,,,,B,True,AH,https://www.ah.nl/producten/product/wi530961,2026-07-28,AH Sliced ​​fresh package gado gado,meals-salads
552780,65401,AH Mezzelune con mozzarella,AH,maaltijden-salades,"Maaltijden, salades",Verse pasta,2.99,2.99,,,,,250 g,prijs per kg €11.96,False,,,,,,True,AH,https://www.ah.nl/producten/product/wi552780,2026-07-28,AH Mezzelune con mozzarella,meals-salads
597732,46245,AH Nasi,AH,maaltijden-salades,"Maaltijden, salades",Aziatische vleesmaaltijden,3.59,3.59,,,,,300 g,prijs per kg €11.97,False,,,,,C,True,AH,https://www.ah.nl/producten/product/wi597732,2026-07-28,AH Nasi,meals-salads
619867,0,AH Mezzelune con mozzarella 2-pack,AH,maaltijden-salades,"Maaltijden, salades",Verse pasta,5.74,5.98,4.0,4% volume voordeel,,,2 stuks,,True,AHOO,4% volume voordeel,2026-07-28,2999-12-31,,True,AH,https://www.ah.nl/producten/product/wi619867,2026-07-28,AH Mezzelune con mozzarella 2-pack,meals-salads
622063,0,AH Nasi 3-pack,AH,maaltijden-salades,"Maaltijden, salades",Aziatische vleesmaaltijden,10.45,10.77,3.0,3% volume voordeel,,,3 stuks,,True,AHOO,3% volume voordeel,2026-07-28,2999-12-31,,True,AH,https://www.ah.nl/producten/product/wi622063,2026-07-28,AH Nasi 3-pack,meals-salads
619868,0,AH Mezzelune con mozzarella 3-pack,AH,maaltijden-salades,"Maaltijden, salades",Verse pasta,8.25,8.97,8.0,8% volume voordeel,,,3 stuks,,True,AHOO,8% volume voordeel,2026-07-28,2999-12-31,,True,AH,https://www.ah.nl/producten/product/wi619868,2026-07-28,AH Mezzelune con mozzarella 3-pack,meals-salads
622064,0,AH Nasi 4-pack,AH,maaltijden-salades,"Maaltijden, salades",Aziatische vleesmaaltijden,13.64,14.36,5.0,5% volume voordeel,,,4 stuks,,True,AHOO,5% volume voordeel,2026-07-28,2999-12-31,,True,AH,https://www.ah.nl/producten/product/wi622064,2026-07-28,AH Nasi 4-pack,meals-salads
136425,581669,AH Pappardelle all' uovo,AH,maaltijden-salades,"Maaltijden, salades",Verse pasta,2.49,2.49,,,,,250 g,prijs per kg €9.96,False,,,,,A,True,AH,https://www.ah.nl/producten/product/wi136425,2026-07-28,AH Pappardelle all' uovo,meals-salads
598370,0,AH Pappardelle all' uovo 2-pack,AH,maaltijden-salades,"Maaltijden, salades",Verse pasta,4.78,4.98,4.0,4% volume voordeel,,,2 stuks,,True,AHOO,4% volume voordeel,2026-07-28,2999-12-31,,True,AH,https://www.ah.nl/producten/product/wi598370,2026-07-28,AH Pappardelle all' uovo 2-pack,meals-salads
618173,0,AH Pastasaus carbonara 4-pack,AH,maaltijden-salades,"Maaltijden, salades",Verse pastasaus,8.76,9.96,12.0,12% volume voordeel,,,4 stuks,,True,AHOO,12% volume voordeel,2026-07-28,2999-12-31,,True,AH,https://www.ah.nl/producten/product/wi618173,2026-07-28,AH Pasta sauce carbonara 4-pack,meals-salads
193241,794402,AH Appel kip M,AH,maaltijden-salades,"Maaltijden, salades",Kleine salade,3.5,4.79,26.9,2 voor 7.00,7.0,2.0,310 g,normale prijs per kg €15.45,True,AH,2 voor 7.00,2026-07-27,2026-08-02,A,True,AH,https://www.ah.nl/producten/product/wi193241,2026-07-28,AH Apple chicken M,meals-salads
619869,0,AH Mezzelune con mozzarella 4-pack,AH,maaltijden-salades,"Maaltijden, salades",Verse pasta,10.52,11.96,12.0,12% volume voordeel,,,4 stuks,,True,AHOO,12% volume voordeel,2026-07-28,2999-12-31,,True,AH,https://www.ah.nl/producten/product/wi619869,2026-07-28,AH Mezzelune con mozzarella 4-pack,meals-salads
597720,46307,AH Verse maaltijd nasi kipsate,AH,maaltijden-salades,"Maaltijden, salades",Verse wereld maaltijden,6.0,6.49,7.6,2 voor 12.00,12.0,2.0,450 g,normale prijs per kg €14.42,True,AH,2 VOOR 12.00,2026-07-27,2026-08-02,C,True,AH,https://www.ah.nl/producten/product/wi597720,2026-07-28,AH Fresh meal nasi chicken satay,meals-salads
577109,19347,AH Quiche zalm spinazie,AH,maaltijden-salades,"Maaltijden, salades",Quiches,3.99,3.99,,,,,300 g,prijs per kg €13.30,False,,,,,C,True,AH,https://www.ah.nl/producten/product/wi577109,2026-07-28,AH Quiche salmon spinach,meals-salads
603298,0,AH Quiche zalm spinazie 2-pack,AH,maaltijden-salades,"Maaltijden, salades",Quiches,7.66,7.98,4.0,4% volume voordeel,,,2 stuks,,True,AHOO,4% volume voordeel,2026-07-28,2999-12-31,,True,AH,https://www.ah.nl/producten/product/wi603298,2026-07-28,AH Quiche salmon spinach 2-pack,meals-salads
221441,814415,Wester Ruwe rietsuiker,Wester,maaltijden-salades,"Maaltijden, salades","Suiker, poedersuiker",2.09,2.09,,,,,750 g,prijs per kg €2.79,False,,,,,E,True,AH,https://www.ah.nl/producten/product/wi221441,2026-07-28,Wester Raw cane sugar,meals-salads
620054,0,AH Pie scharrelkip ragout 3-pack,AH,maaltijden-salades,"Maaltijden, salades",Hartige taart,10.74,11.67,8.0,8% volume voordeel,,,3 stuks,,True,AHOO,8% volume voordeel,2026-07-28,2999-12-31,,True,AH,https://www.ah.nl/producten/product/wi620054,2026-07-28,AH Pie scharrelkip ragout 3-pack,meals-salads
613121,70105,AH Gesneden verspakket orzo groente en feta,AH,maaltijden-salades,"Groente, aardappelen",Gesneden verspakketten,6.99,6.99,,,,,3 pers | 30 min,prijs per kg €10.06,False,,,,,A,True,AH,https://www.ah.nl/producten/product/wi613121,2026-07-28,AH Sliced ​​fresh package of orzo vegetables and feta,meals-salads
99076,554448,Van Gilse Fijne kristalsuiker,Van Gilse,maaltijden-salades,"Maaltijden, salades","Suiker, poedersuiker",1.89,1.89,,,,,750 g,prijs per kg €2.52,False,,,,,E,True,AH,https://www.ah.nl/producten/product/wi99076,2026-07-28,Van Gilse Fine granulated sugar,meals-salads
620055,0,AH Pie scharrelkip ragout 4-pack,AH,maaltijden-salades,"Maaltijden, salades",Hartige taart,13.69,15.56,12.0,12% volume voordeel,,,4 stuks,,True,AHOO,12% volume voordeel,2026-07-28,2999-12-31,,True,AH,https://www.ah.nl/producten/product/wi620055,2026-07-28,AH Pie free-range chicken ragout 4-pack,meals-salads
390005,846593,AH Salade specialiteit rundvlees,AH,maaltijden-salades,"Maaltijden, salades",Rundvleessalade,2.99,2.99,,,,,400 g,prijs per kg €7.48,False,,,,,,True,AH,https://www.ah.nl/producten/product/wi390005,2026-07-28,AH Salad specialty beef,meals-salads
597727,46240,AH Bami goreng,AH,maaltijden-salades,"Maaltijden, salades",Aziatische vleesmaaltijden,3.59,3.59,,,,,300 g,prijs per kg €11.97,False,,,,,C,True,AH,https://www.ah.nl/producten/product/wi597727,2026-07-28,AH Bami goreng,meals-salads
622020,0,AH Bami goreng 3-pack,AH,maaltijden-salades,"Maaltijden, salades",Aziatische vleesmaaltijden,10.45,10.77,3.0,3% volume voordeel,,,3 stuks,,True,AHOO,3% volume voordeel,2026-07-28,2999-12-31,,True,AH,https://www.ah.nl/producten/product/wi622020,2026-07-28,AH Bami goreng 3-pack,meals-salads
597725,46235,AH Babi pangang & bami,AH,maaltijden-salades,"Maaltijden, salades",Aziatische vleesmaaltijden,4.99,4.99,,,,,450 g,prijs per kg €11.09,False,,,,,C,True,AH,https://www.ah.nl/producten/product/wi597725,2026-07-28,AH Babi pangang & bami,meals-salads
622012,0,AH Babi pangang & bami 3-pack,AH,maaltijden-salades,"Maaltijden, salades",Aziatische vleesmaaltijden,14.52,14.97,3.0,3% volume voordeel,,,3 stuks,,True,AHOO,3% volume voordeel,2026-07-28,2999-12-31,,True,AH,https://www.ah.nl/producten/product/wi622012,2026-07-28,AH Babi pangang & bami 3-pack,meals-salads
622021,0,AH Bami goreng 4-pack,AH,maaltijden-salades,"Maaltijden, salades",Aziatische vleesmaaltijden,13.64,14.36,5.0,5% volume voordeel,,,4 stuks,,True,AHOO,5% volume voordeel,2026-07-28,2999-12-31,,True,AH,https://www.ah.nl/producten/product/wi622021,2026-07-28,AH Bami goreng 4-pack,meals-salads
622013,0,AH Babi pangang & bami 4-pack,AH,maaltijden-salades,"Maaltijden, salades",Aziatische vleesmaaltijden,18.96,19.96,5.0,5% volume voordeel,,,4 stuks,,True,AHOO,5% volume voordeel,2026-07-28,2999-12-31,,True,AH,https://www.ah.nl/producten/product/wi622013,2026-07-28,AH Babi pangang & noodles 4-pack,meals-salads
590081,35847,AH Aardappelsalade voordeelverpakking,AH,maaltijden-salades,"Maaltijden, salades",Aardappelsalade,2.15,2.15,,,,,1 kg,prijs per kg €2.15,False,,,,,C,True,AH,https://www.ah.nl/producten/product/wi590081,2026-07-28,AH Aardappelsalade voordeelverpakking,meals-salads
187622,788661,Van Gilse Lichte basterdsuiker,Van Gilse,maaltijden-salades,"Maaltijden, salades","Suiker, poedersuiker",1.49,1.49,,,,,600 g,prijs per kg €2.48,False,,,,,E,True,AH,https://www.ah.nl/producten/product/wi187622,2026-07-28,Van Gilse Light caster sugar,meals-salads
619261,0,AH Rundvleessalade 2-pack,AH,maaltijden-salades,"Maaltijden, salades",Rundvleessalade,5.8,5.98,3.0,3% volume voordeel,,,2 stuks,,True,AHOO,3% volume voordeel,2026-07-28,2999-12-31,,True,AH,https://www.ah.nl/producten/product/wi619261,2026-07-28,AH Beef salad 2-pack,meals-salads
620691,0,AH Quiche zalm spinazie 3-pack,AH,maaltijden-salades,"Maaltijden, salades",Quiches,11.01,11.97,8.0,8% volume voordeel,,,3 stuks,,True,AHOO,8% volume voordeel,2026-07-28,2999-12-31,,True,AH,https://www.ah.nl/producten/product/wi620691,2026-07-28,AH Quiche salmon spinach 3-pack,meals-salads
620692,0,AH Quiche zalm spinazie 4-pack,AH,maaltijden-salades,"Maaltijden, salades",Quiches,14.04,15.96,12.0,12% volume voordeel,,,4 stuks,,True,AHOO,12% volume voordeel,2026-07-28,2999-12-31,,True,AH,https://www.ah.nl/producten/product/wi620692,2026-07-28,AH Quiche salmon spinach 4-pack,meals-salads
210762,803911,AH Hachee stoofpeer,AH,maaltijden-salades,"Maaltijden, salades",Traditionele Hollandse gerechten,3.99,5.79,31.1,voor 3.99,3.99,,500 g,normale prijs per kg €11.58,True,AH,VOOR 3.99,2026-07-27,2026-08-02,C,True,AH,https://www.ah.nl/producten/product/wi210762,2026-07-28,AH Hachee stoofpeer,meals-salads
52394,96203,AH Hollandse stamppot andijvie gehaktbal,AH,maaltijden-salades,"Maaltijden, salades",Stamppot,4.69,4.69,,,,,500 g,prijs per kg €9.38,False,,,,,C,True,AH,https://www.ah.nl/producten/product/wi52394,2026-07-28,AH Dutch stew endive meatball,meals-salads
618089,0,AH Hollandse stamppot andijvie gehaktbl 3pk,AH,maaltijden-salades,"Maaltijden, salades",Stamppot,13.65,14.07,3.0,3% volume voordeel,,,3 stuks,,True,AHOO,3% volume voordeel,2026-07-28,2999-12-31,,True,AH,https://www.ah.nl/producten/product/wi618089,2026-07-28,AH Dutch stew endive minced meat bl 3pk,meals-salads
618090,0,AH Hollandse stamppot andijvie gehaktbl 4pk,AH,maaltijden-salades,"Maaltijden, salades",Stamppot,17.82,18.76,5.0,5% volume voordeel,,,4 stuks,,True,AHOO,5% volume voordeel,2026-07-28,2999-12-31,,True,AH,https://www.ah.nl/producten/product/wi618090,2026-07-28,AH Dutch stew endive minced meat bl 4pk,meals-salads
132848,590244,AH Quiche mediterrane groenten,AH,maaltijden-salades,"Maaltijden, salades",Quiches,3.99,3.99,,,,,300 g,prijs per kg €13.30,False,,,,,C,True,AH,https://www.ah.nl/producten/product/wi132848,2026-07-28,AH Quiche Mediterranean vegetables,meals-salads
618198,0,AH Quiche mediterrane groenten 2-pack,AH,maaltijden-salades,"Maaltijden, salades",Quiches,7.66,7.98,4.0,4% volume voordeel,,,2 stuks,,True,AHOO,4% volume voordeel,2026-07-28,2999-12-31,,True,AH,https://www.ah.nl/producten/product/wi618198,2026-07-28,AH Quiche Mediterranean vegetables 2-pack,meals-salads
146483,581673,AH Pastasaus 5 kazen,AH,maaltijden-salades,"Maaltijden, salades",Verse pastasaus,2.49,2.49,,,,,225 g,prijs per kg €11.07,False,,,,,C,True,AH,https://www.ah.nl/producten/product/wi146483,2026-07-28,AH Pasta sauce 5 cheeses,meals-salads
598371,0,AH Pastasaus 5 kazen 2-pack,AH,maaltijden-salades,"Maaltijden, salades",Verse pastasaus,4.78,4.98,4.0,4% volume voordeel,,,2 stuks,,True,AHOO,4% volume voordeel,2026-07-28,2999-12-31,,True,AH,https://www.ah.nl/producten/product/wi598371,2026-07-28,AH Pastasaus 5 kazen 2-pack,meals-salads
435122,46158,AH Couscous hummus S,AH,maaltijden-salades,"Maaltijden, salades",Kleine salade,3.49,3.49,,,,,200 g,prijs per kg €17.45,False,,,,,C,True,AH,https://www.ah.nl/producten/product/wi435122,2026-07-28,AH Couscous hummus S,meals-salads
57542,513000,AH Cordon bleu met spinazie,AH,maaltijden-salades,"Maaltijden, salades",Traditionele Hollandse gerechten,3.99,4.99,20.0,voor 3.99,3.99,,500 g,normale prijs per kg €9.98,True,AH,VOOR 3.99,2026-07-27,2026-08-02,C,True,AH,https://www.ah.nl/producten/product/wi57542,2026-07-28,AH Cordon bleu with spinach,meals-salads
617971,0,AH Cordon bleu met spinazie 3-pack,AH,maaltijden-salades,"Maaltijden, salades",Traditionele Hollandse gerechten,11.97,14.97,20.0,pakketkorting,,,3 stuks,,True,AHOO,,2026-07-28,2026-08-02,,True,AH,https://www.ah.nl/producten/product/wi617971,2026-07-28,AH Cordon bleu with spinach 3-pack,meals-salads
48306,102352,AH Hachee rodekool,AH,maaltijden-salades,"Maaltijden, salades",Traditionele Hollandse gerechten,3.99,5.29,24.6,voor 3.99,3.99,,500 g,normale prijs per kg €10.58,True,AH,VOOR 3.99,2026-07-27,2026-08-02,C,True,AH,https://www.ah.nl/producten/product/wi48306,2026-07-28,AH Hachee red cabbage,meals-salads
618078,0,AH Hachee rodekool 3-pack,AH,maaltijden-salades,"Maaltijden, salades",Traditionele Hollandse gerechten,11.97,15.87,24.6,pakketkorting,,,3 stuks,,True,AHOO,,2026-07-28,2026-08-02,,True,AH,https://www.ah.nl/producten/product/wi618078,2026-07-28,AH Hachee red cabbage 3-pack,meals-salads
580123,0,AH Kleine salade couscous hummus 3-pack,AH,maaltijden-salades,"Maaltijden, salades",Maaltijdsalade,10.16,10.47,3.0,3% volume voordeel,,,3 stuks,,True,AHOO,3% volume voordeel,2026-07-28,2999-12-31,,True,AH,https://www.ah.nl/producten/product/wi580123,2026-07-28,AH Small salad couscous hummus 3-pack,meals-salads
617972,0,AH Cordon bleu met spinazie 4-pack,AH,maaltijden-salades,"Maaltijden, salades",Traditionele Hollandse gerechten,15.96,19.96,20.0,pakketkorting,,,4 stuks,,True,AHOO,,2026-07-28,2026-08-02,,True,AH,https://www.ah.nl/producten/product/wi617972,2026-07-28,AH Cordon bleu with spinach 4-pack,meals-salads
436414,57131,AH Biologisch Linguine volkoren,AH Biologisch,maaltijden-salades,"Maaltijden, salades",Verse pasta,2.69,2.69,,,,,250 g,prijs per kg €10.76,False,,,,,A,True,AH,https://www.ah.nl/producten/product/wi436414,2026-07-28,AH Organic Linguine whole wheat,meals-salads
617752,0,AH Biologisch Linguine volkoren 2-pack,AH Biologisch,maaltijden-salades,"Maaltijden, salades",Verse pasta,5.16,5.38,4.0,4% volume voordeel,,,2 stuks,,True,AHOO,4% volume voordeel,2026-07-28,2999-12-31,,True,AH,https://www.ah.nl/producten/product/wi617752,2026-07-28,AH Organic Linguine whole wheat 2-pack,meals-salads
618079,0,AH Hachee rodekool 4-pack,AH,maaltijden-salades,"Maaltijden, salades",Traditionele Hollandse gerechten,15.96,21.16,24.6,pakketkorting,,,4 stuks,,True,AHOO,,2026-07-28,2026-08-02,,True,AH,https://www.ah.nl/producten/product/wi618079,2026-07-28,AH Hachee red cabbage 4-pack,meals-salads
619262,0,AH Rundvleessalade 3-pack,AH,maaltijden-salades,"Maaltijden, salades",Rundvleessalade,8.52,8.97,5.0,5% volume voordeel,,,3 stuks,,True,AHOO,5% volume voordeel,2026-07-28,2999-12-31,,True,AH,https://www.ah.nl/producten/product/wi619262,2026-07-28,AH Beef salad 3-pack,meals-salads
554904,78842,AH Kip bacon L,AH,maaltijden-salades,"Maaltijden, salades",Maaltijdsalade,4.99,4.99,,,,,400 g,prijs per kg €12.48,False,,,,,B,True,AH,https://www.ah.nl/producten/product/wi554904,2026-07-28,AH Chicken bacon L,meals-salads
617753,0,AH Biologisch Linguine volkoren 3-pack,AH Biologisch,maaltijden-salades,"Maaltijden, salades",Verse pasta,7.42,8.07,8.0,8% volume voordeel,,,3 stuks,,True,AHOO,8% volume voordeel,2026-07-28,2999-12-31,,True,AH,https://www.ah.nl/producten/product/wi617753,2026-07-28,AH Organic Linguine whole wheat 3-pack,meals-salads
617754,0,AH Biologisch Linguine volkoren 4-pack,AH Biologisch,maaltijden-salades,"Maaltijden, salades",Verse pasta,9.47,10.76,12.0,12% volume voordeel,,,4 stuks,,True,AHOO,12% volume voordeel,2026-07-28,2999-12-31,,True,AH,https://www.ah.nl/producten/product/wi617754,2026-07-28,AH Organic Linguine whole wheat 4-pack,meals-salads
620042,0,AH Maaltijdsalade kip bacon 3-pack,AH,maaltijden-salades,"Maaltijden, salades",Maaltijdsalade,14.52,14.97,3.0,3% volume voordeel,,,3 stuks,,True,AHOO,3% volume voordeel,2026-07-28,2999-12-31,,True,AH,https://www.ah.nl/producten/product/wi620042,2026-07-28,AH Meal salad chicken bacon 3-pack,meals-salads
620043,0,AH Maaltijdsalade kip bacon 4-pack,AH,maaltijden-salades,"Maaltijden, salades",Maaltijdsalade,18.96,19.96,5.0,5% volume voordeel,,,4 stuks,,True,AHOO,5% volume voordeel,2026-07-28,2999-12-31,,True,AH,https://www.ah.nl/producten/product/wi620043,2026-07-28,AH Meal salad chicken bacon 4-pack,meals-salads
597731,46244,AH Babi pangang,AH,maaltijden-salades,"Maaltijden, salades",Aziatische vleesmaaltijden,3.99,3.99,,,,,275 g,prijs per kg €14.51,False,,,,,C,True,AH,https://www.ah.nl/producten/product/wi597731,2026-07-28,AH Babi pangang,meals-salads
619263,0,AH Rundvleessalade 4-pack,AH,maaltijden-salades,"Maaltijden, salades",Rundvleessalade,10.76,11.96,10.0,10% volume voordeel,,,4 stuks,,True,AHOO,10% volume voordeel,2026-07-28,2999-12-31,,True,AH,https://www.ah.nl/producten/product/wi619263,2026-07-28,AH Beef salad 4-pack,meals-salads
564214,2253,AH Gesneden verspakket Koreaanse bowl kip,AH,maaltijden-salades,"Groente, aardappelen",Gesneden verspakketten,6.99,6.99,,,,,2-3 pers | 35 m,,False,,,,,B,True,AH,https://www.ah.nl/producten/product/wi564214,2026-07-28,AH Sliced ​​fresh package Korean bowl chicken,meals-salads
622017,0,AH Babi pangang 4-pack,AH,maaltijden-salades,"Maaltijden, salades",Aziatische vleesmaaltijden,15.16,15.96,5.0,5% volume voordeel,,,4 stuks,,True,AHOO,5% volume voordeel,2026-07-28,2999-12-31,,True,AH,https://www.ah.nl/producten/product/wi622017,2026-07-28,AH Babi pangang 4-pack,meals-salads
411089,855028,AH Biologisch Verse tagliatelle all' uovo,AH Biologisch,maaltijden-salades,"Maaltijden, salades",Verse pasta,2.69,2.69,,,,,250 g,prijs per kg €10.76,False,,,,,A,True,AH,https://www.ah.nl/producten/product/wi411089,2026-07-28,AH Biologisch Verse tagliatelle all' uovo,meals-salads
617266,0,AH Biologisch Verse tagliatelle all' uovo 2-pack,AH Biologisch,maaltijden-salades,"Maaltijden, salades",Verse pasta,5.16,5.38,4.0,4% volume voordeel,,,2 stuks,,True,AHOO,4% volume voordeel,2026-07-28,2999-12-31,,True,AH,https://www.ah.nl/producten/product/wi617266,2026-07-28,AH Organic Fresh tagliatelle all'uovo 2-pack,meals-salads
622016,0,AH Babi pangang 3-pack,AH,maaltijden-salades,"Maaltijden, salades",Aziatische vleesmaaltijden,11.61,11.97,3.0,3% volume voordeel,,,3 stuks,,True,AHOO,3% volume voordeel,2026-07-28,2999-12-31,,True,AH,https://www.ah.nl/producten/product/wi622016,2026-07-28,AH Babi pangang 3-pack,meals-salads
617267,0,AH Biologisch Verse tagliatelle all' uovo 3-pack,AH Biologisch,maaltijden-salades,"Maaltijden, salades",Verse pasta,7.42,8.07,8.0,8% volume voordeel,,,3 stuks,,True,AHOO,8% volume voordeel,2026-07-28,2999-12-31,,True,AH,https://www.ah.nl/producten/product/wi617267,2026-07-28,AH Organic Fresh tagliatelle all'uovo 3-pack,meals-salads
617268,0,AH Biologisch Verse tagliatelle all' uovo 4-pack,AH Biologisch,maaltijden-salades,"Maaltijden, salades",Verse pasta,9.47,10.76,12.0,12% volume voordeel,,,4 stuks,,True,AHOO,12% volume voordeel,2026-07-28,2999-12-31,,True,AH,https://www.ah.nl/producten/product/wi617268,2026-07-28,AH Organic Fresh tagliatelle all'uovo 4-pack,meals-salads
132575,595406,AH Grote garnalen L,AH,maaltijden-salades,"Maaltijden, salades",Maaltijdsalade,5.99,5.99,,,,,450 g,prijs per kg €13.31,False,,,,,B,True,AH,https://www.ah.nl/producten/product/wi132575,2026-07-28,AH Large shrimp L,meals-salads
551437,598038,AH Bami goreng,AH,maaltijden-salades,"Maaltijden, salades",Aziatische vleesmaaltijden,3.95,3.95,,,,,1 kg,prijs per kg €3.95,False,,,,,B,True,AH,https://www.ah.nl/producten/product/wi551437,2026-07-28,AH Bami goreng,meals-salads
618125,0,AH Maaltijdsalade garnalen 3-pack,AH,maaltijden-salades,"Maaltijden, salades",Maaltijdsalade,17.43,17.97,3.0,3% volume voordeel,,,3 stuks,,True,AHOO,3% volume voordeel,2026-07-28,2999-12-31,,True,AH,https://www.ah.nl/producten/product/wi618125,2026-07-28,AH Meal salad shrimp 3-pack,meals-salads
618126,0,AH Maaltijdsalade garnalen 4-pack,AH,maaltijden-salades,"Maaltijden, salades",Maaltijdsalade,22.76,23.96,5.0,5% volume voordeel,,,4 stuks,,True,AHOO,5% volume voordeel,2026-07-28,2999-12-31,,True,AH,https://www.ah.nl/producten/product/wi618126,2026-07-28,AH Meal salad shrimp 4-pack,meals-salads
386312,843923,AH Lasagne bolognese,AH,maaltijden-salades,"Maaltijden, salades",Kant-en-klare Italiaanse maaltijden,4.99,4.99,,,,,1 kg,prijs per kg €4.99,False,,,,,C,True,AH,https://www.ah.nl/producten/product/wi386312,2026-07-28,AH Lasagne bolognese,meals-salads
440495,704100,Bieze Witte kool rauwkost,Bieze,maaltijden-salades,"Maaltijden, salades",Rauwkostsalade,1.99,1.99,,,,,250 g,prijs per kg €7.96,False,,,,,C,True,AH,https://www.ah.nl/producten/product/wi440495,2026-07-28,Bieze Witte kool rauwkost,meals-salads
597730,46243,AH Mihoen goreng,AH,maaltijden-salades,"Maaltijden, salades",Aziatische vleesmaaltijden,3.69,3.69,,,,,300 g,prijs per kg €12.30,False,,,,,C,True,AH,https://www.ah.nl/producten/product/wi597730,2026-07-28,AH Mihoen goreng,meals-salads
508038,684454,AH Pie runderstoof ui,AH,maaltijden-salades,"Maaltijden, salades",Hartige taart,3.95,3.95,,,,,250 g,prijs per kg €15.80,False,,,,,D,True,AH,https://www.ah.nl/producten/product/wi508038,2026-07-28,AH Pie runderstoof ui,meals-salads
598115,0,AH Pie runderstoof ui 2-pack,AH,maaltijden-salades,"Maaltijden, salades",Hartige taart,7.58,7.9,4.0,4% volume voordeel,,,2 stuks,,True,AHOO,4% volume voordeel,2026-07-28,2999-12-31,,True,AH,https://www.ah.nl/producten/product/wi598115,2026-07-28,AH Pie beef stew onion 2-pack,meals-salads
622059,0,AH Mihoen goreng 3-pack,AH,maaltijden-salades,"Maaltijden, salades",Aziatische vleesmaaltijden,10.74,11.07,3.0,3% volume voordeel,,,3 stuks,,True,AHOO,3% volume voordeel,2026-07-28,2999-12-31,,True,AH,https://www.ah.nl/producten/product/wi622059,2026-07-28,AH Mihoen goreng 3-pack,meals-salads
365389,832128,AH Pasta tonijn M,AH,maaltijden-salades,"Maaltijden, salades",Pastasalade,3.5,4.49,22.0,2 voor 7.00,7.0,2.0,350 g,normale prijs per kg €12.83,True,AH,2 voor 7.00,2026-07-27,2026-08-02,A,True,AH,https://www.ah.nl/producten/product/wi365389,2026-07-28,AH Pasta tuna M,meals-salads
595138,43324,AH Quiche broccoli kaas,AH,maaltijden-salades,"Maaltijden, salades",Quiches,3.99,3.99,,,,,300 g,prijs per kg €13.30,False,,,,,C,True,AH,https://www.ah.nl/producten/product/wi595138,2026-07-28,AH Quiche broccoli cheese,meals-salads
621786,0,AH Quiche broccoli kaas 2-pack,AH,maaltijden-salades,"Maaltijden, salades",Quiches,7.66,7.98,4.0,4% volume voordeel,,,2 stuks,,True,AHOO,4% volume voordeel,2026-07-28,2999-12-31,,True,AH,https://www.ah.nl/producten/product/wi621786,2026-07-28,AH Quiche broccoli cheese 2-pack,meals-salads
606661,61983,Il Molino Bloem voor pizza,Il Molino,maaltijden-salades,"Maaltijden, salades",Pizzabodem mix,1.29,1.29,,,,,500 g,prijs per kg €2.58,False,,,,,A,True,AH,https://www.ah.nl/producten/product/wi606661,2026-07-28,Il Molino Bloem voor pizza,meals-salads
622060,0,AH Mihoen goreng 4-pack,AH,maaltijden-salades,"Maaltijden, salades",Aziatische vleesmaaltijden,14.02,14.76,5.0,5% volume voordeel,,,4 stuks,,True,AHOO,5% volume voordeel,2026-07-28,2999-12-31,,True,AH,https://www.ah.nl/producten/product/wi622060,2026-07-28,AH Mihoen goreng 4-pack,meals-salads
238918,830631,AH Verse stamppot andijvie,AH,maaltijden-salades,"Maaltijden, salades",Verse Hollandse maaltijden,5.59,5.59,,,,,500 g,prijs per kg €11.18,False,,,,,C,True,AH,https://www.ah.nl/producten/product/wi238918,2026-07-28,AH Fresh endive stew,meals-salads
520281,14517,Westland Ei slaatje voordeelverpakking,Westland,maaltijden-salades,"Maaltijden, salades",Slaatjes,4.69,4.69,,,,,560 g,prijs per kg €8.38,False,,,,,C,True,AH,https://www.ah.nl/producten/product/wi520281,2026-07-28,Westland Egg salad value pack,meals-salads
621787,0,AH Quiche broccoli kaas 3-pack,AH,maaltijden-salades,"Maaltijden, salades",Quiches,11.01,11.97,8.0,8% volume voordeel,,,3 stuks,,True,AHOO,8% volume voordeel,2026-07-28,2999-12-31,,True,AH,https://www.ah.nl/producten/product/wi621787,2026-07-28,AH Quiche broccoli cheese 3-pack,meals-salads
621788,0,AH Quiche broccoli kaas 4-pack,AH,maaltijden-salades,"Maaltijden, salades",Quiches,14.04,15.96,12.0,12% volume voordeel,,,4 stuks,,True,AHOO,12% volume voordeel,2026-07-28,2999-12-31,,True,AH,https://www.ah.nl/producten/product/wi621788,2026-07-28,AH Quiche broccoli cheese 4-pack,meals-salads
498545,810121,AH Teriyaki verspakket,AH,maaltijden-salades,"Groente, aardappelen",Ongesneden verspakketten,5.99,5.99,,,,,4 pers | 25 min,,False,,,,,B,True,AH,https://www.ah.nl/producten/product/wi498545,2026-07-28,AH Teriyaki fresh package,meals-salads
594321,41781,AH Pinsa,AH,maaltijden-salades,"Maaltijden, salades",Pizzabodem (ongekoeld),2.69,2.69,,,,,per stuk,,False,,,,,B,True,AH,https://www.ah.nl/producten/product/wi594321,2026-07-28,AH Pinsa,meals-salads
617747,0,AH Kleine salade couscous hummus 4-pack,AH,maaltijden-salades,"Maaltijden, salades",Kleine salade,13.26,13.96,5.0,5% volume voordeel,,,4 stuks,,True,AHOO,5% volume voordeel,2026-07-28,2999-12-31,,True,AH,https://www.ah.nl/producten/product/wi617747,2026-07-28,AH Small salad couscous hummus 4-pack,meals-salads
517582,79167,AH Gesneden verspakket Mexicaanse salade,AH,maaltijden-salades,"Groente, aardappelen",Gesneden verspakketten,6.99,6.99,,,,,2-3 pers | 18 m,prijs per kg €9.02,False,,,,,A,True,AH,https://www.ah.nl/producten/product/wi517582,2026-07-28,AH Sliced ​​fresh package of Mexican salad,meals-salads
597803,46405,AH Verse soep tomaat crème,AH,maaltijden-salades,"Maaltijden, salades",Verse soepen,3.0,3.59,16.4,2 voor 6.00,6.0,2.0,500 g,normale prijs per kg €7.18,True,AH,2 voor 6.00,2026-07-27,2026-08-02,C,True,AH,https://www.ah.nl/producten/product/wi597803,2026-07-28,AH Fresh soup tomato cream,meals-salads
210763,803912,AH Kipfilet pepersaus met wortel en doperwt,AH,maaltijden-salades,"Maaltijden, salades",Traditionele Hollandse gerechten,3.99,5.79,31.1,voor 3.99,3.99,,500 g,normale prijs per kg €11.58,True,AH,VOOR 3.99,2026-07-27,2026-08-02,A,True,AH,https://www.ah.nl/producten/product/wi210763,2026-07-28,AH Chicken fillet pepper sauce with carrot and pea,meals-salads
570550,11737,AH Gesneden verspakket lasagne,AH,maaltijden-salades,"Groente, aardappelen",Gesneden verspakketten,7.59,7.59,,,,,4 pers | 30 min,prijs per kg €6.44,False,,,,,B,True,AH,https://www.ah.nl/producten/product/wi570550,2026-07-28,AH Sliced ​​fresh pack of lasagna,meals-salads
556734,81562,Bertolli Pinsa,Bertolli,maaltijden-salades,"Maaltijden, salades",Pizzabodem (vers),3.39,3.39,,,,,230 g,prijs per kg €14.74,False,,,,,C,True,AH,https://www.ah.nl/producten/product/wi556734,2026-07-28,Bertolli Pinsa,meals-salads
619515,0,AH Pie runderstoof ui 3-pack,AH,maaltijden-salades,"Maaltijden, salades",Hartige taart,10.9,11.85,8.0,8% volume voordeel,,,3 stuks,,True,AHOO,8% volume voordeel,2026-07-28,2999-12-31,,True,AH,https://www.ah.nl/producten/product/wi619515,2026-07-28,AH Pie beef stew onion 3-pack,meals-salads
619516,0,AH Pie runderstoof ui 4-pack,AH,maaltijden-salades,"Maaltijden, salades",Hartige taart,13.9,15.8,12.0,12% volume voordeel,,,4 stuks,,True,AHOO,12% volume voordeel,2026-07-28,2999-12-31,,True,AH,https://www.ah.nl/producten/product/wi619516,2026-07-28,AH Pie beef stew onion 4-pack,meals-salads
491171,745537,AH Prei-kerrie soep verspakket,AH,maaltijden-salades,"Groente, aardappelen",Soeppakketten,4.99,4.99,,,,,6 pers | 35 min,,False,,,,,C,True,AH,https://www.ah.nl/producten/product/wi491171,2026-07-28,AH Leek curry soup fresh package,meals-salads
142434,584388,AH Stamppot hutspot hachee,AH,maaltijden-salades,"Maaltijden, salades",Stamppot,4.69,4.69,,,,,500 g,prijs per kg €9.38,False,,,,,C,True,AH,https://www.ah.nl/producten/product/wi142434,2026-07-28,AH Stew stew hash,meals-salads
600641,51397,AH Gesneden verspakket chicken tortilla's,AH,maaltijden-salades,"Groente, aardappelen",Gesneden verspakketten,7.59,7.59,,,,,4 pers | 20 min,prijs per kg €6.62,False,,,,,A,True,AH,https://www.ah.nl/producten/product/wi600641,2026-07-28,AH Sliced ​​fresh package of chicken tortillas,meals-salads
142440,615816,AH Kip Italiaanse stijl L,AH,maaltijden-salades,"Maaltijden, salades",Maaltijdsalade,5.99,5.99,,,,,450 g,prijs per kg €13.31,False,,,,,B,True,AH,https://www.ah.nl/producten/product/wi142440,2026-07-28,AH Kip Italian style L,meals-salads
363508,826095,AH Peulvruchten geitenkaas S,AH,maaltijden-salades,"Maaltijden, salades",Kleine salade,3.49,3.49,,,,,215 g,prijs per kg €16.23,False,,,,,B,True,AH,https://www.ah.nl/producten/product/wi363508,2026-07-28,AH Legumes goat cheese S,meals-salads
597741,46254,AH Spaghetti bolognese,AH,maaltijden-salades,"Maaltijden, salades",Kant-en-klare Italiaanse maaltijden,2.69,2.69,,,,,450 g,prijs per kg €5.98,False,,,,,B,True,AH,https://www.ah.nl/producten/product/wi597741,2026-07-28,AH Spaghetti bolognese,meals-salads
36392,36039,Van Gilse Geleisuiker speciaal,Van Gilse,maaltijden-salades,"Maaltijden, salades","Suiker, poedersuiker",2.39,2.39,,,,,500 g,prijs per kg €4.78,False,,,,,E,True,AH,https://www.ah.nl/producten/product/wi36392,2026-07-28,Van Gilse Special jelly sugar,meals-salads
435208,699601,AH Mozzarella tomaat S,AH,maaltijden-salades,"Maaltijden, salades",Kleine salade,3.99,3.99,,,,,210 g,prijs per kg €19.00,False,,,,,B,True,AH,https://www.ah.nl/producten/product/wi435208,2026-07-28,AH Mozzarella tomato S,meals-salads
617748,0,AH Kleine salade italiaans 3-pack,AH,maaltijden-salades,"Maaltijden, salades",Kleine salade,11.61,11.97,3.0,3% volume voordeel,,,3 stuks,,True,AHOO,3% volume voordeel,2026-07-28,2999-12-31,,True,AH,https://www.ah.nl/producten/product/wi617748,2026-07-28,AH Kleine salade italiaans 3-pack,meals-salads
390009,846598,AH Salade specialiteit aardappel ei,AH,maaltijden-salades,"Maaltijden, salades",Aardappelsalade,2.99,2.99,,,,,400 g,prijs per kg €7.48,False,,,,,C,True,AH,https://www.ah.nl/producten/product/wi390009,2026-07-28,AH Salad specialty potato egg,meals-salads
609193,66957,Jan Pizzadeeg Napoli XL,Jan,maaltijden-salades,"Maaltijden, salades",Pizzabodem (vers),2.99,2.99,,,,,500 g,prijs per kg €5.98,False,,,,,C,True,AH,https://www.ah.nl/producten/product/wi609193,2026-07-28,Jan Pizza dough Napoli XL,meals-salads
617749,0,AH Kleine salade italiaans 4-pack,AH,maaltijden-salades,"Maaltijden, salades",Kleine salade,15.16,15.96,5.0,5% volume voordeel,,,4 stuks,,True,AHOO,5% volume voordeel,2026-07-28,2999-12-31,,True,AH,https://www.ah.nl/producten/product/wi617749,2026-07-28,AH Small Italian salad 4-pack,meals-salads
97120,92502,AH Stamppot zuurkool rookworst,AH,maaltijden-salades,"Maaltijden, salades",Stamppot,4.69,4.69,,,,,500 g,prijs per kg €9.38,False,,,,,C,True,AH,https://www.ah.nl/producten/product/wi97120,2026-07-28,AH Stew of sauerkraut smoked sausage,meals-salads
517577,74826,AH Terra Pureersoep courgette,AH Terra,maaltijden-salades,"Maaltijden, salades",Verse soepen,3.5,4.49,22.0,2 voor 7.00,7.0,2.0,455 g,normale prijs per kg €9.87,True,AH,2 voor 7.00,2026-07-27,2026-08-02,B,True,AH,https://www.ah.nl/producten/product/wi517577,2026-07-28,AH Terra Zucchini puree soup,meals-salads
579360,0,AH Aardappel vrije-uitloop ei 2-pack,AH,maaltijden-salades,"Maaltijden, salades",Aardappelsalade,5.8,5.98,3.0,3% volume voordeel,,,2 stuks,,True,AHOO,3% volume voordeel,2026-07-28,2999-12-31,,True,AH,https://www.ah.nl/producten/product/wi579360,2026-07-28,AH Potato free-range egg 2-pack,meals-salads
590079,35845,AH Huzarensalade,AH,maaltijden-salades,"Maaltijden, salades",Huzarensalades,2.79,2.79,,,,,1 kg,prijs per kg €2.79,False,,,,,C,True,AH,https://www.ah.nl/producten/product/wi590079,2026-07-28,AH Huzarensalad,meals-salads
618292,0,AH Stamppot zuurkool rookworst 3-pack,AH,maaltijden-salades,"Maaltijden, salades",Stamppot,13.65,14.07,3.0,3% volume voordeel,,,3 stuks,,True,AHOO,3% volume voordeel,2026-07-28,2999-12-31,,True,AH,https://www.ah.nl/producten/product/wi618292,2026-07-28,AH Stew sauerkraut smoked sausage 3-pack,meals-salads
564705,1892,AH Terra Mango hazelnoten L,AH Terra,maaltijden-salades,"Maaltijden, salades",Maaltijdsalade,5.99,5.99,,,,,400 g,prijs per kg €14.98,False,,,,,B,True,AH,https://www.ah.nl/producten/product/wi564705,2026-07-28,AH Terra Mango hazelnuts L,meals-salads
618293,0,AH Stamppot zuurkool rookworst 4-pack,AH,maaltijden-salades,"Maaltijden, salades",Stamppot,17.82,18.76,5.0,5% volume voordeel,,,4 stuks,,True,AHOO,5% volume voordeel,2026-07-28,2999-12-31,,True,AH,https://www.ah.nl/producten/product/wi618293,2026-07-28,AH Stew sauerkraut smoked sausage 4-pack,meals-salads
620362,0,AH Terra Plantaardig maaltijdsalade mango hzl 3pk,AH Terra,maaltijden-salades,"Maaltijden, salades",Maaltijdsalade,17.43,17.97,3.0,3% volume voordeel,,,3 stuks,,True,AHOO,3% volume voordeel,2026-07-28,2999-12-31,,True,AH,https://www.ah.nl/producten/product/wi620362,2026-07-28,AH Terra Vegetable meal salad mango hzl 3pk,meals-salads
620363,0,AH Terra Plantardig maaltijdsalade mango hazl 4pk,AH Terra,maaltijden-salades,"Maaltijden, salades",Maaltijdsalade,22.76,23.96,5.0,5% volume voordeel,,,4 stuks,,True,AHOO,5% volume voordeel,2026-07-28,2999-12-31,,True,AH,https://www.ah.nl/producten/product/wi620363,2026-07-28,AH Terra Vegetable meal salad mango hazl 4pk,meals-salads
132573,595402,AH Gerookte zalm L,AH,maaltijden-salades,"Maaltijden, salades",Maaltijdsalade,5.99,5.99,,,,,450 g,prijs per kg €13.31,False,,,,,B,True,AH,https://www.ah.nl/producten/product/wi132573,2026-07-28,AH Smoked salmon L,meals-salads
508047,690802,AH Quiche tomaat mozzarella volkoren bodem,AH,maaltijden-salades,"Maaltijden, salades",Quiches,3.99,3.99,,,,,300 g,prijs per kg €13.30,False,,,,,D,True,AH,https://www.ah.nl/producten/product/wi508047,2026-07-28,AH Quiche tomato mozzarella whole wheat base,meals-salads
597784,46330,AH Verse maaltijd pasta pesto kip,AH,maaltijden-salades,"Maaltijden, salades",Verse Italiaanse maaltijden,6.0,6.99,14.2,2 voor 12.00,12.0,2.0,450 g,normale prijs per kg €15.53,True,AH,2 VOOR 12.00,2026-07-27,2026-08-02,C,True,AH,https://www.ah.nl/producten/product/wi597784,2026-07-28,AH Verse maaltijd pasta pesto kip,meals-salads
618127,0,AH Maaltijdsalade gerookte zalm 3-pack,AH,maaltijden-salades,"Maaltijden, salades",Maaltijdsalade,17.43,17.97,3.0,3% volume voordeel,,,3 stuks,,True,AHOO,3% volume voordeel,2026-07-28,2999-12-31,,True,AH,https://www.ah.nl/producten/product/wi618127,2026-07-28,AH Meal salad smoked salmon 3-pack,meals-salads
618128,0,AH Maaltijdsalade gerookte zalm 4-pack,AH,maaltijden-salades,"Maaltijden, salades",Maaltijdsalade,22.76,23.96,5.0,5% volume voordeel,,,4 stuks,,True,AHOO,5% volume voordeel,2026-07-28,2999-12-31,,True,AH,https://www.ah.nl/producten/product/wi618128,2026-07-28,AH Maaltijdsalade gerookte zalm 4-pack,meals-salads
597761,46449,AH Verse pinsa spek ui,AH,maaltijden-salades,"Maaltijden, salades",Verse Pizza,5.0,5.99,16.5,2 voor 10.00,10.0,2.0,375 g,normale prijs per kg €15.97,True,AH,2 voor 10.00,2026-07-27,2026-08-02,C,True,AH,https://www.ah.nl/producten/product/wi597761,2026-07-28,AH Fresh pinsa bacon onion,meals-salads
435433,46932,AH Terra Pureersoep broccoli spinazie,AH Terra,maaltijden-salades,"Maaltijden, salades",Verse soepen,3.5,4.49,22.0,2 voor 7.00,7.0,2.0,450 g,normale prijs per kg €9.98,True,AH,2 voor 7.00,2026-07-27,2026-08-02,B,True,AH,https://www.ah.nl/producten/product/wi435433,2026-07-28,AH Terra Broccoli spinach puree soup,meals-salads
155467,623520,AH Tomaat mozzarella L,AH,maaltijden-salades,"Maaltijden, salades",Maaltijdsalade,5.49,5.49,,,,,450 g,prijs per kg €12.20,False,,,,,A,True,AH,https://www.ah.nl/producten/product/wi155467,2026-07-28,AH Tomaat mozzarella L,meals-salads
619534,0,AH Quiche tomaat mozzarella volkrn bodm 2pk,AH,maaltijden-salades,"Maaltijden, salades",Quiches,7.66,7.98,4.0,4% volume voordeel,,,2 stuks,,True,AHOO,4% volume voordeel,2026-07-28,2999-12-31,,True,AH,https://www.ah.nl/producten/product/wi619534,2026-07-28,AH Quiche tomato mozzarella whole crust 2pk,meals-salads
619536,0,AH Quiche tomaat mozzarella vlkrn bodem 4pk,AH,maaltijden-salades,"Maaltijden, salades",Quiches,14.04,15.96,12.0,12% volume voordeel,,,4 stuks,,True,AHOO,12% volume voordeel,2026-07-28,2999-12-31,,True,AH,https://www.ah.nl/producten/product/wi619536,2026-07-28,AH Quiche tomato mozzarella fllkrn bottom 4pk,meals-salads
597737,46250,AH Mihoen kip ketjap,AH,maaltijden-salades,"Maaltijden, salades",Aziatische vleesmaaltijden,4.99,4.99,,,,,450 g,prijs per kg €11.09,False,,,,,C,True,AH,https://www.ah.nl/producten/product/wi597737,2026-07-28,AH Mihoen chicken ketjap,meals-salads
622061,0,AH Mihoen kip ketjap 3-pack,AH,maaltijden-salades,"Maaltijden, salades",Aziatische vleesmaaltijden,14.52,14.97,3.0,3% volume voordeel,,,3 stuks,,True,AHOO,3% volume voordeel,2026-07-28,2999-12-31,,True,AH,https://www.ah.nl/producten/product/wi622061,2026-07-28,AH Mihoen chicken soy sauce 3-pack,meals-salads
622062,0,AH Mihoen kip ketjap 4-pack,AH,maaltijden-salades,"Maaltijden, salades",Aziatische vleesmaaltijden,18.96,19.96,5.0,5% volume voordeel,,,4 stuks,,True,AHOO,5% volume voordeel,2026-07-28,2999-12-31,,True,AH,https://www.ah.nl/producten/product/wi622062,2026-07-28,AH Mihoen chicken soy sauce 4-pack,meals-salads
160926,627990,AH Stamppot bloemkool-broccoli gehaktbal,AH,maaltijden-salades,"Maaltijden, salades",Stamppot,4.69,4.69,,,,,500 g,prijs per kg €9.38,False,,,,,C,True,AH,https://www.ah.nl/producten/product/wi160926,2026-07-28,AH Stew cauliflower-broccoli meatball,meals-salads
611279,68289,AH Risotto tomaat paprika verspakket,AH,maaltijden-salades,"Groente, aardappelen",Ongesneden verspakketten,5.99,5.99,,,,,4 pers | 55 min,,False,,,,,C,True,AH,https://www.ah.nl/producten/product/wi611279,2026-07-28,AH Risotto tomato pepper fresh package,meals-salads
484149,739412,AH Stoomsoep tom kha kai,AH,maaltijden-salades,"Maaltijden, salades",Stoommaaltijden,6.99,6.99,,,,,550 g,prijs per kg €12.71,False,,,,,C,True,AH,https://www.ah.nl/producten/product/wi484149,2026-07-28,AH Steam soup tom kha kai,meals-salads
591776,0,AH Stoomsoep tom kha kai 2-pack,AH,maaltijden-salades,"Maaltijden, salades",Stoommaaltijden,13.7,13.98,2.0,2% volume voordeel,,,2 stuks,,True,AHOO,2% volume voordeel,2026-07-28,2999-12-31,,True,AH,https://www.ah.nl/producten/product/wi591776,2026-07-28,AH Steam soup tom kha kai 2-pack,meals-salads
597795,47245,AH Volkoren pancakes,AH,maaltijden-salades,"Maaltijden, salades",Pannenkoeken,2.59,2.59,,,,,240 g,prijs per kg €10.79,False,,,,,C,True,AH,https://www.ah.nl/producten/product/wi597795,2026-07-28,AH Whole wheat pancakes,meals-salads
619535,0,AH Quiche tomaat mozzarella vlkrn bodem 3pk,AH,maaltijden-salades,"Maaltijden, salades",Quiches,11.01,11.97,8.0,8% volume voordeel,,,3 stuks,,True,AHOO,8% volume voordeel,2026-07-28,2999-12-31,,True,AH,https://www.ah.nl/producten/product/wi619535,2026-07-28,AH Quiche tomato mozzarella fllkrn bottom 3pk,meals-salads
578160,0,AH Knoflooksaus 2-pack,AH,maaltijden-salades,"Maaltijden, salades",Groente pizzabodems,7.74,7.98,3.0,3% volume voordeel,,,2 stuks,,True,AHOO,3% volume voordeel,2026-07-28,2999-12-31,,True,AH,https://www.ah.nl/producten/product/wi578160,2026-07-28,AH Garlic Sauce 2-pack,meals-salads
579428,22551,AH Geitenkaas appel M,AH,maaltijden-salades,"Maaltijden, salades",Kleine salade,3.5,4.49,22.0,2 voor 7.00,7.0,2.0,270 g,normale prijs per kg €16.63,True,AH,2 voor 7.00,2026-07-27,2026-08-02,C,True,AH,https://www.ah.nl/producten/product/wi579428,2026-07-28,AH Geitenkaas appel M,meals-salads
607364,63404,Johma Huzarensalade,Johma,maaltijden-salades,"Maaltijden, salades",Huzarensalades,2.49,2.49,,,,,400 g,prijs per kg €6.23,False,,,,,C,True,AH,https://www.ah.nl/producten/product/wi607364,2026-07-28,Johma Huzarensalad,meals-salads
2348,41310,Van Gilse Mini suikerklontjes,Van Gilse,maaltijden-salades,"Maaltijden, salades","Suiker, poedersuiker",1.49,1.49,,,,,500 g,prijs per kg €2.98,False,,,,,E,True,AH,https://www.ah.nl/producten/product/wi2348,2026-07-28,Van Gilse Mini sugar cubes,meals-salads
419068,690294,AH Rode biet gehaktbal,AH,maaltijden-salades,"Maaltijden, salades",Traditionele Hollandse gerechten,3.99,5.69,29.9,voor 3.99,3.99,,500 g,normale prijs per kg €11.38,True,AH,VOOR 3.99,2026-07-27,2026-08-02,C,True,AH,https://www.ah.nl/producten/product/wi419068,2026-07-28,AH Beetroot meatball,meals-salads
617511,0,AH Rode biet gehaktbal 3-pack,AH,maaltijden-salades,"Maaltijden, salades",Traditionele Hollandse gerechten,11.97,17.07,29.9,pakketkorting,,,3 stuks,,True,AHOO,,2026-07-28,2026-08-02,,True,AH,https://www.ah.nl/producten/product/wi617511,2026-07-28,AH Beetroot meatball 3-pack,meals-salads
622103,0,AH Volkoren pancakes 2-pack,AH,maaltijden-salades,"Maaltijden, salades",Pannenkoeken,5.08,5.18,2.0,2% volume voordeel,,,2 stuks,,True,AHOO,2% volume voordeel,2026-07-28,2999-12-31,,True,AH,https://www.ah.nl/producten/product/wi622103,2026-07-28,AH Whole wheat pancakes 2-pack,meals-salads
622105,0,AH Volkoren pancakes 4-pack,AH,maaltijden-salades,"Maaltijden, salades",Pannenkoeken,9.74,10.36,6.0,6% volume voordeel,,,4 stuks,,True,AHOO,6% volume voordeel,2026-07-28,2999-12-31,,True,AH,https://www.ah.nl/producten/product/wi622105,2026-07-28,AH Whole wheat pancakes 4-pack,meals-salads
38088,76411,AH Rundvleessalade,AH,maaltijden-salades,"Maaltijden, salades",Rundvleessalade,2.89,2.89,,,,,600 g,prijs per kg €4.82,False,,,,,C,True,AH,https://www.ah.nl/producten/product/wi38088,2026-07-28,AH Beef salad,meals-salads
482847,737558,AH Terra Pureersoep zoete aardappel paprika,AH Terra,maaltijden-salades,"Maaltijden, salades",Verse soepen,3.5,4.49,22.0,2 voor 7.00,7.0,2.0,480 g,normale prijs per kg €9.35,True,AH,2 voor 7.00,2026-07-27,2026-08-02,B,True,AH,https://www.ah.nl/producten/product/wi482847,2026-07-28,AH Terra Puree soup sweet potato pepper,meals-salads
597733,46246,AH Sate ajam,AH,maaltijden-salades,"Maaltijden, salades",Aziatische kip en vismaaltijden,3.99,3.99,,,,,275 g,prijs per kg €14.51,False,,,,,C,True,AH,https://www.ah.nl/producten/product/wi597733,2026-07-28,AH Satay ajam,meals-salads
617512,0,AH Rode biet gehaktbal 4-pack,AH,maaltijden-salades,"Maaltijden, salades",Traditionele Hollandse gerechten,15.96,22.76,29.9,pakketkorting,,,4 stuks,,True,AHOO,,2026-07-28,2026-08-02,,True,AH,https://www.ah.nl/producten/product/wi617512,2026-07-28,AH Beetroot meatball 4-pack,meals-salads
597793,46461,AH Verse pizza Amerikaans spicy salami,AH,maaltijden-salades,"Maaltijden, salades",Verse Pizza,6.0,6.99,14.2,2 voor 12.00,12.0,2.0,450 g,normale prijs per kg €15.53,True,AH,2 VOOR 12.00,2026-07-27,2026-08-02,,True,AH,https://www.ah.nl/producten/product/wi597793,2026-07-28,AH Fresh pizza American spicy salami,meals-salads
622104,0,AH Volkoren pancakes 3-pack,AH,maaltijden-salades,"Maaltijden, salades",Pannenkoeken,7.46,7.77,4.0,4% volume voordeel,,,3 stuks,,True,AHOO,4% volume voordeel,2026-07-28,2999-12-31,,True,AH,https://www.ah.nl/producten/product/wi622104,2026-07-28,AH Whole wheat pancakes 3-pack,meals-salads
96779,531033,AH Terra Plantaardig pastasaus napolitana,AH Terra,maaltijden-salades,"Maaltijden, salades",Verse pastasaus,2.49,2.49,,,,,225 g,prijs per kg €11.07,False,,,,,A,True,AH,https://www.ah.nl/producten/product/wi96779,2026-07-28,AH Terra Plantaardig pastasaus napolitana,meals-salads
597722,46232,AH Ajam sate & nasi,AH,maaltijden-salades,"Maaltijden, salades",Aziatische vleesmaaltijden,4.99,4.99,,,,,450 g,prijs per kg €11.09,False,,,,,C,True,AH,https://www.ah.nl/producten/product/wi597722,2026-07-28,AH Ajam sate & nasi,meals-salads
618193,0,AH Terra Plantaardig pastasaus napolitana 2-pack,AH Terra,maaltijden-salades,"Maaltijden, salades",Verse pastasaus,4.78,4.98,4.0,4% volume voordeel,,,2 stuks,,True,AHOO,4% volume voordeel,2026-07-28,2999-12-31,,True,AH,https://www.ah.nl/producten/product/wi618193,2026-07-28,AH Terra Vegetable pasta sauce napolitana 2-pack,meals-salads
621750,0,AH Ajam sate & nasi 3-pack,AH,maaltijden-salades,"Maaltijden, salades",Aziatische vleesmaaltijden,14.52,14.97,3.0,3% volume voordeel,,,3 stuks,,True,AHOO,3% volume voordeel,2026-07-28,2999-12-31,,True,AH,https://www.ah.nl/producten/product/wi621750,2026-07-28,AH Ajam satay & nasi 3-pack,meals-salads
505709,850166,AH Braadworst bloemkool,AH,maaltijden-salades,"Maaltijden, salades",Traditionele Hollandse gerechten,3.99,4.99,20.0,voor 3.99,3.99,,500 g,normale prijs per kg €9.98,True,AH,VOOR 3.99,2026-07-27,2026-08-02,C,True,AH,https://www.ah.nl/producten/product/wi505709,2026-07-28,AH Bratwurst cauliflower,meals-salads
564707,1895,AH Terra Mango amandel M,AH Terra,maaltijden-salades,"Maaltijden, salades",Maaltijdsalade,3.5,4.49,22.0,2 voor 7.00,7.0,2.0,260 g,normale prijs per kg €17.27,True,AH,2 voor 7.00,2026-07-27,2026-08-02,A,True,AH,https://www.ah.nl/producten/product/wi564707,2026-07-28,AH Terra Mango amandel M,meals-salads
618968,0,AH Braadworst bloemkool 3-pack,AH,maaltijden-salades,"Maaltijden, salades",Traditionele Hollandse gerechten,11.97,14.97,20.0,pakketkorting,,,3 stuks,,True,AHOO,,2026-07-28,2026-08-02,,True,AH,https://www.ah.nl/producten/product/wi618968,2026-07-28,AH Bratwurst cauliflower 3-pack,meals-salads
618194,0,AH Terra Plantaardig pastasaus napolitana 3-pack,AH Terra,maaltijden-salades,"Maaltijden, salades",Verse pastasaus,6.87,7.47,8.0,8% volume voordeel,,,3 stuks,,True,AHOO,8% volume voordeel,2026-07-28,2999-12-31,,True,AH,https://www.ah.nl/producten/product/wi618194,2026-07-28,AH Terra Vegetable pasta sauce napolitana 3-pack,meals-salads
618195,0,AH Terra Plantaardig pastasaus napolitana 4-pack,AH Terra,maaltijden-salades,"Maaltijden, salades",Verse pastasaus,8.76,9.96,12.0,12% volume voordeel,,,4 stuks,,True,AHOO,12% volume voordeel,2026-07-28,2999-12-31,,True,AH,https://www.ah.nl/producten/product/wi618195,2026-07-28,AH Terra Vegetable pasta sauce napolitana 4-pack,meals-salads
622072,0,AH Sate ajam 3-pack,AH,maaltijden-salades,"Maaltijden, salades",Aziatische kip en vismaaltijden,11.61,11.97,3.0,3% volume voordeel,,,3 stuks,,True,AHOO,3% volume voordeel,2026-07-28,2999-12-31,,True,AH,https://www.ah.nl/producten/product/wi622072,2026-07-28,AH Sate ajam 3-pack,meals-salads
621751,0,AH Ajam sate & nasi 4-pack,AH,maaltijden-salades,"Maaltijden, salades",Aziatische vleesmaaltijden,18.96,19.96,5.0,5% volume voordeel,,,4 stuks,,True,AHOO,5% volume voordeel,2026-07-28,2999-12-31,,True,AH,https://www.ah.nl/producten/product/wi621751,2026-07-28,AH Ajam satay & nasi 4-pack,meals-salads
618969,0,AH Braadworst bloemkool 4-pack,AH,maaltijden-salades,"Maaltijden, salades",Traditionele Hollandse gerechten,15.96,19.96,20.0,pakketkorting,,,4 stuks,,True,AHOO,,2026-07-28,2026-08-02,,True,AH,https://www.ah.nl/producten/product/wi618969,2026-07-28,AH Bratwurst cauliflower 4-pack,meals-salads
583591,26291,Westland Kip slaatje,Westland,maaltijden-salades,"Maaltijden, salades",Slaatjes,1.29,1.29,,,,,140 g,prijs per kg €9.21,False,,,,,C,True,AH,https://www.ah.nl/producten/product/wi583591,2026-07-28,Westland Chicken salad,meals-salads
618919,0,AH Stoomsoep tom kha kai 3-pack,AH,maaltijden-salades,"Maaltijden, salades",Stoommaaltijden,20.13,20.97,4.0,4% volume voordeel,,,3 stuks,,True,AHOO,4% volume voordeel,2026-07-28,2999-12-31,,True,AH,https://www.ah.nl/producten/product/wi618919,2026-07-28,AH Stoomsoep tom kha kai 3-pack,meals-salads
618920,0,AH Stoomsoep tom kha kai 4-pack,AH,maaltijden-salades,"Maaltijden, salades",Stoommaaltijden,26.28,27.96,6.0,6% volume voordeel,,,4 stuks,,True,AHOO,6% volume voordeel,2026-07-28,2999-12-31,,True,AH,https://www.ah.nl/producten/product/wi618920,2026-07-28,AH Steam soup tom kha kai 4-pack,meals-salads
221485,814597,AH Kip ketjap L,AH,maaltijden-salades,"Maaltijden, salades",Maaltijdsalade,5.49,5.49,,,,,450 g,prijs per kg €12.20,False,,,,,B,True,AH,https://www.ah.nl/producten/product/wi221485,2026-07-28,AH Chicken ketjap L,meals-salads
386315,843930,AH Gerookte kip appel L,AH,maaltijden-salades,"Maaltijden, salades",Maaltijdsalade,5.49,5.49,,,,,450 g,prijs per kg €12.20,False,,,,,B,True,AH,https://www.ah.nl/producten/product/wi386315,2026-07-28,AH Smoked chicken apple L,meals-salads
619136,0,AH Aardappel vrije-uitloop ei 3-pack,AH,maaltijden-salades,"Maaltijden, salades",Aardappelsalade,8.52,8.97,5.0,5% volume voordeel,,,3 stuks,,True,AHOO,5% volume voordeel,2026-07-28,2999-12-31,,True,AH,https://www.ah.nl/producten/product/wi619136,2026-07-28,AH Aardappel vrije-uitloop ei 3-pack,meals-salads
619240,0,AH Maaltijdsalade gerookte kip appel 3-pack,AH,maaltijden-salades,"Maaltijden, salades",Maaltijdsalade,15.98,16.47,3.0,3% volume voordeel,,,3 stuks,,True,AHOO,3% volume voordeel,2026-07-28,2999-12-31,,True,AH,https://www.ah.nl/producten/product/wi619240,2026-07-28,AH Meal salad smoked chicken apple 3-pack,meals-salads
619241,0,AH Maaltijdsalade gerookte kip appel 4-pack,AH,maaltijden-salades,"Maaltijden, salades",Maaltijdsalade,20.86,21.96,5.0,5% volume voordeel,,,4 stuks,,True,AHOO,5% volume voordeel,2026-07-28,2999-12-31,,True,AH,https://www.ah.nl/producten/product/wi619241,2026-07-28,AH Meal salad smoked chicken apple 4-pack,meals-salads
500483,812514,Bertolli Pizzabodems,Bertolli,maaltijden-salades,"Maaltijden, salades",Pizzabodem (vers),2.75,2.75,,,,,280 g,prijs per kg €9.82,False,,,,,C,True,AH,https://www.ah.nl/producten/product/wi500483,2026-07-28,Bertolli Pizzabodems,meals-salads
595139,43325,Jan Volkoren poffertjes,Jan,maaltijden-salades,"Maaltijden, salades",Poffertjes,2.99,2.99,,,,,30 stuks,,False,,,,,C,True,AH,https://www.ah.nl/producten/product/wi595139,2026-07-28,Jan Whole wheat pancakes,meals-salads
619137,0,AH Aardappel vrije-uitloop ei 4-pack,AH,maaltijden-salades,"Maaltijden, salades",Aardappelsalade,10.76,11.96,10.0,10% volume voordeel,,,4 stuks,,True,AHOO,10% volume voordeel,2026-07-28,2999-12-31,,True,AH,https://www.ah.nl/producten/product/wi619137,2026-07-28,AH Potato free-range egg 4-pack,meals-salads
161792,629940,Westland Zalm slaatje,Westland,maaltijden-salades,"Maaltijden, salades",Slaatjes,1.29,1.29,,,,,140 g,prijs per kg €9.21,False,,,,,C,True,AH,https://www.ah.nl/producten/product/wi161792,2026-07-28,Westland Zalm slaatje,meals-salads
38077,67352,AH Huzarensalade,AH,maaltijden-salades,"Maaltijden, salades",Huzarensalades,2.39,2.39,,,,,600 g,prijs per kg €3.98,False,,,,,C,True,AH,https://www.ah.nl/producten/product/wi38077,2026-07-28,AH Huzarensalad,meals-salads
227237,820010,AH Stoommaaltijd kip rozemarijn,AH,maaltijden-salades,"Maaltijden, salades",Stoommaaltijden,6.99,6.99,,,,,450 g,prijs per kg €15.53,False,,,,,B,True,AH,https://www.ah.nl/producten/product/wi227237,2026-07-28,AH Steam meal chicken rosemary,meals-salads
561682,744786,AH Verse soep Oosterse kip,AH,maaltijden-salades,"Maaltijden, salades",Verse soepen,3.0,3.59,16.4,2 voor 6.00,6.0,2.0,500 g,normale prijs per kg €7.18,True,AH,2 voor 6.00,2026-07-27,2026-08-02,B,True,AH,https://www.ah.nl/producten/product/wi561682,2026-07-28,AH Fresh soup Oriental chicken,meals-salads
597752,46287,AH Verse maaltijd butter chicken,AH,maaltijden-salades,"Maaltijden, salades",Verse wereld maaltijden,6.0,6.49,7.6,2 voor 12.00,12.0,2.0,450 g,normale prijs per kg €14.42,True,AH,2 VOOR 12.00,2026-07-27,2026-08-02,B,True,AH,https://www.ah.nl/producten/product/wi597752,2026-07-28,AH Fresh meal butter chicken,meals-salads
120337,563815,AH Stamppot spinazie gehaktballetjes,AH,maaltijden-salades,"Maaltijden, salades",Stamppot,4.69,4.69,,,,,500 g,prijs per kg €9.38,False,,,,,C,True,AH,https://www.ah.nl/producten/product/wi120337,2026-07-28,AH Stew spinach meatballs,meals-salads
597748,46283,AH Verse maaltijd linguini carbonara,AH,maaltijden-salades,"Maaltijden, salades",Verse Italiaanse maaltijden,6.0,6.49,7.6,2 voor 12.00,12.0,2.0,450 g,normale prijs per kg €14.42,True,AH,2 VOOR 12.00,2026-07-27,2026-08-02,C,True,AH,https://www.ah.nl/producten/product/wi597748,2026-07-28,AH Fresh meal linguini carbonara,meals-salads
618288,0,AH Stamppot spinazie gehaktballetjes 3-pack,AH,maaltijden-salades,"Maaltijden, salades",Stamppot,13.65,14.07,3.0,3% volume voordeel,,,3 stuks,,True,AHOO,3% volume voordeel,2026-07-28,2999-12-31,,True,AH,https://www.ah.nl/producten/product/wi618288,2026-07-28,AH Stew spinach meatballs 3-pack,meals-salads
475648,728890,AH Terra Couscous falafel M,AH Terra,maaltijden-salades,"Maaltijden, salades",Maaltijdsalade,3.5,4.49,22.0,2 voor 7.00,7.0,2.0,305 g,normale prijs per kg €14.72,True,AH,2 voor 7.00,2026-07-27,2026-08-02,A,True,AH,https://www.ah.nl/producten/product/wi475648,2026-07-28,AH Terra Couscous falafel M,meals-salads
597734,46247,AH Nasi kip sate,AH,maaltijden-salades,"Maaltijden, salades",Aziatische kip en vismaaltijden,3.79,3.79,,,,,500 g,prijs per kg €7.58,False,,,,,B,True,AH,https://www.ah.nl/producten/product/wi597734,2026-07-28,AH Nasi chicken satay,meals-salads
618289,0,AH Stamppot spinazie gehaktballetjes 4-pack,AH,maaltijden-salades,"Maaltijden, salades",Stamppot,17.82,18.76,5.0,5% volume voordeel,,,4 stuks,,True,AHOO,5% volume voordeel,2026-07-28,2999-12-31,,True,AH,https://www.ah.nl/producten/product/wi618289,2026-07-28,AH Stew spinach meatballs 4-pack,meals-salads
551438,887662,AH Nasi goreng,AH,maaltijden-salades,"Maaltijden, salades",Aziatische vleesmaaltijden,3.95,3.95,,,,,1 kg,prijs per kg €3.95,False,,,,,B,True,AH,https://www.ah.nl/producten/product/wi551438,2026-07-28,AH Nasi goreng,meals-salads
525235,701194,AH Gesneden verspakket traybake gnocchi,AH,maaltijden-salades,"Groente, aardappelen",Gesneden verspakketten,7.59,7.59,,,,,4 pers | 10 min,prijs per kg €5.03,False,,,,,A,True,AH,https://www.ah.nl/producten/product/wi525235,2026-07-28,AH Sliced ​​fresh package traybake gnocchi,meals-salads
365392,832131,AH Pasta pesto M,AH,maaltijden-salades,"Maaltijden, salades",Pastasalade,3.5,4.49,22.0,2 voor 7.00,7.0,2.0,350 g,normale prijs per kg €12.83,True,AH,2 voor 7.00,2026-07-27,2026-08-02,C,True,AH,https://www.ah.nl/producten/product/wi365392,2026-07-28,AH Pasta pesto M,meals-salads
587318,32885,AH Gesneden verspakket yakisoba,AH,maaltijden-salades,"Groente, aardappelen",Gesneden verspakketten,6.99,6.99,,,,,2-3 pers|25 min,prijs per kg €8.96,False,,,,,A,True,AH,https://www.ah.nl/producten/product/wi587318,2026-07-28,AH Sliced ​​fresh package of yakisoba,meals-salads
596754,45114,AH Verse maaltijd beef teriyaki,AH,maaltijden-salades,"Maaltijden, salades",Verse Aziatische maaltijden,6.0,6.99,14.2,2 voor 12.00,12.0,2.0,450 g,normale prijs per kg €15.53,True,AH,2 VOOR 12.00,2026-07-27,2026-08-02,C,True,AH,https://www.ah.nl/producten/product/wi596754,2026-07-28,AH Verse maaltijd beef teriyaki,meals-salads
597804,46406,AH Verse soep Chinese tomaat,AH,maaltijden-salades,"Maaltijden, salades",Verse soepen,3.0,3.59,16.4,2 voor 6.00,6.0,2.0,500 g,normale prijs per kg €7.18,True,AH,2 voor 6.00,2026-07-27,2026-08-02,C,True,AH,https://www.ah.nl/producten/product/wi597804,2026-07-28,AH Fresh Chinese tomato soup,meals-salads
221577,816926,AH Couscous Marokkaanse stijl verspakket,AH,maaltijden-salades,"Groente, aardappelen",Ongesneden verspakketten,5.99,5.99,,,,,4 pers | 30 min,,False,,,,,B,True,AH,https://www.ah.nl/producten/product/wi221577,2026-07-28,AH Couscous Moroccan style fresh package,meals-salads
509277,675346,Bonduelle Lunchbowl quinoa,Bonduelle,maaltijden-salades,"Maaltijden, salades",Maaltijdsalade,2.99,2.99,,,,,250 g,prijs per kg €11.96,False,,,,,A,True,AH,https://www.ah.nl/producten/product/wi509277,2026-07-28,Bonduelle Lunchbowl quinoa,meals-salads
509279,675386,Bonduelle Lunchbowl spelt,Bonduelle,maaltijden-salades,"Maaltijden, salades",Maaltijdsalade,2.99,2.99,,,,,250 g,prijs per kg €11.96,False,,,,,A,True,AH,https://www.ah.nl/producten/product/wi509279,2026-07-28,Bonduelle Lunchbowl spelled,meals-salads
624648,0,Bonduelle Bonduelle Lunchbowl spelt 3-pack,Bonduelle,maaltijden-salades,"Maaltijden, salades",Maaltijdsalade,8.52,8.97,5.0,5% volume voordeel,,,3 stuks,,True,AHOO,5% volume voordeel,2026-07-28,2999-12-31,,True,AH,https://www.ah.nl/producten/product/wi624648,2026-07-28,Bonduelle Bonduelle Lunchbowl spelled 3-pack,meals-salads
624649,0,Bonduelle Bonduelle Lunchbowl spelt 6-pack,Bonduelle,maaltijden-salades,"Maaltijden, salades",Maaltijdsalade,16.15,17.94,10.0,10% volume voordeel,,,6 stuks,,True,AHOO,10% volume voordeel,2026-07-28,2999-12-31,,True,AH,https://www.ah.nl/producten/product/wi624649,2026-07-28,Bonduelle Bonduelle Lunchbowl spelled 6-pack,meals-salads
508037,684409,AH Pie pulled pork,AH,maaltijden-salades,"Maaltijden, salades",Hartige taart,3.85,3.85,,,,,250 g,prijs per kg €15.40,False,,,,,D,True,AH,https://www.ah.nl/producten/product/wi508037,2026-07-28,AH Pie pulled pork,meals-salads
584901,29695,AH Terra Plantaardige ravioli arrabbiata,AH Terra,maaltijden-salades,"Maaltijden, salades",Verse pasta,3.19,3.19,,,,,250 g,prijs per kg €12.76,False,,,,,C,True,AH,https://www.ah.nl/producten/product/wi584901,2026-07-28,AH Terra Plantaardige ravioli arrabbiata,meals-salads
619512,0,AH Pie pulled pork 2-pack,AH,maaltijden-salades,"Maaltijden, salades",Hartige taart,7.39,7.7,4.0,4% volume voordeel,,,2 stuks,,True,AHOO,4% volume voordeel,2026-07-28,2999-12-31,,True,AH,https://www.ah.nl/producten/product/wi619512,2026-07-28,AH Pie pulled pork 2-pack,meals-salads
621089,0,AH Terra Plantaardige ravioli arrabbiata 2-pack,AH Terra,maaltijden-salades,"Maaltijden, salades",Verse pasta,6.12,6.38,4.0,4% volume voordeel,,,2 stuks,,True,AHOO,4% volume voordeel,2026-07-28,2999-12-31,,True,AH,https://www.ah.nl/producten/product/wi621089,2026-07-28,AH Terra Vegetable ravioli arrabbiata 2-pack,meals-salads
563781,1502,AH Pasta kip kebab M,AH,maaltijden-salades,"Maaltijden, salades",Pastasalade,3.5,4.49,22.0,2 voor 7.00,7.0,2.0,350 g,normale prijs per kg €12.83,True,AH,2 voor 7.00,2026-07-27,2026-08-02,C,True,AH,https://www.ah.nl/producten/product/wi563781,2026-07-28,AH Pasta chicken kebab M,meals-salads
196938,751716,Van Gilse Fijne kaneelsuiker,Van Gilse,maaltijden-salades,"Maaltijden, salades","Suiker, poedersuiker",0.99,0.99,,,,,200 g,prijs per kg €4.95,False,,,,,E,True,AH,https://www.ah.nl/producten/product/wi196938,2026-07-28,Van Gilse Fine cinnamon sugar,meals-salads
597726,46239,AH Babi pangang & nasi,AH,maaltijden-salades,"Maaltijden, salades",Aziatische vleesmaaltijden,4.99,4.99,,,,,450 g,prijs per kg €11.09,False,,,,,C,True,AH,https://www.ah.nl/producten/product/wi597726,2026-07-28,AH Babi pangang & nasi,meals-salads
601070,0,Marhaba Pizza lahmacun 3-pack,Marhaba,maaltijden-salades,"Maaltijden, salades",Halal snacks (vers),11.37,11.97,5.0,5% volume voordeel,,,3 stuks,,True,AHOO,5% volume voordeel,2026-07-28,2999-12-31,,True,AH,https://www.ah.nl/producten/product/wi601070,2026-07-28,Marhaba Pizza lahmacun 3-pack,meals-salads
619513,0,AH Pie pulled pork 3-pack,AH,maaltijden-salades,"Maaltijden, salades",Hartige taart,10.63,11.55,8.0,8% volume voordeel,,,3 stuks,,True,AHOO,8% volume voordeel,2026-07-28,2999-12-31,,True,AH,https://www.ah.nl/producten/product/wi619513,2026-07-28,AH Pie pulled pork 3-pack,meals-salads
619514,0,AH Pie pulled pork 4-pack,AH,maaltijden-salades,"Maaltijden, salades",Hartige taart,13.55,15.4,12.0,12% volume voordeel,,,4 stuks,,True,AHOO,12% volume voordeel,2026-07-28,2999-12-31,,True,AH,https://www.ah.nl/producten/product/wi619514,2026-07-28,AH Pie pulled pork 4-pack,meals-salads
621090,0,AH Terra Plantaardige ravioli arrabbiata 3-pack,AH Terra,maaltijden-salades,"Maaltijden, salades",Verse pasta,8.8,9.57,8.0,8% volume voordeel,,,3 stuks,,True,AHOO,8% volume voordeel,2026-07-28,2999-12-31,,True,AH,https://www.ah.nl/producten/product/wi621090,2026-07-28,AH Terra Plantaardige ravioli arrabbiata 3-pack,meals-salads
621091,0,AH Terra Plantaardige ravioli arrabbiata 4-pack,AH Terra,maaltijden-salades,"Maaltijden, salades",Verse pasta,11.23,12.76,12.0,12% volume voordeel,,,4 stuks,,True,AHOO,12% volume voordeel,2026-07-28,2999-12-31,,True,AH,https://www.ah.nl/producten/product/wi621091,2026-07-28,AH Terra Vegetable ravioli arrabbiata 4-pack,meals-salads
622014,0,AH Babi pangang & nasi 3-pack,AH,maaltijden-salades,"Maaltijden, salades",Aziatische vleesmaaltijden,14.52,14.97,3.0,3% volume voordeel,,,3 stuks,,True,AHOO,3% volume voordeel,2026-07-28,2999-12-31,,True,AH,https://www.ah.nl/producten/product/wi622014,2026-07-28,AH Babi pangang & nasi 3-pack,meals-salads
622015,0,AH Babi pangang & nasi 4-pack,AH,maaltijden-salades,"Maaltijden, salades",Aziatische vleesmaaltijden,18.96,19.96,5.0,5% volume voordeel,,,4 stuks,,True,AHOO,5% volume voordeel,2026-07-28,2999-12-31,,True,AH,https://www.ah.nl/producten/product/wi622015,2026-07-28,AH Babi pangang & nasi 4-pack,meals-salads
609195,66959,AH Focacciadeeg,AH,maaltijden-salades,"Maaltijden, salades",Pizzabodem (vers),1.99,1.99,,,,,385 g,prijs per kg €5.17,False,,,,,C,True,AH,https://www.ah.nl/producten/product/wi609195,2026-07-28,AH Focaccia dough,meals-salads
517588,585833,AH Gesneden verspakket beef teriyaki,AH,maaltijden-salades,"Groente, aardappelen",Gesneden verspakketten,6.99,6.99,,,,,2-3 pers|12 min,,False,,,,,B,True,AH,https://www.ah.nl/producten/product/wi517588,2026-07-28,AH Sliced ​​fresh package of beef teriyaki,meals-salads
587569,33112,AH Romige pasta zalm courgette verspakket,AH,maaltijden-salades,"Groente, aardappelen",Ongesneden verspakketten,5.99,5.99,,,,,4 pers | 20 min,,False,,,,,B,True,AH,https://www.ah.nl/producten/product/wi587569,2026-07-28,AH Creamy pasta salmon zucchini fresh package,meals-salads
597778,46308,AH Verse maaltijd roti kip,AH,maaltijden-salades,"Maaltijden, salades",Verse wereld maaltijden,6.0,6.99,14.2,2 voor 12.00,12.0,2.0,450 g,normale prijs per kg €15.53,True,AH,2 VOOR 12.00,2026-07-27,2026-08-02,C,True,AH,https://www.ah.nl/producten/product/wi597778,2026-07-28,AH Fresh roti chicken meal,meals-salads
66084,568872,AH Hollandse stamppot boerenkool rookworst,AH,maaltijden-salades,"Maaltijden, salades",Stamppot,4.69,4.69,,,,,500 g,prijs per kg €9.38,False,,,,,C,True,AH,https://www.ah.nl/producten/product/wi66084,2026-07-28,AH Dutch stew kale smoked sausage,meals-salads
612570,69164,Bieze Rauwkost redslaw Aziatische stijl,Bieze,maaltijden-salades,"Maaltijden, salades",Rauwkostsalade,2.09,2.09,,,,,250 g,prijs per kg €8.36,False,,,,,C,True,AH,https://www.ah.nl/producten/product/wi612570,2026-07-28,Bieze Raw food redslaw Asian style,meals-salads
618091,0,AH Hollands stamppot boerenkl rookworst 3pk,AH,maaltijden-salades,"Maaltijden, salades",Stamppot,13.65,14.07,3.0,3% volume voordeel,,,3 stuks,,True,AHOO,3% volume voordeel,2026-07-28,2999-12-31,,True,AH,https://www.ah.nl/producten/product/wi618091,2026-07-28,AH Dutch stew boerkl smoked sausage 3pk,meals-salads
614179,72171,AH Gesneden verspakket romige pasta met kip,AH,maaltijden-salades,"Groente, aardappelen",Gesneden verspakketten,4.99,4.99,,,,,1 pers | 20 min,,False,,,,,B,True,AH,https://www.ah.nl/producten/product/wi614179,2026-07-28,AH Sliced ​​fresh package of creamy pasta with chicken,meals-salads
561685,888108,AH Terra Verse soep pompoen,AH Terra,maaltijden-salades,"Maaltijden, salades",Verse soepen,3.0,3.59,16.4,2 voor 6.00,6.0,2.0,500 g,normale prijs per kg €7.18,True,AH,2 voor 6.00,2026-07-27,2026-08-02,B,True,AH,https://www.ah.nl/producten/product/wi561685,2026-07-28,AH Terra Fresh pumpkin soup,meals-salads
227236,820009,AH Stoommaaltijd kip tandoori,AH,maaltijden-salades,"Maaltijden, salades",Stoommaaltijden,6.49,6.49,,,,,450 g,prijs per kg €14.42,False,,,,,A,True,AH,https://www.ah.nl/producten/product/wi227236,2026-07-28,AH Stoommaaltijd kip tandoori,meals-salads
597763,46454,AH Verse pinsa gorgonzola,AH,maaltijden-salades,"Maaltijden, salades",Verse Pizza,5.0,5.99,16.5,2 voor 10.00,10.0,2.0,380 g,normale prijs per kg €15.76,True,AH,2 voor 10.00,2026-07-27,2026-08-02,C,True,AH,https://www.ah.nl/producten/product/wi597763,2026-07-28,AH Verse pinsa gorgonzola,meals-salads
618092,0,AH Hollands stamppot boerenkl rookworst 4pk,AH,maaltijden-salades,"Maaltijden, salades",Stamppot,17.82,18.76,5.0,5% volume voordeel,,,4 stuks,,True,AHOO,5% volume voordeel,2026-07-28,2999-12-31,,True,AH,https://www.ah.nl/producten/product/wi618092,2026-07-28,AH Hollands stamppot boerenkl rookworst 4pk,meals-salads
210755,803489,AH Verse stamppot witlof ham kaas,AH,maaltijden-salades,"Maaltijden, salades",Verse Hollandse maaltijden,5.59,5.59,,,,,540 g,prijs per kg €10.35,False,,,,,A,True,AH,https://www.ah.nl/producten/product/wi210755,2026-07-28,AH Fresh stew chicory ham cheese,meals-salads
475649,728945,AH Stoommaaltijd beef teriyaki,AH,maaltijden-salades,"Maaltijden, salades",Stoommaaltijden,7.49,7.49,,,,,450 g,prijs per kg €16.64,False,,,,,B,True,AH,https://www.ah.nl/producten/product/wi475649,2026-07-28,AH Steam meal beef teriyaki,meals-salads
618739,0,AH Stoommaaltijd beef teriyaki 3-pack,AH,maaltijden-salades,"Maaltijden, salades",Stoommaaltijden,21.8,22.47,3.0,3% volume voordeel,,,3 stuks,,True,AHOO,3% volume voordeel,2026-07-28,2999-12-31,,True,AH,https://www.ah.nl/producten/product/wi618739,2026-07-28,AH Stoommaaltijd beef teriyaki 3-pack,meals-salads
618740,0,AH Stoommaaltijd beef teriyaki 4-pack,AH,maaltijden-salades,"Maaltijden, salades",Stoommaaltijden,28.46,29.96,5.0,5% volume voordeel,,,4 stuks,,True,AHOO,5% volume voordeel,2026-07-28,2999-12-31,,True,AH,https://www.ah.nl/producten/product/wi618740,2026-07-28,AH Steam meal beef teriyaki 4-pack,meals-salads
611680,67943,Westland Luxe ei schotel,Westland,maaltijden-salades,"Maaltijden, salades",Huzarensalades,3.49,3.49,,,,,400 g,prijs per kg €8.73,False,,,,,C,True,AH,https://www.ah.nl/producten/product/wi611680,2026-07-28,Westland Luxe ei schotel,meals-salads
537154,747636,AH Paprikasoep verspakket,AH,maaltijden-salades,"Groente, aardappelen",Soeppakketten,4.99,4.99,,,,,6 pers | 30 min,,False,,,,,B,True,AH,https://www.ah.nl/producten/product/wi537154,2026-07-28,AH Pepper soup fresh package,meals-salads
570886,11139,Magioni Pumpkin cinnamon pancakes,Magioni,maaltijden-salades,"Maaltijden, salades",Pannenkoeken,2.59,2.59,,,,,4 x 40 g,prijs per kg €16.19,False,,,,,B,True,AH,https://www.ah.nl/producten/product/wi570886,2026-07-28,Magioni Pumpkin cinnamon pancakes,meals-salads
597743,46256,AH Lasagne bolognese,AH,maaltijden-salades,"Maaltijden, salades",Kant-en-klare Italiaanse maaltijden,3.99,3.99,,,,,400 g,prijs per kg €9.98,False,,,,,B,True,AH,https://www.ah.nl/producten/product/wi597743,2026-07-28,AH Lasagne bolognese,meals-salads
549985,738509,AH Tikka masala verspakket,AH,maaltijden-salades,"Groente, aardappelen",Ongesneden verspakketten,5.99,5.99,,,,,4 pers | 40 min,,False,,,,,B,True,AH,https://www.ah.nl/producten/product/wi549985,2026-07-28,AH Tikka masala verspakket,meals-salads
364395,829216,AH Pastasaus funghi,AH,maaltijden-salades,"Maaltijden, salades",Verse pastasaus,2.49,2.49,,,,,225 g,prijs per kg €11.07,False,,,,,C,True,AH,https://www.ah.nl/producten/product/wi364395,2026-07-28,AH Pasta sauce funghi,meals-salads
574721,15995,AH Gesneden verspakket tex-mex burrito's,AH,maaltijden-salades,"Groente, aardappelen",Gesneden verspakketten,6.99,6.99,,,,,2-3 pers|35 min,prijs per kg €8.25,False,,,,,A,True,AH,https://www.ah.nl/producten/product/wi574721,2026-07-28,AH Sliced ​​fresh pack of Tex-Mex burritos,meals-salads
598373,0,AH Pastasaus funghi 2-pack,AH,maaltijden-salades,"Maaltijden, salades",Verse pastasaus,4.78,4.98,4.0,4% volume voordeel,,,2 stuks,,True,AHOO,4% volume voordeel,2026-07-28,2999-12-31,,True,AH,https://www.ah.nl/producten/product/wi598373,2026-07-28,AH Pasta sauce funghi 2-pack,meals-salads
597780,46324,AH Verse maaltijd indische runderstoof,AH,maaltijden-salades,"Maaltijden, salades",Verse wereld maaltijden,6.0,6.99,14.2,2 voor 12.00,12.0,2.0,450 g,normale prijs per kg €15.53,True,AH,2 VOOR 12.00,2026-07-27,2026-08-02,C,True,AH,https://www.ah.nl/producten/product/wi597780,2026-07-28,AH Fresh meal of Indian beef stew,meals-salads
597785,46331,AH Verse maaltijd spaghetti meatballs,AH,maaltijden-salades,"Maaltijden, salades",Verse Italiaanse maaltijden,6.0,6.99,14.2,2 voor 12.00,12.0,2.0,450 g,normale prijs per kg €15.53,True,AH,2 VOOR 12.00,2026-07-27,2026-08-02,C,True,AH,https://www.ah.nl/producten/product/wi597785,2026-07-28,AH Fresh meal spaghetti meatballs,meals-salads
565231,3340,AH Terra Pureersoep pompoen linzen,AH Terra,maaltijden-salades,"Maaltijden, salades",Verse soepen,3.5,4.49,22.0,2 voor 7.00,7.0,2.0,520 g,normale prijs per kg €8.63,True,AH,2 voor 7.00,2026-07-27,2026-08-02,B,True,AH,https://www.ah.nl/producten/product/wi565231,2026-07-28,AH Terra Puree soup pumpkin lentils,meals-salads
597721,46322,AH Verse maaltijd lasagne,AH,maaltijden-salades,"Maaltijden, salades",Verse Italiaanse maaltijden,6.0,6.49,7.6,2 voor 12.00,12.0,2.0,450 g,normale prijs per kg €14.42,True,AH,2 VOOR 12.00,2026-07-27,2026-08-02,B,True,AH,https://www.ah.nl/producten/product/wi597721,2026-07-28,AH Fresh meal lasagna,meals-salads
614640,72545,AH Kip korma verspakket 2-persoons,AH,maaltijden-salades,"Groente, aardappelen",Ongesneden verspakketten,4.49,4.49,,,,,2 pers | 30 min,,False,,,,,B,True,AH,https://www.ah.nl/producten/product/wi614640,2026-07-28,AH Kip korma verspakket 2-persoons,meals-salads
614636,72561,AH Pasta arrabbiata verspakket 2-persoons,AH,maaltijden-salades,"Groente, aardappelen",Ongesneden verspakketten,4.49,4.49,,,,,2 pers | 35 min,,False,,,,,B,True,AH,https://www.ah.nl/producten/product/wi614636,2026-07-28,AH Pasta arrabbiata fresh package for 2 persons,meals-salads
578799,22407,AH Terra Verse soep linzen,AH Terra,maaltijden-salades,"Maaltijden, salades",Verse soepen,3.0,3.59,16.4,2 voor 6.00,6.0,2.0,500 g,normale prijs per kg €7.18,True,AH,2 voor 6.00,2026-07-27,2026-08-02,B,True,AH,https://www.ah.nl/producten/product/wi578799,2026-07-28,AH Terra Fresh lentil soup,meals-salads
597794,47244,AH Volkoren houtoven pizzabodem,AH,maaltijden-salades,"Maaltijden, salades",Pizzabodem (vers),3.39,3.39,,,,,550 g,prijs per kg €6.16,False,,,,,B,True,AH,https://www.ah.nl/producten/product/wi597794,2026-07-28,AH Whole wheat wood oven pizza base,meals-salads
597791,46459,AH Verse pizza Amerikaans bbq chicken,AH,maaltijden-salades,"Maaltijden, salades",Verse Pizza,6.0,6.99,14.2,2 voor 12.00,12.0,2.0,500 g,normale prijs per kg €13.98,True,AH,2 VOOR 12.00,2026-07-27,2026-08-02,C,True,AH,https://www.ah.nl/producten/product/wi597791,2026-07-28,AH Fresh pizza American BBQ chicken,meals-salads
597258,45911,AH Pastasaus arrabbiata,AH,maaltijden-salades,"Maaltijden, salades",Verse pastasaus,2.49,2.49,,,,,225 g,prijs per kg €11.07,False,,,,,A,True,AH,https://www.ah.nl/producten/product/wi597258,2026-07-28,AH Pasta sauce arrabbiata,meals-salads
597626,47637,AH Eiernoedels,AH,maaltijden-salades,"Maaltijden, salades",Verse Noedels,2.79,2.79,,,,,250 g,prijs per kg €11.16,False,,,,,A,True,AH,https://www.ah.nl/producten/product/wi597626,2026-07-28,AH Eiernoedels,meals-salads
621767,0,AH Eiernoedels 2-pack,AH,maaltijden-salades,"Maaltijden, salades",Verse Noedels,5.3,5.58,5.0,5% volume voordeel,,,2 stuks,,True,AHOO,5% volume voordeel,2026-07-28,2999-12-31,,True,AH,https://www.ah.nl/producten/product/wi621767,2026-07-28,AH Egg noodles 2-pack,meals-salads
621783,0,AH Pastasaus arrabbiata 2-pack,AH,maaltijden-salades,"Maaltijden, salades",Verse pastasaus,4.78,4.98,4.0,4% volume voordeel,,,2 stuks,,True,AHOO,4% volume voordeel,2026-07-28,2999-12-31,,True,AH,https://www.ah.nl/producten/product/wi621783,2026-07-28,AH Pasta sauce arrabbiata 2-pack,meals-salads
597736,46249,AH Bami foe yong hai,AH,maaltijden-salades,"Maaltijden, salades",Aziatische vleesmaaltijden,4.99,4.99,,,,,450 g,prijs per kg €11.09,False,,,,,C,True,AH,https://www.ah.nl/producten/product/wi597736,2026-07-28,AH Bami foe yong hai,meals-salads
622018,0,AH Bami foe yong hai 3-pack,AH,maaltijden-salades,"Maaltijden, salades",Aziatische vleesmaaltijden,14.52,14.97,3.0,3% volume voordeel,,,3 stuks,,True,AHOO,3% volume voordeel,2026-07-28,2999-12-31,,True,AH,https://www.ah.nl/producten/product/wi622018,2026-07-28,AH Bami foe yong hai 3-pack,meals-salads
622019,0,AH Bami foe yong hai 4-pack,AH,maaltijden-salades,"Maaltijden, salades",Aziatische vleesmaaltijden,18.96,19.96,5.0,5% volume voordeel,,,4 stuks,,True,AHOO,5% volume voordeel,2026-07-28,2999-12-31,,True,AH,https://www.ah.nl/producten/product/wi622019,2026-07-28,AH Bami foe yong hai 4-pack,meals-salads
227239,820012,AH Stoommaaltijd pasta pesto,AH,maaltijden-salades,"Maaltijden, salades",Stoommaaltijden,5.99,5.99,,,,,450 g,prijs per kg €13.31,False,,,,,B,True,AH,https://www.ah.nl/producten/product/wi227239,2026-07-28,AH Steam meal pasta pesto,meals-salads
597790,46458,AH Verse pizza Amerikaans cheese onion,AH,maaltijden-salades,"Maaltijden, salades",Verse Pizza,6.0,6.99,14.2,2 voor 12.00,12.0,2.0,460 g,normale prijs per kg €15.20,True,AH,2 VOOR 12.00,2026-07-27,2026-08-02,C,True,AH,https://www.ah.nl/producten/product/wi597790,2026-07-28,AH Fresh pizza American cheese onion,meals-salads
621784,0,AH Pastasaus arrabbiata 3-pack,AH,maaltijden-salades,"Maaltijden, salades",Verse pastasaus,6.87,7.47,8.0,8% volume voordeel,,,3 stuks,,True,AHOO,8% volume voordeel,2026-07-28,2999-12-31,,True,AH,https://www.ah.nl/producten/product/wi621784,2026-07-28,AH Pasta sauce arrabbiata 3-pack,meals-salads
621785,0,AH Pastasaus arrabbiata 4-pack,AH,maaltijden-salades,"Maaltijden, salades",Verse pastasaus,8.76,9.96,12.0,12% volume voordeel,,,4 stuks,,True,AHOO,12% volume voordeel,2026-07-28,2999-12-31,,True,AH,https://www.ah.nl/producten/product/wi621785,2026-07-28,AH Pastasaus arrabbiata 4-pack,meals-salads
622100,0,AH Volkoren houtoven pizzabodem 2-pack,AH,maaltijden-salades,"Maaltijden, salades",Pizzabodem (vers),6.51,6.78,4.0,4% volume voordeel,,,2 stuks,,True,AHOO,4% volume voordeel,2026-07-28,2999-12-31,,True,AH,https://www.ah.nl/producten/product/wi622100,2026-07-28,AH Whole wheat wood oven pizza base 2-pack,meals-salads
54284,99560,AH Stamppot witlof ham,AH,maaltijden-salades,"Maaltijden, salades",Stamppot,4.69,4.69,,,,,500 g,prijs per kg €9.38,False,,,,,C,True,AH,https://www.ah.nl/producten/product/wi54284,2026-07-28,AH Stamppot chicory ham,meals-salads
618290,0,AH Stamppot witlof ham 3-pack,AH,maaltijden-salades,"Maaltijden, salades",Stamppot,13.65,14.07,3.0,3% volume voordeel,,,3 stuks,,True,AHOO,3% volume voordeel,2026-07-28,2999-12-31,,True,AH,https://www.ah.nl/producten/product/wi618290,2026-07-28,AH Stamppot chicory ham 3-pack,meals-salads
579426,22546,AH Oude kaas L,AH,maaltijden-salades,"Maaltijden, salades",Maaltijdsalade,5.49,5.49,,,,,400 g,prijs per kg €13.73,False,,,,,C,True,AH,https://www.ah.nl/producten/product/wi579426,2026-07-28,AH Old cheese L,meals-salads
620737,0,AH Maaltijdsalade oude kaas 3-pack,AH,maaltijden-salades,"Maaltijden, salades",Maaltijdsalade,15.98,16.47,3.0,3% volume voordeel,,,3 stuks,,True,AHOO,3% volume voordeel,2026-07-28,2999-12-31,,True,AH,https://www.ah.nl/producten/product/wi620737,2026-07-28,AH Meal salad old cheese 3-pack,meals-salads
620738,0,AH Maaltijdsalade oude kaas 4-pack,AH,maaltijden-salades,"Maaltijden, salades",Maaltijdsalade,20.86,21.96,5.0,5% volume voordeel,,,4 stuks,,True,AHOO,5% volume voordeel,2026-07-28,2999-12-31,,True,AH,https://www.ah.nl/producten/product/wi620738,2026-07-28,AH Maaltijdsalade oude kaas 4-pack,meals-salads
621768,0,AH Eiernoedels 3-pack,AH,maaltijden-salades,"Maaltijden, salades",Verse Noedels,7.7,8.37,8.0,8% volume voordeel,,,3 stuks,,True,AHOO,8% volume voordeel,2026-07-28,2999-12-31,,True,AH,https://www.ah.nl/producten/product/wi621768,2026-07-28,AH Eiernoedels 3-pack,meals-salads
621769,0,AH Eiernoedels 4-pack,AH,maaltijden-salades,"Maaltijden, salades",Verse Noedels,10.04,11.16,10.0,10% volume voordeel,,,4 stuks,,True,AHOO,10% volume voordeel,2026-07-28,2999-12-31,,True,AH,https://www.ah.nl/producten/product/wi621769,2026-07-28,AH Egg noodles 4-pack,meals-salads
517575,51701,AH Sandwich bacon ei,AH,maaltijden-salades,"Maaltijden, salades",Belegde broodjes,3.65,3.65,,,,,156 g,prijs per kg €23.40,False,,,,,C,True,AH,https://www.ah.nl/producten/product/wi517575,2026-07-28,AH Bacon egg sandwich,meals-salads
597625,47636,AH Udon noedels,AH,maaltijden-salades,"Maaltijden, salades",Verse Noedels,2.79,2.79,,,,,250 g,prijs per kg €11.16,False,,,,,A,True,AH,https://www.ah.nl/producten/product/wi597625,2026-07-28,AH Udon noodles,meals-salads
618291,0,AH Stamppot witlof ham 4-pack,AH,maaltijden-salades,"Maaltijden, salades",Stamppot,17.82,18.76,5.0,5% volume voordeel,,,4 stuks,,True,AHOO,5% volume voordeel,2026-07-28,2999-12-31,,True,AH,https://www.ah.nl/producten/product/wi618291,2026-07-28,AH Stamppot chicory ham 4-pack,meals-salads
621817,0,AH Udon noedels 2-pack,AH,maaltijden-salades,"Maaltijden, salades",Verse Noedels,5.3,5.58,5.0,5% volume voordeel,,,2 stuks,,True,AHOO,5% volume voordeel,2026-07-28,2999-12-31,,True,AH,https://www.ah.nl/producten/product/wi621817,2026-07-28,AH Udon noedels 2-pack,meals-salads
561684,74311,AH Terra Verse soep veggie boost paprika tomaat,AH Terra,maaltijden-salades,"Maaltijden, salades",Verse soepen,3.0,3.59,16.4,2 voor 6.00,6.0,2.0,500 g,normale prijs per kg €7.18,True,AH,2 voor 6.00,2026-07-27,2026-08-02,A,True,AH,https://www.ah.nl/producten/product/wi561684,2026-07-28,AH Terra Fresh soup veggie boost pepper tomato,meals-salads
597797,46404,AH Verse soep champignon crème,AH,maaltijden-salades,"Maaltijden, salades",Verse soepen,3.0,3.59,16.4,2 voor 6.00,6.0,2.0,500 g,normale prijs per kg €7.18,True,AH,2 voor 6.00,2026-07-27,2026-08-02,C,True,AH,https://www.ah.nl/producten/product/wi597797,2026-07-28,AH Fresh soup mushroom cream,meals-salads
622102,0,AH Volkoren houtoven pizzabodem 4-pack,AH,maaltijden-salades,"Maaltijden, salades",Pizzabodem (vers),12.2,13.56,10.0,10% volume voordeel,,,4 stuks,,True,AHOO,10% volume voordeel,2026-07-28,2999-12-31,,True,AH,https://www.ah.nl/producten/product/wi622102,2026-07-28,AH Volkoren houtoven pizzabodem 4-pack,meals-salads
622101,0,AH Volkoren houtoven pizzabodem 3-pack,AH,maaltijden-salades,"Maaltijden, salades",Pizzabodem (vers),9.46,10.17,7.0,7% volume voordeel,,,3 stuks,,True,AHOO,7% volume voordeel,2026-07-28,2999-12-31,,True,AH,https://www.ah.nl/producten/product/wi622101,2026-07-28,AH Volkoren houtoven pizzabodem 3-pack,meals-salads
621818,0,AH Udon noedels 3-pack,AH,maaltijden-salades,"Maaltijden, salades",Verse Noedels,7.7,8.37,8.0,8% volume voordeel,,,3 stuks,,True,AHOO,8% volume voordeel,2026-07-28,2999-12-31,,True,AH,https://www.ah.nl/producten/product/wi621818,2026-07-28,AH Udon noodles 3-pack,meals-salads
621819,0,AH Udon noedels 4-pack,AH,maaltijden-salades,"Maaltijden, salades",Verse Noedels,10.04,11.16,10.0,10% volume voordeel,,,4 stuks,,True,AHOO,10% volume voordeel,2026-07-28,2999-12-31,,True,AH,https://www.ah.nl/producten/product/wi621819,2026-07-28,AH Udon noedels 4-pack,meals-salads
231840,822514,AH Biet geitenkaas S,AH,maaltijden-salades,"Maaltijden, salades",Kleine salade,3.49,3.49,,,,,200 g,prijs per kg €17.45,False,,,,,C,True,AH,https://www.ah.nl/producten/product/wi231840,2026-07-28,AH Biet goat cheese S,meals-salads
597729,46242,AH Foe yong hai,AH,maaltijden-salades,"Maaltijden, salades",Aziatische vleesmaaltijden,3.99,3.99,,,,,275 g,prijs per kg €14.51,False,,,,,C,True,AH,https://www.ah.nl/producten/product/wi597729,2026-07-28,AH Foe yong hai,meals-salads
622039,0,AH Foe yong hai 3-pack,AH,maaltijden-salades,"Maaltijden, salades",Aziatische vleesmaaltijden,11.61,11.97,3.0,3% volume voordeel,,,3 stuks,,True,AHOO,3% volume voordeel,2026-07-28,2999-12-31,,True,AH,https://www.ah.nl/producten/product/wi622039,2026-07-28,AH Foe yong hai 3-pack,meals-salads
622040,0,AH Foe yong hai 4-pack,AH,maaltijden-salades,"Maaltijden, salades",Aziatische vleesmaaltijden,15.16,15.96,5.0,5% volume voordeel,,,4 stuks,,True,AHOO,5% volume voordeel,2026-07-28,2999-12-31,,True,AH,https://www.ah.nl/producten/product/wi622040,2026-07-28,AH Foe yong hai 4-pack,meals-salads
609194,66958,Jan Pizzadeeg Napoli,Jan,maaltijden-salades,"Maaltijden, salades",Pizzabodem (vers),2.29,2.29,,,,,300 g,prijs per kg €7.63,False,,,,,C,True,AH,https://www.ah.nl/producten/product/wi609194,2026-07-28,Jan Pizza dough Napoli,meals-salads
550232,700389,AH Gesneden verspakket courgetti carbonara,AH,maaltijden-salades,"Groente, aardappelen",Gesneden verspakketten,6.89,6.89,,,,,2 pers | 20 min,prijs per kg €9.44,False,,,,,B,True,AH,https://www.ah.nl/producten/product/wi550232,2026-07-28,AH Sliced ​​fresh package of courgetti carbonara,meals-salads
365380,832119,AH Pasta tonijn XL,AH,maaltijden-salades,"Maaltijden, salades",Pastasalade,5.99,5.99,,,,,550 g,prijs per kg €10.89,False,,,,,A,True,AH,https://www.ah.nl/producten/product/wi365380,2026-07-28,AH Pasta tuna XL,meals-salads
597728,46241,AH Chow mein,AH,maaltijden-salades,"Maaltijden, salades",Aziatische vleesmaaltijden,3.99,3.99,,,,,300 g,prijs per kg €13.30,False,,,,,C,True,AH,https://www.ah.nl/producten/product/wi597728,2026-07-28,AH Chow mein,meals-salads
597260,45913,AH Woksaus teriyaki,AH,maaltijden-salades,"Maaltijden, salades",Verse Woksauzen,2.49,2.49,,,,,225 g,prijs per kg €11.07,False,,,,,D,True,AH,https://www.ah.nl/producten/product/wi597260,2026-07-28,AH Wok sauce teriyaki,meals-salads
621832,0,AH Woksaus teriyaki 2-pack,AH,maaltijden-salades,"Maaltijden, salades",Verse Woksauzen,4.73,4.98,5.0,5% volume voordeel,,,2 stuks,,True,AHOO,5% volume voordeel,2026-07-28,2999-12-31,,True,AH,https://www.ah.nl/producten/product/wi621832,2026-07-28,AH Wok sauce teriyaki 2-pack,meals-salads
622029,0,AH Chow mein 4-pack,AH,maaltijden-salades,"Maaltijden, salades",Aziatische vleesmaaltijden,15.16,15.96,5.0,5% volume voordeel,,,4 stuks,,True,AHOO,5% volume voordeel,2026-07-28,2999-12-31,,True,AH,https://www.ah.nl/producten/product/wi622029,2026-07-28,AH Chow mein 4-pack,meals-salads
589035,33636,Bonduelle Lunch bowl Mexican style,Bonduelle,maaltijden-salades,"Maaltijden, salades",Maaltijdsalade,2.99,2.99,,,,,250 g,prijs per kg €11.96,False,,,,,B,True,AH,https://www.ah.nl/producten/product/wi589035,2026-07-28,Bonduelle Lunch bowl Mexican style,meals-salads
622028,0,AH Chow mein 3-pack,AH,maaltijden-salades,"Maaltijden, salades",Aziatische vleesmaaltijden,11.61,11.97,3.0,3% volume voordeel,,,3 stuks,,True,AHOO,3% volume voordeel,2026-07-28,2999-12-31,,True,AH,https://www.ah.nl/producten/product/wi622028,2026-07-28,AH Chow mein 3-pack,meals-salads
624646,0,Bonduelle Lunch bowl Mexican style 3-pack,Bonduelle,maaltijden-salades,"Maaltijden, salades",Maaltijdsalade,8.52,8.97,5.0,5% volume voordeel,,,3 stuks,,True,AHOO,5% volume voordeel,2026-07-28,2999-12-31,,True,AH,https://www.ah.nl/producten/product/wi624646,2026-07-28,Bonduelle Lunch bowl Mexican style 3-pack,meals-salads
621833,0,AH Woksaus teriyaki 3-pack,AH,maaltijden-salades,"Maaltijden, salades",Verse Woksauzen,6.72,7.47,10.0,10% volume voordeel,,,3 stuks,,True,AHOO,10% volume voordeel,2026-07-28,2999-12-31,,True,AH,https://www.ah.nl/producten/product/wi621833,2026-07-28,AH Wok sauce teriyaki 3-pack,meals-salads
621834,0,AH Woksaus teriyaki 4-pack,AH,maaltijden-salades,"Maaltijden, salades",Verse Woksauzen,8.47,9.96,15.0,15% volume voordeel,,,4 stuks,,True,AHOO,15% volume voordeel,2026-07-28,2999-12-31,,True,AH,https://www.ah.nl/producten/product/wi621834,2026-07-28,AH Woksaus teriyaki 4-pack,meals-salads
597788,46334,AH Verse maaltijd pasta carbonara,AH,maaltijden-salades,"Maaltijden, salades",Kant-en-klare Italiaanse maaltijden,6.0,6.49,7.6,2 voor 12.00,12.0,2.0,450 g,normale prijs per kg €14.42,True,AH,2 VOOR 12.00,2026-07-27,2026-08-02,C,True,AH,https://www.ah.nl/producten/product/wi597788,2026-07-28,AH Fresh meal pasta carbonara,meals-salads
598608,47975,AH Stoommaaltijd zalm Toscaanse stijl,AH,maaltijden-salades,"Maaltijden, salades",Stoommaaltijden,7.49,7.49,,,,,450 g,prijs per kg €16.64,False,,,,,B,True,AH,https://www.ah.nl/producten/product/wi598608,2026-07-28,AH Steamed meal salmon Tuscan style,meals-salads
622080,0,AH Stoommaaltijd zalm Toscaanse stijl 3-pck,AH,maaltijden-salades,"Maaltijden, salades",Stoommaaltijden,21.8,22.47,3.0,3% volume voordeel,,,3 stuks,,True,AHOO,3% volume voordeel,2026-07-28,2999-12-31,,True,AH,https://www.ah.nl/producten/product/wi622080,2026-07-28,AH Stoommaaltijd zalm Toscaanse stijl 3-pck,meals-salads
622081,0,AH Stoommaaltijd zalm Toscaanse stijl 4-pck,AH,maaltijden-salades,"Maaltijden, salades",Stoommaaltijden,28.46,29.96,5.0,5% volume voordeel,,,4 stuks,,True,AHOO,5% volume voordeel,2026-07-28,2999-12-31,,True,AH,https://www.ah.nl/producten/product/wi622081,2026-07-28,AH Stoommaaltijd zalm Toscaanse stijl 4-pck,meals-salads
624647,0,Bonduelle Lunch bowl Mexican style 6-pack,Bonduelle,maaltijden-salades,"Maaltijden, salades",Maaltijdsalade,16.15,17.94,10.0,10% volume voordeel,,,6 stuks,,True,AHOO,10% volume voordeel,2026-07-28,2999-12-31,,True,AH,https://www.ah.nl/producten/product/wi624647,2026-07-28,Bonduelle Lunch bowl Mexican style 6-pack,meals-salads
597718,46338,AH Verse maaltijd moussaka,AH,maaltijden-salades,"Maaltijden, salades",Verse wereld maaltijden,6.0,6.99,14.2,2 voor 12.00,12.0,2.0,450 g,normale prijs per kg €15.53,True,AH,2 VOOR 12.00,2026-07-27,2026-08-02,C,True,AH,https://www.ah.nl/producten/product/wi597718,2026-07-28,AH Fresh meal moussaka,meals-salads
591998,39246,AH Kip parelcouscous L,AH,maaltijden-salades,"Maaltijden, salades",Maaltijdsalade,5.49,5.49,,,,,450 g,prijs per kg €12.20,False,,,,,C,True,AH,https://www.ah.nl/producten/product/wi591998,2026-07-28,AH Chicken pearl couscous L,meals-salads
621699,0,AH Maaltijdsalade kip parelcouscous 3-pack,AH,maaltijden-salades,"Maaltijden, salades",Maaltijdsalade,15.98,16.47,3.0,3% volume voordeel,,,3 stuks,,True,AHOO,3% volume voordeel,2026-07-28,2999-12-31,,True,AH,https://www.ah.nl/producten/product/wi621699,2026-07-28,AH Meal salad chicken pearl couscous 3-pack,meals-salads
621700,0,AH Maaltijdsalade kip parelcouscous 4-pack,AH,maaltijden-salades,"Maaltijden, salades",Maaltijdsalade,20.86,21.96,5.0,5% volume voordeel,,,4 stuks,,True,AHOO,5% volume voordeel,2026-07-28,2999-12-31,,True,AH,https://www.ah.nl/producten/product/wi621700,2026-07-28,AH Meal salad chicken pearl couscous 4-pack,meals-salads
597739,46252,AH Macaroni ham-kaas,AH,maaltijden-salades,"Maaltijden, salades",Kant-en-klare Italiaanse maaltijden,2.99,2.99,,,,,450 g,prijs per kg €6.64,False,,,,,B,True,AH,https://www.ah.nl/producten/product/wi597739,2026-07-28,AH Macaroni ham and cheese,meals-salads
599324,48644,Koopmans Pannenkoeken origineel kant-en-klaar,Koopmans,maaltijden-salades,"Maaltijden, salades",Pannenkoeken,3.35,3.35,,,,,540 g,prijs per kg €6.20,False,,,,,C,True,AH,https://www.ah.nl/producten/product/wi599324,2026-07-28,Koopmans Pannenkoeken origineel kant-en-klaar,meals-salads
590616,37762,AH Pad thai verspakket,AH,maaltijden-salades,"Groente, aardappelen",Ongesneden verspakketten,5.99,5.99,,,,,4 pers | 45 min,,False,,,,,A,True,AH,https://www.ah.nl/producten/product/wi590616,2026-07-28,AH Pad Thai fresh package,meals-salads
52902,58316,Dr. Oetker Suiker met vanillesmaak,Dr. Oetker,maaltijden-salades,"Maaltijden, salades","Suiker, poedersuiker",0.99,0.99,,,,,10 x 8 g,prijs per kg €12.38,False,,,,,,True,AH,https://www.ah.nl/producten/product/wi52902,2026-07-28,Dr. Oetker Sugar with vanilla flavor,meals-salads
603475,55791,Bonduelle Lunch bowl oriental style,Bonduelle,maaltijden-salades,"Maaltijden, salades",Aziatische vegetarische maaltijden,2.99,2.99,,,,,250 g,prijs per kg €11.96,False,,,,,B,True,AH,https://www.ah.nl/producten/product/wi603475,2026-07-28,Bonduelle Lunch bowl oriental style,meals-salads
577285,19513,AH Salade bowl bulgur quinoa,AH,maaltijden-salades,"Maaltijden, salades",Maaltijdsalade,2.29,2.29,,,,,250 g,prijs per kg €9.16,False,,,,,B,True,AH,https://www.ah.nl/producten/product/wi577285,2026-07-28,AH Salad bowl bulgur quinoa,meals-salads
609816,66853,AH Verse maaltijd Zweedse gehaktballetjes,AH,maaltijden-salades,"Maaltijden, salades",Verse wereld maaltijden,6.0,6.99,14.2,2 voor 12.00,12.0,2.0,450 g,normale prijs per kg €15.53,True,AH,2 VOOR 12.00,2026-07-27,2026-08-02,C,True,AH,https://www.ah.nl/producten/product/wi609816,2026-07-28,AH Fresh meal Swedish meatballs,meals-salads
611280,68288,AH Orzo met krokante aubergine verspakket,AH,maaltijden-salades,"Groente, aardappelen",Ongesneden verspakketten,5.99,5.99,,,,,4 pers | 40 min,,False,,,,,A,True,AH,https://www.ah.nl/producten/product/wi611280,2026-07-28,AH Orzo with crispy eggplant fresh package,meals-salads
531273,33254,AH Stoommaaltijd tortellini formaggio XL,AH,maaltijden-salades,"Maaltijden, salades",Stoommaaltijden,6.99,6.99,,,,,555 g,prijs per kg €12.59,False,,,,,B,True,AH,https://www.ah.nl/producten/product/wi531273,2026-07-28,AH Steam meal tortellini formaggio XL,meals-salads
614639,72544,AH Bami verspakket 2-persoons,AH,maaltijden-salades,"Groente, aardappelen",Ongesneden verspakketten,4.49,4.49,,,,,2 pers | 25 min,,False,,,,,A,True,AH,https://www.ah.nl/producten/product/wi614639,2026-07-28,AH Bami fresh package for 2 persons,meals-salads
619731,0,AH Stoommaaltijd tortellini formagio XL 3pk,AH,maaltijden-salades,"Maaltijden, salades",Stoommaaltijden,20.34,20.97,3.0,3% volume voordeel,,,3 stuks,,True,AHOO,3% volume voordeel,2026-07-28,2999-12-31,,True,AH,https://www.ah.nl/producten/product/wi619731,2026-07-28,AH Stoommaaltijd tortellini formagio XL 3pk,meals-salads
619732,0,AH Stoommaaltijd tortellini formagio XL 4pk,AH,maaltijden-salades,"Maaltijden, salades",Stoommaaltijden,26.56,27.96,5.0,5% volume voordeel,,,4 stuks,,True,AHOO,5% volume voordeel,2026-07-28,2999-12-31,,True,AH,https://www.ah.nl/producten/product/wi619732,2026-07-28,AH Steam meal tortellini formagio XL 4pk,meals-salads
610801,67383,AH S Mexicaanse stijl,AH,maaltijden-salades,"Maaltijden, salades",Kleine salade,3.99,3.99,,,,,200 g,prijs per kg €19.95,False,,,,,A,True,AH,https://www.ah.nl/producten/product/wi610801,2026-07-28,AH S Mexican style,meals-salads
611281,68287,AH Lasagne met zalm verspakket,AH,maaltijden-salades,"Groente, aardappelen",Ongesneden verspakketten,5.99,5.99,,,,,4 pers | 25 min,,False,,,,,B,True,AH,https://www.ah.nl/producten/product/wi611281,2026-07-28,AH Lasagna with salmon fresh package,meals-salads
470286,722566,Padifood Chinese tomatensoep,Padifood,maaltijden-salades,"Maaltijden, salades",Aziatische kip en vismaaltijden,3.29,3.29,,,,,"0,45 l",prijs per liter €7.31,False,,,,,C,True,AH,https://www.ah.nl/producten/product/wi470286,2026-07-28,Padifood Chinese tomatensoep,meals-salads
574881,16034,AH Pasta kip BBQ XL,AH,maaltijden-salades,"Maaltijden, salades",Pastasalade,5.99,5.99,,,,,550 g,prijs per kg €10.89,False,,,,,B,True,AH,https://www.ah.nl/producten/product/wi574881,2026-07-28,AH Pasta chicken BBQ XL,meals-salads
589291,34195,AH Stoommaaltijd kip ketjap,AH,maaltijden-salades,"Maaltijden, salades",Stoommaaltijden,6.99,6.99,,,,,450 g,prijs per kg €15.53,False,,,,,A,True,AH,https://www.ah.nl/producten/product/wi589291,2026-07-28,AH Steam meal chicken ketjap,meals-salads
597742,46255,AH Lasagne groenten,AH,maaltijden-salades,"Maaltijden, salades",Kant-en-klare Italiaanse maaltijden,3.99,3.99,,,,,400 g,prijs per kg €9.98,False,,,,,C,True,AH,https://www.ah.nl/producten/product/wi597742,2026-07-28,AH Lasagne groenten,meals-salads
614637,72560,AH Kip-groente kebab verspakket 2-persoons,AH,maaltijden-salades,"Groente, aardappelen",Ongesneden verspakketten,4.49,4.49,,,,,2 pers | 15 min,,False,,,,,A,True,AH,https://www.ah.nl/producten/product/wi614637,2026-07-28,AH Chicken-vegetable kebab fresh package for 2 persons,meals-salads
621391,0,AH Stoommaaltijd kip ketjap 3-pack,AH,maaltijden-salades,"Maaltijden, salades",Stoommaaltijden,,,3.0,3% volume voordeel,,,3 stuks,,True,AH,3% volume voordeel,,,,True,AH,https://www.ah.nl/producten/product/wi621391,2026-07-28,AH Steam meal chicken ketjap 3-pack,meals-salads
621392,0,AH Stoommaaltijd kip ketjap 4-pack,AH,maaltijden-salades,"Maaltijden, salades",Stoommaaltijden,,,5.0,5% volume voordeel,,,4 stuks,,True,AH,5% volume voordeel,,,,True,AH,https://www.ah.nl/producten/product/wi621392,2026-07-28,AH Steam meal chicken ketjap 4-pack,meals-salads
419891,691168,AH Courgettesoep verspakket,AH,maaltijden-salades,"Groente, aardappelen",Soeppakketten,4.99,4.99,,,,,6 pers | 30 min,prijs per kg €4.22,False,,,,,B,True,AH,https://www.ah.nl/producten/product/wi419891,2026-07-28,AH Zucchini soup fresh package,meals-salads
597813,46408,AH Verse soep paprika zoete aardappel,AH,maaltijden-salades,"Maaltijden, salades",Verse soepen,3.0,3.59,16.4,2 voor 6.00,6.0,2.0,500 g,normale prijs per kg €7.18,True,AH,2 voor 6.00,2026-07-27,2026-08-02,B,True,AH,https://www.ah.nl/producten/product/wi597813,2026-07-28,AH Verse soep paprika zoete aardappel,meals-salads
620755,0,AH Salade bowl bulgur quinoa 2-pack,AH,maaltijden-salades,"Maaltijden, salades",Maaltijdsalade,4.49,4.58,2.0,2% volume voordeel,,,2 stuks,,True,AHOO,2% volume voordeel,2026-07-28,2999-12-31,,True,AH,https://www.ah.nl/producten/product/wi620755,2026-07-28,AH Salad bowl bulgur quinoa 2-pack,meals-salads
620757,0,AH Salade bowl bulgur quinoa 4-pack,AH,maaltijden-salades,"Maaltijden, salades",Maaltijdsalade,8.61,9.16,6.0,6% volume voordeel,,,4 stuks,,True,AHOO,6% volume voordeel,2026-07-28,2999-12-31,,True,AH,https://www.ah.nl/producten/product/wi620757,2026-07-28,AH Salad bowl bulgur quinoa 4-pack,meals-salads
620756,0,AH Salade bowl bulgur quinoa 3-pack,AH,maaltijden-salades,"Maaltijden, salades",Maaltijdsalade,6.6,6.87,4.0,4% volume voordeel,,,3 stuks,,True,AHOO,4% volume voordeel,2026-07-28,2999-12-31,,True,AH,https://www.ah.nl/producten/product/wi620756,2026-07-28,AH Salad bowl bulgur quinoa 3-pack,meals-salads
609131,66749,AH Hoisin kip verspakket,AH,maaltijden-salades,"Groente, aardappelen",Ongesneden verspakketten,5.99,5.99,,,,,4 pers 25 min,,False,,,,,B,True,AH,https://www.ah.nl/producten/product/wi609131,2026-07-28,AH Hoisin fresh chicken package,meals-salads
610800,67359,AH M mozzarella parelcouscous,AH,maaltijden-salades,"Maaltijden, salades",Maaltijdsalade,3.5,4.49,22.0,2 voor 7.00,7.0,2.0,270 g,normale prijs per kg €16.63,True,AH,2 voor 7.00,2026-07-27,2026-08-02,B,True,AH,https://www.ah.nl/producten/product/wi610800,2026-07-28,AH M mozzarella pearl couscous,meals-salads
520798,882483,AH Kip piri piri verspakket,AH,maaltijden-salades,"Groente, aardappelen",Ongesneden verspakketten,5.99,5.99,,,,,4 pers | 35 min,,False,,,,,A,True,AH,https://www.ah.nl/producten/product/wi520798,2026-07-28,AH Chicken piri piri fresh package,meals-salads
597756,46290,AH Stoommaaltijd beef stroganoff,AH,maaltijden-salades,"Maaltijden, salades",Stoommaaltijden,7.49,7.49,,,,,555 g,prijs per kg €13.50,False,,,,,A,True,AH,https://www.ah.nl/producten/product/wi597756,2026-07-28,AH Steam meal beef stroganoff,meals-salads
622076,0,AH Stoommaaltijd beef stroganoff 3-pack,AH,maaltijden-salades,"Maaltijden, salades",Stoommaaltijden,21.8,22.47,3.0,3% volume voordeel,,,3 stuks,,True,AHOO,3% volume voordeel,2026-07-28,2999-12-31,,True,AH,https://www.ah.nl/producten/product/wi622076,2026-07-28,AH Steam meal beef stroganoff 3-pack,meals-salads
622077,0,AH Stoommaaltijd beef stroganoff 4-pack,AH,maaltijden-salades,"Maaltijden, salades",Stoommaaltijden,28.46,29.96,5.0,5% volume voordeel,,,4 stuks,,True,AHOO,5% volume voordeel,2026-07-28,2999-12-31,,True,AH,https://www.ah.nl/producten/product/wi622077,2026-07-28,AH Steam meal beef stroganoff 4-pack,meals-salads
570139,10371,Westland Zalm slaatje voordeelverpakking,Westland,maaltijden-salades,"Maaltijden, salades",Slaatjes,4.59,4.59,,,,,560 g,prijs per kg €8.20,False,,,,,C,True,AH,https://www.ah.nl/producten/product/wi570139,2026-07-28,Westland Salmon salad value pack,meals-salads
595141,43318,Magioni Pumpkin banana mini pancakes,Magioni,maaltijden-salades,"Maaltijden, salades",Poffertjes,3.59,3.59,,,,,38 stuks,,False,,,,,A,True,AH,https://www.ah.nl/producten/product/wi595141,2026-07-28,Magioni Pumpkin banana mini pancakes,meals-salads
596742,45115,AH Verse pulled chicken Mexicaanse stijl,AH,maaltijden-salades,"Maaltijden, salades",Verse wereld maaltijden,6.0,6.99,14.2,2 voor 12.00,12.0,2.0,450 g,normale prijs per kg €15.53,True,AH,2 VOOR 12.00,2026-07-27,2026-08-02,C,True,AH,https://www.ah.nl/producten/product/wi596742,2026-07-28,AH Verse pulled chicken Mexicaanse stijl,meals-salads
597717,46336,AH Verse maaltijd pappardelle zalm,AH,maaltijden-salades,"Maaltijden, salades",Verse Italiaanse maaltijden,6.0,6.99,14.2,2 voor 12.00,12.0,2.0,450 g,normale prijs per kg €15.53,True,AH,2 VOOR 12.00,2026-07-27,2026-08-02,C,True,AH,https://www.ah.nl/producten/product/wi597717,2026-07-28,AH Fresh meal pappardelle salmon,meals-salads
370290,835580,Fairtrade Original Ruwe rietsuiker sticks,Fairtrade Original,maaltijden-salades,"Maaltijden, salades","Suiker, poedersuiker",2.59,2.59,,,,,200 g,prijs per kg €12.95,False,,,,,E,True,AH,https://www.ah.nl/producten/product/wi370290,2026-07-28,Fairtrade Original Raw cane sugar sticks,meals-salads
515262,28813,AH Salade specialiteit pasta ham kaas,AH,maaltijden-salades,"Maaltijden, salades",Pastasalade,2.99,2.99,,,,,325 g,prijs per kg €9.20,False,,,,,C,True,AH,https://www.ah.nl/producten/product/wi515262,2026-07-28,AH Salade specialiteit pasta ham kaas,meals-salads
597716,46335,AH Verse maaltijd risotto funghi,AH,maaltijden-salades,"Maaltijden, salades",Verse Italiaanse maaltijden,6.0,6.49,7.6,2 voor 12.00,12.0,2.0,450 g,normale prijs per kg €14.42,True,AH,2 VOOR 12.00,2026-07-27,2026-08-02,C,True,AH,https://www.ah.nl/producten/product/wi597716,2026-07-28,AH Fresh meal risotto funghi,meals-salads
573450,14634,AH Stoomsoep ramen noedels,AH,maaltijden-salades,"Maaltijden, salades",Stoommaaltijden,6.99,6.99,,,,,500 g,prijs per kg €13.98,False,,,,,B,True,AH,https://www.ah.nl/producten/product/wi573450,2026-07-28,AH Steam soup ramen noodles,meals-salads
620590,0,AH Stoomsoep ramen noedels 2-pack,AH,maaltijden-salades,"Maaltijden, salades",Stoommaaltijden,13.7,13.98,2.0,2% volume voordeel,,,2 stuks,,True,AHOO,2% volume voordeel,2026-07-28,2999-12-31,,True,AH,https://www.ah.nl/producten/product/wi620590,2026-07-28,AH Steam soup ramen noodles 2-pack,meals-salads
621263,76054,AH Gesneden verspakket tandoori,AH,maaltijden-salades,"Groente, aardappelen",Gesneden verspakketten,7.59,7.59,,,,,4 pers | 30 min,prijs per kg €6.30,False,,,,,B,True,AH,https://www.ah.nl/producten/product/wi621263,2026-07-28,AH Gesneden verspakket tandoori,meals-salads
53715,508015,Caribbean Gold Ruwe rietsuiker,Caribbean Gold,maaltijden-salades,"Maaltijden, salades","Suiker, poedersuiker",2.69,2.69,,,,,1 kg,prijs per kg €2.69,False,,,,,D,True,AH,https://www.ah.nl/producten/product/wi53715,2026-07-28,Caribbean Gold Raw cane sugar,meals-salads
574834,16031,AH Pasta kip avocado M,AH,maaltijden-salades,"Maaltijden, salades",Pastasalade,3.5,4.49,22.0,2 voor 7.00,7.0,2.0,350 g,normale prijs per kg €12.83,True,AH,2 voor 7.00,2026-07-27,2026-08-02,C,True,AH,https://www.ah.nl/producten/product/wi574834,2026-07-28,AH Pasta chicken avocado M,meals-salads
614180,72170,AH Gesneden verspakket miso bowl,AH,maaltijden-salades,"Groente, aardappelen",Gesneden verspakketten,4.99,4.99,,,,,1 pers | 20 min,,False,,,,,B,True,AH,https://www.ah.nl/producten/product/wi614180,2026-07-28,AH Sliced ​​fresh package miso bowl,meals-salads
620591,0,AH Stoomsoep ramen noedels 3-pack,AH,maaltijden-salades,"Maaltijden, salades",Stoommaaltijden,20.13,20.97,4.0,4% volume voordeel,,,3 stuks,,True,AHOO,4% volume voordeel,2026-07-28,2999-12-31,,True,AH,https://www.ah.nl/producten/product/wi620591,2026-07-28,AH Stoomsoep ramen noedels 3-pack,meals-salads
620592,0,AH Stoomsoep ramen noedels 4-pack,AH,maaltijden-salades,"Maaltijden, salades",Stoommaaltijden,26.28,27.96,6.0,6% volume voordeel,,,4 stuks,,True,AHOO,6% volume voordeel,2026-07-28,2999-12-31,,True,AH,https://www.ah.nl/producten/product/wi620592,2026-07-28,AH Steam soup ramen noodles 4-pack,meals-salads
54211,64930,Caribbean Gold Rietsuikerklontjes,Caribbean Gold,maaltijden-salades,"Maaltijden, salades","Suiker, poedersuiker",2.79,2.79,,,,,500 g,prijs per kg €5.58,False,,,,,D,True,AH,https://www.ah.nl/producten/product/wi54211,2026-07-28,Caribbean Gold Cane Sugar Cubes,meals-salads
570887,11140,Magioni Carrot banana pancakes,Magioni,maaltijden-salades,"Maaltijden, salades",Pannenkoeken,2.59,2.59,,,,,4 x 40 g,prijs per kg €16.19,False,,,,,B,True,AH,https://www.ah.nl/producten/product/wi570887,2026-07-28,Magioni Carrot banana pancakes,meals-salads
603471,55761,AH Terra Comfort bowl curry madras,AH Terra,maaltijden-salades,"Maaltijden, salades",Aziatische vegetarische maaltijden,2.59,2.59,,,,,400 g,prijs per kg €6.48,False,,,,,C,True,AH,https://www.ah.nl/producten/product/wi603471,2026-07-28,AH Terra Comfort bowl curry madras,meals-salads
622641,0,AH Terra Comfort bowl curry madras 2-pack,AH Terra,maaltijden-salades,"Maaltijden, salades",Aziatische vegetarische maaltijden,5.08,5.18,2.0,2% volume voordeel,,,2 stuks,,True,AHOO,2% volume voordeel,2026-07-28,2999-12-31,,True,AH,https://www.ah.nl/producten/product/wi622641,2026-07-28,AH Terra Comfort bowl curry madras 2-pack,meals-salads
578787,22364,AH Terra Plantaardig stoommaaltijd gyoza bowl,AH Terra,maaltijden-salades,"Maaltijden, salades",Stoommaaltijden,5.99,5.99,,,,,450 g,prijs per kg €13.31,False,,,,,B,True,AH,https://www.ah.nl/producten/product/wi578787,2026-07-28,AH Terra Plantaardig stoommaaltijd gyoza bowl,meals-salads
620745,0,AH Terra Plantaardig stoommaaltijd gyoza bowl 3pk,AH Terra,maaltijden-salades,"Maaltijden, salades",Stoommaaltijden,17.43,17.97,3.0,3% volume voordeel,,,3 stuks,,True,AHOO,3% volume voordeel,2026-07-28,2999-12-31,,True,AH,https://www.ah.nl/producten/product/wi620745,2026-07-28,AH Terra Vegetable steam meal gyoza bowl 3pk,meals-salads
620746,0,AH Terra Plantaardig stoommaaltijd gyoza bowl 4pk,AH Terra,maaltijden-salades,"Maaltijden, salades",Stoommaaltijden,22.76,23.96,5.0,5% volume voordeel,,,4 stuks,,True,AHOO,5% volume voordeel,2026-07-28,2999-12-31,,True,AH,https://www.ah.nl/producten/product/wi620746,2026-07-28,AH Terra Plantaardig stoommaaltijd gyoza bowl 4pk,meals-salads
596744,45110,AH Verse maaltijd linguini gamba's,AH,maaltijden-salades,"Maaltijden, salades",Verse Italiaanse maaltijden,6.0,6.99,14.2,2 voor 12.00,12.0,2.0,450 g,normale prijs per kg €15.53,True,AH,2 VOOR 12.00,2026-07-27,2026-08-02,C,True,AH,https://www.ah.nl/producten/product/wi596744,2026-07-28,AH Verse maaltijd linguini gamba's,meals-salads
597738,46251,AH Lasagne pittig,AH,maaltijden-salades,"Maaltijden, salades",Kant-en-klare Italiaanse maaltijden,3.99,3.99,,,,,400 g,prijs per kg €9.98,False,,,,,B,True,AH,https://www.ah.nl/producten/product/wi597738,2026-07-28,AH Lasagna spicy,meals-salads
622642,0,AH Terra Comfort bowl curry madras 3-pack,AH Terra,maaltijden-salades,"Maaltijden, salades",Aziatische vegetarische maaltijden,7.46,7.77,4.0,4% volume voordeel,,,3 stuks,,True,AHOO,4% volume voordeel,2026-07-28,2999-12-31,,True,AH,https://www.ah.nl/producten/product/wi622642,2026-07-28,AH Terra Comfort bowl curry madras 3-pack,meals-salads
622643,0,AH Terra Comfort bowl curry madras 4-pack,AH Terra,maaltijden-salades,"Maaltijden, salades",Aziatische vegetarische maaltijden,9.74,10.36,6.0,6% volume voordeel,,,4 stuks,,True,AHOO,6% volume voordeel,2026-07-28,2999-12-31,,True,AH,https://www.ah.nl/producten/product/wi622643,2026-07-28,AH Terra Comfort bowl curry madras 4-pack,meals-salads
597789,46337,AH Verse maaltijd chili sin carne,AH,maaltijden-salades,"Maaltijden, salades",Verse wereld maaltijden,6.0,6.49,7.6,2 voor 12.00,12.0,2.0,450 g,normale prijs per kg €14.42,True,AH,2 VOOR 12.00,2026-07-27,2026-08-02,C,True,AH,https://www.ah.nl/producten/product/wi597789,2026-07-28,AH Fresh meal chili sin carne,meals-salads
165946,95536,Van Gilse Bungel stroopstift,Van Gilse,maaltijden-salades,"Maaltijden, salades",Schenkstroop,1.99,1.99,,,,,500 g,prijs per kg €3.98,False,,,,,E,True,AH,https://www.ah.nl/producten/product/wi165946,2026-07-28,Van Gilse Bungel syrup marker,meals-salads
407553,852981,Van Gilse Schenkstroop karamel,Van Gilse,maaltijden-salades,"Maaltijden, salades",Schenkstroop,2.35,2.35,,,,,600 g,prijs per kg €3.92,False,,,,,E,True,AH,https://www.ah.nl/producten/product/wi407553,2026-07-28,From Gilse Pour caramel syrup,meals-salads
470803,723320,Oma's Tomaat met verse basilicum,Oma's,maaltijden-salades,"Maaltijden, salades",Verse soepen,3.99,3.99,,,,,"0,5 l",prijs per liter €7.98,False,,,,,B,True,AH,https://www.ah.nl/producten/product/wi470803,2026-07-28,Grandma's Tomato with fresh basil,meals-salads
609815,66855,AH Stoommaaltijd Mediterrane kip,AH,maaltijden-salades,"Maaltijden, salades",Stoommaaltijden,6.49,6.49,,,,,450 g,prijs per kg €14.42,False,,,,,B,True,AH,https://www.ah.nl/producten/product/wi609815,2026-07-28,AH Steam meal Mediterranean chicken,meals-salads
612738,0,Oma's Tomaat met verse basilicum 2-pack,Oma's,maaltijden-salades,"Maaltijden, salades",Verse soepen,7.18,7.98,10.0,10% volume voordeel,,,2 stuks,,True,AHOO,10% volume voordeel,2026-07-28,2999-12-31,,True,AH,https://www.ah.nl/producten/product/wi612738,2026-07-28,Grandma's Tomato with fresh basil 2-pack,meals-salads
617900,75573,AH Mezzelune ricotta tartufo,AH,maaltijden-salades,"Maaltijden, salades",Verse pasta,2.99,2.99,,,,,250 g,prijs per kg €11.96,False,,,,,D,True,AH,https://www.ah.nl/producten/product/wi617900,2026-07-28,AH Mezzelune ricotta tartufo,meals-salads
590077,35843,AH Salade specialiteit gerookte zalm,AH,maaltijden-salades,"Maaltijden, salades",Vissalade,2.99,2.99,,,,,400 g,prijs per kg €7.48,False,,,,,C,True,AH,https://www.ah.nl/producten/product/wi590077,2026-07-28,AH Salad specialty smoked salmon,meals-salads
597787,46333,AH Verse maaltijd penne ricotta,AH,maaltijden-salades,"Maaltijden, salades",Maaltijdsalade,6.0,6.49,7.6,2 voor 12.00,12.0,2.0,450 g,normale prijs per kg €14.42,True,AH,2 VOOR 12.00,2026-07-27,2026-08-02,C,True,AH,https://www.ah.nl/producten/product/wi597787,2026-07-28,AH Fresh meal penne ricotta,meals-salads
621726,0,AH Salade specialiteit gerookte zalm 2-pack,AH,maaltijden-salades,"Maaltijden, salades",Vissalade,5.8,5.98,3.0,3% volume voordeel,,,2 stuks,,True,AHOO,3% volume voordeel,2026-07-28,2999-12-31,,True,AH,https://www.ah.nl/producten/product/wi621726,2026-07-28,AH Salad specialty smoked salmon 2-pack,meals-salads
610791,67358,AH Saladbowl pulled chicken,AH,maaltijden-salades,"Maaltijden, salades",Salade bowls,5.49,6.49,15.4,€1.00 euro korting,,,400 g,normale prijs per kg €16.23,True,AH,1 euro korting,2026-07-27,2026-08-02,B,True,AH,https://www.ah.nl/producten/product/wi610791,2026-07-28,AH Salad bowl pulled chicken,meals-salads
600649,51388,AH Culi's groene curry limoenkip verspakket,AH,maaltijden-salades,"Groente, aardappelen",Ongesneden verspakketten,7.49,7.49,,,,,2-3 pers|25 min,prijs per kg €9.66,False,,,,,C,True,AH,https://www.ah.nl/producten/product/wi600649,2026-07-28,AH Culi's green curry lime chicken fresh package,meals-salads
605438,59995,Soosh Tonijn onigiri,Soosh,maaltijden-salades,"Maaltijden, salades",Verse sushi,3.75,3.75,,,,,125 g,prijs per kg €30.00,False,,,,,C,True,AH,https://www.ah.nl/producten/product/wi605438,2026-07-28,Soosh Tuna onigiri,meals-salads
621727,0,AH Salade specialiteit gerookte zalm 3-pack,AH,maaltijden-salades,"Maaltijden, salades",Vissalade,8.52,8.97,5.0,5% volume voordeel,,,3 stuks,,True,AHOO,5% volume voordeel,2026-07-28,2999-12-31,,True,AH,https://www.ah.nl/producten/product/wi621727,2026-07-28,AH Salad specialty smoked salmon 3-pack,meals-salads
130191,590209,AH Gerookte zalm,AH,vis,Vis,Gerookte zalm,4.59,4.59,,,,,100 g,prijs per kg €45.90,False,,,,,D,True,AH,https://www.ah.nl/producten/product/wi130191,2026-07-28,AH Smoked salmon,fish
598457,0,AH Gerookte zalm 2-pack,AH,vis,Vis,Gerookte zalm,8.9,9.18,3.0,3% volume voordeel,,,2 stuks,,True,AHOO,3% volume voordeel,2026-07-28,2999-12-31,,True,AH,https://www.ah.nl/producten/product/wi598457,2026-07-28,AH Gerookte zalm 2-pack,fish
567333,0,AH Gerookte zalmfilet 3-pack,AH,vis,Vis,Gerookte zalm,13.08,13.77,5.0,5% volume voordeel,,,3 stuks,,True,AHOO,5% volume voordeel,2026-07-28,2999-12-31,,True,AH,https://www.ah.nl/producten/product/wi567333,2026-07-28,AH Smoked salmon fillet 3-pack,fish
618030,0,AH Gerookte zalm 4-pack,AH,vis,Vis,Gerookte zalm,16.52,18.36,10.0,10% volume voordeel,,,4 stuks,,True,AHOO,10% volume voordeel,2026-07-28,2999-12-31,,True,AH,https://www.ah.nl/producten/product/wi618030,2026-07-28,AH Smoked salmon 4-pack,fish
420789,692454,Statesman Tonijn stukken in water,Statesman,vis,Vis,Tonijn in water,1.49,1.49,,,,,160 g,prijs per kg €13.30,False,,,,,A,True,AH,https://www.ah.nl/producten/product/wi420789,2026-07-28,Statesman Tuna pieces in water,fish
496941,795495,Princes Tonijnstukken in water,Princes,vis,Vis,Tonijn in water,2.69,2.69,,,,,145 g,prijs per kg €26.37,False,,,,,A,True,AH,https://www.ah.nl/producten/product/wi496941,2026-07-28,Princes Tuna pieces in water,fish
615107,0,Princes Tonijnstukken in water 3-pack,Princes,vis,Vis,Tonijn in water,7.67,8.07,5.0,5% volume voordeel,,,3 stuks,,True,AHOO,5% volume voordeel,2026-07-28,2999-12-31,,True,AH,https://www.ah.nl/producten/product/wi615107,2026-07-28,Princes Tuna pieces in water 3-pack,fish
121453,552022,AH Zalmfilet,AH,vis,Vis,Zalm (vers),4.19,5.59,25.0,25% korting,,,ca. 170 g,normale prijs per kg €32.88,True,AH,25% korting,2026-07-27,2026-08-02,A,True,AH,https://www.ah.nl/producten/product/wi121453,2026-07-28,AH Salmon fillet,fish
602353,0,AH Zalmfilet 2-pack,AH,vis,Vis,Zalm (vers),8.38,11.18,25.0,pakketkorting,,,2 stuks,,True,AHOO,,2026-07-28,2026-08-02,,True,AH,https://www.ah.nl/producten/product/wi602353,2026-07-28,AH Salmon fillet 2-pack,fish
567218,0,AH Zalmfilet 3-pack,AH,vis,Vis,Zalm (vers),12.58,16.77,25.0,pakketkorting,,,3 stuks,,True,AHOO,,2026-07-28,2026-08-02,,True,AH,https://www.ah.nl/producten/product/wi567218,2026-07-28,AH Salmon fillet 3-pack,fish
618359,0,AH Zalmfilet 4-pack,AH,vis,Vis,Zalm (vers),16.77,22.36,25.0,pakketkorting,,,4 stuks,,True,AHOO,,2026-07-28,2026-08-02,,True,AH,https://www.ah.nl/producten/product/wi618359,2026-07-28,AH Zalmfilet 4-pack,fish
47285,527800,Olav's Gerookte zalmfilet,Olav's,vis,Vis,Gerookte zalm,5.99,5.99,,,,,200 g,prijs per kg €29.95,False,,,,,D,True,AH,https://www.ah.nl/producten/product/wi47285,2026-07-28,Olav's Smoked salmon fillet,fish
226264,820213,John West Tonijnstukken in water,John West,vis,Vis,Tonijn in water,2.79,2.79,,,,,145 g,prijs per kg €27.35,False,,,,,A,True,AH,https://www.ah.nl/producten/product/wi226264,2026-07-28,John West Tuna pieces in water,fish
615229,0,John West Tonijnstukken in water 3-pack,John West,vis,Vis,Tonijn in water,7.95,8.37,5.0,5% volume voordeel,,,3 stuks,,True,AHOO,5% volume voordeel,2026-07-28,2999-12-31,,True,AH,https://www.ah.nl/producten/product/wi615229,2026-07-28,John West Tuna pieces in water 3-pack,fish
135757,602543,AH Zalmfilet,AH,vis,Vis,Zalm (diepvries),4.89,4.89,,,,,250 g,prijs per kg €19.56,False,,,,,A,True,AH,https://www.ah.nl/producten/product/wi135757,2026-07-28,AH Salmon fillet,fish
605034,59610,AH Excellent Forel salade,AH Excellent,vis,Vis,Vissalades (beleg),1.995,3.39,41.2,2 voor 3.99,3.99,2.0,125 g,normale prijs per kg €27.12,True,AH,2 voor 3.99,2026-07-27,2026-08-02,D,True,AH,https://www.ah.nl/producten/product/wi605034,2026-07-28,AH Excellent Trout salad,fish
622347,0,AH Excellent Forel salade 2-pack,AH Excellent,vis,Vis,Vissalades (beleg),3.99,6.78,41.2,pakketkorting,,,2 stuks,,True,AHOO,,2026-07-28,2026-08-02,,True,AH,https://www.ah.nl/producten/product/wi622347,2026-07-28,AH Excellent Trout salad 2-pack,fish
622348,0,AH Excellent Forel salade 3-pack,AH Excellent,vis,Vis,Vissalades (beleg),7.38,10.17,27.4,pakketkorting,,,3 stuks,,True,AHOO,,2026-07-28,2026-08-02,,True,AH,https://www.ah.nl/producten/product/wi622348,2026-07-28,AH Excellent Trout salad 3-pack,fish
622349,0,AH Excellent Forel salade 4-pack,AH Excellent,vis,Vis,Vissalades (beleg),7.98,13.56,41.2,pakketkorting,,,4 stuks,,True,AHOO,,2026-07-28,2026-08-02,,True,AH,https://www.ah.nl/producten/product/wi622349,2026-07-28,AH Excellent Trout salad 4-pack,fish
168829,646661,AH Gerookte zalmsnippers,AH,vis,Vis,Gerookte zalm,7.49,7.49,,,,,200 g,prijs per kg €37.45,False,,,,,D,True,AH,https://www.ah.nl/producten/product/wi168829,2026-07-28,AH Smoked salmon chips,fish
577878,0,AH Gerookte zalmsnippers 2-pack,AH,vis,Vis,Gerookte zalm,14.53,14.98,3.0,3% volume voordeel,,,2 stuks,,True,AHOO,3% volume voordeel,2026-07-28,2999-12-31,,True,AH,https://www.ah.nl/producten/product/wi577878,2026-07-28,AH Smoked salmon shreds 2-pack,fish
211718,804944,Johma Tonijnsalade,Johma,vis,Vis,Vissalades (beleg),3.45,3.45,,,,,175 g,prijs per kg €19.71,False,,,,,D,True,AH,https://www.ah.nl/producten/product/wi211718,2026-07-28,Johma Tuna salad,fish
481414,735995,AH Gerookte zalm,AH,vis,Vis,Gerookte zalm,2.59,2.59,,,,,50 g,prijs per kg €51.80,False,,,,,D,True,AH,https://www.ah.nl/producten/product/wi481414,2026-07-28,AH Smoked salmon,fish
568726,0,AH Gerookte zalmfilet 2-pack,AH,vis,Vis,Gerookte zalm,5.02,5.18,3.0,3% volume voordeel,,,2 stuks,,True,AHOO,3% volume voordeel,2026-07-28,2999-12-31,,True,AH,https://www.ah.nl/producten/product/wi568726,2026-07-28,AH Smoked salmon fillet 2-pack,fish
470617,721966,AH Gerookte zalm,AH,vis,Vis,Gerookte zalm,7.99,7.99,,,,,200 g,prijs per kg €39.95,False,,,,,D,True,AH,https://www.ah.nl/producten/product/wi470617,2026-07-28,AH Smoked salmon,fish
598665,0,AH Gerookte zalm 2-pack,AH,vis,Vis,Gerookte zalm,15.5,15.98,3.0,3% volume voordeel,,,2 stuks,,True,AHOO,3% volume voordeel,2026-07-28,2999-12-31,,True,AH,https://www.ah.nl/producten/product/wi598665,2026-07-28,AH Gerookte zalm 2-pack,fish
51335,99631,AH Zalmfilet,AH,vis,Vis,Zalm (vers),7.49,9.99,25.0,25% korting,,,ca. 310 g,normale prijs per kg €32.23,True,AH,25% korting,2026-07-27,2026-08-02,A,True,AH,https://www.ah.nl/producten/product/wi51335,2026-07-28,AH Salmon fillet,fish
618357,0,AH Zalmfilet 2-pack,AH,vis,Vis,Zalm (vers),14.98,19.98,25.0,pakketkorting,,,2 stuks,,True,AHOO,,2026-07-28,2026-08-02,,True,AH,https://www.ah.nl/producten/product/wi618357,2026-07-28,AH Salmon fillet 2-pack,fish
121444,545208,AH Hollandse nieuwefilet met uitjes,AH,vis,Vis,Haring (vers),3.19,3.19,,,,,2 stuks,,False,,,,,D,True,AH,https://www.ah.nl/producten/product/wi121444,2026-07-28,AH Hollandse nieuwefilet met uitjes,fish
496943,795580,Princes Tonijnstukken in olijfolie,Princes,vis,Vis,Tonijn in olijfolie,3.09,3.09,,,,,145 g,prijs per kg €30.29,False,,,,,B,True,AH,https://www.ah.nl/producten/product/wi496943,2026-07-28,Princes Tuna pieces in olive oil,fish
615106,0,Princes Tonijnstukken in olijfolie 3-pack,Princes,vis,Vis,Tonijn in olijfolie,8.81,9.27,5.0,5% volume voordeel,,,3 stuks,,True,AHOO,5% volume voordeel,2026-07-28,2999-12-31,,True,AH,https://www.ah.nl/producten/product/wi615106,2026-07-28,Princes Tuna pieces in olive oil 3-pack,fish
618358,0,AH Zalmfilet 3 pk,AH,vis,Vis,Zalm (vers),22.48,29.97,25.0,pakketkorting,,,3 stuks,,True,AHOO,,2026-07-28,2026-08-02,,True,AH,https://www.ah.nl/producten/product/wi618358,2026-07-28,AH Salmon fillet 3 pk,fish
618084,0,AH Haringfilet met uitjes 2-pack,AH,vis,Vis,Haring (vers),6.25,6.38,2.0,2% volume voordeel,,,2 stuks,,True,AHOO,2% volume voordeel,2026-07-28,2999-12-31,,True,AH,https://www.ah.nl/producten/product/wi618084,2026-07-28,AH Haringfilet met uitjes 2-pack,fish
618360,0,AH Zalmfilet 4 pk,AH,vis,Vis,Zalm (vers),29.97,39.96,25.0,pakketkorting,,,4 stuks,,True,AHOO,,2026-07-28,2026-08-02,,True,AH,https://www.ah.nl/producten/product/wi618360,2026-07-28,AH Zalmfilet 4 pk,fish
618086,0,AH Haringfilet met uitjes 4-pack,AH,vis,Vis,Haring (vers),11.87,12.76,7.0,7% volume voordeel,,,4 stuks,,True,AHOO,7% volume voordeel,2026-07-28,2999-12-31,,True,AH,https://www.ah.nl/producten/product/wi618086,2026-07-28,AH Herring fillet with onions 4-pack,fish
618085,0,AH Haringfilet met uitjes 3-pack,AH,vis,Vis,Haring (vers),9.09,9.57,5.0,5% volume voordeel,,,3 stuks,,True,AHOO,5% volume voordeel,2026-07-28,2999-12-31,,True,AH,https://www.ah.nl/producten/product/wi618085,2026-07-28,AH Herring fillet with onions 3-pack,fish
132045,576660,AH Zalmfilet op huid,AH,vis,Vis,Zalm (vers),7.59,7.59,,,,,ca. 300 g,prijs per kg €25.30,False,,,,,A,True,AH,https://www.ah.nl/producten/product/wi132045,2026-07-28,AH Salmon fillet on skin,fish
376546,838060,AH Tonijnsalade,AH,vis,Vis,Vissalades (beleg),2.99,2.99,,,,,175 g,prijs per kg €17.09,False,,,,,D,True,AH,https://www.ah.nl/producten/product/wi376546,2026-07-28,AH Tonijnsalade,fish
590412,0,AH Tonijnsalade 4-pack,AH,vis,Vis,Vissalades (beleg),10.76,11.96,10.0,10% volume voordeel,,,4 stuks,,True,AHOO,10% volume voordeel,2026-07-28,2999-12-31,,True,AH,https://www.ah.nl/producten/product/wi590412,2026-07-28,AH Tuna salad 4-pack,fish
619276,0,AH Tonijnsalade 3-pack,AH,vis,Vis,Vissalades (beleg),8.52,8.97,5.0,5% volume voordeel,,,3 stuks,,True,AHOO,5% volume voordeel,2026-07-28,2999-12-31,,True,AH,https://www.ah.nl/producten/product/wi619276,2026-07-28,AH Tonijnsalade 3-pack,fish
618681,0,AH Gerookte zalm 4-pack,AH,vis,Vis,Gerookte zalm,28.76,31.96,10.0,10% volume voordeel,,,4 stuks,,True,AHOO,10% volume voordeel,2026-07-28,2999-12-31,,True,AH,https://www.ah.nl/producten/product/wi618681,2026-07-28,AH Smoked salmon 4-pack,fish
420788,692453,Statesman Tonijn stukken in zonnebloemolie,Statesman,vis,Vis,Tonijn in zonnebloemolie,1.69,1.69,,,,,160 g,prijs per kg €10.56,False,,,,,A,True,AH,https://www.ah.nl/producten/product/wi420788,2026-07-28,Statesman Tuna pieces in sunflower oil,fish
618680,0,AH Gerookte zalm 3-pack,AH,vis,Vis,Gerookte zalm,22.77,23.97,5.0,5% volume voordeel,,,3 stuks,,True,AHOO,5% volume voordeel,2026-07-28,2999-12-31,,True,AH,https://www.ah.nl/producten/product/wi618680,2026-07-28,AH Smoked salmon 3-pack,fish
436977,701282,AH BBQ garnalenspies knoflookmarinade,AH,vis,Vis,Garnalen (vers),3.39,3.99,15.0,15% korting,,,130 g,normale prijs per kg €30.69,True,AH,15% korting,2026-07-27,2026-08-02,B,True,AH,https://www.ah.nl/producten/product/wi436977,2026-07-28,AH BBQ shrimp skewer garlic marinade,fish
618778,0,AH Gerookte zalm 3-pck,AH,vis,Vis,Gerookte zalm,7.38,7.77,5.0,5% volume voordeel,,,3 stuks,,True,AHOO,5% volume voordeel,2026-07-28,2999-12-31,,True,AH,https://www.ah.nl/producten/product/wi618778,2026-07-28,AH Smoked salmon 3-pck,fish
618779,0,AH Gerookte zalm 4-pck,AH,vis,Vis,Gerookte zalm,9.32,10.36,10.0,10% volume voordeel,,,4 stuks,,True,AHOO,10% volume voordeel,2026-07-28,2999-12-31,,True,AH,https://www.ah.nl/producten/product/wi618779,2026-07-28,AH Smoked salmon 4-pck,fish
571233,12559,AH Pangasiusfilet,AH,vis,Vis,Pangasius (vers),4.25,4.25,,,,,ca. 350 g,prijs per kg €12.15,False,,,,,A,True,AH,https://www.ah.nl/producten/product/wi571233,2026-07-28,AH Pangasius fillet,fish
617722,0,AH BBQ garnalenspies knoflookmarinade 2-pck,AH,vis,Vis,Garnalen (vers),6.78,7.98,15.0,pakketkorting,,,2 stuks,,True,AHOO,,2026-07-28,2026-08-02,,True,AH,https://www.ah.nl/producten/product/wi617722,2026-07-28,AH BBQ shrimp skewer garlic marinade 2-pck,fish
617724,0,AH BBQ garnalenspies knoflookmarinade 4-pck,AH,vis,Vis,Garnalen (vers),13.56,15.96,15.0,pakketkorting,,,4 stuks,,True,AHOO,,2026-07-28,2026-08-02,,True,AH,https://www.ah.nl/producten/product/wi617724,2026-07-28,AH BBQ shrimp skewer garlic marinade 4-pc,fish
617723,0,AH BBQ garnalenspies knoflookmarinade 3-pck,AH,vis,Vis,Garnalen (vers),10.17,11.97,15.0,pakketkorting,,,3 stuks,,True,AHOO,,2026-07-28,2026-08-02,,True,AH,https://www.ah.nl/producten/product/wi617723,2026-07-28,AH BBQ shrimp skewer garlic marinade 3-pck,fish
211064,807063,AH Biologisch Gerookte zalm,AH Biologisch,vis,Vis,Gerookte zalm,5.49,5.49,,,,,100 g,prijs per kg €54.90,False,,,,,D,True,AH,https://www.ah.nl/producten/product/wi211064,2026-07-28,AH Organic Smoked salmon,fish
197716,639249,AH Surimi sticks,AH,vis,Vis,Surimi,1.39,1.39,,,,,250 g,prijs per kg €5.56,False,,,,,D,True,AH,https://www.ah.nl/producten/product/wi197716,2026-07-28,AH Surimi sticks,fish
120041,568247,AH Kabeljauwburger gepaneerd,AH,vis,Vis,Gepaneerde vis (vers),3.49,3.49,,,,,2 stuks,,False,,,,,B,True,AH,https://www.ah.nl/producten/product/wi120041,2026-07-28,AH Cod burger breaded,fish
799,42373,AH Lekkerbekjes,AH,vis,Vis,Lekkerbekjes (diepvries),3.19,3.19,,,,,3 x 100 g,prijs per kg €10.63,False,,,,,C,True,AH,https://www.ah.nl/producten/product/wi799,2026-07-28,AH Gourmets,fish
191096,792486,Iglo Vissticks,Iglo,vis,Vis,Vissticks (diepvries),5.49,5.49,,,,,20 stuks,prijs per kg €9.80,False,,,,,B,True,AH,https://www.ah.nl/producten/product/wi191096,2026-07-28,Igloo Fish Fingers,fish
615369,0,Iglo Vissticks 3-pack 560 gr,Iglo,vis,Vis,Vissticks (diepvries),15.65,16.47,5.0,5% volume voordeel,,,3 stuks,,True,AHOO,5% volume voordeel,2026-07-28,2999-12-31,,True,AH,https://www.ah.nl/producten/product/wi615369,2026-07-28,Iglo Fish Sticks 3-pack 560 gr,fish
147376,589927,John West Tonijnstukken in olijfolie,John West,vis,Vis,Tonijn in olijfolie,3.49,3.49,,,,,145 g,prijs per kg €34.22,False,,,,,B,True,AH,https://www.ah.nl/producten/product/wi147376,2026-07-28,John West Tuna pieces in olive oil,fish
615228,0,John West Tonijnstukken in olijfolie 3-pack,John West,vis,Vis,Tonijn in olijfolie,9.95,10.47,5.0,5% volume voordeel,,,3 stuks,,True,AHOO,5% volume voordeel,2026-07-28,2999-12-31,,True,AH,https://www.ah.nl/producten/product/wi615228,2026-07-28,John West Tuna pieces in olive oil 3-pack,fish
602970,0,AH Kabeljauwburger gepaneerd 3x,AH,vis,Vis,Gepaneerde vis (vers),9.95,10.47,5.0,5% volume voordeel,,,3 stuks,,True,AHOO,5% volume voordeel,2026-07-28,2999-12-31,,True,AH,https://www.ah.nl/producten/product/wi602970,2026-07-28,AH Cod burger breaded 3x,fish
197614,787039,Johma Zalm salade,Johma,vis,Vis,Vissalades (beleg),4.15,4.15,,,,,175 g,prijs per kg €23.71,False,,,,,D,True,AH,https://www.ah.nl/producten/product/wi197614,2026-07-28,Johma Salmon salad,fish
191133,791962,AH Biologisch Zalmfilet,AH Biologisch,vis,Vis,Zalm (vers),7.87,10.49,25.0,25% korting,,,ca. 275 g,normale prijs per kg €38.15,True,AH,25% korting,2026-07-27,2026-08-02,A,True,AH,https://www.ah.nl/producten/product/wi191133,2026-07-28,AH Organic Salmon Fillet,fish
213328,105582,AH Hollandse nieuwe met uitjes,AH,vis,Vis,Haring (vers),2.79,2.79,,,,,2 stuks,,False,,,,,D,True,AH,https://www.ah.nl/producten/product/wi213328,2026-07-28,AH Dutch new ones with outings,fish
618104,0,AH Kabeljauwburger gepaneerd 2-pack,AH,vis,Vis,Gepaneerde vis (vers),6.77,6.98,3.0,3% volume voordeel,,,2 stuks,,True,AHOO,3% volume voordeel,2026-07-28,2999-12-31,,True,AH,https://www.ah.nl/producten/product/wi618104,2026-07-28,AH Cod burger breaded 2-pack,fish
618105,0,AH Kabeljauwburger gepaneerd 4-pack,AH,vis,Vis,Gepaneerde vis (vers),12.56,13.96,10.0,10% volume voordeel,,,4 stuks,,True,AHOO,10% volume voordeel,2026-07-28,2999-12-31,,True,AH,https://www.ah.nl/producten/product/wi618105,2026-07-28,AH Cod burger breaded 4-pack,fish
237651,828905,Iglo Viskraam lekkerbekjes familieverpakking,Iglo,vis,Vis,Lekkerbekjes (diepvries),8.89,8.89,,,,,4 x 120 g,prijs per kg €18.52,False,,,,,C,True,AH,https://www.ah.nl/producten/product/wi237651,2026-07-28,Iglo Fish stall tasty treats family packaging,fish
615366,0,Iglo Viskraam lekkerbekjes familieverpak 3pk,Iglo,vis,Vis,Lekkerbekjes (diepvries),25.34,26.67,5.0,5% volume voordeel,,,3 stuks,,True,AHOO,5% volume voordeel,2026-07-28,2999-12-31,,True,AH,https://www.ah.nl/producten/product/wi615366,2026-07-28,Iglo Fish stall tasty treats family pack 3pk,fish
565864,3460,Princes Ansjovisfilets in zonnebloemolie,Princes,vis,Vis,Ansjovis (conserven),1.99,1.99,,,,,46 g,prijs per kg €76.54,False,,,,,E,True,AH,https://www.ah.nl/producten/product/wi565864,2026-07-28,Princes Anchovy fillets in sunflower oil,fish
615096,0,Princes Ansjovisfilets in zonnebloemolie 3-pack,Princes,vis,Vis,Ansjovis (conserven),5.67,5.97,5.0,5% volume voordeel,,,3 stuks,,True,AHOO,5% volume voordeel,2026-07-28,2999-12-31,,True,AH,https://www.ah.nl/producten/product/wi615096,2026-07-28,Princes Anchovy fillets in sunflower oil 3-pack,fish
582316,25135,Iglo Viskraam kibbeling,Iglo,vis,Vis,Kibbeling (diepvries),4.99,4.99,,,,,245 g,prijs per kg €20.37,False,,,,,A,True,AH,https://www.ah.nl/producten/product/wi582316,2026-07-28,Iglo Viskraam kibbeling,fish
615364,0,Iglo Viskraam kibbeling 3-pack,Iglo,vis,Vis,Kibbeling (diepvries),14.22,14.97,5.0,5% volume voordeel,,,3 stuks,,True,AHOO,5% volume voordeel,2026-07-28,2999-12-31,,True,AH,https://www.ah.nl/producten/product/wi615364,2026-07-28,Iglo Fish stall kibbeling 3-pack,fish
496942,795505,Princes Tonijnstukken in zonnebloemolie,Princes,vis,Vis,Tonijn in zonnebloemolie,2.79,2.79,,,,,145 g,prijs per kg €27.35,False,,,,,A,True,AH,https://www.ah.nl/producten/product/wi496942,2026-07-28,Princes Tuna pieces in sunflower oil,fish
202346,800075,Princes Ansjovisfilets in olijfolie,Princes,vis,Vis,Ansjovis (conserven),2.69,2.69,,,,,46 g,prijs per kg €89.67,False,,,,,E,True,AH,https://www.ah.nl/producten/product/wi202346,2026-07-28,Princes Anchovy fillets in olive oil,fish
615095,0,Princes Ansjovisfilets in olijfolie 3-pack,Princes,vis,Vis,Ansjovis (conserven),7.67,8.07,5.0,5% volume voordeel,,,3 stuks,,True,AHOO,5% volume voordeel,2026-07-28,2999-12-31,,True,AH,https://www.ah.nl/producten/product/wi615095,2026-07-28,Princes Anchovy fillets in olive oil 3-pack,fish
523368,611524,AH Biologisch Zalmfilet op huid,AH Biologisch,vis,Vis,Zalm (vers),5.99,5.99,,,,,ca. 175 g,prijs per kg €34.23,False,,,,,A,True,AH,https://www.ah.nl/producten/product/wi523368,2026-07-28,AH Organic Salmon fillet on skin,fish
605035,59609,AH Excellent Vitello tonnato salade,AH Excellent,vis,Vis,Vissalades (beleg),1.995,3.39,41.2,2 voor 3.99,3.99,2.0,125 g,normale prijs per kg €27.12,True,AH,2 voor 3.99,2026-07-27,2026-08-02,D,True,AH,https://www.ah.nl/producten/product/wi605035,2026-07-28,AH Excellent Vitello tonnato salad,fish
622417,0,AH Excellent Vitello tonnato salade 2-pack,AH Excellent,vis,Vis,Vissalades (beleg),3.99,6.78,41.2,pakketkorting,,,2 stuks,,True,AHOO,,2026-07-28,2026-08-02,,True,AH,https://www.ah.nl/producten/product/wi622417,2026-07-28,AH Excellent Vitello tonnato salad 2-pack,fish
596925,0,Princes tonijnstukkem zonnebloemolie 2-pack,Princes,vis,Vis,Tonijn in zonnebloemolie,4.74,5.58,15.0,15% volume voordeel,,,2 stuks,,True,AHOO,15% volume voordeel,2026-07-28,2999-12-31,,True,AH,https://www.ah.nl/producten/product/wi596925,2026-07-28,Princes tuna chunk sunflower oil 2-pack,fish
622418,0,AH Excellent Vitello tonnato salade 3-pack,AH Excellent,vis,Vis,Vissalades (beleg),7.38,10.17,27.4,pakketkorting,,,3 stuks,,True,AHOO,,2026-07-28,2026-08-02,,True,AH,https://www.ah.nl/producten/product/wi622418,2026-07-28,AH Excellent Vitello tonnato salad 3-pack,fish
622419,0,AH Excellent Vitello tonnato salade 4-pack,AH Excellent,vis,Vis,Vissalades (beleg),7.98,13.56,41.2,pakketkorting,,,4 stuks,,True,AHOO,,2026-07-28,2026-08-02,,True,AH,https://www.ah.nl/producten/product/wi622419,2026-07-28,AH Excellent Vitello tonnato salad 4-pack,fish
619655,0,AH Biologisch Zalmfilet op huid 3-pack,AH Biologisch,vis,Vis,Zalm (vers),17.25,17.97,4.0,4% volume voordeel,,,3 stuks,,True,AHOO,4% volume voordeel,2026-07-28,2999-12-31,,True,AH,https://www.ah.nl/producten/product/wi619655,2026-07-28,AH Organic Salmon fillet on skin 3-pack,fish
619656,0,AH Biologisch Zalmfilet op huid 4-pack,AH Biologisch,vis,Vis,Zalm (vers),22.04,23.96,8.0,8% volume voordeel,,,4 stuks,,True,AHOO,8% volume voordeel,2026-07-28,2999-12-31,,True,AH,https://www.ah.nl/producten/product/wi619656,2026-07-28,AH Organic Salmon fillet on skin 4-pack,fish
619657,0,AH Biologisch Zalmfilet op huid 6-pack,AH Biologisch,vis,Vis,Zalm (vers),31.99,35.94,11.0,11% volume voordeel,,,6 stuks,,True,AHOO,11% volume voordeel,2026-07-28,2999-12-31,,True,AH,https://www.ah.nl/producten/product/wi619657,2026-07-28,AH Organic Salmon fillet on skin 6-pack,fish
371595,836614,AH Garnalen rauw en gepeld,AH,vis,Vis,Garnalen (diepvries),4.99,4.99,,,,,225 g,prijs per kg €22.18,False,,,,,A,True,AH,https://www.ah.nl/producten/product/wi371595,2026-07-28,AH Shrimp raw and peeled,fish
615108,0,Princes Tonijnstukken in zonnebloemolie 3-pack,Princes,vis,Vis,Tonijn in zonnebloemolie,7.95,8.37,5.0,5% volume voordeel,,,3 stuks,,True,AHOO,5% volume voordeel,2026-07-28,2999-12-31,,True,AH,https://www.ah.nl/producten/product/wi615108,2026-07-28,Princes Tuna pieces in sunflower oil 3-pack,fish
485298,740557,Princes Tonijnstukken in water voordeelpak,Princes,vis,Vis,Tonijn in water,6.99,6.99,,,,,435 g,prijs per kg €22.84,False,,,,,A,True,AH,https://www.ah.nl/producten/product/wi485298,2026-07-28,Princes Tuna pieces in water value pack,fish
571225,12557,AH Kabeljauwschnitzel 2 stuks,AH,vis,Vis,Gepaneerde vis (vers),2.99,2.99,,,,,180 g,prijs per kg €16.61,False,,,,,B,True,AH,https://www.ah.nl/producten/product/wi571225,2026-07-28,AH Cod schnitzel 2 pieces,fish
561825,708533,AH Biologisch Gerookte zalm 30% verlaagd in zout,AH Biologisch,vis,Vis,Gerookte zalm,5.49,5.49,,,,,100 g,prijs per kg €54.90,False,,,,,C,True,AH,https://www.ah.nl/producten/product/wi561825,2026-07-28,AH Organic Smoked salmon 30% reduced in salt,fish
620220,0,AH Biologisch Gerookte zalm 30% verlaagd in zout 2-pck,AH Biologisch,vis,Vis,Gerookte zalm,10.65,10.98,3.0,3% volume voordeel,,,2 stuks,,True,AHOO,3% volume voordeel,2026-07-28,2999-12-31,,True,AH,https://www.ah.nl/producten/product/wi620220,2026-07-28,AH Biologisch Gerookte zalm 30% verlaagd in zout 2-pck,fish
173876,772019,AH Warmgerookte zalmfilet,AH,vis,Vis,Gerookte zalm,8.69,8.69,,,,,ca. 250 g,prijs per kg €34.76,False,,,,,D,True,AH,https://www.ah.nl/producten/product/wi173876,2026-07-28,AH Warmgerookte zalmfilet,fish
620221,0,AH Biologisch Gerookte zalm 30% verlaagd in zout 3 pck,AH Biologisch,vis,Vis,Gerookte zalm,15.65,16.47,5.0,5% volume voordeel,,,3 stuks,,True,AHOO,5% volume voordeel,2026-07-28,2999-12-31,,True,AH,https://www.ah.nl/producten/product/wi620221,2026-07-28,AH Biologisch Gerookte zalm 30% verlaagd in zout 3 pck,fish
598178,0,AH Kabeljauwschnitzel 2 stuks 3-pack,AH,vis,Vis,Gepaneerde vis (vers),8.52,8.97,5.0,5% volume voordeel,,,3 stuks,,True,AHOO,5% volume voordeel,2026-07-28,2999-12-31,,True,AH,https://www.ah.nl/producten/product/wi598178,2026-07-28,AH Cod schnitzel 2 pieces 3-pack,fish
620222,0,AH Biologisch Gerookte zalm 30% verlaagd in zout 4 pck,AH Biologisch,vis,Vis,Gerookte zalm,19.76,21.96,10.0,10% volume voordeel,,,4 stuks,,True,AHOO,10% volume voordeel,2026-07-28,2999-12-31,,True,AH,https://www.ah.nl/producten/product/wi620222,2026-07-28,AH Organic Smoked salmon 30% reduced in salt 4 pcs,fish
620562,0,AH Kabeljauwschnitzel 2 stuks 2-pack,AH,vis,Vis,Gepaneerde vis (vers),5.8,5.98,3.0,3% volume voordeel,,,2 stuks,,True,AHOO,3% volume voordeel,2026-07-28,2999-12-31,,True,AH,https://www.ah.nl/producten/product/wi620562,2026-07-28,AH Cod schnitzel 2 pieces 2-pack,fish
620563,0,AH Kabeljauwschnitzel 2 stuks 4-pack,AH,vis,Vis,Gepaneerde vis (vers),10.76,11.96,10.0,10% volume voordeel,,,4 stuks,,True,AHOO,10% volume voordeel,2026-07-28,2999-12-31,,True,AH,https://www.ah.nl/producten/product/wi620563,2026-07-28,AH Kabeljauwschnitzel 2 stuks 4-pack,fish
558179,62089,AH Kabeljauwhaas (2 stuks) MSC,AH,vis,Vis,Kabeljauw (vers),9.99,9.99,,,,,ca. 260 g,prijs per kg €38.42,False,,,,,A,True,AH,https://www.ah.nl/producten/product/wi558179,2026-07-28,AH Kabeljauwhaas (2 stuks) MSC,fish
603292,0,AH Kabeljauwhaasje 2 stuks 2-pack,AH,vis,Vis,Kabeljauw (vers),19.58,19.98,2.0,2% volume voordeel,,,2 stuks,,True,AHOO,2% volume voordeel,2026-07-28,2999-12-31,,True,AH,https://www.ah.nl/producten/product/wi603292,2026-07-28,AH Cod tenderloin 2 pieces 2-pack,fish
141565,615766,AH Wilde zalmfilets,AH,vis,Vis,Zalm (diepvries),6.99,6.99,,,,,675 g,prijs per kg €10.36,False,,,,,A,True,AH,https://www.ah.nl/producten/product/wi141565,2026-07-28,AH Wild salmon fillets,fish
226504,809229,Iglo Viskraam lekkerbekjes,Iglo,vis,Vis,Lekkerbekjes (diepvries),4.99,4.99,,,,,2 x 120 g,prijs per kg €20.79,False,,,,,C,True,AH,https://www.ah.nl/producten/product/wi226504,2026-07-28,Iglo Fish stall gourmets,fish
615365,0,Iglo Viskraam lekkerbekjes 3-pack,Iglo,vis,Vis,Lekkerbekjes (diepvries),14.22,14.97,5.0,5% volume voordeel,,,3 stuks,,True,AHOO,5% volume voordeel,2026-07-28,2999-12-31,,True,AH,https://www.ah.nl/producten/product/wi615365,2026-07-28,Iglo Fish stall tasty treats 3-pack,fish
67740,523708,AH Garnalen,AH,vis,Vis,Garnalen (vers),2.99,2.99,,,,,100 g,prijs per kg €29.90,False,,,,,B,True,AH,https://www.ah.nl/producten/product/wi67740,2026-07-28,AH Shrimp,fish
190708,791961,AH Biologisch Zalmfilet,AH Biologisch,vis,Vis,Zalm (vers),5.24,6.99,25.0,25% korting,,,ca. 175 g,normale prijs per kg €39.94,True,AH,25% korting,2026-07-27,2026-08-02,A,True,AH,https://www.ah.nl/producten/product/wi190708,2026-07-28,AH Organic Salmon Fillet,fish
39826,67807,AH Koolvisfilet,AH,vis,Vis,Koolvis (diepvries),3.35,3.35,,,,,400 g,prijs per kg €8.38,False,,,,,A,True,AH,https://www.ah.nl/producten/product/wi39826,2026-07-28,AH Koolvisfilet,fish
598164,0,AH Garnalen 2-pack,AH,vis,Vis,Garnalen (vers),5.8,5.98,3.0,3% volume voordeel,,,2 stuks,,True,AHOO,3% volume voordeel,2026-07-28,2999-12-31,,True,AH,https://www.ah.nl/producten/product/wi598164,2026-07-28,AH Shrimp 2-pack,fish
533326,62730,Iglo Vissticks,Iglo,vis,Vis,Vissticks (diepvries),4.15,4.15,,,,,15 stuks,prijs per kg €9.88,False,,,,,B,True,AH,https://www.ah.nl/producten/product/wi533326,2026-07-28,Igloo Fish Fingers,fish
615372,0,Iglo Vissticks 3-pack 420gr,Iglo,vis,Vis,Vissticks (diepvries),11.83,12.45,5.0,5% volume voordeel,,,3 stuks,,True,AHOO,5% volume voordeel,2026-07-28,2999-12-31,,True,AH,https://www.ah.nl/producten/product/wi615372,2026-07-28,Iglo Fish Sticks 3-pack 420gr,fish
620027,0,AH Kabeljauwhaas (2 stuks) MSC 3-pack,AH,vis,Vis,Kabeljauw (vers),28.77,29.97,4.0,4% volume voordeel,,,3 stuks,,True,AHOO,4% volume voordeel,2026-07-28,2999-12-31,,True,AH,https://www.ah.nl/producten/product/wi620027,2026-07-28,AH Cod fillet (2 pieces) MSC 3-pack,fish
612947,68653,AH Gerookte Atka Makreelfilet,AH,vis,Vis,Gerookte makreel,4.79,4.79,,,,,ca. 150 g,prijs per kg €31.90,False,,,,,D,True,AH,https://www.ah.nl/producten/product/wi612947,2026-07-28,AH Smoked Atka Mackerel Fillet,fish
620028,0,AH Kabeljauwhaas (2 stuks) MSC 4-pack,AH,vis,Vis,Kabeljauw (vers),37.56,39.96,6.0,6% volume voordeel,,,4 stuks,,True,AHOO,6% volume voordeel,2026-07-28,2999-12-31,,True,AH,https://www.ah.nl/producten/product/wi620028,2026-07-28,AH Cod fillet (2 pieces) MSC 4-pack,fish
543332,697661,AH Scharrel kipfilet naturel,AH,vleeswaren,Vleeswaren,Kipfilet en kalkoenfilet (voorverpakt),2.59,2.59,,,,,150 g,prijs per kg €17.27,False,,,,,C,True,AH,https://www.ah.nl/producten/product/wi543332,2026-07-28,AH Free-range chicken fillet natural,cold cuts
280081,835368,AH Biologisch Kipfilet,AH Biologisch,vleeswaren,Vleeswaren,Kipfilet en kalkoenfilet (versafdeling),3.49,3.49,,,,,ca. 100 g,prijs per kg €34.90,False,,,,,D,True,AH,https://www.ah.nl/producten/product/wi280081,2026-07-28,AH Organic Chicken Fillet,cold cuts
543364,789935,AH Boterhamworst,AH,vleeswaren,Vleeswaren,Boterhamworst (voorverpakt),1.39,1.39,,,,,150 g,prijs per kg €9.27,False,,,,,E,True,AH,https://www.ah.nl/producten/product/wi543364,2026-07-28,AH Sandwich sausage,cold cuts
440331,72552,AH Gerookte slagersachterham,AH,vleeswaren,Vleeswaren,Ham (versafdeling),3.49,3.49,,,,,ca. 110 g,prijs per kg €31.73,False,,,,,D,True,AH,https://www.ah.nl/producten/product/wi440331,2026-07-28,AH Smoked butcher's gammon,cold cuts
598474,0,AH Gerookte slagersachterham 2-pack,AH,vleeswaren,Vleeswaren,Ham (versafdeling),6.77,6.98,3.0,3% volume voordeel,,,2 stuks,,True,AHOO,3% volume voordeel,2026-07-28,2999-12-31,,True,AH,https://www.ah.nl/producten/product/wi598474,2026-07-28,AH Smoked butcher's gammon 2-pack,cold cuts
203333,801175,AH Grillworst,AH,vleeswaren,Vleeswaren,Grillworst (versafdeling),2.79,2.79,,,,,ca. 130 g,prijs per kg €21.48,False,,,,,E,True,AH,https://www.ah.nl/producten/product/wi203333,2026-07-28,AH Grill sausage,cold cuts
598466,0,AH Grillworst 2-pack,AH,vleeswaren,Vleeswaren,Grillworst (versafdeling),5.41,5.58,3.0,3% volume voordeel,,,2 stuks,,True,AHOO,3% volume voordeel,2026-07-28,2999-12-31,,True,AH,https://www.ah.nl/producten/product/wi598466,2026-07-28,AH Grill sausage 2-pack,cold cuts
617828,0,AH Gerookte slagersachterham 3-pack,AH,vleeswaren,Vleeswaren,Ham (versafdeling),9.95,10.47,5.0,5% volume voordeel,,,3 stuks,,True,AHOO,5% volume voordeel,2026-07-28,2999-12-31,,True,AH,https://www.ah.nl/producten/product/wi617828,2026-07-28,AH Gerookte slagersachterham 3-pack,cold cuts
617829,0,AH Gerookte slagersachterham 4-pack,AH,vleeswaren,Vleeswaren,Ham (versafdeling),12.56,13.96,10.0,10% volume voordeel,,,4 stuks,,True,AHOO,10% volume voordeel,2026-07-28,2999-12-31,,True,AH,https://www.ah.nl/producten/product/wi617829,2026-07-28,AH Smoked butcher's gammon 4-pack,cold cuts
462712,715707,AH Scharrel roasted kipfilet,AH,vleeswaren,Vleeswaren,Kipfilet en kalkoenfilet (versafdeling),2.84,3.79,25.0,25% korting,,,ca. 110 g,normale prijs per kg €31.58,True,AH,25% korting,2026-07-27,2026-08-02,D,True,AH,https://www.ah.nl/producten/product/wi462712,2026-07-28,AH Scharrel roasted chicken fillet,cold cuts
543386,625650,AH Cervelaat,AH,vleeswaren,Vleeswaren,Salami en cervelaat (voorverpakt),1.69,1.69,,,,,150 g,prijs per kg €11.27,False,,,,,E,True,AH,https://www.ah.nl/producten/product/wi543386,2026-07-28,AH Cervelaat,cold cuts
598042,0,AH Scharrel roasted kipfilet 2-pack,AH,vleeswaren,Vleeswaren,Kipfilet en kalkoenfilet (versafdeling),5.68,7.58,25.1,pakketkorting,,,2 stuks,,True,AHOO,,2026-07-28,2026-08-02,,True,AH,https://www.ah.nl/producten/product/wi598042,2026-07-28,AH Scharrel roasted chicken fillet 2-pack,cold cuts
442123,83461,AH Filet americain naturel,AH,vleeswaren,Vleeswaren,Filet americain (voorverpakt),2.19,2.19,,,,,150 g,prijs per kg €14.60,False,,,,,D,True,AH,https://www.ah.nl/producten/product/wi442123,2026-07-28,AH Filet americain natural,cold cuts
137939,595589,AH Scharrel kipfilet,AH,vleeswaren,Vleeswaren,Kipfilet en kalkoenfilet (versafdeling),3.69,3.69,,,,,ca. 125 g,prijs per kg €29.52,False,,,,,B,True,AH,https://www.ah.nl/producten/product/wi137939,2026-07-28,AH Scharrel kipfilet,cold cuts
598459,0,AH Scharrel kipfilet 2-pack,AH,vleeswaren,Vleeswaren,Kipfilet en kalkoenfilet (versafdeling),7.16,7.38,3.0,3% volume voordeel,,,2 stuks,,True,AHOO,3% volume voordeel,2026-07-28,2999-12-31,,True,AH,https://www.ah.nl/producten/product/wi598459,2026-07-28,AH Free-range chicken fillet 2-pack,cold cuts
543385,734225,AH Salami,AH,vleeswaren,Vleeswaren,Salami en cervelaat (voorverpakt),1.89,1.89,,,,,150 g,prijs per kg €12.60,False,,,,,E,True,AH,https://www.ah.nl/producten/product/wi543385,2026-07-28,AH Salami,cold cuts
132220,590162,AH Kipfilet grootverpakking,AH,vleeswaren,Vleeswaren,Kipfilet en kalkoenfilet (voorverpakt),4.19,4.19,,,,,250 g,prijs per kg €16.76,False,,,,,C,True,AH,https://www.ah.nl/producten/product/wi132220,2026-07-28,AH Chicken fillet in bulk packaging,cold cuts
543345,76690,AH Achterham,AH,vleeswaren,Vleeswaren,Ham (voorverpakt),1.79,1.79,,,,,150 g,prijs per kg €11.93,False,,,,,D,True,AH,https://www.ah.nl/producten/product/wi543345,2026-07-28,AH Achterham,cold cuts
188709,591109,AH Yorkham,AH,vleeswaren,Vleeswaren,Ham (versafdeling),1.99,3.49,43.0,per 100 GRAM voor €1.99,1.99,100.0,ca. 110 g,normale prijs per kg €31.73,True,AH,100 GRAM VOOR 1.99,2026-07-27,2026-08-02,D,True,AH,https://www.ah.nl/producten/product/wi188709,2026-07-28,A. H. Yorkham,cold cuts
598046,0,AH Yorkham 2-pack,AH,vleeswaren,Vleeswaren,Ham (versafdeling),6.77,6.98,3.0,3% volume voordeel,,,2 stuks,,True,AH,3% volume voordeel,,,,True,AH,https://www.ah.nl/producten/product/wi598046,2026-07-28,AH Yorkham 2-pack,cold cuts
618631,0,AH Scharrel roasted kipfilet 4-pack,AH,vleeswaren,Vleeswaren,Kipfilet en kalkoenfilet (versafdeling),11.37,15.16,25.0,pakketkorting,,,4 stuks,,True,AHOO,,2026-07-28,2026-08-02,,True,AH,https://www.ah.nl/producten/product/wi618631,2026-07-28,AH Scharrel roasted chicken fillet 4-pack,cold cuts
618630,0,AH Scharrel roasted kipfilet 3-pack,AH,vleeswaren,Vleeswaren,Kipfilet en kalkoenfilet (versafdeling),8.53,11.37,25.0,pakketkorting,,,3 stuks,,True,AHOO,,2026-07-28,2026-08-02,,True,AH,https://www.ah.nl/producten/product/wi618630,2026-07-28,AH Scharrel roasted chicken fillet 3-pack,cold cuts
550829,57361,AH Gelderse gekookte worst,AH,vleeswaren,Vleeswaren,Kookworst (versafdeling),1.99,1.99,,,,,130 g,prijs per kg €15.31,False,,,,,,True,AH,https://www.ah.nl/producten/product/wi550829,2026-07-28,AH Gelderland cooked sausage,cold cuts
598169,0,AH Gelderse gekookte worst 2-pack,AH,vleeswaren,Vleeswaren,Kookworst (versafdeling),3.86,3.98,3.0,3% volume voordeel,,,2 stuks,,True,AHOO,3% volume voordeel,2026-07-28,2999-12-31,,True,AH,https://www.ah.nl/producten/product/wi598169,2026-07-28,AH Gelderse gekookte worst 2-pack,cold cuts
619843,0,AH Gelderse gekookte worst 3-pack,AH,vleeswaren,Vleeswaren,Kookworst (versafdeling),5.67,5.97,5.0,5% volume voordeel,,,3 stuks,,True,AHOO,5% volume voordeel,2026-07-28,2999-12-31,,True,AH,https://www.ah.nl/producten/product/wi619843,2026-07-28,AH Gelderse cooked sausage 3-pack,cold cuts
619844,0,AH Gelderse gekookte worst 4 pck,AH,vleeswaren,Vleeswaren,Kookworst (versafdeling),7.16,7.96,10.0,10% volume voordeel,,,4 stuks,,True,AHOO,10% volume voordeel,2026-07-28,2999-12-31,,True,AH,https://www.ah.nl/producten/product/wi619844,2026-07-28,AH Gelderse gekookte worst 4 pck,cold cuts
370447,835448,AH Filet americain,AH,vleeswaren,Vleeswaren,Filet americain (versafdeling),3.19,3.19,,,,,150 g,prijs per kg €21.27,False,,,,,D,True,AH,https://www.ah.nl/producten/product/wi370447,2026-07-28,AH Filet americain,cold cuts
574575,0,AH Filet americain 2-pack,AH,vleeswaren,Vleeswaren,Filet americain (versafdeling),6.19,6.38,3.0,3% volume voordeel,,,2 stuks,,True,AHOO,3% volume voordeel,2026-07-28,2999-12-31,,True,AH,https://www.ah.nl/producten/product/wi574575,2026-07-28,AH Filet americain 2-pack,cold cuts
186643,783943,AH Grillworst,AH,vleeswaren,Vleeswaren,Grillworst (voorverpakt),1.79,1.79,,,,,150 g,prijs per kg €11.93,False,,,,,E,True,AH,https://www.ah.nl/producten/product/wi186643,2026-07-28,AH Grill sausage,cold cuts
576786,19562,AH Leverworst,AH,vleeswaren,Vleeswaren,Leverworst en leverkaas (versafdeling),1.99,1.99,,,,,115 g,prijs per kg €17.30,False,,,,,D,True,AH,https://www.ah.nl/producten/product/wi576786,2026-07-28,AH Liverwurst,cold cuts
598489,0,AH Leverworst 2-pack,AH,vleeswaren,Vleeswaren,Leverworst en leverkaas (versafdeling),3.86,3.98,3.0,3% volume voordeel,,,2 stuks,,True,AHOO,3% volume voordeel,2026-07-28,2999-12-31,,True,AH,https://www.ah.nl/producten/product/wi598489,2026-07-28,AH Liverwurst 2-pack,cold cuts
162009,808271,Wahid Wahid kipfilet,Wahid,vleeswaren,Vleeswaren,Halal vleeswaren,2.69,2.69,,,,,125 g,prijs per kg €21.52,False,,,,,D,True,AH,https://www.ah.nl/producten/product/wi162009,2026-07-28,Wahid Wahid kipfilet,cold cuts
601157,0,Wahid Wahid kipfilet 3-pack,Wahid,vleeswaren,Vleeswaren,Halal vleeswaren,7.67,8.07,5.0,5% volume voordeel,,,3 stuks,,True,AHOO,5% volume voordeel,2026-07-28,2999-12-31,,True,AH,https://www.ah.nl/producten/product/wi601157,2026-07-28,Wahid Wahid chicken fillet 3-pack,cold cuts
132247,593927,AH Scharrel flinterdunne kipfilet,AH,vleeswaren,Vleeswaren,Kipfilet en kalkoenfilet (voorverpakt),2.29,2.29,,,,,100 g,prijs per kg €22.90,False,,,,,C,True,AH,https://www.ah.nl/producten/product/wi132247,2026-07-28,"AH Free range, wafer-thin chicken fillet",cold cuts
192853,622631,AH Grillworst kip,AH,vleeswaren,Vleeswaren,Grillworst (versafdeling),2.79,2.79,,,,,ca. 130 g,prijs per kg €21.48,False,,,,,D,True,AH,https://www.ah.nl/producten/product/wi192853,2026-07-28,AH Grill sausage chicken,cold cuts
598463,0,AH Grillworst kip 2-pack,AH,vleeswaren,Vleeswaren,Grillworst (versafdeling),5.41,5.58,3.0,3% volume voordeel,,,2 stuks,,True,AHOO,3% volume voordeel,2026-07-28,2999-12-31,,True,AH,https://www.ah.nl/producten/product/wi598463,2026-07-28,AH Grill sausage chicken 2-pack,cold cuts
440333,72577,AH Gegrilde beenham,AH,vleeswaren,Vleeswaren,Ham (versafdeling),3.49,3.49,,,,,ca. 110 g,prijs per kg €31.73,False,,,,,D,True,AH,https://www.ah.nl/producten/product/wi440333,2026-07-28,AH Grilled ham,cold cuts
550826,754920,AH Gebraden gehakt,AH,vleeswaren,Vleeswaren,Gegrild en gebraden gehakt (versafdeling),2.29,2.29,,,,,120 g,prijs per kg €19.08,False,,,,,E,True,AH,https://www.ah.nl/producten/product/wi550826,2026-07-28,AH Roast minced meat,cold cuts
598024,0,AH Gegrilde beenham 2-pack,AH,vleeswaren,Vleeswaren,Ham (versafdeling),6.77,6.98,3.0,3% volume voordeel,,,2 stuks,,True,AHOO,3% volume voordeel,2026-07-28,2999-12-31,,True,AH,https://www.ah.nl/producten/product/wi598024,2026-07-28,AH Grilled ham 2-pack,cold cuts
598166,0,AH Gebraden gehakt 2-pack,AH,vleeswaren,Vleeswaren,Gegrild en gebraden gehakt (versafdeling),4.44,4.58,3.0,3% volume voordeel,,,2 stuks,,True,AHOO,3% volume voordeel,2026-07-28,2999-12-31,,True,AH,https://www.ah.nl/producten/product/wi598166,2026-07-28,AH Roast minced meat 2-pack,cold cuts
620660,0,AH Leverworst 3-pack,AH,vleeswaren,Vleeswaren,Leverworst en leverkaas (versafdeling),5.67,5.97,5.0,5% volume voordeel,,,3 stuks,,True,AHOO,5% volume voordeel,2026-07-28,2999-12-31,,True,AH,https://www.ah.nl/producten/product/wi620660,2026-07-28,AH Liverwurst 3-pack,cold cuts
620661,0,AH Leverworst 4pack,AH,vleeswaren,Vleeswaren,Leverworst en leverkaas (versafdeling),7.16,7.96,10.0,10% volume voordeel,,,4 stuks,,True,AHOO,10% volume voordeel,2026-07-28,2999-12-31,,True,AH,https://www.ah.nl/producten/product/wi620661,2026-07-28,AH Liverwurst 4pack,cold cuts
543387,539355,AH Runder rookvlees,AH,vleeswaren,Vleeswaren,Rookvlees (voorverpakt),2.95,2.95,,,,,100 g,prijs per kg €29.50,False,,,,,D,True,AH,https://www.ah.nl/producten/product/wi543387,2026-07-28,AH Beef smoked meat,cold cuts
132234,593638,AH Flinterdunne achterham,AH,vleeswaren,Vleeswaren,Ham (voorverpakt),1.85,1.85,,,,,100 g,prijs per kg €18.50,False,,,,,D,True,AH,https://www.ah.nl/producten/product/wi132234,2026-07-28,AH Paper-thin ham,cold cuts
619839,0,AH Gebraden gehakt 4-pack,AH,vleeswaren,Vleeswaren,Gegrild en gebraden gehakt (versafdeling),8.24,9.16,10.0,10% volume voordeel,,,4 stuks,,True,AHOO,10% volume voordeel,2026-07-28,2999-12-31,,True,AH,https://www.ah.nl/producten/product/wi619839,2026-07-28,AH Roast minced meat 4-pack,cold cuts
619838,0,AH Gebraden gehakt 3-pack,AH,vleeswaren,Vleeswaren,Gegrild en gebraden gehakt (versafdeling),6.53,6.87,5.0,5% volume voordeel,,,3 stuks,,True,AHOO,5% volume voordeel,2026-07-28,2999-12-31,,True,AH,https://www.ah.nl/producten/product/wi619838,2026-07-28,AH Roast minced meat 3-pack,cold cuts
617824,0,AH Gegrilde beenham 3-pack,AH,vleeswaren,Vleeswaren,Ham (versafdeling),9.95,10.47,5.0,5% volume voordeel,,,3 stuks,,True,AHOO,5% volume voordeel,2026-07-28,2999-12-31,,True,AH,https://www.ah.nl/producten/product/wi617824,2026-07-28,AH Grilled ham 3-pack,cold cuts
617825,0,AH Gegrilde beenham 4-pack,AH,vleeswaren,Vleeswaren,Ham (versafdeling),12.56,13.96,10.0,10% volume voordeel,,,4 stuks,,True,AHOO,10% volume voordeel,2026-07-28,2999-12-31,,True,AH,https://www.ah.nl/producten/product/wi617825,2026-07-28,AH Grilled ham 4-pack,cold cuts
440336,73997,AH Roasted ham,AH,vleeswaren,Vleeswaren,Ham (versafdeling),2.62,3.49,25.0,25% korting,,,ca. 110 g,normale prijs per kg €31.73,True,AH,25% korting,2026-07-27,2026-08-02,D,True,AH,https://www.ah.nl/producten/product/wi440336,2026-07-28,AH Roasted ham,cold cuts
598475,0,AH Roasted ham 2-pack,AH,vleeswaren,Vleeswaren,Ham (versafdeling),5.23,6.98,25.1,pakketkorting,,,2 stuks,,True,AHOO,,2026-07-28,2026-08-02,,True,AH,https://www.ah.nl/producten/product/wi598475,2026-07-28,AH Roasted ham 2-pack,cold cuts
543390,612984,AH Scharrel gerookte kipfilet,AH,vleeswaren,Vleeswaren,Kipfilet en kalkoenfilet (voorverpakt),2.59,2.59,,,,,150 g,prijs per kg €17.27,False,,,,,D,True,AH,https://www.ah.nl/producten/product/wi543390,2026-07-28,AH Free-range smoked chicken fillet,cold cuts
197173,622630,AH Grillworst met zaanlanderkaas,AH,vleeswaren,Vleeswaren,Grillworst (versafdeling),2.79,2.79,,,,,ca. 130 g,prijs per kg €21.48,False,,,,,E,True,AH,https://www.ah.nl/producten/product/wi197173,2026-07-28,AH Grill sausage with Zaanlander cheese,cold cuts
598030,0,AH Grillworst met zaanlanderkaas 2-pack,AH,vleeswaren,Vleeswaren,Grillworst (versafdeling),5.41,5.58,3.0,3% volume voordeel,,,2 stuks,,True,AHOO,3% volume voordeel,2026-07-28,2999-12-31,,True,AH,https://www.ah.nl/producten/product/wi598030,2026-07-28,AH Grill sausage with Zaanlander cheese 2-pack,cold cuts
617864,0,AH Roasted ham 3-pack,AH,vleeswaren,Vleeswaren,Ham (versafdeling),7.85,10.47,25.0,pakketkorting,,,3 stuks,,True,AHOO,,2026-07-28,2026-08-02,,True,AH,https://www.ah.nl/producten/product/wi617864,2026-07-28,AH Roasted ham 3-pack,cold cuts
617865,0,AH Roasted ham 4-pack,AH,vleeswaren,Vleeswaren,Ham (versafdeling),10.47,13.96,25.0,pakketkorting,,,4 stuks,,True,AHOO,,2026-07-28,2026-08-02,,True,AH,https://www.ah.nl/producten/product/wi617865,2026-07-28,AH Roasted ham 4-pack,cold cuts
548312,670102,AH Scharrel kipfilet minder vet,AH,vleeswaren,Vleeswaren,Kipfilet en kalkoenfilet (voorverpakt),2.99,2.99,,,,,125 g,prijs per kg €23.92,False,,,,,B,True,AH,https://www.ah.nl/producten/product/wi548312,2026-07-28,AH Free-range chicken fillet less fat,cold cuts
419916,691591,AH Excellent Prosciutto di parma,AH Excellent,vleeswaren,Vleeswaren,Spaanse en Italiaanse vleeswaren (versafdeling),3.99,3.99,,,,,80 g,prijs per kg €49.88,False,,,,,E,True,AH,https://www.ah.nl/producten/product/wi419916,2026-07-28,AH Excellent Prosciutto di parma,cold cuts
617502,0,AH Excellent Prosciutto di parma 2-pack,AH Excellent,vleeswaren,Vleeswaren,Spaanse en Italiaanse vleeswaren (versafdeling),7.74,7.98,3.0,3% volume voordeel,,,2 stuks,,True,AHOO,3% volume voordeel,2026-07-28,2999-12-31,,True,AH,https://www.ah.nl/producten/product/wi617502,2026-07-28,AH Excellent Prosciutto di parma 2-pack,cold cuts
197145,587826,AH Gegrilde yorkham,AH,vleeswaren,Vleeswaren,Ham (versafdeling),1.99,3.49,43.0,per 100 GRAM voor €1.99,1.99,100.0,ca. 110 g,normale prijs per kg €31.73,True,AH,100 GRAM VOOR 1.99,2026-07-27,2026-08-02,D,True,AH,https://www.ah.nl/producten/product/wi197145,2026-07-28,AH Gegrilde yorkham,cold cuts
598464,0,AH Gegrilde yorkham 2-pack,AH,vleeswaren,Vleeswaren,Ham (versafdeling),6.77,6.98,3.0,3% volume voordeel,,,2 stuks,,True,AH,3% volume voordeel,,,,True,AH,https://www.ah.nl/producten/product/wi598464,2026-07-28,AH Grilled yorkham 2-pack,cold cuts
186641,783941,AH Gelderse gekookte worst,AH,vleeswaren,Vleeswaren,Kookworst (voorverpakt),1.59,1.59,,,,,150 g,prijs per kg €10.60,False,,,,,E,True,AH,https://www.ah.nl/producten/product/wi186641,2026-07-28,AH Gelderland cooked sausage,cold cuts
1565,779494,AH Ontbijtspek,AH,vleeswaren,Vleeswaren,Plakken spek en bacon (voorverpakt),3.35,3.35,,,,,150 g,prijs per kg €22.33,False,,,,,E,True,AH,https://www.ah.nl/producten/product/wi1565,2026-07-28,AH Breakfast bacon,cold cuts
617503,0,AH Excellent Prosciutto di parma 3-pack,AH Excellent,vleeswaren,Vleeswaren,Spaanse en Italiaanse vleeswaren (versafdeling),11.37,11.97,5.0,5% volume voordeel,,,3 stuks,,True,AHOO,5% volume voordeel,2026-07-28,2999-12-31,,True,AH,https://www.ah.nl/producten/product/wi617503,2026-07-28,AH Excellent Prosciutto di parma 3-pack,cold cuts
617504,0,AH Excellent Prosciutto di parma 4-pack,AH Excellent,vleeswaren,Vleeswaren,Spaanse en Italiaanse vleeswaren (versafdeling),14.36,15.96,10.0,10% volume voordeel,,,4 stuks,,True,AHOO,10% volume voordeel,2026-07-28,2999-12-31,,True,AH,https://www.ah.nl/producten/product/wi617504,2026-07-28,AH Excellent Prosciutto di parma 4-pack,cold cuts
150883,622455,Kips Smeerleverworst,Kips,vleeswaren,Vleeswaren,Leverworst en leverkaas (voorverpakt),2.39,2.39,,,,,120 g,prijs per kg €19.92,False,,,,,E,True,AH,https://www.ah.nl/producten/product/wi150883,2026-07-28,Kips Smeerleverworst,cold cuts
505580,846393,AH Cremepaté,AH,vleeswaren,Vleeswaren,Pate (versafdeling),1.25,1.69,26.0,2 voor 2.50,2.5,2.0,80 g,normale prijs per kg €21.13,True,AH,2 voor 2.50,2026-07-27,2026-08-02,E,True,AH,https://www.ah.nl/producten/product/wi505580,2026-07-28,AH Creme pate,cold cuts
221031,815839,AH Gerookt ontbijtspek,AH,vleeswaren,Vleeswaren,Spek en bacon plakken (voorverpakt),2.19,2.19,,,,,200 g,prijs per kg €10.95,False,,,,,E,True,AH,https://www.ah.nl/producten/product/wi221031,2026-07-28,AH Smoked breakfast bacon,cold cuts
420934,692674,AH Carpaccio,AH,vleeswaren,Vleeswaren,Carpaccio (voorverpakt),3.99,3.99,,,,,120 g,prijs per kg €33.25,False,,,,,D,True,AH,https://www.ah.nl/producten/product/wi420934,2026-07-28,AH Carpaccio,cold cuts
505441,846281,AH Scharrel kipfilet,AH,vleeswaren,Vleeswaren,Kipfilet en kalkoenfilet (versafdeling),4.89,4.89,,,,,ca. 180 g,prijs per kg €27.19,False,,,,,B,True,AH,https://www.ah.nl/producten/product/wi505441,2026-07-28,AH Scharrel kipfilet,cold cuts
572638,14761,Milner Jong belegen 35+ plakken,Milner,kaas,Kaas,Jong belegen kaas (plakken),2.99,2.99,,,,,150 g,prijs per kg €19.93,False,,,,,D,True,AH,https://www.ah.nl/producten/product/wi572638,2026-07-28,Milner Young matured 35+ slices,cheese
572641,14764,Milner Jong 35+ plakken voordeelpak,Milner,kaas,Kaas,Jonge kaas (plakken),4.39,4.39,,,,,250 g,prijs per kg €17.56,False,,,,,D,True,AH,https://www.ah.nl/producten/product/wi572641,2026-07-28,Milner Jong 35+ plakken voordeelpak,cheese
197226,793716,De Zaanse Hoeve Goudse jong 48+ plakken voordeel,De Zaanse Hoeve,kaas,Kaas,Jonge kaas (plakken),3.95,3.95,,,,,400 g,prijs per kg €9.88,False,,,,,D,True,AH,https://www.ah.nl/producten/product/wi197226,2026-07-28,De Zaanse Hoeve Goudse young 48+ slices advantage,cheese
239019,830900,Garlan Verse roomkaas met knoflook & kruiden,Garlan,kaas,Kaas,Roomkaas,1.29,1.29,,,,,150 g,prijs per kg €8.60,False,,,,,D,True,AH,https://www.ah.nl/producten/product/wi239019,2026-07-28,Garlan Fresh cream cheese with garlic & herbs,cheese
506228,832099,AH Zuivelspread naturel,AH,kaas,Kaas,Zuivelspread,1.38,1.38,,,,,200 g,prijs per kg €6.90,False,,,,,D,True,AH,https://www.ah.nl/producten/product/wi506228,2026-07-28,AH Dairy spread natural,cheese
421292,693090,Milner Oud 30+ plakken,Milner,kaas,Kaas,Oude kaas (plakken),3.69,3.69,,,,,150 g,prijs per kg €24.60,False,,,,,D,True,AH,https://www.ah.nl/producten/product/wi421292,2026-07-28,Milner Old 30+ slices,cheese
140101,603017,De Zaanse Hoeve Mild 45+ geraspt,De Zaanse Hoeve,kaas,Kaas,Geraspte kaas,2.15,2.15,,,,,200 g,prijs per kg €10.75,False,,,,,D,True,AH,https://www.ah.nl/producten/product/wi140101,2026-07-28,De Zaanse Hoeve Mild 45+ grated,cheese
113356,565032,Eru Kids,Eru,kaas,Kaas,Smeerkaas,1.75,1.75,,,,,100 g,prijs per kg €17.50,False,,,,,C,True,AH,https://www.ah.nl/producten/product/wi113356,2026-07-28,Eru Kids,cheese
2600,66797,AH Goudse jong 48+ plakken,AH,kaas,Kaas,Jonge kaas (plakken),2.75,2.95,6.8,2 voor 5.50,5.5,2.0,190 g,normale prijs per kg €15.53,True,AH,2 voor 5.50,2026-07-27,2026-08-02,D,True,AH,https://www.ah.nl/producten/product/wi2600,2026-07-28,AH Goudse young 48+ slices,cheese
2606,69866,AH Goudse oud 48+ plakken,AH,kaas,Kaas,Oude kaas (plakken),2.75,3.89,29.3,2 voor 5.50,5.5,2.0,160 g,normale prijs per kg €24.31,True,AH,2 voor 5.50,2026-07-27,2026-08-02,E,True,AH,https://www.ah.nl/producten/product/wi2606,2026-07-28,AH Goudse old 48+ slices,cheese
123142,576899,Galbani Mozzarella,Galbani,kaas,Kaas,Mozzarella,1.75,1.75,,,,,225 g,prijs per kg €14.00,False,,,,,C,True,AH,https://www.ah.nl/producten/product/wi123142,2026-07-28,Galbani Mozzarella,cheese
614547,0,Salakis Mozzarella 125g 2-pack,Salakis,kaas,Kaas,Mozzarella,2.97,3.5,15.0,15% volume voordeel,,,2 stuks,,True,AHOO,15% volume voordeel,2026-07-28,2999-12-31,,True,AH,https://www.ah.nl/producten/product/wi614547,2026-07-28,Salakis Mozzarella 125g 2-pack,cheese
193770,574899,De Zaanse Hoeve Pittig 45+ geraspt,De Zaanse Hoeve,kaas,Kaas,Geraspte kaas,2.49,2.49,,,,,200 g,prijs per kg €12.45,False,,,,,D,True,AH,https://www.ah.nl/producten/product/wi193770,2026-07-28,De Zaanse Hoeve Spicy 45+ grated,cheese
197172,619166,De Zaanse Hoeve Mild 30+ geraspt,De Zaanse Hoeve,kaas,Kaas,Geraspte kaas,2.19,2.19,,,,,200 g,prijs per kg €10.95,False,,,,,D,True,AH,https://www.ah.nl/producten/product/wi197172,2026-07-28,De Zaanse Hoeve Mild 30+ grated,cheese
197227,793718,De Zaanse Hoeve Jong belegen 48+ plakken voordeelpak,De Zaanse Hoeve,kaas,Kaas,Jong belegen kaas (plakken),4.15,4.15,,,,,400 g,prijs per kg €10.38,False,,,,,D,True,AH,https://www.ah.nl/producten/product/wi197227,2026-07-28,De Zaanse Hoeve Jong belegen 48+ plakken voordeelpak,cheese
506230,847100,AH Zuivelspread knoflook & kruiden,AH,kaas,Kaas,Zuivelspread,1.39,1.39,,,,,200 g,prijs per kg €6.95,False,,,,,D,True,AH,https://www.ah.nl/producten/product/wi506230,2026-07-28,AH Dairy spread garlic & herbs,cheese
462708,715388,AH Witte kaas 40+,AH,kaas,Kaas,Witte kaas,1.35,1.35,,,,,200 g,prijs per kg €6.75,False,,,,,D,True,AH,https://www.ah.nl/producten/product/wi462708,2026-07-28,AH White cheese 40+,cheese
163826,623176,Galbani Mozzarella mini,Galbani,kaas,Kaas,Mozzarella,2.89,2.89,,,,,260 g,prijs per kg €19.27,False,,,,,C,True,AH,https://www.ah.nl/producten/product/wi163826,2026-07-28,Galbani Mozzarella mini,cheese
615565,0,Galbani Mozzarella mini 2-pack,Galbani,kaas,Kaas,Mozzarella,5.49,5.78,5.0,5% volume voordeel,,,2 stuks,,True,AHOO,5% volume voordeel,2026-07-28,2999-12-31,,True,AH,https://www.ah.nl/producten/product/wi615565,2026-07-28,Galbani Mozzarella mini 2-pack,cheese
2601,66794,AH Goudse jong belegen 48+ plakken,AH,kaas,Kaas,Jong belegen kaas (plakken),2.75,3.09,11.0,2 voor 5.50,5.5,2.0,190 g,normale prijs per kg €16.26,True,AH,2 voor 5.50,2026-07-27,2026-08-02,D,True,AH,https://www.ah.nl/producten/product/wi2601,2026-07-28,AH Goudse jong belegen 48+ plakken,cheese
197208,786860,De Zaanse Hoeve Jong belegen 30+ plakken,De Zaanse Hoeve,kaas,Kaas,Jong belegen kaas (plakken),3.89,3.89,,,,,300 g,prijs per kg €12.97,False,,,,,D,True,AH,https://www.ah.nl/producten/product/wi197208,2026-07-28,De Zaanse Hoeve Jong belegen 30+ plakken,cheese
478229,731959,Eru Goudkuipje naturel,Eru,kaas,Kaas,Smeerkaas,2.89,2.89,,,,,200 g,prijs per kg €14.45,False,,,,,D,True,AH,https://www.ah.nl/producten/product/wi478229,2026-07-28,Eru Goudkuipje natural,cheese
195370,796240,AH Italiaanse mozzarella,AH,kaas,Kaas,Mozzarella,1.69,1.69,,,,,228 g,prijs per kg €13.52,False,,,,,,True,AH,https://www.ah.nl/producten/product/wi195370,2026-07-28,AH Italian mozzarella,cheese
232017,810832,AH Mozzarella geraspt,AH,kaas,Kaas,Geraspte kaas,2.5,2.79,10.4,2 voor 5.00,5.0,2.0,150 g,normale prijs per kg €18.60,True,AH,2 voor 5.00,2026-07-27,2026-08-02,D,True,AH,https://www.ah.nl/producten/product/wi232017,2026-07-28,AH Mozzarella grated,cheese
3856,7386,Eru Goudkuipje naturel,Eru,kaas,Kaas,Smeerkaas,1.75,1.75,,,,,100 g,prijs per kg €17.50,False,,,,,D,True,AH,https://www.ah.nl/producten/product/wi3856,2026-07-28,Eru Goudkuipje natural,cheese
462470,715079,AH Italiaanse grana padano 32+ stuk,AH,kaas,Kaas,"Parmezaanse kaas, grano padano, pecorino",3.65,3.65,,,,,200 g,prijs per kg €18.25,False,,,,,D,True,AH,https://www.ah.nl/producten/product/wi462470,2026-07-28,AH Italian grana padano 32+ pieces,cheese
2594,66796,AH Goudse belegen 48+ plakken,AH,kaas,Kaas,Belegen kaas (plakken),2.75,3.39,18.9,2 voor 5.50,5.5,2.0,190 g,normale prijs per kg €17.84,True,AH,2 voor 5.50,2026-07-27,2026-08-02,D,True,AH,https://www.ah.nl/producten/product/wi2594,2026-07-28,AH Goudse belegen 48+ plakken,cheese
579437,22103,AH Smeerkaas naturel 15+,AH,kaas,Kaas,Smeerkaas,1.25,1.25,,,,,200 g,prijs per kg €6.25,False,,,,,B,True,AH,https://www.ah.nl/producten/product/wi579437,2026-07-28,AH Cheese spread natural 15+,cheese
162601,603012,AH Pasta geraspte kaas,AH,kaas,Kaas,Geraspte kaas,2.5,2.79,10.4,2 voor 5.00,5.0,2.0,150 g,normale prijs per kg €18.60,True,AH,2 voor 5.00,2026-07-27,2026-08-02,D,True,AH,https://www.ah.nl/producten/product/wi162601,2026-07-28,AH Pasta grated cheese,cheese
560688,708528,De Zaanse Hoeve Mild 45+ geraspt voordeel,De Zaanse Hoeve,kaas,Kaas,Geraspte kaas,4.09,4.09,,,,,400 g,prijs per kg €10.23,False,,,,,D,True,AH,https://www.ah.nl/producten/product/wi560688,2026-07-28,De Zaanse Hoeve Mild 45+ grated advantage,cheese
447741,524701,De Zaanse Hoeve Goudse jong belegen 48+ stuk voordeel,De Zaanse Hoeve,kaas,Kaas,Jong belegen kaas (stuk),8.8,8.8,,,,,ca. 1006 g,prijs per kg €8.75,False,,,,,D,True,AH,https://www.ah.nl/producten/product/wi447741,2026-07-28,De Zaanse Hoeve Goudse young matured 48+ piece advantage,cheese
454161,600439,AH Cheddar geraspte kaas,AH,kaas,Kaas,Cheddar kaas,2.5,2.99,16.4,2 voor 5.00,5.0,2.0,150 g,normale prijs per kg €19.93,True,AH,2 voor 5.00,2026-07-27,2026-08-02,D,True,AH,https://www.ah.nl/producten/product/wi454161,2026-07-28,AH Cheddar grated cheese,cheese
595367,43765,AH Cottage cheese,AH,kaas,Kaas,Cottage cheese,1.75,1.75,,,,,400 g,prijs per kg €4.38,False,,,,,B,True,AH,https://www.ah.nl/producten/product/wi595367,2026-07-28,AH Cottage cheese,cheese
560692,737348,AH Burrata 50+,AH,kaas,Kaas,Burrata,2.19,2.19,,,,,250 g,prijs per kg €17.52,False,,,,,D,True,AH,https://www.ah.nl/producten/product/wi560692,2026-07-28,AH Burrata 50+,cheese
497552,801760,AH Biologisch Griekse feta,AH Biologisch,kaas,Kaas,Feta,2.59,2.59,,,,,150 g,prijs per kg €17.27,False,,,,,D,True,AH,https://www.ah.nl/producten/product/wi497552,2026-07-28,AH Organic Greek feta,cheese
618992,0,AH Biologisch Griekse feta 2-pack,AH Biologisch,kaas,Kaas,Feta,5.08,5.18,2.0,2% volume voordeel,,,2 stuks,,True,AHOO,2% volume voordeel,2026-07-28,2999-12-31,,True,AH,https://www.ah.nl/producten/product/wi618992,2026-07-28,AH Organic Greek feta 2-pack,cheese
618993,0,AH Biologisch Griekse feta 3-pack,AH Biologisch,kaas,Kaas,Feta,7.38,7.77,5.0,5% volume voordeel,,,3 stuks,,True,AHOO,5% volume voordeel,2026-07-28,2999-12-31,,True,AH,https://www.ah.nl/producten/product/wi618993,2026-07-28,AH Biologisch Griekse feta 3-pack,cheese
618994,0,AH Biologisch Griekse feta 4-pack,AH Biologisch,kaas,Kaas,Feta,9.53,10.36,8.0,8% volume voordeel,,,4 stuks,,True,AHOO,8% volume voordeel,2026-07-28,2999-12-31,,True,AH,https://www.ah.nl/producten/product/wi618994,2026-07-28,AH Biologisch Griekse feta 4-pack,cheese
384175,842512,Philadelphia Philadelphia original,Philadelphia,kaas,Kaas,Roomkaas,1.895,2.99,36.6,2 voor 3.79,3.79,2.0,200 g,normale prijs per kg €14.95,True,AH,2 voor 3.79,2026-07-27,2026-08-02,D,True,AH,https://www.ah.nl/producten/product/wi384175,2026-07-28,Philadelphia Philadelphia original,cheese
562458,0,Philadelphia Zuivelspread naturel 2-pack,Philadelphia,kaas,Kaas,Roomkaas,3.79,5.98,36.6,pakketkorting,,,2 stuks,,True,AHOO,,2026-07-28,2026-08-02,,True,AH,https://www.ah.nl/producten/product/wi562458,2026-07-28,Philadelphia Dairy spread natural 2-pack,cheese
400471,849725,AH Biologisch Italiaanse parmigiano reggiano,AH Biologisch,kaas,Kaas,"Parmezaanse kaas, grano padano, pecorino",1.99,1.99,,,,,40 g,prijs per kg €49.75,False,,,,,,True,AH,https://www.ah.nl/producten/product/wi400471,2026-07-28,AH Organic Italian parmigiano reggiano,cheese
619218,0,AH Biologisch Italiaanse parmigiano reggiano 2-pack,AH Biologisch,kaas,Kaas,"Parmezaanse kaas, grano padano, pecorino",3.78,3.98,5.0,5% volume voordeel,,,2 stuks,,True,AHOO,5% volume voordeel,2026-07-28,2999-12-31,,True,AH,https://www.ah.nl/producten/product/wi619218,2026-07-28,AH Organic Italian parmigiano reggiano 2-pack,cheese
619219,0,AH Biologisch Italiaanse parmigiano reggiano 3-pack,AH Biologisch,kaas,Kaas,"Parmezaanse kaas, grano padano, pecorino",5.55,5.97,7.0,7% volume voordeel,,,3 stuks,,True,AHOO,7% volume voordeel,2026-07-28,2999-12-31,,True,AH,https://www.ah.nl/producten/product/wi619219,2026-07-28,AH Organic Italian parmigiano reggiano 3-pack,cheese
619220,0,AH Biologisch Italiaanse parmigiano reggiano 4-pack,AH Biologisch,kaas,Kaas,"Parmezaanse kaas, grano padano, pecorino",7.32,7.96,8.0,8% volume voordeel,,,4 stuks,,True,AHOO,8% volume voordeel,2026-07-28,2999-12-31,,True,AH,https://www.ah.nl/producten/product/wi619220,2026-07-28,AH Organic Italian parmigiano reggiano 4-pack,cheese
197154,603010,AH Geraspte kaas speciaal voor pizza,AH,kaas,Kaas,Geraspte kaas,2.5,2.79,10.4,2 voor 5.00,5.0,2.0,150 g,normale prijs per kg €18.60,True,AH,2 voor 5.00,2026-07-27,2026-08-02,D,True,AH,https://www.ah.nl/producten/product/wi197154,2026-07-28,AH Geraspte kaas speciaal voor pizza,cheese
579436,22102,AH Smeerkaas naturel 48+,AH,kaas,Kaas,Smeerkaas,1.35,1.35,,,,,200 g,prijs per kg €6.75,False,,,,,D,True,AH,https://www.ah.nl/producten/product/wi579436,2026-07-28,AH Smeerkaas naturel 48+,cheese
611562,0,Philadelphia Philadelphia original 4-pack,Philadelphia,kaas,Kaas,Roomkaas,7.58,11.96,36.6,pakketkorting,,,4 stuks,,True,AHOO,,2026-07-28,2026-08-02,,True,AH,https://www.ah.nl/producten/product/wi611562,2026-07-28,Philadelphia Philadelphia original 4-pack,cheese
213365,809026,Heks'nkaas Origineel,Heks'nkaas,kaas,Kaas,Roomkaas,3.29,3.29,,,,,200 g,prijs per kg €16.45,False,,,,,D,True,AH,https://www.ah.nl/producten/product/wi213365,2026-07-28,Heks'nkaas Origineel,cheese
162764,631937,Philadelphia Knoflook & fijne kruiden,Philadelphia,kaas,Kaas,Roomkaas,1.895,2.99,36.6,2 voor 3.79,3.79,2.0,185 g,normale prijs per kg €16.16,True,AH,2 voor 3.79,2026-07-27,2026-08-02,D,True,AH,https://www.ah.nl/producten/product/wi162764,2026-07-28,Philadelphia Garlic & fine herbs,cheese
506229,840579,AH Zuivelspread light,AH,kaas,Kaas,Zuivelspread,1.38,1.38,,,,,200 g,prijs per kg €6.90,False,,,,,B,True,AH,https://www.ah.nl/producten/product/wi506229,2026-07-28,AH Dairy spread light,cheese
236957,828399,De Zaanse Hoeve Jong 30+ plakken,De Zaanse Hoeve,kaas,Kaas,Jonge kaas (plakken),3.49,3.49,,,,,300 g,prijs per kg €11.63,False,,,,,D,True,AH,https://www.ah.nl/producten/product/wi236957,2026-07-28,De Zaanse Hoeve Jong 30+ plakken,cheese
613286,69747,AH Mozzarella light,AH,kaas,Kaas,Mozzarella,0.99,0.99,,,,,200 g,prijs per kg €7.92,False,,,,,B,True,AH,https://www.ah.nl/producten/product/wi613286,2026-07-28,AH Mozzarella light,cheese
590122,0,Philadelphia Knoflook & Kruiden 2-pack,Philadelphia,kaas,Kaas,Roomkaas,3.79,5.98,36.6,pakketkorting,,,2 stuks,,True,AHOO,,2026-07-28,2026-08-02,,True,AH,https://www.ah.nl/producten/product/wi590122,2026-07-28,Philadelphia Garlic & Herbs 2-pack,cheese
46563,93905,AH Romige brie 60+,AH,kaas,Kaas,Brie,2.89,2.89,,,,,200 g,prijs per kg €14.45,False,,,,,D,True,AH,https://www.ah.nl/producten/product/wi46563,2026-07-28,AH Romige brie 60+,cheese
168583,634907,Galbani Mozzarella maxi,Galbani,kaas,Kaas,Mozzarella,2.89,2.89,,,,,385 g,prijs per kg €14.45,False,,,,,C,True,AH,https://www.ah.nl/producten/product/wi168583,2026-07-28,Galbani Mozzarella maxi,cheese
615564,0,Galbani Mozzarella maxi 2-pack,Galbani,kaas,Kaas,Mozzarella,5.49,5.78,5.0,5% volume voordeel,,,2 stuks,,True,AHOO,5% volume voordeel,2026-07-28,2999-12-31,,True,AH,https://www.ah.nl/producten/product/wi615564,2026-07-28,Galbani Mozzarella maxi 2-pack,cheese
602978,0,AH Romige brie 60+ 2-pack,AH,kaas,Kaas,Brie,5.66,5.78,2.0,2% volume voordeel,,,2 stuks,,True,AHOO,2% volume voordeel,2026-07-28,2999-12-31,,True,AH,https://www.ah.nl/producten/product/wi602978,2026-07-28,AH Romige brie 60+ 2-pack,cheese
104392,536391,AH Zaanlander Jong 48+ plakken,AH Zaanlander,kaas,Kaas,Jonge kaas (plakken),3.82,3.82,,,,,ca. 210 g,prijs per kg €18.29,False,,,,,D,True,AH,https://www.ah.nl/producten/product/wi104392,2026-07-28,AH Zaanlander Young 48+ slices,cheese
611560,0,Philadelphia Knoflook & fijne kruiden 4-pack,Philadelphia,kaas,Kaas,Roomkaas,7.58,11.96,36.6,pakketkorting,,,4 stuks,,True,AHOO,,2026-07-28,2026-08-02,,True,AH,https://www.ah.nl/producten/product/wi611560,2026-07-28,Philadelphia Knoflook & fijne kruiden 4-pack,cheese
618096,0,AH Zaanlander Jong 48+ plakken 3-pack,AH Zaanlander,kaas,Kaas,Jonge kaas (plakken),10.89,11.46,5.0,5% volume voordeel,,,3 stuks,,True,AHOO,5% volume voordeel,2026-07-28,2999-12-31,,True,AH,https://www.ah.nl/producten/product/wi618096,2026-07-28,AH Zaanlander Jong 48+ slices 3-pack,cheese
136084,603028,AH Goudse jong belegen 30+ plakken,AH,kaas,Kaas,Jong belegen kaas (plakken),2.75,3.25,15.4,2 voor 5.50,5.5,2.0,190 g,normale prijs per kg €17.11,True,AH,2 voor 5.50,2026-07-27,2026-08-02,D,True,AH,https://www.ah.nl/producten/product/wi136084,2026-07-28,AH Goudse young matured 30+ slices,cheese
618097,0,AH Zaanlander Jong 48+ plakken 4-pack,AH Zaanlander,kaas,Kaas,Jonge kaas (plakken),13.75,15.28,10.0,10% volume voordeel,,,4 stuks,,True,AHOO,10% volume voordeel,2026-07-28,2999-12-31,,True,AH,https://www.ah.nl/producten/product/wi618097,2026-07-28,AH Zaanlander Jong 48+ slices 4-pack,cheese
613284,69733,AH Mozzarella mini,AH,kaas,Kaas,Mozzarella,1.15,1.15,,,,,245 g,prijs per kg €9.20,False,,,,,C,True,AH,https://www.ah.nl/producten/product/wi613284,2026-07-28,AH Mozzarella mini,cheese
384176,842513,Philadelphia Light,Philadelphia,kaas,Kaas,Roomkaas,1.895,2.99,36.6,2 voor 3.79,3.79,2.0,200 g,normale prijs per kg €14.95,True,AH,2 voor 3.79,2026-07-27,2026-08-02,C,True,AH,https://www.ah.nl/producten/product/wi384176,2026-07-28,Philadelphia Light,cheese
486707,741558,De Zaanse Hoeve Jong belegen 48+ blokjes,De Zaanse Hoeve,kaas,Kaas,Kaasblokjes,2.69,2.69,,,,,250 g,prijs per kg €10.76,False,,,,,D,True,AH,https://www.ah.nl/producten/product/wi486707,2026-07-28,De Zaanse Hoeve Young matured 48+ cubes,cheese
104394,536393,AH Zaanlander Jong belegen 48+ plakken,AH Zaanlander,kaas,Kaas,Jong belegen kaas (plakken),4.19,4.19,,,,,ca. 210 g,prijs per kg €20.05,False,,,,,D,True,AH,https://www.ah.nl/producten/product/wi104394,2026-07-28,AH Zaanlander Young matured 48+ slices,cheese
121178,574916,AH Goudse jong 48+ plakken,AH,kaas,Kaas,Jonge kaas (plakken),5.59,5.59,,,,,400 g,prijs per kg €13.98,False,,,,,D,True,AH,https://www.ah.nl/producten/product/wi121178,2026-07-28,AH Goudse young 48+ slices,cheese
602321,0,AH Goudse jong 48+ plakken 3-pack,AH,kaas,Kaas,Jonge kaas (plakken),15.76,16.77,6.0,6% volume voordeel,,,3 stuks,,True,AHOO,6% volume voordeel,2026-07-28,2999-12-31,,True,AH,https://www.ah.nl/producten/product/wi602321,2026-07-28,AH Goudse young 48+ slices 3-pack,cheese
257,71405,AH Kruiden roomkaas,AH,kaas,Kaas,Roomkaas,1.09,1.09,,,,,125 g,prijs per kg €8.72,False,,,,,E,True,AH,https://www.ah.nl/producten/product/wi257,2026-07-28,AH Kruiden roomkaas,cheese
618100,0,AH Zaanlander Jong belegen 48+ plakken 3-pack,AH Zaanlander,kaas,Kaas,Jong belegen kaas (plakken),11.94,12.57,5.0,5% volume voordeel,,,3 stuks,,True,AHOO,5% volume voordeel,2026-07-28,2999-12-31,,True,AH,https://www.ah.nl/producten/product/wi618100,2026-07-28,AH Zaanlander Young matured 48+ slices 3-pack,cheese
618101,0,AH Zaanlander Jong belegen 48+ plakken 4-pack,AH Zaanlander,kaas,Kaas,Jong belegen kaas (plakken),15.08,16.76,10.0,10% volume voordeel,,,4 stuks,,True,AHOO,10% volume voordeel,2026-07-28,2999-12-31,,True,AH,https://www.ah.nl/producten/product/wi618101,2026-07-28,AH Zaanlander Young matured 48+ slices 4-pack,cheese
600581,0,Philadelphia Light Zuivelspread 2-pack,Philadelphia,kaas,Kaas,Roomkaas,3.79,5.98,36.6,pakketkorting,,,2 stuks,,True,AHOO,,2026-07-28,2026-08-02,,True,AH,https://www.ah.nl/producten/product/wi600581,2026-07-28,Philadelphia Light Dairy Spread 2-pack,cheese
1932,8045,Danone Hüttenkäse original,Danone,kaas,Kaas,Cottage cheese,1.99,1.99,,,,,200 g,prijs per kg €9.95,False,,,,,B,True,AH,https://www.ah.nl/producten/product/wi1932,2026-07-28,Danone Hüttenkäse original,cheese
607857,0,Danone Hüttenkäse original 2-pack,Danone,kaas,Kaas,Cottage cheese,3.78,3.98,5.0,5% volume voordeel,,,2 stuks,,True,AHOO,5% volume voordeel,2026-07-28,2999-12-31,,True,AH,https://www.ah.nl/producten/product/wi607857,2026-07-28,Danone Hüttenkäse original 2-pack,cheese
618228,0,AH Romige brie 60+ 3-pack,AH,kaas,Kaas,Brie,8.06,8.67,7.0,7% volume voordeel,,,3 stuks,,True,AHOO,7% volume voordeel,2026-07-28,2999-12-31,,True,AH,https://www.ah.nl/producten/product/wi618228,2026-07-28,AH Romige brie 60+ 3-pack,cheese
486703,741551,AH Goudse jong belegen 48+ stuk,AH,kaas,Kaas,Jong belegen kaas (stuk),7.36,7.36,,,,,ca. 535 g,prijs per kg €13.79,False,,,,,D,True,AH,https://www.ah.nl/producten/product/wi486703,2026-07-28,AH Goudse jong belegen 48+ stuk,cheese
602967,0,AH Goudse Jong belegen 48+ stuk kvp 2-pack,AH,kaas,Kaas,Jong belegen kaas (stuk),14.28,14.72,3.0,3% volume voordeel,,,2 stuks,,True,AHOO,3% volume voordeel,2026-07-28,2999-12-31,,True,AH,https://www.ah.nl/producten/product/wi602967,2026-07-28,AH Goudse Jong belegen 48+ stuk kvp 2-pack,cheese
618229,0,AH Romige brie 60+ 4-pack,AH,kaas,Kaas,Brie,10.4,11.56,10.0,10% volume voordeel,,,4 stuks,,True,AHOO,10% volume voordeel,2026-07-28,2999-12-31,,True,AH,https://www.ah.nl/producten/product/wi618229,2026-07-28,AH Creamy brie 60+ 4-pack,cheese
497570,802086,Eru Balans naturel,Eru,kaas,Kaas,Smeerkaas,1.75,1.75,,,,,100 g,prijs per kg €17.50,False,,,,,C,True,AH,https://www.ah.nl/producten/product/wi497570,2026-07-28,Eru Balance natural,cheese
462468,715077,AH Griekse feta 2-pack,AH,kaas,Kaas,Feta,2.25,2.25,,,,,2 x 75 g,prijs per kg €15.00,False,,,,,D,True,AH,https://www.ah.nl/producten/product/wi462468,2026-07-28,AH Greek feta 2-pack,cheese
611561,0,Philadelphia Light 3-pack,Philadelphia,kaas,Kaas,Roomkaas,6.78,8.97,24.4,pakketkorting,,,3 stuks,,True,AHOO,,2026-07-28,2026-08-02,,True,AH,https://www.ah.nl/producten/product/wi611561,2026-07-28,Philadelphia Light 3-pack,cheese
478021,731521,AH Franse roombrie 60+,AH,kaas,Kaas,Brie,2.0,2.75,27.3,3 voor 6.00,6.0,3.0,155 g,normale prijs per kg €17.74,True,AH,3 voor 6.00,2026-07-27,2026-08-02,D,True,AH,https://www.ah.nl/producten/product/wi478021,2026-07-28,AH French cream brie 60+,cheese
202090,796238,AH Ovengratin geraspte kaas,AH,kaas,Kaas,Geraspte kaas,2.5,2.79,10.4,2 voor 5.00,5.0,2.0,150 g,normale prijs per kg €18.60,True,AH,2 voor 5.00,2026-07-27,2026-08-02,D,True,AH,https://www.ah.nl/producten/product/wi202090,2026-07-28,AH Oven gratin grated cheese,cheese
618587,0,AH Griekse feta 2-pack 2-pack,AH,kaas,Kaas,Feta,4.41,4.5,2.0,2% volume voordeel,,,2 stuks,,True,AHOO,2% volume voordeel,2026-07-28,2999-12-31,,True,AH,https://www.ah.nl/producten/product/wi618587,2026-07-28,AH Greek feta 2-pack 2-pack,cheese
618879,0,AH Goudse jong belegen 48+ stuk 3-pack,AH,kaas,Kaas,Jong belegen kaas (stuk),20.98,22.08,5.0,5% volume voordeel,,,3 stuks,,True,AHOO,5% volume voordeel,2026-07-28,2999-12-31,,True,AH,https://www.ah.nl/producten/product/wi618879,2026-07-28,AH Goudse young matured 48+ piece 3-pack,cheese
618880,0,AH Goudse jong belegen 48+ stuk 4-pack,AH,kaas,Kaas,Jong belegen kaas (stuk),26.5,29.44,10.0,10% volume voordeel,,,4 stuks,,True,AHOO,10% volume voordeel,2026-07-28,2999-12-31,,True,AH,https://www.ah.nl/producten/product/wi618880,2026-07-28,AH Goudse young matured 48+ piece 4-pack,cheese
2597,66798,AH Goudse jong komijn 48+ plakken,AH,kaas,Kaas,Gekruide kaas (plakken),2.75,3.15,12.7,2 voor 5.50,5.5,2.0,190 g,normale prijs per kg €16.58,True,AH,2 voor 5.50,2026-07-27,2026-08-02,D,True,AH,https://www.ah.nl/producten/product/wi2597,2026-07-28,AH Goudse young cumin 48+ slices,cheese
30140,595685,AH Goudse belegen 48+ geraspt,AH,kaas,Kaas,Geraspte kaas,3.89,3.89,,,,,175 g,prijs per kg €22.23,False,,,,,D,True,AH,https://www.ah.nl/producten/product/wi30140,2026-07-28,AH Gouda matured 48+ grated,cheese
564929,0,AH Goudse belegen 48+ geraspt 3-pack,AH,kaas,Kaas,Geraspte kaas,11.09,11.67,5.0,5% volume voordeel,,,3 stuks,,True,AHOO,5% volume voordeel,2026-07-28,2999-12-31,,True,AH,https://www.ah.nl/producten/product/wi564929,2026-07-28,AH Gouda matured 48+ grated 3-pack,cheese
618588,0,AH Griekse feta 2-pack 3-pack,AH,kaas,Kaas,Feta,6.41,6.75,5.0,5% volume voordeel,,,3 stuks,,True,AHOO,5% volume voordeel,2026-07-28,2999-12-31,,True,AH,https://www.ah.nl/producten/product/wi618588,2026-07-28,AH Greek feta 2-pack 3-pack,cheese
618589,0,AH Griekse feta 2-pack 4-pack,AH,kaas,Kaas,Feta,8.28,9.0,8.0,8% volume voordeel,,,4 stuks,,True,AHOO,8% volume voordeel,2026-07-28,2999-12-31,,True,AH,https://www.ah.nl/producten/product/wi618589,2026-07-28,AH Greek feta 2-pack 4-pack,cheese
618039,0,AH Goudse belegen 48+ geraspt 4-pack,AH,kaas,Kaas,Geraspte kaas,14.0,15.56,10.0,10% volume voordeel,,,4 stuks,,True,AHOO,10% volume voordeel,2026-07-28,2999-12-31,,True,AH,https://www.ah.nl/producten/product/wi618039,2026-07-28,AH Goudse belegen 48+ geraspt 4-pack,cheese
618040,0,AH Goudse belegen 48+ geraspt 5-pack,AH,kaas,Kaas,Geraspte kaas,16.53,19.45,15.0,15% volume voordeel,,,5 stuks,,True,AHOO,15% volume voordeel,2026-07-28,2999-12-31,,True,AH,https://www.ah.nl/producten/product/wi618040,2026-07-28,AH Gouda matured 48+ grated 5-pack,cheese
138205,597371,AH Goudse belegen 48+ geraspt,AH,kaas,Kaas,Geraspte kaas,5.89,5.89,,,,,300 g,prijs per kg €19.63,False,,,,,D,True,AH,https://www.ah.nl/producten/product/wi138205,2026-07-28,AH Gouda matured 48+ grated,cheese
462684,715084,AH Italiaanse mozzarella di bufala campana,AH,kaas,Kaas,Mozzarella,1.95,1.95,,,,,260 g,prijs per kg €15.60,False,,,,,D,True,AH,https://www.ah.nl/producten/product/wi462684,2026-07-28,AH Italian mozzarella di bufala campana,cheese
497554,801789,AH Mascarpone 80+,AH,kaas,Kaas,Mascarpone,2.09,2.09,,,,,250 g,prijs per kg €8.36,False,,,,,D,True,AH,https://www.ah.nl/producten/product/wi497554,2026-07-28,AH Mascarpone 80+,cheese
478232,731985,AH Tex-mex geraspte kaas,AH,kaas,Kaas,Geraspte kaas,2.5,2.79,10.4,2 voor 5.00,5.0,2.0,150 g,normale prijs per kg €18.60,True,AH,2 voor 5.00,2026-07-27,2026-08-02,D,True,AH,https://www.ah.nl/producten/product/wi478232,2026-07-28,AH Tex-mex grated cheese,cheese
591155,37889,Dairly Cottage cheese 20+,Dairly,kaas,Kaas,Cottage cheese,0.99,0.99,,,,,200 g,prijs per kg €4.95,False,,,,,B,True,AH,https://www.ah.nl/producten/product/wi591155,2026-07-28,Dairy Cottage cheese 20+,cheese
575897,17602,AH Mini burratine,AH,kaas,Kaas,Burrata,2.99,2.99,,,,,420 g,,False,,,,,D,True,AH,https://www.ah.nl/producten/product/wi575897,2026-07-28,AH Mini burratine,cheese
613359,70988,Leerdammer Extra mild,Leerdammer,kaas,Kaas,Jonge kaas (plakken),2.49,2.49,,,,,130 g,prijs per kg €19.15,False,,,,,D,True,AH,https://www.ah.nl/producten/product/wi613359,2026-07-28,Leerdammer Extra mild,cheese
620664,0,AH Mini burratine 2-pack,AH,kaas,Kaas,Burrata,5.86,5.98,2.0,2% volume voordeel,,,2 stuks,,True,AHOO,2% volume voordeel,2026-07-28,2999-12-31,,True,AH,https://www.ah.nl/producten/product/wi620664,2026-07-28,AH Mini burratine 2-pack,cheese
185784,634283,AH Biologisch Jong belegen 50+ plakken,AH Biologisch,kaas,Kaas,Jong belegen kaas (plakken),4.19,4.19,,,,,ca. 210 g,prijs per kg €19.75,False,,,,,D,True,AH,https://www.ah.nl/producten/product/wi185784,2026-07-28,AH Organic Young matured 50+ slices,cheese
121168,574906,AH Goudse jong belegen 48+ plakken,AH,kaas,Kaas,Jong belegen kaas (plakken),5.89,5.89,,,,,400 g,prijs per kg €14.73,False,,,,,D,True,AH,https://www.ah.nl/producten/product/wi121168,2026-07-28,AH Goudse jong belegen 48+ plakken,cheese
618061,0,AH Goudse jong belegen 48+ plakken 3pk,AH,kaas,Kaas,Jong belegen kaas (plakken),17.14,17.67,3.0,3% volume voordeel,,,3 stuks,,True,AHOO,3% volume voordeel,2026-07-28,2999-12-31,,True,AH,https://www.ah.nl/producten/product/wi618061,2026-07-28,AH Goudse young matured 48+ slices 3pk,cheese
191606,793902,MonChou Original verse roomkaas,MonChou,kaas,Kaas,Monchou,1.99,1.99,,,,,100 g,prijs per kg €19.90,False,,,,,D,True,AH,https://www.ah.nl/producten/product/wi191606,2026-07-28,MonChou Original fresh cream cheese,cheese
478226,731956,Salakis Classic greek feta,Salakis,kaas,Kaas,Feta,2.75,2.75,,,,,125 g,prijs per kg €22.00,False,,,,,E,True,AH,https://www.ah.nl/producten/product/wi478226,2026-07-28,Salakis Classic greek feta,cheese
614558,0,Salakis Classic Greek feta 125g 2-pack,Salakis,kaas,Kaas,Feta,4.67,5.5,15.0,15% volume voordeel,,,2 stuks,,True,AHOO,15% volume voordeel,2026-07-28,2999-12-31,,True,AH,https://www.ah.nl/producten/product/wi614558,2026-07-28,Salakis Classic Greek feta 125g 2-pack,cheese
575924,17605,Président Extra smeuige brie,Président,kaas,Kaas,Brie,3.49,3.49,,,,,200 g,prijs per kg €17.45,False,,,,,D,True,AH,https://www.ah.nl/producten/product/wi575924,2026-07-28,Président Extra creamy brie,cheese
620666,0,AH Mini burratine 4-pack,AH,kaas,Kaas,Burrata,11.0,11.96,8.0,8% volume voordeel,,,4 stuks,,True,AHOO,8% volume voordeel,2026-07-28,2999-12-31,,True,AH,https://www.ah.nl/producten/product/wi620666,2026-07-28,AH Mini burratine 4-pack,cheese
223450,816858,Eru Goudkuipje sambal,Eru,kaas,Kaas,Smeerkaas,1.89,1.89,,,,,100 g,prijs per kg €18.90,False,,,,,E,True,AH,https://www.ah.nl/producten/product/wi223450,2026-07-28,Eru Goudkuipje sambal,cheese
595368,43766,AH Cottage cheese naturel,AH,kaas,Kaas,Cottage cheese,1.39,1.39,,,,,200 g,prijs per kg €6.95,False,,,,,B,True,AH,https://www.ah.nl/producten/product/wi595368,2026-07-28,AH Cottage cheese natural,cheese
587624,32645,BFree High proteine wraps glutenvrij,BFree,glutenvrij,Glutenvrij,Glutenvrije wraps,5.49,5.49,,,,,168 g,prijs per kg €32.68,False,,,,,A,True,AH,https://www.ah.nl/producten/product/wi587624,2026-07-28,BFree High protein wraps gluten free,gluten free
396114,847392,BFree Meergranen wraps glutenvrij,BFree,glutenvrij,Glutenvrij,Glutenvrije wraps,5.49,5.49,,,,,252 g,prijs per kg €21.79,False,,,,,B,True,AH,https://www.ah.nl/producten/product/wi396114,2026-07-28,BFree Multigrain wraps gluten-free,gluten free
416967,688330,AH Glutenvrij Brood donker meerzaden half,AH Glutenvrij,glutenvrij,Bakkerij,Glutenvrij brood,3.59,3.59,,,,,480 g,,False,,,,,A,True,AH,https://www.ah.nl/producten/product/wi416967,2026-07-28,AH Gluten-free Bread dark multi-seed half,gluten free
617455,0,AH Glutenvrij Brood donker meerzaden half 2-pack,AH Glutenvrij,glutenvrij,Bakkerij,Glutenvrij brood,7.04,7.18,2.0,2% volume voordeel,,,2 stuks,,True,AHOO,2% volume voordeel,2026-07-28,2999-12-31,,True,AH,https://www.ah.nl/producten/product/wi617455,2026-07-28,AH Gluten Free Bread dark multi-seed half 2-pack,gluten free
617456,0,AH Glutenvrij Brood donker meerzaden half 4-pack,AH Glutenvrij,glutenvrij,Bakkerij,Glutenvrij brood,14.07,14.36,2.0,2% volume voordeel,,,4 stuks,,True,AHOO,2% volume voordeel,2026-07-28,2999-12-31,,True,AH,https://www.ah.nl/producten/product/wi617456,2026-07-28,AH Gluten Free Bread dark multi-seed half 4-pack,gluten free
568283,0,AH Glutenvrij Brood donker meerzaden half 3-pack,AH Glutenvrij,glutenvrij,Bakkerij,Glutenvrij brood,10.55,10.77,2.0,2% volume voordeel,,,3 stuks,,True,AHOO,2% volume voordeel,2026-07-28,2999-12-31,,True,AH,https://www.ah.nl/producten/product/wi568283,2026-07-28,AH Gluten Free Bread dark multi-seed half 3-pack,gluten free
416957,688280,AH Glutenvrij Brood licht meerzaden half,AH Glutenvrij,glutenvrij,Bakkerij,Glutenvrij brood,3.59,3.59,,,,,480 g,,False,,,,,A,True,AH,https://www.ah.nl/producten/product/wi416957,2026-07-28,AH Gluten Free Bread light multi-seed half,gluten free
617457,0,AH Glutenvrij Brood licht meerzaden half 2-pack,AH Glutenvrij,glutenvrij,Bakkerij,Glutenvrij brood,7.04,7.18,2.0,2% volume voordeel,,,2 stuks,,True,AHOO,2% volume voordeel,2026-07-28,2999-12-31,,True,AH,https://www.ah.nl/producten/product/wi617457,2026-07-28,AH Gluten Free Bread light multi-seed half 2-pack,gluten free
617459,0,AH Glutenvrij Brood licht meerzaden half 4-pack,AH Glutenvrij,glutenvrij,Bakkerij,Glutenvrij brood,14.07,14.36,2.0,2% volume voordeel,,,4 stuks,,True,AHOO,2% volume voordeel,2026-07-28,2999-12-31,,True,AH,https://www.ah.nl/producten/product/wi617459,2026-07-28,AH Glutenvrij Brood licht meerzaden half 4-pack,gluten free
617458,0,AH Glutenvrij Brood licht meerzaden half 3-pack,AH Glutenvrij,glutenvrij,Bakkerij,Glutenvrij brood,10.55,10.77,2.0,2% volume voordeel,,,3 stuks,,True,AHOO,2% volume voordeel,2026-07-28,2999-12-31,,True,AH,https://www.ah.nl/producten/product/wi617458,2026-07-28,AH Gluten Free Bread light multi-seed half 3-pack,gluten free
419899,691529,Wasa Glutenvrij en lactosevrij classic,Wasa,glutenvrij,Bakkerij,"Glutenvrije crackers, knackebrod",3.99,3.99,,,,,240 g,prijs per kg €16.63,False,,,,,C,True,AH,https://www.ah.nl/producten/product/wi419899,2026-07-28,Wasa Gluten-free and lactose-free classic,gluten free
497604,802569,AH Glutenvrij Witte bollen,AH Glutenvrij,glutenvrij,Bakkerij,Glutenvrij brood,1.79,1.79,,,,,2 stuks,,False,,,,,C,True,AH,https://www.ah.nl/producten/product/wi497604,2026-07-28,AH Gluten Free White buns,gluten free
228420,820389,Schär Meesterbakker classic glutenvrij,Schär,glutenvrij,Bakkerij,Glutenvrij brood,3.29,3.29,,,,,300 g,prijs per kg €10.97,False,,,,,A,True,AH,https://www.ah.nl/producten/product/wi228420,2026-07-28,Schär Meesterbakker classic glutenvrij,gluten free
587882,33166,AH Glutenvrij Mini crackers,AH Glutenvrij,glutenvrij,Bakkerij,"Glutenvrije crackers, knackebrod",1.99,1.99,,,,,200 g,prijs per kg €9.95,False,,,,,D,True,AH,https://www.ah.nl/producten/product/wi587882,2026-07-28,AH Gluten Free Mini crackers,gluten free
621356,0,AH Glutenvrij Mini crackers 3-pack,AH Glutenvrij,glutenvrij,Bakkerij,"Glutenvrije crackers, knackebrod",,,3.0,3% volume voordeel,,,3 stuks,,True,AH,3% volume voordeel,,,,True,AH,https://www.ah.nl/producten/product/wi621356,2026-07-28,AH Gluten-free Mini crackers 3-pack,gluten free
621357,0,AH Glutenvrij Mini crackers 4-pack,AH Glutenvrij,glutenvrij,Bakkerij,"Glutenvrije crackers, knackebrod",,,5.0,5% volume voordeel,,,4 stuks,,True,AH,5% volume voordeel,,,,True,AH,https://www.ah.nl/producten/product/wi621357,2026-07-28,AH Gluten-free Mini crackers 4-pack,gluten free
621358,0,AH Glutenvrij Mini crackers 6-pack,AH Glutenvrij,glutenvrij,Bakkerij,"Glutenvrije crackers, knackebrod",,,10.0,10% volume voordeel,,,6 stuks,,True,AH,10% volume voordeel,,,,True,AH,https://www.ah.nl/producten/product/wi621358,2026-07-28,AH Gluten Free Mini crackers 6-pack,gluten free
456008,69188,Wasa Sesame & sea salt glutenvrij,Wasa,glutenvrij,Bakkerij,"Glutenvrije crackers, knackebrod",4.49,4.49,,,,,240 g,prijs per kg €18.71,False,,,,,C,True,AH,https://www.ah.nl/producten/product/wi456008,2026-07-28,Wasa Sesame & sea salt gluten free,gluten free
587626,32677,AH Glutenvrij Crackers zaden,AH Glutenvrij,glutenvrij,Bakkerij,"Glutenvrije crackers, knackebrod",2.99,2.99,,,,,175 g,prijs per kg €17.09,False,,,,,A,True,AH,https://www.ah.nl/producten/product/wi587626,2026-07-28,AH Gluten-free Crackers seeds,gluten free
407789,853052,AH Glutenvrij Volkoren havermout,AH Glutenvrij,glutenvrij,Glutenvrij,Glutenvrije havermout en pap,2.89,2.89,,,,,450 g,prijs per kg €6.42,False,,,,,A,True,AH,https://www.ah.nl/producten/product/wi407789,2026-07-28,AH Glutenvrij Volkoren havermout,gluten free
494410,748783,AH Glutenvrij Mueslireep chocolade,AH Glutenvrij,glutenvrij,Glutenvrij,Glutenvrije repen,2.39,2.39,,,,,125 g,prijs per kg €19.12,False,,,,,E,True,AH,https://www.ah.nl/producten/product/wi494410,2026-07-28,AH Gluten-free Muesli bar chocolate,gluten free
228422,820392,Schär Meesterbakker mehrkorn glutenvrij,Schär,glutenvrij,Bakkerij,Glutenvrij brood,3.29,3.29,,,,,300 g,prijs per kg €10.97,False,,,,,B,True,AH,https://www.ah.nl/producten/product/wi228422,2026-07-28,Schär Master Baker mehrkorn gluten-free,gluten free
579000,0,AH Glutenvrij Volkoren havermout 2-pack,AH Glutenvrij,glutenvrij,Glutenvrij,Glutenvrije havermout en pap,5.61,5.78,3.0,3% volume voordeel,,,2 stuks,,True,AHOO,3% volume voordeel,2026-07-28,2999-12-31,,True,AH,https://www.ah.nl/producten/product/wi579000,2026-07-28,AH Gluten-free Wholegrain oatmeal 2-pack,gluten free
619045,0,AH Glutenvrij Mueslireep chocolade 2-pack,AH Glutenvrij,glutenvrij,Glutenvrij,Glutenvrije repen,4.64,4.78,3.0,3% volume voordeel,,,2 stuks,,True,AHOO,3% volume voordeel,2026-07-28,2999-12-31,,True,AH,https://www.ah.nl/producten/product/wi619045,2026-07-28,AH Gluten-free Muesli bar chocolate 2-pack,gluten free
589582,36302,AH Glutenvrij Wit brood half,AH Glutenvrij,glutenvrij,Bakkerij,Glutenvrij brood,3.59,3.59,,,,,per stuk,,False,,,,,A,True,AH,https://www.ah.nl/producten/product/wi589582,2026-07-28,AH Gluten Free White bread half,gluten free
619047,0,AH Glutenvrij Mueslireep chocolade 4-pack,AH Glutenvrij,glutenvrij,Glutenvrij,Glutenvrije repen,8.8,9.56,8.0,8% volume voordeel,,,4 stuks,,True,AHOO,8% volume voordeel,2026-07-28,2999-12-31,,True,AH,https://www.ah.nl/producten/product/wi619047,2026-07-28,AH Gluten-free Muesli bar chocolate 4-pack,gluten free
621402,0,AH Glutenvrij Wit brood half 2-pack,AH Glutenvrij,glutenvrij,Bakkerij,Glutenvrij brood,,,2.0,2% volume voordeel,,,2 stuks,,True,AH,2% volume voordeel,,,,True,AH,https://www.ah.nl/producten/product/wi621402,2026-07-28,AH Gluten-free White bread half 2-pack,gluten free
621403,0,AH Glutenvrij Wit brood half 3-pack,AH Glutenvrij,glutenvrij,Bakkerij,Glutenvrij brood,,,2.0,2% volume voordeel,,,3 stuks,,True,AH,2% volume voordeel,,,,True,AH,https://www.ah.nl/producten/product/wi621403,2026-07-28,AH Glutenvrij Wit brood half 3-pack,gluten free
621404,0,AH Glutenvrij Wit brood half 4-pack,AH Glutenvrij,glutenvrij,Bakkerij,Glutenvrij brood,,,2.0,2% volume voordeel,,,4 stuks,,True,AH,2% volume voordeel,,,,True,AH,https://www.ah.nl/producten/product/wi621404,2026-07-28,AH Gluten Free White bread half 4-pack,gluten free
494240,748785,AH Glutenvrij Vezelrijk knäckebröd,AH Glutenvrij,glutenvrij,Bakkerij,"Glutenvrije crackers, knackebrod",2.99,2.99,,,,,230 g,prijs per kg €13.00,False,,,,,D,True,AH,https://www.ah.nl/producten/product/wi494240,2026-07-28,AH Gluten-free Fiber-rich crispbread,gluten free
619046,0,AH Glutenvrij Mueslireep chocolade 3-pack,AH Glutenvrij,glutenvrij,Glutenvrij,Glutenvrije repen,6.81,7.17,5.0,5% volume voordeel,,,3 stuks,,True,AHOO,5% volume voordeel,2026-07-28,2999-12-31,,True,AH,https://www.ah.nl/producten/product/wi619046,2026-07-28,AH Gluten-free Muesli bar chocolate 3-pack,gluten free
388651,848195,Eat Natural Protein packed repen pinda's & chocolade,Eat Natural,glutenvrij,Glutenvrij,Glutenvrije repen,3.39,3.39,,1 + 1 gratis,,1.0,3 x 40g,normale prijs per kg €28.25,True,AH,1 + 1 gratis,2026-07-27,2026-08-02,D,True,AH,https://www.ah.nl/producten/product/wi388651,2026-07-28,Eat Natural Protein packed bars peanuts & chocolate,gluten free
587888,33169,AH Glutenvrij Wraps,AH Glutenvrij,glutenvrij,Glutenvrij,Glutenvrije wraps,3.29,3.29,,,,,180 g,prijs per kg €18.28,False,,,,,C,True,AH,https://www.ah.nl/producten/product/wi587888,2026-07-28,AH Gluten Free Wraps,gluten free
401986,850534,Dr. Oetker Ristorante pizza salami glutenvrij,Dr. Oetker,glutenvrij,Glutenvrij,Glutenvrije pizza,1.9967,4.99,60.0,3 voor 5.99,5.99,3.0,315 g,normale prijs per kg €15.84,True,AH,3 VOOR 5.99,2026-07-27,2026-08-02,D,True,AH,https://www.ah.nl/producten/product/wi401986,2026-07-28,Dr. Oetker Ristorante pizza salami gluten-free,gluten free
550449,606924,AH Glutenvrij Italiaanse bol,AH Glutenvrij,glutenvrij,Bakkerij,"Glutenvrije bolletjes, broodjes, croissants",2.99,2.99,,,,,2 stuks,,False,,,,,C,True,AH,https://www.ah.nl/producten/product/wi550449,2026-07-28,AH Gluten-free Italian bun,gluten free
228421,820391,Schär Meesterbakker vital glutenvrij,Schär,glutenvrij,Bakkerij,Glutenvrij brood,3.39,3.39,,,,,350 g,prijs per kg €9.69,False,,,,,B,True,AH,https://www.ah.nl/producten/product/wi228421,2026-07-28,Schär Master Baker vital gluten-free,gluten free
188968,525221,Eat Natural Fruit & nut bars amandel & abrikoos,Eat Natural,glutenvrij,Glutenvrij,Glutenvrije repen,3.39,3.39,,1 + 1 gratis,,1.0,3 x 40g,normale prijs per kg €28.25,True,AH,1 + 1 gratis,2026-07-27,2026-08-02,E,True,AH,https://www.ah.nl/producten/product/wi188968,2026-07-28,Eat Natural Fruit & nut bars almond & apricot,gluten free
579007,0,AH Glutenvrij Italiaanse bol 2-pack,AH Glutenvrij,glutenvrij,Bakkerij,Glutenvrij afbakbrood,5.86,5.98,2.0,2% volume voordeel,,,2 stuks,,True,AHOO,2% volume voordeel,2026-07-28,2999-12-31,,True,AH,https://www.ah.nl/producten/product/wi579007,2026-07-28,AH Gluten-free Italian bun 2-pack,gluten free
401987,850536,Dr. Oetker Ristorante pizza mozzarella glutenvrij,Dr. Oetker,glutenvrij,Glutenvrij,Glutenvrije pizza,1.9967,4.99,60.0,3 voor 5.99,5.99,3.0,370 g,normale prijs per kg €13.49,True,AH,3 VOOR 5.99,2026-07-27,2026-08-02,C,True,AH,https://www.ah.nl/producten/product/wi401987,2026-07-28,Dr. Oetker Ristorante pizza mozzarella gluten-free,gluten free
228424,820394,Schär Mini baguette glutenvrij,Schär,glutenvrij,Bakkerij,Glutenvrij afbakbrood,2.15,2.15,,,,,150 g,prijs per kg €14.33,False,,,,,C,True,AH,https://www.ah.nl/producten/product/wi228424,2026-07-28,Schär Mini baguette gluten-free,gluten free
581463,24359,AH Glutenvrij Croissants,AH Glutenvrij,glutenvrij,Bakkerij,"Glutenvrije bolletjes, broodjes, croissants",3.29,3.29,,,,,2 stuks,,False,,,,,E,True,AH,https://www.ah.nl/producten/product/wi581463,2026-07-28,AH Gluten-free Croissants,gluten free
587598,32635,AH Glutenvrij Meerzaden broodjes,AH Glutenvrij,glutenvrij,Bakkerij,"Glutenvrije bolletjes, broodjes, croissants",2.49,2.49,,,,,2 stuks,,False,,,,,B,True,AH,https://www.ah.nl/producten/product/wi587598,2026-07-28,AH Gluten-free Multi-seed rolls,gluten free
620885,0,AH Glutenvrij Croissants 2-pack,AH Glutenvrij,glutenvrij,Bakkerij,"Glutenvrije bolletjes, broodjes, croissants",6.45,6.58,2.0,2% volume voordeel,,,2 stuks,,True,AHOO,2% volume voordeel,2026-07-28,2999-12-31,,True,AH,https://www.ah.nl/producten/product/wi620885,2026-07-28,AH Glutenvrij Croissants 2-pack,gluten free
620887,0,AH Glutenvrij Croissants 4-pack,AH Glutenvrij,glutenvrij,Bakkerij,"Glutenvrije bolletjes, broodjes, croissants",12.37,13.16,6.0,6% volume voordeel,,,4 stuks,,True,AHOO,6% volume voordeel,2026-07-28,2999-12-31,,True,AH,https://www.ah.nl/producten/product/wi620887,2026-07-28,AH Gluten-free Croissants 4-pack,gluten free
620886,0,AH Glutenvrij Croissants 3-pack,AH Glutenvrij,glutenvrij,Bakkerij,"Glutenvrije bolletjes, broodjes, croissants",9.48,9.87,4.0,4% volume voordeel,,,3 stuks,,True,AHOO,4% volume voordeel,2026-07-28,2999-12-31,,True,AH,https://www.ah.nl/producten/product/wi620886,2026-07-28,AH Gluten-free Croissants 3-pack,gluten free
621075,0,AH Glutenvrij Meerzaden broodjes 2-pack,AH Glutenvrij,glutenvrij,Bakkerij,"Glutenvrije bolletjes, broodjes, croissants",4.88,4.98,2.0,2% volume voordeel,,,2 stuks,,True,AHOO,2% volume voordeel,2026-07-28,2999-12-31,,True,AH,https://www.ah.nl/producten/product/wi621075,2026-07-28,AH Gluten-free Multi-seed rolls 2-pack,gluten free
494242,748795,AH Glutenvrij Krokante muesli met noten,AH Glutenvrij,glutenvrij,Glutenvrij,Glutenvrije muesli,2.99,2.99,,,,,250 g,prijs per kg €11.96,False,,,,,A,True,AH,https://www.ah.nl/producten/product/wi494242,2026-07-28,AH Gluten-free Crispy muesli with nuts,gluten free
585494,30253,Leev Simply free havermout glutenvrij,Leev,glutenvrij,Glutenvrij,Glutenvrije havermout en pap,2.99,2.99,,,,,450 g,prijs per kg €6.64,False,,,,,A,True,AH,https://www.ah.nl/producten/product/wi585494,2026-07-28,Leev Simply free havermout glutenvrij,gluten free
621077,0,AH Glutenvrij Meerzaden broodjes 4-pack,AH Glutenvrij,glutenvrij,Bakkerij,"Glutenvrije bolletjes, broodjes, croissants",9.36,9.96,6.0,6% volume voordeel,,,4 stuks,,True,AHOO,6% volume voordeel,2026-07-28,2999-12-31,,True,AH,https://www.ah.nl/producten/product/wi621077,2026-07-28,AH Gluten-free Multi-seed rolls 4-pack,gluten free
621076,0,AH Glutenvrij Meerzaden broodjes 3-pack,AH Glutenvrij,glutenvrij,Bakkerij,"Glutenvrije bolletjes, broodjes, croissants",7.17,7.47,4.0,4% volume voordeel,,,3 stuks,,True,AHOO,4% volume voordeel,2026-07-28,2999-12-31,,True,AH,https://www.ah.nl/producten/product/wi621076,2026-07-28,AH Gluten-free Multi-seed rolls 3-pack,gluten free
617270,0,AH Glutenvrij Volkoren havermout 4-pack,AH Glutenvrij,glutenvrij,Glutenvrij,Glutenvrije havermout en pap,10.64,11.56,8.0,8% volume voordeel,,,4 stuks,,True,AHOO,8% volume voordeel,2026-07-28,2999-12-31,,True,AH,https://www.ah.nl/producten/product/wi617270,2026-07-28,AH Gluten-free Wholegrain oatmeal 4-pack,gluten free
619022,0,AH Glutenvrij Krokante muesli met noten 2-pack,AH Glutenvrij,glutenvrij,Glutenvrij,Glutenvrije muesli,5.8,5.98,3.0,3% volume voordeel,,,2 stuks,,True,AHOO,3% volume voordeel,2026-07-28,2999-12-31,,True,AH,https://www.ah.nl/producten/product/wi619022,2026-07-28,AH Gluten-free Crispy muesli with nuts 2-pack,gluten free
617269,0,AH Glutenvrij Volkoren havermout 3-pack,AH Glutenvrij,glutenvrij,Glutenvrij,Glutenvrije havermout en pap,8.24,8.67,5.0,5% volume voordeel,,,3 stuks,,True,AHOO,5% volume voordeel,2026-07-28,2999-12-31,,True,AH,https://www.ah.nl/producten/product/wi617269,2026-07-28,AH Glutenvrij Volkoren havermout 3-pack,gluten free
619024,0,AH Glutenvrij Krokante muesli met noten 4-pack,AH Glutenvrij,glutenvrij,Glutenvrij,Glutenvrije muesli,11.0,11.96,8.0,8% volume voordeel,,,4 stuks,,True,AHOO,8% volume voordeel,2026-07-28,2999-12-31,,True,AH,https://www.ah.nl/producten/product/wi619024,2026-07-28,AH Gluten-free Crispy muesli with nuts 4-pack,gluten free
619023,0,AH Glutenvrij Krokante muesli met noten 3-pack,AH Glutenvrij,glutenvrij,Glutenvrij,Glutenvrije muesli,8.52,8.97,5.0,5% volume voordeel,,,3 stuks,,True,AHOO,5% volume voordeel,2026-07-28,2999-12-31,,True,AH,https://www.ah.nl/producten/product/wi619023,2026-07-28,AH Gluten-free Crispy muesli with nuts 3-pack,gluten free
619853,0,AH Glutenvrij Italiaanse bol 4-pack,AH Glutenvrij,glutenvrij,Bakkerij,"Glutenvrije bolletjes, broodjes, croissants",11.24,11.96,6.0,6% volume voordeel,,,4 stuks,,True,AHOO,6% volume voordeel,2026-07-28,2999-12-31,,True,AH,https://www.ah.nl/producten/product/wi619853,2026-07-28,AH Gluten-free Italian bun 4-pack,gluten free
619852,0,AH Glutenvrij Italiaanse bol 3-pack,AH Glutenvrij,glutenvrij,Bakkerij,"Glutenvrije bolletjes, broodjes, croissants",8.61,8.97,4.0,4% volume voordeel,,,3 stuks,,True,AHOO,4% volume voordeel,2026-07-28,2999-12-31,,True,AH,https://www.ah.nl/producten/product/wi619852,2026-07-28,AH Gluten-free Italian bun 3-pack,gluten free
516683,882425,Schär Kaiser brötchen glutenvrij,Schär,glutenvrij,Bakkerij,Glutenvrij afbakbrood,3.15,3.15,,,,,240 g,prijs per kg €13.13,False,,,,,C,True,AH,https://www.ah.nl/producten/product/wi516683,2026-07-28,Schär Kaiser brötchen gluten-free,gluten free
231967,820841,Consenza Frikandellen,Consenza,glutenvrij,Glutenvrij,Glutenvrije snacks (diepvries),5.39,5.39,,,,,350 g,prijs per kg €15.40,False,,,,,E,True,AH,https://www.ah.nl/producten/product/wi231967,2026-07-28,Consenza Frikandellen,gluten free
589583,36303,AH Glutenvrij Madeleine brood half,AH Glutenvrij,glutenvrij,Bakkerij,Glutenvrij brood,3.59,3.59,,,,,per stuk,,False,,,,,A,True,AH,https://www.ah.nl/producten/product/wi589583,2026-07-28,AH Gluten-free Madeleine bread half,gluten free
589584,36304,AH Glutenvrij Rozijnen bollen,AH Glutenvrij,glutenvrij,Bakkerij,"Glutenvrije bolletjes, broodjes, croissants",2.29,2.29,,,,,2 stuks,,False,,,,,C,True,AH,https://www.ah.nl/producten/product/wi589584,2026-07-28,AH Gluten-free Raisin buns,gluten free
621353,0,AH Glutenvrij Madeleine brood half 2-pack,AH Glutenvrij,glutenvrij,Bakkerij,Glutenvrij brood,,,2.0,2% volume voordeel,,,2 stuks,,True,AH,2% volume voordeel,,,,True,AH,https://www.ah.nl/producten/product/wi621353,2026-07-28,AH Gluten-free Madeleine bread half 2-pack,gluten free
621354,0,AH Glutenvrij Madeleine brood half 3-pack,AH Glutenvrij,glutenvrij,Bakkerij,Glutenvrij brood,,,2.0,2% volume voordeel,,,3 stuks,,True,AH,2% volume voordeel,,,,True,AH,https://www.ah.nl/producten/product/wi621354,2026-07-28,AH Glutenvrij Madeleine brood half 3-pack,gluten free
621355,0,AH Glutenvrij Madeleine brood half 4-pack,AH Glutenvrij,glutenvrij,Bakkerij,Glutenvrij brood,,,2.0,2% volume voordeel,,,4 stuks,,True,AH,2% volume voordeel,,,,True,AH,https://www.ah.nl/producten/product/wi621355,2026-07-28,AH Glutenvrij Madeleine brood half 4-pack,gluten free
571989,13151,Schär Flatbreads glutenvrij,Schär,glutenvrij,Bakkerij,Glutenvrij brood,3.39,3.39,,,,,180 g,prijs per kg €18.83,False,,,,,C,True,AH,https://www.ah.nl/producten/product/wi571989,2026-07-28,Schär Flatbreads gluten-free,gluten free
587883,33168,AH Glutenvrij Biologisch crackers sesam & chiazaad,AH Glutenvrij,glutenvrij,Bakkerij,"Glutenvrije crackers, knackebrod",3.19,3.19,,,,,160 g,prijs per kg €19.94,False,,,,,C,True,AH,https://www.ah.nl/producten/product/wi587883,2026-07-28,AH Gluten-free Organic sesame & chia seed crackers,gluten free
199619,645168,Schär Ciabatta glutenvrij,Schär,glutenvrij,Bakkerij,Glutenvrij afbakbrood,2.99,2.99,,,,,4 stuks,,False,,,,,C,True,AH,https://www.ah.nl/producten/product/wi199619,2026-07-28,Schär Ciabatta gluten-free,gluten free
408452,853048,AH Glutenvrij Spaghetti,AH Glutenvrij,glutenvrij,Glutenvrij,Glutenvrije pasta,1.39,1.39,,,,,500 g,prijs per kg €2.78,False,,,,,B,True,AH,https://www.ah.nl/producten/product/wi408452,2026-07-28,AH Glutenvrij Spaghetti,gluten free
587880,33163,AH Glutenvrij Biologisch stroopwafels,AH Glutenvrij,glutenvrij,"Koek, snoep, chocolade",Glutenvrije koekjes,3.89,3.89,,,,,240 g,prijs per kg €16.21,False,,,,,E,True,AH,https://www.ah.nl/producten/product/wi587880,2026-07-28,AH Gluten-free Organic syrup waffles,gluten free
621313,0,AH Glutenvrij Biologisch stroopwafels 2-pack,AH Glutenvrij,glutenvrij,"Koek, snoep, chocolade",Glutenvrije koekjes,,,3.0,3% volume voordeel,,,2 stuks,,True,AH,3% volume voordeel,,,,True,AH,https://www.ah.nl/producten/product/wi621313,2026-07-28,AH Glutenvrij Biologisch stroopwafels 2-pack,gluten free
621314,0,AH Glutenvrij Biologisch stroopwafels 3-pack,AH Glutenvrij,glutenvrij,"Koek, snoep, chocolade",Glutenvrije koekjes,,,5.0,5% volume voordeel,,,3 stuks,,True,AH,5% volume voordeel,,,,True,AH,https://www.ah.nl/producten/product/wi621314,2026-07-28,AH Gluten-free Organic syrup waffles 3-pack,gluten free
621315,0,AH Glutenvrij Biologisch stroopwafels 4-pack,AH Glutenvrij,glutenvrij,"Koek, snoep, chocolade",Glutenvrije koekjes,,,8.0,8% volume voordeel,,,4 stuks,,True,AH,8% volume voordeel,,,,True,AH,https://www.ah.nl/producten/product/wi621315,2026-07-28,AH Gluten-free Organic syrup waffles 4-pack,gluten free
400917,850007,Grand' Italia Penne glutenvrij,Grand' Italia,glutenvrij,Glutenvrij,Glutenvrije pasta,3.99,3.99,,,,,400 g,prijs per kg €9.98,False,,,,,B,True,AH,https://www.ah.nl/producten/product/wi400917,2026-07-28,Grand' Italia Penne gluten-free,gluten free
400916,850006,Grand' Italia Fusilli glutenvrij,Grand' Italia,glutenvrij,Glutenvrij,Glutenvrije pasta,3.99,3.99,,,,,400 g,prijs per kg €9.98,False,,,,,B,True,AH,https://www.ah.nl/producten/product/wi400916,2026-07-28,Grand' Italia Fusilli gluten-free,gluten free
587891,33180,AH Glutenvrij Brownies,AH Glutenvrij,glutenvrij,Bakkerij,Glutenvrije zoete snacks en gebak,3.29,3.29,,,,,240 g,prijs per kg €13.71,False,,,,,E,True,AH,https://www.ah.nl/producten/product/wi587891,2026-07-28,AH Gluten Free Brownies,gluten free
621322,0,AH Glutenvrij Brownies 2-pack,AH Glutenvrij,glutenvrij,Bakkerij,Glutenvrije zoete snacks en gebak,,,3.0,3% volume voordeel,,,2 stuks,,True,AH,3% volume voordeel,,,,True,AH,https://www.ah.nl/producten/product/wi621322,2026-07-28,AH Gluten Free Brownies 2-pack,gluten free
621323,0,AH Glutenvrij Brownies 3-pack,AH Glutenvrij,glutenvrij,Bakkerij,Glutenvrije zoete snacks en gebak,,,5.0,5% volume voordeel,,,3 stuks,,True,AH,5% volume voordeel,,,,True,AH,https://www.ah.nl/producten/product/wi621323,2026-07-28,AH Gluten Free Brownies 3-pack,gluten free
621324,0,AH Glutenvrij Brownies 4-pack,AH Glutenvrij,glutenvrij,Bakkerij,Glutenvrije zoete snacks en gebak,,,,,,,4 stuks,,False,,,,,,True,AH,https://www.ah.nl/producten/product/wi621324,2026-07-28,AH Gluten Free Brownies 4-pack,gluten free
587595,32632,AH Glutenvrij Koekjes citroen,AH Glutenvrij,glutenvrij,"Koek, snoep, chocolade",Glutenvrije koekjes,1.0,1.29,22.5,3 voor 3.00,3.0,3.0,45 g,normale prijs per kg €28.67,True,AH,3 voor 3.00,2026-07-27,2026-08-02,E,True,AH,https://www.ah.nl/producten/product/wi587595,2026-07-28,AH Gluten Free Lemon Cookies,gluten free
507916,703921,BioToday Vegan choco bar kokos,BioToday,glutenvrij,Glutenvrij,Glutenvrije repen,4.09,4.09,,2 + 1 gratis,,2.0,120 g,normale prijs per kg €34.08,True,AH,2 + 1 gratis,2026-07-27,2026-08-02,D,True,AH,https://www.ah.nl/producten/product/wi507916,2026-07-28,BioToday Vegan chocolate bar coconut,gluten free
532262,593539,BioFan Ketjap manis,BioFan,glutenvrij,Glutenvrij,Glutenvrije ketjap,1.75,1.75,,,,,125 ml,prijs per liter €14.00,False,,,,,D,True,AH,https://www.ah.nl/producten/product/wi532262,2026-07-28,BioFan Ketjap manis,gluten free
585619,30135,Koopmans Pannenkoeken glutenvrij,Koopmans,glutenvrij,Glutenvrij,Glutenvrije pannenkoekenmix,2.09,2.09,,,,,300 g,prijs per kg €6.97,False,,,,,C,True,AH,https://www.ah.nl/producten/product/wi585619,2026-07-28,Koopmans Pancakes gluten-free,gluten free
395522,846854,Peijnenburg Ontbijtkoek glutenvrij ongesneden,Peijnenburg,glutenvrij,Glutenvrij,Glutenvrije ontbijtkoek,3.65,3.65,,,,,285 g,prijs per kg €12.81,False,,,,,D,True,AH,https://www.ah.nl/producten/product/wi395522,2026-07-28,Peijnenburg Gingerbread gluten-free uncut,gluten free
587596,32633,AH Glutenvrij Koekjes amandel,AH Glutenvrij,glutenvrij,"Koek, snoep, chocolade",Glutenvrije koekjes,1.0,1.29,22.5,3 voor 3.00,3.0,3.0,45 g,normale prijs per kg €28.67,True,AH,3 voor 3.00,2026-07-27,2026-08-02,E,True,AH,https://www.ah.nl/producten/product/wi587596,2026-07-28,AH Gluten Free Almond Cookies,gluten free
587961,33156,De Cecco Tortiglioni glutenvrij,De Cecco,glutenvrij,Glutenvrij,Glutenvrije pasta,3.99,3.99,,,,,400 g,prijs per kg €9.98,False,,,,,B,True,AH,https://www.ah.nl/producten/product/wi587961,2026-07-28,The Cecco Tortiglioni gluten free,gluten free
494241,748794,AH Glutenvrij Ontbijtkoekreep,AH Glutenvrij,glutenvrij,Glutenvrij,Glutenvrije ontbijtkoek,1.29,1.29,,,,,65 g,prijs per kg €19.85,False,,,,,D,True,AH,https://www.ah.nl/producten/product/wi494241,2026-07-28,AH Gluten-free Gingerbread Bar,gluten free
494530,749991,AH Glutenvrij Vezelrijke bran flakes,AH Glutenvrij,glutenvrij,Glutenvrij,Glutenvrije ontbijtgranen overig,2.99,2.99,,,,,300 g,prijs per kg €9.97,False,,,,,A,True,AH,https://www.ah.nl/producten/product/wi494530,2026-07-28,AH Gluten-free Fiber-rich bran flakes,gluten free
199611,645160,Schär Salinis glutenvrij,Schär,glutenvrij,Glutenvrij,Glutenvrije zoutjes,1.39,1.39,,,,,60 g,prijs per kg €23.17,False,,,,,E,True,AH,https://www.ah.nl/producten/product/wi199611,2026-07-28,Schär Salinis glutenvrij,gluten free
494120,748791,AH Glutenvrij Volkoren havervlokken,AH Glutenvrij,glutenvrij,Glutenvrij,Glutenvrije havermout en pap,2.89,2.89,,,,,450 g,prijs per kg €6.42,False,,,,,A,True,AH,https://www.ah.nl/producten/product/wi494120,2026-07-28,AH Gluten-free Whole grain oat flakes,gluten free
587881,33165,AH Glutenvrij Granolareep pinda en amandel blauwe bes,AH Glutenvrij,glutenvrij,Glutenvrij,Glutenvrije repen,2.69,2.69,,,,,140 g,prijs per kg €19.21,False,,,,,A,True,AH,https://www.ah.nl/producten/product/wi587881,2026-07-28,AH Gluten-free Granola bar peanut and almond blueberry,gluten free
621333,0,AH Glutenvrij Granolareep pinda en amandel blauwe 2-pk,AH Glutenvrij,glutenvrij,Glutenvrij,Glutenvrije repen,,,3.0,3% volume voordeel,,,2 stuks,,True,AH,3% volume voordeel,,,,True,AH,https://www.ah.nl/producten/product/wi621333,2026-07-28,AH Gluten-free Granola bar peanut and almond blue 2-pk,gluten free
621334,0,AH Glutenvrij Granolareep pinda en amandel blauwe 3-pk,AH Glutenvrij,glutenvrij,Glutenvrij,Glutenvrije repen,,,5.0,5% volume voordeel,,,3 stuks,,True,AH,5% volume voordeel,,,,True,AH,https://www.ah.nl/producten/product/wi621334,2026-07-28,AH Gluten-free Granola bar peanut and almond blue 3-pk,gluten free
621335,0,AH Glutenvrij Granolareep pinda en amandel blauwe 4-pk,AH Glutenvrij,glutenvrij,Glutenvrij,Glutenvrije repen,,,8.0,8% volume voordeel,,,4 stuks,,True,AH,8% volume voordeel,,,,True,AH,https://www.ah.nl/producten/product/wi621335,2026-07-28,AH Gluten-free Granola bar peanut and almond blue 4-pk,gluten free
365667,832611,Schär Pizza margherita lactosevrij glutenvrij,Schär,glutenvrij,Glutenvrij,Glutenvrije pizza,3.99,3.99,,,,,300 g,prijs per kg €13.30,False,,,,,C,True,AH,https://www.ah.nl/producten/product/wi365667,2026-07-28,Schär Pizza margherita lactose-free gluten-free,gluten free
619122,0,AH Glutenvrij Vezelrijke bran flakes 2-pack,AH Glutenvrij,glutenvrij,Glutenvrij,Glutenvrije ontbijtgranen overig,5.8,5.98,3.0,3% volume voordeel,,,2 stuks,,True,AHOO,3% volume voordeel,2026-07-28,2999-12-31,,True,AH,https://www.ah.nl/producten/product/wi619122,2026-07-28,AH Glutenvrij Vezelrijke bran flakes 2-pack,gluten free
619124,0,AH Glutenvrij Vezelrijke bran flakes 4-pack,AH Glutenvrij,glutenvrij,Glutenvrij,Glutenvrije ontbijtgranen overig,11.0,11.96,8.0,8% volume voordeel,,,4 stuks,,True,AHOO,8% volume voordeel,2026-07-28,2999-12-31,,True,AH,https://www.ah.nl/producten/product/wi619124,2026-07-28,AH Gluten-free Fiber-rich bran flakes 4-pack,gluten free
407854,853129,AH Glutenvrij Speculaas,AH Glutenvrij,glutenvrij,"Koek, snoep, chocolade",Glutenvrije koekjes,2.59,2.59,,,,,125 g,prijs per kg €20.72,False,,,,,E,True,AH,https://www.ah.nl/producten/product/wi407854,2026-07-28,AH Gluten-free Speculoos,gluten free
407850,853125,AH Glutenvrij Double cookies,AH Glutenvrij,glutenvrij,"Koek, snoep, chocolade",Glutenvrije koekjes,2.59,2.59,,,,,200 g,prijs per kg €12.95,False,,,,,E,True,AH,https://www.ah.nl/producten/product/wi407850,2026-07-28,AH Gluten-free Double cookies,gluten free
617250,0,AH Glutenvrij Double cookies 2-pack,AH Glutenvrij,glutenvrij,"Koek, snoep, chocolade",Glutenvrije koekjes,5.02,5.18,3.0,3% volume voordeel,,,2 stuks,,True,AHOO,3% volume voordeel,2026-07-28,2999-12-31,,True,AH,https://www.ah.nl/producten/product/wi617250,2026-07-28,AH Gluten-free Double cookies 2-pack,gluten free
595669,0,AH Glutenvrij Volkoren havervlokken 2-pack,AH Glutenvrij,glutenvrij,Glutenvrij,Glutenvrije havermout en pap,5.61,5.78,3.0,3% volume voordeel,,,2 stuks,,True,AHOO,3% volume voordeel,2026-07-28,2999-12-31,,True,AH,https://www.ah.nl/producten/product/wi595669,2026-07-28,AH Glutenvrij Volkoren havervlokken 2-pack,gluten free
619123,0,AH Glutenvrij Vezelrijke bran flakes 3-pack,AH Glutenvrij,glutenvrij,Glutenvrij,Glutenvrije ontbijtgranen overig,8.52,8.97,5.0,5% volume voordeel,,,3 stuks,,True,AHOO,5% volume voordeel,2026-07-28,2999-12-31,,True,AH,https://www.ah.nl/producten/product/wi619123,2026-07-28,AH Gluten-free Fiber-rich bran flakes 3-pack,gluten free
595665,0,AH Glutenvrij Speculaas 2-pack,AH Glutenvrij,glutenvrij,"Koek, snoep, chocolade",Glutenvrije koekjes,5.02,5.18,3.0,3% volume voordeel,,,2 stuks,,True,AHOO,3% volume voordeel,2026-07-28,2999-12-31,,True,AH,https://www.ah.nl/producten/product/wi595665,2026-07-28,AH Gluten-free Speculoos 2-pack,gluten free
617251,0,AH Glutenvrij Double cookies 3-pack,AH Glutenvrij,glutenvrij,"Koek, snoep, chocolade",Glutenvrije koekjes,7.38,7.77,5.0,5% volume voordeel,,,3 stuks,,True,AHOO,5% volume voordeel,2026-07-28,2999-12-31,,True,AH,https://www.ah.nl/producten/product/wi617251,2026-07-28,AH Glutenvrij Double cookies 3-pack,gluten free
617252,0,AH Glutenvrij Double cookies 4-pack,AH Glutenvrij,glutenvrij,"Koek, snoep, chocolade",Glutenvrije koekjes,9.53,10.36,8.0,8% volume voordeel,,,4 stuks,,True,AHOO,8% volume voordeel,2026-07-28,2999-12-31,,True,AH,https://www.ah.nl/producten/product/wi617252,2026-07-28,AH Gluten-free Double cookies 4-pack,gluten free
228451,820426,Schär Wraps glutenvrij,Schär,glutenvrij,Glutenvrij,Glutenvrije wraps,3.49,3.49,,,,,160 g,prijs per kg €21.81,False,,,,,C,True,AH,https://www.ah.nl/producten/product/wi228451,2026-07-28,Schär Wraps gluten-free,gluten free
494108,748773,Schär Madeleines glutenvrij,Schär,glutenvrij,"Koek, snoep, chocolade",Glutenvrije koekjes,3.99,3.99,,,,,240 g,prijs per kg €16.63,False,,,,,D,True,AH,https://www.ah.nl/producten/product/wi494108,2026-07-28,Schär Madeleines gluten-free,gluten free
495975,792198,Schnitzer Baguette grainy,Schnitzer,glutenvrij,Bakkerij,Glutenvrij afbakbrood,2.49,2.49,,,,,160 g,prijs per kg €15.56,False,,,,,B,True,AH,https://www.ah.nl/producten/product/wi495975,2026-07-28,Schnitzer Baguette grainy,gluten free
395080,846791,Verkade Glutenvrije oaties naturel,Verkade,glutenvrij,"Koek, snoep, chocolade",Glutenvrije koekjes,3.49,3.49,,,,,150 g,prijs per kg €23.27,False,,,,,E,True,AH,https://www.ah.nl/producten/product/wi395080,2026-07-28,Verkade Gluten-free oations natural,gluten free
589586,36306,AH Glutenvrij Kaas-ui bollen,AH Glutenvrij,glutenvrij,Bakkerij,"Glutenvrije bolletjes, broodjes, croissants",2.49,2.49,,,,,2 stuks,,False,,,,,C,True,AH,https://www.ah.nl/producten/product/wi589586,2026-07-28,AH Gluten-free Cheese-onion balls,gluten free
587963,33158,De Cecco Gnocchi di patate glutenvrij,De Cecco,glutenvrij,Glutenvrij,Glutenvrije pasta,2.99,2.99,,,,,500 g,prijs per kg €5.98,False,,,,,C,True,AH,https://www.ah.nl/producten/product/wi587963,2026-07-28,De Cecco Gnocchi di patate glutenvrij,gluten free
595668,0,AH Glutenvrij Vezelrijke ontbijtkoekreep 2-pack,AH Glutenvrij,glutenvrij,Glutenvrij,Glutenvrije ontbijtkoek,2.5,2.58,3.0,3% volume voordeel,,,2 stuks,,True,AHOO,3% volume voordeel,2026-07-28,2999-12-31,,True,AH,https://www.ah.nl/producten/product/wi595668,2026-07-28,AH Gluten-free Fiber-rich gingerbread bar 2-pack,gluten free
613205,69951,Zonnatura Teff meergranenontbijt glutenvrij,Zonnatura,glutenvrij,Glutenvrij,Glutenvrije havermout en pap,3.59,3.59,,,,,250 g,prijs per kg €14.36,False,,,,,A,True,AH,https://www.ah.nl/producten/product/wi613205,2026-07-28,Zonnatura Teff multigrain breakfast gluten-free,gluten free
199692,772021,Schär Pizzabodem glutenvrij,Schär,glutenvrij,Glutenvrij,Glutenvrije pizza,4.85,4.85,,,,,300 g,prijs per kg €16.17,False,,,,,C,True,AH,https://www.ah.nl/producten/product/wi199692,2026-07-28,Schär Pizza base gluten-free,gluten free
507127,709043,Schnitzer Panini active oat,Schnitzer,glutenvrij,Bakkerij,Glutenvrij afbakbrood,2.99,2.99,,,,,180 g,prijs per kg €16.61,False,,,,,B,True,AH,https://www.ah.nl/producten/product/wi507127,2026-07-28,Schnitzer Panini active oat,gluten free
587621,32688,AH Glutenvrij Biologisch boekweit penne volkoren,AH Glutenvrij,glutenvrij,Glutenvrij,Glutenvrije pasta,1.99,1.99,,,,,250 g,prijs per kg €7.96,False,,,,,A,True,AH,https://www.ah.nl/producten/product/wi587621,2026-07-28,AH Gluten-free Organic buckwheat penne whole wheat,gluten free
417053,688254,Iglo Vissticks glutenvrij,Iglo,glutenvrij,Glutenvrij,Glutenvrije snacks (diepvries),5.99,5.99,,,,,360 g,prijs per kg €16.64,False,,,,,B,True,AH,https://www.ah.nl/producten/product/wi417053,2026-07-28,Iglo Fish fingers gluten free,gluten free
604657,0,Iglo Vissticks glutenvrij 3-pack,Iglo,glutenvrij,Glutenvrij,Glutenvrije snacks (diepvries),17.07,17.97,5.0,5% volume voordeel,,,3 stuks,,True,AHOO,5% volume voordeel,2026-07-28,2999-12-31,,True,AH,https://www.ah.nl/producten/product/wi604657,2026-07-28,Iglo Fish fingers gluten free 3-pack,gluten free
378230,839530,Schär Digestive landtaler glutenvrij,Schär,glutenvrij,"Koek, snoep, chocolade",Glutenvrije koekjes,2.19,2.19,,,,,150 g,prijs per kg €14.60,False,,,,,D,True,AH,https://www.ah.nl/producten/product/wi378230,2026-07-28,Schär Digestive country language gluten-free,gluten free
587619,32680,AH Glutenvrij Boekweit meel,AH Glutenvrij,glutenvrij,Glutenvrij,Glutenvrij meel,2.59,2.59,,,,,400 g,prijs per kg €6.48,False,,,,,A,True,AH,https://www.ah.nl/producten/product/wi587619,2026-07-28,AH Gluten-free Buckwheat flour,gluten free
621171,0,AH Glutenvrij Boekweit meel 2-pack,AH Glutenvrij,glutenvrij,Glutenvrij,Glutenvrij meel,,,3.0,3% volume voordeel,,,2 stuks,,True,AH,3% volume voordeel,,,,True,AH,https://www.ah.nl/producten/product/wi621171,2026-07-28,AH Glutenvrij Boekweit meel 2-pack,gluten free
621172,0,AH Glutenvrij Boekweit meel 3-pack,AH Glutenvrij,glutenvrij,Glutenvrij,Glutenvrij meel,,,5.0,5% volume voordeel,,,3 stuks,,True,AH,5% volume voordeel,,,,True,AH,https://www.ah.nl/producten/product/wi621172,2026-07-28,AH Gluten-free Buckwheat flour 3-pack,gluten free
621173,0,AH Glutenvrij Boekweit meel 4-pack,AH Glutenvrij,glutenvrij,Glutenvrij,Glutenvrij meel,,,8.0,8% volume voordeel,,,4 stuks,,True,AH,8% volume voordeel,,,,True,AH,https://www.ah.nl/producten/product/wi621173,2026-07-28,AH Gluten-free Buckwheat flour 4-pack,gluten free
587962,33157,De Cecco Linguine glutenvrij,De Cecco,glutenvrij,Glutenvrij,Glutenvrije pasta,3.99,3.99,,,,,400 g,prijs per kg €9.98,False,,,,,B,True,AH,https://www.ah.nl/producten/product/wi587962,2026-07-28,The Cecco Linguine gluten-free,gluten free
199601,645122,Schär Bon matin glutenvrij,Schär,glutenvrij,Bakkerij,"Glutenvrije bolletjes, broodjes, croissants",3.29,3.29,,,,,200 g,prijs per kg €16.45,False,,,,,C,True,AH,https://www.ah.nl/producten/product/wi199601,2026-07-28,Schär Bon matin gluten-free,gluten free
408042,853047,Schär Meergranenbroodjes glutenvrij,Schär,glutenvrij,Bakkerij,Glutenvrij afbakbrood,3.15,3.15,,,,,210 g,prijs per kg €15.00,False,,,,,A,True,AH,https://www.ah.nl/producten/product/wi408042,2026-07-28,Schär Meergranenbroodjes glutenvrij,gluten free
388286,845457,Go-Tan Soy sauce gluten free,Go-Tan,glutenvrij,"Soepen, sauzen, kruiden, olie",Glutenvrije sojasaus,3.15,3.15,,,,,145 ml,prijs per liter €21.72,False,,,,,D,True,AH,https://www.ah.nl/producten/product/wi388286,2026-07-28,Go-Tan Soy sauce gluten free,gluten free
587859,33175,Nairn's Mini cheese bakes glutenvrij,Nairn's,glutenvrij,Glutenvrij,Glutenvrije zoutjes,1.49,1.49,,,,,45 g,prijs per kg €33.11,False,,,,,E,True,AH,https://www.ah.nl/producten/product/wi587859,2026-07-28,Nairn's Mini cheese bakes gluten free,gluten free
407851,853126,AH Glutenvrij Gevulde koek,AH Glutenvrij,glutenvrij,"Koek, snoep, chocolade",Glutenvrije koekjes,1.99,1.99,,,,,60 g,prijs per kg €33.17,False,,,,,E,True,AH,https://www.ah.nl/producten/product/wi407851,2026-07-28,AH Gluten Free Filled Cookie,gluten free
587594,32631,AH Glutenvrij Haverkoekjes hazelnoot,AH Glutenvrij,glutenvrij,"Koek, snoep, chocolade",Glutenvrije koekjes,1.0,1.29,22.5,3 voor 3.00,3.0,3.0,45 g,normale prijs per kg €28.67,True,AH,3 voor 3.00,2026-07-27,2026-08-02,D,True,AH,https://www.ah.nl/producten/product/wi587594,2026-07-28,AH Gluten-free Hazelnut oat cookies,gluten free
591844,39842,Schär Lasagne all'uovo,Schär,glutenvrij,Glutenvrij,Glutenvrije pasta,4.15,4.15,,,,,250 g,prijs per kg €16.60,False,,,,,A,True,AH,https://www.ah.nl/producten/product/wi591844,2026-07-28,Schär Lasagna all'uovo,gluten free
619053,0,AH Glutenvrij Ontbijtkoekreep 4-pack,AH Glutenvrij,glutenvrij,Glutenvrij,Glutenvrije ontbijtkoek,4.75,5.16,8.0,8% volume voordeel,,,4 stuks,,True,AHOO,8% volume voordeel,2026-07-28,2999-12-31,,True,AH,https://www.ah.nl/producten/product/wi619053,2026-07-28,AH Glutenvrij Ontbijtkoekreep 4-pack,gluten free
587852,33188,AH Glutenvrij Desembrood pompoen- & zonnebloempitten,AH Glutenvrij,glutenvrij,Bakkerij,Glutenvrij brood,4.99,4.99,,,,,per stuk,,False,,,,,B,True,AH,https://www.ah.nl/producten/product/wi587852,2026-07-28,AH Glutenvrij Desembrood pompoen- & zonnebloempitten,gluten free
621191,0,AH Glutenvrij Desembrood pompoen- & zonnebloempitt 2pk,AH Glutenvrij,glutenvrij,Bakkerij,Glutenvrij brood,,,3.0,3% volume voordeel,,,2 stuks,,True,AH,3% volume voordeel,,,,True,AH,https://www.ah.nl/producten/product/wi621191,2026-07-28,AH Glutenvrij Desembrood pompoen- & zonnebloempitt 2pk,gluten free
621192,0,AH Glutenvrij Desembrood pompoen- & zonnebloempitt 3pk,AH Glutenvrij,glutenvrij,Bakkerij,Glutenvrij brood,,,5.0,5% volume voordeel,,,3 stuks,,True,AH,5% volume voordeel,,,,True,AH,https://www.ah.nl/producten/product/wi621192,2026-07-28,AH Gluten-free Sourdough bread pumpkin & sunflower seed 3pk,gluten free
621193,0,AH Glutenvrij Desembrood pompoen- & zonnebloempitt 4pk,AH Glutenvrij,glutenvrij,Bakkerij,Glutenvrij brood,,,10.0,10% volume voordeel,,,4 stuks,,True,AH,10% volume voordeel,,,,True,AH,https://www.ah.nl/producten/product/wi621193,2026-07-28,AH Gluten-free Sourdough bread pumpkin & sunflower seed 4pk,gluten free
617258,0,AH Glutenvrij Speculaas 4-pack,AH Glutenvrij,glutenvrij,"Koek, snoep, chocolade",Glutenvrije koekjes,9.53,10.36,8.0,8% volume voordeel,,,4 stuks,,True,AHOO,8% volume voordeel,2026-07-28,2999-12-31,,True,AH,https://www.ah.nl/producten/product/wi617258,2026-07-28,AH Gluten-free Speculoos 4-pack,gluten free
595663,0,AH Glutenvrij Gevulde koek 2-pack,AH Glutenvrij,glutenvrij,"Koek, snoep, chocolade",Glutenvrije koekjes,3.86,3.98,3.0,3% volume voordeel,,,2 stuks,,True,AHOO,3% volume voordeel,2026-07-28,2999-12-31,,True,AH,https://www.ah.nl/producten/product/wi595663,2026-07-28,AH Glutenvrij Gevulde koek 2-pack,gluten free
582997,25965,Bakers & Bananas Bananenbrood glutenvrij,Bakers & Bananas,glutenvrij,Bakkerij,Glutenvrij brood,4.79,4.79,,,,,per stuk,,False,,,,,D,True,AH,https://www.ah.nl/producten/product/wi582997,2026-07-28,Bakers & Bananas Banana bread gluten-free,gluten free
589143,35429,AH Glutenvrij Eierkoeken,AH Glutenvrij,glutenvrij,"Koek, snoep, chocolade",Glutenvrije koekjes,2.99,2.99,,,,,100 g,prijs per kg €29.90,False,,,,,D,True,AH,https://www.ah.nl/producten/product/wi589143,2026-07-28,AH Gluten Free Egg Cakes,gluten free
621331,0,AH Glutenvrij Eierkoeken 3-pack,AH Glutenvrij,glutenvrij,"Koek, snoep, chocolade",Glutenvrije koekjes,8.52,8.97,5.0,5% volume voordeel,,,3 stuks,,True,AHOO,5% volume voordeel,2026-07-28,2999-12-31,,True,AH,https://www.ah.nl/producten/product/wi621331,2026-07-28,AH Gluten Free Egg Biscuits 3-pack,gluten free
617257,0,AH Glutenvrij Speculaas 3-pack,AH Glutenvrij,glutenvrij,"Koek, snoep, chocolade",Glutenvrije koekjes,7.38,7.77,5.0,5% volume voordeel,,,3 stuks,,True,AHOO,5% volume voordeel,2026-07-28,2999-12-31,,True,AH,https://www.ah.nl/producten/product/wi617257,2026-07-28,AH Glutenvrij Speculaas 3-pack,gluten free
228406,820362,Schär Crackers glutenvrij,Schär,glutenvrij,Bakkerij,"Glutenvrije crackers, knackebrod",3.59,3.59,,,,,210 g,prijs per kg €17.10,False,,,,,D,True,AH,https://www.ah.nl/producten/product/wi228406,2026-07-28,Schär Crackers glutenvrij,gluten free
237617,820844,Consenza Bladerdeeg,Consenza,glutenvrij,Bakkerij,Glutenvrij afbakbrood,7.19,7.19,,,,,260 g,prijs per kg €27.65,False,,,,,E,True,AH,https://www.ah.nl/producten/product/wi237617,2026-07-28,Consenza Bladerdeeg,gluten free
618980,0,AH Glutenvrij Cornflakes 4-pack,AH Glutenvrij,glutenvrij,Glutenvrij,Glutenvrije ontbijtgranen overig,6.44,7.0,8.0,8% volume voordeel,,,4 stuks,,True,AHOO,8% volume voordeel,2026-07-28,2999-12-31,,True,AH,https://www.ah.nl/producten/product/wi618980,2026-07-28,AH Gluten-free Cornflakes 4-pack,gluten free
621330,0,AH Glutenvrij Eierkoeken 2-pack,AH Glutenvrij,glutenvrij,"Koek, snoep, chocolade",Glutenvrije koekjes,,,,,,,2 stuks,,False,,,,,,True,AH,https://www.ah.nl/producten/product/wi621330,2026-07-28,AH Gluten Free Egg Biscuits 2-pack,gluten free
621332,0,AH Glutenvrij Eierkoeken 4-pack,AH Glutenvrij,glutenvrij,"Koek, snoep, chocolade",Glutenvrije koekjes,,,8.0,8% volume voordeel,,,4 stuks,,True,AH,8% volume voordeel,,,,True,AH,https://www.ah.nl/producten/product/wi621332,2026-07-28,AH Gluten Free Egg Biscuits 4-pack,gluten free
199621,645170,Schär Fette croccanti glutenvrij,Schär,glutenvrij,Bakkerij,"Glutenvrije crackers, knackebrod",2.09,2.09,,,,,150 g,prijs per kg €13.93,False,,,,,D,True,AH,https://www.ah.nl/producten/product/wi199621,2026-07-28,Schär Fette croccanti gluten-free,gluten free
482619,737014,Barilla Penne Rigate glutenvrij,Barilla,glutenvrij,Glutenvrij,Glutenvrije pasta,3.99,3.99,,,,,400 g,prijs per kg €9.98,False,,,,,B,True,AH,https://www.ah.nl/producten/product/wi482619,2026-07-28,Barilla Penne Rigate gluten free,gluten free
618978,0,AH Glutenvrij Cornflakes 2-pack,AH Glutenvrij,glutenvrij,Glutenvrij,Glutenvrije ontbijtgranen overig,3.39,3.5,3.0,3% volume voordeel,,,2 stuks,,True,AHOO,3% volume voordeel,2026-07-28,2999-12-31,,True,AH,https://www.ah.nl/producten/product/wi618978,2026-07-28,AH Gluten-free Cornflakes 2-pack,gluten free
619052,0,AH Glutenvrij Ontbijtkoekreep 3-pack,AH Glutenvrij,glutenvrij,Glutenvrij,Glutenvrije ontbijtkoek,3.68,3.87,5.0,5% volume voordeel,,,3 stuks,,True,AHOO,5% volume voordeel,2026-07-28,2999-12-31,,True,AH,https://www.ah.nl/producten/product/wi619052,2026-07-28,AH Gluten-free Gingerbread Bar 3-pack,gluten free
619129,0,AH Glutenvrij Volkoren havervlokken 4-pack,AH Glutenvrij,glutenvrij,Glutenvrij,Glutenvrije havermout en pap,10.64,11.56,8.0,8% volume voordeel,,,4 stuks,,True,AHOO,8% volume voordeel,2026-07-28,2999-12-31,,True,AH,https://www.ah.nl/producten/product/wi619129,2026-07-28,AH Gluten-free Wholegrain oat flakes 4-pack,gluten free
581456,24366,Nairn's Belgian chocolate chunk crunchy oat bars,Nairn's,glutenvrij,Glutenvrij,Glutenvrije repen,3.19,3.19,,,,,160 g,prijs per kg €19.94,False,,,,,D,True,AH,https://www.ah.nl/producten/product/wi581456,2026-07-28,Nairn's Belgian chocolate chunk crunchy oat bars,gluten free
619128,0,AH Glutenvrij Volkoren havervlokken 3-pack,AH Glutenvrij,glutenvrij,Glutenvrij,Glutenvrije havermout en pap,8.24,8.67,5.0,5% volume voordeel,,,3 stuks,,True,AHOO,5% volume voordeel,2026-07-28,2999-12-31,,True,AH,https://www.ah.nl/producten/product/wi619128,2026-07-28,AH Gluten-free Whole grain oat flakes 3-pack,gluten free
495863,768229,Schnitzer Panini grainy,Schnitzer,glutenvrij,Bakkerij,Glutenvrij afbakbrood,2.69,2.69,,,,,188 g,prijs per kg €14.31,False,,,,,B,True,AH,https://www.ah.nl/producten/product/wi495863,2026-07-28,Schnitzer Panini grainy,gluten free
618979,0,AH Glutenvrij Cornflakes 3-pack,AH Glutenvrij,glutenvrij,Glutenvrij,Glutenvrije ontbijtgranen overig,4.99,5.25,5.0,5% volume voordeel,,,3 stuks,,True,AHOO,5% volume voordeel,2026-07-28,2999-12-31,,True,AH,https://www.ah.nl/producten/product/wi618979,2026-07-28,AH Gluten-free Cornflakes 3-pack,gluten free
231966,820838,Consenza Kipnuggets,Consenza,glutenvrij,Glutenvrij,Glutenvrije snacks (diepvries),6.79,6.79,,,,,250 g,prijs per kg €27.16,False,,,,,C,True,AH,https://www.ah.nl/producten/product/wi231966,2026-07-28,Consenza Chicken Nuggets,gluten free
407856,853133,Schär Digestive choc glutenvrij,Schär,glutenvrij,"Koek, snoep, chocolade",Glutenvrije koekjes,2.29,2.29,,,,,150 g,prijs per kg €15.27,False,,,,,E,True,AH,https://www.ah.nl/producten/product/wi407856,2026-07-28,Schär Digestive choc gluten-free,gluten free
199604,645125,Schär Butterkeks petit beurre glutenvrij,Schär,glutenvrij,"Koek, snoep, chocolade",Glutenvrije koekjes,2.49,2.49,,,,,165 g,prijs per kg €15.09,False,,,,,E,True,AH,https://www.ah.nl/producten/product/wi199604,2026-07-28,Schär Butterkeks petit beurre glutenvrij,gluten free
402687,850787,Bavaria Holland glutenfree 3-pack,Bavaria,glutenvrij,Glutenvrij,Glutenvrij bier,3.74,4.99,25.0,25% korting,,,"3 x 0,33 l",normale prijs per liter €5.04,True,AH,25% korting,2026-07-27,2026-08-02,,True,AH,https://www.ah.nl/producten/product/wi402687,2026-07-28,Bavaria Holland gluten-free 3-pack,gluten free
494083,748738,Grisette Bio blond,Grisette,glutenvrij,Glutenvrij,Glutenvrij bier,2.39,2.39,,,,,"0,25 l",prijs per liter €9.56,False,,,,,,True,AH,https://www.ah.nl/producten/product/wi494083,2026-07-28,Grisette Bio blonde,gluten free
482616,737011,Nairn's Original flatbread glutenfree,Nairn's,glutenvrij,Bakkerij,Glutenvrij brood,3.39,3.39,,,,,150 g,prijs per kg €22.60,False,,,,,D,True,AH,https://www.ah.nl/producten/product/wi482616,2026-07-28,Nairn's Original flatbread glutenfree,gluten free
581454,24364,Leev Havercrackers naturel,Leev,glutenvrij,Bakkerij,"Glutenvrije crackers, knackebrod",2.99,2.99,,,,,100 g,prijs per kg €29.90,False,,,,,C,True,AH,https://www.ah.nl/producten/product/wi581454,2026-07-28,Leev Oat crackers natural,gluten free
407824,853096,Schär Choco chip cookies glutenvrij,Schär,glutenvrij,"Koek, snoep, chocolade",Glutenvrije koekjes,2.25,2.25,,,,,100 g,prijs per kg €22.50,False,,,,,E,True,AH,https://www.ah.nl/producten/product/wi407824,2026-07-28,Schär Choco chip cookies gluten-free,gluten free
608047,64785,Schär Maxi break milchschokolade glutenvrij,Schär,glutenvrij,"Koek, snoep, chocolade",Glutenvrije koekjes,1.79,1.79,,,,,38 g,prijs per kg €47.11,False,,,,,E,True,AH,https://www.ah.nl/producten/product/wi608047,2026-07-28,Schär Maxi break milk chocolate gluten-free,gluten free
228423,820393,Schär Focaccia glutenvrij,Schär,glutenvrij,Bakkerij,Glutenvrij afbakbrood,3.79,3.79,,,,,200 g,prijs per kg €18.95,False,,,,,C,True,AH,https://www.ah.nl/producten/product/wi228423,2026-07-28,Schär Focaccia gluten free,gluten free
587630,32684,AH Glutenvrij Pannenkoekenmix,AH Glutenvrij,glutenvrij,Glutenvrij,Glutenvrije pannenkoekenmix,2.59,2.59,,,,,400 g,prijs per kg €6.48,False,,,,,C,True,AH,https://www.ah.nl/producten/product/wi587630,2026-07-28,AH Glutenvrij Pannenkoekenmix,gluten free
621218,0,AH Glutenvrij Pannenkoekenmix 2-pack,AH Glutenvrij,glutenvrij,Glutenvrij,Glutenvrije pannenkoekenmix,,,,,,,2 stuks,,False,,,,,,True,AH,https://www.ah.nl/producten/product/wi621218,2026-07-28,AH Glutenvrij Pannenkoekenmix 2-pack,gluten free
621219,0,AH Glutenvrij Pannenkoekenmix 3-pack,AH Glutenvrij,glutenvrij,Glutenvrij,Glutenvrije pannenkoekenmix,,,,,,,3 stuks,,False,,,,,,True,AH,https://www.ah.nl/producten/product/wi621219,2026-07-28,AH Gluten Free Pancake Mix 3-pack,gluten free
621220,0,AH Glutenvrij Pannenkoekenmix 4-pack,AH Glutenvrij,glutenvrij,Glutenvrij,Glutenvrije pannenkoekenmix,,,,,,,4 stuks,,False,,,,,,True,AH,https://www.ah.nl/producten/product/wi621220,2026-07-28,AH Gluten Free Pancake Mix 4-pack,gluten free
495949,790343,Schnitzer Baguettini bianco,Schnitzer,glutenvrij,Bakkerij,Glutenvrij afbakbrood,2.69,2.69,,,,,200 g,prijs per kg €13.45,False,,,,,B,True,AH,https://www.ah.nl/producten/product/wi495949,2026-07-28,Schnitzer Baguettini bianco,gluten free
587593,32630,AH Glutenvrij Haverkoekjes bosbes,AH Glutenvrij,glutenvrij,"Koek, snoep, chocolade",Glutenvrije koekjes,1.0,1.29,22.5,3 voor 3.00,3.0,3.0,45 g,normale prijs per kg €28.67,True,AH,3 voor 3.00,2026-07-27,2026-08-02,E,True,AH,https://www.ah.nl/producten/product/wi587593,2026-07-28,AH Gluten-free Oat cookies blueberry,gluten free
482617,737012,Barilla Spaghetti glutenvrij,Barilla,glutenvrij,Glutenvrij,Glutenvrije pasta,3.89,3.89,,,,,400 g,prijs per kg €9.73,False,,,,,B,True,AH,https://www.ah.nl/producten/product/wi482617,2026-07-28,Barilla Spaghetti gluten free,gluten free
581466,24363,Holie's Granola glutenfree peanut chocolate,Holie's,glutenvrij,Glutenvrij,Glutenvrije granola,4.29,4.29,,,,,330 g,prijs per kg €13.00,False,,,,,A,True,AH,https://www.ah.nl/producten/product/wi581466,2026-07-28,Holie's Granola glutenfree peanut chocolate,gluten free
587622,32690,AH Glutenvrij Havermeel,AH Glutenvrij,glutenvrij,Glutenvrij,Glutenvrij meel,2.49,2.49,,,,,400 g,prijs per kg €6.23,False,,,,,A,True,AH,https://www.ah.nl/producten/product/wi587622,2026-07-28,AH Gluten Free Oat Flour,gluten free
610843,0,Holie's Granola peanut choco glutenfree 3-pack,Holie's,glutenvrij,Glutenvrij,Glutenvrije granola,11.58,12.87,10.0,10% volume voordeel,,,3 stuks,,True,AHOO,10% volume voordeel,2026-07-28,2999-12-31,,True,AH,https://www.ah.nl/producten/product/wi610843,2026-07-28,Holie's Granola peanut choco gluten-free 3-pack,gluten free
621203,0,AH Glutenvrij Havermeel 2-pack,AH Glutenvrij,glutenvrij,Glutenvrij,Glutenvrij meel,,,3.0,3% volume voordeel,,,2 stuks,,True,AH,3% volume voordeel,,,,True,AH,https://www.ah.nl/producten/product/wi621203,2026-07-28,AH Gluten-free Oatmeal 2-pack,gluten free
621204,0,AH Glutenvrij Havermeel 3-pack,AH Glutenvrij,glutenvrij,Glutenvrij,Glutenvrij meel,,,5.0,5% volume voordeel,,,3 stuks,,True,AH,5% volume voordeel,,,,True,AH,https://www.ah.nl/producten/product/wi621204,2026-07-28,AH Gluten-free Oatmeal 3-pack,gluten free
621205,0,AH Glutenvrij Havermeel 4-pack,AH Glutenvrij,glutenvrij,Glutenvrij,Glutenvrij meel,,,,,,,4 stuks,,False,,,,,,True,AH,https://www.ah.nl/producten/product/wi621205,2026-07-28,AH Gluten-free Oatmeal 4-pack,gluten free
443276,91175,AH Glutenvrij Muesli,AH Glutenvrij,glutenvrij,Glutenvrij,Glutenvrije muesli,2.89,2.89,,,,,450 g,prijs per kg €6.42,False,,,,,A,True,AH,https://www.ah.nl/producten/product/wi443276,2026-07-28,AH Gluten-free Muesli,gluten free
587629,32683,AH Glutenvrij Cakemix,AH Glutenvrij,glutenvrij,Glutenvrij,Glutenvrije zoete bakmix,2.99,2.99,,,,,450 g,prijs per kg €6.64,False,,,,,D,True,AH,https://www.ah.nl/producten/product/wi587629,2026-07-28,AH Gluten Free Cake Mix,gluten free
621182,0,AH Glutenvrij Cakemix 2-pack,AH Glutenvrij,glutenvrij,Glutenvrij,Glutenvrije zoete bakmix,,,3.0,3% volume voordeel,,,2 stuks,,True,AH,3% volume voordeel,,,,True,AH,https://www.ah.nl/producten/product/wi621182,2026-07-28,AH Gluten Free Cake Mix 2-pack,gluten free
621183,0,AH Glutenvrij Cakemix 3-pack,AH Glutenvrij,glutenvrij,Glutenvrij,Glutenvrije zoete bakmix,,,5.0,5% volume voordeel,,,3 stuks,,True,AH,5% volume voordeel,,,,True,AH,https://www.ah.nl/producten/product/wi621183,2026-07-28,AH Gluten Free Cake Mix 3-pack,gluten free
621184,0,AH Glutenvrij Cakemix 4-pack,AH Glutenvrij,glutenvrij,Glutenvrij,Glutenvrije zoete bakmix,,,8.0,8% volume voordeel,,,4 stuks,,True,AH,8% volume voordeel,,,,True,AH,https://www.ah.nl/producten/product/wi621184,2026-07-28,AH Gluten Free Cake Mix 4-pack,gluten free
587616,32676,AH Glutenvrij Crackers kaas,AH Glutenvrij,glutenvrij,Bakkerij,"Glutenvrije crackers, knackebrod",3.39,3.39,,,,,175 g,prijs per kg €19.37,False,,,,,C,True,AH,https://www.ah.nl/producten/product/wi587616,2026-07-28,AH Gluten-free Crackers cheese,gluten free
587589,33065,Schär Pitas glutenvrij,Schär,glutenvrij,Bakkerij,Glutenvrij afbakbrood,4.49,4.49,,,,,150 g,prijs per kg €29.93,False,,,,,D,True,AH,https://www.ah.nl/producten/product/wi587589,2026-07-28,Schär Pitas gluten free,gluten free
617254,0,AH Glutenvrij Gevulde koek 4-pack,AH Glutenvrij,glutenvrij,"Koek, snoep, chocolade",Glutenvrije koekjes,7.32,7.96,8.0,8% volume voordeel,,,4 stuks,,True,AHOO,8% volume voordeel,2026-07-28,2999-12-31,,True,AH,https://www.ah.nl/producten/product/wi617254,2026-07-28,AH Gluten-free Filled cookie 4-pack,gluten free
619125,0,AH Glutenvrij Vezelrijke haverpops 2-pack,AH Glutenvrij,glutenvrij,Glutenvrij,Glutenvrije ontbijtgranen overig,5.8,5.98,3.0,3% volume voordeel,,,2 stuks,,True,AHOO,3% volume voordeel,2026-07-28,2999-12-31,,True,AH,https://www.ah.nl/producten/product/wi619125,2026-07-28,AH Gluten-free Fiber-rich oat pops 2-pack,gluten free
443684,91157,Schär Knusperbrot dunkel glutenvrij,Schär,glutenvrij,Bakkerij,"Glutenvrije crackers, knackebrod",2.19,2.19,,,,,125 g,prijs per kg €17.52,False,,,,,C,True,AH,https://www.ah.nl/producten/product/wi443684,2026-07-28,Schär Knusperbrot dunkel glutenvrij,gluten free
455946,614886,Schär Baguette glutenvrij,Schär,glutenvrij,Bakkerij,Glutenvrij afbakbrood,4.59,4.59,,,,,350 g,prijs per kg €13.11,False,,,,,C,True,AH,https://www.ah.nl/producten/product/wi455946,2026-07-28,Schär Baguette gluten-free,gluten free
595664,0,AH Glutenvrij Muesli 2-pack,AH Glutenvrij,glutenvrij,Glutenvrij,Glutenvrije muesli,5.61,5.78,3.0,3% volume voordeel,,,2 stuks,,True,AHOO,3% volume voordeel,2026-07-28,2999-12-31,,True,AH,https://www.ah.nl/producten/product/wi595664,2026-07-28,AH Gluten-free Muesli 2-pack,gluten free
177044,645126,Schär Pain campagnard glutenvrij,Schär,glutenvrij,Bakkerij,Glutenvrij brood,3.75,3.75,,,,,240 g,prijs per kg €15.63,False,,,,,C,True,AH,https://www.ah.nl/producten/product/wi177044,2026-07-28,Schär Pain campagnard gluten-free,gluten free
482618,737013,Barilla Tagliatelle glutenvrij,Barilla,glutenvrij,Glutenvrij,Glutenvrije pasta,4.99,4.99,,,,,300 g,prijs per kg €16.63,False,,,,,B,True,AH,https://www.ah.nl/producten/product/wi482618,2026-07-28,Barilla Tagliatelle gluten free,gluten free
587831,33173,Holie's Granola glutenfree protein nuts,Holie's,glutenvrij,Glutenvrij,Glutenvrije granola,4.29,4.29,,,,,330 g,prijs per kg €13.00,False,,,,,A,True,AH,https://www.ah.nl/producten/product/wi587831,2026-07-28,Holie's Granola gluten-free protein nuts,gluten free
619126,0,AH Glutenvrij Vezelrijke haverpops 3-pack,AH Glutenvrij,glutenvrij,Glutenvrij,Glutenvrije ontbijtgranen overig,8.52,8.97,5.0,5% volume voordeel,,,3 stuks,,True,AHOO,5% volume voordeel,2026-07-28,2999-12-31,,True,AH,https://www.ah.nl/producten/product/wi619126,2026-07-28,AH Glutenvrij Vezelrijke haverpops 3-pack,gluten free
619127,0,AH Glutenvrij Vezelrijke haverpops 4-pack,AH Glutenvrij,glutenvrij,Glutenvrij,Glutenvrije ontbijtgranen overig,11.0,11.96,8.0,8% volume voordeel,,,4 stuks,,True,AHOO,8% volume voordeel,2026-07-28,2999-12-31,,True,AH,https://www.ah.nl/producten/product/wi619127,2026-07-28,AH Gluten-free Fiber-rich oat pops 4-pack,gluten free
587625,32671,Nairn's Volkoren crackers glutenvrij,Nairn's,glutenvrij,Bakkerij,"Glutenvrije crackers, knackebrod",3.19,3.19,,,,,160 g,prijs per kg €19.94,False,,,,,D,True,AH,https://www.ah.nl/producten/product/wi587625,2026-07-28,Nairn's Wholemeal crackers gluten free,gluten free
494121,748792,AH Glutenvrij Vezelrijke macaroni,AH Glutenvrij,glutenvrij,Glutenvrij,Glutenvrije pasta,1.69,1.69,,,,,500 g,prijs per kg €3.38,False,,,,,B,True,AH,https://www.ah.nl/producten/product/wi494121,2026-07-28,AH Gluten-free Fiber-rich macaroni,gluten free
507918,703945,BioToday Vegan choco bar karamel,BioToday,glutenvrij,Glutenvrij,Glutenvrije repen,4.09,4.09,,2 + 1 gratis,,2.0,120 g,normale prijs per kg €34.08,True,AH,2 + 1 gratis,2026-07-27,2026-08-02,E,True,AH,https://www.ah.nl/producten/product/wi507918,2026-07-28,BioToday Vegan chocolate bar caramel,gluten free
567834,6328,Schnitzer Bio baguette classic glutenvrij,Schnitzer,glutenvrij,Bakkerij,Glutenvrij afbakbrood,2.79,2.79,,,,,180 g,prijs per kg €15.50,False,,,,,B,True,AH,https://www.ah.nl/producten/product/wi567834,2026-07-28,Schnitzer Bio baguette classic gluten-free,gluten free
617253,0,AH Glutenvrij Gevulde koek 3-pack,AH Glutenvrij,glutenvrij,"Koek, snoep, chocolade",Glutenvrije koekjes,5.67,5.97,5.0,5% volume voordeel,,,3 stuks,,True,AHOO,5% volume voordeel,2026-07-28,2999-12-31,,True,AH,https://www.ah.nl/producten/product/wi617253,2026-07-28,AH Gluten-free Filled cookie 3-pack,gluten free
419897,691527,Schär Pain campagnard glutenvrij aux graines,Schär,glutenvrij,Bakkerij,Glutenvrij brood,3.89,3.89,,,,,250 g,prijs per kg €15.56,False,,,,,C,True,AH,https://www.ah.nl/producten/product/wi419897,2026-07-28,Schär Pain campagnard gluten-free aux graines,gluten free
550448,668121,AH Glutenvrij Borrelbrood Mediterraans,AH Glutenvrij,glutenvrij,Bakkerij,"Glutenvrije bolletjes, broodjes, croissants",2.69,2.69,,,,,230 g,prijs per kg €11.70,False,,,,,C,True,AH,https://www.ah.nl/producten/product/wi550448,2026-07-28,AH Glutenvrij Borrelbrood Mediterraans,gluten free
587878,33162,AH Glutenvrij Biologisch American pancakes,AH Glutenvrij,glutenvrij,Glutenvrij,Glutenvrije pannenkoekenmix,2.75,2.75,,,,,120 g,prijs per kg €22.92,False,,,,,D,True,AH,https://www.ah.nl/producten/product/wi587878,2026-07-28,AH Gluten-free Organic American pancakes,gluten free
610834,0,Holie's Glutenfree granola proteine nuts 3-pack,Holie's,glutenvrij,Glutenvrij,Glutenvrije granola,11.58,12.87,10.0,10% volume voordeel,,,3 stuks,,True,AHOO,10% volume voordeel,2026-07-28,2999-12-31,,True,AH,https://www.ah.nl/producten/product/wi610834,2026-07-28,Holie's Glutenfree granola proteine nuts 3-pack,gluten free
619828,0,AH Glutenvrij Borrelbrood Mediterraans 2-pack,AH Glutenvrij,glutenvrij,Bakkerij,"Glutenvrije bolletjes, broodjes, croissants",5.27,5.38,2.0,2% volume voordeel,,,2 stuks,,True,AHOO,2% volume voordeel,2026-07-28,2999-12-31,,True,AH,https://www.ah.nl/producten/product/wi619828,2026-07-28,AH Glutenvrij Borrelbrood Mediterraans 2-pack,gluten free
621310,0,AH Glutenvrij Biologisch American pancakes 2-pack,AH Glutenvrij,glutenvrij,Glutenvrij,Glutenvrije pannenkoekenmix,,,3.0,3% volume voordeel,,,2 stuks,,True,AH,3% volume voordeel,,,,True,AH,https://www.ah.nl/producten/product/wi621310,2026-07-28,AH Gluten-free Organic American pancakes 2-pack,gluten free
621311,0,AH Glutenvrij Biologisch American pancakes 3-pack,AH Glutenvrij,glutenvrij,Glutenvrij,Glutenvrije pannenkoekenmix,,,5.0,5% volume voordeel,,,3 stuks,,True,AH,5% volume voordeel,,,,True,AH,https://www.ah.nl/producten/product/wi621311,2026-07-28,AH Gluten-free Organic American pancakes 3-pack,gluten free
621312,0,AH Glutenvrij Biologisch American pancakes 4-pack,AH Glutenvrij,glutenvrij,Glutenvrij,Glutenvrije pannenkoekenmix,,,8.0,8% volume voordeel,,,4 stuks,,True,AH,8% volume voordeel,,,,True,AH,https://www.ah.nl/producten/product/wi621312,2026-07-28,AH Glutenvrij Biologisch American pancakes 4-pack,gluten free
407843,853117,Nairn's Volkoren zadencrackers glutenvrij,Nairn's,glutenvrij,Bakkerij,"Glutenvrije crackers, knackebrod",2.99,2.99,,,,,137 g,prijs per kg €21.82,False,,,,,D,True,AH,https://www.ah.nl/producten/product/wi407843,2026-07-28,Nairn's Wholemeal Seed Crackers Gluten Free,gluten free
571978,13152,Schär Pure & active zadenbrood glutenvrij,Schär,glutenvrij,Bakkerij,Glutenvrij brood,3.99,3.99,,,,,250 g,prijs per kg €15.96,False,,,,,A,True,AH,https://www.ah.nl/producten/product/wi571978,2026-07-28,Schär Pure & active zadenbrood glutenvrij,gluten free
581465,24362,Holie's Granola glutenfree buckwheat & nuts,Holie's,glutenvrij,Glutenvrij,Glutenvrije granola,4.29,4.29,,,,,330 g,prijs per kg €13.00,False,,,,,A,True,AH,https://www.ah.nl/producten/product/wi581465,2026-07-28,Holie's Granola gluten-free buckwheat & nuts,gluten free
587590,33066,Schär Baguettini glutenvrij,Schär,glutenvrij,Bakkerij,Glutenvrij afbakbrood,3.29,3.29,,,,,150 g,prijs per kg €21.93,False,,,,,A,True,AH,https://www.ah.nl/producten/product/wi587590,2026-07-28,Schär Baguettini gluten-free,gluten free
619829,0,AH Glutenvrij Borrelbrood Mediterraans 3-pack,AH Glutenvrij,glutenvrij,Bakkerij,"Glutenvrije bolletjes, broodjes, croissants",7.75,8.07,4.0,4% volume voordeel,,,3 stuks,,True,AHOO,4% volume voordeel,2026-07-28,2999-12-31,,True,AH,https://www.ah.nl/producten/product/wi619829,2026-07-28,AH Glutenvrij Borrelbrood Mediterraans 3-pack,gluten free
619830,0,AH Glutenvrij Borrelbrood Mediterraans 4-pack,AH Glutenvrij,glutenvrij,Bakkerij,"Glutenvrije bolletjes, broodjes, croissants",10.11,10.76,6.0,6% volume voordeel,,,4 stuks,,True,AHOO,6% volume voordeel,2026-07-28,2999-12-31,,True,AH,https://www.ah.nl/producten/product/wi619830,2026-07-28,AH Glutenvrij Borrelbrood Mediterraans 4-pack,gluten free
494411,748787,AH Glutenvrij Chocolate chip cookies,AH Glutenvrij,glutenvrij,"Koek, snoep, chocolade",Glutenvrije koekjes,3.29,3.29,,,,,160 g,prijs per kg €20.56,False,,,,,E,True,AH,https://www.ah.nl/producten/product/wi494411,2026-07-28,AH Glutenvrij Chocolate chip cookies,gluten free
618975,0,AH Glutenvrij Chocolate chip cookies 2-pack,AH Glutenvrij,glutenvrij,"Koek, snoep, chocolade",Glutenvrije koekjes,6.38,6.58,3.0,3% volume voordeel,,,2 stuks,,True,AHOO,3% volume voordeel,2026-07-28,2999-12-31,,True,AH,https://www.ah.nl/producten/product/wi618975,2026-07-28,AH Gluten-free Chocolate chip cookies 2-pack,gluten free
494408,748762,Nairn's Chocolate chip biscuit break,Nairn's,glutenvrij,"Koek, snoep, chocolade",Glutenvrije koekjes,3.19,3.19,,,,,160 g,prijs per kg €19.94,False,,,,,E,True,AH,https://www.ah.nl/producten/product/wi494408,2026-07-28,Nairn's Chocolate chip biscuit break,gluten free
494409,748776,Kikkoman Sojasaus glutenvrij,Kikkoman,glutenvrij,"Soepen, sauzen, kruiden, olie",Glutenvrije sojasaus,3.99,3.99,,,,,150 ml,prijs per liter €26.60,False,,,,,D,True,AH,https://www.ah.nl/producten/product/wi494409,2026-07-28,Kikkoman Soy Sauce gluten free,gluten free
582864,25443,AH Tortilla volkoren wraps medium,AH,pasta-rijst-wereldkeuken,"Pasta, rijst, wereldkeuken","Taco, tortilla, wrap, burrito",0.95,0.95,,,,,320 g,prijs per kg €2.97,False,,,,,A,True,AH,https://www.ah.nl/producten/product/wi582864,2026-07-28,AH Tortilla volkoren wraps medium,pasta-rice-world cuisine
217297,807589,AH Groene pesto,AH,pasta-rijst-wereldkeuken,"Borrel, chips, snacks",Pesto (vers),2.99,2.99,,,,,90 g,prijs per kg €33.22,False,,,,,D,True,AH,https://www.ah.nl/producten/product/wi217297,2026-07-28,AH Groene pesto,pasta-rice-world cuisine
140637,611758,AH Tortilla naturel wraps large 6 stuks,AH,pasta-rijst-wereldkeuken,"Pasta, rijst, wereldkeuken","Taco, tortilla, wrap, burrito",0.95,0.95,,,,,370 g,prijs per kg €2.57,False,,,,,C,True,AH,https://www.ah.nl/producten/product/wi140637,2026-07-28,AH Tortilla natural wraps large 6 pieces,pasta-rice-world cuisine
498340,804202,AH Flatbread,AH,pasta-rijst-wereldkeuken,Bakkerij,"Pitabroodjes, flatbread, bao buns",2.29,2.29,,,,,210 g,prijs per kg €10.90,False,,,,,C,True,AH,https://www.ah.nl/producten/product/wi498340,2026-07-28,AH Flatbread,pasta-rice-world cuisine
600702,51446,AH Eiwitrijk flatbread,AH,pasta-rijst-wereldkeuken,Bakkerij,"Pitabroodjes, flatbread, bao buns",2.49,2.49,,,,,4 stuks,,False,,,,,B,True,AH,https://www.ah.nl/producten/product/wi600702,2026-07-28,AH Protein-rich flatbread,pasta-rice-world cuisine
170655,760028,AH Groene pesto,AH,pasta-rijst-wereldkeuken,"Borrel, chips, snacks",Pesto in pot,1.15,1.15,,,,,190 g,prijs per kg €6.05,False,,,,,D,True,AH,https://www.ah.nl/producten/product/wi170655,2026-07-28,AH Groene pesto,pasta-rice-world cuisine
161932,629848,AH Kokosmelk,AH,pasta-rijst-wereldkeuken,"Zuivel, eieren",Kokosmelk,1.35,1.35,,,,,200 ml,prijs per liter €6.75,False,,,,,D,True,AH,https://www.ah.nl/producten/product/wi161932,2026-07-28,AH Coconut milk,pasta-rice-world cuisine
490540,744648,AH Kroepoek naturel,AH,pasta-rijst-wereldkeuken,"Pasta, rijst, wereldkeuken",Kroepoek,1.09,1.09,,,,,100 g,prijs per kg €10.90,False,,,,,D,True,AH,https://www.ah.nl/producten/product/wi490540,2026-07-28,AH Kroepoek naturel,pasta-rice-world cuisine
197585,624781,AH Basmatirijst,AH,pasta-rijst-wereldkeuken,"Pasta, rijst, wereldkeuken",Basmatirijst,1.89,1.89,,,,,1 kg,prijs per kg €1.89,False,,,,,B,True,AH,https://www.ah.nl/producten/product/wi197585,2026-07-28,AH Basmatirijst,pasta-rice-world cuisine
221858,815437,AH Pita broodjes,AH,pasta-rijst-wereldkeuken,Bakkerij,"Pitabroodjes, flatbread, bao buns",0.79,0.79,,,,,10 stuks,,False,,,,,C,True,AH,https://www.ah.nl/producten/product/wi221858,2026-07-28,AH Pita sandwiches,pasta-rice-world cuisine
468009,719493,AH Fusilli volkoren,AH,pasta-rijst-wereldkeuken,"Pasta, rijst, wereldkeuken","Fusilli, casarecce",1.25,1.25,,,,,500 g,prijs per kg €2.50,False,,,,,A,True,AH,https://www.ah.nl/producten/product/wi468009,2026-07-28,AH Fusilli whole wheat,pasta-rice-world cuisine
221857,815380,AH Witte pita's,AH,pasta-rijst-wereldkeuken,Bakkerij,"Pitabroodjes, flatbread, bao buns",0.89,0.89,,,,,5 stuks,,False,,,,,C,True,AH,https://www.ah.nl/producten/product/wi221857,2026-07-28,AH White pitas,pasta-rice-world cuisine
58169,518618,AH Volkoren spaghetti,AH,pasta-rijst-wereldkeuken,"Pasta, rijst, wereldkeuken",Spaghetti,0.85,0.85,,,,,500 g,prijs per kg €1.70,False,,,,,A,True,AH,https://www.ah.nl/producten/product/wi58169,2026-07-28,AH Whole wheat spaghetti,pasta-rice-world cuisine
210607,803992,AH Shoarma,AH,pasta-rijst-wereldkeuken,Vlees,"Shoarma, Gyros",4.95,4.95,,,,,500 g,prijs per kg €9.90,False,,,,,C,True,AH,https://www.ah.nl/producten/product/wi210607,2026-07-28,AH Shawarma,pasta-rice-world cuisine
3472,9008,Honig Basis voor macaroni en spaghetti,Honig,pasta-rijst-wereldkeuken,"Pasta, rijst, wereldkeuken","Italiaanse maaltijdpakketten, mixen",1.99,1.99,,,,,41 g,prijs per kg €48.54,False,,,,,E,True,AH,https://www.ah.nl/producten/product/wi3472,2026-07-28,Honig Basis for macaroni and spaghetti,pasta-rice-world cuisine
612334,0,Honig Basis voor macaroni en spaghetti 3-pack,Honig,pasta-rijst-wereldkeuken,"Pasta, rijst, wereldkeuken","Italiaanse maaltijdpakketten, mixen",5.37,5.97,10.0,10% volume voordeel,,,3 stuks,,True,AHOO,10% volume voordeel,2026-07-28,2999-12-31,,True,AH,https://www.ah.nl/producten/product/wi612334,2026-07-28,Honig Basic for macaroni and spaghetti 3-pack,pasta-rice-world cuisine
459008,653888,AH Volkoren pita's,AH,pasta-rijst-wereldkeuken,Bakkerij,"Pitabroodjes, flatbread, bao buns",0.89,0.89,,,,,5 stuks,,False,,,,,A,True,AH,https://www.ah.nl/producten/product/wi459008,2026-07-28,AH Whole wheat pitas,pasta-rice-world cuisine
167781,644613,Conimex Kroepoek naturel,Conimex,pasta-rijst-wereldkeuken,"Pasta, rijst, wereldkeuken",Kroepoek,1.69,1.69,,2e Halve Prijs,,2.0,73 g,normale prijs per kg €23.15,True,AH,2e Halve Prijs,2026-07-27,2026-08-02,E,True,AH,https://www.ah.nl/producten/product/wi167781,2026-07-28,Conimex prawn crackers natural,pasta-rice-world cuisine
417551,688850,Santa Maria Kruidenmix taco,Santa Maria,pasta-rijst-wereldkeuken,"Pasta, rijst, wereldkeuken",Mexicaanse kruidenmix,1.09,1.09,,,,,28 g,prijs per kg €38.93,False,,,,,E,True,AH,https://www.ah.nl/producten/product/wi417551,2026-07-28,Santa Maria Seasoning mix taco,pasta-rice-world cuisine
612335,0,Honig Basis voor macaroni en spaghetti 6-pack,Honig,pasta-rijst-wereldkeuken,"Pasta, rijst, wereldkeuken","Italiaanse maaltijdpakketten, mixen",10.15,11.94,15.0,15% volume voordeel,,,6 stuks,,True,AHOO,15% volume voordeel,2026-07-28,2999-12-31,,True,AH,https://www.ah.nl/producten/product/wi612335,2026-07-28,Honig Basic for macaroni and spaghetti 6-pack,pasta-rice-world cuisine
210482,799784,AH Gnocchi,AH,pasta-rijst-wereldkeuken,"Pasta, rijst, wereldkeuken",Gnocchi,1.49,1.49,,,,,500 g,prijs per kg €2.98,False,,,,,C,True,AH,https://www.ah.nl/producten/product/wi210482,2026-07-28,AH Gnocchi,pasta-rice-world cuisine
162513,600126,AH Zilvervliesrijst,AH,pasta-rijst-wereldkeuken,"Pasta, rijst, wereldkeuken",Zilvervliesrijst,1.45,1.45,,,,,1 kg,prijs per kg €1.45,False,,,,,A,True,AH,https://www.ah.nl/producten/product/wi162513,2026-07-28,AH Brown rice,pasta-rice-world cuisine
591837,0,Santa Maria Kruidenmix taco 3-pack,Santa Maria,pasta-rijst-wereldkeuken,"Pasta, rijst, wereldkeuken",Mexicaanse kruidenmix,2.94,3.27,10.0,10% volume voordeel,,,3 stuks,,True,AHOO,10% volume voordeel,2026-07-28,2999-12-31,,True,AH,https://www.ah.nl/producten/product/wi591837,2026-07-28,Santa Maria Spice mix taco 3-pack,pasta-rice-world cuisine
598377,0,AH Pestosaus groen 2-pack,AH,pasta-rijst-wereldkeuken,"Borrel, chips, snacks",Pesto (vers),4.78,4.98,4.0,4% volume voordeel,,,2 stuks,,True,AHOO,4% volume voordeel,2026-07-28,2999-12-31,,True,AH,https://www.ah.nl/producten/product/wi598377,2026-07-28,AH Pesto sauce green 2-pack,pasta-rice-world cuisine
615170,0,Santa Maria Kruidenmix taco 6-pack,Santa Maria,pasta-rijst-wereldkeuken,"Pasta, rijst, wereldkeuken",Mexicaanse kruidenmix,5.56,6.54,15.0,15% volume voordeel,,,6 stuks,,True,AHOO,15% volume voordeel,2026-07-28,2999-12-31,,True,AH,https://www.ah.nl/producten/product/wi615170,2026-07-28,Santa Maria Seasoning mix taco 6-pack,pasta-rice-world cuisine
425972,694807,Santa Maria Tortilla wraps met volkorentarwe 8x med,Santa Maria,pasta-rijst-wereldkeuken,"Pasta, rijst, wereldkeuken","Taco, tortilla, wrap, burrito",2.79,2.79,,,,,320 g,prijs per kg €8.72,False,,,,,C,True,AH,https://www.ah.nl/producten/product/wi425972,2026-07-28,Santa Maria Tortilla wraps met volkorentarwe 8x med,pasta-rice-world cuisine
2090,9350,Grand' Italia Spaghetti tradizionali,Grand' Italia,pasta-rijst-wereldkeuken,"Pasta, rijst, wereldkeuken",Spaghetti,1.49,1.49,,,,,500 g,prijs per kg €2.98,False,,,,,A,True,AH,https://www.ah.nl/producten/product/wi2090,2026-07-28,Grand' Italia Spaghetti tradizionali,pasta-rice-world cuisine
578336,0,Doritos Sweet chilli pepper 3-pack,Doritos,pasta-rijst-wereldkeuken,"Soepen, sauzen, kruiden, olie",Satésaus,6.24,6.57,5.0,5% volume voordeel,,,3 stuks,,True,AHOO,5% volume voordeel,2026-07-28,2999-12-31,,True,AH,https://www.ah.nl/producten/product/wi578336,2026-07-28,Doritos Sweet chilli pepper 3-pack,pasta-rice-world cuisine
417518,688851,Santa Maria Tortilla wraps original 6x large,Santa Maria,pasta-rijst-wereldkeuken,"Pasta, rijst, wereldkeuken","Taco, tortilla, wrap, burrito",2.69,2.69,,,,,371 g,prijs per kg €7.25,False,,,,,C,True,AH,https://www.ah.nl/producten/product/wi417518,2026-07-28,Santa Maria Tortilla wraps original 6x large,pasta-rice-world cuisine
615179,0,Santa Maria Tortilla wraps original 6x large 3-pack,Santa Maria,pasta-rijst-wereldkeuken,"Pasta, rijst, wereldkeuken","Taco, tortilla, wrap, burrito",7.26,8.07,10.0,10% volume voordeel,,,3 stuks,,True,AHOO,10% volume voordeel,2026-07-28,2999-12-31,,True,AH,https://www.ah.nl/producten/product/wi615179,2026-07-28,Santa Maria Tortilla wraps original 6x large 3-pack,pasta-rice-world cuisine
429373,697036,Calvé Mayonaise,Calvé,soepen-sauzen-kruiden-olie,"Soepen, sauzen, kruiden, olie",Mayonaise,4.09,4.09,,2 + 1 gratis,,2.0,650 ml,normale prijs per liter €6.29,True,AH,2 + 1 gratis,2026-07-27,2026-08-02,D,True,AH,https://www.ah.nl/producten/product/wi429373,2026-07-28,Calvé Mayonnaise,soups-sauces-herbs-oil
226246,819978,Hellmann's Real,Hellmann's,soepen-sauzen-kruiden-olie,"Soepen, sauzen, kruiden, olie",Mayonaise,4.39,4.39,,2 + 1 gratis,,2.0,430 ml,normale prijs per liter €10.21,True,AH,2 + 1 gratis,2026-07-27,2026-08-02,D,True,AH,https://www.ah.nl/producten/product/wi226246,2026-07-28,Hellmann's Real,soups-sauces-herbs-oil
374144,836799,Unox Knaks,Unox,soepen-sauzen-kruiden-olie,Vlees,Knakworst,2.79,2.79,,,,,400 g,prijs per kg €12.68,False,,,,,D,True,AH,https://www.ah.nl/producten/product/wi374144,2026-07-28,Unox Knaks,soups-sauces-herbs-oil
590447,0,Unox Knaks 2-pack,Unox,soepen-sauzen-kruiden-olie,Vlees,Knakworst,5.02,5.58,10.0,10% volume voordeel,,,2 stuks,,True,AHOO,10% volume voordeel,2026-07-28,2999-12-31,,True,AH,https://www.ah.nl/producten/product/wi590447,2026-07-28,Unox Knaks 2-pack,soups-sauces-herbs-oil
216494,810991,Heinz Tomato ketchup,Heinz,soepen-sauzen-kruiden-olie,"Soepen, sauzen, kruiden, olie",Ketchup,2.79,2.79,,,,,400 ml,prijs per liter €6.98,False,,,,,D,True,AH,https://www.ah.nl/producten/product/wi216494,2026-07-28,Heinz Tomato ketchup,soups-sauces-herbs-oil
101200,547358,AH Biologisch Natuurazijn,AH Biologisch,soepen-sauzen-kruiden-olie,"Soepen, sauzen, kruiden, olie",Natuurazijn,0.99,0.99,,,,,1 l,prijs per liter €0.99,False,,,,,A,True,AH,https://www.ah.nl/producten/product/wi101200,2026-07-28,AH Organic Natural Vinegar,soups-sauces-herbs-oil
196672,791231,AH Soepstengels volkoren,AH,soepen-sauzen-kruiden-olie,"Soepen, sauzen, kruiden, olie",Soepstengels,0.75,0.75,,,,,125 g,prijs per kg €6.00,False,,,,,A,True,AH,https://www.ah.nl/producten/product/wi196672,2026-07-28,AH Soepstengels volkoren,soups-sauces-herbs-oil
496580,783819,Van Wijngaarden's Zaanse mayonaise,Van Wijngaarden's,soepen-sauzen-kruiden-olie,"Soepen, sauzen, kruiden, olie",Mayonaise,4.19,4.19,,,,,"0,75 l",prijs per liter €5.59,False,,,,,D,True,AH,https://www.ah.nl/producten/product/wi496580,2026-07-28,Van Wijngaarden's Zaanse mayonnaise,soups-sauces-herbs-oil
66067,97762,AH Kip knakworst,AH,soepen-sauzen-kruiden-olie,Vlees,Knakworst,1.75,1.75,,,,,400 g,prijs per kg €8.75,False,,,,,D,True,AH,https://www.ah.nl/producten/product/wi66067,2026-07-28,AH Chicken frankfurter,soups-sauces-herbs-oil
123848,752374,Unox Romige tomatensoep,Unox,soepen-sauzen-kruiden-olie,"Soepen, sauzen, kruiden, olie",Tomatensoep in zak,3.29,3.29,,1 + 1 gratis,,1.0,570 ml,normale prijs per liter €5.77,True,AH,1 + 1 gratis,2026-07-27,2026-08-02,B,True,AH,https://www.ah.nl/producten/product/wi123848,2026-07-28,Unox Romige tomatensoep,soups-sauces-herbs-oil
906,5128,AH Zonnebloemolie,AH,soepen-sauzen-kruiden-olie,"Soepen, sauzen, kruiden, olie",Zonnebloemolie,1.39,1.39,,,,,1 l,prijs per liter €1.39,False,,,,,C,True,AH,https://www.ah.nl/producten/product/wi906,2026-07-28,AH Sunflower Oil,soups-sauces-herbs-oil
519391,636892,Van Wijngaarden's Zaanse mayonaise,Van Wijngaarden's,soepen-sauzen-kruiden-olie,"Soepen, sauzen, kruiden, olie",Mayonaise,1.65,1.65,,,,,200 ml,prijs per liter €8.25,False,,,,,D,True,AH,https://www.ah.nl/producten/product/wi519391,2026-07-28,Van Wijngaarden's Zaanse mayonnaise,soups-sauces-herbs-oil
608892,0,Unox Romige tomatensoep 2-pack,Unox,soepen-sauzen-kruiden-olie,"Soepen, sauzen, kruiden, olie",Tomatensoep in zak,3.29,6.58,50.0,pakketkorting,,,2 stuks,,True,AHOO,,2026-07-28,2026-08-02,,True,AH,https://www.ah.nl/producten/product/wi608892,2026-07-28,Unox Creamy tomato soup 2-pack,soups-sauces-herbs-oil
608893,0,Unox Romige tomatensoep 4-pack,Unox,soepen-sauzen-kruiden-olie,"Soepen, sauzen, kruiden, olie",Tomatensoep in zak,6.58,13.16,50.0,pakketkorting,,,4 stuks,,True,AHOO,,2026-07-28,2026-08-02,,True,AH,https://www.ah.nl/producten/product/wi608893,2026-07-28,Unox Creamy tomato soup 4-pack,soups-sauces-herbs-oil
608894,0,Unox Romige tomatensoep 6-pack,Unox,soepen-sauzen-kruiden-olie,"Soepen, sauzen, kruiden, olie",Tomatensoep in zak,9.87,19.74,50.0,pakketkorting,,,6 stuks,,True,AHOO,,2026-07-28,2026-08-02,,True,AH,https://www.ah.nl/producten/product/wi608894,2026-07-28,Unox Creamy tomato soup 6-pack,soups-sauces-herbs-oil
194759,794438,Remia Friteslijn,Remia,soepen-sauzen-kruiden-olie,"Soepen, sauzen, kruiden, olie",Fritessaus,2.25,2.25,,,,,350 ml,prijs per liter €6.43,False,,,,,C,True,AH,https://www.ah.nl/producten/product/wi194759,2026-07-28,Remia Frites line,soups-sauces-herbs-oil
189394,791230,AH Soepstengels naturel,AH,soepen-sauzen-kruiden-olie,"Soepen, sauzen, kruiden, olie",Soepstengels,0.75,0.75,,,,,125 g,prijs per kg €6.00,False,,,,,C,True,AH,https://www.ah.nl/producten/product/wi189394,2026-07-28,AH Soepstengels naturel,soups-sauces-herbs-oil
612295,0,Heinz Tomato ketchup 2-pack,Heinz,soepen-sauzen-kruiden-olie,"Soepen, sauzen, kruiden, olie",Ketchup,5.3,5.58,5.0,5% volume voordeel,,,2 stuks,,True,AHOO,5% volume voordeel,2026-07-28,2999-12-31,,True,AH,https://www.ah.nl/producten/product/wi612295,2026-07-28,Heinz Tomato ketchup 2-pack,soups-sauces-herbs-oil
614420,72056,Knorr Good noodles kip,Knorr,soepen-sauzen-kruiden-olie,"Soepen, sauzen, kruiden, olie",Noedelsoep kip,1.19,1.19,,,,,70 g,prijs per kg €17.00,False,,,,,C,True,AH,https://www.ah.nl/producten/product/wi614420,2026-07-28,Knorr Good noodles chicken,soups-sauces-herbs-oil
606909,62287,Knorr Good noodles kip,Knorr,soepen-sauzen-kruiden-olie,"Soepen, sauzen, kruiden, olie",Noedelsoep kip,2.19,2.19,,,,,65 g,prijs per kg €33.69,False,,,,,C,True,AH,https://www.ah.nl/producten/product/wi606909,2026-07-28,Knorr Good noodles chicken,soups-sauces-herbs-oil
624122,0,Knorr Good noodles kip 6-pack,Knorr,soepen-sauzen-kruiden-olie,"Soepen, sauzen, kruiden, olie",Noedelsoep kip,4.64,7.14,35.0,35% volume voordeel,,,6 stuks,,True,AHOO,35% volume voordeel,2026-07-28,2999-12-31,,True,AH,https://www.ah.nl/producten/product/wi624122,2026-07-28,Knorr Good noodles kip 6-pack,soups-sauces-herbs-oil
513525,20915,AH Appelmoes 0% suiker toegevoegd 12-pack,AH,soepen-sauzen-kruiden-olie,"Soepen, sauzen, kruiden, olie","Appelmoes, appelcompote",2.29,2.29,,,,,"1,2 kg",prijs per kg €1.91,False,,,,,A,True,AH,https://www.ah.nl/producten/product/wi513525,2026-07-28,AH Applesauce 0% sugar added 12-pack,soups-sauces-herbs-oil
624119,0,Knorr Good noodles kip 4pack,Knorr,soepen-sauzen-kruiden-olie,"Soepen, sauzen, kruiden, olie",Noedelsoep kip,6.57,8.76,25.0,25% volume voordeel,,,4 stuks,,True,AHOO,25% volume voordeel,2026-07-28,2999-12-31,,True,AH,https://www.ah.nl/producten/product/wi624119,2026-07-28,Knorr Good noodles chicken 4pack,soups-sauces-herbs-oil
624121,0,Knorr Good noodles kip 6pack,Knorr,soepen-sauzen-kruiden-olie,"Soepen, sauzen, kruiden, olie",Noedelsoep kip,8.54,13.14,35.0,35% volume voordeel,,,6 stuks,,True,AHOO,35% volume voordeel,2026-07-28,2999-12-31,,True,AH,https://www.ah.nl/producten/product/wi624121,2026-07-28,Knorr Good noodles chicken 6pack,soups-sauces-herbs-oil
624120,0,Knorr Good noodles kip 4-pack,Knorr,soepen-sauzen-kruiden-olie,"Soepen, sauzen, kruiden, olie",Noedelsoep kip,3.57,4.76,25.0,25% volume voordeel,,,4 stuks,,True,AHOO,25% volume voordeel,2026-07-28,2999-12-31,,True,AH,https://www.ah.nl/producten/product/wi624120,2026-07-28,Knorr Good noodles chicken 4-pack,soups-sauces-herbs-oil
624117,0,Knorr Good noodles kip 2pack,Knorr,soepen-sauzen-kruiden-olie,"Soepen, sauzen, kruiden, olie",Noedelsoep kip,3.94,4.38,10.0,10% volume voordeel,,,2 stuks,,True,AHOO,10% volume voordeel,2026-07-28,2999-12-31,,True,AH,https://www.ah.nl/producten/product/wi624117,2026-07-28,Knorr Good noodles chicken 2pack,soups-sauces-herbs-oil
624118,0,Knorr Good noodles kip 2-pack,Knorr,soepen-sauzen-kruiden-olie,"Soepen, sauzen, kruiden, olie",Noedelsoep kip,2.14,2.38,10.0,10% volume voordeel,,,2 stuks,,True,AHOO,10% volume voordeel,2026-07-28,2999-12-31,,True,AH,https://www.ah.nl/producten/product/wi624118,2026-07-28,Knorr Good noodles kip 2-pack,soups-sauces-herbs-oil
612298,0,Heinz Tomato ketchup 4-pack,Heinz,soepen-sauzen-kruiden-olie,"Soepen, sauzen, kruiden, olie",Ketchup,10.04,11.16,10.0,10% volume voordeel,,,4 stuks,,True,AHOO,10% volume voordeel,2026-07-28,2999-12-31,,True,AH,https://www.ah.nl/producten/product/wi612298,2026-07-28,Heinz Tomato ketchup 4-pack,soups-sauces-herbs-oil
56754,514848,AH Ananasstukjes op sap,AH,soepen-sauzen-kruiden-olie,"Soepen, sauzen, kruiden, olie",Ananas- en mango conserven,1.25,1.25,,,,,227 g,prijs per kg €8.93,False,,,,,A,True,AH,https://www.ah.nl/producten/product/wi56754,2026-07-28,AH Pineapple chunks in juice,soups-sauces-herbs-oil
167882,644802,AH Knijpfruit appel-peer,AH,soepen-sauzen-kruiden-olie,"Soepen, sauzen, kruiden, olie",Fruitmix conserven,1.89,1.89,,,,,4 x 90 g,prijs per kg €5.25,False,,,,,A,True,AH,https://www.ah.nl/producten/product/wi167882,2026-07-28,AH Knijpfruit appel-peer,soups-sauces-herbs-oil
441050,704698,Hela Kruiden ketchup curry original,Hela,soepen-sauzen-kruiden-olie,"Soepen, sauzen, kruiden, olie",Currysaus,3.39,3.39,,,,,"0,8 l",prijs per liter €4.24,False,,,,,D,True,AH,https://www.ah.nl/producten/product/wi441050,2026-07-28,Hela Herbal ketchup curry original,soups-sauces-herbs-oil
811,25662,AH Appelmoes 0% suiker toegevoegd,AH,soepen-sauzen-kruiden-olie,"Soepen, sauzen, kruiden, olie","Appelmoes, appelcompote",0.85,0.85,,,,,355 g,prijs per kg €2.39,False,,,,,A,True,AH,https://www.ah.nl/producten/product/wi811,2026-07-28,AH Applesauce 0% sugar added,soups-sauces-herbs-oil
130071,589846,AH Satésaus kant & klaar.,AH,soepen-sauzen-kruiden-olie,"Soepen, sauzen, kruiden, olie",Satésaus,1.49,1.49,,,,,500 g,prijs per kg €2.98,False,,,,,D,True,AH,https://www.ah.nl/producten/product/wi130071,2026-07-28,AH Satay sauce ready-made.,soups-sauces-herbs-oil
478858,732689,Nature Valley Crunchy variety pack,Nature Valley,tussendoortjes,Tussendoortjes,Haverrepen,3.19,3.19,,,,,210 g,prijs per kg €15.19,False,,,,,D,True,AH,https://www.ah.nl/producten/product/wi478858,2026-07-28,Nature Valley Crunchy variety pack,snacks
407164,852769,Nature Valley Crunchy haver en pure chocolade repen,Nature Valley,tussendoortjes,Tussendoortjes,Haverrepen,3.19,3.19,,,,,210 g,prijs per kg €15.19,False,,,,,D,True,AH,https://www.ah.nl/producten/product/wi407164,2026-07-28,Nature Valley Crunchy oat and dark chocolate bars,snacks
382538,842149,AH Biologisch Maiswafels met zeezout,AH Biologisch,tussendoortjes,"Ontbijtgranen, beleg",Maiswafels,0.99,0.99,,,,,130 g,prijs per kg €7.62,False,,,,,B,True,AH,https://www.ah.nl/producten/product/wi382538,2026-07-28,AH Organic Corn Waffles with sea salt,snacks
594080,41458,Trek High protein lotus biscoff,Trek,tussendoortjes,Tussendoortjes,Proteïnerepen,2.69,2.69,,,,,55 g,prijs per kg €48.91,False,,,,,D,True,AH,https://www.ah.nl/producten/product/wi594080,2026-07-28,Trek High protein lotus biscoff,snacks
1625,32307,AH Beschuit volkoren,AH,tussendoortjes,Bakkerij,Beschuit,0.75,0.75,,,,,140 g,prijs per kg €5.36,False,,,,,A,True,AH,https://www.ah.nl/producten/product/wi1625,2026-07-28,AH whole wheat rusk,snacks
216238,809402,Melkunie Breaker aardbei yoghurt,Melkunie,tussendoortjes,"Zuivel, eieren",Yoghurt tussendoortjes,1.59,1.59,,,,,200 g,prijs per kg €7.95,False,,,,,C,True,AH,https://www.ah.nl/producten/product/wi216238,2026-07-28,Melkunie Breaker strawberry yoghurt,snacks
2432,527935,LU Mini crackers olijfolie & oregano,LU,tussendoortjes,Bakkerij,Toast crackers,2.19,2.19,,,,,250 g,prijs per kg €8.76,False,,,,,E,True,AH,https://www.ah.nl/producten/product/wi2432,2026-07-28,LU Mini crackers olijfolie & oregano,snacks
387906,845205,Wasa Volkoren,Wasa,tussendoortjes,Bakkerij,Knackebrod,1.75,1.75,,,,,260 g,prijs per kg €6.73,False,,,,,A,True,AH,https://www.ah.nl/producten/product/wi387906,2026-07-28,Wasa Whole wheat,snacks
561662,0,Melkunie Breaker aardbei yoghurt 6-pack,Melkunie,tussendoortjes,"Zuivel, eieren",Yoghurt tussendoortjes,8.59,9.54,10.0,10% volume voordeel,,,6 stuks,,True,AHOO,10% volume voordeel,2026-07-28,2999-12-31,,True,AH,https://www.ah.nl/producten/product/wi561662,2026-07-28,Melkunie Breaker aardbei yoghurt 6-pack,snacks
518107,69687,AH Biologisch Dunne maïswafels met zeezout,AH Biologisch,tussendoortjes,"Ontbijtgranen, beleg",Maiswafels,1.49,1.49,,,,,100 g,prijs per kg €14.90,False,,,,,B,True,AH,https://www.ah.nl/producten/product/wi518107,2026-07-28,AH Organic Thin corn waffles with sea salt,snacks
611528,0,LU Mini crackers olijfolie & oregano 2-pack,LU,tussendoortjes,Bakkerij,Toast crackers,4.16,4.38,5.0,5% volume voordeel,,,2 stuks,,True,AHOO,5% volume voordeel,2026-07-28,2999-12-31,,True,AH,https://www.ah.nl/producten/product/wi611528,2026-07-28,LU Mini crackers olive oil & oregano 2-pack,snacks
582008,0,Melkunie Breaker Aardbei yoghurt 4-pack,Melkunie,tussendoortjes,"Zuivel, eieren",Yoghurt tussendoortjes,6.04,6.36,5.0,5% volume voordeel,,,4 stuks,,True,AHOO,5% volume voordeel,2026-07-28,2999-12-31,,True,AH,https://www.ah.nl/producten/product/wi582008,2026-07-28,Melkunie Breaker Strawberry yoghurt 4-pack,snacks
572388,0,LU Mini crackers olijfolie & oregano 3-pack,LU,tussendoortjes,Bakkerij,Toast crackers,5.91,6.57,10.0,10% volume voordeel,,,3 stuks,,True,AHOO,10% volume voordeel,2026-07-28,2999-12-31,,True,AH,https://www.ah.nl/producten/product/wi572388,2026-07-28,LU Mini crackers olive oil & oregano 3-pack,snacks
477554,730833,Bolletje Echte beschuit,Bolletje,tussendoortjes,Bakkerij,Beschuit,0.94,0.94,,,,,13 stuks,,False,,,,,B,True,AH,https://www.ah.nl/producten/product/wi477554,2026-07-28,Bolletje Real rusk,snacks
168655,751957,Zonnatura Maïswafels,Zonnatura,tussendoortjes,"Ontbijtgranen, beleg",Maiswafels,1.19,1.19,,,,,100 g,prijs per kg €11.90,False,,,,,B,True,AH,https://www.ah.nl/producten/product/wi168655,2026-07-28,Zonnatura Corn Waffles,snacks
619411,0,AH Biologisch Dunne maÃ¯swafels met zeezout 4-pack,AH Biologisch,tussendoortjes,"Ontbijtgranen, beleg",Maiswafels,5.72,5.96,4.0,4% volume voordeel,,,4 stuks,,True,AHOO,4% volume voordeel,2026-07-28,2999-12-31,,True,AH,https://www.ah.nl/producten/product/wi619411,2026-07-28,AH Organic Thin corn waffles with sea salt 4-pack,snacks
619409,0,AH Biologisch Dunne maÃ¯swafels met zeezout 2-pack,AH Biologisch,tussendoortjes,"Ontbijtgranen, beleg",Maiswafels,2.92,2.98,2.0,2% volume voordeel,,,2 stuks,,True,AHOO,2% volume voordeel,2026-07-28,2999-12-31,,True,AH,https://www.ah.nl/producten/product/wi619409,2026-07-28,AH Organic Thin corn waffles with sea salt 2-pack,snacks
619410,0,AH Biologisch Dunne maÃ¯swafels met zeezout 3-pack,AH Biologisch,tussendoortjes,"Ontbijtgranen, beleg",Maiswafels,4.34,4.47,3.0,3% volume voordeel,,,3 stuks,,True,AHOO,3% volume voordeel,2026-07-28,2999-12-31,,True,AH,https://www.ah.nl/producten/product/wi619410,2026-07-28,AH Organic Thin corn waffles with sea salt 3-pack,snacks
455672,68734,AH Knäckebröd volkoren,AH,tussendoortjes,Bakkerij,Knackebrod,1.29,1.29,,,,,375 g,prijs per kg €3.44,False,,,,,A,True,AH,https://www.ah.nl/producten/product/wi455672,2026-07-28,AH Crispbread whole wheat,snacks
425567,694382,Danoontje Knijpyoghurt aardbei,Danoontje,tussendoortjes,"Zuivel, eieren",Yoghurt tussendoortjes,0.99,0.99,,,,,70 g,prijs per kg €14.14,False,,,,,B,True,AH,https://www.ah.nl/producten/product/wi425567,2026-07-28,Danoontje Strawberry squeeze yoghurt,snacks
548937,0,Danoontje Knijpyoghurt aardbei 5-pack,Danoontje,tussendoortjes,"Zuivel, eieren",Yoghurt tussendoortjes,4.7,4.95,5.0,5% volume voordeel,,,5 stuks,,True,AHOO,5% volume voordeel,2026-07-28,2999-12-31,,True,AH,https://www.ah.nl/producten/product/wi548937,2026-07-28,Danoontje Squeeze yoghurt strawberry 5-pack,snacks
570722,11073,Melkunie Breaker zero aardbei yoghurt,Melkunie,tussendoortjes,"Zuivel, eieren",Yoghurt tussendoortjes,1.69,1.69,,,,,200 g,prijs per kg €8.45,False,,,,,B,True,AH,https://www.ah.nl/producten/product/wi570722,2026-07-28,Melkunie Breaker zero strawberry yogurt,snacks
62912,527938,LU Mini crackers naturel,LU,tussendoortjes,Bakkerij,Toast crackers,2.29,2.29,,,,,250 g,prijs per kg €9.16,False,,,,,D,True,AH,https://www.ah.nl/producten/product/wi62912,2026-07-28,LU Mini crackers natural,snacks
477439,730841,AH Dunne maiswafels kaas 4-pack,AH,tussendoortjes,"Ontbijtgranen, beleg",Maiswafels,1.35,1.35,,,,,104 g,prijs per kg €12.98,False,,,,,C,True,AH,https://www.ah.nl/producten/product/wi477439,2026-07-28,AH Thin corn waffles cheese 4-pack,snacks
570721,11072,Melkunie Breaker zero banaan yoghurt,Melkunie,tussendoortjes,"Zuivel, eieren",Yoghurt tussendoortjes,1.69,1.69,,,,,200 g,prijs per kg €8.45,False,,,,,B,True,AH,https://www.ah.nl/producten/product/wi570721,2026-07-28,Melkunie Breaker zero banana yogurt,snacks
604807,0,Melkunie Breaker zero banaan yoghurt 6-pack,Melkunie,tussendoortjes,"Zuivel, eieren",Yoghurt tussendoortjes,9.13,10.14,10.0,10% volume voordeel,,,6 stuks,,True,AHOO,10% volume voordeel,2026-07-28,2999-12-31,,True,AH,https://www.ah.nl/producten/product/wi604807,2026-07-28,Melkunie Breaker zero banaan yoghurt 6-pack,snacks
594670,0,Melkunie Breaker zero aardbei yoghurt 4-pack,Melkunie,tussendoortjes,"Zuivel, eieren",Yoghurt tussendoortjes,6.42,6.76,5.0,5% volume voordeel,,,4 stuks,,True,AHOO,5% volume voordeel,2026-07-28,2999-12-31,,True,AH,https://www.ah.nl/producten/product/wi594670,2026-07-28,Melkunie Breaker zero strawberry yogurt 4-pack,snacks
520087,49609,Melkunie Breaker stracciatella yoghurt,Melkunie,tussendoortjes,"Zuivel, eieren",Yoghurt tussendoortjes,1.69,1.69,,,,,200 g,prijs per kg €8.45,False,,,,,C,True,AH,https://www.ah.nl/producten/product/wi520087,2026-07-28,Melkunie Breaker stracciatella yoghurt,snacks
166806,642658,AH Dikke rijstwafels meergranen,AH,tussendoortjes,"Ontbijtgranen, beleg",Rijstwafels,1.19,1.19,,,,,120 g,prijs per kg €9.92,False,,,,,B,True,AH,https://www.ah.nl/producten/product/wi166806,2026-07-28,AH Thick multigrain rice cakes,snacks
575060,0,Melkunie Breaker straciatella yoghurt 4-pack,Melkunie,tussendoortjes,"Zuivel, eieren",Yoghurt tussendoortjes,6.42,6.76,5.0,5% volume voordeel,,,4 stuks,,True,AHOO,5% volume voordeel,2026-07-28,2999-12-31,,True,AH,https://www.ah.nl/producten/product/wi575060,2026-07-28,Melkunie Breaker straciatella yoghurt 4-pack,snacks
442765,22731,Bolletje Volkoren beschuit,Bolletje,tussendoortjes,Bakkerij,Beschuit,1.09,1.09,,,,,13 stuks,,False,,,,,A,True,AH,https://www.ah.nl/producten/product/wi442765,2026-07-28,Bolletje Whole wheat rusk,snacks
217848,812700,AH Ontbijtkoek naturel gesneden,AH,tussendoortjes,"Ontbijtgranen, beleg",Ontbijtkoek (gesneden),1.45,1.45,,,,,485 g,prijs per kg €2.99,False,,,,,D,True,AH,https://www.ah.nl/producten/product/wi217848,2026-07-28,AH Natural sliced ​​gingerbread,snacks
604806,0,Melkunie Breaker zero aardbei yoghurt 6-pack,Melkunie,tussendoortjes,"Zuivel, eieren",Yoghurt tussendoortjes,9.13,10.14,10.0,10% volume voordeel,,,6 stuks,,True,AHOO,10% volume voordeel,2026-07-28,2999-12-31,,True,AH,https://www.ah.nl/producten/product/wi604806,2026-07-28,Melkunie Breaker zero aardbei yoghurt 6-pack,snacks
604302,57935,AH Dunne linzenwafels paprika smaak 4-pack,AH,tussendoortjes,"Ontbijtgranen, beleg","Linzenwafels, kikkererwtwafels",2.19,2.19,,,,,4 stuks,,False,,,,,A,True,AH,https://www.ah.nl/producten/product/wi604302,2026-07-28,AH Thin lentil waffles paprika flavor 4-pack,snacks
611526,0,LU Mini crackers naturel 2-pack,LU,tussendoortjes,Bakkerij,Toast crackers,4.35,4.58,5.0,5% volume voordeel,,,2 stuks,,True,AHOO,5% volume voordeel,2026-07-28,2999-12-31,,True,AH,https://www.ah.nl/producten/product/wi611526,2026-07-28,LU Mini crackers natural 2-pack,snacks
216244,809753,Melkunie Breaker banaan yoghurt,Melkunie,tussendoortjes,"Zuivel, eieren",Yoghurt tussendoortjes,1.59,1.59,,,,,200 g,prijs per kg €7.95,False,,,,,C,True,AH,https://www.ah.nl/producten/product/wi216244,2026-07-28,Melkunie Breaker banana yogurt,snacks
594662,0,Melkunie Breaker banaan yoghurt 4-pack,Melkunie,tussendoortjes,"Zuivel, eieren",Yoghurt tussendoortjes,6.04,6.36,5.0,5% volume voordeel,,,4 stuks,,True,AHOO,5% volume voordeel,2026-07-28,2999-12-31,,True,AH,https://www.ah.nl/producten/product/wi594662,2026-07-28,Melkunie Breaker banana yogurt 4-pack,snacks
32655,509080,AH Mini crackers naturel,AH,tussendoortjes,Bakkerij,Toast crackers,1.49,1.49,,,,,250 g,prijs per kg €5.96,False,,,,,D,True,AH,https://www.ah.nl/producten/product/wi32655,2026-07-28,AH Mini crackers natural,snacks
517892,70008,AH Dunne maïswafels melkchocolade 4-pack,AH,tussendoortjes,"Ontbijtgranen, beleg",Maiswafels,2.19,2.19,,,,,136 g,prijs per kg €16.10,False,,,,,E,True,AH,https://www.ah.nl/producten/product/wi517892,2026-07-28,AH Thin corn waffles milk chocolate 4-pack,snacks
622456,0,AH Dunne linzenwafel paprika smaak 4x 2pack,AH,tussendoortjes,"Ontbijtgranen, beleg","Linzenwafels, kikkererwtwafels",4.29,4.38,2.0,2% volume voordeel,,,2 stuks,,True,AHOO,2% volume voordeel,2026-07-28,2999-12-31,,True,AH,https://www.ah.nl/producten/product/wi622456,2026-07-28,AH Thin lentil waffle paprika flavor 4x 2pack,snacks
622458,0,AH Dunne linzenwafels paprika smaak 4x 4pck,AH,tussendoortjes,"Ontbijtgranen, beleg","Linzenwafels, kikkererwtwafels",8.41,8.76,4.0,4% volume voordeel,,,4 stuks,,True,AHOO,4% volume voordeel,2026-07-28,2999-12-31,,True,AH,https://www.ah.nl/producten/product/wi622458,2026-07-28,AH Thin lentil waffles paprika flavor 4x 4pck,snacks
584737,0,LU Mini crackers naturel 3-pack,LU,tussendoortjes,Bakkerij,Toast crackers,6.18,6.87,10.0,10% volume voordeel,,,3 stuks,,True,AHOO,10% volume voordeel,2026-07-28,2999-12-31,,True,AH,https://www.ah.nl/producten/product/wi584737,2026-07-28,LU Mini crackers natural 3-pack,snacks
622457,0,AH Dunne linzenwafels paprika smaak 4x 3pck,AH,tussendoortjes,"Ontbijtgranen, beleg","Linzenwafels, kikkererwtwafels",6.37,6.57,3.0,3% volume voordeel,,,3 stuks,,True,AHOO,3% volume voordeel,2026-07-28,2999-12-31,,True,AH,https://www.ah.nl/producten/product/wi622457,2026-07-28,AH Thin lentil waffles paprika flavor 4x 3pck,snacks
619406,0,AH Dunne maiswafels melkchocolade 4x 2-pack,AH,tussendoortjes,"Ontbijtgranen, beleg",Maiswafels,4.29,4.38,2.0,2% volume voordeel,,,2 stuks,,True,AHOO,2% volume voordeel,2026-07-28,2999-12-31,,True,AH,https://www.ah.nl/producten/product/wi619406,2026-07-28,AH Thin corn waffles milk chocolate 4x 2-pack,snacks
611527,0,LU Mini crackers naturel 4-pack,LU,tussendoortjes,Bakkerij,Toast crackers,8.06,9.16,12.0,12% volume voordeel,,,4 stuks,,True,AHOO,12% volume voordeel,2026-07-28,2999-12-31,,True,AH,https://www.ah.nl/producten/product/wi611527,2026-07-28,LU Mini crackers natural 4-pack,snacks
619408,0,AH Dunne maiswafels melkchocolade 4x 4-pack,AH,tussendoortjes,"Ontbijtgranen, beleg",Maiswafels,8.41,8.76,4.0,4% volume voordeel,,,4 stuks,,True,AHOO,4% volume voordeel,2026-07-28,2999-12-31,,True,AH,https://www.ah.nl/producten/product/wi619408,2026-07-28,AH Thin corn waffles milk chocolate 4x 4-pack,snacks
382537,842148,AH Biologisch Maiswafels met zeezout langwerpig,AH Biologisch,tussendoortjes,"Ontbijtgranen, beleg",Maiswafels,1.49,1.49,,,,,130 g,prijs per kg €11.46,False,,,,,C,True,AH,https://www.ah.nl/producten/product/wi382537,2026-07-28,AH Biologisch Maiswafels met zeezout langwerpig,snacks
217850,812702,AH Ontbijtkoek volkoren gesneden,AH,tussendoortjes,"Ontbijtgranen, beleg",Ontbijtkoek (gesneden),1.39,1.39,,,,,485 g,prijs per kg €2.87,False,,,,,D,True,AH,https://www.ah.nl/producten/product/wi217850,2026-07-28,AH Whole wheat gingerbread sliced,snacks
619407,0,AH Dunne maiswafels melkchocolade 4x 3-pack,AH,tussendoortjes,"Ontbijtgranen, beleg",Maiswafels,6.37,6.57,3.0,3% volume voordeel,,,3 stuks,,True,AHOO,3% volume voordeel,2026-07-28,2999-12-31,,True,AH,https://www.ah.nl/producten/product/wi619407,2026-07-28,AH Thin corn waffles milk chocolate 4x 3-pack,snacks
136785,607322,AH Luchtige crackers naturel,AH,tussendoortjes,Bakkerij,Crackers,1.35,1.35,,,,,250 g,prijs per kg €5.40,False,,,,,A,True,AH,https://www.ah.nl/producten/product/wi136785,2026-07-28,"AH Light, natural crackers",snacks
114389,547231,Liga Cracotte vezelrijk,Liga,tussendoortjes,Bakkerij,Crackers,2.19,2.19,,,,,250 g,prijs per kg €8.76,False,,,,,C,True,AH,https://www.ah.nl/producten/product/wi114389,2026-07-28,Liga Cracotte rich in fiber,snacks
167428,643603,Hero B'tween mueslireep melkchocolade,Hero,tussendoortjes,Tussendoortjes,Mueslirepen,1.79,2.45,26.9,voor 1.79,1.79,,6 x 25 g,normale prijs per kg €16.33,True,AH,VOOR 1.79,2026-07-27,2026-08-02,,True,AH,https://www.ah.nl/producten/product/wi167428,2026-07-28,Hero B'tween muesli bar milk chocolate,snacks
387920,845281,Wasa Vezelrijk,Wasa,tussendoortjes,Bakkerij,Knackebrod,1.99,1.99,,,,,300 g,prijs per kg €6.63,False,,,,,A,True,AH,https://www.ah.nl/producten/product/wi387920,2026-07-28,Wasa High in fiber,snacks
575066,0,Melkunie Breaker straciatella yoghurt 6-pack,Melkunie,tussendoortjes,"Zuivel, eieren",Yoghurt tussendoortjes,9.13,10.14,10.0,10% volume voordeel,,,per stuk,,True,AHOO,10% volume voordeel,2026-07-28,2999-12-31,,True,AH,https://www.ah.nl/producten/product/wi575066,2026-07-28,Melkunie Breaker straciatella yogurt 6-pack,snacks
572389,0,Liga Cracotte vezelrijk,Liga,tussendoortjes,Bakkerij,Crackers,6.24,6.57,5.0,5% volume voordeel,,,3 stuks,,True,AHOO,5% volume voordeel,2026-07-28,2999-12-31,,True,AH,https://www.ah.nl/producten/product/wi572389,2026-07-28,Liga Cracotte rich in fiber,snacks
457697,647616,Snelle Jelle Kruidkoek naturel 5-pack,Snelle Jelle,tussendoortjes,"Ontbijtgranen, beleg",Ontbijtkoekrepen,2.89,2.89,,,,,5 stuks,prijs per kg €8.89,False,,,,,D,True,AH,https://www.ah.nl/producten/product/wi457697,2026-07-28,Fast Jelle Kruidkoek natural 5-pack,snacks
607910,0,Snelle Jelle Kruidkoek naturel 10-pack,Snelle Jelle,tussendoortjes,"Ontbijtgranen, beleg",Ontbijtkoekrepen,5.2,5.78,10.0,10% volume voordeel,,,2 stuks,,True,AHOO,10% volume voordeel,2026-07-28,2999-12-31,,True,AH,https://www.ah.nl/producten/product/wi607910,2026-07-28,Fast Jelle Kruidkoek natural 10-pack,snacks
595155,43263,Melkunie Breaker zero peach,Melkunie,tussendoortjes,"Zuivel, eieren",Yoghurt tussendoortjes,1.69,1.69,,,,,200 g,prijs per kg €8.45,False,,,,,B,True,AH,https://www.ah.nl/producten/product/wi595155,2026-07-28,Melkunie Breaker zero peach,snacks
209354,804913,Zuivelhoeve Boer'n muesli aardbei,Zuivelhoeve,tussendoortjes,"Zuivel, eieren",Yoghurt tussendoortjes,1.89,1.89,,,,,170 g,prijs per kg €11.12,False,,,,,B,True,AH,https://www.ah.nl/producten/product/wi209354,2026-07-28,Zuivelhoeve Boer'n muesli strawberry,snacks
611523,0,Liga Cracotte vezelrijk 5-pack,Liga,tussendoortjes,Bakkerij,Crackers,9.85,10.95,10.0,10% volume voordeel,,,5 stuks,,True,AHOO,10% volume voordeel,2026-07-28,2999-12-31,,True,AH,https://www.ah.nl/producten/product/wi611523,2026-07-28,Liga Cracotte high fiber 5-pack,snacks
565332,3491,Melkunie Breaker vanille yoghurt,Melkunie,tussendoortjes,"Zuivel, eieren",Yoghurt tussendoortjes,1.59,1.59,,,,,200 g,prijs per kg €7.95,False,,,,,C,True,AH,https://www.ah.nl/producten/product/wi565332,2026-07-28,Melkunie Breaker vanilla yoghurt,snacks
130084,101806,Yum Yum Chicken flavour instant noodles,Yum Yum,tussendoortjes,"Soepen, sauzen, kruiden, olie",Noedelsoep kip,0.65,0.65,,,,,60 g,prijs per kg €10.83,False,,,,,C,True,AH,https://www.ah.nl/producten/product/wi130084,2026-07-28,Yum Yum Chicken flavor instant noodles,snacks
568676,0,Melkunie Breaker vanille yoghurt 4-pack,Melkunie,tussendoortjes,"Zuivel, eieren",Yoghurt tussendoortjes,6.04,6.36,5.0,5% volume voordeel,,,4 stuks,,True,AHOO,5% volume voordeel,2026-07-28,2999-12-31,,True,AH,https://www.ah.nl/producten/product/wi568676,2026-07-28,Melkunie Breaker vanilla yogurt 4-pack,snacks
615683,0,Zuivelhoeve Boer'n muesli aardbei 4-pack,Zuivelhoeve,tussendoortjes,"Zuivel, eieren",Yoghurt tussendoortjes,6.8,7.56,10.0,10% volume voordeel,,,4 stuks,,True,AHOO,10% volume voordeel,2026-07-28,2999-12-31,,True,AH,https://www.ah.nl/producten/product/wi615683,2026-07-28,Zuivelhoeve Boer'n muesli strawberry 4-pack,snacks
477560,730842,AH Dunne maiswafels sour cream 4-pack,AH,tussendoortjes,"Ontbijtgranen, beleg",Maiswafels,1.35,1.35,,,,,104 g,prijs per kg €12.98,False,,,,,C,True,AH,https://www.ah.nl/producten/product/wi477560,2026-07-28,AH Thin corn waffles sour cream 4-pack,snacks
601274,0,Melkunie Breaker zero perzik 4-pack,Melkunie,tussendoortjes,"Zuivel, eieren",Yoghurt tussendoortjes,6.42,6.76,5.0,5% volume voordeel,,,4 stuks,,True,AHOO,5% volume voordeel,2026-07-28,2999-12-31,,True,AH,https://www.ah.nl/producten/product/wi601274,2026-07-28,Melkunie Breaker zero peach 4-pack,snacks
615682,0,Zuivelhoeve Boer'n muesli aardbei 3-pack,Zuivelhoeve,tussendoortjes,"Zuivel, eieren",Yoghurt tussendoortjes,5.39,5.67,5.0,5% volume voordeel,,,3 stuks,,True,AHOO,5% volume voordeel,2026-07-28,2999-12-31,,True,AH,https://www.ah.nl/producten/product/wi615682,2026-07-28,Zuivelhoeve Boer'n muesli strawberry 3-pack,snacks
387907,845208,Wasa Sesam,Wasa,tussendoortjes,Bakkerij,Knackebrod,1.65,1.65,,,,,250 g,prijs per kg €6.60,False,,,,,A,True,AH,https://www.ah.nl/producten/product/wi387907,2026-07-28,Wasa Sesame,snacks
476559,729810,Isey Skyr vanille,Isey,tussendoortjes,"Zuivel, eieren",Skyr tussendoortjes,1.89,1.89,,,,,140 g,prijs per kg €13.50,False,,,,,A,True,AH,https://www.ah.nl/producten/product/wi476559,2026-07-28,Isey Skyr vanille,snacks
3771,7912,Liga Evergreen krenten,Liga,tussendoortjes,Tussendoortjes,Fruitbiscuit en melkbiscuit,2.89,2.89,,,,,225 g,prijs per kg €12.84,False,,,,,C,True,AH,https://www.ah.nl/producten/product/wi3771,2026-07-28,Liga Evergreen currants,snacks
456237,615409,AH Biologisch Maiswafels lijnzaad,AH Biologisch,tussendoortjes,"Ontbijtgranen, beleg",Maiswafels,1.65,1.65,,,,,150 g,prijs per kg €11.00,False,,,,,B,True,AH,https://www.ah.nl/producten/product/wi456237,2026-07-28,AH Organic Corn Waffles linseed,snacks
604808,0,Melkunie Breaker zero peach 6-pack,Melkunie,tussendoortjes,"Zuivel, eieren",Yoghurt tussendoortjes,9.13,10.14,10.0,10% volume voordeel,,,6 stuks,,True,AHOO,10% volume voordeel,2026-07-28,2999-12-31,,True,AH,https://www.ah.nl/producten/product/wi604808,2026-07-28,Melkunie Breaker zero peach 6-pack,snacks
515726,21137,Danoontje Knijpyoghurt banaan,Danoontje,tussendoortjes,"Zuivel, eieren",Yoghurt tussendoortjes,0.99,0.99,,,,,70 g,prijs per kg €14.14,False,,,,,B,True,AH,https://www.ah.nl/producten/product/wi515726,2026-07-28,Danoontje Squeezed yoghurt banana,snacks
568180,0,Danoontje Knijpyoghurt banaan 5-pack,Danoontje,tussendoortjes,"Zuivel, eieren",Yoghurt tussendoortjes,4.7,4.95,5.0,5% volume voordeel,,,5 stuks,,True,AHOO,5% volume voordeel,2026-07-28,2999-12-31,,True,AH,https://www.ah.nl/producten/product/wi568180,2026-07-28,Danoontje Squeezed yoghurt banana 5-pack,snacks
513521,14404,Snack a Jacks Smokey barbecue paprika,Snack a Jacks,tussendoortjes,"Ontbijtgranen, beleg",Rijstwafels,2.39,2.39,,,,,103 g,prijs per kg €23.20,False,,,,,C,True,AH,https://www.ah.nl/producten/product/wi513521,2026-07-28,Snack a Jacks Smokey barbecue peppers,snacks
365872,832883,Starbucks Cappuccino ijskoffie,Starbucks,tussendoortjes,"Koffie, thee",IJskoffie,1.99,1.99,,,,,220 ml,prijs per liter €9.05,False,,,,,D,True,AH,https://www.ah.nl/producten/product/wi365872,2026-07-28,Starbucks Cappuccino iced coffee,snacks
389565,846463,LU Mini crackers zout,LU,tussendoortjes,Bakkerij,Toast crackers,2.29,2.29,,,,,250 g,prijs per kg €9.16,False,,,,,E,True,AH,https://www.ah.nl/producten/product/wi389565,2026-07-28,LU Mini salt crackers,snacks
520300,591685,AH Verse meloenmix,AH,tussendoortjes,"Fruit, verse sappen",Fruitsalade,1.6667,2.49,33.1,3 voor 5.00,5.0,3.0,150 g,normale prijs per kg €16.60,True,AH,3 voor 5.00,2026-07-27,2026-08-02,A,True,AH,https://www.ah.nl/producten/product/wi520300,2026-07-28,AH Fresh melon mix,snacks
225345,819622,Barber Cream crackers,Barber,tussendoortjes,Bakkerij,Toast crackers,1.79,1.79,,,,,300 g,prijs per kg €5.97,False,,,,,D,True,AH,https://www.ah.nl/producten/product/wi225345,2026-07-28,Barber Cream crackers,snacks
407188,852795,AH Fruitbiscuit bosvruchtensmaak,AH,tussendoortjes,Tussendoortjes,Fruitbiscuit en melkbiscuit,1.29,1.29,,,,,262 g,prijs per kg €4.92,False,,,,,C,True,AH,https://www.ah.nl/producten/product/wi407188,2026-07-28,AH Fruitbiscuit bosvruchtensmaak,snacks
438174,702163,Zuivelhoeve Boer'n yoghurt vanille & muesli,Zuivelhoeve,tussendoortjes,"Zuivel, eieren",Yoghurt tussendoortjes,1.89,1.89,,,,,170 g,prijs per kg €11.12,False,,,,,B,True,AH,https://www.ah.nl/producten/product/wi438174,2026-07-28,Zuivelhoeve Boer'n yoghurt vanilla & muesli,snacks
567265,5514,Gran Pavesi Le sfoglie classiche,Gran Pavesi,tussendoortjes,Bakkerij,Toast crackers,2.85,2.85,,,,,180 g,prijs per kg €15.83,False,,,,,D,True,AH,https://www.ah.nl/producten/product/wi567265,2026-07-28,Gran Pavesi Le sfoglie classiche,snacks
520318,886443,AH Verse ananas,AH,tussendoortjes,"Fruit, verse sappen",Fruitsalade,1.6667,2.49,33.1,3 voor 5.00,5.0,3.0,150 g,normale prijs per kg €16.60,True,AH,3 voor 5.00,2026-07-27,2026-08-02,A,True,AH,https://www.ah.nl/producten/product/wi520318,2026-07-28,AH Fresh pineapple,snacks
3631,46117,Liga Cracotte naturel,Liga,tussendoortjes,Bakkerij,Crackers,2.19,2.19,,,,,250 g,prijs per kg €8.76,False,,,,,D,True,AH,https://www.ah.nl/producten/product/wi3631,2026-07-28,Liga Cracotte natural,snacks
572372,0,Liga Evergreen krenten 3-pack,Liga,tussendoortjes,Tussendoortjes,Fruitbiscuit en melkbiscuit,7.8,8.67,10.0,10% volume voordeel,,,3 stuks,,True,AHOO,10% volume voordeel,2026-07-28,2999-12-31,,True,AH,https://www.ah.nl/producten/product/wi572372,2026-07-28,Liga Evergreen currants 3-pack,snacks
609579,0,Starbucks Cappuccino ijskoffie 6-pack,Starbucks,tussendoortjes,"Koffie, thee",IJskoffie,10.75,11.94,10.0,10% volume voordeel,,,6 stuks,,True,AHOO,10% volume voordeel,2026-07-28,2999-12-31,,True,AH,https://www.ah.nl/producten/product/wi609579,2026-07-28,Starbucks Cappuccino iced coffee 6-pack,snacks
611524,0,Liga Evergreen krenten 2-pack,Liga,tussendoortjes,Tussendoortjes,Fruitbiscuit en melkbiscuit,5.49,5.78,5.0,5% volume voordeel,,,2 stuks,,True,AHOO,5% volume voordeel,2026-07-28,2999-12-31,,True,AH,https://www.ah.nl/producten/product/wi611524,2026-07-28,Liga Evergreen currants 2-pack,snacks
614421,72057,Knorr Good noodles groente,Knorr,tussendoortjes,"Soepen, sauzen, kruiden, olie",Noedelsoep groenten,1.19,1.19,,,,,70 g,prijs per kg €17.00,False,,,,,C,True,AH,https://www.ah.nl/producten/product/wi614421,2026-07-28,Knorr Good noodles vegetable,snacks
407185,852792,AH Fruitbiscuit appelsmaak,AH,tussendoortjes,Tussendoortjes,Fruitbiscuit en melkbiscuit,1.29,1.29,,,,,262 g,prijs per kg €4.92,False,,,,,C,True,AH,https://www.ah.nl/producten/product/wi407185,2026-07-28,AH Fruit biscuit apple flavour,snacks
195024,798462,Starbucks Caramel macchiato ijskoffie,Starbucks,tussendoortjes,"Koffie, thee",IJskoffie,1.99,1.99,,,,,220 ml,prijs per liter €9.05,False,,,,,C,True,AH,https://www.ah.nl/producten/product/wi195024,2026-07-28,Starbucks Caramel macchiato iced coffee,snacks
624113,0,Knorr Good noodles groente 6-pack,Knorr,tussendoortjes,"Soepen, sauzen, kruiden, olie",Noedelsoep groenten,4.64,7.14,35.0,35% volume voordeel,,,6 stuks,,True,AHOO,35% volume voordeel,2026-07-28,2999-12-31,,True,AH,https://www.ah.nl/producten/product/wi624113,2026-07-28,Knorr Good noodles vegetable 6-pack,snacks
615691,0,Zuivelhoeve Boer'n yoghurt vanille & muesli 4-pack,Zuivelhoeve,tussendoortjes,"Zuivel, eieren",Yoghurt tussendoortjes,6.8,7.56,10.0,10% volume voordeel,,,4 stuks,,True,AHOO,10% volume voordeel,2026-07-28,2999-12-31,,True,AH,https://www.ah.nl/producten/product/wi615691,2026-07-28,Zuivelhoeve Boer'n yoghurt vanilla & muesli 4-pack,snacks
624111,0,Knorr Good noodles groente 4-pack,Knorr,tussendoortjes,"Soepen, sauzen, kruiden, olie",Noedelsoep groenten,3.57,4.76,25.0,25% volume voordeel,,,4 stuks,,True,AHOO,25% volume voordeel,2026-07-28,2999-12-31,,True,AH,https://www.ah.nl/producten/product/wi624111,2026-07-28,Knorr Good noodles vegetable 4-pack,snacks
544525,50312,AH Kruidkoekreep naturel 6-pack,AH,tussendoortjes,"Ontbijtgranen, beleg",Ontbijtkoekrepen,1.25,1.25,,,,,390 g,prijs per kg €3.21,False,,,,,D,True,AH,https://www.ah.nl/producten/product/wi544525,2026-07-28,AH Kruidkoek bar natural 6-pack,snacks
624109,0,Knorr Good noodles groente 2-pack,Knorr,tussendoortjes,"Soepen, sauzen, kruiden, olie",Noedelsoep groenten,2.14,2.38,10.0,10% volume voordeel,,,2 stuks,,True,AHOO,10% volume voordeel,2026-07-28,2999-12-31,,True,AH,https://www.ah.nl/producten/product/wi624109,2026-07-28,Knorr Good noodles vegetable 2-pack,snacks
216246,809755,Melkunie Breaker perzik yoghurt zonnebloempitten,Melkunie,tussendoortjes,"Zuivel, eieren",Yoghurt tussendoortjes,1.59,1.59,,,,,200 g,prijs per kg €7.95,False,,,,,C,True,AH,https://www.ah.nl/producten/product/wi216246,2026-07-28,Melkunie Breaker peach yoghurt sunflower seeds,snacks
611529,0,LU Mini crackers zout 2-pack,LU,tussendoortjes,Bakkerij,Toast crackers,4.35,4.58,5.0,5% volume voordeel,,,2 stuks,,True,AHOO,5% volume voordeel,2026-07-28,2999-12-31,,True,AH,https://www.ah.nl/producten/product/wi611529,2026-07-28,LU Mini salt crackers 2-pack,snacks
609578,0,Starbucks Cappuccino ijskoffie 4-pack,Starbucks,tussendoortjes,"Koffie, thee",IJskoffie,7.56,7.96,5.0,5% volume voordeel,,,4 stuks,,True,AHOO,5% volume voordeel,2026-07-28,2999-12-31,,True,AH,https://www.ah.nl/producten/product/wi609578,2026-07-28,Starbucks Cappuccino iced coffee 4-pack,snacks
493100,748037,Melkunie Breaker cheesecake framboos yoghurt,Melkunie,tussendoortjes,"Zuivel, eieren",Yoghurt tussendoortjes,1.69,1.69,,,,,200 g,prijs per kg €8.45,False,,,,,C,True,AH,https://www.ah.nl/producten/product/wi493100,2026-07-28,Melkunie Breaker cheesecake framboos yoghurt,snacks
563579,795,Bolletje Crackers protein low carb,Bolletje,tussendoortjes,Bakkerij,Crackers,2.99,2.99,,,,,190 g,prijs per kg €15.74,False,,,,,A,True,AH,https://www.ah.nl/producten/product/wi563579,2026-07-28,Bolletje Crackers protein low carb,snacks
544527,589086,AH Kruidkoekreep zero 5-pack,AH,tussendoortjes,"Ontbijtgranen, beleg",Ontbijtkoekrepen,1.19,1.19,,,,,210 g,prijs per kg €5.67,False,,,,,A,True,AH,https://www.ah.nl/producten/product/wi544527,2026-07-28,AH Kruidkoekreep zero 5-pack,snacks
594987,0,LU Mini crackers zout 3-pack,LU,tussendoortjes,Bakkerij,Toast crackers,6.18,6.87,10.0,10% volume voordeel,,,3 stuks,,True,AHOO,10% volume voordeel,2026-07-28,2999-12-31,,True,AH,https://www.ah.nl/producten/product/wi594987,2026-07-28,LU Mini salt crackers 3-pack,snacks
388479,844479,AH Verse mango sticks grootverpakking,AH,tussendoortjes,"Fruit, verse sappen",Fruitsalade,4.89,4.89,,,,,360 g,prijs per kg €13.58,False,,,,,A,True,AH,https://www.ah.nl/producten/product/wi388479,2026-07-28,AH Fresh mango sticks in bulk packaging,snacks
30182,80996,AH Haverkoekjes naturel,AH,tussendoortjes,Tussendoortjes,Haverrepen,1.19,1.19,,,,,300 g,prijs per kg €3.97,False,,,,,D,True,AH,https://www.ah.nl/producten/product/wi30182,2026-07-28,AH Haverkoekjes naturel,snacks
619282,0,AH Verse mango sticks grootverpakking 2-pck,AH,tussendoortjes,"Fruit, verse sappen",Fruitsalade,9.58,9.78,2.0,2% volume voordeel,,,2 stuks,,True,AHOO,2% volume voordeel,2026-07-28,2999-12-31,,True,AH,https://www.ah.nl/producten/product/wi619282,2026-07-28,AH Fresh mango sticks bulk pack 2 pcs,snacks
223367,815581,Starbucks Caffè latte no added sugar ijskoffie,Starbucks,tussendoortjes,"Koffie, thee",IJskoffie,1.99,1.99,,,,,220 ml,prijs per liter €9.05,False,,,,,C,True,AH,https://www.ah.nl/producten/product/wi223367,2026-07-28,Starbucks Caffè latte no added sugar iced coffee,snacks
594137,42619,AH Verse watermeloen,AH,tussendoortjes,"Fruit, verse sappen",Fruitsalade,1.6667,2.49,33.1,3 voor 5.00,5.0,3.0,150 g,normale prijs per kg €16.60,True,AH,3 voor 5.00,2026-07-27,2026-08-02,A,True,AH,https://www.ah.nl/producten/product/wi594137,2026-07-28,AH Fresh watermelon,snacks
615690,0,Zuivelhoeve Boer'n yoghurt vanille & muesli 3-pack,Zuivelhoeve,tussendoortjes,"Zuivel, eieren",Yoghurt tussendoortjes,5.39,5.67,5.0,5% volume voordeel,,,3 stuks,,True,AHOO,5% volume voordeel,2026-07-28,2999-12-31,,True,AH,https://www.ah.nl/producten/product/wi615690,2026-07-28,Zuivelhoeve Boer'n yoghurt vanilla & muesli 3-pack,snacks
619284,0,AH Verse mango sticks grootverpakking 4-pk,AH,tussendoortjes,"Fruit, verse sappen",Fruitsalade,18.58,19.56,5.0,5% volume voordeel,,,4 stuks,,True,AHOO,5% volume voordeel,2026-07-28,2999-12-31,,True,AH,https://www.ah.nl/producten/product/wi619284,2026-07-28,AH Fresh mango sticks large pack 4-pk,snacks
619283,0,AH Verse mango sticks grootverpakking 3-pck,AH,tussendoortjes,"Fruit, verse sappen",Fruitsalade,14.23,14.67,3.0,3% volume voordeel,,,3 stuks,,True,AHOO,3% volume voordeel,2026-07-28,2999-12-31,,True,AH,https://www.ah.nl/producten/product/wi619283,2026-07-28,AH Fresh mango sticks large pack 3 pcs,snacks
609583,0,Starbucks Caramel macchiato ijskoffie 6-pack,Starbucks,tussendoortjes,"Koffie, thee",IJskoffie,10.75,11.94,10.0,10% volume voordeel,,,6 stuks,,True,AHOO,10% volume voordeel,2026-07-28,2999-12-31,,True,AH,https://www.ah.nl/producten/product/wi609583,2026-07-28,Starbucks Caramel macchiato ijskoffie 6-pack,snacks
594680,0,Starbucks Caramel macchiato 2-pack,Starbucks,tussendoortjes,"Koffie, thee",IJskoffie,3.78,3.98,5.0,5% volume voordeel,,,2 stuks,,True,AHOO,5% volume voordeel,2026-07-28,2999-12-31,,True,AH,https://www.ah.nl/producten/product/wi594680,2026-07-28,Starbucks Caramel macchiato 2-pack,snacks
615655,73206,AH Snoepgroente pitloze paprika rood,AH,tussendoortjes,"Groente, aardappelen",Snoepgroente,3.29,3.29,,,,,300 g,prijs per kg €10.97,False,,,,,A,True,AH,https://www.ah.nl/producten/product/wi615655,2026-07-28,AH Candy vegetables seedless red pepper,snacks
509517,727421,AH Protein maiswafels,AH,tussendoortjes,"Ontbijtgranen, beleg",Maiswafels,1.49,1.49,,,,,60 g,prijs per kg €24.83,False,,,,,B,True,AH,https://www.ah.nl/producten/product/wi509517,2026-07-28,AH Protein corn waffles,snacks
551190,757752,AH Snoepgroente radijsmix,AH,tussendoortjes,"Groente, aardappelen",Snoepgroente,1.6667,2.19,23.9,3 voor 5.00,5.0,3.0,250 g,normale prijs per kg €8.76,True,AH,3 voor 5.00,2026-07-27,2026-08-02,A,True,AH,https://www.ah.nl/producten/product/wi551190,2026-07-28,AH Candy vegetable radish mix,snacks
609582,0,Starbucks Caramel macchiato ijskoffie 4-pack,Starbucks,tussendoortjes,"Koffie, thee",IJskoffie,7.56,7.96,5.0,5% volume voordeel,,,4 stuks,,True,AHOO,5% volume voordeel,2026-07-28,2999-12-31,,True,AH,https://www.ah.nl/producten/product/wi609582,2026-07-28,Starbucks Caramel macchiato iced coffee 4-pack,snacks
609575,0,Starbucks Caffé latte gst ijskoffie 6-pack,Starbucks,tussendoortjes,"Koffie, thee",IJskoffie,10.75,11.94,10.0,10% volume voordeel,,,6 stuks,,True,AHOO,10% volume voordeel,2026-07-28,2999-12-31,,True,AH,https://www.ah.nl/producten/product/wi609575,2026-07-28,Starbucks Caffé latte gst ijskoffie 6-pack,snacks
508488,715819,AH Minicrackers met zout,AH,tussendoortjes,Bakkerij,Toast crackers,1.49,1.49,,,,,250 g,prijs per kg €5.96,False,,,,,D,True,AH,https://www.ah.nl/producten/product/wi508488,2026-07-28,AH Minicrackers met zout,snacks
609574,0,Starbucks Caffé latte gst ijskoffie 4-pack,Starbucks,tussendoortjes,"Koffie, thee",IJskoffie,7.16,7.96,10.0,10% volume voordeel,,,4 stuks,,True,AHOO,10% volume voordeel,2026-07-28,2999-12-31,,True,AH,https://www.ah.nl/producten/product/wi609574,2026-07-28,Starbucks Caffé latte gst iced coffee 4-pack,snacks
594669,0,Melkunie perzik yoghurt zonnebloempitten 4-pack,Melkunie,tussendoortjes,"Zuivel, eieren",Yoghurt tussendoortjes,6.04,6.36,5.0,5% volume voordeel,,,4 stuks,,True,AHOO,5% volume voordeel,2026-07-28,2999-12-31,,True,AH,https://www.ah.nl/producten/product/wi594669,2026-07-28,Melkunie perzik yoghurt zonnebloempitten 4-pack,snacks
207320,801322,AH Fruitbiscuit yoghurt bosvruchtensmaak,AH,tussendoortjes,Tussendoortjes,Fruitbiscuit en melkbiscuit,1.49,1.49,,,,,182 g,prijs per kg €8.19,False,,,,,D,True,AH,https://www.ah.nl/producten/product/wi207320,2026-07-28,AH Fruit biscuit yoghurt forest fruit flavour,snacks
504934,834676,Yum Yum Chicken 5-pack,Yum Yum,tussendoortjes,"Soepen, sauzen, kruiden, olie",Noedelsoep kip,2.99,2.99,,,,,5 x 60 g,prijs per kg €9.97,False,,,,,C,True,AH,https://www.ah.nl/producten/product/wi504934,2026-07-28,Yum Yum Chicken 5-pack,snacks
611522,0,Liga Cracotte naturel 5-pack,Liga,tussendoortjes,Bakkerij,Crackers,9.85,10.95,10.0,10% volume voordeel,,,5 stuks,,True,AHOO,10% volume voordeel,2026-07-28,2999-12-31,,True,AH,https://www.ah.nl/producten/product/wi611522,2026-07-28,Liga Cracotte natural 5-pack,snacks
619530,0,AH Protein maiswafels 4-pack,AH,tussendoortjes,"Ontbijtgranen, beleg",Maiswafels,5.72,5.96,4.0,4% volume voordeel,,,4 stuks,,True,AHOO,4% volume voordeel,2026-07-28,2999-12-31,,True,AH,https://www.ah.nl/producten/product/wi619530,2026-07-28,AH Protein corn waffles 4-pack,snacks
594667,0,Melkunie cheesecake framboos yoghurt 4-pack,Melkunie,tussendoortjes,"Zuivel, eieren",Yoghurt tussendoortjes,6.42,6.76,5.0,5% volume voordeel,,,4 stuks,,True,AHOO,5% volume voordeel,2026-07-28,2999-12-31,,True,AH,https://www.ah.nl/producten/product/wi594667,2026-07-28,Melkunie cheesecake raspberry yogurt 4-pack,snacks
450907,573858,McVitie's Digestives original,McVitie's,tussendoortjes,Tussendoortjes,Haverrepen,2.19,2.19,,,,,400 g,prijs per kg €5.48,False,,,,,E,True,AH,https://www.ah.nl/producten/product/wi450907,2026-07-28,McVitie's Digestives original,snacks
619528,0,AH Protein maiswafels 2-pack,AH,tussendoortjes,"Ontbijtgranen, beleg",Maiswafels,2.92,2.98,2.0,2% volume voordeel,,,2 stuks,,True,AHOO,2% volume voordeel,2026-07-28,2999-12-31,,True,AH,https://www.ah.nl/producten/product/wi619528,2026-07-28,AH Protein corn waffles 2-pack,snacks
599562,49420,AH Proteïne reep witte choco pistache,AH,tussendoortjes,Tussendoortjes,Proteïnerepen,1.35,1.35,,,,,50 g,prijs per kg €27.00,False,,,,,C,True,AH,https://www.ah.nl/producten/product/wi599562,2026-07-28,AH Protein bar white chocolate pistachio,snacks
604309,57944,AH Dunne linzenwafels sourcream smaak 4pack,AH,tussendoortjes,"Ontbijtgranen, beleg","Linzenwafels, kikkererwtwafels",2.19,2.19,,,,,4 stuks,,False,,,,,C,True,AH,https://www.ah.nl/producten/product/wi604309,2026-07-28,AH Thin lentil waffles sourcream flavor 4pack,snacks
614638,72543,AH Biologisch Snoepgroente tomaat,AH Biologisch,tussendoortjes,"Groente, aardappelen",Snoepgroente,1.6667,2.19,23.9,3 voor 5.00,5.0,3.0,200 g,normale prijs per kg €10.95,True,AH,3 voor 5.00,2026-07-27,2026-08-02,A,True,AH,https://www.ah.nl/producten/product/wi614638,2026-07-28,AH Organic Candy vegetable tomato,snacks
503341,826690,Danoontje Knijpyoghurt appel en aardbei,Danoontje,tussendoortjes,"Zuivel, eieren",Yoghurt tussendoortjes,0.99,0.99,,,,,70 g,prijs per kg €14.14,False,,,,,A,True,AH,https://www.ah.nl/producten/product/wi503341,2026-07-28,Danoontje Knijpyoghurt appel en aardbei,snacks
581563,0,Danoontje Knijpyoghurt appel en aardbei 5-pack,Danoontje,tussendoortjes,"Zuivel, eieren",Yoghurt tussendoortjes,4.7,4.95,5.0,5% volume voordeel,,,5 stuks,,True,AHOO,5% volume voordeel,2026-07-28,2999-12-31,,True,AH,https://www.ah.nl/producten/product/wi581563,2026-07-28,Danoontje Squeezed yoghurt apple and strawberry 5-pack,snacks
603462,55752,Knorr Cup-a-soup champignon crème,Knorr,tussendoortjes,"Soepen, sauzen, kruiden, olie",Kopsoep,1.99,1.99,,,,,51 g,prijs per kg €39.02,False,,,,,C,True,AH,https://www.ah.nl/producten/product/wi603462,2026-07-28,Knorr Cup-a-soup mushroom cream,snacks
588198,33491,Nescafé Cappuccino,Nescafé,tussendoortjes,"Koffie, thee",IJskoffie,1.99,1.99,,,,,250 ml,prijs per liter €7.96,False,,,,,C,True,AH,https://www.ah.nl/producten/product/wi588198,2026-07-28,Nescafe Cappuccino,snacks
619529,0,AH Protein maiswafels 3-pack,AH,tussendoortjes,"Ontbijtgranen, beleg",Maiswafels,4.34,4.47,3.0,3% volume voordeel,,,3 stuks,,True,AHOO,3% volume voordeel,2026-07-28,2999-12-31,,True,AH,https://www.ah.nl/producten/product/wi619529,2026-07-28,AH Protein corn waffles 3-pack,snacks
197492,797297,AH Verse meloenmix,AH,tussendoortjes,"Fruit, verse sappen",Fruitsalade,2.99,2.99,,,,,225 g,prijs per kg €13.29,False,,,,,A,True,AH,https://www.ah.nl/producten/product/wi197492,2026-07-28,AH Fresh melon mix,snacks
604805,0,Melkunie Breaker perzik yoghurt zonnebloem 6-pack,Melkunie,tussendoortjes,"Zuivel, eieren",Yoghurt tussendoortjes,8.59,9.54,10.0,10% volume voordeel,,,6 stuks,,True,AHOO,10% volume voordeel,2026-07-28,2999-12-31,,True,AH,https://www.ah.nl/producten/product/wi604805,2026-07-28,Melkunie Breaker peach yoghurt sunflower 6-pack,snacks
604800,0,Melkunie Breaker cheesecake fram. yoghurt 6-pack,Melkunie,tussendoortjes,"Zuivel, eieren",Yoghurt tussendoortjes,9.13,10.14,10.0,10% volume voordeel,,,6 stuks,,True,AHOO,10% volume voordeel,2026-07-28,2999-12-31,,True,AH,https://www.ah.nl/producten/product/wi604800,2026-07-28,Melkunie Breaker cheesecake fram. yoghurt 6-pack,snacks
518742,597225,Hero B'tween mueslireep zero melkchocolade,Hero,tussendoortjes,Tussendoortjes,Mueslirepen,1.79,2.45,26.9,voor 1.79,1.79,,120 g,normale prijs per kg €20.42,True,AH,VOOR 1.79,2026-07-27,2026-08-02,,True,AH,https://www.ah.nl/producten/product/wi518742,2026-07-28,Hero B'tween muesli bar zero milk chocolate,snacks
560850,35192,AH Protein bar white choco pinda karamel,AH,tussendoortjes,Tussendoortjes,Proteïnerepen,1.59,1.59,,,,,55 g,prijs per kg €28.91,False,,,,,D,True,AH,https://www.ah.nl/producten/product/wi560850,2026-07-28,AH Protein bar white choco peanut caramel,snacks
376943,838584,Wasa Delicate crackers sea salt,Wasa,tussendoortjes,Bakkerij,Toast crackers,2.99,2.99,,,,,180 g,prijs per kg €16.61,False,,,,,D,True,AH,https://www.ah.nl/producten/product/wi376943,2026-07-28,Wasa Delicate crackers sea salt,snacks
455671,68627,AH Knäckebröd pompoenpit,AH,tussendoortjes,Bakkerij,Knackebrod,1.75,1.75,,,,,265 g,prijs per kg €6.60,False,,,,,B,True,AH,https://www.ah.nl/producten/product/wi455671,2026-07-28,AH Crispbread pumpkin seed,snacks
622459,0,AH Dunne linzenwafel sourcream smaak 4x 2pk,AH,tussendoortjes,"Ontbijtgranen, beleg","Linzenwafels, kikkererwtwafels",4.29,4.38,2.0,2% volume voordeel,,,2 stuks,,True,AHOO,2% volume voordeel,2026-07-28,2999-12-31,,True,AH,https://www.ah.nl/producten/product/wi622459,2026-07-28,AH Thin lentil waffle sourcream flavor 4x 2pk,snacks
575059,0,Melkunie Breaker vanille yoghurt 6-pack,Melkunie,tussendoortjes,"Zuivel, eieren",Yoghurt tussendoortjes,8.59,9.54,10.0,10% volume voordeel,,,6 stuks,,True,AHOO,10% volume voordeel,2026-07-28,2999-12-31,,True,AH,https://www.ah.nl/producten/product/wi575059,2026-07-28,Melkunie Breaker vanilla yogurt 6-pack,snacks
622461,0,AH Dunne linzenwafel sourcream smaak 4x 4pk,AH,tussendoortjes,"Ontbijtgranen, beleg","Linzenwafels, kikkererwtwafels",8.41,8.76,4.0,4% volume voordeel,,,4 stuks,,True,AHOO,4% volume voordeel,2026-07-28,2999-12-31,,True,AH,https://www.ah.nl/producten/product/wi622461,2026-07-28,AH Dunne linzenwafel sourcream smaak 4x 4pk,snacks
550217,80987,Isey Skyr mandarin pie,Isey,tussendoortjes,"Zuivel, eieren",Skyr tussendoortjes,1.89,1.89,,,,,170 g,prijs per kg €11.12,False,,,,,A,True,AH,https://www.ah.nl/producten/product/wi550217,2026-07-28,Isey Skyr mandarin pie,snacks
589073,35297,Trek Protein oat bars biscoff,Trek,tussendoortjes,Tussendoortjes,Proteïnerepen,3.79,3.79,,,,,3 stuks,,False,,,,,E,True,AH,https://www.ah.nl/producten/product/wi589073,2026-07-28,Trek Protein oat bars biscoff,snacks
560851,596429,AH Protein bar melk choco pinda karamel,AH,tussendoortjes,Tussendoortjes,Proteïnerepen,1.59,1.59,,,,,55 g,prijs per kg €28.91,False,,,,,D,True,AH,https://www.ah.nl/producten/product/wi560851,2026-07-28,AH Protein bar milk chocolate peanut caramel,snacks
614189,72098,AH Snoepgroente delicious red,AH,tussendoortjes,"Groente, aardappelen",Snoepgroente,2.99,2.99,,,,,270 g,prijs per kg €11.07,False,,,,,A,True,AH,https://www.ah.nl/producten/product/wi614189,2026-07-28,AH Snoepgroente delicious red,snacks
482917,737914,Bolletje Lichte crackers volkoren,Bolletje,tussendoortjes,Bakkerij,Crackers,2.29,2.29,,,,,190 g,prijs per kg €12.05,False,,,,,A,True,AH,https://www.ah.nl/producten/product/wi482917,2026-07-28,Bolletje Light crackers whole wheat,snacks
622460,0,AH Dunne linzenwafel sourcream smaak 4x 3pk,AH,tussendoortjes,"Ontbijtgranen, beleg","Linzenwafels, kikkererwtwafels",6.37,6.57,3.0,3% volume voordeel,,,3 stuks,,True,AHOO,3% volume voordeel,2026-07-28,2999-12-31,,True,AH,https://www.ah.nl/producten/product/wi622460,2026-07-28,AH Thin lentil waffle sourcream flavor 4x 3pk,snacks
608699,0,Knorr Cup-a-soup champignoncrème 2-pack,Knorr,tussendoortjes,"Soepen, sauzen, kruiden, olie",Kopsoep,3.58,3.98,10.0,10% volume voordeel,,,2 stuks,,True,AHOO,10% volume voordeel,2026-07-28,2999-12-31,,True,AH,https://www.ah.nl/producten/product/wi608699,2026-07-28,Knorr Cup-a-soup mushroom cream 2-pack,snacks
607934,0,Nescafé Cappuccino 12-pack,Nescafé,tussendoortjes,"Koffie, thee",IJskoffie,21.49,23.88,10.0,10% volume voordeel,,,12 stuks,,True,AHOO,10% volume voordeel,2026-07-28,2999-12-31,,True,AH,https://www.ah.nl/producten/product/wi607934,2026-07-28,Nescafé Cappuccino 12-pack,snacks
457696,647569,Hero B'tween mueslireep zero witte chocolade,Hero,tussendoortjes,Tussendoortjes,Mueslirepen,1.79,2.39,25.1,voor 1.79,1.79,,120 g,normale prijs per kg €19.92,True,AH,VOOR 1.79,2026-07-27,2026-08-02,,True,AH,https://www.ah.nl/producten/product/wi457696,2026-07-28,Hero B'tween muesli bar zero white chocolate,snacks
615741,0,Hero B'tween mueslireep zero wit chocolad 3pk,Hero,tussendoortjes,Tussendoortjes,Mueslirepen,5.37,7.17,25.1,pakketkorting,,,3 stuks,,True,AHOO,,2026-07-28,2026-08-02,,True,AH,https://www.ah.nl/producten/product/wi615741,2026-07-28,Hero B'tween muesli bar zero white chocolate 3pk,snacks
607935,0,Nescafé Cappuccino 4-pack,Nescafé,tussendoortjes,"Koffie, thee",IJskoffie,7.72,7.96,3.0,3% volume voordeel,,,4 stuks,,True,AHOO,3% volume voordeel,2026-07-28,2999-12-31,,True,AH,https://www.ah.nl/producten/product/wi607935,2026-07-28,Nescafé Cappuccino 4-pack,snacks
598982,48000,Knorr Cup-a-soup tomaat,Knorr,tussendoortjes,"Soepen, sauzen, kruiden, olie",Kopsoep,1.99,1.99,,,,,54 g,prijs per kg €36.85,False,,,,,C,True,AH,https://www.ah.nl/producten/product/wi598982,2026-07-28,Knorr Cup-a-soup tomato,snacks
607980,0,Nescafé Cappuccino 6-pack,Nescafé,tussendoortjes,"Koffie, thee",IJskoffie,11.22,11.94,6.0,6% volume voordeel,,,6 stuks,,True,AHOO,6% volume voordeel,2026-07-28,2999-12-31,,True,AH,https://www.ah.nl/producten/product/wi607980,2026-07-28,Nescafé Cappuccino 6-pack,snacks
608701,0,Knorr Cup-a-soup champignoncrème 6-pack,Knorr,tussendoortjes,"Soepen, sauzen, kruiden, olie",Kopsoep,8.36,11.94,30.0,30% volume voordeel,,,6 stuks,,True,AHOO,30% volume voordeel,2026-07-28,2999-12-31,,True,AH,https://www.ah.nl/producten/product/wi608701,2026-07-28,Knorr Cup-a-soup mushroom cream 6-pack,snacks
603460,55750,Knorr Cup-a-soup champignon crème 10-pack,Knorr,tussendoortjes,"Soepen, sauzen, kruiden, olie",Kopsoep,6.19,6.19,,,,,170 g,prijs per kg €36.41,False,,,,,C,True,AH,https://www.ah.nl/producten/product/wi603460,2026-07-28,Knorr Cup-a-soup champignon crème 10-pack,snacks
513519,13763,Bolletje Volkoren knäckebröd vezelrijk,Bolletje,tussendoortjes,Bakkerij,Knackebrod,1.99,1.99,,,,,265 g,prijs per kg €7.51,False,,,,,A,True,AH,https://www.ah.nl/producten/product/wi513519,2026-07-28,"Bolletje Whole wheat crispbread, rich in fibre",snacks
608700,0,Knorr Cup-a-soup champignoncrème 4-pack,Knorr,tussendoortjes,"Soepen, sauzen, kruiden, olie",Kopsoep,6.37,7.96,20.0,20% volume voordeel,,,4 stuks,,True,AHOO,20% volume voordeel,2026-07-28,2999-12-31,,True,AH,https://www.ah.nl/producten/product/wi608700,2026-07-28,Knorr Cup-a-soup champignoncrème 4-pack,snacks
585861,30673,HiPRO Protein bar caramel,HiPRO,tussendoortjes,Tussendoortjes,Proteïnerepen,1.745,1.99,12.3,2 voor 3.49,3.49,2.0,45 g,normale prijs per kg €44.22,True,AH,2 voor 3.49,2026-07-27,2026-08-02,C,True,AH,https://www.ah.nl/producten/product/wi585861,2026-07-28,HiPRO Protein bar caramel,snacks
607861,0,HiPRO Protein bar caramel 2-pack,HiPRO,tussendoortjes,Tussendoortjes,Proteïnerepen,3.49,3.98,12.3,pakketkorting,,,2 stuks,,True,AHOO,,2026-07-28,2026-08-02,,True,AH,https://www.ah.nl/producten/product/wi607861,2026-07-28,HiPRO Protein bar caramel 2-pack,snacks
598985,48005,Knorr Cup-a-soup kip,Knorr,tussendoortjes,"Soepen, sauzen, kruiden, olie",Kopsoep,1.99,1.99,,,,,36 g,prijs per kg €55.28,False,,,,,C,True,AH,https://www.ah.nl/producten/product/wi598985,2026-07-28,Knorr Cup-a-soup chicken,snacks
513523,14415,Snack a Jacks Cheeky cheese flavour,Snack a Jacks,tussendoortjes,"Ontbijtgranen, beleg",Rijstwafels,2.49,2.49,,,,,104 g,prijs per kg €23.94,False,,,,,C,True,AH,https://www.ah.nl/producten/product/wi513523,2026-07-28,Snack a Jacks Cheeky cheese flavour,snacks
608725,0,Knorr Cup-a-soup tomaat 2-pack,Knorr,tussendoortjes,"Soepen, sauzen, kruiden, olie",Kopsoep,3.58,3.98,10.0,10% volume voordeel,,,2 stuks,,True,AHOO,10% volume voordeel,2026-07-28,2999-12-31,,True,AH,https://www.ah.nl/producten/product/wi608725,2026-07-28,Knorr Cup-a-soup tomato 2-pack,snacks
505208,840064,AH Mueslireep chocolade zero,AH,tussendoortjes,Tussendoortjes,Haverrepen,1.79,1.79,,,,,150 g,prijs per kg €11.93,False,,,,,A,True,AH,https://www.ah.nl/producten/product/wi505208,2026-07-28,AH Muesli bar chocolate zero,snacks
606910,62288,Knorr Good noodles groente,Knorr,tussendoortjes,"Soepen, sauzen, kruiden, olie",Noedelsoep groenten,2.19,2.19,,,,,65 g,prijs per kg €33.69,False,,,,,C,True,AH,https://www.ah.nl/producten/product/wi606910,2026-07-28,Knorr Good noodles vegetable,snacks
367545,833917,Mitsuba Sea salt crispy rice crackers,Mitsuba,tussendoortjes,Bakkerij,Toast crackers,2.19,2.19,,,,,100 g,prijs per kg €21.90,False,,,,,D,True,AH,https://www.ah.nl/producten/product/wi367545,2026-07-28,Mitsuba Sea salt crispy rice crackers,snacks
599565,49423,AH Proteine repen melk choco salted karamel,AH,tussendoortjes,Tussendoortjes,Proteïnerepen,2.99,2.99,,,,,135 g,prijs per kg €22.15,False,,,,,D,True,AH,https://www.ah.nl/producten/product/wi599565,2026-07-28,AH Protein bars milk chocolate salted caramel,snacks
556757,81563,AH Verse watermeloen,AH,tussendoortjes,"Fruit, verse sappen",Fruitsalade,2.75,2.75,,,,,200 g,prijs per kg €13.75,False,,,,,A,True,AH,https://www.ah.nl/producten/product/wi556757,2026-07-28,AH Fresh watermelon,snacks
608726,0,Knorr Cup-a-soup tomaat 6-pack,Knorr,tussendoortjes,"Soepen, sauzen, kruiden, olie",Kopsoep,8.36,11.94,30.0,30% volume voordeel,,,6 stuks,,True,AHOO,30% volume voordeel,2026-07-28,2999-12-31,,True,AH,https://www.ah.nl/producten/product/wi608726,2026-07-28,Knorr Cup-a-soup tomaat 6-pack,snacks
624112,0,Knorr Good noodles groente 6pack,Knorr,tussendoortjes,"Soepen, sauzen, kruiden, olie",Noedelsoep groenten,8.54,13.14,35.0,35% volume voordeel,,,6 stuks,,True,AHOO,35% volume voordeel,2026-07-28,2999-12-31,,True,AH,https://www.ah.nl/producten/product/wi624112,2026-07-28,Knorr Good noodles vegetable 6pack,snacks
586041,31156,AH Verse galia meloen,AH,tussendoortjes,"Fruit, verse sappen",Fruitsalade,1.6667,2.49,33.1,3 voor 5.00,5.0,3.0,150 g,normale prijs per kg €16.60,True,AH,3 voor 5.00,2026-07-27,2026-08-02,A,True,AH,https://www.ah.nl/producten/product/wi586041,2026-07-28,AH Fresh Galia melon,snacks
624108,0,Knorr Good noodles groente 2pack,Knorr,tussendoortjes,"Soepen, sauzen, kruiden, olie",Noedelsoep groenten,3.94,4.38,10.0,10% volume voordeel,,,2 stuks,,True,AHOO,10% volume voordeel,2026-07-28,2999-12-31,,True,AH,https://www.ah.nl/producten/product/wi624108,2026-07-28,Knorr Good noodles groente 2pack,snacks
624110,0,Knorr Good noodles groente 4pack,Knorr,tussendoortjes,"Soepen, sauzen, kruiden, olie",Noedelsoep groenten,6.57,8.76,25.0,25% volume voordeel,,,4 stuks,,True,AHOO,25% volume voordeel,2026-07-28,2999-12-31,,True,AH,https://www.ah.nl/producten/product/wi624110,2026-07-28,Knorr Good noodles vegetable 4pack,snacks
609337,0,Knorr Cup-a-soup tomaat 4-pack,Knorr,tussendoortjes,"Soepen, sauzen, kruiden, olie",Kopsoep,6.37,7.96,20.0,20% volume voordeel,,,4 stuks,,True,AHOO,20% volume voordeel,2026-07-28,2999-12-31,,True,AH,https://www.ah.nl/producten/product/wi609337,2026-07-28,Knorr Cup-a-soup tomato 4-pack,snacks
608715,0,Knorr Cup-a-soup kip 2-pack,Knorr,tussendoortjes,"Soepen, sauzen, kruiden, olie",Kopsoep,3.58,3.98,10.0,10% volume voordeel,,,2 stuks,,True,AHOO,10% volume voordeel,2026-07-28,2999-12-31,,True,AH,https://www.ah.nl/producten/product/wi608715,2026-07-28,Knorr Cup-a-soup kip 2-pack,snacks
237275,830169,Zuivelhoeve Boer'n muesli bosvruchten,Zuivelhoeve,tussendoortjes,"Zuivel, eieren",Yoghurt tussendoortjes,1.89,1.89,,,,,170 g,prijs per kg €11.12,False,,,,,B,True,AH,https://www.ah.nl/producten/product/wi237275,2026-07-28,Zuivelhoeve Boer'n muesli bosvruchten,snacks
132032,594307,Liga Milkbreak melk,Liga,tussendoortjes,Tussendoortjes,Fruitbiscuit en melkbiscuit,3.19,3.19,,,,,245 g,prijs per kg €13.02,False,,,,,D,True,AH,https://www.ah.nl/producten/product/wi132032,2026-07-28,Liga Milkbreak milk,snacks
216245,809754,Melkunie Breaker kers yoghurt zonnebloempitten,Melkunie,tussendoortjes,"Zuivel, eieren",Yoghurt tussendoortjes,1.59,1.59,,,,,200 g,prijs per kg €7.95,False,,,,,C,True,AH,https://www.ah.nl/producten/product/wi216245,2026-07-28,Melkunie Breaker cherry yoghurt sunflower seeds,snacks
451646,564269,Zuivelhoeve Boer'n yoghurt naturel & muesli,Zuivelhoeve,tussendoortjes,"Zuivel, eieren",Yoghurt tussendoortjes,1.89,1.89,,,,,170 g,prijs per kg €11.12,False,,,,,B,True,AH,https://www.ah.nl/producten/product/wi451646,2026-07-28,Zuivelhoeve Boer'n yogurt natural & muesli,snacks
439279,72482,Bolletje Oerknäck waldkorn,Bolletje,tussendoortjes,Bakkerij,Knackebrod,2.49,2.49,,,,,300 g,prijs per kg €8.30,False,,,,,A,True,AH,https://www.ah.nl/producten/product/wi439279,2026-07-28,Bolletje Oerknäck waldkorn,snacks
232295,824949,Mitsuba Wasabi crispy rice crackers,Mitsuba,tussendoortjes,Bakkerij,Toast crackers,2.19,2.19,,,,,100 g,prijs per kg €21.90,False,,,,,D,True,AH,https://www.ah.nl/producten/product/wi232295,2026-07-28,Mitsuba Wasabi crispy rice crackers,snacks
588172,33431,Sultana Fruitbiscuit bosvruchten,Sultana,tussendoortjes,Tussendoortjes,Fruitbiscuit en melkbiscuit,2.79,2.79,,,,,218 g,prijs per kg €12.80,False,,,,,D,True,AH,https://www.ah.nl/producten/product/wi588172,2026-07-28,Sultana Fruit biscuit forest fruits,snacks
593400,39536,AH IJskoffie cappuccino proteine,AH,tussendoortjes,"Koffie, thee",IJskoffie,0.89,0.89,,,,,250 ml,prijs per liter €3.56,False,,,,,C,True,AH,https://www.ah.nl/producten/product/wi593400,2026-07-28,AH Iced coffee cappuccino protein,snacks
169758,752122,Wasa Delicate crisp rosemary & salt,Wasa,tussendoortjes,Bakkerij,Crackers,2.59,2.59,,,,,190 g,prijs per kg €13.63,False,,,,,D,True,AH,https://www.ah.nl/producten/product/wi169758,2026-07-28,Wasa Delicate crisp rosemary & salt,snacks
607933,0,Trek Protein oat bars biscoff 4-pack,Trek,tussendoortjes,Tussendoortjes,Proteïnerepen,12.89,15.16,15.0,15% volume voordeel,,,4 stuks,,True,AHOO,15% volume voordeel,2026-07-28,2999-12-31,,True,AH,https://www.ah.nl/producten/product/wi607933,2026-07-28,Trek Protein oat bars biscoff 4-pack,snacks
608716,0,Knorr Cup-a-soup kip 6-pack,Knorr,tussendoortjes,"Soepen, sauzen, kruiden, olie",Kopsoep,8.36,11.94,30.0,30% volume voordeel,,,6 stuks,,True,AHOO,30% volume voordeel,2026-07-28,2999-12-31,,True,AH,https://www.ah.nl/producten/product/wi608716,2026-07-28,Knorr Cup-a-soup kip 6-pack,snacks
609336,0,Knorr Cup-a-soup kip 4-pack,Knorr,tussendoortjes,"Soepen, sauzen, kruiden, olie",Kopsoep,6.37,7.96,20.0,20% volume voordeel,,,4 stuks,,True,AHOO,20% volume voordeel,2026-07-28,2999-12-31,,True,AH,https://www.ah.nl/producten/product/wi609336,2026-07-28,Knorr Cup-a-soup chicken 4-pack,snacks
608697,0,Knorr Cup-a-soup champignoncrème 10pack 2-pack,Knorr,tussendoortjes,"Soepen, sauzen, kruiden, olie",Kopsoep,11.14,12.38,10.0,10% volume voordeel,,,2 stuks,,True,AHOO,10% volume voordeel,2026-07-28,2999-12-31,,True,AH,https://www.ah.nl/producten/product/wi608697,2026-07-28,Knorr Cup-a-soup mushroom cream 10pack 2-pack,snacks
517283,550837,AH Biologisch Haverkoekjes naturel,AH Biologisch,tussendoortjes,Tussendoortjes,Haverrepen,1.49,1.49,,,,,300 g,prijs per kg €4.97,False,,,,,D,True,AH,https://www.ah.nl/producten/product/wi517283,2026-07-28,AH Organic Oat Cookies natural,snacks
211955,807094,AH Mueslireep chocolade,AH,tussendoortjes,Tussendoortjes,Mueslirepen,1.69,1.69,,,,,150 g,prijs per kg €11.27,False,,,,,C,True,AH,https://www.ah.nl/producten/product/wi211955,2026-07-28,AH Muesli bar chocolate,snacks
607932,0,Trek Protein oat bars biscoff 2-pack,Trek,tussendoortjes,Tussendoortjes,Proteïnerepen,6.82,7.58,10.0,10% volume voordeel,,,2 stuks,,True,AHOO,10% volume voordeel,2026-07-28,2999-12-31,,True,AH,https://www.ah.nl/producten/product/wi607932,2026-07-28,Trek Protein oat bars biscoff 2-pack,snacks
563725,769,Peijnenburg Ontbijtkoek naturel gesneden,Peijnenburg,tussendoortjes,"Ontbijtgranen, beleg",Ontbijtkoek (gesneden),2.99,2.99,,,,,550 g,prijs per kg €5.44,False,,,,,D,True,AH,https://www.ah.nl/producten/product/wi563725,2026-07-28,Peijnenburg Naturally sliced ​​gingerbread,snacks
388995,846010,Starbucks Frappuccino caramel ijskoffie,Starbucks,tussendoortjes,"Koffie, thee",IJskoffie,2.29,2.29,,,,,250 ml,prijs per liter €9.16,False,,,,,D,True,AH,https://www.ah.nl/producten/product/wi388995,2026-07-28,Starbucks Frappuccino caramel iced coffee,snacks
520275,12971,AH Verse ananas appel druif,AH,tussendoortjes,"Fruit, verse sappen",Fruitsalade,1.6667,2.49,33.1,3 voor 5.00,5.0,3.0,150 g,normale prijs per kg €16.60,True,AH,3 voor 5.00,2026-07-27,2026-08-02,A,True,AH,https://www.ah.nl/producten/product/wi520275,2026-07-28,AH Fresh pineapple apple grape,snacks
615685,0,Zuivelhoeve Boer'n muesli bosvruchten 4-pack,Zuivelhoeve,tussendoortjes,"Zuivel, eieren",Yoghurt tussendoortjes,6.8,7.56,10.0,10% volume voordeel,,,4 stuks,,True,AHOO,10% volume voordeel,2026-07-28,2999-12-31,,True,AH,https://www.ah.nl/producten/product/wi615685,2026-07-28,Zuivelhoeve Boer'n muesli forest fruits 4-pack,snacks
435755,48743,Liga Belvita chocolade koekjes,Liga,tussendoortjes,Tussendoortjes,Haverrepen,3.69,3.69,,,,,300 g,prijs per kg €12.30,False,,,,,D,True,AH,https://www.ah.nl/producten/product/wi435755,2026-07-28,Liga Belvita chocolade koekjes,snacks
167430,643605,Hero B'tween mueslireep kokos & chocolade,Hero,tussendoortjes,Tussendoortjes,Mueslirepen,1.79,2.45,26.9,voor 1.79,1.79,,6 x 25 g,normale prijs per kg €16.33,True,AH,VOOR 1.79,2026-07-27,2026-08-02,,True,AH,https://www.ah.nl/producten/product/wi167430,2026-07-28,Hero B'tween muesli bar coconut & chocolate,snacks
615689,0,Zuivelhoeve Boer'n yoghurt naturel & muesli 4-pack,Zuivelhoeve,tussendoortjes,"Zuivel, eieren",Yoghurt tussendoortjes,6.8,7.56,10.0,10% volume voordeel,,,4 stuks,,True,AHOO,10% volume voordeel,2026-07-28,2999-12-31,,True,AH,https://www.ah.nl/producten/product/wi615689,2026-07-28,Zuivelhoeve Boer'n yoghurt naturel & muesli 4-pack,snacks
594142,42621,AH Verse cantaloupe meloen,AH,tussendoortjes,"Fruit, verse sappen",Fruitsalade,1.6667,2.49,33.1,3 voor 5.00,5.0,3.0,150 g,normale prijs per kg €16.60,True,AH,3 voor 5.00,2026-07-27,2026-08-02,A,True,AH,https://www.ah.nl/producten/product/wi594142,2026-07-28,AH Fresh cantaloupe melon,snacks
599566,49424,AH Proteïne repen witte choco cookies&cream,AH,tussendoortjes,Tussendoortjes,Proteïnerepen,2.99,2.99,,,,,135 g,prijs per kg €22.15,False,,,,,D,True,AH,https://www.ah.nl/producten/product/wi599566,2026-07-28,AH Protein bars white chocolate cookies & cream,snacks
513518,13682,Bolletje Luchtig knäckebröd sesam,Bolletje,tussendoortjes,Bakkerij,Knackebrod,1.69,1.69,,,,,240 g,prijs per kg €7.04,False,,,,,A,True,AH,https://www.ah.nl/producten/product/wi513518,2026-07-28,Bolletje Light crispbread sesame,snacks
603327,0,Sultana Fruitbiscuit bosvruchten 3-pack,Sultana,tussendoortjes,Tussendoortjes,Fruitbiscuit en melkbiscuit,7.53,8.37,10.0,10% volume voordeel,,,3 stuks,,True,AHOO,10% volume voordeel,2026-07-28,2999-12-31,,True,AH,https://www.ah.nl/producten/product/wi603327,2026-07-28,Sultana Fruitbiscuit bosvruchten 3-pack,snacks
224900,818959,Sultana Fruitbiscuit bosvruchten voordeelpak,Sultana,tussendoortjes,Tussendoortjes,Fruitbiscuit en melkbiscuit,3.39,3.39,,,,,306 g,prijs per kg €11.08,False,,,,,D,True,AH,https://www.ah.nl/producten/product/wi224900,2026-07-28,Sultana Fruit biscuit forest fruits value pack,snacks
513514,13631,Bolletje Vezelrijk boeren beschuit meerzaden,Bolletje,tussendoortjes,Bakkerij,Beschuit,1.99,1.99,,,,,10 stuks,,False,,,,,A,True,AH,https://www.ah.nl/producten/product/wi513514,2026-07-28,Bolletje Fiber-rich farmers rusk multi-seed,snacks
518063,613621,AH Biologisch Stevige crackers volkoren,AH Biologisch,tussendoortjes,Bakkerij,Crackers,1.99,1.99,,,,,200 g,prijs per kg €9.95,False,,,,,B,True,AH,https://www.ah.nl/producten/product/wi518063,2026-07-28,AH Organic Solid crackers whole wheat,snacks
130085,101807,Yum Yum Shrimp flavour instant noodles,Yum Yum,tussendoortjes,"Soepen, sauzen, kruiden, olie",Noedelsoep garnalen,0.65,0.65,,,,,60 g,prijs per kg €10.83,False,,,,,C,True,AH,https://www.ah.nl/producten/product/wi130085,2026-07-28,Yum Yum Shrimp flavor instant noodles,snacks
54752,509733,Liga Haverkick appelsmaak,Liga,tussendoortjes,Tussendoortjes,Fruitrepen,2.89,2.89,,,,,200 g,prijs per kg €14.45,False,,,,,D,True,AH,https://www.ah.nl/producten/product/wi54752,2026-07-28,Liga Haverkick appelsmaak,snacks
604789,0,Knorr Cup-a-soup champignon crème 4-pack,Knorr,tussendoortjes,"Soepen, sauzen, kruiden, olie",Kopsoep,22.28,24.76,10.0,10% volume voordeel,,,4 stuks,,True,AHOO,10% volume voordeel,2026-07-28,2999-12-31,,True,AH,https://www.ah.nl/producten/product/wi604789,2026-07-28,Knorr Cup-a-soup mushroom cream 4-pack,snacks
3762,7911,Liga Vitalu crackers volkoren,Liga,tussendoortjes,Bakkerij,Crackers,2.69,2.69,,,,,200 g,prijs per kg €13.45,False,,,,,C,True,AH,https://www.ah.nl/producten/product/wi3762,2026-07-28,Liga Vitalu crackers volkoren,snacks
217847,812695,AH Ontbijtkoek naturel ongesneden,AH,tussendoortjes,"Ontbijtgranen, beleg",Ontbijtkoek (ongesneden),1.05,1.05,,,,,550 g,prijs per kg €1.91,False,,,,,D,True,AH,https://www.ah.nl/producten/product/wi217847,2026-07-28,AH Ontbijtkoek naturel ongesneden,snacks
609586,0,Starbucks Frappuccino caramel ijskoffie 4-pack,Starbucks,tussendoortjes,"Koffie, thee",IJskoffie,8.7,9.16,5.0,5% volume voordeel,,,4 stuks,,True,AHOO,5% volume voordeel,2026-07-28,2999-12-31,,True,AH,https://www.ah.nl/producten/product/wi609586,2026-07-28,Starbucks Frappuccino caramel iced coffee 4-pack,snacks
615244,0,Sultana Fruitbiscuit bosvruchten 2-pack,Sultana,tussendoortjes,Tussendoortjes,Fruitbiscuit en melkbiscuit,5.3,5.58,5.0,5% volume voordeel,,,2 stuks,,True,AHOO,5% volume voordeel,2026-07-28,2999-12-31,,True,AH,https://www.ah.nl/producten/product/wi615244,2026-07-28,Sultana Fruit biscuit forest fruits 2-pack,snacks
590128,0,Liga Milkbreak Melk 2-pack,Liga,tussendoortjes,Tussendoortjes,Fruitbiscuit en melkbiscuit,6.06,6.38,5.0,5% volume voordeel,,,2 stuks,,True,AHOO,5% volume voordeel,2026-07-28,2999-12-31,,True,AH,https://www.ah.nl/producten/product/wi590128,2026-07-28,Liga Milkbreak Milk 2-pack,snacks
609587,0,Starbucks Frappuccino caramel ijskoffie 6-pack,Starbucks,tussendoortjes,"Koffie, thee",IJskoffie,12.37,13.74,10.0,10% volume voordeel,,,6 stuks,,True,AHOO,10% volume voordeel,2026-07-28,2999-12-31,,True,AH,https://www.ah.nl/producten/product/wi609587,2026-07-28,Starbucks Frappuccino caramel iced coffee 6-pack,snacks
619590,0,AH Biologisch Stevige crackers volkoren 2-pack,AH Biologisch,tussendoortjes,Bakkerij,Crackers,3.9,3.98,2.0,2% volume voordeel,,,2 stuks,,True,AHOO,2% volume voordeel,2026-07-28,2999-12-31,,True,AH,https://www.ah.nl/producten/product/wi619590,2026-07-28,AH Biologisch Stevige crackers volkoren 2-pack,snacks
457701,647870,Snelle Jelle Kruidkoek rozijn 5-pack,Snelle Jelle,tussendoortjes,"Ontbijtgranen, beleg",Ontbijtkoekrepen,2.89,2.89,,,,,5 stuks,prijs per kg €8.89,False,,,,,D,True,AH,https://www.ah.nl/producten/product/wi457701,2026-07-28,Fast Jelle Kruidkoek raisin 5-pack,snacks
607911,0,Snelle Jelle Kruidkoek rozijn 10-pack,Snelle Jelle,tussendoortjes,"Ontbijtgranen, beleg",Ontbijtkoekrepen,5.2,5.78,10.0,10% volume voordeel,,,2 stuks,,True,AHOO,10% volume voordeel,2026-07-28,2999-12-31,,True,AH,https://www.ah.nl/producten/product/wi607911,2026-07-28,Fast Jelle Kruidkoek raisin 10-pack,snacks
615684,0,Zuivelhoeve Boer'n muesli bosvruchten 3-pack,Zuivelhoeve,tussendoortjes,"Zuivel, eieren",Yoghurt tussendoortjes,5.39,5.67,5.0,5% volume voordeel,,,3 stuks,,True,AHOO,5% volume voordeel,2026-07-28,2999-12-31,,True,AH,https://www.ah.nl/producten/product/wi615684,2026-07-28,Zuivelhoeve Boer'n muesli forest fruits 3-pack,snacks
619592,0,AH Biologisch Stevige crackers volkoren 4-pack,AH Biologisch,tussendoortjes,Bakkerij,Crackers,7.48,7.96,6.0,6% volume voordeel,,,4 stuks,,True,AHOO,6% volume voordeel,2026-07-28,2999-12-31,,True,AH,https://www.ah.nl/producten/product/wi619592,2026-07-28,AH Organic Solid crackers whole wheat 4-pack,snacks
619591,0,AH Biologisch Stevige crackers volkoren 3-pack,AH Biologisch,tussendoortjes,Bakkerij,Crackers,5.73,5.97,4.0,4% volume voordeel,,,3 stuks,,True,AHOO,4% volume voordeel,2026-07-28,2999-12-31,,True,AH,https://www.ah.nl/producten/product/wi619591,2026-07-28,AH Organic Solid crackers whole wheat 3-pack,snacks
575542,16953,Melkunie Breaker yoghurt appeltaart,Melkunie,tussendoortjes,"Zuivel, eieren",Yoghurt tussendoortjes,1.69,1.69,,,,,200 g,prijs per kg €8.45,False,,,,,C,True,AH,https://www.ah.nl/producten/product/wi575542,2026-07-28,Melkunie Breaker yogurt apple pie,snacks
588160,33584,Sultana Knapperige biscuit kaneel,Sultana,tussendoortjes,Tussendoortjes,Fruitbiscuit en melkbiscuit,2.19,2.19,,,,,207 g,prijs per kg €10.58,False,,,,,D,True,AH,https://www.ah.nl/producten/product/wi588160,2026-07-28,Sultana Knapperige biscuit kaneel,snacks
457694,647503,Bolletje Goed bezig havermoutrepen naturel,Bolletje,tussendoortjes,Tussendoortjes,Haverrepen,2.39,2.39,,,,,210 g,prijs per kg €11.38,False,,,,,A,True,AH,https://www.ah.nl/producten/product/wi457694,2026-07-28,Bolletje Good job oatmeal bars natural,snacks
594668,0,Melkunie kers yoghurt zonnebloempitten 4-pack,Melkunie,tussendoortjes,"Zuivel, eieren",Yoghurt tussendoortjes,6.04,6.36,5.0,5% volume voordeel,,,4 stuks,,True,AHOO,5% volume voordeel,2026-07-28,2999-12-31,,True,AH,https://www.ah.nl/producten/product/wi594668,2026-07-28,Melkunie cherry yoghurt sunflower seeds 4-pack,snacks
608698,0,Knorr Cup-a-soup champignoncrème 10pack 6-pack,Knorr,tussendoortjes,"Soepen, sauzen, kruiden, olie",Kopsoep,26.0,37.14,30.0,30% volume voordeel,,,6 stuks,,True,AHOO,30% volume voordeel,2026-07-28,2999-12-31,,True,AH,https://www.ah.nl/producten/product/wi608698,2026-07-28,Knorr Cup-a-soup mushroom cream 10pack 6-pack,snacks
132037,594312,Liga Milkbreak melk-aardbeiensmaak,Liga,tussendoortjes,Tussendoortjes,Fruitbiscuit en melkbiscuit,3.19,3.19,,,,,245 g,prijs per kg €13.02,False,,,,,D,True,AH,https://www.ah.nl/producten/product/wi132037,2026-07-28,Liga Milkbreak milk-strawberry flavour,snacks
577361,19494,AH Snack up noodles kip,AH,tussendoortjes,"Soepen, sauzen, kruiden, olie",Noedelsoep kip,0.39,0.39,,,,,60 g,prijs per kg €6.50,False,,,,,C,True,AH,https://www.ah.nl/producten/product/wi577361,2026-07-28,AH Snack up noodles chicken,snacks
588199,33492,Nescafé Latte caramel,Nescafé,tussendoortjes,"Koffie, thee",IJskoffie,1.99,1.99,,,,,250 ml,prijs per liter €7.96,False,,,,,C,True,AH,https://www.ah.nl/producten/product/wi588199,2026-07-28,Nescafe Latte caramel,snacks
450774,574119,Indo mie Noodles chicken 5-pack,Indo mie,tussendoortjes,"Soepen, sauzen, kruiden, olie",Noedelsoep kip,3.29,3.29,,,,,5 x 70gr,prijs per kg €9.40,False,,,,,E,True,AH,https://www.ah.nl/producten/product/wi450774,2026-07-28,Indo mie Noodles chicken 5-pack,snacks
509355,675481,AH Mueslireep rood fruitsmaak zero,AH,tussendoortjes,Tussendoortjes,Mueslirepen,1.59,1.59,,,,,150 g,prijs per kg €10.60,False,,,,,A,True,AH,https://www.ah.nl/producten/product/wi509355,2026-07-28,AH Muesli bar red fruit flavor zero,snacks
556368,0,Liga Milkbreak melk 3-pack,Liga,tussendoortjes,Tussendoortjes,Fruitbiscuit en melkbiscuit,8.61,9.57,10.0,10% volume voordeel,,,3 stuks,,True,AHOO,10% volume voordeel,2026-07-28,2999-12-31,,True,AH,https://www.ah.nl/producten/product/wi556368,2026-07-28,Liga Milkbreak milk 3-pack,snacks
598964,48004,Knorr Cup-a-soup Indiase curry,Knorr,tussendoortjes,"Soepen, sauzen, kruiden, olie",Kopsoep,2.15,2.15,,,,,51 g,prijs per kg €42.16,False,,,,,C,True,AH,https://www.ah.nl/producten/product/wi598964,2026-07-28,Knorr Cup-a-soup Indian curry,snacks
415680,686828,AH IJskoffie cappuccino,AH,tussendoortjes,"Koffie, thee",IJskoffie,0.79,0.79,,,,,250 ml,prijs per liter €3.16,False,,,,,D,True,AH,https://www.ah.nl/producten/product/wi415680,2026-07-28,AH Iced coffee cappuccino,snacks
615688,0,Zuivelhoeve Boer'n yoghurt naturel & muesli 3-pack,Zuivelhoeve,tussendoortjes,"Zuivel, eieren",Yoghurt tussendoortjes,5.39,5.67,5.0,5% volume voordeel,,,3 stuks,,True,AHOO,5% volume voordeel,2026-07-28,2999-12-31,,True,AH,https://www.ah.nl/producten/product/wi615688,2026-07-28,Zuivelhoeve Boer'n yogurt natural & muesli 3-pack,snacks
598961,47998,Knorr Cup-a-soup tomaat 10-pack,Knorr,tussendoortjes,"Soepen, sauzen, kruiden, olie",Kopsoep,6.19,6.19,,,,,180 g,prijs per kg €34.39,False,,,,,C,True,AH,https://www.ah.nl/producten/product/wi598961,2026-07-28,Knorr Cup-a-soup tomato 10-pack,snacks
407165,852770,Nature Valley Protein pinda & chocolade repen,Nature Valley,tussendoortjes,Tussendoortjes,Proteïnerepen,4.19,4.19,,,,,160 g,prijs per kg €26.19,False,,,,,D,True,AH,https://www.ah.nl/producten/product/wi407165,2026-07-28,Nature Valley Protein pinda & chocolade repen,snacks
439403,72486,Bolletje Oerknäck robuust volkoren,Bolletje,tussendoortjes,Bakkerij,Knackebrod,2.49,2.49,,,,,300 g,prijs per kg €8.30,False,,,,,A,True,AH,https://www.ah.nl/producten/product/wi439403,2026-07-28,Bolletje Oerknäck robust whole wheat,snacks
382535,842146,AH Biologisch Rijstwafels quinoa,AH Biologisch,tussendoortjes,"Ontbijtgranen, beleg",Rijstwafels,1.49,1.49,,,,,130 g,prijs per kg €11.46,False,,,,,B,True,AH,https://www.ah.nl/producten/product/wi382535,2026-07-28,AH Organic Rice Waffles quinoa,snacks
604204,57858,AH Dunne linzenwafels naturel 4-pack,AH,tussendoortjes,"Ontbijtgranen, beleg","Linzenwafels, kikkererwtwafels",1.99,1.99,,,,,4 stuks,,False,,,,,A,True,AH,https://www.ah.nl/producten/product/wi604204,2026-07-28,AH Thin lentil waffles natural 4-pack,snacks
607978,0,Nescafé Latte caramel 12-pack,Nescafé,tussendoortjes,"Koffie, thee",IJskoffie,21.49,23.88,10.0,10% volume voordeel,,,12 stuks,,True,AHOO,10% volume voordeel,2026-07-28,2999-12-31,,True,AH,https://www.ah.nl/producten/product/wi607978,2026-07-28,Nescafé Latte caramel 12-pack,snacks
607979,0,Nescafé Latte caramel 4-pack,Nescafé,tussendoortjes,"Koffie, thee",IJskoffie,7.72,7.96,3.0,3% volume voordeel,,,4 stuks,,True,AHOO,3% volume voordeel,2026-07-28,2999-12-31,,True,AH,https://www.ah.nl/producten/product/wi607979,2026-07-28,Nescafé Latte caramel 4-pack,snacks
604803,0,Melkunie Breaker kers yoghurt zonnebloem 6-pack,Melkunie,tussendoortjes,"Zuivel, eieren",Yoghurt tussendoortjes,8.59,9.54,10.0,10% volume voordeel,,,6 stuks,,True,AHOO,10% volume voordeel,2026-07-28,2999-12-31,,True,AH,https://www.ah.nl/producten/product/wi604803,2026-07-28,Melkunie Breaker kers yoghurt zonnebloem 6-pack,snacks
607982,0,Nescafé Latte caramel 6-pack,Nescafé,tussendoortjes,"Koffie, thee",IJskoffie,11.22,11.94,6.0,6% volume voordeel,,,6 stuks,,True,AHOO,6% volume voordeel,2026-07-28,2999-12-31,,True,AH,https://www.ah.nl/producten/product/wi607982,2026-07-28,Nescafé Latte caramel 6-pack,snacks
517312,698244,AH Digestive 0% suiker,AH,tussendoortjes,Tussendoortjes,Haverrepen,1.29,1.29,,,,,400 g,prijs per kg €3.23,False,,,,,C,True,AH,https://www.ah.nl/producten/product/wi517312,2026-07-28,AH Digestive 0% sugar,snacks
168915,752013,Douwe Egberts Ice cappuccino ijskoffie,Douwe Egberts,tussendoortjes,"Koffie, thee",IJskoffie,1.59,1.59,,2e Halve Prijs,,2.0,230 ml,normale prijs per liter €6.91,True,AH,2e Halve Prijs,2026-07-27,2026-08-02,C,True,AH,https://www.ah.nl/producten/product/wi168915,2026-07-28,Douwe Egberts Ice cappuccino ijskoffie,snacks
622453,0,AH Dunne linzenwafels naturel 4-pack 2-pack,AH,tussendoortjes,"Ontbijtgranen, beleg","Linzenwafels, kikkererwtwafels",3.9,3.98,2.0,2% volume voordeel,,,2 stuks,,True,AHOO,2% volume voordeel,2026-07-28,2999-12-31,,True,AH,https://www.ah.nl/producten/product/wi622453,2026-07-28,AH Thin lentil waffles natural 4-pack 2-pack,snacks
622455,0,AH Dunne linzenwafels naturel 4-pack 4-pack,AH,tussendoortjes,"Ontbijtgranen, beleg","Linzenwafels, kikkererwtwafels",7.64,7.96,4.0,4% volume voordeel,,,4 stuks,,True,AHOO,4% volume voordeel,2026-07-28,2999-12-31,,True,AH,https://www.ah.nl/producten/product/wi622455,2026-07-28,AH Thin lentil waffles natural 4-pack 4-pack,snacks
615250,0,Sultana Knapperige biscuit kaneel 2-pack,Sultana,tussendoortjes,Tussendoortjes,Fruitbiscuit en melkbiscuit,4.16,4.38,5.0,5% volume voordeel,,,2 stuks,,True,AHOO,5% volume voordeel,2026-07-28,2999-12-31,,True,AH,https://www.ah.nl/producten/product/wi615250,2026-07-28,Sultana Crispy biscuit cinnamon 2-pack,snacks
622454,0,AH Dunne linzenwafels naturel 4-pack 3-pack,AH,tussendoortjes,"Ontbijtgranen, beleg","Linzenwafels, kikkererwtwafels",5.79,5.97,3.0,3% volume voordeel,,,3 stuks,,True,AHOO,3% volume voordeel,2026-07-28,2999-12-31,,True,AH,https://www.ah.nl/producten/product/wi622454,2026-07-28,AH Thin lentil waffles natural 4-pack 3-pack,snacks
415048,686678,Bolletje Lichte crackers spelt,Bolletje,tussendoortjes,Bakkerij,Crackers,2.29,2.29,,,,,190 g,prijs per kg €12.05,False,,,,,A,True,AH,https://www.ah.nl/producten/product/wi415048,2026-07-28,Bolletje Light spelled crackers,snacks
544528,77506,AH Ontbijtkoekreep naturel 6-pack,AH,tussendoortjes,"Ontbijtgranen, beleg",Ontbijtkoekrepen,1.35,1.35,,,,,330 g,prijs per kg €4.09,False,,,,,D,True,AH,https://www.ah.nl/producten/product/wi544528,2026-07-28,AH Gingerbread bar natural 6-pack,snacks
133719,584627,AH Verse mango grootverpakking,AH,tussendoortjes,"Fruit, verse sappen",Fruitsalade,3.99,3.99,,,,,275 g,prijs per kg €14.51,False,,,,,A,True,AH,https://www.ah.nl/producten/product/wi133719,2026-07-28,AH Fresh mango bulk packaging,snacks
183216,754685,Zonnatura Amandel notenreep,Zonnatura,tussendoortjes,Tussendoortjes,Notenrepen,1.99,1.99,,,,,3 x 25 g,,False,,,,,D,True,AH,https://www.ah.nl/producten/product/wi183216,2026-07-28,Zonnatura Almond nut bar,snacks
594666,0,Melkunie Breaker apple pie yoghurt 4-pack,Melkunie,tussendoortjes,"Zuivel, eieren",Yoghurt tussendoortjes,6.42,6.76,5.0,5% volume voordeel,,,4 stuks,,True,AHOO,5% volume voordeel,2026-07-28,2999-12-31,,True,AH,https://www.ah.nl/producten/product/wi594666,2026-07-28,Melkunie Breaker apple pie yogurt 4-pack,snacks
615251,0,Sultana Knapperige biscuit kaneel 3-pack,Sultana,tussendoortjes,Tussendoortjes,Fruitbiscuit en melkbiscuit,5.91,6.57,10.0,10% volume voordeel,,,3 stuks,,True,AHOO,10% volume voordeel,2026-07-28,2999-12-31,,True,AH,https://www.ah.nl/producten/product/wi615251,2026-07-28,Sultana Crispy biscuit cinnamon 3-pack,snacks
52760,75165,Liga Vitalu crackers volkoren tarwemeel,Liga,tussendoortjes,Bakkerij,Crackers,2.65,2.65,,,,,200 g,prijs per kg €13.25,False,,,,,D,True,AH,https://www.ah.nl/producten/product/wi52760,2026-07-28,Liga Vitalu crackers whole wheat flour,snacks
407141,852743,AH Mueslireep hazelnoot,AH,tussendoortjes,Tussendoortjes,Notenrepen,1.65,1.65,,,,,150 g,prijs per kg €11.00,False,,,,,A,True,AH,https://www.ah.nl/producten/product/wi407141,2026-07-28,AH Mueslireep hazelnoot,snacks
565172,2814,Samyang Buldak hot chicken ramen carbonara,Samyang,tussendoortjes,"Soepen, sauzen, kruiden, olie",Noedelsoep kip,1.99,1.99,,,,,130 g,prijs per kg €15.31,False,,,,,E,True,AH,https://www.ah.nl/producten/product/wi565172,2026-07-28,Samyang Buldak hot chicken ramen carbonara,snacks
61739,535037,Danio Luchtige kwark aardbei vanille,Danio,tussendoortjes,"Zuivel, eieren",Kwark tussendoortjes,1.495,1.99,24.9,2 voor 2.99,2.99,2.0,2 x 125 g,normale prijs per kg €7.96,True,AH,2 voor 2.99,2026-07-27,2026-08-02,C,True,AH,https://www.ah.nl/producten/product/wi61739,2026-07-28,Danio Luchtige kwark aardbei vanille,snacks
169768,754477,Wasa Sandwich tomato & basil 3-pack,Wasa,tussendoortjes,Bakkerij,Knackebrod,2.49,2.49,,,,,120 g,prijs per kg €20.75,False,,,,,D,True,AH,https://www.ah.nl/producten/product/wi169768,2026-07-28,Wasa Sandwich tomato & basil 3-pack,snacks
593719,0,Danio kwark aardbei vanille 2-pack,Danio,tussendoortjes,"Zuivel, eieren",Kwark tussendoortjes,2.99,3.98,24.9,pakketkorting,,,2 stuks,,True,AHOO,,2026-07-28,2026-08-02,,True,AH,https://www.ah.nl/producten/product/wi593719,2026-07-28,Danio cottage cheese strawberry vanilla 2-pack,snacks
507903,691281,Leev Linzenwafels naturel,Leev,tussendoortjes,"Ontbijtgranen, beleg",Rijstwafels,2.29,2.29,,,,,100 g,prijs per kg €22.90,False,,,,,A,True,AH,https://www.ah.nl/producten/product/wi507903,2026-07-28,Leev Lentil Waffles natural,snacks
575472,16921,Danio Luchtige kwark perzik passievrucht,Danio,tussendoortjes,"Zuivel, eieren",Kwark tussendoortjes,1.495,1.99,24.9,2 voor 2.99,2.99,2.0,250 g,normale prijs per kg €7.96,True,AH,2 voor 2.99,2026-07-27,2026-08-02,C,True,AH,https://www.ah.nl/producten/product/wi575472,2026-07-28,Danio Airy cottage cheese peach passion fruit,snacks
595573,0,Danio kwark perzik passievrucht 2-pack,Danio,tussendoortjes,"Zuivel, eieren",Kwark tussendoortjes,2.99,3.98,24.9,pakketkorting,,,2 stuks,,True,AHOO,,2026-07-28,2026-08-02,,True,AH,https://www.ah.nl/producten/product/wi595573,2026-07-28,Danio cottage cheese peach passion fruit 2-pack,snacks
604799,0,Melkunie Breaker apple pie yoghurt 6-pack,Melkunie,tussendoortjes,"Zuivel, eieren",Yoghurt tussendoortjes,9.13,10.14,10.0,10% volume voordeel,,,6 stuks,,True,AHOO,10% volume voordeel,2026-07-28,2999-12-31,,True,AH,https://www.ah.nl/producten/product/wi604799,2026-07-28,Melkunie Breaker apple pie yogurt 6-pack,snacks
608712,0,Knorr Cup-a-soup Indiase curry 6-pack,Knorr,tussendoortjes,"Soepen, sauzen, kruiden, olie",Kopsoep,9.03,12.9,30.0,30% volume voordeel,,,6 stuks,,True,AHOO,30% volume voordeel,2026-07-28,2999-12-31,,True,AH,https://www.ah.nl/producten/product/wi608712,2026-07-28,Knorr Cup-a-soup Indian curry 6-pack,snacks
588159,33582,Sultana Fruitbiscuit appel,Sultana,tussendoortjes,Tussendoortjes,Fruitbiscuit en melkbiscuit,2.75,2.75,,,,,218 g,prijs per kg €12.61,False,,,,,D,True,AH,https://www.ah.nl/producten/product/wi588159,2026-07-28,Sultana Fruit biscuit apple,snacks
608710,0,Knorr Cup-a-soup Indiase curry 2-pack,Knorr,tussendoortjes,"Soepen, sauzen, kruiden, olie",Kopsoep,3.87,4.3,10.0,10% volume voordeel,,,2 stuks,,True,AHOO,10% volume voordeel,2026-07-28,2999-12-31,,True,AH,https://www.ah.nl/producten/product/wi608710,2026-07-28,Knorr Cup-a-soup Indian curry 2-pack,snacks
608723,0,Knorr Cup-a-soup tomaat 10-pack 2-pack,Knorr,tussendoortjes,"Soepen, sauzen, kruiden, olie",Kopsoep,11.14,12.38,10.0,10% volume voordeel,,,2 stuks,,True,AHOO,10% volume voordeel,2026-07-28,2999-12-31,,True,AH,https://www.ah.nl/producten/product/wi608723,2026-07-28,Knorr Cup-a-soup tomato 10-pack 2-pack,snacks
548153,707713,Trek Protein havermout repen smooth lemon,Trek,tussendoortjes,Tussendoortjes,Notenrepen,3.79,3.79,,,,,150 g,prijs per kg €25.27,False,,,,,E,True,AH,https://www.ah.nl/producten/product/wi548153,2026-07-28,Trek Protein oatmeal bars smooth lemon,snacks
477558,730838,Bolletje Ontbijtcrackers spelt volkoren,Bolletje,tussendoortjes,Bakkerij,Crackers,2.49,2.49,,,,,240 g,prijs per kg €10.38,False,,,,,A,True,AH,https://www.ah.nl/producten/product/wi477558,2026-07-28,Bolletje Ontbijtcrackers spelt volkoren,snacks
598983,48001,Knorr Cup-a-soup tomaat crème,Knorr,tussendoortjes,"Soepen, sauzen, kruiden, olie",Kopsoep,2.15,2.15,,,,,54 g,prijs per kg €39.81,False,,,,,C,True,AH,https://www.ah.nl/producten/product/wi598983,2026-07-28,Knorr Cup-a-soup tomato cream,snacks
614190,72097,AH Snoepgroente delicious orange,AH,tussendoortjes,"Groente, aardappelen",Snoepgroente,2.99,2.99,,,,,270 g,prijs per kg €11.07,False,,,,,A,True,AH,https://www.ah.nl/producten/product/wi614190,2026-07-28,AH Candy vegetables delicious orange,snacks
513524,14429,Snack a Jacks Dreamy chocolate chip,Snack a Jacks,tussendoortjes,"Ontbijtgranen, beleg",Rijstwafels,2.79,2.79,,,,,166 g,prijs per kg €16.81,False,,,,,C,True,AH,https://www.ah.nl/producten/product/wi513524,2026-07-28,Snack a Jacks Dreamy chocolate chip,snacks
566134,3578,AH IJskoffie macchiato karamelsmaak,AH,tussendoortjes,"Koffie, thee",IJskoffie,1.99,1.99,,,,,1 l,prijs per liter €1.99,False,,,,,C,True,AH,https://www.ah.nl/producten/product/wi566134,2026-07-28,AH Iced coffee macchiato caramel flavor,snacks
608711,0,Knorr Cup-a-soup Indiase curry 4-pack,Knorr,tussendoortjes,"Soepen, sauzen, kruiden, olie",Kopsoep,6.88,8.6,20.0,20% volume voordeel,,,4 stuks,,True,AHOO,20% volume voordeel,2026-07-28,2999-12-31,,True,AH,https://www.ah.nl/producten/product/wi608711,2026-07-28,Knorr Cup-a-soup Indian curry 4-pack,snacks
590367,0,Knorr Cup-a-soup tomaat 4-pack,Knorr,tussendoortjes,"Soepen, sauzen, kruiden, olie",Kopsoep,22.28,24.76,10.0,10% volume voordeel,,,4 stuks,,True,AHOO,10% volume voordeel,2026-07-28,2999-12-31,,True,AH,https://www.ah.nl/producten/product/wi590367,2026-07-28,Knorr Cup-a-soup tomato 4-pack,snacks
580141,0,AH Mild olijfolie spray 2-pack,AH,tussendoortjes,"Soepen, sauzen, kruiden, olie",Noedelsoep kip,7.01,7.38,5.0,5% volume voordeel,,,2 stuks,,True,AHOO,5% volume voordeel,2026-07-28,2999-12-31,,True,AH,https://www.ah.nl/producten/product/wi580141,2026-07-28,AH Mild olijfolie spray 2-pack,snacks
606904,62291,Knorr Good pasta carbonara,Knorr,tussendoortjes,Tussendoortjes,Pasta (tussendoor),2.19,2.19,,,,,71 g,prijs per kg €30.85,False,,,,,C,True,AH,https://www.ah.nl/producten/product/wi606904,2026-07-28,Knorr Good pasta carbonara,snacks
387923,845285,Wasa Lichtgewicht,Wasa,tussendoortjes,Bakkerij,Knackebrod,1.99,1.99,,,,,300 g,prijs per kg €6.63,False,,,,,B,True,AH,https://www.ah.nl/producten/product/wi387923,2026-07-28,Wasa Lightweight,snacks
624148,0,Knorr Good pasta carbonara 4-pack,Knorr,tussendoortjes,Tussendoortjes,Pasta (tussendoor),6.57,8.76,25.0,25% volume voordeel,,,4 stuks,,True,AHOO,25% volume voordeel,2026-07-28,2999-12-31,,True,AH,https://www.ah.nl/producten/product/wi624148,2026-07-28,Knorr Good pasta carbonara 4-pack,snacks
98439,818948,Sultana Fruitbiscuit naturel,Sultana,tussendoortjes,Tussendoortjes,Fruitbiscuit en melkbiscuit,2.79,2.79,,,,,218 g,prijs per kg €12.80,False,,,,,D,True,AH,https://www.ah.nl/producten/product/wi98439,2026-07-28,Sultana Fruit biscuit natural,snacks
576345,17975,Hero B'tween mueslireep zero pinda chocolade,Hero,tussendoortjes,Tussendoortjes,Mueslirepen,1.79,2.45,26.9,voor 1.79,1.79,,120 g,normale prijs per kg €20.42,True,AH,VOOR 1.79,2026-07-27,2026-08-02,,True,AH,https://www.ah.nl/producten/product/wi576345,2026-07-28,Hero B'tween muesli bar zero peanut chocolate,snacks
624147,0,Knorr Good pasta carbonara 2-pack,Knorr,tussendoortjes,Tussendoortjes,Pasta (tussendoor),3.94,4.38,10.0,10% volume voordeel,,,2 stuks,,True,AHOO,10% volume voordeel,2026-07-28,2999-12-31,,True,AH,https://www.ah.nl/producten/product/wi624147,2026-07-28,Knorr Good pasta carbonara 2-pack,snacks
608724,0,Knorr Cup-a-soup tomaat 10-pack 6-pack,Knorr,tussendoortjes,"Soepen, sauzen, kruiden, olie",Kopsoep,26.0,37.14,30.0,30% volume voordeel,,,6 stuks,,True,AHOO,30% volume voordeel,2026-07-28,2999-12-31,,True,AH,https://www.ah.nl/producten/product/wi608724,2026-07-28,Knorr Cup-a-soup tomato 10-pack 6-pack,snacks
601303,52739,AH Biologisch Snoepgroente wortel,AH Biologisch,tussendoortjes,"Groente, aardappelen",Snoepgroente,1.6667,1.89,11.8,3 voor 5.00,5.0,3.0,250 g,normale prijs per kg €7.56,True,AH,3 voor 5.00,2026-07-27,2026-08-02,A,True,AH,https://www.ah.nl/producten/product/wi601303,2026-07-28,AH Organic Candy Vegetable Carrot,snacks
624149,0,Knorr Good pasta carbonara 6-pack,Knorr,tussendoortjes,Tussendoortjes,Pasta (tussendoor),8.54,13.14,35.0,35% volume voordeel,,,6 stuks,,True,AHOO,35% volume voordeel,2026-07-28,2999-12-31,,True,AH,https://www.ah.nl/producten/product/wi624149,2026-07-28,Knorr Good pasta carbonara 6-pack,snacks
513498,7865,Bolletje Vezelrijk boeren beschuit volkoren,Bolletje,tussendoortjes,Bakkerij,Beschuit,1.99,1.99,,,,,10 stuks,,False,,,,,A,True,AH,https://www.ah.nl/producten/product/wi513498,2026-07-28,Bolletje Fiber rich farmer's rusk whole wheat,snacks
598960,47997,Knorr Cup-a-soup kip 10-pack,Knorr,tussendoortjes,"Soepen, sauzen, kruiden, olie",Kopsoep,6.19,6.19,,,,,120 g,prijs per kg €51.58,False,,,,,C,True,AH,https://www.ah.nl/producten/product/wi598960,2026-07-28,Knorr Cup-a-soup chicken 10-pack,snacks
598984,48003,Knorr Cup-a-soup Chinese tomaat,Knorr,tussendoortjes,"Soepen, sauzen, kruiden, olie",Kopsoep,1.99,1.99,,,,,51 g,prijs per kg €39.02,False,,,,,C,True,AH,https://www.ah.nl/producten/product/wi598984,2026-07-28,Knorr Cup-a-soup Chinese tomaat,snacks
456425,72628,AH Stevige crackers volkoren,AH,tussendoortjes,Bakkerij,Crackers,1.75,1.75,,,,,200 g,prijs per kg €8.75,False,,,,,C,True,AH,https://www.ah.nl/producten/product/wi456425,2026-07-28,AH Hearty crackers whole wheat,snacks
550218,53344,Isey Skyr perzik,Isey,tussendoortjes,"Zuivel, eieren",Skyr tussendoortjes,2.99,2.99,,,,,400 g,prijs per kg €7.48,False,,,,,A,True,AH,https://www.ah.nl/producten/product/wi550218,2026-07-28,Isey Skyr perzik,snacks
607172,63125,Holie's Chewy bar cookie dough,Holie's,tussendoortjes,Tussendoortjes,Notenrepen,3.29,3.29,,,,,105 g,prijs per kg €31.33,False,,,,,A,True,AH,https://www.ah.nl/producten/product/wi607172,2026-07-28,Holie's Chewy bar cookie dough,snacks
614757,0,Isey Skyr perzik 3-pack,Isey,tussendoortjes,"Zuivel, eieren",Skyr tussendoortjes,7.18,8.97,20.0,20% volume voordeel,,,3 stuks,,True,AHOO,20% volume voordeel,2026-07-28,2999-12-31,,True,AH,https://www.ah.nl/producten/product/wi614757,2026-07-28,Isey Skyr peach 3-pack,snacks
454872,604873,AH Snoepgroente wortel komkommer paprika,AH,tussendoortjes,"Groente, aardappelen",Snoepgroente,3.29,3.29,,,,,375 g,prijs per kg €8.77,False,,,,,A,True,AH,https://www.ah.nl/producten/product/wi454872,2026-07-28,AH Candy vegetables carrot cucumber pepper,snacks
615242,0,Sultana Fruitbiscuit appel 2-pack,Sultana,tussendoortjes,Tussendoortjes,Fruitbiscuit en melkbiscuit,5.22,5.5,5.0,5% volume voordeel,,,2 stuks,,True,AHOO,5% volume voordeel,2026-07-28,2999-12-31,,True,AH,https://www.ah.nl/producten/product/wi615242,2026-07-28,Sultana Fruit biscuit apple 2-pack,snacks
170345,598874,LU Mini crackers tomaat & basilicum,LU,tussendoortjes,Bakkerij,Toast crackers,2.29,2.29,,,,,250 g,prijs per kg €9.16,False,,,,,E,True,AH,https://www.ah.nl/producten/product/wi170345,2026-07-28,LU Mini crackers tomato & basil,snacks
168909,751993,Douwe Egberts Ice macchiato ijskoffie,Douwe Egberts,tussendoortjes,"Koffie, thee",IJskoffie,1.59,1.59,,2e Halve Prijs,,2.0,230 ml,normale prijs per liter €6.91,True,AH,2e Halve Prijs,2026-07-27,2026-08-02,D,True,AH,https://www.ah.nl/producten/product/wi168909,2026-07-28,Douwe Egberts Ice macchiato iced coffee,snacks
603326,0,Sultana Fruitbiscuit appel smaak 3-pack,Sultana,tussendoortjes,Tussendoortjes,Fruitbiscuit en melkbiscuit,7.42,8.25,10.0,10% volume voordeel,,,3 stuks,,True,AHOO,10% volume voordeel,2026-07-28,2999-12-31,,True,AH,https://www.ah.nl/producten/product/wi603326,2026-07-28,Sultana Fruit biscuit apple flavor 3-pack,snacks
608727,0,Knorr Cup-a-soup tomaatcrème 2-pack,Knorr,tussendoortjes,"Soepen, sauzen, kruiden, olie",Kopsoep,3.87,4.3,10.0,10% volume voordeel,,,2 stuks,,True,AHOO,10% volume voordeel,2026-07-28,2999-12-31,,True,AH,https://www.ah.nl/producten/product/wi608727,2026-07-28,Knorr Cup-a-soup tomato cream 2-pack,snacks
608729,0,Knorr Cup-a-soup tomaatcrème 6-pack,Knorr,tussendoortjes,"Soepen, sauzen, kruiden, olie",Kopsoep,9.03,12.9,30.0,30% volume voordeel,,,6 stuks,,True,AHOO,30% volume voordeel,2026-07-28,2999-12-31,,True,AH,https://www.ah.nl/producten/product/wi608729,2026-07-28,Knorr Cup-a-soup tomato cream 6-pack,snacks
603465,55755,Knorr Cup-a-soup pittige tomaat,Knorr,tussendoortjes,"Soepen, sauzen, kruiden, olie",Kopsoep,2.15,2.15,,,,,48 g,prijs per kg €44.79,False,,,,,C,True,AH,https://www.ah.nl/producten/product/wi603465,2026-07-28,Knorr Cup-a-soup spicy tomato,snacks
608704,0,Knorr Cup-a-soup Chinese tomaat 2-pack,Knorr,tussendoortjes,"Soepen, sauzen, kruiden, olie",Kopsoep,3.58,3.98,10.0,10% volume voordeel,,,2 stuks,,True,AHOO,10% volume voordeel,2026-07-28,2999-12-31,,True,AH,https://www.ah.nl/producten/product/wi608704,2026-07-28,Knorr Cup-a-soup Chinese tomato 2-pack,snacks
224899,818958,Sultana Fruitbiscuit appel voordeelpak,Sultana,tussendoortjes,Tussendoortjes,Fruitbiscuit en melkbiscuit,3.45,3.45,,,,,306 g,prijs per kg €11.27,False,,,,,D,True,AH,https://www.ah.nl/producten/product/wi224899,2026-07-28,Sultana Fruit biscuit apple value pack,snacks
608728,0,Knorr Cup-a-soup tomaatcrème 4-pack,Knorr,tussendoortjes,"Soepen, sauzen, kruiden, olie",Kopsoep,6.88,8.6,20.0,20% volume voordeel,,,4 stuks,,True,AHOO,20% volume voordeel,2026-07-28,2999-12-31,,True,AH,https://www.ah.nl/producten/product/wi608728,2026-07-28,Knorr Cup-a-soup tomato cream 4-pack,snacks
407166,852771,Nature Valley Protein salted caramel nut repen,Nature Valley,tussendoortjes,Tussendoortjes,Proteïnerepen,4.19,4.19,,,,,160 g,prijs per kg €26.19,False,,,,,D,True,AH,https://www.ah.nl/producten/product/wi407166,2026-07-28,Nature Valley Protein salted caramel nut repen,snacks
603328,0,Sultana Fruitbiscuit naturel 3-pack,Sultana,tussendoortjes,Tussendoortjes,Fruitbiscuit en melkbiscuit,7.53,8.37,10.0,10% volume voordeel,,,3 stuks,,True,AHOO,10% volume voordeel,2026-07-28,2999-12-31,,True,AH,https://www.ah.nl/producten/product/wi603328,2026-07-28,Sultana Fruitbiscuit naturel 3-pack,snacks
615243,0,Sultana Fruitbiscuit appel 3-pack,Sultana,tussendoortjes,Tussendoortjes,Fruitbiscuit en melkbiscuit,7.42,8.25,10.0,10% volume voordeel,,,3 stuks,,True,AHOO,10% volume voordeel,2026-07-28,2999-12-31,,True,AH,https://www.ah.nl/producten/product/wi615243,2026-07-28,Sultana Fruit biscuit apple 3-pack,snacks
212514,807207,Yum Yum Chicken flavour instant noodles,Yum Yum,tussendoortjes,"Soepen, sauzen, kruiden, olie",Noedelsoep kip,1.45,1.45,,,,,70 g,prijs per kg €20.71,False,,,,,C,True,AH,https://www.ah.nl/producten/product/wi212514,2026-07-28,Yum Yum Chicken flavor instant noodles,snacks
608705,0,Knorr Cup-a-soup Chinese tomaat 4-pack,Knorr,tussendoortjes,"Soepen, sauzen, kruiden, olie",Kopsoep,6.37,7.96,20.0,20% volume voordeel,,,4 stuks,,True,AHOO,20% volume voordeel,2026-07-28,2999-12-31,,True,AH,https://www.ah.nl/producten/product/wi608705,2026-07-28,Knorr Cup-a-soup Chinese tomato 4-pack,snacks
209868,805886,AH Mango,AH,tussendoortjes,"Fruit, verse sappen",Fruitsalade,2.99,2.99,,,,,190 g,prijs per kg €15.74,False,,,,,A,True,AH,https://www.ah.nl/producten/product/wi209868,2026-07-28,AH Mango,snacks
622690,0,AH Biologisch Peulvruchtensticks tomaat basillicum 2pk,AH Biologisch,tussendoortjes,Bakkerij,Crackers,3.86,3.98,3.0,3% volume voordeel,,,2 stuks,,True,AHOO,3% volume voordeel,2026-07-28,2999-12-31,,True,AH,https://www.ah.nl/producten/product/wi622690,2026-07-28,AH Organic Legume sticks tomato basillicum 2pk,snacks
622692,0,AH Biologisch Peulvruchtensticks tomaat basillicum 4pk,AH Biologisch,tussendoortjes,Bakkerij,Crackers,7.32,7.96,8.0,8% volume voordeel,,,4 stuks,,True,AHOO,8% volume voordeel,2026-07-28,2999-12-31,,True,AH,https://www.ah.nl/producten/product/wi622692,2026-07-28,AH Organic Legume sticks tomato basillicum 4pk,snacks
415679,686825,AH IJskoffie espresso,AH,tussendoortjes,"Koffie, thee",IJskoffie,0.79,0.79,,,,,250 ml,prijs per liter €3.16,False,,,,,C,True,AH,https://www.ah.nl/producten/product/wi415679,2026-07-28,AH Iced coffee espresso,snacks
492666,747601,Trek Protein havermout repen choc raspberry,Trek,tussendoortjes,Tussendoortjes,Haverrepen,3.79,3.79,,,,,150 g,prijs per kg €25.27,False,,,,,E,True,AH,https://www.ah.nl/producten/product/wi492666,2026-07-28,Trek Protein oatmeal bars choc raspberry,snacks
603463,55753,Knorr Cup-a-soup groente,Knorr,tussendoortjes,"Soepen, sauzen, kruiden, olie",Kopsoep,2.15,2.15,,,,,48 g,prijs per kg €44.79,False,,,,,C,True,AH,https://www.ah.nl/producten/product/wi603463,2026-07-28,Knorr Cup-a-soup vegetable,snacks
608706,0,Knorr Cup-a-soup Chinese tomaat 6-pack,Knorr,tussendoortjes,"Soepen, sauzen, kruiden, olie",Kopsoep,8.36,11.94,30.0,30% volume voordeel,,,6 stuks,,True,AHOO,30% volume voordeel,2026-07-28,2999-12-31,,True,AH,https://www.ah.nl/producten/product/wi608706,2026-07-28,Knorr Cup-a-soup Chinese tomato 6-pack,snacks
513517,13674,Bolletje Luchtig knäckebröd goudbros,Bolletje,tussendoortjes,Bakkerij,Knackebrod,1.69,1.69,,,,,240 g,prijs per kg €7.04,False,,,,,A,True,AH,https://www.ah.nl/producten/product/wi513517,2026-07-28,"Bolletje Light crispbread, golden brittle",snacks
622691,0,AH Biologisch Peulvruchtensticks tomaat basillicum 3pk,AH Biologisch,tussendoortjes,Bakkerij,Crackers,5.67,5.97,5.0,5% volume voordeel,,,3 stuks,,True,AHOO,5% volume voordeel,2026-07-28,2999-12-31,,True,AH,https://www.ah.nl/producten/product/wi622691,2026-07-28,AH Organic Legume sticks tomato basillicum 3pk,snacks
588200,33493,Nescafé Latte,Nescafé,tussendoortjes,"Koffie, thee",IJskoffie,1.99,1.99,,,,,250 ml,prijs per liter €7.96,False,,,,,C,True,AH,https://www.ah.nl/producten/product/wi588200,2026-07-28,Nescafe Latte,snacks
615247,0,Sultana Fruitbiscuit naturel 2-pack,Sultana,tussendoortjes,Tussendoortjes,Fruitbiscuit en melkbiscuit,5.3,5.58,5.0,5% volume voordeel,,,2 stuks,,True,AHOO,5% volume voordeel,2026-07-28,2999-12-31,,True,AH,https://www.ah.nl/producten/product/wi615247,2026-07-28,Sultana Fruitbiscuit naturel 2-pack,snacks
132024,586129,LU Time Out granenbiscuits naturel,LU,tussendoortjes,Tussendoortjes,Haverrepen,2.19,2.19,,,,,6 x 2 stuks,prijs per kg €12.81,False,,,,,E,True,AH,https://www.ah.nl/producten/product/wi132024,2026-07-28,LU Time Out grain biscuits natural,snacks
212517,807211,Yum Yum Vegetable flavour instant noodles,Yum Yum,tussendoortjes,"Soepen, sauzen, kruiden, olie",Noedelsoep groenten,0.65,0.65,,,,,60 g,prijs per kg €10.83,False,,,,,C,True,AH,https://www.ah.nl/producten/product/wi212517,2026-07-28,Yum Yum Vegetable flavor instant noodles,snacks
603841,57388,AH Biologisch Speltwafels met haver en rijst,AH Biologisch,tussendoortjes,"Ontbijtgranen, beleg",Rijstwafels,1.29,1.29,,,,,100 g,prijs per kg €12.90,False,,,,,A,True,AH,https://www.ah.nl/producten/product/wi603841,2026-07-28,AH Organic Spelled Waffles with oats and rice,snacks
563553,767,Peijnenburg Ontbijtkoek volkoren gesneden,Peijnenburg,tussendoortjes,"Ontbijtgranen, beleg",Ontbijtkoek (gesneden),2.69,2.69,,,,,345 g,prijs per kg €7.80,False,,,,,A,True,AH,https://www.ah.nl/producten/product/wi563553,2026-07-28,Peijnenburg Sliced ​​whole wheat gingerbread,snacks
576733,17969,Bolletje Goed bezig protein,Bolletje,tussendoortjes,Tussendoortjes,Proteïnerepen,2.69,2.69,,,,,200 g,prijs per kg €13.45,False,,,,,A,True,AH,https://www.ah.nl/producten/product/wi576733,2026-07-28,Bolletje Good job protein,snacks
570295,9401,Leev Linzenwafels paprika,Leev,tussendoortjes,"Ontbijtgranen, beleg",Rijstwafels,2.99,2.99,,,,,117 g,prijs per kg €25.56,False,,,,,A,True,AH,https://www.ah.nl/producten/product/wi570295,2026-07-28,Leev Lentil waffles paprika,snacks
578950,22253,AH Snoepgroente wortel bleekselderij,AH,tussendoortjes,"Groente, aardappelen",Snoepgroente,1.6667,1.85,9.9,3 voor 5.00,5.0,3.0,200 g,normale prijs per kg €9.25,True,AH,3 voor 5.00,2026-07-27,2026-08-02,A,True,AH,https://www.ah.nl/producten/product/wi578950,2026-07-28,AH Candy vegetable carrot celery,snacks
603466,55756,Knorr Cup-a-soup asperge,Knorr,tussendoortjes,"Soepen, sauzen, kruiden, olie",Kopsoep,2.15,2.15,,,,,45 g,prijs per kg €47.78,False,,,,,C,True,AH,https://www.ah.nl/producten/product/wi603466,2026-07-28,Knorr Cup-a-soup asparagus,snacks
603467,55757,Knorr Cup-a-soup mosterd,Knorr,tussendoortjes,"Soepen, sauzen, kruiden, olie",Kopsoep,2.15,2.15,,,,,60 g,prijs per kg €35.83,False,,,,,C,True,AH,https://www.ah.nl/producten/product/wi603467,2026-07-28,Knorr Cup-a-soup mustard,snacks
209856,804410,AH Verse kokosnoot,AH,tussendoortjes,"Fruit, verse sappen",Fruitsalade,1.6667,2.49,33.1,3 voor 5.00,5.0,3.0,90 g,normale prijs per kg €27.67,True,AH,3 voor 5.00,2026-07-27,2026-08-02,C,True,AH,https://www.ah.nl/producten/product/wi209856,2026-07-28,AH Fresh coconut,snacks
513522,14412,Snack a Jacks Smooooth caramel,Snack a Jacks,tussendoortjes,"Ontbijtgranen, beleg",Rijstwafels,2.69,2.69,,,,,140 g,prijs per kg €19.21,False,,,,,C,True,AH,https://www.ah.nl/producten/product/wi513522,2026-07-28,Snack a Jacks Smooth caramel,snacks
608713,0,Knorr Cup-a-soup kip 10-pack 2-pack,Knorr,tussendoortjes,"Soepen, sauzen, kruiden, olie",Kopsoep,11.14,12.38,10.0,10% volume voordeel,,,2 stuks,,True,AHOO,10% volume voordeel,2026-07-28,2999-12-31,,True,AH,https://www.ah.nl/producten/product/wi608713,2026-07-28,Knorr Cup-a-soup chicken 10-pack 2-pack,snacks
610807,67531,Mitsuba Sweet chili crispy rice crackers,Mitsuba,tussendoortjes,Bakkerij,Toast crackers,2.19,2.19,,,,,100 g,prijs per kg €21.90,False,,,,,D,True,AH,https://www.ah.nl/producten/product/wi610807,2026-07-28,Mitsuba Sweet chili crispy rice crackers,snacks
607930,0,Trek Protein havermout smooth lemon 2-pack,Trek,tussendoortjes,Tussendoortjes,Notenrepen,6.82,7.58,10.0,10% volume voordeel,,,2 stuks,,True,AHOO,10% volume voordeel,2026-07-28,2999-12-31,,True,AH,https://www.ah.nl/producten/product/wi607930,2026-07-28,Trek Protein oatmeal smooth lemon 2-pack,snacks
585862,30674,HiPRO Protein bar banana peanut butter,HiPRO,tussendoortjes,Tussendoortjes,Proteïnerepen,1.745,1.99,12.3,2 voor 3.49,3.49,2.0,45 g,normale prijs per kg €44.22,True,AH,2 voor 3.49,2026-07-27,2026-08-02,A,True,AH,https://www.ah.nl/producten/product/wi585862,2026-07-28,HiPRO Protein bar banana peanut butter,snacks
604790,0,Knorr Cup-a-soup kip 10 pack 4-pack,Knorr,tussendoortjes,"Soepen, sauzen, kruiden, olie",Kopsoep,22.28,24.76,10.0,10% volume voordeel,,,4 stuks,,True,AHOO,10% volume voordeel,2026-07-28,2999-12-31,,True,AH,https://www.ah.nl/producten/product/wi604790,2026-07-28,Knorr Cup-a-soup chicken 10 pack 4-pack,snacks
616910,73446,AH Kleintje yoghurt lemon curd,AH,tussendoortjes,"Zuivel, eieren",Yoghurt tussendoortjes,0.99,0.99,,,,,150 g,prijs per kg €6.60,False,,,,,C,True,AH,https://www.ah.nl/producten/product/wi616910,2026-07-28,AH Kleintje yoghurt lemon curd,snacks
407156,852761,Trek Protein havermout repen cocoa,Trek,tussendoortjes,Tussendoortjes,Haverrepen,3.79,3.79,,,,,3 stuks,prijs per kg €25.27,False,,,,,E,True,AH,https://www.ah.nl/producten/product/wi407156,2026-07-28,Trek Protein havermout repen cocoa,snacks
608714,0,Knorr Cup-a-soup kip 10-pack 6-pack,Knorr,tussendoortjes,"Soepen, sauzen, kruiden, olie",Kopsoep,26.0,37.14,30.0,30% volume voordeel,,,6 stuks,,True,AHOO,30% volume voordeel,2026-07-28,2999-12-31,,True,AH,https://www.ah.nl/producten/product/wi608714,2026-07-28,Knorr Cup-a-soup chicken 10-pack 6-pack,snacks
624083,0,Knorr Cup-a-soup mosterd 6-pack,Knorr,tussendoortjes,"Soepen, sauzen, kruiden, olie",Kopsoep,8.38,12.9,35.0,35% volume voordeel,,,6 stuks,,True,AHOO,35% volume voordeel,2026-07-28,2999-12-31,,True,AH,https://www.ah.nl/producten/product/wi624083,2026-07-28,Knorr Cup-a-soup mustard 6-pack,snacks
457693,647384,Bolletje Goed bezig graanrepen cranberry,Bolletje,tussendoortjes,Tussendoortjes,Mueslirepen,2.39,2.39,,,,,210 g,prijs per kg €11.38,False,,,,,B,True,AH,https://www.ah.nl/producten/product/wi457693,2026-07-28,"Bolletje Good job, cranberry cereal bars",snacks
608938,65272,Starbucks Frappuccino caramel flavour ijskoffie,Starbucks,tussendoortjes,"Koffie, thee",IJskoffie,3.99,3.99,,,,,"0,7 l",prijs per liter €5.70,False,,,,,D,True,AH,https://www.ah.nl/producten/product/wi608938,2026-07-28,Starbucks Frappuccino caramel flavor iced coffee,snacks
624082,0,Knorr Cup-a-soup mosterd 4-pack,Knorr,tussendoortjes,"Soepen, sauzen, kruiden, olie",Kopsoep,6.45,8.6,25.0,25% volume voordeel,,,4 stuks,,True,AHOO,25% volume voordeel,2026-07-28,2999-12-31,,True,AH,https://www.ah.nl/producten/product/wi624082,2026-07-28,Knorr Cup-a-soup mustard 4-pack,snacks
407163,852768,Nature Valley Crunchy haver en honing repen,Nature Valley,tussendoortjes,Tussendoortjes,Notenrepen,3.19,3.19,,,,,210 g,prijs per kg €15.19,False,,,,,D,True,AH,https://www.ah.nl/producten/product/wi407163,2026-07-28,Nature Valley Crunchy oat and honey bars,snacks
477559,730839,Bolletje Ontbijtcrackers Meerzaden,Bolletje,tussendoortjes,Bakkerij,Crackers,2.49,2.49,,,,,270 g,prijs per kg €9.22,False,,,,,A,True,AH,https://www.ah.nl/producten/product/wi477559,2026-07-28,Bolletje Breakfast Crackers Meerzaden,snacks
616911,73447,AH Kleintje yoghurt mango,AH,tussendoortjes,"Zuivel, eieren",Yoghurt tussendoortjes,0.99,0.99,,,,,150 g,prijs per kg €6.60,False,,,,,C,True,AH,https://www.ah.nl/producten/product/wi616911,2026-07-28,AH Kleintje yoghurt mango,snacks
607931,0,Trek Protein havermout smooth lemon 4-pack,Trek,tussendoortjes,Tussendoortjes,Notenrepen,12.89,15.16,15.0,15% volume voordeel,,,4 stuks,,True,AHOO,15% volume voordeel,2026-07-28,2999-12-31,,True,AH,https://www.ah.nl/producten/product/wi607931,2026-07-28,Trek Protein oatmeal smooth lemon 4-pack,snacks
607976,0,Nescafé Latte 12-pack,Nescafé,tussendoortjes,"Koffie, thee",IJskoffie,21.49,23.88,10.0,10% volume voordeel,,,12 stuks,,True,AHOO,10% volume voordeel,2026-07-28,2999-12-31,,True,AH,https://www.ah.nl/producten/product/wi607976,2026-07-28,Nescafé Latte 12-pack,snacks
607977,0,Nescafé Latte 4-pack,Nescafé,tussendoortjes,"Koffie, thee",IJskoffie,7.72,7.96,3.0,3% volume voordeel,,,4 stuks,,True,AHOO,3% volume voordeel,2026-07-28,2999-12-31,,True,AH,https://www.ah.nl/producten/product/wi607977,2026-07-28,Nescafe Latte 4-pack,snacks
624081,0,Knorr Cup-a-soup mosterd 2-pack,Knorr,tussendoortjes,"Soepen, sauzen, kruiden, olie",Kopsoep,3.87,4.3,10.0,10% volume voordeel,,,2 stuks,,True,AHOO,10% volume voordeel,2026-07-28,2999-12-31,,True,AH,https://www.ah.nl/producten/product/wi624081,2026-07-28,Knorr Cup-a-soup mosterd 2-pack,snacks
457687,640366,Nongshim Shin ramyun noodles,Nongshim,tussendoortjes,"Soepen, sauzen, kruiden, olie",Noedelsoep groenten,1.89,1.89,,,,,120 g,prijs per kg €15.75,False,,,,,E,True,AH,https://www.ah.nl/producten/product/wi457687,2026-07-28,Nongshim Shin ramyun noodles,snacks
608717,0,Knorr Cup-a-soup pittige tomaat 2-pack,Knorr,tussendoortjes,"Soepen, sauzen, kruiden, olie",Kopsoep,3.87,4.3,10.0,10% volume voordeel,,,2 stuks,,True,AHOO,10% volume voordeel,2026-07-28,2999-12-31,,True,AH,https://www.ah.nl/producten/product/wi608717,2026-07-28,Knorr Cup-a-soup spicy tomato 2-pack,snacks
608719,0,Knorr Cup-a-soup pittige tomaat 6-pack,Knorr,tussendoortjes,"Soepen, sauzen, kruiden, olie",Kopsoep,9.03,12.9,30.0,30% volume voordeel,,,6 stuks,,True,AHOO,30% volume voordeel,2026-07-28,2999-12-31,,True,AH,https://www.ah.nl/producten/product/wi608719,2026-07-28,Knorr Cup-a-soup spicy tomato 6-pack,snacks
585874,30727,Melkunie Breaker lemon cheesecake yoghurt,Melkunie,tussendoortjes,"Zuivel, eieren",Yoghurt tussendoortjes,1.69,1.69,,,,,200 g,prijs per kg €8.45,False,,,,,C,True,AH,https://www.ah.nl/producten/product/wi585874,2026-07-28,Melkunie Breaker lemon cheesecake yoghurt,snacks
605639,61138,Hero B'tween protein zero muesli & pinda's,Hero,tussendoortjes,Tussendoortjes,Proteïnerepen,1.79,2.45,26.9,voor 1.79,1.79,,100 g,normale prijs per kg €24.50,True,AH,VOOR 1.79,2026-07-27,2026-08-02,,True,AH,https://www.ah.nl/producten/product/wi605639,2026-07-28,Hero B'tween protein zero muesli & peanuts,snacks
608718,0,Knorr Cup-a-soup pittige tomaat 4-pack,Knorr,tussendoortjes,"Soepen, sauzen, kruiden, olie",Kopsoep,6.88,8.6,20.0,20% volume voordeel,,,4 stuks,,True,AHOO,20% volume voordeel,2026-07-28,2999-12-31,,True,AH,https://www.ah.nl/producten/product/wi608718,2026-07-28,Knorr Cup-a-soup spicy tomato 4-pack,snacks
594054,41432,Upfront Eiwitreep crispy framboos witte choco,Upfront,tussendoortjes,Tussendoortjes,Proteïnerepen,2.49,2.49,,,,,50 g,prijs per kg €49.80,False,,,,,D,True,AH,https://www.ah.nl/producten/product/wi594054,2026-07-28,Upfront Protein bar crispy raspberry white chocolate,snacks
607981,0,Nescafé Latte 6-pack,Nescafé,tussendoortjes,"Koffie, thee",IJskoffie,11.22,11.94,6.0,6% volume voordeel,,,6 stuks,,True,AHOO,6% volume voordeel,2026-07-28,2999-12-31,,True,AH,https://www.ah.nl/producten/product/wi607981,2026-07-28,Nescafé Latte 6-pack,snacks
615600,0,Starbucks Frappuccino caramel flav ijskoffie 4pack,Starbucks,tussendoortjes,"Koffie, thee",IJskoffie,14.36,15.96,10.0,10% volume voordeel,,,4 stuks,,True,AHOO,10% volume voordeel,2026-07-28,2999-12-31,,True,AH,https://www.ah.nl/producten/product/wi615600,2026-07-28,Starbucks Frappuccino caramel flav iced coffee 4pack,snacks
593399,39535,AH Ijskoffie macchiato karamelsmaak,AH,tussendoortjes,"Koffie, thee",IJskoffie,0.75,0.75,,,,,250 ml,prijs per liter €3.00,False,,,,,C,True,AH,https://www.ah.nl/producten/product/wi593399,2026-07-28,AH Iced coffee macchiato caramel flavor,snacks
563724,768,Peijnenburg Ontbijtkoek naturel gesneden,Peijnenburg,tussendoortjes,"Ontbijtgranen, beleg",Ontbijtkoek (gesneden),2.29,2.29,,,,,345 g,prijs per kg €6.64,False,,,,,D,True,AH,https://www.ah.nl/producten/product/wi563724,2026-07-28,Peijnenburg Naturally sliced ​​gingerbread,snacks
578948,22251,AH Snoepgroente paprika,AH,tussendoortjes,"Groente, aardappelen",Snoepgroente,1.6667,1.79,6.9,3 voor 5.00,5.0,3.0,200 g,normale prijs per kg €8.95,True,AH,3 voor 5.00,2026-07-27,2026-08-02,A,True,AH,https://www.ah.nl/producten/product/wi578948,2026-07-28,AH Snoepgroente paprika,snacks
615599,0,Starbucks Frappuccino caramel flav ijskoffie 2pack,Starbucks,tussendoortjes,"Koffie, thee",IJskoffie,7.58,7.98,5.0,5% volume voordeel,,,2 stuks,,True,AHOO,5% volume voordeel,2026-07-28,2999-12-31,,True,AH,https://www.ah.nl/producten/product/wi615599,2026-07-28,Starbucks Frappuccino caramel flav iced coffee 2pack,snacks
602093,53509,Hero B'tween mueslireep cinnamon roll,Hero,tussendoortjes,Tussendoortjes,Mueslirepen,1.79,2.45,26.9,voor 1.79,1.79,,138 g,normale prijs per kg €17.75,True,AH,VOOR 1.79,2026-07-27,2026-08-02,,True,AH,https://www.ah.nl/producten/product/wi602093,2026-07-28,Hero B'tween granola bar cinnamon roll,snacks
615740,0,Hero B'tween mueslireep cinnamon roll 3-pack,Hero,tussendoortjes,Tussendoortjes,Mueslirepen,5.37,7.35,26.9,pakketkorting,,,3 stuks,,True,AHOO,,2026-07-28,2026-08-02,,True,AH,https://www.ah.nl/producten/product/wi615740,2026-07-28,Hero B'tween muesli bar cinnamon roll 3-pack,snacks
457689,640851,Nongshim Korean kimchi noodles,Nongshim,tussendoortjes,"Soepen, sauzen, kruiden, olie",Noedelsoep groenten,1.89,1.89,,,,,120 g,prijs per kg €15.75,False,,,,,E,True,AH,https://www.ah.nl/producten/product/wi457689,2026-07-28,Nongshim Korean kimchi noodles,snacks
608694,0,Knorr Cup-a-soup asperge 2-pack,Knorr,tussendoortjes,"Soepen, sauzen, kruiden, olie",Kopsoep,3.87,4.3,10.0,10% volume voordeel,,,2 stuks,,True,AHOO,10% volume voordeel,2026-07-28,2999-12-31,,True,AH,https://www.ah.nl/producten/product/wi608694,2026-07-28,Knorr Cup-a-soup asparagus 2-pack,snacks
415681,686831,AH IJskoffie macchiato,AH,tussendoortjes,"Koffie, thee",IJskoffie,0.79,0.79,,,,,250 ml,prijs per liter €3.16,False,,,,,E,True,AH,https://www.ah.nl/producten/product/wi415681,2026-07-28,AH IJskoffie macchiato,snacks
563726,770,Peijnenburg Ontbijtkoek naturel 10-pack,Peijnenburg,tussendoortjes,"Ontbijtgranen, beleg",Ontbijtkoekrepen,2.59,2.59,,,,,10 stuks,,False,,,,,D,True,AH,https://www.ah.nl/producten/product/wi563726,2026-07-28,Peijnenburg Gingerbread natural 10-pack,snacks
594613,43344,Peijnenburg Ontbijtkoek parelkandij ongesneden,Peijnenburg,tussendoortjes,"Ontbijtgranen, beleg",Ontbijtkoek (ongesneden),2.39,2.39,,,,,348 g,prijs per kg €6.87,False,,,,,D,True,AH,https://www.ah.nl/producten/product/wi594613,2026-07-28,Peijnenburg Ontbijtkoek parelkandij ongesneden,snacks
607901,0,Peijnenburg Ontbijtkoek naturel 20-pack,Peijnenburg,tussendoortjes,"Ontbijtgranen, beleg",Ontbijtkoekrepen,4.66,5.18,10.0,10% volume voordeel,,,2 stuks,,True,AHOO,10% volume voordeel,2026-07-28,2999-12-31,,True,AH,https://www.ah.nl/producten/product/wi607901,2026-07-28,Peijnenburg Gingerbread natural 20-pack,snacks
439266,72130,Nakd. Blueberry muffin bars,Nakd.,tussendoortjes,Tussendoortjes,Fruitrepen,3.79,3.79,,,,,4 stuks,prijs per kg €27.07,False,,,,,D,True,AH,https://www.ah.nl/producten/product/wi439266,2026-07-28,Nakd. Blueberry muffin bars,snacks
615745,0,Hero B'tween protein zero muesli & pinda 3-pk,Hero,tussendoortjes,Tussendoortjes,Proteïnerepen,5.37,7.35,26.9,pakketkorting,,,3 stuks,,True,AHOO,,2026-07-28,2026-08-02,,True,AH,https://www.ah.nl/producten/product/wi615745,2026-07-28,Hero B'tween protein zero muesli & peanut 3-pk,snacks
608707,0,Knorr Cup-a-soup groente 2-pack,Knorr,tussendoortjes,"Soepen, sauzen, kruiden, olie",Kopsoep,3.87,4.3,10.0,10% volume voordeel,,,2 stuks,,True,AHOO,10% volume voordeel,2026-07-28,2999-12-31,,True,AH,https://www.ah.nl/producten/product/wi608707,2026-07-28,Knorr Cup-a-soup vegetables 2-pack,snacks
607171,63124,Holie's Chewy bar double chocolate,Holie's,tussendoortjes,Tussendoortjes,Notenrepen,3.29,3.29,,,,,105 g,prijs per kg €31.33,False,,,,,A,True,AH,https://www.ah.nl/producten/product/wi607171,2026-07-28,Holie's Chewy bar double chocolate,snacks
599394,48693,Bolletje Bagel crackers sesam,Bolletje,tussendoortjes,Bakkerij,Crackers,2.89,2.89,,,,,225 g,prijs per kg €12.84,False,,,,,B,True,AH,https://www.ah.nl/producten/product/wi599394,2026-07-28,Bagel bagel crackers sesame,snacks
608709,0,Knorr Cup-a-soup groente 6-pack,Knorr,tussendoortjes,"Soepen, sauzen, kruiden, olie",Kopsoep,9.03,12.9,30.0,30% volume voordeel,,,6 stuks,,True,AHOO,30% volume voordeel,2026-07-28,2999-12-31,,True,AH,https://www.ah.nl/producten/product/wi608709,2026-07-28,Knorr Cup-a-soup vegetables 6-pack,snacks
456417,72358,AH Dunne crackers spelt,AH,tussendoortjes,Bakkerij,Crackers,2.59,2.59,,,,,175 g,prijs per kg €14.80,False,,,,,A,True,AH,https://www.ah.nl/producten/product/wi456417,2026-07-28,AH Thin crackers spelled,snacks
1943,65398,Danio Luchtige kwark bosbes,Danio,tussendoortjes,"Zuivel, eieren",Kwark tussendoortjes,1.495,1.99,24.9,2 voor 2.99,2.99,2.0,2 x 125 g,normale prijs per kg €7.96,True,AH,2 voor 2.99,2026-07-27,2026-08-02,C,True,AH,https://www.ah.nl/producten/product/wi1943,2026-07-28,Danio Light blueberry cottage cheese,snacks
566133,3577,AH IJskoffie cappuccino,AH,tussendoortjes,"Koffie, thee",IJskoffie,1.99,1.99,,,,,1 l,prijs per liter €1.99,False,,,,,C,True,AH,https://www.ah.nl/producten/product/wi566133,2026-07-28,AH Iced coffee cappuccino,snacks
593720,0,Danio Luchtige kwark bosbes 2-pack,Danio,tussendoortjes,"Zuivel, eieren",Kwark tussendoortjes,2.99,3.98,24.9,pakketkorting,,,2 stuks,,True,AHOO,,2026-07-28,2026-08-02,,True,AH,https://www.ah.nl/producten/product/wi593720,2026-07-28,Danio Luchtige kwark bosbes 2-pack,snacks
608695,0,Knorr Cup-a-soup asperge 4-pack,Knorr,tussendoortjes,"Soepen, sauzen, kruiden, olie",Kopsoep,6.88,8.6,20.0,20% volume voordeel,,,4 stuks,,True,AHOO,20% volume voordeel,2026-07-28,2999-12-31,,True,AH,https://www.ah.nl/producten/product/wi608695,2026-07-28,Knorr Cup-a-soup asperge 4-pack,snacks
608696,0,Knorr Cup-a-soup asperge 6-pack,Knorr,tussendoortjes,"Soepen, sauzen, kruiden, olie",Kopsoep,9.03,12.9,30.0,30% volume voordeel,,,6 stuks,,True,AHOO,30% volume voordeel,2026-07-28,2999-12-31,,True,AH,https://www.ah.nl/producten/product/wi608696,2026-07-28,Knorr Cup-a-soup asparagus 6-pack,snacks
493101,748038,Starbucks Frappuccino cookies & cream ijskoffie,Starbucks,tussendoortjes,"Koffie, thee",IJskoffie,2.29,2.29,,,,,250 ml,prijs per liter €9.16,False,,,,,D,True,AH,https://www.ah.nl/producten/product/wi493101,2026-07-28,Starbucks Frappuccino cookies & cream ijskoffie,snacks
605629,60058,Verkade Crunchy haverkoek,Verkade,tussendoortjes,Tussendoortjes,Haverrepen,2.19,2.19,,,,,255 g,prijs per kg €8.59,False,,,,,D,True,AH,https://www.ah.nl/producten/product/wi605629,2026-07-28,Verkade Crunchy oatcake,snacks
616909,73445,AH Kleintje yoghurt kokos,AH,tussendoortjes,"Zuivel, eieren",Yoghurt tussendoortjes,0.99,0.99,,,,,150 g,prijs per kg €6.60,False,,,,,C,True,AH,https://www.ah.nl/producten/product/wi616909,2026-07-28,AH Kleintje yoghurt coconut,snacks
570876,11324,Sultana Havermoutsticks naturel,Sultana,tussendoortjes,Tussendoortjes,Haverrepen,2.35,2.35,,,,,150 g,prijs per kg €15.67,False,,,,,E,True,AH,https://www.ah.nl/producten/product/wi570876,2026-07-28,Sultana Oatmeal sticks natural,snacks
615746,0,Hero B'tween protein zero muesli & pinda 5-pk,Hero,tussendoortjes,Tussendoortjes,Proteïnerepen,8.95,12.25,26.9,pakketkorting,,,5 stuks,,True,AHOO,,2026-07-28,2026-08-02,,True,AH,https://www.ah.nl/producten/product/wi615746,2026-07-28,Hero B'tween protein zero muesli & peanut 5-pk,snacks
387905,845200,Snelle Jelle Zero kruidkoek 4-pack,Snelle Jelle,tussendoortjes,"Ontbijtgranen, beleg",Ontbijtkoekrepen,2.89,2.89,,,,,168 g,prijs per kg €17.20,False,,,,,A,True,AH,https://www.ah.nl/producten/product/wi387905,2026-07-28,Fast Jelle Zero gingerbread 4-pack,snacks
588161,33585,Sultana Knapperige biscuit kokos,Sultana,tussendoortjes,Tussendoortjes,Fruitbiscuit en melkbiscuit,2.39,2.39,,,,,207 g,prijs per kg €11.55,False,,,,,D,True,AH,https://www.ah.nl/producten/product/wi588161,2026-07-28,Sultana Crispy coconut biscuit,snacks
607541,0,Snelle Jelle Zero kruidkoek 8-pack,Snelle Jelle,tussendoortjes,"Ontbijtgranen, beleg",Ontbijtkoekrepen,5.2,5.78,10.0,10% volume voordeel,,,2 stuks,,True,AHOO,10% volume voordeel,2026-07-28,2999-12-31,,True,AH,https://www.ah.nl/producten/product/wi607541,2026-07-28,Fast Jelle Zero gingerbread 8-pack,snacks
608708,0,Knorr Cup-a-soup groente 4-pack,Knorr,tussendoortjes,"Soepen, sauzen, kruiden, olie",Kopsoep,6.88,8.6,20.0,20% volume voordeel,,,4 stuks,,True,AHOO,20% volume voordeel,2026-07-28,2999-12-31,,True,AH,https://www.ah.nl/producten/product/wi608708,2026-07-28,Knorr Cup-a-soup vegetables 4-pack,snacks
401893,850493,Douwe Egberts Ice caramel latte ijskoffie,Douwe Egberts,tussendoortjes,"Koffie, thee",IJskoffie,1.59,1.59,,2e Halve Prijs,,2.0,230 ml,normale prijs per liter €6.91,True,AH,2e Halve Prijs,2026-07-27,2026-08-02,C,True,AH,https://www.ah.nl/producten/product/wi401893,2026-07-28,Douwe Egberts Ice caramel latte iced coffee,snacks
515686,578235,Ben & Jerry's Peaces cookie dough,Ben & Jerry's,diepvries,Diepvries,IJs bitesizes,5.29,5.29,,,,,150 g,prijs per kg €35.27,False,,,,,E,True,AH,https://www.ah.nl/producten/product/wi515686,2026-07-28,Ben & Jerry's Peaces cookie dough,freezer
608094,64952,Twix Karamel cookie ice bar,Twix,diepvries,Diepvries,Room handijs,4.39,4.39,,,,,5 stuks,,False,,,,,E,True,AH,https://www.ah.nl/producten/product/wi608094,2026-07-28,Twix Karamel cookie ice bar,freezer
212118,622404,AH IJsblokjes,AH,diepvries,Diepvries,IJsblokjes,0.89,0.89,,,,,1 kg,prijs per kg €0.89,False,,,,,A,True,AH,https://www.ah.nl/producten/product/wi212118,2026-07-28,AH Ice cubes,freezer
195093,796712,AH Airfryer ovenfriet,AH,diepvries,Diepvries,Friet (oven),1.19,1.19,,,,,750 g,prijs per kg €1.59,False,,,,,B,True,AH,https://www.ah.nl/producten/product/wi195093,2026-07-28,AH Airfryer oven fries,freezer
209562,803962,Ola Raket,Ola,diepvries,Diepvries,Waterijs,2.89,3.85,25.0,25% korting,,,12 stuks,,True,AH,25% korting,2026-07-27,2026-08-02,C,True,AH,https://www.ah.nl/producten/product/wi209562,2026-07-28,Ola Raket,freezer
608086,64911,Mars Karamel chocolade ice bar,Mars,diepvries,Diepvries,Room handijs,4.39,4.39,,,,,5 stuks,,False,,,,,D,True,AH,https://www.ah.nl/producten/product/wi608086,2026-07-28,Mars Caramel chocolate ice bar,freezer
139097,608245,AH Perenijsjes,AH,diepvries,Diepvries,Waterijs,1.55,1.55,,,,,12 stuks,,False,,,,,C,True,AH,https://www.ah.nl/producten/product/wi139097,2026-07-28,AH Pear ice creams,freezer
226367,640429,AH Broccoliroosjes,AH,diepvries,Diepvries,Broccoli (diepvries),1.49,1.49,,,,,450 g,prijs per kg €3.31,False,,,,,A,True,AH,https://www.ah.nl/producten/product/wi226367,2026-07-28,AH Broccoli florets,freezer
613774,0,Mars Karamel chocolade ice bar 2-pack,Mars,diepvries,Diepvries,Room handijs,7.9,8.78,10.0,10% volume voordeel,,,2 stuks,,True,AHOO,10% volume voordeel,2026-07-28,2999-12-31,,True,AH,https://www.ah.nl/producten/product/wi613774,2026-07-28,Mars Karamel chocolade ice bar 2-pack,freezer
613775,0,Mars Karamel chocolade ice bar 3-pack,Mars,diepvries,Diepvries,Room handijs,11.19,13.17,15.0,15% volume voordeel,,,3 stuks,,True,AHOO,15% volume voordeel,2026-07-28,2999-12-31,,True,AH,https://www.ah.nl/producten/product/wi613775,2026-07-28,Mars Caramel chocolate ice bar 3-pack,freezer
788,6423,AH Tuinerwten fijn,AH,diepvries,Diepvries,"Tuinerwten, velderwten (diepvries)",0.99,0.99,,,,,450 g,prijs per kg €2.20,False,,,,,A,True,AH,https://www.ah.nl/producten/product/wi788,2026-07-28,AH Garden peas fine,freezer
608089,64917,Snickers Karamel pinda ice bar,Snickers,diepvries,Diepvries,Room handijs,4.39,4.39,,,,,5 stuks,,False,,,,,E,True,AH,https://www.ah.nl/producten/product/wi608089,2026-07-28,Snickers Caramel peanut ice bar,freezer
614410,0,Snickers Karamel pinda ice bar 2-pack,Snickers,diepvries,Diepvries,Room handijs,7.9,8.78,10.0,10% volume voordeel,,,2 stuks,,True,AHOO,10% volume voordeel,2026-07-28,2999-12-31,,True,AH,https://www.ah.nl/producten/product/wi614410,2026-07-28,Snickers Caramel peanut ice bar 2-pack,freezer
514003,7923,Dr. Oetker Ristorante pizza salami,Dr. Oetker,diepvries,Diepvries,Pizza (dunne bodem),1.9967,3.15,36.6,3 voor 5.99,5.99,3.0,320 g,normale prijs per kg €9.84,True,AH,3 VOOR 5.99,2026-07-27,2026-08-02,D,True,AH,https://www.ah.nl/producten/product/wi514003,2026-07-28,Dr. Oetker Ristorante pizza salami,freezer
167127,643266,AH 4 kleuren ijsjes,AH,diepvries,Diepvries,Waterijs,1.09,1.09,,,,,8 stuks,,False,,,,,C,True,AH,https://www.ah.nl/producten/product/wi167127,2026-07-28,AH 4 colors of ice creams,freezer
409995,854206,AH Biologisch Sperziebonen,AH Biologisch,diepvries,Diepvries,Sperziebonen (diepvries),1.35,1.35,,,,,450 g,prijs per kg €3.00,False,,,,,A,True,AH,https://www.ah.nl/producten/product/wi409995,2026-07-28,AH Organic Green Beans,freezer
167129,643310,AH Aardbei ijsjes met vitamine c,AH,diepvries,Diepvries,Waterijs,1.69,1.69,,,,,12 stuks,,False,,,,,C,True,AH,https://www.ah.nl/producten/product/wi167129,2026-07-28,AH Strawberry ice creams with vitamin C,freezer
62761,524664,Dr. Oetker Big Americans pizza Texas,Dr. Oetker,diepvries,Diepvries,Pizza (dikke bodem),4.99,4.99,,,,,435 g,prijs per kg €11.47,False,,,,,D,True,AH,https://www.ah.nl/producten/product/wi62761,2026-07-28,Dr. Oetker Big Americans pizza Texas,freezer
451124,574647,Ben & Jerry's Cookie dough,Ben & Jerry's,diepvries,Diepvries,Roomijs pints,2.39,2.39,,,,,100 ml,prijs per liter €23.90,False,,,,,E,True,AH,https://www.ah.nl/producten/product/wi451124,2026-07-28,Ben & Jerry's Cookie dough,freezer
614284,0,Ben & Jerry's Cookie dough 3-pack,Ben & Jerry's,diepvries,Diepvries,Roomijs pints,6.45,7.17,10.0,10% volume voordeel,,,3 stuks,,True,AHOO,10% volume voordeel,2026-07-28,2999-12-31,,True,AH,https://www.ah.nl/producten/product/wi614284,2026-07-28,Ben & Jerry's Cookie dough 3-pack,freezer
602116,54628,AH Mango Ijsjes,AH,diepvries,Diepvries,Waterijs,1.99,1.99,,,,,12 stuks,,False,,,,,C,True,AH,https://www.ah.nl/producten/product/wi602116,2026-07-28,AH Mango Ijsjes,freezer
437046,60851,AH Ah choco mix,AH,diepvries,Diepvries,Room handijs,2.45,2.45,,,,,8 stuks,,False,,,,,E,True,AH,https://www.ah.nl/producten/product/wi437046,2026-07-28,AH Ah chocolate mix,freezer
409994,854203,AH Biologisch Tuinerwten,AH Biologisch,diepvries,Diepvries,"Tuinerwten, velderwten (diepvries)",1.59,1.59,,,,,450 g,prijs per kg €3.53,False,,,,,A,True,AH,https://www.ah.nl/producten/product/wi409994,2026-07-28,AH Organic Garden Peas,freezer
376520,837921,AH Zakje met zomerfruit,AH,diepvries,Diepvries,Fruitmix (diepvries),5.55,5.55,,,,,1 kg,prijs per kg €5.55,False,,,,,A,True,AH,https://www.ah.nl/producten/product/wi376520,2026-07-28,AH Bag with summer fruit,freezer
429606,697191,Nestlé Pirulo watermelon,Nestlé,diepvries,Diepvries,Waterijs,3.99,3.99,,,,,5 stuks,,False,,,,,C,True,AH,https://www.ah.nl/producten/product/wi429606,2026-07-28,Nestlé Pirulo watermelon,freezer
533328,797679,AH Biologisch Broccoliroosjes,AH Biologisch,diepvries,Diepvries,Broccoli (diepvries),2.29,2.29,,,,,400 g,prijs per kg €5.73,False,,,,,A,True,AH,https://www.ah.nl/producten/product/wi533328,2026-07-28,AH Organic Broccoli Florets,freezer
429057,696700,AH Saté ajam,AH,diepvries,Diepvries,Sate (diepvries),1.75,1.75,,,,,160 g,prijs per kg €10.94,False,,,,,D,True,AH,https://www.ah.nl/producten/product/wi429057,2026-07-28,AH Saté ajam,freezer
397800,848309,Aviko Supercrunch airfryer pommes frites,Aviko,diepvries,Diepvries,Friet (oven),2.49,2.49,,,,,750 g,prijs per kg €3.32,False,,,,,B,True,AH,https://www.ah.nl/producten/product/wi397800,2026-07-28,Aviko Supercrunch airfryer pommes frites,freezer
445512,707469,AH Zakje met mangostukjes,AH,diepvries,Diepvries,"Mango, ananas (diepvries)",5.99,5.99,,,,,1 kg,prijs per kg €5.99,False,,,,,A,True,AH,https://www.ah.nl/producten/product/wi445512,2026-07-28,AH Bag with mango pieces,freezer
514005,7946,Dr. Oetker Ristorante pizza margherita,Dr. Oetker,diepvries,Diepvries,Pizza (dunne bodem),1.9967,3.89,48.7,3 voor 5.99,5.99,3.0,295 g,normale prijs per kg €13.19,True,AH,3 VOOR 5.99,2026-07-27,2026-08-02,D,True,AH,https://www.ah.nl/producten/product/wi514005,2026-07-28,Dr. Oetker Ristorante pizza margherita,freezer
745,56775,AH Ah chantilly,AH,diepvries,Diepvries,Roomijs bekertjes,3.99,3.99,,,,,8 stuks,,False,,,,,E,True,AH,https://www.ah.nl/producten/product/wi745,2026-07-28,AH Ah chantilly,freezer
471466,582091,AH Roomboter croissants,AH,diepvries,Bakkerij,Diepvries croissants,3.39,3.39,,,,,4 stuks,,False,,,,,E,True,AH,https://www.ah.nl/producten/product/wi471466,2026-07-28,AH Roomboter croissants,freezer
167126,643265,AH Sunniez sinaasappel,AH,diepvries,Diepvries,Room handijs,2.29,2.29,,,,,9 stuks,,False,,,,,C,True,AH,https://www.ah.nl/producten/product/wi167126,2026-07-28,AH Sunniez orange,freezer
226519,815621,Ola Cornetto classico mini,Ola,diepvries,Diepvries,Roomijs bekertjes,2.77,3.69,25.0,25% korting,,,6 x 60 ml,,True,AH,25% korting,2026-07-27,2026-08-02,E,True,AH,https://www.ah.nl/producten/product/wi226519,2026-07-28,Ola Cornetto classico mini,freezer
614225,0,Ola Cornetto classico mini 3-pack,Ola,diepvries,Diepvries,Roomijs bekertjes,8.3,11.07,25.0,pakketkorting,,,3 stuks,,True,AHOO,,2026-07-28,2026-08-02,,True,AH,https://www.ah.nl/producten/product/wi614225,2026-07-28,Ola Cornetto classico mini 3-pack,freezer
169184,752060,Aviko Supercrunch originals Franse friet,Aviko,diepvries,Diepvries,Friet (frituur),2.49,2.49,,,,,750 g,prijs per kg €3.32,False,,,,,B,True,AH,https://www.ah.nl/producten/product/wi169184,2026-07-28,Aviko Supercrunch originals French fries,freezer
232949,825909,Grolsch Premium pilsner krat,Grolsch,bier-wijn-aperitieven,"Bier, wijn, aperitieven",Pils krat,14.47,19.29,25.0,25% korting,,,"24 x 0,3 l",normale prijs per liter €2.68,True,AH,25% korting,2026-07-27,2026-08-02,,True,AH,https://www.ah.nl/producten/product/wi232949,2026-07-28,Grolsch Premium pilsner crate,beer-wine aperitifs
615430,72528,Grolsch Cal 6-pack,Grolsch,bier-wijn-aperitieven,"Bier, wijn, aperitieven",Pils blik,3.74,4.99,25.0,25% korting,,,"1,8 l",normale prijs per liter €2.77,True,AH,25% korting,2026-07-27,2026-08-02,,True,AH,https://www.ah.nl/producten/product/wi615430,2026-07-28,Grolsch Cal 6-pack,beer-wine aperitifs
222563,816815,Amstel Radler citroen 0.0 6-pack,Amstel,bier-wijn-aperitieven,"Bier, wijn, aperitieven","Alcoholvrij wit, weizen, radler",6.49,6.49,,,,,"6 x 0,33 l",prijs per liter €3.28,False,,,,,C,True,AH,https://www.ah.nl/producten/product/wi222563,2026-07-28,Amstel Radler lemon 0.0 6-pack,beer-wine aperitifs
600733,0,Amstel Amstel Radler citroen 0.0 6-pack 8-pack,Amstel,bier-wijn-aperitieven,"Bier, wijn, aperitieven","Alcoholvrij wit, weizen, radler",49.32,51.92,5.0,5% volume voordeel,,,8 stuks,,True,AHOO,5% volume voordeel,2026-07-28,2999-12-31,,True,AH,https://www.ah.nl/producten/product/wi600733,2026-07-28,Amstel Amstel Radler lemon 0.0 6-pack 8-pack,beer-wine aperitifs
222510,816813,Amstel Radler citroen 0.0% 6-pack,Amstel,bier-wijn-aperitieven,"Bier, wijn, aperitieven","Alcoholvrij wit, weizen, radler",5.99,5.99,,,,,"6 x 0,3 l",prijs per liter €3.33,False,,,,,C,True,AH,https://www.ah.nl/producten/product/wi222510,2026-07-28,Amstel Radler citroen 0.0% 6-pack,beer-wine aperitifs
615431,72529,Grolsch Cal 6-pack,Grolsch,bier-wijn-aperitieven,"Bier, wijn, aperitieven",Pils blik,5.14,6.85,25.0,25% korting,,,"1,98 l",normale prijs per liter €3.46,True,AH,25% korting,2026-07-27,2026-08-02,,True,AH,https://www.ah.nl/producten/product/wi615431,2026-07-28,Grolsch Cal 6-pack,beer-wine aperitifs
606634,0,Amstel Radler citroen 0.0%12-pack,Amstel,bier-wijn-aperitieven,"Bier, wijn, aperitieven","Alcoholvrij wit, weizen, radler",11.38,11.98,5.0,5% volume voordeel,,,2 stuks,,True,AHOO,5% volume voordeel,2026-07-28,2999-12-31,,True,AH,https://www.ah.nl/producten/product/wi606634,2026-07-28,Amstel Radler lemon 0.0%12-pack,beer-wine aperitifs
238802,828378,Grolsch Radler citroen alcoholvrij 0.0 6-pack,Grolsch,bier-wijn-aperitieven,"Bier, wijn, aperitieven","Alcoholvrij wit, weizen, radler",5.29,5.29,,1 + 1 gratis,,1.0,"6 x 0,3 l",normale prijs per liter €2.94,True,AH,1 + 1 gratis,2026-07-27,2026-08-02,C,True,AH,https://www.ah.nl/producten/product/wi238802,2026-07-28,Grolsch Radler lemon alcohol-free 0.0 6-pack,beer-wine aperitifs
611328,0,Grolsch Radler citroen alcoholvrij 0.0 18-pack,Grolsch,bier-wijn-aperitieven,"Bier, wijn, aperitieven","Alcoholvrij wit, weizen, radler",10.58,15.87,33.3,pakketkorting,,,3 stuks,,True,AHOO,,2026-07-28,2026-08-02,,True,AH,https://www.ah.nl/producten/product/wi611328,2026-07-28,Grolsch Radler citroen alcoholvrij 0.0 18-pack,beer-wine aperitifs
566588,4706,Vandestreek Playground non alcoholic IPA,Vandestreek,bier-wijn-aperitieven,"Bier, wijn, aperitieven",Alcoholvrij IPA,2.19,2.19,,,,,330 ml,prijs per liter €6.64,False,,,,,C,True,AH,https://www.ah.nl/producten/product/wi566588,2026-07-28,Vandestreek Playground non-alcoholic IPA,beer-wine aperitifs
611329,0,Grolsch Radler citroen alcoholvrij 0.0 30-pack,Grolsch,bier-wijn-aperitieven,"Bier, wijn, aperitieven","Alcoholvrij wit, weizen, radler",15.87,26.45,40.0,pakketkorting,,,5 stuks,,True,AHOO,,2026-07-28,2026-08-02,,True,AH,https://www.ah.nl/producten/product/wi611329,2026-07-28,Grolsch Radler lemon alcohol-free 0.0 30-pack,beer-wine aperitifs
228280,820730,Saint Louis De provence rosé,Saint Louis,bier-wijn-aperitieven,"Bier, wijn, aperitieven",Droge rosé,5.99,6.99,14.3,€1.00 euro korting,,,"0,75 l",normale prijs per liter €9.32,True,AH,1 euro korting,2026-07-27,2026-08-02,,True,AH,https://www.ah.nl/producten/product/wi228280,2026-07-28,Saint Louis De Provence rosé,beer-wine aperitifs
584742,0,Saint Louis De provence rose 6 flessen,Saint Louis,bier-wijn-aperitieven,"Bier, wijn, aperitieven",Droge rosé,35.94,41.94,14.3,pakketkorting,,,6 stuks,,True,AHOO,,2026-07-28,2026-08-02,,True,AH,https://www.ah.nl/producten/product/wi584742,2026-07-28,Saint Louis De Provence rose 6 bottles,beer-wine aperitifs
615888,0,Saint Louis Saint Louis Provence Rosé 4 flessen,Saint Louis,bier-wijn-aperitieven,"Bier, wijn, aperitieven",Droge rosé,23.96,27.96,14.3,pakketkorting,,,4 stuks,,True,AHOO,,2026-07-28,2026-08-02,,True,AH,https://www.ah.nl/producten/product/wi615888,2026-07-28,Saint Louis Saint Louis Provence Rosé 4 flessen,beer-wine aperitifs
516627,46619,Corona Cero 0.0 alcoholvrij bier 6-pack,Corona,bier-wijn-aperitieven,"Bier, wijn, aperitieven","Alcoholvrij wit, weizen, radler",7.12,9.49,25.0,25% korting,,,"6 x 0,33 l",normale prijs per liter €4.79,True,AH,25% korting,2026-07-27,2026-08-02,C,True,AH,https://www.ah.nl/producten/product/wi516627,2026-07-28,Corona Cero 0.0 alcohol-free beer 6-pack,beer-wine aperitifs
610142,0,Corona Cero 0.0 alcoholvrij bier 18-pack,Corona,bier-wijn-aperitieven,"Bier, wijn, aperitieven","Alcoholvrij wit, weizen, radler",21.35,28.47,25.0,pakketkorting,,,3 stuks,,True,AHOO,,2026-07-28,2026-08-02,,True,AH,https://www.ah.nl/producten/product/wi610142,2026-07-28,Corona Cero 0.0 alcohol-free beer 18-pack,beer-wine aperitifs
611748,0,Corona Cero 0.0 alcoholvrij bier 30-pack,Corona,bier-wijn-aperitieven,"Bier, wijn, aperitieven","Alcoholvrij wit, weizen, radler",35.58,47.45,25.0,pakketkorting,,,5 stuks,,True,AHOO,,2026-07-28,2026-08-02,,True,AH,https://www.ah.nl/producten/product/wi611748,2026-07-28,Corona Cero 0.0 alcohol-free beer 30-pack,beer-wine aperitifs
396207,847557,Settesoli Pinot grigio blush rosé,Settesoli,bier-wijn-aperitieven,"Bier, wijn, aperitieven",Droge rosé,5.99,5.99,,,,,"0,75 l",prijs per liter €7.99,False,,,,,,True,AH,https://www.ah.nl/producten/product/wi396207,2026-07-28,Settesoli Pinot grigio blush rosé,beer-wine aperitifs
586377,0,Settesoli Pinot grigio blush rosé 6 flessen,Settesoli,bier-wijn-aperitieven,"Bier, wijn, aperitieven",Droge rosé,32.35,35.94,10.0,10% volume voordeel,,,6 stuks,,True,AHOO,10% volume voordeel,2026-07-28,2999-12-31,,True,AH,https://www.ah.nl/producten/product/wi586377,2026-07-28,Settesoli Pinot grigio blush rosé 6 bottles,beer-wine aperitifs
571813,14095,Texels Skuumkoppe 0.0 speciaalbier 6-pack,Texels,bier-wijn-aperitieven,"Bier, wijn, aperitieven","Alcoholvrij wit, weizen, radler",7.04,9.39,25.0,25% korting,,,"6 x 0,3 l",normale prijs per liter €5.22,True,AH,25% korting,2026-07-27,2026-08-02,C,True,AH,https://www.ah.nl/producten/product/wi571813,2026-07-28,Texels Skuumkoppe 0.0 specialty beer 6-pack,beer-wine aperitifs
460649,675079,Leffe Blond 0.0% 6-pack,Leffe,bier-wijn-aperitieven,"Bier, wijn, aperitieven","Alcoholvrij blond, dubbel, tripel",6.65,6.65,,,,,6 x 0.30 l,prijs per liter €3.69,False,,,,,C,True,AH,https://www.ah.nl/producten/product/wi460649,2026-07-28,Leffe Blonde 0.0% 6-pack,beer-wine aperitifs
471354,723681,Hertog Jan 0.0 Alcoholvrij bier 6-pack,Hertog Jan,bier-wijn-aperitieven,"Bier, wijn, aperitieven",Alcoholvrij pils,4.99,4.99,,,,,"6 x 0,3 l",prijs per liter €2.77,False,,,,,B,True,AH,https://www.ah.nl/producten/product/wi471354,2026-07-28,Hertog Jan 0.0 Non-alcoholic beer 6-pack,beer-wine aperitifs
615768,0,Texels Skuumkoppe 0.0 speciaalbier 12-pack,Texels,bier-wijn-aperitieven,"Bier, wijn, aperitieven","Alcoholvrij wit, weizen, radler",14.08,18.78,25.0,pakketkorting,,,2 stuks,,True,AHOO,,2026-07-28,2026-08-02,,True,AH,https://www.ah.nl/producten/product/wi615768,2026-07-28,Texels Skuumkoppe 0.0 specialty beer 12-pack,beer-wine aperitifs
478476,732292,YAYA Kombucha yuzu,YAYA,bier-wijn-aperitieven,"Frisdrank, sappen, water",Kombucha,2.39,2.39,,,,,330 ml,prijs per liter €7.24,False,,,,,C,True,AH,https://www.ah.nl/producten/product/wi478476,2026-07-28,YAYA Kombucha yuzu,beer-wine aperitifs
594988,0,Texels Skuumkoppe 0.0 speciaalbier 12-pack,Texels,bier-wijn-aperitieven,"Bier, wijn, aperitieven","Alcoholvrij wit, weizen, radler",14.08,18.78,25.0,pakketkorting,,,2 stuks,,True,AHOO,,2026-07-28,2026-08-02,,True,AH,https://www.ah.nl/producten/product/wi594988,2026-07-28,Texels Skuumkoppe 0.0 specialty beer 12-pack,beer-wine aperitifs
610152,0,Leffe Blond 0.0% 12-pack,Leffe,bier-wijn-aperitieven,"Bier, wijn, aperitieven","Alcoholvrij blond, dubbel, tripel",10.64,13.3,20.0,20% volume voordeel,,,2 stuks,,True,AHOO,20% volume voordeel,2026-07-28,2999-12-31,,True,AH,https://www.ah.nl/producten/product/wi610152,2026-07-28,Leffe Blond 0.0% 12-pack,beer-wine aperitifs
616349,0,Settesoli Settesoli PG Blush Rosé 4 flessen,Settesoli,bier-wijn-aperitieven,"Bier, wijn, aperitieven",Droge rosé,22.76,23.96,5.0,5% volume voordeel,,,4 stuks,,True,AHOO,5% volume voordeel,2026-07-28,2999-12-31,,True,AH,https://www.ah.nl/producten/product/wi616349,2026-07-28,Settesoli Settesoli PG Blush Rosé 4 flessen,beer-wine aperitifs
610153,0,Leffe Blond 0.0% 24-pack,Leffe,bier-wijn-aperitieven,"Bier, wijn, aperitieven","Alcoholvrij blond, dubbel, tripel",18.62,26.6,30.0,30% volume voordeel,,,4 stuks,,True,AHOO,30% volume voordeel,2026-07-28,2999-12-31,,True,AH,https://www.ah.nl/producten/product/wi610153,2026-07-28,Leffe Blonde 0.0% 24-pack,beer-wine aperitifs
96577,543391,Hertog Jan Pilsener bier 6-pack,Hertog Jan,bier-wijn-aperitieven,"Bier, wijn, aperitieven",Pils blik,7.32,7.32,,,,,6 x 33 cl,prijs per liter €3.70,False,,,,,,True,AH,https://www.ah.nl/producten/product/wi96577,2026-07-28,Hertog Jan Pilsener beer 6-pack,beer-wine aperitifs
163546,626435,Settesoli Pinot grigio,Settesoli,bier-wijn-aperitieven,"Bier, wijn, aperitieven",Pinot Grigio (Fris en droog),5.99,5.99,,,,,"0,75 l",prijs per liter €7.99,False,,,,,,True,AH,https://www.ah.nl/producten/product/wi163546,2026-07-28,Settesoli Pinot Grigio,beer-wine aperitifs
482639,737544,Grange de Malivet Chardonnay wooded,Grange de Malivet,bier-wijn-aperitieven,"Bier, wijn, aperitieven",Chardonnay (Vol en droog),4.99,6.65,25.0,25% korting,,,"0,75 l",normale prijs per liter €8.87,True,AH,25% korting,2026-07-27,2026-08-02,,True,AH,https://www.ah.nl/producten/product/wi482639,2026-07-28,Grange de Malivet Chardonnay wooded,beer-wine aperitifs
570710,11381,Hey you Rosé,Hey you,bier-wijn-aperitieven,"Bier, wijn, aperitieven",Droge rosé,4.99,4.99,,,,,"0,75 l",prijs per liter €6.65,False,,,,,,True,AH,https://www.ah.nl/producten/product/wi570710,2026-07-28,Hey you Rose,beer-wine aperitifs
435814,700320,AH Excellent Selectie prosecco,AH Excellent,bier-wijn-aperitieven,"Bier, wijn, aperitieven",Prosecco droog,5.99,7.99,25.0,25% korting,,,"0,75 l",normale prijs per liter €10.65,True,AH,25% korting,2026-07-27,2026-08-02,,True,AH,https://www.ah.nl/producten/product/wi435814,2026-07-28,AH Excellent Selection of prosecco,beer-wine aperitifs
586717,0,Grange de Malivet Chardonnay wooded 6 flessen,Grange de Malivet,bier-wijn-aperitieven,"Bier, wijn, aperitieven",Chardonnay (Fris en droog),29.92,39.9,25.0,pakketkorting,,,6 stuks,,True,AHOO,,2026-07-28,2026-08-02,,True,AH,https://www.ah.nl/producten/product/wi586717,2026-07-28,Grange de Malivet Chardonnay wooded 6 bottles,beer-wine aperitifs
586707,0,Hey you Rosé 6 flessen,Hey you,bier-wijn-aperitieven,"Bier, wijn, aperitieven",Droge rosé,26.95,29.94,10.0,10% volume voordeel,,,6 stuks,,True,AHOO,10% volume voordeel,2026-07-28,2999-12-31,,True,AH,https://www.ah.nl/producten/product/wi586707,2026-07-28,Hey you Rosé 6 bottles,beer-wine aperitifs
584728,0,Settesoli Pinot grigio 6 flessen,Settesoli,bier-wijn-aperitieven,"Bier, wijn, aperitieven",Pinot Grigio (Fris en droog),32.35,35.94,10.0,10% volume voordeel,,,6 stuks,,True,AHOO,10% volume voordeel,2026-07-28,2999-12-31,,True,AH,https://www.ah.nl/producten/product/wi584728,2026-07-28,Settesoli Pinot grigio 6 flessen,beer-wine aperitifs
460092,712903,Liefmans On the rocks 0.0 4-pack,Liefmans,bier-wijn-aperitieven,"Bier, wijn, aperitieven","Alcoholvrij wit, weizen, radler",5.99,5.99,,,,,"4 x 0,25 l",prijs per liter €5.99,False,,,,,D,True,AH,https://www.ah.nl/producten/product/wi460092,2026-07-28,Liefmans On the rocks 0.0 4-pack,beer-wine aperitifs
623905,0,Liefmans Liefmans On the rocks 0.0 8-pack,Liefmans,bier-wijn-aperitieven,"Bier, wijn, aperitieven","Alcoholvrij wit, weizen, radler",11.38,11.98,5.0,5% volume voordeel,,,2 stuks,,True,AHOO,5% volume voordeel,2026-07-28,2999-12-31,,True,AH,https://www.ah.nl/producten/product/wi623905,2026-07-28,Liefmans Liefmans On the rocks 0.0 8-pack,beer-wine aperitifs
623946,0,Liefmans Liefmans On the rocks 0.0 16-pack,Liefmans,bier-wijn-aperitieven,"Bier, wijn, aperitieven","Alcoholvrij wit, weizen, radler",21.56,23.96,10.0,10% volume voordeel,,,4 stuks,,True,AHOO,10% volume voordeel,2026-07-28,2999-12-31,,True,AH,https://www.ah.nl/producten/product/wi623946,2026-07-28,Liefmans Liefmans On the rocks 0.0 16-pack,beer-wine aperitifs
225279,818528,Mesta Verdejo organic wine,Mesta,bier-wijn-aperitieven,"Bier, wijn, aperitieven",Verdejo (Fris en droog),5.49,5.49,,,,,"0,75 l",prijs per liter €7.32,False,,,,,,True,AH,https://www.ah.nl/producten/product/wi225279,2026-07-28,Mesta Verdejo organic wine,beer-wine aperitifs
584608,0,Mesta Verdejo organic wine 6 flessen,Mesta,bier-wijn-aperitieven,"Bier, wijn, aperitieven",Verdejo (Fris en droog),29.65,32.94,10.0,10% volume voordeel,,,6 stuks,,True,AHOO,10% volume voordeel,2026-07-28,2999-12-31,,True,AH,https://www.ah.nl/producten/product/wi584608,2026-07-28,Mesta Verdejo organic wine 6 flessen,beer-wine aperitifs
591521,0,AH Excellent Selectie Prosecco 6 flessen,AH Excellent,bier-wijn-aperitieven,"Bier, wijn, aperitieven",Prosecco droog,35.95,47.94,25.0,pakketkorting,,,6 stuks,,True,AHOO,,2026-07-28,2026-08-02,,True,AH,https://www.ah.nl/producten/product/wi591521,2026-07-28,AH Excellent Selection Prosecco 6 bottles,beer-wine aperitifs
458921,668941,AH Biologisch Pinot grigio,AH Biologisch,bier-wijn-aperitieven,"Bier, wijn, aperitieven",Pinot Grigio (Fris en droog),4.99,4.99,,,,,"0,75 l",prijs per liter €6.65,False,,,,,,True,AH,https://www.ah.nl/producten/product/wi458921,2026-07-28,AH Organic Pinot Grigio,beer-wine aperitifs
409165,853880,Heineken Premium pilsener 0.0 6-pack,Heineken,bier-wijn-aperitieven,"Bier, wijn, aperitieven",Alcoholvrij pils,6.65,6.65,,1 + 1 gratis,,1.0,"6 x 0,33 l",normale prijs per liter €3.36,True,AH,1 + 1 gratis,2026-07-27,2026-08-02,B,True,AH,https://www.ah.nl/producten/product/wi409165,2026-07-28,Heineken Premium pilsener 0.0 6-pack,beer-wine aperitifs
606649,0,Heineken Premium pilsener 0.0 12-pack,Heineken,bier-wijn-aperitieven,"Bier, wijn, aperitieven",Alcoholvrij pils,6.65,13.3,50.0,pakketkorting,,,2 stuks,,True,AHOO,,2026-07-28,2026-08-02,,True,AH,https://www.ah.nl/producten/product/wi606649,2026-07-28,Heineken Premium pilsner 0.0 12-pack,beer-wine aperitifs
80101,779716,Heineken Premium pilsener 6-pack,Heineken,bier-wijn-aperitieven,"Bier, wijn, aperitieven",Pils blik,4.99,6.65,25.0,25% korting,,,"6 x 0,33 l",normale prijs per liter €3.36,True,AH,25% korting,2026-07-27,2026-08-02,,True,AH,https://www.ah.nl/producten/product/wi80101,2026-07-28,Heineken Premium pilsner 6-pack,beer-wine aperitifs
606648,0,Heineken Pilsener 12-pack,Heineken,bier-wijn-aperitieven,"Bier, wijn, aperitieven",Pils blik,9.97,13.3,25.0,pakketkorting,,,2 stuks,,True,AHOO,,2026-07-28,2026-08-02,,True,AH,https://www.ah.nl/producten/product/wi606648,2026-07-28,Heineken Pilsener 12-pack,beer-wine aperitifs
617582,0,AH Biologisch Pinot grigio 6 flessen,AH Biologisch,bier-wijn-aperitieven,"Bier, wijn, aperitieven",Pinot Grigio (Fris en droog),26.95,29.94,10.0,10% volume voordeel,,,6 stuks,,True,AHOO,10% volume voordeel,2026-07-28,2999-12-31,,True,AH,https://www.ah.nl/producten/product/wi617582,2026-07-28,AH Organic Pinot Grigio 6 bottles,beer-wine aperitifs
211425,827075,Weihenstephaner Hefeweissbier 0.5%,Weihenstephaner,bier-wijn-aperitieven,"Bier, wijn, aperitieven","Alcoholvrij wit, weizen, radler",1.59,1.59,,,,,"0,5 l",prijs per liter €3.18,False,,,,,B,True,AH,https://www.ah.nl/producten/product/wi211425,2026-07-28,Weihenstephaner Hefeweissbier 0.5%,beer-wine aperitifs
568460,7572,Fritz Spritz organic rhubarb,Fritz,bier-wijn-aperitieven,"Frisdrank, sappen, water",Craft en speciaal fris,1.79,1.79,,,,,330 ml,prijs per liter €5.42,False,,,,,D,True,AH,https://www.ah.nl/producten/product/wi568460,2026-07-28,Fritz Spritz organic rhubarb,beer-wine aperitifs
575711,0,AH Excellent Selectie Prosecco 6 flessen,AH Excellent,bier-wijn-aperitieven,"Bier, wijn, aperitieven",Prosecco droog,35.95,47.94,25.0,pakketkorting,,,6 stuks,,True,AHOO,,2026-07-28,2026-08-02,,True,AH,https://www.ah.nl/producten/product/wi575711,2026-07-28,AH Excellent Selection Prosecco 6 bottles,beer-wine aperitifs
617581,0,AH Biologisch Pinot grigio 4 flessen,AH Biologisch,bier-wijn-aperitieven,"Bier, wijn, aperitieven",Pinot Grigio (Fris en droog),18.96,19.96,5.0,5% volume voordeel,,,4 stuks,,True,AHOO,5% volume voordeel,2026-07-28,2999-12-31,,True,AH,https://www.ah.nl/producten/product/wi617581,2026-07-28,AH Biologisch Pinot grigio 4 flessen,beer-wine aperitifs
616230,0,Hey you Hey you Rosé 4 flessen,Hey you,bier-wijn-aperitieven,"Bier, wijn, aperitieven",Droge rosé,18.96,19.96,5.0,5% volume voordeel,,,4 stuks,,True,AHOO,5% volume voordeel,2026-07-28,2999-12-31,,True,AH,https://www.ah.nl/producten/product/wi616230,2026-07-28,Hey you Hey you Rosé 4 flessen,beer-wine aperitifs
584140,26777,Kult Water kefir yuzu & mandarin,Kult,bier-wijn-aperitieven,"Frisdrank, sappen, water",Craft en speciaal fris,2.29,2.29,,,,,330 ml,prijs per liter €6.94,False,,,,,C,True,AH,https://www.ah.nl/producten/product/wi584140,2026-07-28,Kult Water kefir yuzu & mandarin,beer-wine aperitifs
460362,712912,Brand IPA 0.0 6-pack,Brand,bier-wijn-aperitieven,"Bier, wijn, aperitieven",Alcoholvrij IPA,9.19,9.19,,1 + 1 gratis,,1.0,"6 x 0,3 l",normale prijs per liter €5.11,True,AH,1 + 1 gratis,2026-07-27,2026-08-02,C,True,AH,https://www.ah.nl/producten/product/wi460362,2026-07-28,Brand IPA 0.0 6-pack,beer-wine aperitifs
591857,0,Brand IPA 0.0 speciaalbier 2-pack,Brand,bier-wijn-aperitieven,"Bier, wijn, aperitieven",Alcoholvrij IPA,9.19,18.38,50.0,pakketkorting,,,2 stuks,,True,AHOO,,2026-07-28,2026-08-02,,True,AH,https://www.ah.nl/producten/product/wi591857,2026-07-28,Brand IPA 0.0 specialty beer 2-pack,beer-wine aperitifs
518871,557746,Royal Club Rose lemonade 0% suiker,Royal Club,bier-wijn-aperitieven,"Frisdrank, sappen, water",Craft en speciaal fris,1.875,2.49,24.7,2 voor 3.75,3.75,2.0,1 l,normale prijs per liter €2.49,True,AH,2 voor 3.75,2026-07-27,2026-08-02,C,True,AH,https://www.ah.nl/producten/product/wi518871,2026-07-28,Royal Club Rose lemonade 0% sugar,beer-wine aperitifs
590462,36601,Royal Club Pink grapefruit 0% suiker,Royal Club,bier-wijn-aperitieven,"Frisdrank, sappen, water",Craft en speciaal fris,1.875,2.49,24.7,2 voor 3.75,3.75,2.0,1 l,normale prijs per liter €2.49,True,AH,2 voor 3.75,2026-07-27,2026-08-02,C,True,AH,https://www.ah.nl/producten/product/wi590462,2026-07-28,Royal Club Pink grapefruit 0% sugar,beer-wine aperitifs
489167,742787,Brouwers Premium bier 6-pack,Brouwers,bier-wijn-aperitieven,"Bier, wijn, aperitieven",Pils blik,3.19,3.19,,,,,"6 x 0,33 l",prijs per liter €1.61,False,,,,,,True,AH,https://www.ah.nl/producten/product/wi489167,2026-07-28,Brouwers Premium bier 6-pack,beer-wine aperitifs
591212,38191,Stëlz Hard iced tea 12-pack,Stëlz,bier-wijn-aperitieven,"Bier, wijn, aperitieven",Seltzers,16.87,22.49,25.0,25% korting,,,"12 x 0,25 l",normale prijs per liter €7.50,True,AH,25% korting,2026-07-27,2026-08-02,,True,AH,https://www.ah.nl/producten/product/wi591212,2026-07-28,Stëlz Hard iced tea 12-pack,beer-wine aperitifs
612705,0,Stelz Hard iced tea 24-pack,Stelz,bier-wijn-aperitieven,"Bier, wijn, aperitieven",Seltzers,33.73,44.98,25.0,pakketkorting,,,2 stuks,,True,AHOO,25% volume voordeel,2026-07-28,2026-08-02,,True,AH,https://www.ah.nl/producten/product/wi612705,2026-07-28,Stelz Hard iced tea 24-pack,beer-wine aperitifs
489168,742789,Affligem Blond 0.0 abdijbier 6-pack,Affligem,bier-wijn-aperitieven,"Bier, wijn, aperitieven","Alcoholvrij blond, dubbel, tripel",5.99,7.99,25.0,25% korting,,,"6 x 0,3 l",normale prijs per liter €4.44,True,AH,25% korting,2026-07-27,2026-08-02,C,True,AH,https://www.ah.nl/producten/product/wi489168,2026-07-28,Affligem Blond 0.0 abbey beer 6-pack,beer-wine aperitifs
591860,0,Affligem Blond 0.0 speciaalbier 2-pack,Affligem,bier-wijn-aperitieven,"Bier, wijn, aperitieven","Alcoholvrij blond, dubbel, tripel",11.98,15.98,25.0,pakketkorting,,,2 stuks,,True,AHOO,,2026-07-28,2026-08-02,,True,AH,https://www.ah.nl/producten/product/wi591860,2026-07-28,Affligem Blond 0.0 specialty beer 2-pack,beer-wine aperitifs
160809,627616,Lindeman's South africa sauvignon blanc chardonnay,Lindeman's,bier-wijn-aperitieven,"Bier, wijn, aperitieven",Sauvignon Blanc (Fris en droog),5.29,5.29,,,,,"0,75 l",prijs per liter €7.05,False,,,,,,True,AH,https://www.ah.nl/producten/product/wi160809,2026-07-28,Lindeman's South Africa Sauvignon Blanc Chardonnay,beer-wine aperitifs
616348,0,Settesoli Settesoli Pinot grigio 4 flessen,Settesoli,bier-wijn-aperitieven,"Bier, wijn, aperitieven",Pinot Grigio (Fris en droog),22.76,23.96,5.0,5% volume voordeel,,,4 stuks,,True,AHOO,5% volume voordeel,2026-07-28,2999-12-31,,True,AH,https://www.ah.nl/producten/product/wi616348,2026-07-28,Settesoli Settesoli Pinot grigio 4 bottles,beer-wine aperitifs
615849,0,Grange de Malivet Grange de Malivet Chardonnay 4 flessen,Grange de Malivet,bier-wijn-aperitieven,"Bier, wijn, aperitieven",Chardonnay (Vol en droog),19.95,26.6,25.0,pakketkorting,,,4 stuks,,True,AHOO,,2026-07-28,2026-08-02,,True,AH,https://www.ah.nl/producten/product/wi615849,2026-07-28,Grange de Malivet Grange de Malivet Chardonnay 4 bottles,beer-wine aperitifs
614537,0,Royal Club Rose lemonade 0% suiker 4-pack,Royal Club,bier-wijn-aperitieven,"Frisdrank, sappen, water",Craft en speciaal fris,7.5,9.96,24.7,pakketkorting,,,4 stuks,,True,AHOO,,2026-07-28,2026-08-02,,True,AH,https://www.ah.nl/producten/product/wi614537,2026-07-28,Royal Club Rose lemonade 0% suiker 4-pack,beer-wine aperitifs
616037,0,AH Excellent Prosecco 4 flessen,AH Excellent,bier-wijn-aperitieven,"Bier, wijn, aperitieven",Prosecco droog,23.97,31.96,25.0,pakketkorting,,,4 stuks,,True,AHOO,,2026-07-28,2026-08-02,,True,AH,https://www.ah.nl/producten/product/wi616037,2026-07-28,AH Excellent Prosecco 4 flessen,beer-wine aperitifs
614582,0,Royal Club Pink grapefruit 0% suiker 4-pack,Royal Club,bier-wijn-aperitieven,"Frisdrank, sappen, water",Craft en speciaal fris,7.5,9.96,24.7,pakketkorting,,,4 stuks,,True,AHOO,,2026-07-28,2026-08-02,,True,AH,https://www.ah.nl/producten/product/wi614582,2026-07-28,Royal Club Pink grapefruit 0% sugar 4-pack,beer-wine aperitifs
616298,0,Mesta Mesta Verdejo Organic 4 flessen,Mesta,bier-wijn-aperitieven,"Bier, wijn, aperitieven",Verdejo (Fris en droog),20.86,21.96,5.0,5% volume voordeel,,,4 stuks,,True,AHOO,5% volume voordeel,2026-07-28,2999-12-31,,True,AH,https://www.ah.nl/producten/product/wi616298,2026-07-28,Mesta Mesta Verdejo Organic 4 flessen,beer-wine aperitifs
584746,0,Lindeman's South africa chardonnay 6 flessen,Lindeman's,bier-wijn-aperitieven,"Bier, wijn, aperitieven",Sauvignon Blanc (Fris en droog),28.57,31.74,10.0,10% volume voordeel,,,6 stuks,,True,AHOO,10% volume voordeel,2026-07-28,2999-12-31,,True,AH,https://www.ah.nl/producten/product/wi584746,2026-07-28,Lindeman's South Africa chardonnay 6 bottles,beer-wine aperitifs
614533,0,Royal Club Rose lemonade 0% suiker 10-pack,Royal Club,bier-wijn-aperitieven,"Frisdrank, sappen, water",Craft en speciaal fris,18.75,24.9,24.7,pakketkorting,,,10 stuks,,True,AHOO,,2026-07-28,2026-08-02,,True,AH,https://www.ah.nl/producten/product/wi614533,2026-07-28,Royal Club Rose lemonade 0% sugar 10-pack,beer-wine aperitifs
614578,0,Royal Club Pink grapefruit 0% suiker 10-pack,Royal Club,bier-wijn-aperitieven,"Frisdrank, sappen, water",Craft en speciaal fris,18.75,24.9,24.7,pakketkorting,,,10 stuks,,True,AHOO,,2026-07-28,2026-08-02,,True,AH,https://www.ah.nl/producten/product/wi614578,2026-07-28,Royal Club Pink grapefruit 0% sugar 10-pack,beer-wine aperitifs
614538,0,Royal Club Rose lemonade 0% suiker 6-pack,Royal Club,bier-wijn-aperitieven,"Frisdrank, sappen, water",Craft en speciaal fris,11.25,14.94,24.7,pakketkorting,,,6 stuks,,True,AHOO,,2026-07-28,2026-08-02,,True,AH,https://www.ah.nl/producten/product/wi614538,2026-07-28,Royal Club Rose lemonade 0% sugar 6-pack,beer-wine aperitifs
614583,0,Royal Club Pink grapefruit 0% suiker 6-pack,Royal Club,bier-wijn-aperitieven,"Frisdrank, sappen, water",Craft en speciaal fris,11.25,14.94,24.7,pakketkorting,,,6 stuks,,True,AHOO,,2026-07-28,2026-08-02,,True,AH,https://www.ah.nl/producten/product/wi614583,2026-07-28,Royal Club Pink grapefruit 0% suiker 6-pack,beer-wine aperitifs
478475,732291,YAYA Kombucha ginger,YAYA,bier-wijn-aperitieven,"Frisdrank, sappen, water",Kombucha,2.39,2.39,,,,,330 ml,prijs per liter €7.24,False,,,,,C,True,AH,https://www.ah.nl/producten/product/wi478475,2026-07-28,YAYA Kombucha ginger,beer-wine aperitifs
571805,14092,Peroni Nastro azzurro alcoholvrij bier 6-pack,Peroni,bier-wijn-aperitieven,"Bier, wijn, aperitieven",Alcoholvrij pils,6.79,6.79,,1 + 1 gratis,,1.0,"6 x 0,33 l",normale prijs per liter €3.43,True,AH,1 + 1 gratis,2026-07-27,2026-08-02,C,True,AH,https://www.ah.nl/producten/product/wi571805,2026-07-28,Peroni Nastro azzurro non-alcoholic beer 6-pack,beer-wine aperitifs
386562,844100,Desperados Original beer 6-pack,Desperados,bier-wijn-aperitieven,"Bier, wijn, aperitieven",Mexicaans bier,7.49,9.99,25.0,25% korting,,,"6 x 0,33 l",normale prijs per liter €5.05,True,AH,25% korting,2026-07-27,2026-08-02,,True,AH,https://www.ah.nl/producten/product/wi386562,2026-07-28,Desperados Original beer 6-pack,beer-wine aperitifs
591858,0,Desperados Original bier 12-pack,Desperados,bier-wijn-aperitieven,"Bier, wijn, aperitieven",Mexicaans bier,14.98,19.98,25.0,pakketkorting,,,2 stuks,,True,AHOO,,2026-07-28,2026-08-02,,True,AH,https://www.ah.nl/producten/product/wi591858,2026-07-28,Desperados Original bier 12-pack,beer-wine aperitifs
170811,757617,Corona Extra bier 6-pack,Corona,bier-wijn-aperitieven,"Bier, wijn, aperitieven",Mexicaans bier,7.49,9.99,25.0,25% korting,,,"6 x 0,33 l",normale prijs per liter €5.05,True,AH,25% korting,2026-07-27,2026-08-02,,True,AH,https://www.ah.nl/producten/product/wi170811,2026-07-28,Corona Extra beer 6-pack,beer-wine aperitifs
600761,0,Peroni azzurro alcoholvrij bier 24-pack,Peroni,bier-wijn-aperitieven,"Bier, wijn, aperitieven",Alcoholvrij pils,13.58,27.16,50.0,pakketkorting,,,4 stuks,,True,AHOO,,2026-07-28,2026-08-02,,True,AH,https://www.ah.nl/producten/product/wi600761,2026-07-28,Peroni azzurro non-alcoholic beer 24-pack,beer-wine aperitifs
623965,0,Corona Extra bier 12-pack,Corona,bier-wijn-aperitieven,"Bier, wijn, aperitieven",Mexicaans bier,14.98,19.98,25.0,pakketkorting,,,2 stuks,,True,AHOO,,2026-07-28,2026-08-02,,True,AH,https://www.ah.nl/producten/product/wi623965,2026-07-28,Corona Extra bier 12-pack,beer-wine aperitifs
623966,0,Corona Extra bier 24-pack,Corona,bier-wijn-aperitieven,"Bier, wijn, aperitieven",Mexicaans bier,29.97,39.96,25.0,pakketkorting,,,4 stuks,,True,AHOO,25% volume voordeel,2026-07-28,2026-08-02,,True,AH,https://www.ah.nl/producten/product/wi623966,2026-07-28,Corona Extra beer 24-pack,beer-wine aperitifs
194903,639782,Gulpener Gladiator robuust bier,Gulpener,bier-wijn-aperitieven,"Bier, wijn, aperitieven",Zwaar bier,1.69,1.69,,,,,"0,5 l",prijs per liter €3.38,False,,,,,,True,AH,https://www.ah.nl/producten/product/wi194903,2026-07-28,Gulpener Gladiator robust beer,beer-wine aperitifs
440882,80931,Mastri Vernacoli Pinot grigio,Mastri Vernacoli,bier-wijn-aperitieven,"Bier, wijn, aperitieven",Pinot Grigio (Vol en droog),6.49,7.49,13.4,€1.00 euro korting,,,"0,75 l",normale prijs per liter €9.99,True,AH,1 euro korting,2026-07-27,2026-08-02,,True,AH,https://www.ah.nl/producten/product/wi440882,2026-07-28,Mastri Vernacoli Pinot grigio,beer-wine aperitifs
434194,698606,Brand Weizen 0.0 6-pack,Brand,bier-wijn-aperitieven,"Bier, wijn, aperitieven","Alcoholvrij wit, weizen, radler",7.99,7.99,,1 + 1 gratis,,1.0,"6 x 0,3 l",normale prijs per liter €4.44,True,AH,1 + 1 gratis,2026-07-27,2026-08-02,C,True,AH,https://www.ah.nl/producten/product/wi434194,2026-07-28,Brand Weizen 0.0 6-pack,beer-wine aperitifs
597605,0,Brand Weizen 0.0 2x 6-pack,Brand,bier-wijn-aperitieven,"Bier, wijn, aperitieven","Alcoholvrij wit, weizen, radler",7.99,15.98,50.0,pakketkorting,,,2 stuks,,True,AHOO,,2026-07-28,2026-08-02,,True,AH,https://www.ah.nl/producten/product/wi597605,2026-07-28,Brand Weizen 0.0 2x 6-pack,beer-wine aperitifs
607640,64676,Batu Kombucha ginger & lemon,Batu,bier-wijn-aperitieven,"Frisdrank, sappen, water",Kombucha,1.79,1.79,,,,,250 ml,prijs per liter €7.16,False,,,,,C,True,AH,https://www.ah.nl/producten/product/wi607640,2026-07-28,Batu Kombucha ginger & lemon,beer-wine aperitifs
611343,0,Peroni Nastro azzurro alcoholvrij bier 18-pack,Peroni,bier-wijn-aperitieven,"Bier, wijn, aperitieven",Alcoholvrij pils,13.58,20.37,33.3,pakketkorting,,,3 stuks,,True,AHOO,,2026-07-28,2026-08-02,,True,AH,https://www.ah.nl/producten/product/wi611343,2026-07-28,Peroni Nastro azzurro non-alcoholic beer 18-pack,beer-wine aperitifs
471356,723684,Hertog Jan 0.0 Alcoholvrij bier 6-pack,Hertog Jan,bier-wijn-aperitieven,"Bier, wijn, aperitieven",Alcoholvrij pils,6.19,6.19,,,,,"6 x 0,33 l",prijs per liter €3.13,False,,,,,B,True,AH,https://www.ah.nl/producten/product/wi471356,2026-07-28,Hertog Jan 0.0 Non-alcoholic beer 6-pack,beer-wine aperitifs
611344,0,Peroni Nastro azzurro alcoholvrij bier 30-pack,Peroni,bier-wijn-aperitieven,"Bier, wijn, aperitieven",Alcoholvrij pils,20.37,33.95,40.0,pakketkorting,,,5 stuks,,True,AHOO,,2026-07-28,2026-08-02,,True,AH,https://www.ah.nl/producten/product/wi611344,2026-07-28,Peroni Nastro azzurro non-alcoholic beer 30-pack,beer-wine aperitifs
605017,0,Hertog Jan 0.0 Alcoholvrij bier 24-pack,Hertog Jan,bier-wijn-aperitieven,"Bier, wijn, aperitieven",Alcoholvrij pils,23.52,24.76,5.0,5% volume voordeel,,,4 stuks,,True,AHOO,5% volume voordeel,2026-07-28,2999-12-31,,True,AH,https://www.ah.nl/producten/product/wi605017,2026-07-28,Hertog Jan 0.0 Non-alcoholic beer 24-pack,beer-wine aperitifs
173604,771876,Liefmans On the rocks 4-pack,Liefmans,bier-wijn-aperitieven,"Bier, wijn, aperitieven","Rosé bier, fruitbier",6.89,6.89,,,,,"4 x 0,25 l",prijs per liter €6.89,False,,,,,,True,AH,https://www.ah.nl/producten/product/wi173604,2026-07-28,Liefmans On the rocks 4-pack,beer-wine aperitifs
139508,610610,Sol y Nieve Rueda verdejo-viura,Sol y Nieve,bier-wijn-aperitieven,"Bier, wijn, aperitieven",Verdejo (Fris en droog),5.29,5.29,,,,,"0,75 l",prijs per liter €7.05,False,,,,,,True,AH,https://www.ah.nl/producten/product/wi139508,2026-07-28,Sol y Nieve Rueda verdejo-viura,beer-wine aperitifs
623892,0,Liefmans Liefmans On the rocks 8-pack,Liefmans,bier-wijn-aperitieven,"Bier, wijn, aperitieven","Rosé bier, fruitbier",13.09,13.78,5.0,5% volume voordeel,,,2 stuks,,True,AHOO,5% volume voordeel,2026-07-28,2999-12-31,,True,AH,https://www.ah.nl/producten/product/wi623892,2026-07-28,Liefmans Liefmans On the rocks 8-pack,beer-wine aperitifs
616278,0,Lindeman's Lindeman's SA SB Chardonnay 4 flessen,Lindeman's,bier-wijn-aperitieven,"Bier, wijn, aperitieven",Sauvignon Blanc (Fris en droog),20.1,21.16,5.0,5% volume voordeel,,,4 stuks,,True,AHOO,5% volume voordeel,2026-07-28,2999-12-31,,True,AH,https://www.ah.nl/producten/product/wi616278,2026-07-28,Lindeman's Lindeman's SA SB Chardonnay 4 bottles,beer-wine aperitifs
623947,0,Liefmans Liefmans On the rocks 16-pack,Liefmans,bier-wijn-aperitieven,"Bier, wijn, aperitieven","Rosé bier, fruitbier",24.8,27.56,10.0,10% volume voordeel,,,4 stuks,,True,AHOO,10% volume voordeel,2026-07-28,2999-12-31,,True,AH,https://www.ah.nl/producten/product/wi623947,2026-07-28,Liefmans Liefmans On the rocks 16-pack,beer-wine aperitifs
365217,855324,AH Excellent Kamptal selectie grüner veltliner,AH Excellent,bier-wijn-aperitieven,"Bier, wijn, aperitieven",Grüner Veltliner (Fris en droog),5.99,7.99,25.0,25% korting,,,"0,75 l",normale prijs per liter €10.65,True,AH,25% korting,2026-07-27,2026-08-02,,True,AH,https://www.ah.nl/producten/product/wi365217,2026-07-28,AH Excellent Kamptal selection grüner veltliner,beer-wine aperitifs
238803,828380,Grolsch Radler citroen alcoholvrij 0.0% 6-pack,Grolsch,bier-wijn-aperitieven,"Bier, wijn, aperitieven","Alcoholvrij wit, weizen, radler",6.29,6.29,,1 + 1 gratis,,1.0,"6 x 0,33 l",normale prijs per liter €3.18,True,AH,1 + 1 gratis,2026-07-27,2026-08-02,C,True,AH,https://www.ah.nl/producten/product/wi238803,2026-07-28,Grolsch Radler lemon alcohol-free 0.0% 6-pack,beer-wine aperitifs
584613,0,Sol y Nieve Rueda verdejo-viura 6 flessen,Sol,bier-wijn-aperitieven,"Bier, wijn, aperitieven",Verdejo (Fris en droog),28.57,31.74,10.0,10% volume voordeel,,,6 stuks,,True,AHOO,10% volume voordeel,2026-07-28,2999-12-31,,True,AH,https://www.ah.nl/producten/product/wi584613,2026-07-28,Sol y Nieve Rueda verdejo-viura 6 bottles,beer-wine aperitifs
623967,0,Hertog Jan 0.0 Alcoholvrij bier 24-pack,Hertog Jan,bier-wijn-aperitieven,"Bier, wijn, aperitieven",Alcoholvrij pils,22.28,24.76,10.0,10% volume voordeel,,,4 stuks,,True,AHOO,10% volume voordeel,2026-07-28,2999-12-31,,True,AH,https://www.ah.nl/producten/product/wi623967,2026-07-28,Hertog Jan 0.0 Non-alcoholic beer 24-pack,beer-wine aperitifs
611330,0,Grolsch Radler citroen alcoholvrij 0.0% 18-pack,Grolsch,bier-wijn-aperitieven,"Bier, wijn, aperitieven","Alcoholvrij wit, weizen, radler",12.58,18.87,33.3,pakketkorting,,,3 stuks,,True,AHOO,,2026-07-28,2026-08-02,,True,AH,https://www.ah.nl/producten/product/wi611330,2026-07-28,Grolsch Radler citroen alcoholvrij 0.0% 18-pack,beer-wine aperitifs
611331,0,Grolsch Radler citroen alcoholvrij 0.0% 30-pack,Grolsch,bier-wijn-aperitieven,"Bier, wijn, aperitieven","Alcoholvrij wit, weizen, radler",18.87,31.45,40.0,pakketkorting,,,5 stuks,,True,AHOO,,2026-07-28,2026-08-02,,True,AH,https://www.ah.nl/producten/product/wi611331,2026-07-28,Grolsch Radler lemon alcohol-free 0.0% 30-pack,beer-wine aperitifs
489164,742783,Brouwers Radler 0.0% 6-pack,Brouwers,bier-wijn-aperitieven,"Bier, wijn, aperitieven","Alcoholvrij wit, weizen, radler",2.89,2.89,,,,,"6 x 0,33 l",prijs per liter €1.46,False,,,,,C,True,AH,https://www.ah.nl/producten/product/wi489164,2026-07-28,Brouwers Radler 0.0% 6-pack,beer-wine aperitifs
540081,828361,Hertog Jan Pilsener bier 6-pack,Hertog Jan,bier-wijn-aperitieven,"Bier, wijn, aperitieven",Pils fles,6.19,6.19,,,,,"6 x 0,3 l",prijs per liter €3.44,False,,,,,,True,AH,https://www.ah.nl/producten/product/wi540081,2026-07-28,Hertog Jan Pilsener beer 6-pack,beer-wine aperitifs
409164,853867,Heineken Premium pilsener 0.0 draaidop 6-pack,Heineken,bier-wijn-aperitieven,"Bier, wijn, aperitieven",Alcoholvrij pils,6.99,6.99,,1 + 1 gratis,,1.0,"6 x 0,25 l",normale prijs per liter €4.66,True,AH,1 + 1 gratis,2026-07-27,2026-08-02,B,True,AH,https://www.ah.nl/producten/product/wi409164,2026-07-28,Heineken Premium pilsner 0.0 screw cap 6-pack,beer-wine aperitifs
606650,0,Heineken Premium pilsener 0.0 draaidop 12-pack,Heineken,bier-wijn-aperitieven,"Bier, wijn, aperitieven",Alcoholvrij pils,6.99,13.98,50.0,pakketkorting,,,2 stuks,,True,AHOO,,2026-07-28,2026-08-02,,True,AH,https://www.ah.nl/producten/product/wi606650,2026-07-28,Heineken Premium pilsner 0.0 screw cap 12-pack,beer-wine aperitifs
548572,60388,Texels Skuumkoppe speciaalbier 6-pack,Texels,bier-wijn-aperitieven,"Bier, wijn, aperitieven",Wit en weizen,7.49,9.99,25.0,25% korting,,,"6 x 0,3 l",normale prijs per liter €5.55,True,AH,25% korting,2026-07-27,2026-08-02,,True,AH,https://www.ah.nl/producten/product/wi548572,2026-07-28,Texels Skuumkoppe specialty beer 6-pack,beer-wine aperitifs
574108,0,Texels Skuumkoppe speciaalbier 12-pack,Texels,bier-wijn-aperitieven,"Bier, wijn, aperitieven",Wit en weizen,14.98,19.98,25.0,pakketkorting,,,2 stuks,,True,AHOO,,2026-07-28,2026-08-02,,True,AH,https://www.ah.nl/producten/product/wi574108,2026-07-28,Texels Skuumkoppe specialty beer 12-pack,beer-wine aperitifs
460337,646842,Lowlander 0.00% wit,Lowlander,bier-wijn-aperitieven,"Bier, wijn, aperitieven","Alcoholvrij wit, weizen, radler",2.59,2.59,,,,,330 ml,prijs per liter €7.85,False,,,,,C,True,AH,https://www.ah.nl/producten/product/wi460337,2026-07-28,Lowlander 0.00% white,beer-wine aperitifs
601043,0,Lowlander 0.00% wit 4-pack,Lowlander,bier-wijn-aperitieven,"Bier, wijn, aperitieven","Alcoholvrij wit, weizen, radler",9.32,10.36,10.0,10% volume voordeel,,,4 stuks,,True,AHOO,10% volume voordeel,2026-07-28,2999-12-31,,True,AH,https://www.ah.nl/producten/product/wi601043,2026-07-28,Lowlander 0.00% white 4-pack,beer-wine aperitifs
577748,0,AH Excellent Selectie Kamptal Gruner 6 flessen,AH Excellent,bier-wijn-aperitieven,"Bier, wijn, aperitieven",Grüner Veltliner (Fris en droog),35.95,47.94,25.0,pakketkorting,,,6 stuks,,True,AHOO,,2026-07-28,2026-08-02,,True,AH,https://www.ah.nl/producten/product/wi577748,2026-07-28,AH Excellent Selection Kamptal Gruner 6 bottles,beer-wine aperitifs
576137,0,Mastri Vernacoli Pinot Grigio 6 flessen,Mastri Vernacoli,bier-wijn-aperitieven,"Bier, wijn, aperitieven",Pinot Grigio (Vol en droog),38.94,44.94,13.4,pakketkorting,,,6 stuks,,True,AHOO,,2026-07-28,2026-08-02,,True,AH,https://www.ah.nl/producten/product/wi576137,2026-07-28,Mastri Vernacoli Pinot Grigio 6 bottles,beer-wine aperitifs
409251,853998,Solatio Prosecco spumante extra dry,Solatio,bier-wijn-aperitieven,"Bier, wijn, aperitieven",Prosecco droog,7.49,7.49,,,,,"0,75 l",prijs per liter €9.99,False,,,,,,True,AH,https://www.ah.nl/producten/product/wi409251,2026-07-28,Solatio Prosecco spumante extra dry,beer-wine aperitifs
470895,722584,Gort & Gort Sparkling rosé alcoholvrij,Gort & Gort,bier-wijn-aperitieven,"Bier, wijn, aperitieven",Alcoholvrij rose,6.99,6.99,,,,,"0,75 l",prijs per liter €9.32,False,,,,,,True,AH,https://www.ah.nl/producten/product/wi470895,2026-07-28,Gort & Gort Sparkling rosé alcohol-free,beer-wine aperitifs
586337,0,Solatio Prosecco spumante extra dry 6 flessen,Solatio,bier-wijn-aperitieven,"Bier, wijn, aperitieven",Prosecco droog,40.45,44.94,10.0,10% volume voordeel,,,6 stuks,,True,AHOO,10% volume voordeel,2026-07-28,2999-12-31,,True,AH,https://www.ah.nl/producten/product/wi586337,2026-07-28,Solatio Prosecco spumante extra dry 6 bottles,beer-wine aperitifs
56312,510351,Leffe Blond abdijbier 6-pack,Leffe,bier-wijn-aperitieven,"Bier, wijn, aperitieven",Blond bier,8.79,8.79,,,,,"6 x 0,3 l",prijs per liter €4.88,False,,,,,,True,AH,https://www.ah.nl/producten/product/wi56312,2026-07-28,Leffe Blond abbey beer 6-pack,beer-wine aperitifs
576155,0,Gort & Gort Sparkling rosé alcoholvrij 6 flessen,Gort & Gort,bier-wijn-aperitieven,"Bier, wijn, aperitieven",Alcoholvrij rose,37.75,41.94,10.0,10% volume voordeel,,,6 stuks,,True,AHOO,10% volume voordeel,2026-07-28,2999-12-31,,True,AH,https://www.ah.nl/producten/product/wi576155,2026-07-28,Gort & Gort Sparkling rosé alcohol-free 6 bottles,beer-wine aperitifs
585742,0,Mastri Vernacoli Pinot grigio 6 flessen,Mastri Vernacoli,bier-wijn-aperitieven,"Bier, wijn, aperitieven",Pinot Grigio (Vol en droog),38.94,44.94,13.4,pakketkorting,,,6 stuks,,True,AHOO,,2026-07-28,2026-08-02,,True,AH,https://www.ah.nl/producten/product/wi585742,2026-07-28,Mastri Vernacoli Pinot Grigio 6 bottles,beer-wine aperitifs
616026,0,AH Excellent AH Excellent Grüner Veltliner 4 flessen,AH Excellent,bier-wijn-aperitieven,"Bier, wijn, aperitieven",Grüner Veltliner (Fris en droog),23.97,31.96,25.0,pakketkorting,,,4 stuks,,True,AHOO,,2026-07-28,2026-08-02,,True,AH,https://www.ah.nl/producten/product/wi616026,2026-07-28,AH Excellent AH Excellent Grüner Veltliner 4 bottles,beer-wine aperitifs
200334,259381,Ogio Pinot Grigio,Ogio,bier-wijn-aperitieven,"Bier, wijn, aperitieven",Pinot Grigio (Fris en droog),5.47,7.29,25.0,ACTIE,,,"0,75 l",normale prijs per liter €9.72,True,GAOO,ACTIE,2026-07-13,2026-08-02,,True,GALL,https://www.ah.nl/producten/product/wi200334,2026-07-28,Ogio Pinot Grigio,beer-wine aperitifs
611339,0,Gulpener Gladiator robuust bier 24-pack,Gulpener,bier-wijn-aperitieven,"Bier, wijn, aperitieven",Zwaar bier,30.42,40.56,25.0,25% volume voordeel,,,24 stuks,,True,AHOO,25% volume voordeel,2026-07-28,2999-12-31,,True,AH,https://www.ah.nl/producten/product/wi611339,2026-07-28,Gulpener Gladiator robust beer 24-pack,beer-wine aperitifs
178785,591953,Aperol Aperitivo,Aperol,bier-wijn-aperitieven,"Bier, wijn, aperitieven",Likorettes,15.59,15.59,,,,,70 cl,prijs per liter €22.27,False,,,,,,True,AH,https://www.ah.nl/producten/product/wi178785,2026-07-28,Aperol Aperitivo,beer-wine aperitifs
483496,738879,Affligem Blond abdijbier 6-pack,Affligem,bier-wijn-aperitieven,"Bier, wijn, aperitieven",Blond bier,6.49,8.65,25.0,25% korting,,,"6 x 0,30 l",normale prijs per liter €4.81,True,AH,25% korting,2026-07-27,2026-08-02,,True,AH,https://www.ah.nl/producten/product/wi483496,2026-07-28,Affligem Blond abbey beer 6-pack,beer-wine aperitifs
591859,0,Affligem Blond speciaalbier 2-pack,Affligem,bier-wijn-aperitieven,"Bier, wijn, aperitieven",Blond bier,12.97,17.3,25.0,pakketkorting,,,2 stuks,,True,AHOO,,2026-07-28,2026-08-02,,True,AH,https://www.ah.nl/producten/product/wi591859,2026-07-28,Affligem Blond specialty beer 2-pack,beer-wine aperitifs
489166,742785,Brouwers Alcoholvrij bier 0.0% 6-pack,Brouwers,bier-wijn-aperitieven,"Bier, wijn, aperitieven",Alcoholvrij pils,2.79,2.79,,,,,"6 x 0,33 l",prijs per liter €1.41,False,,,,,C,True,AH,https://www.ah.nl/producten/product/wi489166,2026-07-28,Brewers Alcohol-free beer 0.0% 6-pack,beer-wine aperitifs
371065,836301,Cadis Garganega pinot grigio,Cadis,bier-wijn-aperitieven,"Bier, wijn, aperitieven",Pinot Grigio (Fris en droog),4.49,4.49,,,,,"0,75 l",prijs per liter €5.99,False,,,,,,True,AH,https://www.ah.nl/producten/product/wi371065,2026-07-28,Cadis Garganega pinot grigio,beer-wine aperitifs
571802,14098,Vandestreek Fun house non alcoholic NEIPA,Vandestreek,bier-wijn-aperitieven,"Bier, wijn, aperitieven",Alcoholvrij IPA,2.49,2.49,,,,,330 ml,prijs per liter €7.55,False,,,,,C,True,AH,https://www.ah.nl/producten/product/wi571802,2026-07-28,Vandestreek Fun house non alcoholic NEIPA,beer-wine aperitifs
607627,64675,Batu Kombucha passion fruit & mango,Batu,bier-wijn-aperitieven,"Frisdrank, sappen, water",Kombucha,1.79,1.79,,,,,250 ml,prijs per liter €7.16,False,,,,,C,True,AH,https://www.ah.nl/producten/product/wi607627,2026-07-28,Batu Kombucha passion fruit & mango,beer-wine aperitifs
387103,844579,AH Excellent Selectie touraine sauvignon blanc,AH Excellent,bier-wijn-aperitieven,"Bier, wijn, aperitieven",Sauvignon Blanc (Fris en droog),5.77,7.69,25.0,25% korting,,,"0,75 l",normale prijs per liter €10.25,True,AH,25% korting,2026-07-27,2026-08-02,,True,AH,https://www.ah.nl/producten/product/wi387103,2026-07-28,AH Excellent Selection touraine sauvignon blanc,beer-wine aperitifs
435813,700319,AH Excellent Selectie pinot grigio,AH Excellent,bier-wijn-aperitieven,"Bier, wijn, aperitieven",Pinot Grigio (Fris en droog),5.24,6.99,25.0,25% korting,,,"0,75 l",normale prijs per liter €9.32,True,AH,25% korting,2026-07-27,2026-08-02,,True,AH,https://www.ah.nl/producten/product/wi435813,2026-07-28,AH Excellent Selection Pinot Grigio,beer-wine aperitifs
121086,566019,Saint roche Rosé organic wine,Saint roche,bier-wijn-aperitieven,"Bier, wijn, aperitieven",Droge rosé,6.49,6.49,,,,,"0,75 l",prijs per liter €8.65,False,,,,,,True,AH,https://www.ah.nl/producten/product/wi121086,2026-07-28,Saint Roche Rosé organic wine,beer-wine aperitifs
568478,7534,Something & Nothing Yuzu,Something & Nothing,bier-wijn-aperitieven,"Frisdrank, sappen, water",Craft en speciaal fris,1.79,1.79,,,,,330 ml,prijs per liter €5.42,False,,,,,C,True,AH,https://www.ah.nl/producten/product/wi568478,2026-07-28,Something & Nothing Yuzu,beer-wine aperitifs
576132,0,Cadis Garganega Pinot Grigio 6 flessen,Cadis,bier-wijn-aperitieven,"Bier, wijn, aperitieven",Pinot Grigio (Fris en droog),24.25,26.94,10.0,10% volume voordeel,,,6 stuks,,True,AHOO,10% volume voordeel,2026-07-28,2999-12-31,,True,AH,https://www.ah.nl/producten/product/wi576132,2026-07-28,Cadis Garganega Pinot Grigio 6 bottles,beer-wine aperitifs
435571,117196,Mucho Mas Rood tempranillo,Mucho Mas,bier-wijn-aperitieven,"Bier, wijn, aperitieven",Tempranillo (Soepel),7.01,7.79,10.0,10% korting,,,"0,75 l",normale prijs per liter €10.39,True,AH,10% Gall & Gall Kaartkorting,,,,True,GALL,https://www.ah.nl/producten/product/wi435571,2026-07-28,Mucho Mas Rood tempranillo,beer-wine aperitifs
616220,0,Gort & Gort Gort & Gort Rosé AF 4 flessen,Gort & Gort,bier-wijn-aperitieven,"Bier, wijn, aperitieven",Alcoholvrij rose,26.56,27.96,5.0,5% volume voordeel,,,4 stuks,,True,AHOO,5% volume voordeel,2026-07-28,2999-12-31,,True,AH,https://www.ah.nl/producten/product/wi616220,2026-07-28,Gort & Gort Gort & Gort Rosé AF 4 flessen,beer-wine aperitifs
577856,0,AH Excellent Selectie sauvignon blanc 6 flessen,AH Excellent,bier-wijn-aperitieven,"Bier, wijn, aperitieven",Sauvignon Blanc (Fris en droog),34.6,46.14,25.0,pakketkorting,,,6 stuks,,True,AHOO,,2026-07-28,2026-08-02,,True,AH,https://www.ah.nl/producten/product/wi577856,2026-07-28,AH Excellent Selection sauvignon blanc 6 bottles,beer-wine aperitifs
616294,0,Mastri Vernacoli Mastri Vernacoli Pinot G. 4 flessen,Mastri Vernacoli,bier-wijn-aperitieven,"Bier, wijn, aperitieven",Pinot Grigio (Vol en droog),25.96,29.96,13.4,pakketkorting,,,4 stuks,,True,AHOO,,2026-07-28,2026-08-02,,True,AH,https://www.ah.nl/producten/product/wi616294,2026-07-28,Mastri Vernacoli Mastri Vernacoli Pinot G. 4 bottles,beer-wine aperitifs
586378,0,Saint roche Rosé organic wine 6 flessen,Saint roche,bier-wijn-aperitieven,"Bier, wijn, aperitieven",Droge rosé,35.05,38.94,10.0,10% volume voordeel,,,6 stuks,,True,AHOO,10% volume voordeel,2026-07-28,2999-12-31,,True,AH,https://www.ah.nl/producten/product/wi586378,2026-07-28,Saint Roche Rosé organic wine 6 bottles,beer-wine aperitifs
440877,80898,Vila Nova Vinho verde,Vila Nova,bier-wijn-aperitieven,"Bier, wijn, aperitieven",Overige witte wijn (Fris en droog),5.99,5.99,,,,,"0,75 l",prijs per liter €7.99,False,,,,,,True,AH,https://www.ah.nl/producten/product/wi440877,2026-07-28,Vila Nova Vinho verde,beer-wine aperitifs
616354,0,Solatio Solatio Prosecco Extra Dry 4 flessen,Solatio,bier-wijn-aperitieven,"Bier, wijn, aperitieven",Prosecco droog,28.46,29.96,5.0,5% volume voordeel,,,4 stuks,,True,AHOO,5% volume voordeel,2026-07-28,2999-12-31,,True,AH,https://www.ah.nl/producten/product/wi616354,2026-07-28,Solatio Solatio Prosecco Extra Dry 4 flessen,beer-wine aperitifs
409171,853897,Warsteiner Alkoholfrei pilsener 6-pack,Warsteiner,bier-wijn-aperitieven,"Bier, wijn, aperitieven",Alcoholvrij pils,5.49,5.49,,,,,"6 x 0,33 l",prijs per liter €2.77,False,,,,,C,True,AH,https://www.ah.nl/producten/product/wi409171,2026-07-28,Warsteiner Alkoholfrei pilsner 6-pack,beer-wine aperitifs
238777,828304,Paulaner Hefe-weißbier,Paulaner,bier-wijn-aperitieven,"Bier, wijn, aperitieven",Wit en weizen,1.99,1.99,,,,,"0,50 l",prijs per liter €3.98,False,,,,,,True,AH,https://www.ah.nl/producten/product/wi238777,2026-07-28,Paulaner Hefe-weißbier,beer-wine aperitifs
576121,0,Vila Nova Vinho verde 6 flessen,Vila Nova,bier-wijn-aperitieven,"Bier, wijn, aperitieven",Overige witte wijn (Fris en droog),32.35,35.94,10.0,10% volume voordeel,,,6 stuks,,True,AHOO,10% volume voordeel,2026-07-28,2999-12-31,,True,AH,https://www.ah.nl/producten/product/wi576121,2026-07-28,Vila Nova Vinho verde 6 bottles,beer-wine aperitifs
170801,632945,Lindeman's South africa rosé,Lindeman's,bier-wijn-aperitieven,"Bier, wijn, aperitieven",Droge rosé,5.29,5.29,,,,,"0,75 l",prijs per liter €7.05,False,,,,,,True,AH,https://www.ah.nl/producten/product/wi170801,2026-07-28,Lindeman's South Africa rosé,beer-wine aperitifs
365924,832952,Sarmentino Sauvignon blanc,Sarmentino,bier-wijn-aperitieven,"Bier, wijn, aperitieven",Sauvignon Blanc (Fris en droog),3.99,3.99,,,,,"0,75 l",prijs per liter €5.32,False,,,,,,True,AH,https://www.ah.nl/producten/product/wi365924,2026-07-28,Sarmentino Sauvignon Blanc,beer-wine aperitifs
502936,791028,Affligem Belgisch wit 0.0 abdijbier 6-pack,Affligem,bier-wijn-aperitieven,"Bier, wijn, aperitieven","Alcoholvrij wit, weizen, radler",5.54,7.39,25.0,25% korting,,,"6 x 0,3 l",normale prijs per liter €4.11,True,AH,25% korting,2026-07-27,2026-08-02,C,True,AH,https://www.ah.nl/producten/product/wi502936,2026-07-28,Affligem Belgian white 0.0 abbey beer 6-pack,beer-wine aperitifs
606629,0,Affligem Belgisch wit 0.0 abdijbier 12-pack,Affligem,bier-wijn-aperitieven,"Bier, wijn, aperitieven","Alcoholvrij wit, weizen, radler",11.08,14.78,25.0,pakketkorting,,,2 stuks,,True,AHOO,,2026-07-28,2026-08-02,,True,AH,https://www.ah.nl/producten/product/wi606629,2026-07-28,Affligem Belgian white 0.0 abbey beer 12-pack,beer-wine aperitifs
584959,0,Lindeman's South africa rose 6 flessen,Lindeman's,bier-wijn-aperitieven,"Bier, wijn, aperitieven",Droge rosé,28.57,31.74,10.0,10% volume voordeel,,,6 stuks,,True,AHOO,10% volume voordeel,2026-07-28,2999-12-31,,True,AH,https://www.ah.nl/producten/product/wi584959,2026-07-28,Lindeman's South Africa rose 6 bottles,beer-wine aperitifs
616334,0,Saint roche Saint roche Rosé Organic 4 flessen,Saint roche,bier-wijn-aperitieven,"Bier, wijn, aperitieven",Droge rosé,24.66,25.96,5.0,5% volume voordeel,,,4 stuks,,True,AHOO,5% volume voordeel,2026-07-28,2999-12-31,,True,AH,https://www.ah.nl/producten/product/wi616334,2026-07-28,Saint roche Saint roche Rosé Organic 4 bottles,beer-wine aperitifs
607629,64677,Batu Kombucha forest fruits,Batu,bier-wijn-aperitieven,"Frisdrank, sappen, water",Kombucha,1.79,1.79,,,,,250 ml,prijs per liter €7.16,False,,,,,C,True,AH,https://www.ah.nl/producten/product/wi607629,2026-07-28,Batu Kombucha forest fruits,beer-wine aperitifs
63581,780500,Heineken Premium pilsener 24-pack,Heineken,bier-wijn-aperitieven,"Bier, wijn, aperitieven",Pils blik,19.94,26.59,25.0,25% korting,,,"24 x 0,33 l",normale prijs per liter €3.36,True,AH,25% korting,2026-07-27,2026-08-02,,True,AH,https://www.ah.nl/producten/product/wi63581,2026-07-28,Heineken Premium pilsner 24-pack,beer-wine aperitifs
436995,61842,Sarmentino Pinot grigio,Sarmentino,bier-wijn-aperitieven,"Bier, wijn, aperitieven",Pinot Grigio (Fris en droog),4.19,4.19,,,,,"0,75 l",prijs per liter €5.59,False,,,,,,True,AH,https://www.ah.nl/producten/product/wi436995,2026-07-28,Sarmentino Pinot Grigio,beer-wine aperitifs
605001,0,Heineken Premium pilsener 48-pack,Heineken,bier-wijn-aperitieven,"Bier, wijn, aperitieven",Pils blik,39.88,53.18,25.0,pakketkorting,,,2 stuks,,True,AHOO,,2026-07-28,2026-08-02,,True,AH,https://www.ah.nl/producten/product/wi605001,2026-07-28,Heineken Premium pilsner 48-pack,beer-wine aperitifs
616096,0,Cadis Cadis Garganega Pinot Grigio 4 flessen,Cadis,bier-wijn-aperitieven,"Bier, wijn, aperitieven",Pinot Grigio (Fris en droog),17.06,17.96,5.0,5% volume voordeel,,,4 stuks,,True,AHOO,5% volume voordeel,2026-07-28,2999-12-31,,True,AH,https://www.ah.nl/producten/product/wi616096,2026-07-28,Cadis Cadis Garganega Pinot Grigio 4 bottles,beer-wine aperitifs
589402,35407,Brouwerij 't IJ Vrijwit 0.5% 4-pack,Brouwerij 't IJ,bier-wijn-aperitieven,"Bier, wijn, aperitieven","Alcoholvrij wit, weizen, radler",9.49,9.49,,,,,"1,32 l",prijs per liter €7.19,False,,,,,C,True,AH,https://www.ah.nl/producten/product/wi589402,2026-07-28,Brouwerij 't IJ Vrijwit 0.5% 4-pack,beer-wine aperitifs
623911,0,Brouwerij 't IJ Brouwerij 't IJ Vrijwit 0.5% 16-pack,Brouwerij 't IJ,bier-wijn-aperitieven,"Bier, wijn, aperitieven","Alcoholvrij wit, weizen, radler",34.16,37.96,10.0,10% volume voordeel,,,4 stuks,,True,AHOO,10% volume voordeel,2026-07-28,2999-12-31,,True,AH,https://www.ah.nl/producten/product/wi623911,2026-07-28,Brouwerij 't IJ Brouwerij 't IJ Vrijwit 0.5% 16-pack,beer-wine aperitifs
517845,885639,Claire Patelin Rosé,Claire Patelin,bier-wijn-aperitieven,"Bier, wijn, aperitieven",Droge rosé,4.99,4.99,,,,,"0,75 l",prijs per liter €6.65,False,,,,,,True,AH,https://www.ah.nl/producten/product/wi517845,2026-07-28,Claire Patelin Rose,beer-wine aperitifs
409170,853896,Grolsch Alcoholvrij bier 0.0% 6-pack,Grolsch,bier-wijn-aperitieven,"Bier, wijn, aperitieven",Alcoholvrij pils,4.49,4.49,,1 + 1 gratis,,1.0,"6 x 0,3 l",normale prijs per liter €2.49,True,AH,1 + 1 gratis,2026-07-27,2026-08-02,C,True,AH,https://www.ah.nl/producten/product/wi409170,2026-07-28,Grolsch Alcohol-free beer 0.0% 6-pack,beer-wine aperitifs
577747,0,AH Excellent Pinot grigio 6 flessen,AH Excellent,bier-wijn-aperitieven,"Bier, wijn, aperitieven",Pinot Grigio (Fris en droog),31.45,41.94,25.0,pakketkorting,,,6 stuks,,True,AHOO,,2026-07-28,2026-08-02,,True,AH,https://www.ah.nl/producten/product/wi577747,2026-07-28,AH Excellent Pinot Grigio 6 bottles,beer-wine aperitifs
623908,0,Brouwerij 't IJ Brouwerij 't IJ Vrijwit 0.5% 64-pack,Brouwerij 't IJ,bier-wijn-aperitieven,"Bier, wijn, aperitieven","Alcoholvrij wit, weizen, radler",121.47,151.84,20.0,20% volume voordeel,,,16 stuks,,True,AHOO,20% volume voordeel,2026-07-28,2999-12-31,,True,AH,https://www.ah.nl/producten/product/wi623908,2026-07-28,Brouwerij 't IJ Brouwerij 't IJ Vrijwit 0.5% 64-pack,beer-wine aperitifs
623912,0,Brouwerij 't IJ Brouwerij 't IJ Vrijwit 0.5% 32-pack,Brouwerij 't IJ,bier-wijn-aperitieven,"Bier, wijn, aperitieven","Alcoholvrij wit, weizen, radler",64.53,75.92,15.0,15% volume voordeel,,,8 stuks,,True,AHOO,15% volume voordeel,2026-07-28,2999-12-31,,True,AH,https://www.ah.nl/producten/product/wi623912,2026-07-28,Brouwerij 't IJ Brouwerij 't IJ Vrijwit 0.5% 32-pack,beer-wine aperitifs
569780,10146,Brand New England IPA,Brand,bier-wijn-aperitieven,"Bier, wijn, aperitieven",IPA,1.34,1.79,25.0,25% korting,,,330 ml,normale prijs per liter €5.42,True,AH,25% korting,2026-07-27,2026-08-02,,True,AH,https://www.ah.nl/producten/product/wi569780,2026-07-28,Brand New England IPA,beer-wine aperitifs
584748,0,Sarmentino Sauvignon blanc 6 flessen,Sarmentino,bier-wijn-aperitieven,"Bier, wijn, aperitieven",Sauvignon Blanc (Fris en droog),21.55,23.94,10.0,10% volume voordeel,,,6 stuks,,True,AHOO,10% volume voordeel,2026-07-28,2999-12-31,,True,AH,https://www.ah.nl/producten/product/wi584748,2026-07-28,Sarmentino Sauvignon blanc 6 bottles,beer-wine aperitifs
616042,0,AH Excellent Touraine Sauv Blanc 4 flessen,AH Excellent,bier-wijn-aperitieven,"Bier, wijn, aperitieven",Sauvignon Blanc (Fris en droog),23.07,30.76,25.0,pakketkorting,,,4 stuks,,True,AHOO,,2026-07-28,2026-08-02,,True,AH,https://www.ah.nl/producten/product/wi616042,2026-07-28,AH Excellent Touraine Sauv Blanc 4 flessen,beer-wine aperitifs
516657,698425,Benediktiner Weizen alkoholfrei,Benediktiner,bier-wijn-aperitieven,"Bier, wijn, aperitieven","Alcoholvrij wit, weizen, radler",1.69,1.69,,,,,"0,5 l",prijs per liter €3.38,False,,,,,C,True,AH,https://www.ah.nl/producten/product/wi516657,2026-07-28,Benediktiner Weizen alkoholfrei,beer-wine aperitifs
611302,0,Grolsch Alcoholvrij bier 0.0% 18-pack,Grolsch,bier-wijn-aperitieven,"Bier, wijn, aperitieven",Alcoholvrij pils,8.98,13.47,33.3,pakketkorting,,,3 stuks,,True,AHOO,,2026-07-28,2026-08-02,,True,AH,https://www.ah.nl/producten/product/wi611302,2026-07-28,Grolsch Alcohol-free beer 0.0% 18-pack,beer-wine aperitifs
419766,691473,AH Excellent Selectie sauvignon blanc falcon,AH Excellent,bier-wijn-aperitieven,"Bier, wijn, aperitieven",Sauvignon Blanc (Fris en droog),6.52,8.69,25.0,25% korting,,,"0,75 l",normale prijs per liter €11.59,True,AH,25% korting,2026-07-27,2026-08-02,,True,AH,https://www.ah.nl/producten/product/wi419766,2026-07-28,AH Excellent Selection sauvignon blanc falcon,beer-wine aperitifs
425977,694837,Free Feather Chardonnay Alcoholvrij,Free Feather,bier-wijn-aperitieven,"Bier, wijn, aperitieven",Alcoholvrij witte wijn,4.29,4.29,,,,,"0,75 l",prijs per liter €5.72,False,,,,,C,True,AH,https://www.ah.nl/producten/product/wi425977,2026-07-28,Free Feather Chardonnay Alcohol-free,beer-wine aperitifs
199749,788117,Lindeman's South africa chardonnay viognier,Lindeman's,bier-wijn-aperitieven,"Bier, wijn, aperitieven",Chardonnay (Vol en droog),5.29,5.29,,,,,"0,75 l",prijs per liter €7.05,False,,,,,,True,AH,https://www.ah.nl/producten/product/wi199749,2026-07-28,Lindeman's South Africa Chardonnay Viognier,beer-wine aperitifs
480095,734495,Hertog Jan Pilsener bier 24-pack,Hertog Jan,bier-wijn-aperitieven,"Bier, wijn, aperitieven",Pils blik,27.95,27.95,,,,,24 x 33 cl,prijs per liter €3.53,False,,,,,,True,AH,https://www.ah.nl/producten/product/wi480095,2026-07-28,Hertog Jan Pilsener beer 24-pack,beer-wine aperitifs
594977,0,Hertog Jan Pils 48-pack,Hertog Jan,bier-wijn-aperitieven,"Bier, wijn, aperitieven",Pils blik,41.92,55.9,25.0,25% volume voordeel,,,2 stuks,,True,AHOO,25% volume voordeel,2026-07-28,2999-12-31,,True,AH,https://www.ah.nl/producten/product/wi594977,2026-07-28,Hertog Jan Pils 48-pack,beer-wine aperitifs
611303,0,Grolsch Alcoholvrij bier 0.0% 36-pack,Grolsch,bier-wijn-aperitieven,"Bier, wijn, aperitieven",Alcoholvrij pils,13.47,26.94,50.0,pakketkorting,,,6 stuks,,True,AHOO,,2026-07-28,2026-08-02,,True,AH,https://www.ah.nl/producten/product/wi611303,2026-07-28,Grolsch Alcoholvrij bier 0.0% 36-pack,beer-wine aperitifs
179089,817553,Weihenstephaner Hefeweissbier,Weihenstephaner,bier-wijn-aperitieven,"Bier, wijn, aperitieven",Wit en weizen,1.99,1.99,,,,,"0,5 l",prijs per liter €3.98,False,,,,,,True,AH,https://www.ah.nl/producten/product/wi179089,2026-07-28,Weihenstephaner Hefeweissbier,beer-wine aperitifs
492076,746820,Jopen Non IPA,Jopen,bier-wijn-aperitieven,"Bier, wijn, aperitieven",Alcoholvrij IPA,2.29,2.29,,,,,"0,33 l",prijs per liter €6.94,False,,,,,C,True,AH,https://www.ah.nl/producten/product/wi492076,2026-07-28,Jopen Non IPA,beer-wine aperitifs
584743,0,Sarmentino Pinot grigio 6 flessen,Sarmentino,bier-wijn-aperitieven,"Bier, wijn, aperitieven",Pinot Grigio (Fris en droog),22.63,25.14,10.0,10% volume voordeel,,,6 stuks,,True,AHOO,10% volume voordeel,2026-07-28,2999-12-31,,True,AH,https://www.ah.nl/producten/product/wi584743,2026-07-28,Sarmentino Pinot grigio 6 bottles,beer-wine aperitifs
608269,65048,Corona Extra 20-pack,Corona,bier-wijn-aperitieven,"Bier, wijn, aperitieven",Mexicaans bier,14.99,19.99,25.0,25% korting,,,5 l,normale prijs per liter €4.00,True,AH,25% KORTING,2026-07-27,2026-08-02,,True,AH,https://www.ah.nl/producten/product/wi608269,2026-07-28,Corona Extra 20-pack,beer-wine aperitifs
591525,0,Claire Patelin Rosé 6 flessen,Claire Patelin,bier-wijn-aperitieven,"Bier, wijn, aperitieven",Droge rosé,26.95,29.94,10.0,10% volume voordeel,,,6 stuks,,True,AHOO,10% volume voordeel,2026-07-28,2999-12-31,,True,AH,https://www.ah.nl/producten/product/wi591525,2026-07-28,Claire Patelin Rosé 6 flessen,beer-wine aperitifs
584889,0,Lindeman's SA chardonnay viognier 6 flessen,Lindeman's,bier-wijn-aperitieven,"Bier, wijn, aperitieven",Chardonnay (Fris en droog),28.57,31.74,10.0,10% volume voordeel,,,6 stuks,,True,AHOO,10% volume voordeel,2026-07-28,2999-12-31,,True,AH,https://www.ah.nl/producten/product/wi584889,2026-07-28,Lindeman's SA chardonnay viognier 6 flessen,beer-wine aperitifs
225456,816793,Bavaria 0.0% Fruity rosé 6-pack,Bavaria,bier-wijn-aperitieven,"Bier, wijn, aperitieven","Alcoholvrij wit, weizen, radler",6.49,6.49,,1 + 1 gratis,,1.0,"6 x 0,33 l",normale prijs per liter €3.28,True,AH,1 + 1 gratis,2026-07-27,2026-08-02,C,True,AH,https://www.ah.nl/producten/product/wi225456,2026-07-28,Bavaria 0.0% Fruity rosé 6-pack,beer-wine aperitifs
199585,642496,Liebfraumilch Qualitätswein,Liebfraumilch,bier-wijn-aperitieven,"Bier, wijn, aperitieven",Overige witte wijn (Fris en droog),2.59,2.59,,,,,1 l,prijs per liter €2.59,False,,,,,,True,AH,https://www.ah.nl/producten/product/wi199585,2026-07-28,Liebfraumilch Qualitätswein,beer-wine aperitifs
586724,0,AH Excellent Selectie sauvignon blanc 6 flessen,AH Excellent,bier-wijn-aperitieven,"Bier, wijn, aperitieven",Sauvignon Blanc (Fris en droog),39.1,52.14,25.0,pakketkorting,,,6 stuks,,True,AHOO,,2026-07-28,2026-08-02,,True,AH,https://www.ah.nl/producten/product/wi586724,2026-07-28,AH Excellent Selection sauvignon blanc 6 bottles,beer-wine aperitifs
616935,0,Liebfraumilch Qualitätswein 6 flessen,Liebfraumilch,bier-wijn-aperitieven,"Bier, wijn, aperitieven",Overige witte wijn (Fris en droog),13.99,15.54,10.0,10% volume voordeel,,,6 stuks,,True,AHOO,10% volume voordeel,2026-07-28,2999-12-31,,True,AH,https://www.ah.nl/producten/product/wi616935,2026-07-28,Liebfraumilch Qualitätswein 6 flessen,beer-wine aperitifs
446335,98021,Faszination Hugo rosé,Faszination,bier-wijn-aperitieven,"Bier, wijn, aperitieven","Hugo, wijncocktail (Lichtzoet)",2.69,2.69,,,,,"0,75 l",prijs per liter €3.59,False,,,,,,True,AH,https://www.ah.nl/producten/product/wi446335,2026-07-28,Faszination Hugo rosé,beer-wine aperitifs
616353,0,Sol y Nieve Sol y Nieve Verdejo-Viura 4 flessen,Sol y Nieve,bier-wijn-aperitieven,"Bier, wijn, aperitieven",Verdejo (Fris en droog),20.1,21.16,5.0,5% volume voordeel,,,4 stuks,,True,AHOO,5% volume voordeel,2026-07-28,2999-12-31,,True,AH,https://www.ah.nl/producten/product/wi616353,2026-07-28,Sol y Nieve Sol y Nieve Verdejo-Viura 4 bottles,beer-wine aperitifs
615826,0,Claire Patelin Claire Patelin Rosé 4 flessen,Claire Patelin,bier-wijn-aperitieven,"Bier, wijn, aperitieven",Droge rosé,18.96,19.96,5.0,5% volume voordeel,,,4 stuks,,True,AHOO,5% volume voordeel,2026-07-28,2999-12-31,,True,AH,https://www.ah.nl/producten/product/wi615826,2026-07-28,Claire Patelin Claire Patelin Rosé 4 bottles,beer-wine aperitifs
460315,139939,Mucho Mas Blanco,Mucho Mas,bier-wijn-aperitieven,"Bier, wijn, aperitieven",Overige witte wijn (Lichtzoet),7.01,7.79,10.0,10% korting,,,"0,75 l",normale prijs per liter €10.39,True,AH,10% Gall & Gall Kaartkorting,,,,True,GALL,https://www.ah.nl/producten/product/wi460315,2026-07-28,Mucho Mas Blanco,beer-wine aperitifs
616277,0,Lindeman's Lindeman's South Africa Rosé 4 flessen,Lindeman's,bier-wijn-aperitieven,"Bier, wijn, aperitieven",Droge rosé,20.1,21.16,5.0,5% volume voordeel,,,4 stuks,,True,AHOO,5% volume voordeel,2026-07-28,2999-12-31,,True,AH,https://www.ah.nl/producten/product/wi616277,2026-07-28,Lindeman's Lindeman's South Africa Rosé 4 bottles,beer-wine aperitifs
586387,0,Free Feather Chardonnay Alcoholvrij 6 flessen,Free Feather,bier-wijn-aperitieven,"Bier, wijn, aperitieven",Alcoholvrij witte wijn,23.17,25.74,10.0,10% volume voordeel,,,6 stuks,,True,AHOO,10% volume voordeel,2026-07-28,2999-12-31,,True,AH,https://www.ah.nl/producten/product/wi586387,2026-07-28,Free Feather Chardonnay Alcohol-free 6 bottles,beer-wine aperitifs
516665,743425,Bavaria 0.0% Fruity ginger lime 6-pack,Bavaria,bier-wijn-aperitieven,"Bier, wijn, aperitieven","Alcoholvrij wit, weizen, radler",6.49,6.49,,1 + 1 gratis,,1.0,"6 x 0,33 l",normale prijs per liter €3.28,True,AH,1 + 1 gratis,2026-07-27,2026-08-02,D,True,AH,https://www.ah.nl/producten/product/wi516665,2026-07-28,Bavaria 0.0% Fruity ginger lime 6-pack,beer-wine aperitifs
139908,608205,Adobe Chardonnay reserva organic,Adobe,bier-wijn-aperitieven,"Bier, wijn, aperitieven",Chardonnay (Vol en droog),4.99,6.65,25.0,25% korting,,,"0,75 l",normale prijs per liter €8.87,True,AH,25% korting,2026-07-27,2026-08-02,,True,AH,https://www.ah.nl/producten/product/wi139908,2026-07-28,Adobe Chardonnay reserve organic,beer-wine aperitifs
225278,818527,Mesta Tempranillo organic wine,Mesta,bier-wijn-aperitieven,"Bier, wijn, aperitieven",Tempranillo (Soepel),5.49,5.49,,,,,"0,75 l",prijs per liter €7.32,False,,,,,,True,AH,https://www.ah.nl/producten/product/wi225278,2026-07-28,Mesta Tempranillo organic wine,beer-wine aperitifs
465846,716414,19 Crimes Chardonnay,19 Crimes,bier-wijn-aperitieven,"Bier, wijn, aperitieven",Chardonnay (Vol en droog),8.99,8.99,,,,,"0,75 l",prijs per liter €11.99,False,,,,,,True,AH,https://www.ah.nl/producten/product/wi465846,2026-07-28,19 Crimes Chardonnay,beer-wine aperitifs
586386,0,Faszination Hugo rosé 6 flessen,Faszination,bier-wijn-aperitieven,"Bier, wijn, aperitieven",Bubbels overig lichtzoet,14.53,16.14,10.0,10% volume voordeel,,,6 stuks,,True,AHOO,10% volume voordeel,2026-07-28,2999-12-31,,True,AH,https://www.ah.nl/producten/product/wi586386,2026-07-28,Faszination Hugo rosé 6 flessen,beer-wine aperitifs
568353,7529,Brand Garage Passion mama,Brand Garage,bier-wijn-aperitieven,"Frisdrank, sappen, water",Craft en speciaal fris,1.79,1.79,,,,,330 ml,prijs per liter €5.42,False,,,,,D,True,AH,https://www.ah.nl/producten/product/wi568353,2026-07-28,Brand Garage Passion mama,beer-wine aperitifs
584905,0,Adobe Chardonnay reserva organic 6 flessen,Adobe,bier-wijn-aperitieven,"Bier, wijn, aperitieven",Chardonnay (Fris en droog),29.92,39.9,25.0,pakketkorting,,,6 stuks,,True,AHOO,,2026-07-28,2026-08-02,,True,AH,https://www.ah.nl/producten/product/wi584905,2026-07-28,Adobe Chardonnay reserva organic 6 bottles,beer-wine aperitifs
591211,38190,Stëlz Hard seltzer 12-pack,Stëlz,bier-wijn-aperitieven,"Bier, wijn, aperitieven",Seltzers,16.87,22.49,25.0,25% korting,,,"12 x 0,25 l",normale prijs per liter €7.50,True,AH,25% korting,2026-07-27,2026-08-02,,True,AH,https://www.ah.nl/producten/product/wi591211,2026-07-28,Stëlz Hard seltzer 12-pack,beer-wine aperitifs
612706,0,Stelz Hard seltzer 24-pack,Stelz,bier-wijn-aperitieven,"Bier, wijn, aperitieven",Seltzers,33.73,44.98,25.0,pakketkorting,,,2 stuks,,True,AHOO,25% volume voordeel,2026-07-28,2026-08-02,,True,AH,https://www.ah.nl/producten/product/wi612706,2026-07-28,Stelz Hard seltzer 24-pack,beer-wine aperitifs
401918,850467,AH Fris & droge Franse huiswijn rosé,AH,bier-wijn-aperitieven,"Bier, wijn, aperitieven",Droge rosé,4.89,4.89,,,,,1 l,prijs per liter €4.89,False,,,,,,True,AH,https://www.ah.nl/producten/product/wi401918,2026-07-28,AH Fris & droge Franse huiswijn rosé,beer-wine aperitifs
491770,746401,Lander bräu Premium beer 6-pack,Lander bräu,bier-wijn-aperitieven,"Bier, wijn, aperitieven",Pils blik,4.89,4.89,,,,,"6 x 0,5 l",prijs per liter €1.63,False,,,,,,True,AH,https://www.ah.nl/producten/product/wi491770,2026-07-28,Lander bräu Premium beer 6-pack,beer-wine aperitifs
612858,0,Corona Extra 80-pack,Corona,bier-wijn-aperitieven,"Bier, wijn, aperitieven",Mexicaans bier,59.97,79.96,25.0,pakketkorting,,,4 stuks,,True,AHOO,,2026-07-28,2026-08-02,,True,AH,https://www.ah.nl/producten/product/wi612858,2026-07-28,Corona Extra 80-pack,beer-wine aperitifs
210499,800647,Erdinger Weissbier,Erdinger,bier-wijn-aperitieven,"Bier, wijn, aperitieven",Wit en weizen,1.99,1.99,,,,,"0,5 l",prijs per liter €3.98,False,,,,,,True,AH,https://www.ah.nl/producten/product/wi210499,2026-07-28,Erdinger Weissbier,beer-wine aperitifs
584739,0,Mesta Tempranillo organic wine 6 flessen,Mesta,bier-wijn-aperitieven,"Bier, wijn, aperitieven",Tempranillo (Soepel),29.65,32.94,10.0,10% volume voordeel,,,6 stuks,,True,AHOO,10% volume voordeel,2026-07-28,2999-12-31,,True,AH,https://www.ah.nl/producten/product/wi584739,2026-07-28,Mesta Tempranillo organic wine 6 bottles,beer-wine aperitifs
586340,0,AH Excellent Selectie pinot grigio 6 flessen,AH Excellent,bier-wijn-aperitieven,"Bier, wijn, aperitieven",Pinot Grigio (Fris en droog),31.45,41.94,25.0,pakketkorting,,,6 stuks,,True,AHOO,,2026-07-28,2026-08-02,,True,AH,https://www.ah.nl/producten/product/wi586340,2026-07-28,AH Excellent Selection Pinot Grigio 6 bottles,beer-wine aperitifs
505669,850995,"Guinness Draugt 0,0% stout",Guinness,bier-wijn-aperitieven,"Bier, wijn, aperitieven",Alcoholvrij pils,2.59,2.59,,,,,440 ml,prijs per liter €5.89,False,,,,,B,True,AH,https://www.ah.nl/producten/product/wi505669,2026-07-28,Guinness Draugt 0.0% stout,beer-wine aperitifs
615909,0,Vila Nova Vila Nova Vinho Verde 4 flessen,Vila Nova,bier-wijn-aperitieven,"Bier, wijn, aperitieven",Overige witte wijn (Fris en droog),22.76,23.96,5.0,5% volume voordeel,,,4 stuks,,True,AHOO,5% volume voordeel,2026-07-28,2999-12-31,,True,AH,https://www.ah.nl/producten/product/wi615909,2026-07-28,Vila Nova Vila Nova Vinho Verde 4 bottles,beer-wine aperitifs
66049,538330,Casillero del Diablo Chardonnay reserva,Casillero del Diablo,bier-wijn-aperitieven,"Bier, wijn, aperitieven",Chardonnay (Vol en droog),6.99,6.99,,,,,"0,75 l",prijs per liter €9.32,False,,,,,,True,AH,https://www.ah.nl/producten/product/wi66049,2026-07-28,Casillero del Diablo Chardonnay reserve,beer-wine aperitifs
186147,644827,AH Biologisch Rosé,AH Biologisch,bier-wijn-aperitieven,"Bier, wijn, aperitieven",Droge rosé,4.99,4.99,,,,,"0,75 l",prijs per liter €6.65,False,,,,,,True,AH,https://www.ah.nl/producten/product/wi186147,2026-07-28,AH Organic Rosé,beer-wine aperitifs
490715,744557,Desperados Virgin 0.0 bier 6-pack,Desperados,bier-wijn-aperitieven,"Bier, wijn, aperitieven",Alcoholvrij pils,7.27,9.69,25.0,25% korting,,,"6 x 0,33 l",normale prijs per liter €4.89,True,AH,25% korting,2026-07-27,2026-08-02,C,True,AH,https://www.ah.nl/producten/product/wi490715,2026-07-28,Desperados Virgin 0.0 beer 6-pack,beer-wine aperitifs
585057,0,19 Crimes Chardonnay 6 flessen,19 Crimes,bier-wijn-aperitieven,"Bier, wijn, aperitieven",Chardonnay (Fris en droog),48.55,53.94,10.0,10% volume voordeel,,,6 stuks,,True,AHOO,10% volume voordeel,2026-07-28,2999-12-31,,True,AH,https://www.ah.nl/producten/product/wi585057,2026-07-28,19 Crimes Chardonnay 6 bottles,beer-wine aperitifs
594973,0,Desperados Virgin 0.0 bier 12-pack,Desperados,bier-wijn-aperitieven,"Bier, wijn, aperitieven",Alcoholvrij pils,14.53,19.38,25.0,pakketkorting,,,2 stuks,,True,AHOO,,2026-07-28,2026-08-02,,True,AH,https://www.ah.nl/producten/product/wi594973,2026-07-28,Desperados Virgin 0.0 beer 12-pack,beer-wine aperitifs
608034,64678,YAYA Kombucha raspberry,YAYA,bier-wijn-aperitieven,"Frisdrank, sappen, water",Kombucha,2.39,2.39,,,,,330 ml,prijs per liter €7.24,False,,,,,C,True,AH,https://www.ah.nl/producten/product/wi608034,2026-07-28,YAYA Kombucha raspberry,beer-wine aperitifs
612857,0,Corona Extra 40-pack,Corona,bier-wijn-aperitieven,"Bier, wijn, aperitieven",Mexicaans bier,29.98,39.98,25.0,pakketkorting,,,2 stuks,,True,AHOO,,2026-07-28,2026-08-02,,True,AH,https://www.ah.nl/producten/product/wi612857,2026-07-28,Corona Extra 40-pack,beer-wine aperitifs
617584,0,AH Biologisch Rosé 6 flessen,AH Biologisch,bier-wijn-aperitieven,"Bier, wijn, aperitieven",Droge rosé,26.95,29.94,10.0,10% volume voordeel,,,6 stuks,,True,AHOO,10% volume voordeel,2026-07-28,2999-12-31,,True,AH,https://www.ah.nl/producten/product/wi617584,2026-07-28,AH Organic Rosé 6 bottles,beer-wine aperitifs
119846,573306,Heineken Premium pilsener 6-pack,Heineken,bier-wijn-aperitieven,"Bier, wijn, aperitieven",Pils blik,6.59,8.79,25.0,25% korting,,,"6 x 0,5 l",normale prijs per liter €2.93,True,AH,25% korting,2026-07-27,2026-08-02,,True,AH,https://www.ah.nl/producten/product/wi119846,2026-07-28,Heineken Premium pilsner 6-pack,beer-wine aperitifs
597607,0,Heineken Premium pilsener 4x 6-pack,Heineken,bier-wijn-aperitieven,"Bier, wijn, aperitieven",Pils blik,26.37,35.16,25.0,pakketkorting,,,4 stuks,,True,AHOO,,2026-07-28,2026-08-02,,True,AH,https://www.ah.nl/producten/product/wi597607,2026-07-28,Heineken Premium pilsner 4x 6-pack,beer-wine aperitifs
128222,557216,Wild Pig Chardonnay,Wild Pig,bier-wijn-aperitieven,"Bier, wijn, aperitieven",Chardonnay (Vol en droog),5.99,5.99,,,,,"0,75 l",prijs per liter €7.99,False,,,,,,True,AH,https://www.ah.nl/producten/product/wi128222,2026-07-28,Wild Pig Chardonnay,beer-wine aperitifs
194906,787146,Hertog Jan Pilsener bier 6-pack,Hertog Jan,bier-wijn-aperitieven,"Bier, wijn, aperitieven",Pils blik,9.59,9.59,,,,,"6 x 0,5 l",prijs per liter €3.20,False,,,,,,True,AH,https://www.ah.nl/producten/product/wi194906,2026-07-28,Hertog Jan Pilsener beer 6-pack,beer-wine aperitifs
617583,0,AH Biologisch Rosé 4 flessen,AH Biologisch,bier-wijn-aperitieven,"Bier, wijn, aperitieven",Droge rosé,18.96,19.96,5.0,5% volume voordeel,,,4 stuks,,True,AHOO,5% volume voordeel,2026-07-28,2999-12-31,,True,AH,https://www.ah.nl/producten/product/wi617583,2026-07-28,AH Organic Rosé 4 bottles,beer-wine aperitifs
132984,562923,Hardys Bin 141 colombard chardonnay,Hardys,bier-wijn-aperitieven,"Bier, wijn, aperitieven",Chardonnay (Vol en droog),3.99,3.99,,,,,"0,75 l",prijs per liter €5.32,False,,,,,,True,AH,https://www.ah.nl/producten/product/wi132984,2026-07-28,Hardys Bin 141 colombard chardonnay,beer-wine aperitifs
212128,806507,Aperol Spritz 3-pack,Aperol,bier-wijn-aperitieven,"Bier, wijn, aperitieven",Mixdranken,10.39,10.39,,,,,3 x 20 cl,prijs per liter €17.32,False,,,,,,True,AH,https://www.ah.nl/producten/product/wi212128,2026-07-28,Aperol Spritz 3-pack,beer-wine aperitifs
556674,574280,Two Chefs Brewing Funky falcon 0.2% non alcoholic pale ale,Two Chefs Brewing,bier-wijn-aperitieven,"Bier, wijn, aperitieven",Alcoholvrij IPA,2.25,2.25,,,,,330 ml,prijs per liter €6.82,False,,,,,,True,AH,https://www.ah.nl/producten/product/wi556674,2026-07-28,Two Chefs Brewing Funky falcon 0.2% non alcoholic pale ale,beer-wine aperitifs
586367,0,Casillero del Diablo Chardonnay reserva 6 flessen,Casillero del Diablo,bier-wijn-aperitieven,"Bier, wijn, aperitieven",Chardonnay (Fris en droog),37.75,41.94,10.0,10% volume voordeel,,,6 stuks,,True,AHOO,10% volume voordeel,2026-07-28,2999-12-31,,True,AH,https://www.ah.nl/producten/product/wi586367,2026-07-28,Casillero del Diablo Chardonnay reserva 6 bottles,beer-wine aperitifs
616022,0,Adobe Adobe Chardonnay Res. Org. 4 flessen,Adobe,bier-wijn-aperitieven,"Bier, wijn, aperitieven",Chardonnay (Vol en droog),19.95,26.6,25.0,pakketkorting,,,4 stuks,,True,AHOO,,2026-07-28,2026-08-02,,True,AH,https://www.ah.nl/producten/product/wi616022,2026-07-28,Adobe Adobe Chardonnay Res. Org. 4 flessen,beer-wine aperitifs
479064,732434,Domaine Tapie Rosé Bio-dynamisch,Domaine Tapie,bier-wijn-aperitieven,"Bier, wijn, aperitieven",Droge rosé,6.49,6.49,,,,,"0,75 l",prijs per liter €8.65,False,,,,,,True,AH,https://www.ah.nl/producten/product/wi479064,2026-07-28,Domaine Tapie Rosé Biodynamic,beer-wine aperitifs
494463,749807,Mastri Vernacoli Pinot grigio rosato,Mastri Vernacoli,bier-wijn-aperitieven,"Bier, wijn, aperitieven",Droge rosé,6.49,7.49,13.4,€1.00 euro korting,,,"0,75 l",normale prijs per liter €9.99,True,AH,1 euro korting,2026-07-27,2026-08-02,,True,AH,https://www.ah.nl/producten/product/wi494463,2026-07-28,Mastri Vernacoli Pinot grigio rosato,beer-wine aperitifs
436936,60837,Faszination Hugo,Faszination,bier-wijn-aperitieven,"Bier, wijn, aperitieven","Hugo, wijncocktail (Lichtzoet)",2.55,2.55,,,,,"0,75 l",prijs per liter €3.40,False,,,,,,True,AH,https://www.ah.nl/producten/product/wi436936,2026-07-28,Faszination Hugo,beer-wine aperitifs
601776,53913,Equinox Sicilian lemon,Equinox,bier-wijn-aperitieven,"Frisdrank, sappen, water",Kombucha,1.69,1.69,,,,,250 ml,prijs per liter €6.76,False,,,,,C,True,AH,https://www.ah.nl/producten/product/wi601776,2026-07-28,Equinox Sicilian lemon,beer-wine aperitifs
440931,81120,Los Molinos Wit,Los Molinos,bier-wijn-aperitieven,"Bier, wijn, aperitieven","Witte wijntaps, pouch, bag in box",10.99,10.99,,,,,3 l,prijs per liter €3.66,False,,,,,,True,AH,https://www.ah.nl/producten/product/wi440931,2026-07-28,Los Molinos White,beer-wine aperitifs
584105,26758,YAYA Kombucha maté,YAYA,bier-wijn-aperitieven,"Frisdrank, sappen, water",Kombucha,2.39,2.39,,,,,330 ml,prijs per liter €7.24,False,,,,,C,True,AH,https://www.ah.nl/producten/product/wi584105,2026-07-28,YAYA Kombucha mate,beer-wine aperitifs
584744,0,Wild Pig Chardonnay 6 flessen,Wild Pig,bier-wijn-aperitieven,"Bier, wijn, aperitieven",Chardonnay (Fris en droog),32.35,35.94,10.0,10% volume voordeel,,,6 stuks,,True,AHOO,10% volume voordeel,2026-07-28,2999-12-31,,True,AH,https://www.ah.nl/producten/product/wi584744,2026-07-28,Wild Pig Chardonnay 6 bottles,beer-wine aperitifs
365931,832960,Mooi Kaap Droë steen,Mooi Kaap,bier-wijn-aperitieven,"Bier, wijn, aperitieven",Overige witte wijn (Fris en droog),3.29,3.29,,,,,"0,75 l",prijs per liter €4.39,False,,,,,,True,AH,https://www.ah.nl/producten/product/wi365931,2026-07-28,Beautiful Cape Droë stone,beer-wine aperitifs
171617,649040,Codorníu Clasico cava brut,Codorníu,bier-wijn-aperitieven,"Bier, wijn, aperitieven",Cava droog,7.99,7.99,,,,,"0,75 l",prijs per liter €10.65,False,,,,,,True,AH,https://www.ah.nl/producten/product/wi171617,2026-07-28,Codorníu Clasico cava brut,beer-wine aperitifs
568479,7535,Something & Nothing Hibiscus & rose,Something & Nothing,bier-wijn-aperitieven,"Frisdrank, sappen, water",Craft en speciaal fris,1.79,1.79,,,,,330 ml,prijs per liter €5.42,False,,,,,C,True,AH,https://www.ah.nl/producten/product/wi568479,2026-07-28,Something & Nothing Hibiscus & rose,beer-wine aperitifs
307,5767,Cave de Beblenheim Pinot blanc,Cave de Beblenheim,bier-wijn-aperitieven,"Bier, wijn, aperitieven",Pinot Blanc (Fris en droog),4.99,5.99,16.7,€1.00 euro korting,,,"0,75 l",normale prijs per liter €7.99,True,AH,1 euro korting,2026-07-27,2026-08-02,,True,AH,https://www.ah.nl/producten/product/wi307,2026-07-28,Cave de Beblenheim Pinot blanc,beer-wine aperitifs
1638,95790,Crodino Biondo 6-pack,Crodino,bier-wijn-aperitieven,"Bier, wijn, aperitieven",Alcoholvrij aperitieven,10.39,10.39,,,,,6 x 175 ml,prijs per liter €9.90,False,,,,,E,True,AH,https://www.ah.nl/producten/product/wi1638,2026-07-28,Crodino Biondo 6-pack,beer-wine aperitifs
401917,850459,Viverty Sparkling wit alcoholvrij,Viverty,bier-wijn-aperitieven,"Bier, wijn, aperitieven",Alcoholvrij bubbels,3.99,5.29,24.6,voor 3.99,3.99,,"0,75 l",normale prijs per liter €7.05,True,AH,VOOR 3.99,2026-07-27,2026-08-02,B,True,AH,https://www.ah.nl/producten/product/wi401917,2026-07-28,Viverty Sparkling white alcohol-free,beer-wine aperitifs
438908,69457,Tripel Karmeliet Speciaalbier 4-pack,Tripel Karmeliet,bier-wijn-aperitieven,"Bier, wijn, aperitieven","Dubbel, tripel, quadrupel bier",9.49,9.49,,,,,"4 x 0,33 l",prijs per liter €7.19,False,,,,,,True,AH,https://www.ah.nl/producten/product/wi438908,2026-07-28,Tripel Karmeliet Special Beer 4-pack,beer-wine aperitifs
602623,0,Tripel Karmeliet Speciaalbier 4-pack 2-pack,Tripel Karmeliet,bier-wijn-aperitieven,"Bier, wijn, aperitieven","Dubbel, tripel, quadrupel bier",17.08,18.98,10.0,10% volume voordeel,,,2 stuks,,True,AHOO,10% volume voordeel,2026-07-28,2999-12-31,,True,AH,https://www.ah.nl/producten/product/wi602623,2026-07-28,Tripel Karmeliet Speciaalbier 4-pack 2-pack,beer-wine aperitifs
616036,0,AH Excellent Pinot grigio 4 flessen,AH Excellent,bier-wijn-aperitieven,"Bier, wijn, aperitieven",Pinot Grigio (Fris en droog),20.97,27.96,25.0,pakketkorting,,,4 stuks,,True,AHOO,,2026-07-28,2026-08-02,,True,AH,https://www.ah.nl/producten/product/wi616036,2026-07-28,AH Excellent Pinot Grigio 4 bottles,beer-wine aperitifs
584884,0,Codorníu Clasico cava brut 6 flessen,Codorníu,bier-wijn-aperitieven,"Bier, wijn, aperitieven",Cava droog,43.15,47.94,10.0,10% volume voordeel,,,6 stuks,,True,AHOO,10% volume voordeel,2026-07-28,2999-12-31,,True,AH,https://www.ah.nl/producten/product/wi584884,2026-07-28,Codorníu Clasico cava brut 6 bottles,beer-wine aperitifs
610147,0,Hertog Jan Hertog Jan Natuurzuiver bier 24-pack,Hertog Jan,bier-wijn-aperitieven,"Bier, wijn, aperitieven",Pils blik,28.77,38.36,25.0,25% volume voordeel,,,4 stuks,,True,AHOO,25% volume voordeel,2026-07-28,2999-12-31,,True,AH,https://www.ah.nl/producten/product/wi610147,2026-07-28,Hertog Jan Hertog Jan Natural beer 24-pack,beer-wine aperitifs
616297,0,Mesta Mesta Tempranillo Organic 4 flessen,Mesta,bier-wijn-aperitieven,"Bier, wijn, aperitieven",Tempranillo (Soepel),20.86,21.96,5.0,5% volume voordeel,,,4 stuks,,True,AHOO,5% volume voordeel,2026-07-28,2999-12-31,,True,AH,https://www.ah.nl/producten/product/wi616297,2026-07-28,Mesta Mesta Tempranillo Organic 4 bottles,beer-wine aperitifs
548580,732420,Jever Jever Fun 4x33,Jever,bier-wijn-aperitieven,"Bier, wijn, aperitieven",Alcoholvrij pils,4.69,4.69,,,,,"4 x 0,33 l",prijs per liter €3.55,False,,,,,B,True,AH,https://www.ah.nl/producten/product/wi548580,2026-07-28,Jever Jever Fun 4x33,beer-wine aperitifs
601085,0,AH Fris & droge Franse rosé 6 flessen,AH,bier-wijn-aperitieven,"Bier, wijn, aperitieven",Droge rosé,26.41,29.34,10.0,10% volume voordeel,,,6 stuks,,True,AHOO,10% volume voordeel,2026-07-28,2999-12-31,,True,AH,https://www.ah.nl/producten/product/wi601085,2026-07-28,AH Fresh & dry French rosé 6 bottles,beer-wine aperitifs
365918,832946,Sarmentino Chardonnay,Sarmentino,bier-wijn-aperitieven,"Bier, wijn, aperitieven",Chardonnay (Vol en droog),3.89,3.89,,,,,"0,75 l",prijs per liter €5.19,False,,,,,,True,AH,https://www.ah.nl/producten/product/wi365918,2026-07-28,Sarmentino Chardonnay,beer-wine aperitifs
586721,0,Viverty Sparkling wit alcoholvrij 6 flessen,Viverty,bier-wijn-aperitieven,"Bier, wijn, aperitieven",Alcoholvrij witte wijn,23.94,31.74,24.6,pakketkorting,,,6 stuks,,True,AHOO,,2026-07-28,2026-08-02,,True,AH,https://www.ah.nl/producten/product/wi586721,2026-07-28,Viverty Sparkling white alcohol-free 6 bottles,beer-wine aperitifs
192803,788115,Stormhoek Pinot grigio,Stormhoek,bier-wijn-aperitieven,"Bier, wijn, aperitieven",Pinot Grigio (Fris en droog),5.29,5.29,,,,,"0,75 l",prijs per liter €7.05,False,,,,,,True,AH,https://www.ah.nl/producten/product/wi192803,2026-07-28,Stormhoek Pinot Grigio,beer-wine aperitifs
616163,0,Crodino Crodino Biondo 4 flessen,Crodino,bier-wijn-aperitieven,"Bier, wijn, aperitieven",Alcoholvrij aperitieven,39.48,41.56,5.0,5% volume voordeel,,,4 stuks,,True,AHOO,5% volume voordeel,2026-07-28,2999-12-31,,True,AH,https://www.ah.nl/producten/product/wi616163,2026-07-28,Crodino Crodino Biondo 4 bottles,beer-wine aperitifs
584747,0,Cave de Beblenheim Pinot blanc 6 flessen,Cave de Beblenheim,bier-wijn-aperitieven,"Bier, wijn, aperitieven",Pinot Blanc (Fris en droog),29.94,35.94,16.7,pakketkorting,,,6 stuks,,True,AHOO,,2026-07-28,2026-08-02,,True,AH,https://www.ah.nl/producten/product/wi584747,2026-07-28,Cave de Beblenheim Pinot blanc 6 bottles,beer-wine aperitifs
589406,35409,Amstel Rosé 0.0% 6-pack,Amstel,bier-wijn-aperitieven,"Bier, wijn, aperitieven","Rosé bier, fruitbier 0.0",7.59,7.59,,,,,"1,8 l",prijs per liter €4.22,False,,,,,C,True,AH,https://www.ah.nl/producten/product/wi589406,2026-07-28,Amstel Rosé 0.0% 6-pack,beer-wine aperitifs
606637,0,Amstel rosé 0.0% 12-pack,Amstel,bier-wijn-aperitieven,"Bier, wijn, aperitieven","Rosé bier, fruitbier 0.0",14.42,15.18,5.0,5% volume voordeel,,,2 stuks,,True,AHOO,5% volume voordeel,2026-07-28,2999-12-31,,True,AH,https://www.ah.nl/producten/product/wi606637,2026-07-28,Amstel rosé 0.0% 12-pack,beer-wine aperitifs
616462,0,Crodino Crodino Biondo 6 flessen,Crodino,bier-wijn-aperitieven,"Bier, wijn, aperitieven",Alcoholvrij aperitieven,56.11,62.34,10.0,10% volume voordeel,,,6 stuks,,True,AHOO,10% volume voordeel,2026-07-28,2999-12-31,,True,AH,https://www.ah.nl/producten/product/wi616462,2026-07-28,Crodino Crodino Biondo 6 flessen,beer-wine aperitifs
586343,0,Faszination Hugo 6 flessen,Faszination,bier-wijn-aperitieven,"Bier, wijn, aperitieven",Bubbels overig lichtzoet,13.77,15.3,10.0,10% volume voordeel,,,6 stuks,,True,AHOO,10% volume voordeel,2026-07-28,2999-12-31,,True,AH,https://www.ah.nl/producten/product/wi586343,2026-07-28,Faszination Hugo 6 bottles,beer-wine aperitifs
419830,691498,Fantini Pecorino,Fantini,bier-wijn-aperitieven,"Bier, wijn, aperitieven",Pecorino (Vol en droog),4.99,5.99,16.7,€1.00 euro korting,,,"0,75 l",normale prijs per liter €7.99,True,AH,1 euro korting,2026-07-27,2026-08-02,,True,AH,https://www.ah.nl/producten/product/wi419830,2026-07-28,Fantini Pecorino,beer-wine aperitifs
616509,0,Los Molinos Los Molinos Wit 6 flessen,Los Molinos,bier-wijn-aperitieven,"Bier, wijn, aperitieven","Witte wijntaps, pouch, bag in box",59.35,65.94,10.0,10% volume voordeel,,,6 stuks,,True,AHOO,10% volume voordeel,2026-07-28,2999-12-31,,True,AH,https://www.ah.nl/producten/product/wi616509,2026-07-28,Los Molinos Los Molinos White 6 bottles,beer-wine aperitifs
587306,32550,Brouwerij 't IJ IJwit 4-pack,Brouwerij 't IJ,bier-wijn-aperitieven,"Bier, wijn, aperitieven",Wit en weizen,10.49,10.49,,,,,"1,32 l",prijs per liter €7.95,False,,,,,,True,AH,https://www.ah.nl/producten/product/wi587306,2026-07-28,Brouwerij 't IJ IJwit 4-pack,beer-wine aperitifs
623896,0,Brouwerij 't IJ Brouwerij 't IJ IJwit 16pack,Brouwerij 't IJ,bier-wijn-aperitieven,"Bier, wijn, aperitieven",Wit en weizen,37.76,41.96,10.0,10% volume voordeel,,,4 stuks,,True,AHOO,10% volume voordeel,2026-07-28,2999-12-31,,True,AH,https://www.ah.nl/producten/product/wi623896,2026-07-28,Brouwerij 't IJ Brouwerij 't IJ IJwit 16pack,beer-wine aperitifs
192807,794934,Stormhoek Moscato,Stormhoek,bier-wijn-aperitieven,"Bier, wijn, aperitieven",Moscato (Lichtzoet),5.29,5.29,,,,,"0,75 l",prijs per liter €7.05,False,,,,,,True,AH,https://www.ah.nl/producten/product/wi192807,2026-07-28,Stormhoek Moscato,beer-wine aperitifs
586713,0,Mastri Vernacoli Pinot grigio rosato 6 flessen,Mastri Vernacoli,bier-wijn-aperitieven,"Bier, wijn, aperitieven",Droge rosé,38.94,44.94,13.4,pakketkorting,,,6 stuks,,True,AHOO,,2026-07-28,2026-08-02,,True,AH,https://www.ah.nl/producten/product/wi586713,2026-07-28,Mastri Vernacoli Pinot grigio rosato 6 bottles,beer-wine aperitifs
610146,0,Hertog Jan Hertog Jan Natuurzuiver bier 12-pack,Hertog Jan,bier-wijn-aperitieven,"Bier, wijn, aperitieven",Pils blik,15.34,19.18,20.0,20% volume voordeel,,,2 stuks,,True,AHOO,20% volume voordeel,2026-07-28,2999-12-31,,True,AH,https://www.ah.nl/producten/product/wi610146,2026-07-28,Hertog Jan Hertog Jan Natural beer 12-pack,beer-wine aperitifs
30539,79359,Undurraga Sauvignon blanc,Undurraga,bier-wijn-aperitieven,"Bier, wijn, aperitieven",Sauvignon Blanc (Fris en droog),5.29,5.29,,,,,"0,75 l",prijs per liter €7.05,False,,,,,,True,AH,https://www.ah.nl/producten/product/wi30539,2026-07-28,Undurraga Sauvignon blanc,beer-wine aperitifs
584139,26776,Kult Water kefir passion & hops,Kult,bier-wijn-aperitieven,"Frisdrank, sappen, water",Craft en speciaal fris,2.29,2.29,,,,,330 ml,prijs per liter €6.94,False,,,,,C,True,AH,https://www.ah.nl/producten/product/wi584139,2026-07-28,Kult Water kefir passion & hops,beer-wine aperitifs
584932,0,Mooi Kaap Droe steen 6 flessen,Mooi Kaap,bier-wijn-aperitieven,"Bier, wijn, aperitieven",Overige witte wijn (Fris en droog),17.77,19.74,10.0,10% volume voordeel,,,6 stuks,,True,AHOO,10% volume voordeel,2026-07-28,2999-12-31,,True,AH,https://www.ah.nl/producten/product/wi584932,2026-07-28,Beautiful Kaap Droe stone 6 bottles,beer-wine aperitifs
585739,0,Stormhoek Pinot grigio 6 flessen,Stormhoek,bier-wijn-aperitieven,"Bier, wijn, aperitieven",Pinot Grigio (Fris en droog),28.57,31.74,10.0,10% volume voordeel,,,6 stuks,,True,AHOO,10% volume voordeel,2026-07-28,2999-12-31,,True,AH,https://www.ah.nl/producten/product/wi585739,2026-07-28,Stormhoek Pinot grigio 6 flessen,beer-wine aperitifs
616276,0,Lindeman's Lindeman's SA Chard Viog. 4 flessen,Lindeman's,bier-wijn-aperitieven,"Bier, wijn, aperitieven",Chardonnay (Vol en droog),20.1,21.16,5.0,5% volume voordeel,,,4 stuks,,True,AHOO,5% volume voordeel,2026-07-28,2999-12-31,,True,AH,https://www.ah.nl/producten/product/wi616276,2026-07-28,Lindeman's Lindeman's SA Chard Viog. 4 bottles,beer-wine aperitifs
616957,0,Sarmentino Pinot Grigio 4 flessen,Sarmentino,bier-wijn-aperitieven,"Bier, wijn, aperitieven",Pinot Grigio (Fris en droog),15.92,16.76,5.0,5% volume voordeel,,,4 stuks,,True,AHOO,5% volume voordeel,2026-07-28,2999-12-31,,True,AH,https://www.ah.nl/producten/product/wi616957,2026-07-28,Sarmentino Pinot Grigio 4 bottles,beer-wine aperitifs
623894,0,Brouwerij 't IJ Brouwerij 't IJ IJwit 64-pack,Brouwerij 't IJ,bier-wijn-aperitieven,"Bier, wijn, aperitieven",Wit en weizen,134.27,167.84,20.0,20% volume voordeel,,,16 stuks,,True,AHOO,20% volume voordeel,2026-07-28,2999-12-31,,True,AH,https://www.ah.nl/producten/product/wi623894,2026-07-28,Brouwerij 't IJ Brouwerij 't IJ IJwit 64-pack,beer-wine aperitifs
623897,0,Brouwerij 't IJ Brouwerij 't IJ IJwit 32-pack,Brouwerij 't IJ,bier-wijn-aperitieven,"Bier, wijn, aperitieven",Wit en weizen,71.33,83.92,15.0,15% volume voordeel,,,8 stuks,,True,AHOO,15% volume voordeel,2026-07-28,2999-12-31,,True,AH,https://www.ah.nl/producten/product/wi623897,2026-07-28,Brouwerij 't IJ Brouwerij 't IJ IJwit 32-pack,beer-wine aperitifs
589394,35402,Lowlander Mango I.P.A non-alc,Lowlander,bier-wijn-aperitieven,"Bier, wijn, aperitieven",Alcoholvrij IPA,2.59,2.59,,,,,330 ml,prijs per liter €7.85,False,,,,,C,True,AH,https://www.ah.nl/producten/product/wi589394,2026-07-28,Lowlander Mango I.P.A non-alc,beer-wine aperitifs
601050,0,Lowlander Mango I.P.A non-alc 4-pack,Lowlander,bier-wijn-aperitieven,"Bier, wijn, aperitieven",Alcoholvrij IPA,9.32,10.36,10.0,10% volume voordeel,,,4 stuks,,True,AHOO,10% volume voordeel,2026-07-28,2999-12-31,,True,AH,https://www.ah.nl/producten/product/wi601050,2026-07-28,Lowlander Mango I.P.A non-alc 4-pack,beer-wine aperitifs
584164,26774,Hip Pop Kombucha strawberry & pineapple,Hip Pop,bier-wijn-aperitieven,"Frisdrank, sappen, water",Kombucha,1.99,1.99,,,,,330 ml,prijs per liter €6.03,False,,,,,C,True,AH,https://www.ah.nl/producten/product/wi584164,2026-07-28,Hip Pop Kombucha strawberry & pineapple,beer-wine aperitifs
193449,792270,Amstel Pilsener bier 6-pack,Amstel,bier-wijn-aperitieven,"Bier, wijn, aperitieven",Pils blik,5.75,5.75,,,,,"6 x 0,33 l",prijs per liter €2.90,False,,,,,,True,AH,https://www.ah.nl/producten/product/wi193449,2026-07-28,Amstel Pilsener beer 6-pack,beer-wine aperitifs
583524,0,Fantini Pecorino 6 flessen,Fantini,bier-wijn-aperitieven,"Bier, wijn, aperitieven",Pecorino (Vol en droog),29.94,35.94,16.7,pakketkorting,,,6 stuks,,True,AHOO,,2026-07-28,2026-08-02,,True,AH,https://www.ah.nl/producten/product/wi583524,2026-07-28,Fantini Pecorino 6 flessen,beer-wine aperitifs
616286,0,Los Molinos Los Molinos Wit 4 flessen,Los Molinos,bier-wijn-aperitieven,"Bier, wijn, aperitieven","Witte wijntaps, pouch, bag in box",41.76,43.96,5.0,5% volume voordeel,,,4 stuks,,True,AHOO,5% volume voordeel,2026-07-28,2999-12-31,,True,AH,https://www.ah.nl/producten/product/wi616286,2026-07-28,Los Molinos Los Molinos White 4 bottles,beer-wine aperitifs
210141,805680,Amstel Radler citroen bier 6-pack,Amstel,bier-wijn-aperitieven,"Bier, wijn, aperitieven",Radler,5.99,5.99,,,,,"6 x 0,3 l",prijs per liter €3.33,False,,,,,,True,AH,https://www.ah.nl/producten/product/wi210141,2026-07-28,Amstel Radler lemon beer 6-pack,beer-wine aperitifs
606635,0,Amstel Radler citroen bier 12-pack,Amstel,bier-wijn-aperitieven,"Bier, wijn, aperitieven",Radler,11.38,11.98,5.0,5% volume voordeel,,,2 stuks,,True,AHOO,5% volume voordeel,2026-07-28,2999-12-31,,True,AH,https://www.ah.nl/producten/product/wi606635,2026-07-28,Amstel Radler lemon beer 12-pack,beer-wine aperitifs
610151,0,Jever Fun Non-alcoholic beer 12-pack,Jever Fun,bier-wijn-aperitieven,"Bier, wijn, aperitieven",Alcoholvrij pils,10.55,14.07,25.0,25% volume voordeel,,,3 stuks,,True,AHOO,25% volume voordeel,2026-07-28,2999-12-31,,True,AH,https://www.ah.nl/producten/product/wi610151,2026-07-28,Jever Fun Non-alcoholic beer 12-pack,beer-wine aperitifs
473308,147877,Riporta Primitivo,Riporta,bier-wijn-aperitieven,"Bier, wijn, aperitieven",Primitivo (Stevig),7.19,7.99,10.0,10% korting,,,"0,75 l",normale prijs per liter €10.65,True,AH,10% Gall & Gall Kaartkorting,,,,True,GALL,https://www.ah.nl/producten/product/wi473308,2026-07-28,Riporta Primitivo,beer-wine aperitifs
584927,0,Sarmentino Chardonnay 6 flessen,Sarmentino,bier-wijn-aperitieven,"Bier, wijn, aperitieven",Chardonnay (Fris en droog),21.01,23.34,10.0,10% volume voordeel,,,6 stuks,,True,AHOO,10% volume voordeel,2026-07-28,2999-12-31,,True,AH,https://www.ah.nl/producten/product/wi584927,2026-07-28,Sarmentino Chardonnay 6 bottles,beer-wine aperitifs
584745,0,Undurraga Sauvignon blanc 6 flessen,Undurraga,bier-wijn-aperitieven,"Bier, wijn, aperitieven",Sauvignon Blanc (Fris en droog),28.57,31.74,10.0,10% volume voordeel,,,6 stuks,,True,AHOO,10% volume voordeel,2026-07-28,2999-12-31,,True,AH,https://www.ah.nl/producten/product/wi584745,2026-07-28,Undurraga Sauvignon blanc 6 bottles,beer-wine aperitifs
232950,825910,Grolsch Radler citroen 2.0 6-pack,Grolsch,bier-wijn-aperitieven,"Bier, wijn, aperitieven",Radler,4.42,5.89,25.0,25% korting,,,"6 x 0,3 l",normale prijs per liter €3.27,True,AH,25% korting,2026-07-27,2026-08-02,,True,AH,https://www.ah.nl/producten/product/wi232950,2026-07-28,Grolsch Radler citroen 2.0 6-pack,beer-wine aperitifs
615812,0,AH Excellent Sauv. Blanc Falcon 4 flessen,AH Excellent,bier-wijn-aperitieven,"Bier, wijn, aperitieven",Sauvignon Blanc (Fris en droog),26.07,34.76,25.0,pakketkorting,,,4 stuks,,True,AHOO,,2026-07-28,2026-08-02,,True,AH,https://www.ah.nl/producten/product/wi615812,2026-07-28,AH Excellent Sauv. Blanc Falcon 4 bottles,beer-wine aperitifs
616191,0,Free Feather Free Feather Chardonnay AF 4 flessen,Free Feather,bier-wijn-aperitieven,"Bier, wijn, aperitieven",Alcoholvrij witte wijn,16.3,17.16,5.0,5% volume voordeel,,,4 stuks,,True,AHOO,5% volume voordeel,2026-07-28,2999-12-31,,True,AH,https://www.ah.nl/producten/product/wi616191,2026-07-28,Free Feather Free Feather Chardonnay AF 4 bottles,beer-wine aperitifs
411747,855326,AH Excellent Selectie rueda verdejo palacio almirante,AH Excellent,bier-wijn-aperitieven,"Bier, wijn, aperitieven",Verdejo (Fris en droog),5.24,6.99,25.0,25% korting,,,"0,75 l",normale prijs per liter €9.32,True,AH,25% korting,2026-07-27,2026-08-02,,True,AH,https://www.ah.nl/producten/product/wi411747,2026-07-28,AH Excellent Selection rueda verdejo palacio almirante,beer-wine aperitifs
585736,0,Stormhoek Stormhoek Moscato 6 flessen,Stormhoek,bier-wijn-aperitieven,"Bier, wijn, aperitieven",Moscato (Lichtzoet),28.57,31.74,10.0,10% volume voordeel,,,6 stuks,,True,AHOO,10% volume voordeel,2026-07-28,2999-12-31,,True,AH,https://www.ah.nl/producten/product/wi585736,2026-07-28,Stormhoek Stormhoek Moscato 6 bottles,beer-wine aperitifs
591534,0,Mastri Vernacoli Pinot Grigio Rosato 6 flessen,Mastri Vernacoli,bier-wijn-aperitieven,"Bier, wijn, aperitieven",Droge rosé,38.94,44.94,13.4,pakketkorting,,,6 stuks,,True,AHOO,,2026-07-28,2026-08-02,,True,AH,https://www.ah.nl/producten/product/wi591534,2026-07-28,Mastri Vernacoli Pinot Grigio Rosato 6 flessen,beer-wine aperitifs
158733,624354,Hertog Jan Weizener 6-pack,Hertog Jan,bier-wijn-aperitieven,"Bier, wijn, aperitieven",Wit en weizen,7.99,7.99,,,,,"6 x 0,3 l",prijs per liter €4.44,False,,,,,,True,AH,https://www.ah.nl/producten/product/wi158733,2026-07-28,Hertog Jan Weizener 6-pack,beer-wine aperitifs
222357,813506,AH Fris & droge Franse huiswijn wit,AH,bier-wijn-aperitieven,"Bier, wijn, aperitieven",Overige witte wijn (Fris en droog),4.99,4.99,,,,,1 l,prijs per liter €4.99,False,,,,,,True,AH,https://www.ah.nl/producten/product/wi222357,2026-07-28,AH Fresh & dry French house wine white,beer-wine aperitifs
584165,26773,Hip Pop Kombucha blueberry & ginger,Hip Pop,bier-wijn-aperitieven,"Frisdrank, sappen, water",Kombucha,1.99,1.99,,,,,330 ml,prijs per liter €6.03,False,,,,,C,True,AH,https://www.ah.nl/producten/product/wi584165,2026-07-28,Hip Pop Kombucha blueberry & ginger,beer-wine aperitifs
602596,0,Hertog Jan Weizener 6-pack 2-pack,Hertog Jan,bier-wijn-aperitieven,"Bier, wijn, aperitieven",Wit en weizen,14.38,15.98,10.0,10% volume voordeel,,,2 stuks,,True,AHOO,10% volume voordeel,2026-07-28,2999-12-31,,True,AH,https://www.ah.nl/producten/product/wi602596,2026-07-28,Hertog Jan Weizener 6-pack 2-pack,beer-wine aperitifs
551418,44520,Hola! Barcelona organic rosé cava,Hola!,bier-wijn-aperitieven,"Bier, wijn, aperitieven",Cava droog,7.99,7.99,,,,,"0,75 l",prijs per liter €10.65,False,,,,,,True,AH,https://www.ah.nl/producten/product/wi551418,2026-07-28,Hola! Barcelona organic rosé cava,beer-wine aperitifs
615868,0,Mastri Vernacoli Mastri Vernacoli PG Rosato 4 flessen,Mastri Vernacoli,bier-wijn-aperitieven,"Bier, wijn, aperitieven",Droge rosé,25.96,29.96,13.4,pakketkorting,,,4 stuks,,True,AHOO,,2026-07-28,2026-08-02,,True,AH,https://www.ah.nl/producten/product/wi615868,2026-07-28,Mastri Vernacoli Mastri Vernacoli PG Rosato 4 bottles,beer-wine aperitifs
63462,529870,Berberana Red dragon tempranillo,Berberana,bier-wijn-aperitieven,"Bier, wijn, aperitieven",Tempranillo (Soepel),3.99,3.99,,,,,"0,75 l",prijs per liter €5.32,False,,,,,,True,AH,https://www.ah.nl/producten/product/wi63462,2026-07-28,Berberana Red dragon tempranillo,beer-wine aperitifs
183614,771841,AH Biologisch Chardonnay,AH Biologisch,bier-wijn-aperitieven,"Bier, wijn, aperitieven",Witte wijn klein,2.49,2.49,,,,,250 ml,prijs per liter €9.96,False,,,,,,True,AH,https://www.ah.nl/producten/product/wi183614,2026-07-28,AH Biologisch Chardonnay,beer-wine aperitifs
188064,780231,Lindeman's Bin 85 pinot grigio,Lindeman's,bier-wijn-aperitieven,"Bier, wijn, aperitieven",Pinot Grigio (Fris en droog),6.65,6.65,,,,,"0,75 l",prijs per liter €8.87,False,,,,,,True,AH,https://www.ah.nl/producten/product/wi188064,2026-07-28,Lindeman's Bin 85 pinot grigio,beer-wine aperitifs
385744,843999,Lander bräu Weiss beer,Lander bräu,bier-wijn-aperitieven,"Bier, wijn, aperitieven",Wit en weizen,1.15,1.15,,,,,"0,5 l",prijs per liter €2.30,False,,,,,,True,AH,https://www.ah.nl/producten/product/wi385744,2026-07-28,Lander bräu Weiss beer,beer-wine aperitifs
49910,102712,Lindeman's Bin 65 chardonnay,Lindeman's,bier-wijn-aperitieven,"Bier, wijn, aperitieven",Chardonnay (Vol en droog),6.65,6.65,,,,,"0,75 l",prijs per liter €8.87,False,,,,,,True,AH,https://www.ah.nl/producten/product/wi49910,2026-07-28,Lindeman's Bin 65 chardonnay,beer-wine aperitifs
589400,35406,Corona Cero alcoholvrij bier 4-pack,Corona,bier-wijn-aperitieven,"Bier, wijn, aperitieven","Alcoholvrij wit, weizen, radler",4.49,5.99,25.0,25% korting,,,"1,32 l",normale prijs per liter €4.54,True,AH,25% korting,2026-07-27,2026-08-02,C,True,AH,https://www.ah.nl/producten/product/wi589400,2026-07-28,Corona Cero alcoholvrij bier 4-pack,beer-wine aperitifs
601086,0,AH Fris & droge Franse wit 6 flessen,AH,bier-wijn-aperitieven,"Bier, wijn, aperitieven",Overige witte wijn (Fris en droog),26.95,29.94,10.0,10% volume voordeel,,,6 stuks,,True,AHOO,10% volume voordeel,2026-07-28,2999-12-31,,True,AH,https://www.ah.nl/producten/product/wi601086,2026-07-28,AH Fris & droge Franse wit 6 flessen,beer-wine aperitifs
132635,129429, Pierre de Prunet Rosé,,bier-wijn-aperitieven,"Bier, wijn, aperitieven",Droge rosé,6.65,6.65,,2e Halve Prijs,,2.0,"0,75 l",normale prijs per liter €8.87,True,GAOO,2e Halve Prijs,2026-07-30,2026-08-02,,True,GALL,https://www.ah.nl/producten/product/wi132635,2026-07-28,Pierre de Prunet Rosé,beer-wine aperitifs
584908,0,AH Excellent verdejo palacio almirante 6 flessen,AH Excellent,bier-wijn-aperitieven,"Bier, wijn, aperitieven",Verdejo (Fris en droog),31.45,41.94,25.0,pakketkorting,,,6 stuks,,True,AHOO,,2026-07-28,2026-08-02,,True,AH,https://www.ah.nl/producten/product/wi584908,2026-07-28,AH Excellent verdejo palacio almirante 6 bottles,beer-wine aperitifs
611324,0,Grolsch Radler citroen 2.0 18-pack,Grolsch,bier-wijn-aperitieven,"Bier, wijn, aperitieven",Radler,13.25,17.67,25.0,pakketkorting,,,3 stuks,,True,AHOO,,2026-07-28,2026-08-02,,True,AH,https://www.ah.nl/producten/product/wi611324,2026-07-28,Grolsch Radler lemon 2.0 18-pack,beer-wine aperitifs
575963,17436,Bitburger Premium pils,Bitburger,bier-wijn-aperitieven,"Bier, wijn, aperitieven",Pils blik,1.09,1.09,,,,,"0,5 l",prijs per liter €2.18,False,,,,,,True,AH,https://www.ah.nl/producten/product/wi575963,2026-07-28,Bitburger Premium lager,beer-wine aperitifs
600209,50554,Uiltje Brewing Juicy lucy 0.2% NEIPA,Uiltje Brewing,bier-wijn-aperitieven,"Bier, wijn, aperitieven",Alcoholvrij IPA,2.69,2.69,,,,,330 ml,prijs per liter €8.15,False,,,,,C,True,AH,https://www.ah.nl/producten/product/wi600209,2026-07-28,Uiltje Brewing Juicy lucy 0.2% NEIPA,beer-wine aperitifs
611338,0,Gulpener Gladiator robuust bier 12-pack,Gulpener,bier-wijn-aperitieven,"Bier, wijn, aperitieven",Zwaar bier,16.22,20.28,20.0,20% volume voordeel,,,12 stuks,,True,AHOO,20% volume voordeel,2026-07-28,2999-12-31,,True,AH,https://www.ah.nl/producten/product/wi611338,2026-07-28,Gulpener Gladiator robust beer 12-pack,beer-wine aperitifs
160694,627615,Lindeman's South africa cabernet sauvignon merlot,Lindeman's,bier-wijn-aperitieven,"Bier, wijn, aperitieven",Cabernet Sauvignon (Soepel),5.29,5.29,,,,,"0,75 l",prijs per liter €7.05,False,,,,,,True,AH,https://www.ah.nl/producten/product/wi160694,2026-07-28,Lindeman's South africa cabernet sauvignon merlot,beer-wine aperitifs
551417,49020,Hola! Barcelona organic brut cava,Hola!,bier-wijn-aperitieven,"Bier, wijn, aperitieven",Cava droog,7.99,7.99,,,,,"0,75 l",prijs per liter €10.65,False,,,,,,True,AH,https://www.ah.nl/producten/product/wi551417,2026-07-28,Hello! Barcelona organic brut cava,beer-wine aperitifs
584138,26775,Kult Water kefir ginger & lemon,Kult,bier-wijn-aperitieven,"Frisdrank, sappen, water",Craft en speciaal fris,2.29,2.29,,,,,330 ml,prijs per liter €6.94,False,,,,,C,True,AH,https://www.ah.nl/producten/product/wi584138,2026-07-28,Kult Water kefir ginger & lemon,beer-wine aperitifs
171583,649448,Sobreiro Port ruby,Sobreiro,bier-wijn-aperitieven,"Bier, wijn, aperitieven",Port,4.89,4.89,,,,,"0,75 l",prijs per liter €6.52,False,,,,,,True,AH,https://www.ah.nl/producten/product/wi171583,2026-07-28,Sobreiro Port ruby,beer-wine aperitifs
222350,813499,AH Pinot grigio,AH,bier-wijn-aperitieven,"Bier, wijn, aperitieven",Pinot Grigio (Fris en droog),4.69,4.69,,,,,"0,75 l",prijs per liter €6.25,False,,,,,,True,AH,https://www.ah.nl/producten/product/wi222350,2026-07-28,AH Pinot grigio,beer-wine aperitifs
505670,851008,Apple Bandit Juicy apple 0.0 cider 6-pack,Apple Bandit,bier-wijn-aperitieven,"Bier, wijn, aperitieven",Cider,7.69,7.69,,,,,"6 x 0,3 l",prijs per liter €4.27,False,,,,,C,True,AH,https://www.ah.nl/producten/product/wi505670,2026-07-28,Apple Bandit Juicy apple 0.0 cider 6-pack,beer-wine aperitifs
568354,7530,Brand Garage Mango mama,Brand Garage,bier-wijn-aperitieven,"Frisdrank, sappen, water",Craft en speciaal fris,1.79,1.79,,,,,330 ml,prijs per liter €5.42,False,,,,,D,True,AH,https://www.ah.nl/producten/product/wi568354,2026-07-28,Brand Garage Mango mama,beer-wine aperitifs
606639,0,Apple Bandit Juicy apple 0.0 cider 12-pack,Apple Bandit,bier-wijn-aperitieven,"Bier, wijn, aperitieven",Cider,14.61,15.38,5.0,5% volume voordeel,,,2 stuks,,True,AHOO,5% volume voordeel,2026-07-28,2999-12-31,,True,AH,https://www.ah.nl/producten/product/wi606639,2026-07-28,Apple Bandit Juicy apple 0.0 cider 12-pack,beer-wine aperitifs
616933,0,Faszination Hugo Rosé 4 flessen,Faszination,bier-wijn-aperitieven,"Bier, wijn, aperitieven","Hugo, wijncocktail (Lichtzoet)",10.22,10.76,5.0,5% volume voordeel,,,4 stuks,,True,AHOO,5% volume voordeel,2026-07-28,2999-12-31,,True,AH,https://www.ah.nl/producten/product/wi616933,2026-07-28,Faszination Hugo Rosé 4 bottles,beer-wine aperitifs
586748,0,Hola! Barcelona organic brut cava 6 flessen,Hola!,bier-wijn-aperitieven,"Bier, wijn, aperitieven",Cava droog,43.15,47.94,10.0,10% volume voordeel,,,6 stuks,,True,AHOO,10% volume voordeel,2026-07-28,2999-12-31,,True,AH,https://www.ah.nl/producten/product/wi586748,2026-07-28,Hello! Barcelona organic brut cava 6 bottles,beer-wine aperitifs
589542,36144,Brouwerij 't IJ Free IPA 0.5%,Brouwerij 't IJ,bier-wijn-aperitieven,"Bier, wijn, aperitieven",IPA,2.45,2.45,,,,,330 ml,prijs per liter €7.42,False,,,,,C,True,AH,https://www.ah.nl/producten/product/wi589542,2026-07-28,Brouwerij 't IJ Free IPA 0.5%,beer-wine aperitifs
608309,65179,S. Pellegrino Ciao peach 6-pack,S. Pellegrino,bier-wijn-aperitieven,"Frisdrank, sappen, water",Craft en speciaal fris,6.89,6.89,,,,,"1,98 l",prijs per liter €3.48,False,,,,,B,True,AH,https://www.ah.nl/producten/product/wi608309,2026-07-28,S. Pellegrino Ciao peach 6-pack,beer-wine aperitifs
615805,0,19 Crimes 19 Crimes Chardonnay 4 flessen,19 Crimes,bier-wijn-aperitieven,"Bier, wijn, aperitieven",Chardonnay (Vol en droog),34.16,35.96,5.0,5% volume voordeel,,,4 stuks,,True,AHOO,5% volume voordeel,2026-07-28,2999-12-31,,True,AH,https://www.ah.nl/producten/product/wi615805,2026-07-28,19 Crimes 19 Crimes Chardonnay 4 flessen,beer-wine aperitifs
623884,0,Brouwerij 't IJ Brouwerij 't IJ Free IPA 0.5% 4-pack,Brouwerij 't IJ,bier-wijn-aperitieven,"Bier, wijn, aperitieven",IPA,8.82,9.8,10.0,10% volume voordeel,,,4 stuks,,True,AHOO,10% volume voordeel,2026-07-28,2999-12-31,,True,AH,https://www.ah.nl/producten/product/wi623884,2026-07-28,Brouwerij 't IJ Brouwerij 't IJ Free IPA 0.5% 4-pack,beer-wine aperitifs
571801,14097,Uiltje Brewing Bird of prey 0.2% IPA,Uiltje Brewing,bier-wijn-aperitieven,"Bier, wijn, aperitieven",Alcoholvrij IPA,2.69,2.69,,,,,330 ml,prijs per liter €8.15,False,,,,,C,True,AH,https://www.ah.nl/producten/product/wi571801,2026-07-28,Uiltje Brewing Bird of prey 0.2% IPA,beer-wine aperitifs
591600,39205,Bozu Pornstar martini,Bozu,bier-wijn-aperitieven,"Bier, wijn, aperitieven",Mixdranken,1.64,2.19,25.0,25% korting,,,250 ml,normale prijs per liter €8.76,True,AH,25% korting,2026-07-27,2026-08-02,,True,AH,https://www.ah.nl/producten/product/wi591600,2026-07-28,Bozu Pornstar martini,beer-wine aperitifs
616150,0,Codorníu Codorníu Clasico Cava Brut 4 flessen,Codorníu,bier-wijn-aperitieven,"Bier, wijn, aperitieven",Cava droog,30.36,31.96,5.0,5% volume voordeel,,,4 stuks,,True,AHOO,5% volume voordeel,2026-07-28,2999-12-31,,True,AH,https://www.ah.nl/producten/product/wi616150,2026-07-28,Codorníu Codorníu Clasico Cava Brut 4 bottles,beer-wine aperitifs
584740,0,Berberana Red dragon tempranillo 6 flessen,Berberana,bier-wijn-aperitieven,"Bier, wijn, aperitieven",Tempranillo (Soepel),21.55,23.94,10.0,10% volume voordeel,,,6 stuks,,True,AHOO,10% volume voordeel,2026-07-28,2999-12-31,,True,AH,https://www.ah.nl/producten/product/wi584740,2026-07-28,Berberana Red dragon tempranillo 6 bottles,beer-wine aperitifs
584933,0,Lindeman's Bin 85 pinot grigio 6 flessen,Lindeman's,bier-wijn-aperitieven,"Bier, wijn, aperitieven",Pinot Grigio (Fris en droog),35.91,39.9,10.0,10% volume voordeel,,,6 stuks,,True,AHOO,10% volume voordeel,2026-07-28,2999-12-31,,True,AH,https://www.ah.nl/producten/product/wi584933,2026-07-28,Lindeman's Bin 85 pinot grigio 6 bottles,beer-wine aperitifs
590848,37896,Hey you Sauvignon blanc,Hey you,bier-wijn-aperitieven,"Bier, wijn, aperitieven",Sauvignon Blanc (Fris en droog),4.99,4.99,,,,,"0,75 l",prijs per liter €6.65,False,,,,,,True,AH,https://www.ah.nl/producten/product/wi590848,2026-07-28,Hey you Sauvignon blanc,beer-wine aperitifs
616958,0,Sarmentino Sauvignon Blanc 4 flessen,Sarmentino,bier-wijn-aperitieven,"Bier, wijn, aperitieven",Sauvignon Blanc (Fris en droog),15.16,15.96,5.0,5% volume voordeel,,,4 stuks,,True,AHOO,5% volume voordeel,2026-07-28,2999-12-31,,True,AH,https://www.ah.nl/producten/product/wi616958,2026-07-28,Sarmentino Sauvignon Blanc 4 bottles,beer-wine aperitifs
222370,813524,AH Fris & droge Franse huiswijn wit,AH,bier-wijn-aperitieven,"Bier, wijn, aperitieven",Witte wijn klein,2.39,2.39,,,,,250 ml,prijs per liter €9.56,False,,,,,,True,AH,https://www.ah.nl/producten/product/wi222370,2026-07-28,AH Fresh & dry French house wine white,beer-wine aperitifs
518917,737477,S. Pellegrino Aranciata rossa 6-pack,S. Pellegrino,bier-wijn-aperitieven,"Frisdrank, sappen, water",Craft en speciaal fris,7.99,7.99,,,,,"6 x 0,33 l",prijs per liter €4.04,False,,,,,E,True,AH,https://www.ah.nl/producten/product/wi518917,2026-07-28,S. Pellegrino Aranciata rossa 6-pack,beer-wine aperitifs
584891,0,Lindeman's SA cabernet sauvignon merlot 6 flessen,Lindeman's,bier-wijn-aperitieven,"Bier, wijn, aperitieven",Cabernet Sauvignon (Stevig),28.57,31.74,10.0,10% volume voordeel,,,6 stuks,,True,AHOO,10% volume voordeel,2026-07-28,2999-12-31,,True,AH,https://www.ah.nl/producten/product/wi584891,2026-07-28,Lindeman's SA cabernet sauvignon merlot 6 bottles,beer-wine aperitifs
615113,0,S. Pellegrino Aranciata rossa 6-pack 2-pack,S. Pellegrino,bier-wijn-aperitieven,"Frisdrank, sappen, water",Craft en speciaal fris,15.5,15.98,3.0,3% volume voordeel,,,2 stuks,,True,AHOO,3% volume voordeel,2026-07-28,2999-12-31,,True,AH,https://www.ah.nl/producten/product/wi615113,2026-07-28,S. Pellegrino Aranciata rossa 6-pack 2-pack,beer-wine aperitifs
616049,0,AH AH Franse witte huiswijn 4 flessen,AH,bier-wijn-aperitieven,"Bier, wijn, aperitieven",Witte wijn klein,9.08,9.56,5.0,5% volume voordeel,,,4 stuks,,True,AHOO,5% volume voordeel,2026-07-28,2999-12-31,,True,AH,https://www.ah.nl/producten/product/wi616049,2026-07-28,AH AH French white house wine 4 bottles,beer-wine aperitifs
584749,0,Lindeman's Bin 65 chardonnay 6 flessen,Lindeman's,bier-wijn-aperitieven,"Bier, wijn, aperitieven",Chardonnay (Fris en droog),35.91,39.9,10.0,10% volume voordeel,,,6 stuks,,True,AHOO,10% volume voordeel,2026-07-28,2999-12-31,,True,AH,https://www.ah.nl/producten/product/wi584749,2026-07-28,Lindeman's Bin 65 chardonnay 6 bottles,beer-wine aperitifs
611326,0,Grolsch Radler citroen 2.0 30-pack,Grolsch,bier-wijn-aperitieven,"Bier, wijn, aperitieven",Radler,22.08,29.45,25.0,pakketkorting,,,5 stuks,,True,AHOO,,2026-07-28,2026-08-02,,True,AH,https://www.ah.nl/producten/product/wi611326,2026-07-28,Grolsch Radler lemon 2.0 30-pack,beer-wine aperitifs
623882,0,Brouwerij 't IJ Brouwerij 't IJ Free IPA 0.5% 16-pack,Brouwerij 't IJ,bier-wijn-aperitieven,"Bier, wijn, aperitieven",IPA,31.36,39.2,20.0,20% volume voordeel,,,16 stuks,,True,AHOO,20% volume voordeel,2026-07-28,2999-12-31,,True,AH,https://www.ah.nl/producten/product/wi623882,2026-07-28,Brouwerij 't IJ Brouwerij 't IJ Free IPA 0.5% 16-pack,beer-wine aperitifs
623885,0,Brouwerij 't IJ Brouwerij 't IJ Free IPA 0.5% 8-pack,Brouwerij 't IJ,bier-wijn-aperitieven,"Bier, wijn, aperitieven",IPA,16.66,19.6,15.0,15% volume voordeel,,,8 stuks,,True,AHOO,15% volume voordeel,2026-07-28,2999-12-31,,True,AH,https://www.ah.nl/producten/product/wi623885,2026-07-28,Brouwerij 't IJ Brouwerij 't IJ Free IPA 0.5% 8-pack,beer-wine aperitifs
165201,637960,Moselland Spätlese,Moselland,bier-wijn-aperitieven,"Bier, wijn, aperitieven",Overige witte wijn (Lichtzoet),3.89,3.89,,,,,"0,75 l",prijs per liter €5.19,False,,,,,,True,AH,https://www.ah.nl/producten/product/wi165201,2026-07-28,Moselland Spätlese,beer-wine aperitifs
586797,0,Hola! Barcelona organic rosé cava 6 flessen,Hola!,bier-wijn-aperitieven,"Bier, wijn, aperitieven",Cava droog,43.15,47.94,10.0,10% volume voordeel,,,6 stuks,,True,AHOO,10% volume voordeel,2026-07-28,2999-12-31,,True,AH,https://www.ah.nl/producten/product/wi586797,2026-07-28,Hello! Barcelona organic rosé cava 6 bottles,beer-wine aperitifs
591533,0,Hola! Cava Brut Pink Bio 6 flessen,Hola!,bier-wijn-aperitieven,"Bier, wijn, aperitieven",Cava droog,43.15,47.94,10.0,10% volume voordeel,,,6 stuks,,True,AHOO,10% volume voordeel,2026-07-28,2999-12-31,,True,AH,https://www.ah.nl/producten/product/wi591533,2026-07-28,Hello! Cava Brut Pink Bio 6 bottles,beer-wine aperitifs
601777,53914,Equinox Raspberry & elderflower,Equinox,bier-wijn-aperitieven,"Frisdrank, sappen, water",Kombucha,1.69,1.69,,,,,250 ml,prijs per liter €6.76,False,,,,,C,True,AH,https://www.ah.nl/producten/product/wi601777,2026-07-28,Equinox Raspberry & elderflower,beer-wine aperitifs
616409,0,Wild Pig Wild Pig Chardonnay 4 flessen,Wild Pig,bier-wijn-aperitieven,"Bier, wijn, aperitieven",Chardonnay (Vol en droog),22.76,23.96,5.0,5% volume voordeel,,,4 stuks,,True,AHOO,5% volume voordeel,2026-07-28,2999-12-31,,True,AH,https://www.ah.nl/producten/product/wi616409,2026-07-28,Wild Pig Wild Pig Chardonnay 4 bottles,beer-wine aperitifs
610169,0,Uiltje Brewing Juicy lucy 0.2% NEIPA 12-pack,Uiltje Brewing,bier-wijn-aperitieven,"Bier, wijn, aperitieven",Alcoholvrij IPA,24.21,32.28,25.0,25% volume voordeel,,,12 stuks,,True,AHOO,25% volume voordeel,2026-07-28,2999-12-31,,True,AH,https://www.ah.nl/producten/product/wi610169,2026-07-28,Uiltje Brewing Juicy lucy 0.2% NEIPA 12-pack,beer-wine aperitifs
611340,0,Gulpener Gladiator robuust bier 6-pack,Gulpener,bier-wijn-aperitieven,"Bier, wijn, aperitieven",Zwaar bier,8.62,10.14,15.0,15% volume voordeel,,,6 stuks,,True,AHOO,15% volume voordeel,2026-07-28,2999-12-31,,True,AH,https://www.ah.nl/producten/product/wi611340,2026-07-28,Gulpener Gladiator robust beer 6-pack,beer-wine aperitifs
616484,0,Hey you Hey You Sauvignon Blanc 6 flessen,Hey you,bier-wijn-aperitieven,"Bier, wijn, aperitieven",Sauvignon Blanc (Fris en droog),26.95,29.94,10.0,10% volume voordeel,,,6 stuks,,True,AHOO,10% volume voordeel,2026-07-28,2999-12-31,,True,AH,https://www.ah.nl/producten/product/wi616484,2026-07-28,Hey you Hey You Sauvignon Blanc 6 flessen,beer-wine aperitifs
173808,771896,Heineken Premium pilsener draaidop 24-pack,Heineken,bier-wijn-aperitieven,"Bier, wijn, aperitieven",Pils fles,17.99,23.99,25.0,25% korting,,,"24 x 0,25 l",normale prijs per liter €4.00,True,AH,25% korting,2026-07-27,2026-08-02,,True,AH,https://www.ah.nl/producten/product/wi173808,2026-07-28,Heineken Premium pilsner twist cap 24-pack,beer-wine aperitifs
499029,402303,Riporta Pinot grigio,Riporta,bier-wijn-aperitieven,"Bier, wijn, aperitieven",Pinot Grigio (Fris en droog),5.99,7.99,25.0,ACTIE,,,"0,75 l",normale prijs per liter €10.65,True,GAOO,ACTIE,2026-07-13,2026-08-02,,True,GALL,https://www.ah.nl/producten/product/wi499029,2026-07-28,Riporta Pinot grigio,beer-wine aperitifs
615114,0,S. Pellegrino Aranciata rossa 6-pack 4-pack,S. Pellegrino,bier-wijn-aperitieven,"Frisdrank, sappen, water",Craft en speciaal fris,30.04,31.96,6.0,6% volume voordeel,,,4 stuks,,True,AHOO,6% volume voordeel,2026-07-28,2999-12-31,,True,AH,https://www.ah.nl/producten/product/wi615114,2026-07-28,S. Pellegrino Aranciata rossa 6-pack 4-pack,beer-wine aperitifs
615115,0,S. Pellegrino Aranciata rossa 6-pack 8-pack,S. Pellegrino,bier-wijn-aperitieven,"Frisdrank, sappen, water",Craft en speciaal fris,57.53,63.92,10.0,10% volume voordeel,,,8 stuks,,True,AHOO,10% volume voordeel,2026-07-28,2999-12-31,,True,AH,https://www.ah.nl/producten/product/wi615115,2026-07-28,S. Pellegrino Aranciata rossa 6-pack 8-pack,beer-wine aperitifs
611749,0,Corona Cero alcoholvrij bier 24-pack,Corona,bier-wijn-aperitieven,"Bier, wijn, aperitieven","Alcoholvrij wit, weizen, radler",26.95,35.94,25.0,pakketkorting,,,6 stuks,,True,AHOO,,2026-07-28,2026-08-02,,True,AH,https://www.ah.nl/producten/product/wi611749,2026-07-28,Corona Cero non-alcoholic beer 24-pack,beer-wine aperitifs
586374,0,AH Pinot grigio 6 flessen,AH,bier-wijn-aperitieven,"Bier, wijn, aperitieven",Pinot Grigio (Fris en droog),25.33,28.14,10.0,10% volume voordeel,,,6 stuks,,True,AHOO,10% volume voordeel,2026-07-28,2999-12-31,,True,AH,https://www.ah.nl/producten/product/wi586374,2026-07-28,AH Pinot grigio 6 flessen,beer-wine aperitifs
517669,410209,Riporta Rosata,Riporta,bier-wijn-aperitieven,"Bier, wijn, aperitieven",Lichtzoete rosé,5.99,7.99,25.0,ACTIE,,,"0,75 l",normale prijs per liter €10.65,True,GAOO,ACTIE,2026-07-13,2026-08-02,,True,GALL,https://www.ah.nl/producten/product/wi517669,2026-07-28,Riporta Rosata,beer-wine aperitifs
616118,0,Casillero del Diablo Casillero Chardonnay Res 4 flessen,Casillero del Diablo,bier-wijn-aperitieven,"Bier, wijn, aperitieven",Chardonnay (Vol en droog),26.56,27.96,5.0,5% volume voordeel,,,4 stuks,,True,AHOO,5% volume voordeel,2026-07-28,2999-12-31,,True,AH,https://www.ah.nl/producten/product/wi616118,2026-07-28,Casillero del Diablo Casillero Chardonnay Res 4 flessen,beer-wine aperitifs
584065,28096,Brouwers Premium bier 6-pack,Brouwers,bier-wijn-aperitieven,"Bier, wijn, aperitieven",Pils blik,4.69,4.69,,,,,"6 x 0,5 l",prijs per liter €1.56,False,,,,,,True,AH,https://www.ah.nl/producten/product/wi584065,2026-07-28,Brouwers Premium bier 6-pack,beer-wine aperitifs
99153,62738,Listel Rosé,Listel,bier-wijn-aperitieven,"Bier, wijn, aperitieven",Droge rosé,5.69,5.69,,,,,"0,75 l",prijs per liter €7.59,False,,,,,,True,AH,https://www.ah.nl/producten/product/wi99153,2026-07-28,Listel Rose,beer-wine aperitifs
497482,733041,Marqués de Requena Brut,Marqués de Requena,bier-wijn-aperitieven,"Bier, wijn, aperitieven",Cava droog,6.65,6.65,,,,,"0,75 l",prijs per liter €8.87,False,,,,,,True,AH,https://www.ah.nl/producten/product/wi497482,2026-07-28,Marqués de Requena Brut,beer-wine aperitifs
570744,12409,Adobe Rosé reserva organic,Adobe,bier-wijn-aperitieven,"Bier, wijn, aperitieven",Droge rosé,4.99,6.65,25.0,25% korting,,,"0,75 l",normale prijs per liter €8.87,True,AH,25% korting,2026-07-27,2026-08-02,,True,AH,https://www.ah.nl/producten/product/wi570744,2026-07-28,Adobe Rosé reserva organic,beer-wine aperitifs
616232,0,Hola! Hola! Barcelona Brut Cava 4 flessen,Hola!,bier-wijn-aperitieven,"Bier, wijn, aperitieven",Cava droog,30.36,31.96,5.0,5% volume voordeel,,,4 stuks,,True,AHOO,5% volume voordeel,2026-07-28,2999-12-31,,True,AH,https://www.ah.nl/producten/product/wi616232,2026-07-28,Hello! Hello! Barcelona Brut Cava 4 bottles,beer-wine aperitifs
616234,0,Hola! Hola! Barcelona Rosé Cava 4 flessen,Hola!,bier-wijn-aperitieven,"Bier, wijn, aperitieven",Cava droog,30.36,31.96,5.0,5% volume voordeel,,,4 stuks,,True,AHOO,5% volume voordeel,2026-07-28,2999-12-31,,True,AH,https://www.ah.nl/producten/product/wi616234,2026-07-28,Hello! Hello! Barcelona Rosé Cava 4 bottles,beer-wine aperitifs
52034,79354,Undurraga Chardonnay,Undurraga,bier-wijn-aperitieven,"Bier, wijn, aperitieven",Chardonnay (Vol en droog),5.29,5.29,,,,,"0,75 l",prijs per liter €7.05,False,,,,,,True,AH,https://www.ah.nl/producten/product/wi52034,2026-07-28,Undurraga Chardonnay,beer-wine aperitifs
434128,698608,Heineken Premium pilsener 0.0 draaidop 12-pack,Heineken,bier-wijn-aperitieven,"Bier, wijn, aperitieven",Alcoholvrij pils,12.49,12.49,,1 + 1 gratis,,1.0,"12 x 0,25 l",normale prijs per liter €4.16,True,AH,1 + 1 gratis,2026-07-27,2026-08-02,B,True,AH,https://www.ah.nl/producten/product/wi434128,2026-07-28,Heineken Premium pilsner 0.0 screw cap 12-pack,beer-wine aperitifs
597606,0,Heineken Premium pilsener 0.0 2x 12-pack,Heineken,bier-wijn-aperitieven,"Bier, wijn, aperitieven",Alcoholvrij pils,12.49,24.98,50.0,pakketkorting,,,2 stuks,,True,AHOO,,2026-07-28,2026-08-02,,True,AH,https://www.ah.nl/producten/product/wi597606,2026-07-28,Heineken Premium pilsner 0.0 2x 12-pack,beer-wine aperitifs
616361,0,Stormhoek Stormhoek Pinot grigio 4 flessen,Stormhoek,bier-wijn-aperitieven,"Bier, wijn, aperitieven",Pinot Grigio (Fris en droog),20.1,21.16,5.0,5% volume voordeel,,,4 stuks,,True,AHOO,5% volume voordeel,2026-07-28,2999-12-31,,True,AH,https://www.ah.nl/producten/product/wi616361,2026-07-28,Stormhoek Stormhoek Pinot grigio 4 bottles,beer-wine aperitifs
492511,38902,Sir. James 101 Mojito,Sir. James 101,bier-wijn-aperitieven,"Bier, wijn, aperitieven",Alcoholvrij aperitieven,2.19,2.19,,,,,250 ml,prijs per liter €8.76,False,,,,,E,True,AH,https://www.ah.nl/producten/product/wi492511,2026-07-28,Sir. James 101 Mojito,beer-wine aperitifs
616396,0,Viverty Viverty Sparkling Wit AF 4 flessen,Viverty,bier-wijn-aperitieven,"Bier, wijn, aperitieven",Alcoholvrij bubbels,15.96,21.16,24.6,pakketkorting,,,4 stuks,,True,AHOO,,2026-07-28,2026-08-02,,True,AH,https://www.ah.nl/producten/product/wi616396,2026-07-28,Viverty Viverty Sparkling White AF 4 bottles,beer-wine aperitifs
610143,0,Corona Cero alcoholvrij bier 16-pack,Corona,bier-wijn-aperitieven,"Bier, wijn, aperitieven","Alcoholvrij wit, weizen, radler",17.97,23.96,25.0,pakketkorting,,,4 stuks,,True,AHOO,,2026-07-28,2026-08-02,,True,AH,https://www.ah.nl/producten/product/wi610143,2026-07-28,Corona Cero non-alcoholic beer 16-pack,beer-wine aperitifs
615121,0,S. Pellegrino Ciao peach 6-pack 2-pack,S. Pellegrino,bier-wijn-aperitieven,"Frisdrank, sappen, water",Craft en speciaal fris,13.37,13.78,3.0,3% volume voordeel,,,2 stuks,,True,AHOO,3% volume voordeel,2026-07-28,2999-12-31,,True,AH,https://www.ah.nl/producten/product/wi615121,2026-07-28,S. Pellegrino Ciao peach 6-pack 2-pack,beer-wine aperitifs
586709,0,Adobe Rosé reserva organic 6 flessen,Adobe,bier-wijn-aperitieven,"Bier, wijn, aperitieven",Droge rosé,29.92,39.9,25.0,pakketkorting,,,6 stuks,,True,AHOO,,2026-07-28,2026-08-02,,True,AH,https://www.ah.nl/producten/product/wi586709,2026-07-28,Adobe Rosé reserva organic 6 bottles,beer-wine aperitifs
610167,0,Uiltje Brewing Bird of prey 0.2% IPA 12-pack,Uiltje Brewing,bier-wijn-aperitieven,"Bier, wijn, aperitieven",Alcoholvrij IPA,24.21,32.28,25.0,25% volume voordeel,,,12 stuks,,True,AHOO,25% volume voordeel,2026-07-28,2999-12-31,,True,AH,https://www.ah.nl/producten/product/wi610167,2026-07-28,Owltje Brewing Bird of prey 0.2% IPA 12-pack,beer-wine aperitifs
160698,628058,Campo Viejo Rioja tempranillo,Campo Viejo,bier-wijn-aperitieven,"Bier, wijn, aperitieven",Tempranillo (Stevig),7.29,7.29,,,,,"0,75 l",prijs per liter €9.72,False,,,,,,True,AH,https://www.ah.nl/producten/product/wi160698,2026-07-28,Campo Viejo Rioja tempranillo,beer-wine aperitifs
570714,11385,El Maestro Wit,El Maestro,bier-wijn-aperitieven,"Bier, wijn, aperitieven",Verdejo (Fris en droog),4.29,5.29,18.9,€1.00 euro korting,,,"0,75 l",normale prijs per liter €7.05,True,AH,1 euro korting,2026-07-27,2026-08-02,,True,AH,https://www.ah.nl/producten/product/wi570714,2026-07-28,El Maestro Wit,beer-wine aperitifs
584886,0,Undurraga Chardonnay 6 flessen,Undurraga,bier-wijn-aperitieven,"Bier, wijn, aperitieven",Chardonnay (Fris en droog),28.57,31.74,10.0,10% volume voordeel,,,6 stuks,,True,AHOO,10% volume voordeel,2026-07-28,2999-12-31,,True,AH,https://www.ah.nl/producten/product/wi584886,2026-07-28,Undurraga Chardonnay 6 bottles,beer-wine aperitifs
586369,0,Hardys Bin 141 colombard chardonnay 6 flessen,Hardys,bier-wijn-aperitieven,"Bier, wijn, aperitieven",Overige witte wijn (Vol en droog),21.55,23.94,10.0,10% volume voordeel,,,6 stuks,,True,AHOO,10% volume voordeel,2026-07-28,2999-12-31,,True,AH,https://www.ah.nl/producten/product/wi586369,2026-07-28,Hardys Bin 141 colombard chardonnay 6 bottles,beer-wine aperitifs
610170,0,Uiltje Brewing Juicy lucy 0.2% NEIPA 4-pack,Uiltje Brewing,bier-wijn-aperitieven,"Bier, wijn, aperitieven",Alcoholvrij IPA,9.68,10.76,10.0,10% volume voordeel,,,4 stuks,,True,AHOO,10% volume voordeel,2026-07-28,2999-12-31,,True,AH,https://www.ah.nl/producten/product/wi610170,2026-07-28,Owiltje Brewing Juicy lucy 0.2% NEIPA 4-pack,beer-wine aperitifs
460647,675060,Grolsch Weizen alcoholvrij speciaalbier 6-pack,Grolsch,bier-wijn-aperitieven,"Bier, wijn, aperitieven","Alcoholvrij wit, weizen, radler",6.49,6.49,,1 + 1 gratis,,1.0,6 x 30 cl,normale prijs per liter €3.61,True,AH,1 + 1 gratis,2026-07-27,2026-08-02,C,True,AH,https://www.ah.nl/producten/product/wi460647,2026-07-28,Grolsch Weizen alcohol-free specialty beer 6-pack,beer-wine aperitifs
554996,795974,Lowlander Citrus blonde non-alc,Lowlander,bier-wijn-aperitieven,"Bier, wijn, aperitieven","Alcoholvrij blond, dubbel, tripel",2.59,2.59,,,,,330 ml,prijs per liter €7.85,False,,,,,C,True,AH,https://www.ah.nl/producten/product/wi554996,2026-07-28,Lowlander Citrus blonde non-alc,beer-wine aperitifs
601045,0,Lowlander Citrus blonde non-alc 4-pack,Lowlander,bier-wijn-aperitieven,"Bier, wijn, aperitieven","Alcoholvrij blond, dubbel, tripel",9.32,10.36,10.0,10% volume voordeel,,,4 stuks,,True,AHOO,10% volume voordeel,2026-07-28,2999-12-31,,True,AH,https://www.ah.nl/producten/product/wi601045,2026-07-28,Lowlander Citrus blonde non-alc 4-pack,beer-wine aperitifs
611332,0,Grolsch Weizen alcoholvrij speciaalbier 18-pack,Grolsch,bier-wijn-aperitieven,"Bier, wijn, aperitieven","Alcoholvrij wit, weizen, radler",12.98,19.47,33.3,pakketkorting,,,3 stuks,,True,AHOO,,2026-07-28,2026-08-02,,True,AH,https://www.ah.nl/producten/product/wi611332,2026-07-28,Grolsch Weizen alcohol-free specialty beer 18-pack,beer-wine aperitifs
611333,0,Grolsch Weizen alcoholvrij speciaalbier 30-pack,Grolsch,bier-wijn-aperitieven,"Bier, wijn, aperitieven","Alcoholvrij wit, weizen, radler",19.47,32.45,40.0,pakketkorting,,,5 stuks,,True,AHOO,,2026-07-28,2026-08-02,,True,AH,https://www.ah.nl/producten/product/wi611333,2026-07-28,Grolsch Weizen alcohol-free specialty beer 30-pack,beer-wine aperitifs
616179,0,Fantini Fantini Pecorino 4 flessen,Fantini,bier-wijn-aperitieven,"Bier, wijn, aperitieven",Pecorino (Vol en droog),19.96,23.96,16.7,pakketkorting,,,4 stuks,,True,AHOO,,2026-07-28,2026-08-02,,True,AH,https://www.ah.nl/producten/product/wi616179,2026-07-28,Fantini Fantini Pecorino 4 bottles,beer-wine aperitifs
471358,723686,Leffe Blond 0.0% abdijbier 6-pack,Leffe,bier-wijn-aperitieven,"Bier, wijn, aperitieven","Alcoholvrij blond, dubbel, tripel",8.79,8.79,,,,,"6 x 0,33 l",prijs per liter €4.44,False,,,,,C,True,AH,https://www.ah.nl/producten/product/wi471358,2026-07-28,Leffe Blond 0.0% abbey beer 6-pack,beer-wine aperitifs
584885,0,Marqués de Requena Brut 6 flessen,Marqués de Requena,bier-wijn-aperitieven,"Bier, wijn, aperitieven",Cava droog,35.91,39.9,10.0,10% volume voordeel,,,6 stuks,,True,AHOO,10% volume voordeel,2026-07-28,2999-12-31,,True,AH,https://www.ah.nl/producten/product/wi584885,2026-07-28,Marqués de Requena Brut 6 bottles,beer-wine aperitifs
584903,0,Moselland Spätlese 6 flessen,Moselland,bier-wijn-aperitieven,"Bier, wijn, aperitieven",Overige witte wijn (Fris en droog),21.01,23.34,10.0,10% volume voordeel,,,6 stuks,,True,AHOO,10% volume voordeel,2026-07-28,2999-12-31,,True,AH,https://www.ah.nl/producten/product/wi584903,2026-07-28,Moselland Spätlese 6 bottles,beer-wine aperitifs
584928,0,Listel Rose 6 flessen,Listel,bier-wijn-aperitieven,"Bier, wijn, aperitieven",Droge rosé,30.73,34.14,10.0,10% volume voordeel,,,6 stuks,,True,AHOO,10% volume voordeel,2026-07-28,2999-12-31,,True,AH,https://www.ah.nl/producten/product/wi584928,2026-07-28,Listel Rose 6 bottles,beer-wine aperitifs
222369,813523,AH Merlot,AH,bier-wijn-aperitieven,"Bier, wijn, aperitieven",Rode wijn klein,2.39,2.39,,,,,250 ml,prijs per liter €9.56,False,,,,,,True,AH,https://www.ah.nl/producten/product/wi222369,2026-07-28,AH Merlot,beer-wine aperitifs
365929,832958,Mooi Kaap Rosé,Mooi Kaap,bier-wijn-aperitieven,"Bier, wijn, aperitieven",Droge rosé,3.25,3.25,,,,,"0,75 l",prijs per liter €4.33,False,,,,,,True,AH,https://www.ah.nl/producten/product/wi365929,2026-07-28,Beautiful Cape Rose,beer-wine aperitifs
580348,23830,Kasteelbier Rouge 0.0%,Kasteelbier,bier-wijn-aperitieven,"Bier, wijn, aperitieven","Alcoholvrij wit, weizen, radler",1.89,1.89,,,,,330 ml,prijs per liter €5.73,False,,,,,D,True,AH,https://www.ah.nl/producten/product/wi580348,2026-07-28,Kasteelbier Rouge 0.0%,beer-wine aperitifs
588955,0,El Maestro Wit 6 flessen,El Maestro,bier-wijn-aperitieven,"Bier, wijn, aperitieven",Verdejo (Fris en droog),25.74,31.74,18.9,pakketkorting,,,6 stuks,,True,AHOO,,2026-07-28,2026-08-02,,True,AH,https://www.ah.nl/producten/product/wi588955,2026-07-28,El Maestro White 6 bottles,beer-wine aperitifs
616377,0,Undurraga Undurraga Sauv Blanc 4 flessen,Undurraga,bier-wijn-aperitieven,"Bier, wijn, aperitieven",Sauvignon Blanc (Fris en droog),20.1,21.16,5.0,5% volume voordeel,,,4 stuks,,True,AHOO,5% volume voordeel,2026-07-28,2999-12-31,,True,AH,https://www.ah.nl/producten/product/wi616377,2026-07-28,Undurraga Undurraga Sauv Blanc 4 flessen,beer-wine aperitifs
498150,804606,Free Feather Rosé alcoholvrij,Free Feather,bier-wijn-aperitieven,"Bier, wijn, aperitieven",Alcoholvrij rose,4.29,4.29,,,,,"0,75 l",prijs per liter €5.72,False,,,,,C,True,AH,https://www.ah.nl/producten/product/wi498150,2026-07-28,Free Feather Rosé alcohol-free,beer-wine aperitifs
411744,855322,AH Excellent Selectie côtes de provence rosé,AH Excellent,bier-wijn-aperitieven,"Bier, wijn, aperitieven",Droge rosé,6.37,8.49,25.0,25% korting,,,"0,75 l",normale prijs per liter €11.32,True,AH,25% korting,2026-07-27,2026-08-02,,True,AH,https://www.ah.nl/producten/product/wi411744,2026-07-28,AH Excellent Selectie côtes de provence rosé,beer-wine aperitifs
515198,803345,Benediktiner Weissbier,Benediktiner,bier-wijn-aperitieven,"Bier, wijn, aperitieven",Wit en weizen,1.89,1.89,,,,,"0,5 l",prijs per liter €3.78,False,,,,,,True,AH,https://www.ah.nl/producten/product/wi515198,2026-07-28,Benedictine Weissbier,beer-wine aperitifs
425679,694474,Free Feather Merlot Alcoholvrij,Free Feather,bier-wijn-aperitieven,"Bier, wijn, aperitieven",Alcoholvrij rode wijn,4.29,4.29,,,,,"0,75 l",prijs per liter €5.72,False,,,,,C,True,AH,https://www.ah.nl/producten/product/wi425679,2026-07-28,Free Feather Merlot Alcohol-free,beer-wine aperitifs
615807,0,Adobe Adobe Rosé Reserva Org. 4 flessen,Adobe,bier-wijn-aperitieven,"Bier, wijn, aperitieven",Droge rosé,19.95,26.6,25.0,pakketkorting,,,4 stuks,,True,AHOO,,2026-07-28,2026-08-02,,True,AH,https://www.ah.nl/producten/product/wi615807,2026-07-28,Adobe Adobe Rosé Reserva Org. 4 bottles,beer-wine aperitifs
93739,388017,La Palma Chardonnay,La Palma,bier-wijn-aperitieven,"Bier, wijn, aperitieven",Chardonnay (Vol en droog),5.98,6.65,10.0,10% korting,,,"0,75 l",normale prijs per liter €8.87,True,AH,10% Gall & Gall Kaartkorting,,,,True,GALL,https://www.ah.nl/producten/product/wi93739,2026-07-28,La Palma Chardonnay,beer-wine aperitifs
584741,0,Campo Viejo Rioja tempranillo 6 flessen,Campo Viejo,bier-wijn-aperitieven,"Bier, wijn, aperitieven",Tempranillo (Stevig),39.37,43.74,10.0,10% volume voordeel,,,6 stuks,,True,AHOO,10% volume voordeel,2026-07-28,2999-12-31,,True,AH,https://www.ah.nl/producten/product/wi584741,2026-07-28,Campo Viejo Rioja tempranillo 6 flessen,beer-wine aperitifs
222355,813504,AH Stevige Chileense huiswijn rood,AH,bier-wijn-aperitieven,"Bier, wijn, aperitieven",Cabernet Sauvignon (Stevig),4.89,4.89,,,,,1 l,prijs per liter €4.89,False,,,,,,True,AH,https://www.ah.nl/producten/product/wi222355,2026-07-28,AH Strong Chilean house wine red,beer-wine aperitifs
238785,828321,Leffe Blond abdijbier 6-pack,Leffe,bier-wijn-aperitieven,"Bier, wijn, aperitieven",Blond bier,9.79,9.79,,,,,"6 x 0,33 l",prijs per liter €4.94,False,,,,,,True,AH,https://www.ah.nl/producten/product/wi238785,2026-07-28,Leffe Blond abbey beer 6-pack,beer-wine aperitifs
602602,0,Leffe Blond abdijbier 6-pack 2-pack,Leffe,bier-wijn-aperitieven,"Bier, wijn, aperitieven",Blond bier,17.62,19.58,10.0,10% volume voordeel,,,2 stuks,,True,AHOO,10% volume voordeel,2026-07-28,2999-12-31,,True,AH,https://www.ah.nl/producten/product/wi602602,2026-07-28,Leffe Blond abbey beer 6-pack 2-pack,beer-wine aperitifs
602601,0,Leffe Blond 0.0% abdijbier 12-pack,Leffe,bier-wijn-aperitieven,"Bier, wijn, aperitieven","Alcoholvrij blond, dubbel, tripel",15.82,17.58,10.0,10% volume voordeel,,,2 stuks,,True,AHOO,10% volume voordeel,2026-07-28,2999-12-31,,True,AH,https://www.ah.nl/producten/product/wi602601,2026-07-28,Leffe Blond 0.0% abdijbier 12-pack,beer-wine aperitifs
615122,0,S. Pellegrino Ciao peach 6-pack 4-pack,S. Pellegrino,bier-wijn-aperitieven,"Frisdrank, sappen, water",Craft en speciaal fris,25.91,27.56,6.0,6% volume voordeel,,,4 stuks,,True,AHOO,6% volume voordeel,2026-07-28,2999-12-31,,True,AH,https://www.ah.nl/producten/product/wi615122,2026-07-28,S. Pellegrino Ciao peach 6-pack 4-pack,beer-wine aperitifs
615123,0,S. Pellegrino Ciao peach 6-pack 8-pack,S. Pellegrino,bier-wijn-aperitieven,"Frisdrank, sappen, water",Craft en speciaal fris,49.61,55.12,10.0,10% volume voordeel,,,8 stuks,,True,AHOO,10% volume voordeel,2026-07-28,2999-12-31,,True,AH,https://www.ah.nl/producten/product/wi615123,2026-07-28,S. Pellegrino Ciao peach 6-pack 8-pack,beer-wine aperitifs
473517,726041, Grüner veltliner,,bier-wijn-aperitieven,"Bier, wijn, aperitieven",Grüner Veltliner (Fris en droog),4.75,4.75,,,,,"0,75 l",prijs per liter €6.33,False,,,,,,True,AH,https://www.ah.nl/producten/product/wi473517,2026-07-28,Grüner veltliner,beer-wine aperitifs
610150,0,Jever Fun Non-alcoholic beer 8-pack,Jever Fun,bier-wijn-aperitieven,"Bier, wijn, aperitieven",Alcoholvrij pils,8.44,9.38,10.0,10% volume voordeel,,,2 stuks,,True,AHOO,10% volume voordeel,2026-07-28,2999-12-31,,True,AH,https://www.ah.nl/producten/product/wi610150,2026-07-28,Jever Fun Non-alcoholic beer 8-pack,beer-wine aperitifs
586720,0,Free Feather Rosé alcoholvrij 6 flessen,Free Feather,bier-wijn-aperitieven,"Bier, wijn, aperitieven",Alcoholvrij rose,23.17,25.74,10.0,10% volume voordeel,,,6 stuks,,True,AHOO,10% volume voordeel,2026-07-28,2999-12-31,,True,AH,https://www.ah.nl/producten/product/wi586720,2026-07-28,Free Feather Rosé alcohol-free 6 bottles,beer-wine aperitifs
401920,850472,AH Vol & halfzoete Zuid-Afrikaanse rosé,AH,bier-wijn-aperitieven,"Bier, wijn, aperitieven",Lichtzoete rosé,4.89,4.89,,,,,1 l,prijs per liter €4.89,False,,,,,,True,AH,https://www.ah.nl/producten/product/wi401920,2026-07-28,AH Full & semi-sweet South African rosé,beer-wine aperitifs
614028,71571,AH Soda watermelon flavour,AH,bier-wijn-aperitieven,"Frisdrank, sappen, water",Craft en speciaal fris,0.89,0.89,,,,,250 ml,prijs per liter €3.56,False,,,,,D,True,AH,https://www.ah.nl/producten/product/wi614028,2026-07-28,AH Soda watermelon flavour,beer-wine aperitifs
616231,0,Hey you Hey you Sauvignon blanc 4 flessen,Hey you,bier-wijn-aperitieven,"Bier, wijn, aperitieven",Sauvignon Blanc (Fris en droog),18.96,19.96,5.0,5% volume voordeel,,,4 stuks,,True,AHOO,5% volume voordeel,2026-07-28,2999-12-31,,True,AH,https://www.ah.nl/producten/product/wi616231,2026-07-28,Hey you Hey you Sauvignon blanc 4 bottles,beer-wine aperitifs
210142,805682,Amstel Radler citroen bier 6-pack,Amstel,bier-wijn-aperitieven,"Bier, wijn, aperitieven",Radler,6.49,6.49,,,,,"6 x 0,33 l",prijs per liter €3.28,False,,,,,,True,AH,https://www.ah.nl/producten/product/wi210142,2026-07-28,Amstel Radler lemon beer 6-pack,beer-wine aperitifs
476865,729850,Fentimans Rose lemonade blik,Fentimans,bier-wijn-aperitieven,"Frisdrank, sappen, water",Craft en speciaal fris,1.79,1.79,,,,,250 ml,prijs per liter €7.16,False,,,,,D,True,AH,https://www.ah.nl/producten/product/wi476865,2026-07-28,Fentimans Rose lemonade tin,beer-wine aperitifs
606636,0,Amstel Radler citroen bier12-pack,Amstel,bier-wijn-aperitieven,"Bier, wijn, aperitieven",Radler,12.33,12.98,5.0,5% volume voordeel,,,2 stuks,,True,AHOO,5% volume voordeel,2026-07-28,2999-12-31,,True,AH,https://www.ah.nl/producten/product/wi606636,2026-07-28,Amstel Radler lemon beer12-pack,beer-wine aperitifs
616039,0,AH Excellent AH Excl Rueda Verdejo 4 flessen,AH Excellent,bier-wijn-aperitieven,"Bier, wijn, aperitieven",Verdejo (Fris en droog),20.97,27.96,25.0,pakketkorting,,,4 stuks,,True,AHOO,,2026-07-28,2026-08-02,,True,AH,https://www.ah.nl/producten/product/wi616039,2026-07-28,AH Excellent AH Excl Rueda Verdejo 4 bottles,beer-wine aperitifs
571523,12661,Peroni Nastro azzurro Italiaans bier 6-pack,Peroni,bier-wijn-aperitieven,"Bier, wijn, aperitieven",Pils fles,6.69,6.69,,,,,"6 x 0,33 l",prijs per liter €3.38,False,,,,,,True,AH,https://www.ah.nl/producten/product/wi571523,2026-07-28,Peroni Nastro azzurro Italiaans bier 6-pack,beer-wine aperitifs
616046,0,AH AH Franse rosé huiswijn 4 flessen,AH,bier-wijn-aperitieven,"Bier, wijn, aperitieven",Droge rosé,18.58,19.56,5.0,5% volume voordeel,,,4 stuks,,True,AHOO,5% volume voordeel,2026-07-28,2999-12-31,,True,AH,https://www.ah.nl/producten/product/wi616046,2026-07-28,AH AH French rosé house wine 4 bottles,beer-wine aperitifs
445543,707578,Duvel Blond 4-pack,Duvel,bier-wijn-aperitieven,"Bier, wijn, aperitieven",Blond bier,8.89,8.89,,,,,"4 x 0,33 l",prijs per liter €6.73,False,,,,,,True,AH,https://www.ah.nl/producten/product/wi445543,2026-07-28,Duvel Blonde 4-pack,beer-wine aperitifs
471192,723245,BrewDog Punk IPA alcohol free,BrewDog,bier-wijn-aperitieven,"Bier, wijn, aperitieven",Alcoholvrij IPA,2.19,2.19,,,,,"0,33 l",prijs per liter €6.64,False,,,,,B,True,AH,https://www.ah.nl/producten/product/wi471192,2026-07-28,BrewDog Punk IPA alcohol free,beer-wine aperitifs
562152,175,"Gebrouwen door vrouw Bloesem bluf 0,5%",Gebrouwen door vrouw,bier-wijn-aperitieven,"Bier, wijn, aperitieven","Alcoholvrij blond, dubbel, tripel",2.49,2.49,,,,,"0,33 l",prijs per liter €7.55,False,,,,,B,True,AH,https://www.ah.nl/producten/product/wi562152,2026-07-28,"Gebrouwen door vrouw Bloesem bluf 0,5%",beer-wine aperitifs
608362,65252,AH Kombucha gember kurkuma,AH,bier-wijn-aperitieven,"Frisdrank, sappen, water",Kombucha,1.79,1.79,,,,,330 ml,prijs per liter €5.42,False,,,,,C,True,AH,https://www.ah.nl/producten/product/wi608362,2026-07-28,AH Kombucha ginger turmeric,beer-wine aperitifs
623919,0,Duvel Duvel Blond 16-pack,Duvel,bier-wijn-aperitieven,"Bier, wijn, aperitieven",Blond bier,32.0,35.56,10.0,10% volume voordeel,,,4 stuks,,True,AHOO,10% volume voordeel,2026-07-28,2999-12-31,,True,AH,https://www.ah.nl/producten/product/wi623919,2026-07-28,Duvel Duvel Blond 16-pack,beer-wine aperitifs
169183,751558,Bavaria 0.0% Wit 6-pack,Bavaria,bier-wijn-aperitieven,"Bier, wijn, aperitieven","Alcoholvrij wit, weizen, radler",5.99,5.99,,1 + 1 gratis,,1.0,"6 x 0,33 l",normale prijs per liter €3.03,True,AH,1 + 1 gratis,2026-07-27,2026-08-02,C,True,AH,https://www.ah.nl/producten/product/wi169183,2026-07-28,Bavaria 0.0% White 6-pack,beer-wine aperitifs
548614,683504,Grolsch Zomertijd 0.0 speciaalbier 6-pack,Grolsch,bier-wijn-aperitieven,"Bier, wijn, aperitieven","Alcoholvrij blond, dubbel, tripel",6.99,6.99,,1 + 1 gratis,,1.0,"6 x 0,3 l",normale prijs per liter €3.88,True,AH,1 + 1 gratis,2026-07-27,2026-08-02,C,True,AH,https://www.ah.nl/producten/product/wi548614,2026-07-28,Grolsch Zomertijd 0.0 specialty beer 6-pack,beer-wine aperitifs
591502,0,AH Excellent côtes de provence rosé 6 flessen,AH Excellent,bier-wijn-aperitieven,"Bier, wijn, aperitieven",Droge rosé,38.2,50.94,25.0,pakketkorting,,,6 stuks,,True,AHOO,,2026-07-28,2026-08-02,,True,AH,https://www.ah.nl/producten/product/wi591502,2026-07-28,AH Excellent côtes de provence rosé 6 bottles,beer-wine aperitifs
525063,9367,Viverty Rosé sparkling alcoholvrij,Viverty,bier-wijn-aperitieven,"Bier, wijn, aperitieven",Alcoholvrij rose,3.99,5.29,24.6,voor 3.99,3.99,,"0,75 l",normale prijs per liter €7.05,True,AH,VOOR 3.99,2026-07-27,2026-08-02,B,True,AH,https://www.ah.nl/producten/product/wi525063,2026-07-28,Viverty Rosé sparkling alcohol-free,beer-wine aperitifs
610168,0,Uiltje Brewing Bird of prey 0.2% IPA 4-pack,Uiltje Brewing,bier-wijn-aperitieven,"Bier, wijn, aperitieven",Alcoholvrij IPA,9.68,10.76,10.0,10% volume voordeel,,,4 stuks,,True,AHOO,10% volume voordeel,2026-07-28,2999-12-31,,True,AH,https://www.ah.nl/producten/product/wi610168,2026-07-28,Uiltje Brewing Bird of prey 0.2% IPA 4-pack,beer-wine aperitifs
616275,0,Lindeman's Lindeman's SA Cab Sauv Merlot 4 flessen,Lindeman's,bier-wijn-aperitieven,"Bier, wijn, aperitieven",Cabernet Sauvignon (Soepel),20.1,21.16,5.0,5% volume voordeel,,,4 stuks,,True,AHOO,5% volume voordeel,2026-07-28,2999-12-31,,True,AH,https://www.ah.nl/producten/product/wi616275,2026-07-28,Lindeman's Lindeman's SA Cab Sauv Merlot 4 bottles,beer-wine aperitifs
610154,0,Leffe Blond 0.0% abdijbier 24-pack,Leffe,bier-wijn-aperitieven,"Bier, wijn, aperitieven","Alcoholvrij blond, dubbel, tripel",29.89,35.16,15.0,15% volume voordeel,,,4 stuks,,True,AHOO,15% volume voordeel,2026-07-28,2999-12-31,,True,AH,https://www.ah.nl/producten/product/wi610154,2026-07-28,Leffe Blond 0.0% abbey beer 24-pack,beer-wine aperitifs
55892,600922,Fantini Montepulciano d'abruzzo,Fantini,bier-wijn-aperitieven,"Bier, wijn, aperitieven",Overige rode wijn (Soepel),4.99,5.99,16.7,€1.00 euro korting,,,"0,75 l",normale prijs per liter €7.99,True,AH,1 euro korting,2026-07-27,2026-08-02,,True,AH,https://www.ah.nl/producten/product/wi55892,2026-07-28,Fantini Montepulciano d'abruzzo,beer-wine aperitifs
141653,537186,Fat bastard Chardonnay,Fat bastard,bier-wijn-aperitieven,"Bier, wijn, aperitieven",Chardonnay (Vol en droog),5.79,5.79,,,,,"0,75 l",prijs per liter €7.72,False,,,,,,True,AH,https://www.ah.nl/producten/product/wi141653,2026-07-28,Fat bastard Chardonnay,beer-wine aperitifs
616360,0,Stormhoek Stormhoek Moscato 4 flessen,Stormhoek,bier-wijn-aperitieven,"Bier, wijn, aperitieven",Moscato (Lichtzoet),20.1,21.16,5.0,5% volume voordeel,,,4 stuks,,True,AHOO,5% volume voordeel,2026-07-28,2999-12-31,,True,AH,https://www.ah.nl/producten/product/wi616360,2026-07-28,Stormhoek Stormhoek Moscato 4 bottles,beer-wine aperitifs
163552,632145,Flaxbourne Sauvignon blanc,Flaxbourne,bier-wijn-aperitieven,"Bier, wijn, aperitieven",Sauvignon Blanc (Fris en droog),7.99,7.99,,,,,"0,75 l",prijs per liter €10.65,False,,,,,,True,AH,https://www.ah.nl/producten/product/wi163552,2026-07-28,Flaxbourne Sauvignon Blanc,beer-wine aperitifs
616055,0,AH AH Merlot 4 flessen,AH,bier-wijn-aperitieven,"Bier, wijn, aperitieven",Rode wijn klein,9.08,9.56,5.0,5% volume voordeel,,,4 stuks,,True,AHOO,5% volume voordeel,2026-07-28,2999-12-31,,True,AH,https://www.ah.nl/producten/product/wi616055,2026-07-28,AH AH Merlot 4 flessen,beer-wine aperitifs
586344,0,Grüner Veltliner borrelwijn 6 flessen,Grüner Veltliner,bier-wijn-aperitieven,"Bier, wijn, aperitieven",Grüner Veltliner (Fris en droog),25.65,28.5,10.0,10% volume voordeel,,,6 stuks,,True,AHOO,10% volume voordeel,2026-07-28,2999-12-31,,True,AH,https://www.ah.nl/producten/product/wi586344,2026-07-28,Grüner Veltliner drinks wine 6 bottles,beer-wine aperitifs
586388,0,Free Feather Merlot Alcoholvrij 6 flessen,Free Feather,bier-wijn-aperitieven,"Bier, wijn, aperitieven",Alcoholvrij rode wijn,23.17,25.74,10.0,10% volume voordeel,,,6 stuks,,True,AHOO,10% volume voordeel,2026-07-28,2999-12-31,,True,AH,https://www.ah.nl/producten/product/wi586388,2026-07-28,Free Feather Merlot Alcoholvrij 6 flessen,beer-wine aperitifs
586902,0,Viverty  rose sparkling alcoholvrij 6 flessen,Viverty,bier-wijn-aperitieven,"Bier, wijn, aperitieven",Alcoholvrij rose,23.94,31.74,24.6,pakketkorting,,,6 stuks,,True,AHOO,,2026-07-28,2026-08-02,,True,AH,https://www.ah.nl/producten/product/wi586902,2026-07-28,Viverty rose sparkling alcohol-free 6 bottles,beer-wine aperitifs
591527,0,Hardys Bin 141 Colombard Chardonnay 6 flessen,Hardys,bier-wijn-aperitieven,"Bier, wijn, aperitieven",Overige witte wijn (Vol en droog),21.55,23.94,10.0,10% volume voordeel,,,6 stuks,,True,AHOO,10% volume voordeel,2026-07-28,2999-12-31,,True,AH,https://www.ah.nl/producten/product/wi591527,2026-07-28,Hardys Bin 141 Colombard Chardonnay 6 bottles,beer-wine aperitifs
586711,0,Fantini Montepulciano d'abruzzo 6 flessen,Fantini,bier-wijn-aperitieven,"Bier, wijn, aperitieven",Montepulciano (Soepel),29.94,35.94,16.7,pakketkorting,,,6 stuks,,True,AHOO,,2026-07-28,2026-08-02,,True,AH,https://www.ah.nl/producten/product/wi586711,2026-07-28,Fantini Montepulciano d'abruzzo 6 bottles,beer-wine aperitifs
601096,0,AH Stevige Chileense wijn rood 6 flessen,AH,bier-wijn-aperitieven,"Bier, wijn, aperitieven",Cabernet Sauvignon (Stevig),26.41,29.34,10.0,10% volume voordeel,,,6 stuks,,True,AHOO,10% volume voordeel,2026-07-28,2999-12-31,,True,AH,https://www.ah.nl/producten/product/wi601096,2026-07-28,AH Strong Chilean wine red 6 bottles,beer-wine aperitifs
238771,828292,Texels Springtij,Texels,bier-wijn-aperitieven,"Bier, wijn, aperitieven",Blond bier,1.87,2.49,25.0,25% korting,,,"0,33 l",normale prijs per liter €8.30,True,AH,25% korting,2026-07-27,2026-08-02,,True,AH,https://www.ah.nl/producten/product/wi238771,2026-07-28,Texel spring tide,beer-wine aperitifs
586716,0,Flaxbourne Sauvignon blanc 6 flessen,Flaxbourne,bier-wijn-aperitieven,"Bier, wijn, aperitieven",Sauvignon Blanc (Fris en droog),43.15,47.94,10.0,10% volume voordeel,,,6 stuks,,True,AHOO,10% volume voordeel,2026-07-28,2999-12-31,,True,AH,https://www.ah.nl/producten/product/wi586716,2026-07-28,Flaxbourne Sauvignon blanc 6 bottles,beer-wine aperitifs
600762,0,Peroni Nastro azzurro Italiaans bier 4x 6-pack,Peroni,bier-wijn-aperitieven,"Bier, wijn, aperitieven",Pils fles,20.07,26.76,25.0,25% volume voordeel,,,4 stuks,,True,AHOO,25% volume voordeel,2026-07-28,2999-12-31,,True,AH,https://www.ah.nl/producten/product/wi600762,2026-07-28,Peroni Nastro azzurro Italiaans bier 4x 6-pack,beer-wine aperitifs
608210,65106,Texels Skuumkoppe alcoholvrij tarwebier 6-pack,Texels,bier-wijn-aperitieven,"Bier, wijn, aperitieven","Alcoholvrij wit, weizen, radler",7.57,10.09,25.0,25% korting,,,"1,98 l",normale prijs per liter €5.10,True,AH,25% korting,2026-07-27,2026-08-02,C,True,AH,https://www.ah.nl/producten/product/wi608210,2026-07-28,Texels Skuumkoppe alcohol-free wheat beer 6-pack,beer-wine aperitifs
616428,0,AH AH Merlot 6 flessen,AH,bier-wijn-aperitieven,"Bier, wijn, aperitieven",Rode wijn klein,12.91,14.34,10.0,10% volume voordeel,,,6 stuks,,True,AHOO,10% volume voordeel,2026-07-28,2999-12-31,,True,AH,https://www.ah.nl/producten/product/wi616428,2026-07-28,AH AH Merlot 6 bottles,beer-wine aperitifs
93757,387614,Valdivieso Chardonnay,Valdivieso,bier-wijn-aperitieven,"Bier, wijn, aperitieven",Chardonnay (Vol en droog),4.99,6.65,25.0,ACTIE,,,"0,75 l",normale prijs per liter €8.87,True,GAOO,ACTIE,2026-07-13,2026-08-02,,True,GALL,https://www.ah.nl/producten/product/wi93757,2026-07-28,Valdivieso Chardonnay,beer-wine aperitifs
177810,639625,La Chouffe Blond 4-pack,La Chouffe,bier-wijn-aperitieven,"Bier, wijn, aperitieven",Blond bier,9.29,9.29,,,,,"4 x 0,33 l",prijs per liter €7.04,False,,,,,,True,AH,https://www.ah.nl/producten/product/wi177810,2026-07-28,La Chouffe Blonde 4-pack,beer-wine aperitifs
586371,0,Fat bastard Chardonnay 6 flessen,Fat bastard,bier-wijn-aperitieven,"Bier, wijn, aperitieven",Chardonnay (Fris en droog),31.27,34.74,10.0,10% volume voordeel,,,6 stuks,,True,AHOO,10% volume voordeel,2026-07-28,2999-12-31,,True,AH,https://www.ah.nl/producten/product/wi586371,2026-07-28,Fat bastard Chardonnay 6 bottles,beer-wine aperitifs
173807,771895,Heineken Premium pilsener draaidop 12-pack,Heineken,bier-wijn-aperitieven,"Bier, wijn, aperitieven",Pils fles,10.49,13.99,25.0,25% korting,,,"12 x 0,25 l",normale prijs per liter €4.66,True,AH,25% korting,2026-07-27,2026-08-02,,True,AH,https://www.ah.nl/producten/product/wi173807,2026-07-28,Heineken Premium pilsner twist cap 12-pack,beer-wine aperitifs
217368,810311,Camden park Chardonnay,Camden park,bier-wijn-aperitieven,"Bier, wijn, aperitieven",Chardonnay (Vol en droog),5.29,5.29,,,,,"0,75 l",prijs per liter €7.05,False,,,,,,True,AH,https://www.ah.nl/producten/product/wi217368,2026-07-28,Camden Park Chardonnay,beer-wine aperitifs
222373,813528,AH Sauvignon blanc,AH,bier-wijn-aperitieven,"Bier, wijn, aperitieven",Witte wijn klein,2.39,2.39,,,,,250 ml,prijs per liter €9.56,False,,,,,,True,AH,https://www.ah.nl/producten/product/wi222373,2026-07-28,AH Sauvignon Blanc,beer-wine aperitifs
518870,556157,S. Pellegrino Limonata 6-pack,S. Pellegrino,bier-wijn-aperitieven,"Frisdrank, sappen, water",Craft en speciaal fris,7.99,7.99,,,,,"6 x 0,33 l",prijs per liter €4.04,False,,,,,D,True,AH,https://www.ah.nl/producten/product/wi518870,2026-07-28,S. Pellegrino Limonata 6-pack,beer-wine aperitifs
601098,0,AH Vol & halfzoete SA rosé 6 flessen,AH,bier-wijn-aperitieven,"Bier, wijn, aperitieven",Lichtzoete rosé,26.41,29.34,10.0,10% volume voordeel,,,6 stuks,,True,AHOO,10% volume voordeel,2026-07-28,2999-12-31,,True,AH,https://www.ah.nl/producten/product/wi601098,2026-07-28,AH Full & semi-sweet SA rosé 6 bottles,beer-wine aperitifs
606651,0,Heineken Premium pilsener draaidop 24-pack,Heineken,bier-wijn-aperitieven,"Bier, wijn, aperitieven",Pils fles,20.98,27.98,25.0,pakketkorting,,,2 stuks,,True,AHOO,,2026-07-28,2026-08-02,,True,AH,https://www.ah.nl/producten/product/wi606651,2026-07-28,Heineken Premium pilsner twist cap 24-pack,beer-wine aperitifs
616028,0,AH Excellent Provence rosé 4 flessen,AH Excellent,bier-wijn-aperitieven,"Bier, wijn, aperitieven",Droge rosé,25.47,33.96,25.0,pakketkorting,,,4 stuks,,True,AHOO,,2026-07-28,2026-08-02,,True,AH,https://www.ah.nl/producten/product/wi616028,2026-07-28,AH Excellent Provence rosé 4 bottles,beer-wine aperitifs
616941,0,Mooi Kaap Droge Steen 4 flessen,Mooi Kaap,bier-wijn-aperitieven,"Bier, wijn, aperitieven",Overige witte wijn (Fris en droog),12.5,13.16,5.0,5% volume voordeel,,,4 stuks,,True,AHOO,5% volume voordeel,2026-07-28,2999-12-31,,True,AH,https://www.ah.nl/producten/product/wi616941,2026-07-28,Mooi Kaap Dry Stone 4 bottles,beer-wine aperitifs
234629,824540,Ulisse Pecorino terre di chieti,Ulisse,bier-wijn-aperitieven,"Bier, wijn, aperitieven",Pecorino (Vol en droog),9.99,9.99,,,,,"0,75 l",prijs per liter €13.32,False,,,,,,True,AH,https://www.ah.nl/producten/product/wi234629,2026-07-28,Ulisse Pecorino terre di chieti,beer-wine aperitifs
614030,71573,AH Soda passionfruit flavour,AH,bier-wijn-aperitieven,"Frisdrank, sappen, water",Craft en speciaal fris,0.89,0.89,,,,,250 ml,prijs per liter €3.56,False,,,,,D,True,AH,https://www.ah.nl/producten/product/wi614030,2026-07-28,AH Soda passionfruit flavour,beer-wine aperitifs
421182,693010,Grolsch Pilser alcoholvrij bier 0.0 6-pack,Grolsch,bier-wijn-aperitieven,"Bier, wijn, aperitieven",Alcoholvrij pils,5.99,5.99,,1 + 1 gratis,,1.0,"6 x 0,33 l",normale prijs per liter €3.03,True,AH,1 + 1 gratis,2026-07-27,2026-08-02,C,True,AH,https://www.ah.nl/producten/product/wi421182,2026-07-28,Grolsch Pilser non-alcoholic beer 0.0 6-pack,beer-wine aperitifs
440880,80922,Castaño Macabeo organic,Castaño,bier-wijn-aperitieven,"Bier, wijn, aperitieven",Overige witte wijn (Fris en droog),4.99,4.99,,,,,"0,75 l",prijs per liter €6.65,False,,,,,,True,AH,https://www.ah.nl/producten/product/wi440880,2026-07-28,Castaño Macabeo organic,beer-wine aperitifs
611312,0,Grolsch Pilser alcoholvrij bier 0.0 18-pack,Grolsch,bier-wijn-aperitieven,"Bier, wijn, aperitieven",Alcoholvrij pils,11.98,17.97,33.3,pakketkorting,,,3 stuks,,True,AHOO,,2026-07-28,2026-08-02,,True,AH,https://www.ah.nl/producten/product/wi611312,2026-07-28,Grolsch Pilser non-alcoholic beer 0.0 18-pack,beer-wine aperitifs
616128,0,Cave de Beblenheim Cave de Beblenheim Pinot Blanc 4 flessen,Cave de Beblenheim,bier-wijn-aperitieven,"Bier, wijn, aperitieven",Pinot Blanc (Fris en droog),19.96,23.96,16.7,pakketkorting,,,4 stuks,,True,AHOO,,2026-07-28,2026-08-02,,True,AH,https://www.ah.nl/producten/product/wi616128,2026-07-28,Cave de Beblenheim Cave de Beblenheim Pinot Blanc 4 bottles,beer-wine aperitifs
616374,0,Undurraga Undurraga Chardonnay 4 flessen,Undurraga,bier-wijn-aperitieven,"Bier, wijn, aperitieven",Chardonnay (Vol en droog),20.1,21.16,5.0,5% volume voordeel,,,4 stuks,,True,AHOO,5% volume voordeel,2026-07-28,2999-12-31,,True,AH,https://www.ah.nl/producten/product/wi616374,2026-07-28,Undurraga Undurraga Chardonnay 4 bottles,beer-wine aperitifs
387110,844586,Mooi Kaap Rosé,Mooi Kaap,bier-wijn-aperitieven,"Bier, wijn, aperitieven",Droge rosé,4.29,4.29,,,,,1 l,prijs per liter €4.29,False,,,,,,True,AH,https://www.ah.nl/producten/product/wi387110,2026-07-28,Beautiful Cape Rose,beer-wine aperitifs
623876,0,La Chouffe La Chouffe Blond 8pk,La Chouffe,bier-wijn-aperitieven,"Bier, wijn, aperitieven",Blond bier,17.65,18.58,5.0,5% volume voordeel,,,2 stuks,,True,AHOO,5% volume voordeel,2026-07-28,2999-12-31,,True,AH,https://www.ah.nl/producten/product/wi623876,2026-07-28,La Chouffe La Chouffe Blond 8pk,beer-wine aperitifs
583294,25822,Breezer Passionfruit mango,Breezer,bier-wijn-aperitieven,"Bier, wijn, aperitieven",Mixdranken,2.29,2.29,,,,,275 ml,prijs per liter €8.33,False,,,,,,True,AH,https://www.ah.nl/producten/product/wi583294,2026-07-28,Breezer Passionfruit mango,beer-wine aperitifs
586376,0, Camden park Chardonnay 6 flessen,,bier-wijn-aperitieven,"Bier, wijn, aperitieven",Chardonnay (Fris en droog),28.57,31.74,10.0,10% volume voordeel,,,6 stuks,,True,AHOO,10% volume voordeel,2026-07-28,2999-12-31,,True,AH,https://www.ah.nl/producten/product/wi586376,2026-07-28,Camden park Chardonnay 6 bottles,beer-wine aperitifs
446,538761,Grolsch Premium pilsner bier 6-pack,Grolsch,bier-wijn-aperitieven,"Bier, wijn, aperitieven",Pils blik,4.72,6.29,25.0,25% korting,,,"6 x 0,33 l",normale prijs per liter €3.18,True,AH,25% korting,2026-07-27,2026-08-02,,True,AH,https://www.ah.nl/producten/product/wi446,2026-07-28,Grolsch Premium pilsner beer 6-pack,beer-wine aperitifs
483372,154709,Riporta Pecorino,Riporta,bier-wijn-aperitieven,"Bier, wijn, aperitieven",Overige witte wijn (Fris en droog),7.99,7.99,,,,,"0,75 l",prijs per liter €10.65,False,,,,,,True,GALL,https://www.ah.nl/producten/product/wi483372,2026-07-28,Riporta Pecorino,beer-wine aperitifs
616107,0,Campo Viejo Campo Viejo Rioja Tempranillo 4 flessen,Campo Viejo,bier-wijn-aperitieven,"Bier, wijn, aperitieven",Tempranillo (Stevig),27.7,29.16,5.0,5% volume voordeel,,,4 stuks,,True,AHOO,5% volume voordeel,2026-07-28,2999-12-31,,True,AH,https://www.ah.nl/producten/product/wi616107,2026-07-28,Campo Viejo Campo Viejo Rioja Tempranillo 4 bottles,beer-wine aperitifs
168273,645522,Bacardi Razz & up,Bacardi,bier-wijn-aperitieven,"Bier, wijn, aperitieven",Mixdranken,2.49,2.49,,,,,250 ml,prijs per liter €9.96,False,,,,,,True,AH,https://www.ah.nl/producten/product/wi168273,2026-07-28,Bacardi Razz & up,beer-wine aperitifs
183474,771781,Terra viva Bio pinot grigio,Terra viva,bier-wijn-aperitieven,"Bier, wijn, aperitieven",Pinot Grigio (Fris en droog),5.49,6.49,15.4,€1.00 euro korting,,,"0,75 l",normale prijs per liter €8.65,True,AH,1.00 EURO KORTING,2026-07-27,2026-08-02,,True,AH,https://www.ah.nl/producten/product/wi183474,2026-07-28,Terra viva Bio pinot grigio,beer-wine aperitifs
511778,714214,AH Excellent Selectie chardonnay de dal,AH Excellent,bier-wijn-aperitieven,"Bier, wijn, aperitieven",Chardonnay (Vol en droog),5.24,6.99,25.0,25% korting,,,"0,75 l",normale prijs per liter €9.32,True,AH,25% korting,2026-07-27,2026-08-02,,True,AH,https://www.ah.nl/producten/product/wi511778,2026-07-28,AH Excellent Selection of chardonnay de dal,beer-wine aperitifs
616288,0,Marqués de Requena Marqués de Requena Brut 4 flessen,Marqués de Requena,bier-wijn-aperitieven,"Bier, wijn, aperitieven",Cava droog,25.27,26.6,5.0,5% volume voordeel,,,4 stuks,,True,AHOO,5% volume voordeel,2026-07-28,2999-12-31,,True,AH,https://www.ah.nl/producten/product/wi616288,2026-07-28,Marqués de Requena Marqués de Requena Brut 4 bottles,beer-wine aperitifs
616392,0,Viverty Viverty Rosé Sparkling 4 flessen,Viverty,bier-wijn-aperitieven,"Bier, wijn, aperitieven",Alcoholvrij rose,15.96,21.16,24.6,pakketkorting,,,4 stuks,,True,AHOO,,2026-07-28,2026-08-02,,True,AH,https://www.ah.nl/producten/product/wi616392,2026-07-28,Viverty Viverty Rosé Sparkling 4 bottles,beer-wine aperitifs
623931,0,La Chouffe La Chouffe Blond 16pk,La Chouffe,bier-wijn-aperitieven,"Bier, wijn, aperitieven",Blond bier,33.44,37.16,10.0,10% volume voordeel,,,4 stuks,,True,AHOO,10% volume voordeel,2026-07-28,2999-12-31,,True,AH,https://www.ah.nl/producten/product/wi623931,2026-07-28,La Chouffe La Chouffe Blond 16pk,beer-wine aperitifs
387221,844854,Galilei Hugo 0%,Galilei,bier-wijn-aperitieven,"Bier, wijn, aperitieven",Alcoholvrij bubbels,3.39,3.39,,,,,"0,75 l",prijs per liter €4.52,False,,,,,B,True,AH,https://www.ah.nl/producten/product/wi387221,2026-07-28,Galileo Hugo 0%,beer-wine aperitifs
411748,855327,Cono Sur Bicicleta chardonnay,Cono Sur,bier-wijn-aperitieven,"Bier, wijn, aperitieven",Chardonnay (Vol en droog),5.99,5.99,,,,,"0,75 l",prijs per liter €7.99,False,,,,,,True,AH,https://www.ah.nl/producten/product/wi411748,2026-07-28,Cono Sur Bicicleta chardonnay,beer-wine aperitifs
465843,716411,Viverty Sauvignon blanc alcoholvrij,Viverty,bier-wijn-aperitieven,"Bier, wijn, aperitieven",Alcoholvrij witte wijn,3.99,5.29,24.6,voor 3.99,3.99,,"0,75 l",normale prijs per liter €7.05,True,AH,VOOR 3.99,2026-07-27,2026-08-02,B,True,AH,https://www.ah.nl/producten/product/wi465843,2026-07-28,Viverty Sauvignon blanc alcohol-free,beer-wine aperitifs
576141,0,Castaño Macabeo organic 6 flessen,Castaño,bier-wijn-aperitieven,"Bier, wijn, aperitieven",Overige witte wijn (Fris en droog),26.95,29.94,10.0,10% volume voordeel,,,6 stuks,,True,AHOO,10% volume voordeel,2026-07-28,2999-12-31,,True,AH,https://www.ah.nl/producten/product/wi576141,2026-07-28,Castaño Macabeo organic 6 bottles,beer-wine aperitifs
580224,23528,Grolsch Premium pilsner 6-pack,Grolsch,bier-wijn-aperitieven,"Bier, wijn, aperitieven",Pils fles,3.74,4.99,25.0,25% korting,,,"6 x 0,3 l",normale prijs per liter €2.77,True,AH,25% korting,2026-07-27,2026-08-02,,True,AH,https://www.ah.nl/producten/product/wi580224,2026-07-28,Grolsch Premium pilsner 6-pack,beer-wine aperitifs
611313,0,Grolsch Pilser alcoholvrij bier 0.0 30-pack,Grolsch,bier-wijn-aperitieven,"Bier, wijn, aperitieven",Alcoholvrij pils,17.97,29.95,40.0,pakketkorting,,,5 stuks,,True,AHOO,,2026-07-28,2026-08-02,,True,AH,https://www.ah.nl/producten/product/wi611313,2026-07-28,Grolsch Pilser non-alcoholic beer 0.0 30-pack,beer-wine aperitifs
616932,0,Faszination Hugo 4 flessen,Faszination,bier-wijn-aperitieven,"Bier, wijn, aperitieven","Hugo, wijncocktail (Lichtzoet)",9.69,10.2,5.0,5% volume voordeel,,,4 stuks,,True,AHOO,5% volume voordeel,2026-07-28,2999-12-31,,True,AH,https://www.ah.nl/producten/product/wi616932,2026-07-28,Faszination Hugo 4 bottles,beer-wine aperitifs
492064,746775,Affligem Belgisch wit abdijbier 6-pack,Affligem,bier-wijn-aperitieven,"Bier, wijn, aperitieven",Wit en weizen,5.84,7.79,25.0,25% korting,,,"6 x 0,3 l",normale prijs per liter €4.33,True,AH,25% korting,2026-07-27,2026-08-02,,True,AH,https://www.ah.nl/producten/product/wi492064,2026-07-28,Affligem Belgian white abbey beer 6-pack,beer-wine aperitifs
586906,0,Ulisse Pecorino terre di chieti 6 flessen,Ulisse,bier-wijn-aperitieven,"Bier, wijn, aperitieven",Pecorino (Vol en droog),53.95,59.94,10.0,10% volume voordeel,,,6 stuks,,True,AHOO,10% volume voordeel,2026-07-28,2999-12-31,,True,AH,https://www.ah.nl/producten/product/wi586906,2026-07-28,Ulisse Pecorino terre di chieti 6 bottles,beer-wine aperitifs
606630,0,Affligem Belgisch wit abdijbier 12-pack,Affligem,bier-wijn-aperitieven,"Bier, wijn, aperitieven",Wit en weizen,11.68,15.58,25.0,pakketkorting,,,2 stuks,,True,AHOO,,2026-07-28,2026-08-02,,True,AH,https://www.ah.nl/producten/product/wi606630,2026-07-28,Affligem Belgian white abbey beer 12-pack,beer-wine aperitifs
543888,71515,"Soof Sparkling rose, cardamom, pear & apple",Soof,bier-wijn-aperitieven,"Frisdrank, sappen, water",Craft en speciaal fris,1.59,1.59,,,,,250 ml,prijs per liter €6.36,False,,,,,B,True,AH,https://www.ah.nl/producten/product/wi543888,2026-07-28,"Soof Sparkling rose, cardamom, pear & apple",beer-wine aperitifs
576154,0,AH Excellent De Dal chardonnay 6 flessen,AH Excellent,bier-wijn-aperitieven,"Bier, wijn, aperitieven",Chardonnay (Fris en droog),31.45,41.94,25.0,pakketkorting,,,6 stuks,,True,AHOO,,2026-07-28,2026-08-02,,True,AH,https://www.ah.nl/producten/product/wi576154,2026-07-28,AH Excellent De Dal chardonnay 6 bottles,beer-wine aperitifs
440705,704461,Castaño Monastrell organic,Castaño,bier-wijn-aperitieven,"Bier, wijn, aperitieven",Overige rode wijn (Stevig),4.99,4.99,,,,,"0,75 l",prijs per liter €6.65,False,,,,,,True,AH,https://www.ah.nl/producten/product/wi440705,2026-07-28,Castaño Monastrell organic,beer-wine aperitifs
583960,0,Viverty Sauvignon blanc alcoholvrij 6 flessen,Viverty,bier-wijn-aperitieven,"Bier, wijn, aperitieven",Sauvignon Blanc (Fris en droog),23.94,31.74,24.6,pakketkorting,,,6 stuks,,True,AHOO,,2026-07-28,2026-08-02,,True,AH,https://www.ah.nl/producten/product/wi583960,2026-07-28,Viverty Sauvignon blanc alcohol-free 6 bottles,beer-wine aperitifs
600767,0,S. Pellegrino Limonata 6-pack 2-pack,S. Pellegrino,bier-wijn-aperitieven,"Frisdrank, sappen, water",Craft en speciaal fris,14.38,15.98,10.0,10% volume voordeel,,,2 stuks,,True,AHOO,10% volume voordeel,2026-07-28,2999-12-31,,True,AH,https://www.ah.nl/producten/product/wi600767,2026-07-28,S. Pellegrino Limonata 6-pack 2-pack,beer-wine aperitifs
132716,129453,Arrogant Frog Ribet Pink Rosé Syrah,Arrogant Frog,bier-wijn-aperitieven,"Bier, wijn, aperitieven",Lichtzoete rosé,8.39,8.39,,2e Halve Prijs,,2.0,"0,75 l",normale prijs per liter €11.19,True,GAOO,2e Halve Prijs,2026-07-30,2026-08-02,,True,GALL,https://www.ah.nl/producten/product/wi132716,2026-07-28,Arrogant Frog Ribet Pink Rosé Syrah,beer-wine aperitifs
136422,526065,Hardys Chardonnay sauvignon blanc,Hardys,bier-wijn-aperitieven,"Bier, wijn, aperitieven",Chardonnay (Fris en droog),5.99,5.99,,,,,"0,75 l",prijs per liter €7.99,False,,,,,,True,AH,https://www.ah.nl/producten/product/wi136422,2026-07-28,Hardy's Chardonnay Sauvignon Blanc,beer-wine aperitifs
616954,0,Sarmentino Chardonnay 4 flessen,Sarmentino,bier-wijn-aperitieven,"Bier, wijn, aperitieven",Chardonnay (Vol en droog),14.78,15.56,5.0,5% volume voordeel,,,4 stuks,,True,AHOO,5% volume voordeel,2026-07-28,2999-12-31,,True,AH,https://www.ah.nl/producten/product/wi616954,2026-07-28,Sarmentino Chardonnay 4 bottles,beer-wine aperitifs
34361,92180,Undurraga Merlot,Undurraga,bier-wijn-aperitieven,"Bier, wijn, aperitieven",Merlot (Soepel),5.29,5.29,,,,,"0,75 l",prijs per liter €7.05,False,,,,,,True,AH,https://www.ah.nl/producten/product/wi34361,2026-07-28,Undurraga Merlot,beer-wine aperitifs
516336,64249,Lander bräu Radler lemon 0.0%,Lander bräu,bier-wijn-aperitieven,"Bier, wijn, aperitieven","Alcoholvrij wit, weizen, radler",0.99,0.99,,,,,"0,5 l",prijs per liter €1.98,False,,,,,C,True,AH,https://www.ah.nl/producten/product/wi516336,2026-07-28,Lander bräu Radler lemon 0.0%,beer-wine aperitifs
602476,54321,Stëlz Hard iced tea lemon peach 6-pack,Stëlz,bier-wijn-aperitieven,"Bier, wijn, aperitieven",Seltzers,8.47,11.29,25.0,25% korting,,,"6 x 0,25 l",normale prijs per liter €7.53,True,AH,25% korting,2026-07-27,2026-08-02,,True,AH,https://www.ah.nl/producten/product/wi602476,2026-07-28,Stëlz Hard iced tea lemon peach 6-pack,beer-wine aperitifs
614029,71572,AH Soda strawberry lemon flavour,AH,bier-wijn-aperitieven,"Frisdrank, sappen, water",Craft en speciaal fris,0.89,0.89,,,,,250 ml,prijs per liter €3.56,False,,,,,D,True,AH,https://www.ah.nl/producten/product/wi614029,2026-07-28,AH Soda strawberry lemon flavour,beer-wine aperitifs
387111,844587,Mooi Kaap Droë steen,Mooi Kaap,bier-wijn-aperitieven,"Bier, wijn, aperitieven",Overige witte wijn (Fris en droog),4.39,4.39,,,,,1 l,prijs per liter €4.39,False,,,,,,True,AH,https://www.ah.nl/producten/product/wi387111,2026-07-28,Beautiful Cape Droë stone,beer-wine aperitifs
515111,25595,Affligem Tripel abdijbier 6-pack,Affligem,bier-wijn-aperitieven,"Bier, wijn, aperitieven","Dubbel, tripel, quadrupel bier",7.31,9.75,25.0,25% korting,,,"6 x 0,3 l",normale prijs per liter €5.42,True,AH,25% korting,2026-07-27,2026-08-02,,True,AH,https://www.ah.nl/producten/product/wi515111,2026-07-28,Affligem Tripel abbey beer 6-pack,beer-wine aperitifs
606633,0,Affligem Tripel abdijbier 12-pack,Affligem,bier-wijn-aperitieven,"Bier, wijn, aperitieven","Dubbel, tripel, quadrupel bier",14.62,19.5,25.0,pakketkorting,,,2 stuks,,True,AHOO,,2026-07-28,2026-08-02,,True,AH,https://www.ah.nl/producten/product/wi606633,2026-07-28,Affligem Tripel abbey beer 12-pack,beer-wine aperitifs
611318,0,Grolsch Premium pilsner bier 30-pack,Grolsch,bier-wijn-aperitieven,"Bier, wijn, aperitieven",Pils blik,23.58,31.45,25.0,pakketkorting,,,5 stuks,,True,AHOO,,2026-07-28,2026-08-02,,True,AH,https://www.ah.nl/producten/product/wi611318,2026-07-28,Grolsch Premium pilsner beer 30-pack,beer-wine aperitifs
616178,0,Fantini Fantini Montepulciano 4 flessen,Fantini,bier-wijn-aperitieven,"Bier, wijn, aperitieven",Overige rode wijn (Soepel),19.96,23.96,16.7,pakketkorting,,,4 stuks,,True,AHOO,,2026-07-28,2026-08-02,,True,AH,https://www.ah.nl/producten/product/wi616178,2026-07-28,Fantini Fantini Montepulciano 4 bottles,beer-wine aperitifs
576152,0,Castaño Monastrell organic 6 flessen,Castaño,bier-wijn-aperitieven,"Bier, wijn, aperitieven",Overige rode wijn (Stevig),26.95,29.94,10.0,10% volume voordeel,,,6 stuks,,True,AHOO,10% volume voordeel,2026-07-28,2999-12-31,,True,AH,https://www.ah.nl/producten/product/wi576152,2026-07-28,Castaño Monastrell organic 6 flessen,beer-wine aperitifs
586722,0,Galilei Hugo 0% 6 flessen,Galilei,bier-wijn-aperitieven,"Bier, wijn, aperitieven",Alcoholvrij bubbels,18.31,20.34,10.0,10% volume voordeel,,,6 stuks,,True,AHOO,10% volume voordeel,2026-07-28,2999-12-31,,True,AH,https://www.ah.nl/producten/product/wi586722,2026-07-28,Galilei Hugo 0% 6 bottles,beer-wine aperitifs
586917,0,Cono Sur Bicicleta chardonnay 6 flessen,Cono Sur,bier-wijn-aperitieven,"Bier, wijn, aperitieven",Chardonnay (Fris en droog),32.35,35.94,10.0,10% volume voordeel,,,6 stuks,,True,AHOO,10% volume voordeel,2026-07-28,2999-12-31,,True,AH,https://www.ah.nl/producten/product/wi586917,2026-07-28,Cono Sur Bicicleta chardonnay 6 bottles,beer-wine aperitifs
608204,65102,Amstel Radler citroen 0.0 12-pack,Amstel,bier-wijn-aperitieven,"Bier, wijn, aperitieven",Radler,12.89,12.89,,,,,"3,96 l",prijs per liter €3.26,False,,,,,C,True,AH,https://www.ah.nl/producten/product/wi608204,2026-07-28,Amstel Radler lemon 0.0 12-pack,beer-wine aperitifs
365695,832686,Solatio Vino frizzante prosecco doc,Solatio,bier-wijn-aperitieven,"Bier, wijn, aperitieven",Prosecco droog,3.99,3.99,,,,,375 ml,prijs per liter €10.64,False,,,,,,True,AH,https://www.ah.nl/producten/product/wi365695,2026-07-28,Solatio Vino frizzante prosecco doc,beer-wine aperitifs
584909,0,Hardys Chardonnay sauvignon blanc 6 flessen,Hardys,bier-wijn-aperitieven,"Bier, wijn, aperitieven",Chardonnay (Fris en droog),32.35,35.94,10.0,10% volume voordeel,,,6 stuks,,True,AHOO,10% volume voordeel,2026-07-28,2999-12-31,,True,AH,https://www.ah.nl/producten/product/wi584909,2026-07-28,Hardys Chardonnay sauvignon blanc 6 bottles,beer-wine aperitifs
616195,0,Free Feather Free Feather Rosé AF 4 flessen,Free Feather,bier-wijn-aperitieven,"Bier, wijn, aperitieven",Alcoholvrij rose,16.3,17.16,5.0,5% volume voordeel,,,4 stuks,,True,AHOO,5% volume voordeel,2026-07-28,2999-12-31,,True,AH,https://www.ah.nl/producten/product/wi616195,2026-07-28,Free Feather Free Feather Rosé AF 4 bottles,beer-wine aperitifs
93759,387630,Valdivieso Sauvignon Blanc,Valdivieso,bier-wijn-aperitieven,"Bier, wijn, aperitieven",Sauvignon Blanc (Fris en droog),4.99,6.65,25.0,ACTIE,,,"0,75 l",normale prijs per liter €8.87,True,GAOO,ACTIE,2026-07-13,2026-08-02,,True,GALL,https://www.ah.nl/producten/product/wi93759,2026-07-28,Valdivieso Sauvignon Blanc,beer-wine aperitifs
611314,0,Grolsch Premium pilsner 18-pack,Grolsch,bier-wijn-aperitieven,"Bier, wijn, aperitieven",Pils fles,11.23,14.97,25.0,pakketkorting,,,3 stuks,,True,AHOO,,2026-07-28,2026-08-02,,True,AH,https://www.ah.nl/producten/product/wi611314,2026-07-28,Grolsch Premium pilsner 18-pack,beer-wine aperitifs
564069,2206,Cape Original Sauvignon blanc alcoholvrij,Cape Original,bier-wijn-aperitieven,"Bier, wijn, aperitieven",Alcoholvrij witte wijn,5.99,5.99,,,,,"0,75 l",prijs per liter €7.99,False,,,,,B,True,AH,https://www.ah.nl/producten/product/wi564069,2026-07-28,Cape Original Sauvignon Blanc alcohol-free,beer-wine aperitifs
601775,53912,Equinox Fiery ginger,Equinox,bier-wijn-aperitieven,"Frisdrank, sappen, water",Kombucha,1.69,1.69,,,,,250 ml,prijs per liter €6.76,False,,,,,C,True,AH,https://www.ah.nl/producten/product/wi601775,2026-07-28,Equinox Fiery ginger,beer-wine aperitifs
616111,0, Cape Original Sauv. Blanc AF 4 flessen,,bier-wijn-aperitieven,"Bier, wijn, aperitieven",Alcoholvrij witte wijn,22.76,23.96,5.0,5% volume voordeel,,,4 stuks,,True,AHOO,5% volume voordeel,2026-07-28,2999-12-31,,True,AH,https://www.ah.nl/producten/product/wi616111,2026-07-28,Cape Original Sauv. Blanc AF 4 bottles,beer-wine aperitifs
222360,813509,AH Vol & droge Zuid-Afrikaanse huiswijn wit,AH,bier-wijn-aperitieven,"Bier, wijn, aperitieven",Chardonnay (Vol en droog),4.99,4.99,,,,,1 l,prijs per liter €4.99,False,,,,,,True,AH,https://www.ah.nl/producten/product/wi222360,2026-07-28,AH Full & dry South African house wine white,beer-wine aperitifs
491924,746780,Hertog Jan Grand prestige 6-pack,Hertog Jan,bier-wijn-aperitieven,"Bier, wijn, aperitieven","Dubbel, tripel, quadrupel bier",10.39,10.39,,,,,"6 x 0,3 l",prijs per liter €5.77,False,,,,,,True,AH,https://www.ah.nl/producten/product/wi491924,2026-07-28,Hertog Jan Grand prestige 6-pack,beer-wine aperitifs
591531,0,Castaño Macabeo Bio 6 flessen,Castaño,bier-wijn-aperitieven,"Bier, wijn, aperitieven",Overige witte wijn (Fris en droog),26.95,29.94,10.0,10% volume voordeel,,,6 stuks,,True,AHOO,10% volume voordeel,2026-07-28,2999-12-31,,True,AH,https://www.ah.nl/producten/product/wi591531,2026-07-28,Castaño Macabeo Bio 6 bottles,beer-wine aperitifs
609330,68133,Stëlz Hard lemonade strawberry cassis 6-pack,Stëlz,bier-wijn-aperitieven,"Bier, wijn, aperitieven",Seltzers,8.47,11.29,25.0,25% korting,,,"1,5 l",normale prijs per liter €7.53,True,AH,25% korting,2026-07-27,2026-08-02,,True,AH,https://www.ah.nl/producten/product/wi609330,2026-07-28,Stëlz Hard lemonade strawberry cassis 6-pack,beer-wine aperitifs
611315,0,Grolsch Premium pilsner 30-pack,Grolsch,bier-wijn-aperitieven,"Bier, wijn, aperitieven",Pils fles,18.71,24.95,25.0,pakketkorting,,,5 stuks,,True,AHOO,,2026-07-28,2026-08-02,,True,AH,https://www.ah.nl/producten/product/wi611315,2026-07-28,Grolsch Premium pilsner 30-pack,beer-wine aperitifs
616093,0,Berberana Berberana Red Dragon Temp. 4 flessen,Berberana,bier-wijn-aperitieven,"Bier, wijn, aperitieven",Tempranillo (Soepel),15.16,15.96,5.0,5% volume voordeel,,,4 stuks,,True,AHOO,5% volume voordeel,2026-07-28,2999-12-31,,True,AH,https://www.ah.nl/producten/product/wi616093,2026-07-28,Berberana Berberana Red Dragon Temp. 4 bottles,beer-wine aperitifs
584892,0,Undurraga Merlot 6 flessen,Undurraga,bier-wijn-aperitieven,"Bier, wijn, aperitieven",Merlot (Soepel),28.57,31.74,10.0,10% volume voordeel,,,6 stuks,,True,AHOO,10% volume voordeel,2026-07-28,2999-12-31,,True,AH,https://www.ah.nl/producten/product/wi584892,2026-07-28,Undurraga Merlot 6 bottles,beer-wine aperitifs
593832,42255,Punchy Everyday hydration mango,Punchy,bier-wijn-aperitieven,"Frisdrank, sappen, water",Craft en speciaal fris,1.99,1.99,,,,,330 ml,prijs per liter €6.03,False,,,,,C,True,AH,https://www.ah.nl/producten/product/wi593832,2026-07-28,Punchy Everyday hydration mango,beer-wine aperitifs
132166,196673,Arrogant Frog Ribet white Chardonnay Viognier,Arrogant Frog,bier-wijn-aperitieven,"Bier, wijn, aperitieven",Chardonnay (Fris en droog),7.55,8.39,10.0,10% korting,,,"0,75 l",normale prijs per liter €11.19,True,AH,10% Gall & Gall Kaartkorting,,,,True,GALL,https://www.ah.nl/producten/product/wi132166,2026-07-28,Arrogant Frog Ribet white Chardonnay Viognier,beer-wine aperitifs
560572,889500,Hola! Sparkling brut alcoholvrij,Hola!,bier-wijn-aperitieven,"Bier, wijn, aperitieven",Alcoholvrij bubbels,6.99,6.99,,,,,"0,75 l",prijs per liter €9.32,False,,,,,C,True,AH,https://www.ah.nl/producten/product/wi560572,2026-07-28,Hello! Sparkling brut alcohol-free,beer-wine aperitifs
195779,795319,Rucio Sangria,Rucio,bier-wijn-aperitieven,"Bier, wijn, aperitieven",Overige rode wijn (Fruitig),2.99,2.99,,,,,1 l,prijs per liter €2.99,False,,,,,,True,AH,https://www.ah.nl/producten/product/wi195779,2026-07-28,Rucio Sangria,beer-wine aperitifs
616125,0,Castaño Castaño Monastrell Organic 4 flessen,Castaño,bier-wijn-aperitieven,"Bier, wijn, aperitieven",Overige rode wijn (Stevig),18.96,19.96,5.0,5% volume voordeel,,,4 stuks,,True,AHOO,5% volume voordeel,2026-07-28,2999-12-31,,True,AH,https://www.ah.nl/producten/product/wi616125,2026-07-28,Castaño Castaño Monastrell Organic 4 flessen,beer-wine aperitifs
440929,81103,Los Molinos Rood,Los Molinos,bier-wijn-aperitieven,"Bier, wijn, aperitieven","Rode wijntaps, pouch, bag in box",10.99,10.99,,,,,3 l,prijs per liter €3.66,False,,,,,,True,AH,https://www.ah.nl/producten/product/wi440929,2026-07-28,Los Molinos Red,beer-wine aperitifs
570707,11379,LYV Rosé,LYV,bier-wijn-aperitieven,"Bier, wijn, aperitieven",Droge rosé,8.99,8.99,,,,,"0,75 l",prijs per liter €11.99,False,,,,,,True,AH,https://www.ah.nl/producten/product/wi570707,2026-07-28,LYV Rose,beer-wine aperitifs
482994,742790,Warsteiner Alcoholvrij pilsener,Warsteiner,bier-wijn-aperitieven,"Bier, wijn, aperitieven",Alcoholvrij pils,5.99,5.99,,,,,"6 x 0,33 l",prijs per liter €3.03,False,,,,,C,True,AH,https://www.ah.nl/producten/product/wi482994,2026-07-28,Warsteiner Alcohol-free pilsner,beer-wine aperitifs
591612,39074,Sir. James 101 Passionfruit martini,Sir. James 101,bier-wijn-aperitieven,"Bier, wijn, aperitieven",Alcoholvrij aperitieven,2.19,2.19,,,,,250 ml,prijs per liter €8.76,False,,,,,E,True,AH,https://www.ah.nl/producten/product/wi591612,2026-07-28,Sir. James 101 Passionfruit martini,beer-wine aperitifs
608266,65105,Tripel Karmeliet 0.4% 3 granenbier 4-pack,Tripel Karmeliet,bier-wijn-aperitieven,"Bier, wijn, aperitieven","Alcoholvrij wit, weizen, radler",8.99,8.99,,,,,"1,32 l",prijs per liter €6.81,False,,,,,C,True,AH,https://www.ah.nl/producten/product/wi608266,2026-07-28,Tripel Karmeliet 0.4% 3 grain beer 4-pack,beer-wine aperitifs
611316,0,Grolsch Premium pilsner bier 18-pack,Grolsch,bier-wijn-aperitieven,"Bier, wijn, aperitieven",Pils blik,14.15,18.87,25.0,pakketkorting,,,3 stuks,,True,AHOO,,2026-07-28,2026-08-02,,True,AH,https://www.ah.nl/producten/product/wi611316,2026-07-28,Grolsch Premium pilsner beer 18-pack,beer-wine aperitifs
612889,0,Tripel Karmeliet Alcoholvrij 3 granenbier 8-pack,Tripel Karmeliet,bier-wijn-aperitieven,"Bier, wijn, aperitieven","Alcoholvrij wit, weizen, radler",15.28,17.98,15.0,15% volume voordeel,,,2 stuks,,True,AHOO,15% volume voordeel,2026-07-28,2999-12-31,,True,AH,https://www.ah.nl/producten/product/wi612889,2026-07-28,Tripel Karmeliet Alcohol-free 3 grain beer 8-pack,beer-wine aperitifs
616124,0,Castaño Castaño Macabeo Organic 4 flessen,Castaño,bier-wijn-aperitieven,"Bier, wijn, aperitieven",Overige witte wijn (Fris en droog),18.96,19.96,5.0,5% volume voordeel,,,4 stuks,,True,AHOO,5% volume voordeel,2026-07-28,2999-12-31,,True,AH,https://www.ah.nl/producten/product/wi616124,2026-07-28,Castaño Castaño Macabeo Organic 4 bottles,beer-wine aperitifs
548578,69740,"La Chouffe 0,0% 4-pack",La Chouffe,bier-wijn-aperitieven,"Bier, wijn, aperitieven","Alcoholvrij blond, dubbel, tripel",7.99,7.99,,,,,"4 x 0,33 l",prijs per liter €6.05,False,,,,,B,True,AH,https://www.ah.nl/producten/product/wi548578,2026-07-28,La Chouffe 0.0% 4-pack,beer-wine aperitifs
570660,11363,El Maestro Rood,El Maestro,bier-wijn-aperitieven,"Bier, wijn, aperitieven",Tempranillo (Soepel),4.29,5.29,18.9,€1.00 euro korting,,,"0,75 l",normale prijs per liter €7.05,True,AH,1 euro korting,2026-07-27,2026-08-02,,True,AH,https://www.ah.nl/producten/product/wi570660,2026-07-28,El Maestro Red,beer-wine aperitifs
587382,0,Hola! Cava brut alcoholvrij 6 flessen,Hola!,bier-wijn-aperitieven,"Bier, wijn, aperitieven",Alcoholvrij bubbels,37.75,41.94,10.0,10% volume voordeel,,,6 stuks,,True,AHOO,10% volume voordeel,2026-07-28,2999-12-31,,True,AH,https://www.ah.nl/producten/product/wi587382,2026-07-28,Hello! Cava brut alcohol-free 6 bottles,beer-wine aperitifs
616946,0,Mooi Kaap Rosé 6 flessen,Mooi Kaap,bier-wijn-aperitieven,"Bier, wijn, aperitieven",Droge rosé,23.17,25.74,10.0,10% volume voordeel,,,6 stuks,,True,AHOO,10% volume voordeel,2026-07-28,2999-12-31,,True,AH,https://www.ah.nl/producten/product/wi616946,2026-07-28,Beautiful Cape Rosé 6 bottles,beer-wine aperitifs
623895,0,"La Chouffe La Chouffe 0,4% 8-pack",La Chouffe,bier-wijn-aperitieven,"Bier, wijn, aperitieven","Alcoholvrij blond, dubbel, tripel",15.18,15.98,5.0,5% volume voordeel,,,2 stuks,,True,AHOO,5% volume voordeel,2026-07-28,2999-12-31,,True,AH,https://www.ah.nl/producten/product/wi623895,2026-07-28,La Chouffe La Chouffe 0.4% 8-pack,beer-wine aperitifs
222362,813511,AH Fris & droge Chileense huiswijn wit,AH,bier-wijn-aperitieven,"Bier, wijn, aperitieven",Sauvignon Blanc (Fris en droog),4.99,4.99,,,,,1 l,prijs per liter €4.99,False,,,,,,True,AH,https://www.ah.nl/producten/product/wi222362,2026-07-28,AH Fris & droge Chileense huiswijn wit,beer-wine aperitifs
568510,7510,Fever-Tree Sparkling pink grapefruit,Fever-Tree,bier-wijn-aperitieven,"Frisdrank, sappen, water",Craft en speciaal fris,1.29,1.29,,,,,250 ml,prijs per liter €5.16,False,,,,,D,True,AH,https://www.ah.nl/producten/product/wi568510,2026-07-28,Fever-Tree Sparkling pink grapefruit,beer-wine aperitifs
615844,0,Flaxbourne Flaxbourne Sauvignon blanc 4 flessen,Flaxbourne,bier-wijn-aperitieven,"Bier, wijn, aperitieven",Sauvignon Blanc (Fris en droog),30.36,31.96,5.0,5% volume voordeel,,,4 stuks,,True,AHOO,5% volume voordeel,2026-07-28,2999-12-31,,True,AH,https://www.ah.nl/producten/product/wi615844,2026-07-28,Flaxbourne Flaxbourne Sauvignon blanc 4 bottles,beer-wine aperitifs
616272,0,Lindeman's Lindeman's Bin 65 Chardonnay 4 flessen,Lindeman's,bier-wijn-aperitieven,"Bier, wijn, aperitieven",Chardonnay (Vol en droog),25.27,26.6,5.0,5% volume voordeel,,,4 stuks,,True,AHOO,5% volume voordeel,2026-07-28,2999-12-31,,True,AH,https://www.ah.nl/producten/product/wi616272,2026-07-28,Lindeman's Lindeman's Bin 65 Chardonnay 4 flessen,beer-wine aperitifs
491903,746287,Affligem Blond 0.0 abdijbier 6-pack,Affligem,bier-wijn-aperitieven,"Bier, wijn, aperitieven","Alcoholvrij blond, dubbel, tripel",6.74,8.99,25.0,25% korting,,,"6 x 0,33 l",normale prijs per liter €4.54,True,AH,25% korting,2026-07-27,2026-08-02,C,True,AH,https://www.ah.nl/producten/product/wi491903,2026-07-28,Affligem Blond 0.0 abbey beer 6-pack,beer-wine aperitifs
589075,0,LYV Rosé 6 flessen,LYV,bier-wijn-aperitieven,"Bier, wijn, aperitieven",Droge rosé,48.55,53.94,10.0,10% volume voordeel,,,6 stuks,,True,AHOO,10% volume voordeel,2026-07-28,2999-12-31,,True,AH,https://www.ah.nl/producten/product/wi589075,2026-07-28,LYV Rosé 6 bottles,beer-wine aperitifs
606631,0,Affligem Blond 0.0 abdijbier 12-pack,Affligem,bier-wijn-aperitieven,"Bier, wijn, aperitieven","Alcoholvrij blond, dubbel, tripel",13.48,17.98,25.0,pakketkorting,,,2 stuks,,True,AHOO,,2026-07-28,2026-08-02,,True,AH,https://www.ah.nl/producten/product/wi606631,2026-07-28,Affligem Blond 0.0 abbey beer 12-pack,beer-wine aperitifs
623929,0,"La Chouffe La Chouffe 0,4% 16-pack",La Chouffe,bier-wijn-aperitieven,"Bier, wijn, aperitieven","Alcoholvrij blond, dubbel, tripel",28.76,31.96,10.0,10% volume voordeel,,,4 stuks,,True,AHOO,10% volume voordeel,2026-07-28,2999-12-31,,True,AH,https://www.ah.nl/producten/product/wi623929,2026-07-28,La Chouffe La Chouffe 0.4% 16-pack,beer-wine aperitifs
591611,38901,Sir. James 101 Spritz aperitif,Sir. James 101,bier-wijn-aperitieven,"Bier, wijn, aperitieven",Alcoholvrij aperitieven,2.19,2.19,,,,,250 ml,prijs per liter €8.76,False,,,,,,True,AH,https://www.ah.nl/producten/product/wi591611,2026-07-28,Sir. James 101 Spritz aperitif,beer-wine aperitifs
616048,0,AH AH Vruchtenwijn framboos 3 flessen,AH,bier-wijn-aperitieven,"Bier, wijn, aperitieven",Overige witte wijn (Fris en droog),18.96,19.96,5.0,5% volume voordeel,,,4 stuks,,True,AHOO,5% volume voordeel,2026-07-28,2999-12-31,,True,AH,https://www.ah.nl/producten/product/wi616048,2026-07-28,AH AH Fruit wine raspberry 3 bottles,beer-wine aperitifs
468057,80410,Texels Tuunwal tripel speciaalbier,Texels,bier-wijn-aperitieven,"Bier, wijn, aperitieven","Dubbel, tripel, quadrupel bier",1.87,2.49,25.0,25% korting,,,"0,30 l",normale prijs per liter €8.30,True,AH,25% korting,2026-07-27,2026-08-02,,True,AH,https://www.ah.nl/producten/product/wi468057,2026-07-28,Texel Tuunwal tripel specialty beer,beer-wine aperitifs
608208,65104,Gulpener Korenwolf wit 0.0,Gulpener,bier-wijn-aperitieven,"Bier, wijn, aperitieven","Alcoholvrij wit, weizen, radler",1.69,1.69,,,,,250 ml,prijs per liter €6.76,False,,,,,C,True,AH,https://www.ah.nl/producten/product/wi608208,2026-07-28,Gulpener Korenwolf wit 0.0,beer-wine aperitifs
611345,0,Peroni Nastro azzurro Italiaans bier 18-pack,Peroni,bier-wijn-aperitieven,"Bier, wijn, aperitieven",Pils fles,18.06,20.07,10.0,10% volume voordeel,,,3 stuks,,True,AHOO,10% volume voordeel,2026-07-28,2999-12-31,,True,AH,https://www.ah.nl/producten/product/wi611345,2026-07-28,Peroni Nastro azzurro Italian beer 18-pack,beer-wine aperitifs
615903,0,Ulisse Ulisse Pecorino 4 flessen,Ulisse,bier-wijn-aperitieven,"Bier, wijn, aperitieven",Pecorino (Vol en droog),37.96,39.96,5.0,5% volume voordeel,,,4 stuks,,True,AHOO,5% volume voordeel,2026-07-28,2999-12-31,,True,AH,https://www.ah.nl/producten/product/wi615903,2026-07-28,Ulisse Ulisse Pecorino 4 bottles,beer-wine aperitifs
616032,0,AH Excellent Chardonnay de Dal 4 flessen,AH Excellent,bier-wijn-aperitieven,"Bier, wijn, aperitieven",Chardonnay (Vol en droog),20.97,27.96,25.0,pakketkorting,,,4 stuks,,True,AHOO,,2026-07-28,2026-08-02,,True,AH,https://www.ah.nl/producten/product/wi616032,2026-07-28,AH Excellent Chardonnay de Dal 4 bottles,beer-wine aperitifs
616283,0,Los Molinos Los Molinos Rood 4 flessen,Los Molinos,bier-wijn-aperitieven,"Bier, wijn, aperitieven","Rode wijntaps, pouch, bag in box",41.76,43.96,5.0,5% volume voordeel,,,4 stuks,,True,AHOO,5% volume voordeel,2026-07-28,2999-12-31,,True,AH,https://www.ah.nl/producten/product/wi616283,2026-07-28,Los Molinos Los Molinos Red 4 bottles,beer-wine aperitifs
616943,0,Mooi Kaap Droë Steen 6 flessen,Mooi Kaap,bier-wijn-aperitieven,"Bier, wijn, aperitieven",Overige witte wijn (Fris en droog),23.71,26.34,10.0,10% volume voordeel,,,6 stuks,,True,AHOO,10% volume voordeel,2026-07-28,2999-12-31,,True,AH,https://www.ah.nl/producten/product/wi616943,2026-07-28,Beautiful Kaap Droë Steen 6 bottles,beer-wine aperitifs
593833,42254,Punchy Everyday hydration blueberry,Punchy,bier-wijn-aperitieven,"Frisdrank, sappen, water",Craft en speciaal fris,1.99,1.99,,,,,330 ml,prijs per liter €6.03,False,,,,,C,True,AH,https://www.ah.nl/producten/product/wi593833,2026-07-28,Punchy Everyday hydration blueberry,beer-wine aperitifs
601097,0,AH Vol & droge SA wit 6 flessen,AH,bier-wijn-aperitieven,"Bier, wijn, aperitieven",Chardonnay (Vol en droog),26.95,29.94,10.0,10% volume voordeel,,,6 stuks,,True,AHOO,10% volume voordeel,2026-07-28,2999-12-31,,True,AH,https://www.ah.nl/producten/product/wi601097,2026-07-28,AH Full & dry SA white 6 bottles,beer-wine aperitifs
611346,0,Peroni Nastro azzurro Italiaans bier 30-pack,Peroni,bier-wijn-aperitieven,"Bier, wijn, aperitieven",Pils fles,28.43,33.45,15.0,15% volume voordeel,,,5 stuks,,True,AHOO,15% volume voordeel,2026-07-28,2999-12-31,,True,AH,https://www.ah.nl/producten/product/wi611346,2026-07-28,Peroni Nastro azzurro Italian beer 30-pack,beer-wine aperitifs
389420,846303,Apple Bandit Juicy apple cider 6-pack,Apple Bandit,bier-wijn-aperitieven,"Bier, wijn, aperitieven",Cider,7.69,7.69,,,,,"6 x 0,3 l",prijs per liter €4.27,False,,,,,,True,AH,https://www.ah.nl/producten/product/wi389420,2026-07-28,Apple Bandit Juicy apple cider 6-pack,beer-wine aperitifs
492078,746823,Amstel Pilsener bier 6-pack,Amstel,bier-wijn-aperitieven,"Bier, wijn, aperitieven",Pils blik,6.99,6.99,,,,,"6 x 0,5 l",prijs per liter €2.33,False,,,,,,True,AH,https://www.ah.nl/producten/product/wi492078,2026-07-28,Amstel Pilsener beer 6-pack,beer-wine aperitifs
606640,0,Apple Bandit Juicy apple cider 12-pack,Apple Bandit,bier-wijn-aperitieven,"Bier, wijn, aperitieven",Cider,14.61,15.38,5.0,5% volume voordeel,,,2 stuks,,True,AHOO,5% volume voordeel,2026-07-28,2999-12-31,,True,AH,https://www.ah.nl/producten/product/wi606640,2026-07-28,Apple Bandit Juicy apple cider 12-pack,beer-wine aperitifs
616056,0,AH AH Pinot Grigio 4 flessen,AH,bier-wijn-aperitieven,"Bier, wijn, aperitieven",Pinot Grigio (Fris en droog),17.82,18.76,5.0,5% volume voordeel,,,4 stuks,,True,AHOO,5% volume voordeel,2026-07-28,2999-12-31,,True,AH,https://www.ah.nl/producten/product/wi616056,2026-07-28,AH AH Pinot Grigio 4 bottles,beer-wine aperitifs
616507,0,Los Molinos Los Molinos Rood 6 flessen,Los Molinos,bier-wijn-aperitieven,"Bier, wijn, aperitieven","Rode wijntaps, pouch, bag in box",59.35,65.94,10.0,10% volume voordeel,,,6 stuks,,True,AHOO,10% volume voordeel,2026-07-28,2999-12-31,,True,AH,https://www.ah.nl/producten/product/wi616507,2026-07-28,Los Molinos Los Molinos Rood 6 flessen,beer-wine aperitifs
222351,813500,AH Fruitige Franse huiswijn rood,AH,bier-wijn-aperitieven,"Bier, wijn, aperitieven",Syrah/Shiraz (Fruitig),4.89,4.89,,,,,1 l,prijs per liter €4.89,False,,,,,,True,AH,https://www.ah.nl/producten/product/wi222351,2026-07-28,AH Fruity French house wine red,beer-wine aperitifs
231286,824108,Brand Weizen 6-pack,Brand,bier-wijn-aperitieven,"Bier, wijn, aperitieven",Wit en weizen,5.92,7.89,25.0,25% korting,,,"6 x 0,3 l",normale prijs per liter €4.38,True,AH,25% korting,2026-07-27,2026-08-02,,True,AH,https://www.ah.nl/producten/product/wi231286,2026-07-28,Brand Weizen 6-pack,beer-wine aperitifs
577925,0,AH sauvignon blanc 4-pack,AH,bier-wijn-aperitieven,"Bier, wijn, aperitieven",Witte wijn klein,9.08,9.56,5.0,5% volume voordeel,,,per stuk,,True,AHOO,5% volume voordeel,2026-07-28,2999-12-31,,True,AH,https://www.ah.nl/producten/product/wi577925,2026-07-28,AH sauvignon blanc 4-pack,beer-wine aperitifs
594061,42406,S. Pellegrino Aranciata rossa light 6-pack,S. Pellegrino,bier-wijn-aperitieven,"Frisdrank, sappen, water",Craft en speciaal fris,7.99,7.99,,,,,"1,98 l",prijs per liter €4.04,False,,,,,C,True,AH,https://www.ah.nl/producten/product/wi594061,2026-07-28,S. Pellegrino Aranciata rossa light 6-pack,beer-wine aperitifs
606646,0,Brand Weizen 12-pack,Brand,bier-wijn-aperitieven,"Bier, wijn, aperitieven",Wit en weizen,11.83,15.78,25.0,pakketkorting,,,2 stuks,,True,AHOO,,2026-07-28,2026-08-02,,True,AH,https://www.ah.nl/producten/product/wi606646,2026-07-28,Brand Weizen 12-pack,beer-wine aperitifs
615127,0,S. Pellegrino Limonata 6-pack 8-pack,S. Pellegrino,bier-wijn-aperitieven,"Frisdrank, sappen, water",Craft en speciaal fris,57.53,63.92,10.0,10% volume voordeel,,,8 stuks,,True,AHOO,10% volume voordeel,2026-07-28,2999-12-31,,True,AH,https://www.ah.nl/producten/product/wi615127,2026-07-28,S. Pellegrino Limonata 6-pack 8-pack,beer-wine aperitifs
65781,59371,Remy Pannier Rosé cuvée spéciale,Remy Pannier,bier-wijn-aperitieven,"Bier, wijn, aperitieven",Lichtzoete rosé,4.99,4.99,,,,,"0,75 l",prijs per liter €6.65,False,,,,,,True,AH,https://www.ah.nl/producten/product/wi65781,2026-07-28,Remy Pannier Rosé cuvée special,beer-wine aperitifs
492080,746825,Leffe Bruin 0.0% 6-pack,Leffe,bier-wijn-aperitieven,"Bier, wijn, aperitieven","Alcoholvrij blond, dubbel, tripel",7.69,7.69,,,,,"6 x 0,33 l",prijs per liter €3.88,False,,,,,C,True,AH,https://www.ah.nl/producten/product/wi492080,2026-07-28,Leffe Brown 0.0% 6-pack,beer-wine aperitifs
578908,22491,Oedipus Mannenliefde,Oedipus,bier-wijn-aperitieven,"Bier, wijn, aperitieven",Saison bier,2.79,2.79,,,,,330 ml,prijs per liter €8.45,False,,,,,,True,AH,https://www.ah.nl/producten/product/wi578908,2026-07-28,Oedipus Men's love,beer-wine aperitifs
588136,0,El Maestro Rood 6 flessen,El Maestro,bier-wijn-aperitieven,"Bier, wijn, aperitieven",Tempranillo (Soepel),25.74,31.74,18.9,pakketkorting,,,6 stuks,,True,AHOO,,2026-07-28,2026-08-02,,True,AH,https://www.ah.nl/producten/product/wi588136,2026-07-28,El Maestro Red 6 bottles,beer-wine aperitifs
589396,35404,Two Chefs Brewing Bon chef 0.5%,Two Chefs Brewing,bier-wijn-aperitieven,"Bier, wijn, aperitieven",Alcoholvrij IPA,2.39,2.39,,,,,330 ml,prijs per liter €7.24,False,,,,,C,True,AH,https://www.ah.nl/producten/product/wi589396,2026-07-28,Two Chefs Brewing Bon chef 0.5%,beer-wine aperitifs
590889,37819,De Verhulstjes Rose,De Verhulstjes,bier-wijn-aperitieven,"Bier, wijn, aperitieven",Droge rosé,7.99,7.99,,,,,"0,75 l",prijs per liter €10.65,False,,,,,,True,AH,https://www.ah.nl/producten/product/wi590889,2026-07-28,The Verhulstjes Rose,beer-wine aperitifs
597608,0,Oedipus Mannenliefde 4-pack,Oedipus,bier-wijn-aperitieven,"Bier, wijn, aperitieven",Saison bier,10.6,11.16,5.0,5% volume voordeel,,,4 stuks,,True,AHOO,5% volume voordeel,2026-07-28,2999-12-31,,True,AH,https://www.ah.nl/producten/product/wi597608,2026-07-28,Oedipus Men's Love 4-pack,beer-wine aperitifs
616238,0,Hola! Hola! Sparkling Brut AF 4 flessen,Hola!,bier-wijn-aperitieven,"Bier, wijn, aperitieven",Alcoholvrij bubbels,26.56,27.96,5.0,5% volume voordeel,,,4 stuks,,True,AHOO,5% volume voordeel,2026-07-28,2999-12-31,,True,AH,https://www.ah.nl/producten/product/wi616238,2026-07-28,Hello! Hello! Sparkling Brut AF 4 bottles,beer-wine aperitifs
616301,0,Moselland Spätlese 4 flessen,Moselland,bier-wijn-aperitieven,"Bier, wijn, aperitieven",Overige witte wijn (Lichtzoet),14.78,15.56,5.0,5% volume voordeel,,,4 stuks,,True,AHOO,5% volume voordeel,2026-07-28,2999-12-31,,True,AH,https://www.ah.nl/producten/product/wi616301,2026-07-28,Moselland Spätlese 4 bottles,beer-wine aperitifs
99202,539232,Brancott Estate sauvignon blanc,Brancott,bier-wijn-aperitieven,"Bier, wijn, aperitieven",Sauvignon Blanc (Fris en droog),8.79,8.79,,,,,"0,75 l",prijs per liter €11.72,False,,,,,,True,AH,https://www.ah.nl/producten/product/wi99202,2026-07-28,Brancott Estate sauvignon blanc,beer-wine aperitifs
608363,65253,AH Kombucha aardbei blauwe bes cranberry,AH,bier-wijn-aperitieven,"Frisdrank, sappen, water",Kombucha,1.79,1.79,,,,,330 ml,prijs per liter €5.42,False,,,,,C,True,AH,https://www.ah.nl/producten/product/wi608363,2026-07-28,AH Kombucha aardbei blauwe bes cranberry,beer-wine aperitifs
615842,0,El Maestro El Maestro Wit 4 flessen,El Maestro,bier-wijn-aperitieven,"Bier, wijn, aperitieven",Verdejo (Fris en droog),17.16,21.16,18.9,pakketkorting,,,4 stuks,,True,AHOO,,2026-07-28,2026-08-02,,True,AH,https://www.ah.nl/producten/product/wi615842,2026-07-28,El Maestro El Maestro Wit 4 flessen,beer-wine aperitifs
30291,69119,Hoegaarden Witbier 6-pack,Hoegaarden,bier-wijn-aperitieven,"Bier, wijn, aperitieven",Wit en weizen,7.99,7.99,,,,,"6 x 0,3 l",prijs per liter €4.44,False,,,,,,True,AH,https://www.ah.nl/producten/product/wi30291,2026-07-28,Hoegaarden Witbier 6-pack,beer-wine aperitifs
139788,600928,Fantini Puglia primitivo,Fantini,bier-wijn-aperitieven,"Bier, wijn, aperitieven",Overige rode wijn (Stevig),4.99,5.99,16.7,€1.00 euro korting,,,"0,75 l",normale prijs per liter €7.99,True,AH,1 euro korting,2026-07-27,2026-08-02,,True,AH,https://www.ah.nl/producten/product/wi139788,2026-07-28,Fantini Puglia primitivo,beer-wine aperitifs
365949,832982,Sarmentino Merlot,Sarmentino,bier-wijn-aperitieven,"Bier, wijn, aperitieven",Merlot (Soepel),3.55,3.55,,,,,"0,75 l",prijs per liter €4.73,False,,,,,,True,AH,https://www.ah.nl/producten/product/wi365949,2026-07-28,Sarmentino Merlot,beer-wine aperitifs
440708,704465,Fantini Puglia rosso,Fantini,bier-wijn-aperitieven,"Bier, wijn, aperitieven",Sangiovese (Soepel),4.99,5.99,16.7,€1.00 euro korting,,,"0,75 l",normale prijs per liter €7.99,True,AH,1 euro korting,2026-07-27,2026-08-02,,True,AH,https://www.ah.nl/producten/product/wi440708,2026-07-28,Fantini Puglia rosso,beer-wine aperitifs
588937,34861,Hertog Jan Pilsener bier 12-pack,Hertog Jan,bier-wijn-aperitieven,"Bier, wijn, aperitieven",Pils blik,13.99,13.99,,,,,"4,26 l",prijs per liter €3.28,False,,,,,,True,AH,https://www.ah.nl/producten/product/wi588937,2026-07-28,Hertog Jan Pilsener beer 12-pack,beer-wine aperitifs
613082,68516,Fantini Pinot grigio,Fantini,bier-wijn-aperitieven,"Bier, wijn, aperitieven",Pinot Grigio (Fris en droog),4.99,5.99,16.7,€1.00 euro korting,,,"0,75 l",normale prijs per liter €7.99,True,AH,1 euro korting,2026-07-27,2026-08-02,,True,AH,https://www.ah.nl/producten/product/wi613082,2026-07-28,Fantini Pinot grigio,beer-wine aperitifs
616281,0,Listel Listel Rosé 4 flessen,Listel,bier-wijn-aperitieven,"Bier, wijn, aperitieven",Droge rosé,21.62,22.76,5.0,5% volume voordeel,,,4 stuks,,True,AHOO,5% volume voordeel,2026-07-28,2999-12-31,,True,AH,https://www.ah.nl/producten/product/wi616281,2026-07-28,Listel Listel Rosé 4 bottles,beer-wine aperitifs
128671,563031,Lindeman's Bin 35 rosé,Lindeman's,bier-wijn-aperitieven,"Bier, wijn, aperitieven",Droge rosé,6.65,6.65,,,,,"0,75 l",prijs per liter €8.87,False,,,,,,True,AH,https://www.ah.nl/producten/product/wi128671,2026-07-28,Lindeman's Bin 35 rosé,beer-wine aperitifs
167842,644359,Wild Pig Sauvignon blanc,Wild Pig,bier-wijn-aperitieven,"Bier, wijn, aperitieven",Sauvignon Blanc (Fris en droog),5.99,5.99,,,,,"0,75 l",prijs per liter €7.99,False,,,,,,True,AH,https://www.ah.nl/producten/product/wi167842,2026-07-28,Wild Pig Sauvignon Blanc,beer-wine aperitifs
421157,692941,Viña Albali Wit,Viña Albali,bier-wijn-aperitieven,"Bier, wijn, aperitieven",Witte wijn klein,1.99,1.99,,,,,187 ml,prijs per liter €10.64,False,,,,,,True,AH,https://www.ah.nl/producten/product/wi421157,2026-07-28,Viña Albali White,beer-wine aperitifs
600765,0,S. Pellegrino Aranciata rossa light 6-pack 2-pack,S. Pellegrino,bier-wijn-aperitieven,"Frisdrank, sappen, water",Craft en speciaal fris,14.38,15.98,10.0,10% volume voordeel,,,2 stuks,,True,AHOO,10% volume voordeel,2026-07-28,2999-12-31,,True,AH,https://www.ah.nl/producten/product/wi600765,2026-07-28,S. Pellegrino Aranciata rossa light 6-pack 2-pack,beer-wine aperitifs
615126,0,S. Pellegrino Limonata 6-pack 4-pack,S. Pellegrino,bier-wijn-aperitieven,"Frisdrank, sappen, water",Craft en speciaal fris,30.04,31.96,6.0,6% volume voordeel,,,4 stuks,,True,AHOO,6% volume voordeel,2026-07-28,2999-12-31,,True,AH,https://www.ah.nl/producten/product/wi615126,2026-07-28,S. Pellegrino Limonata 6-pack 4-pack,beer-wine aperitifs
616070,0,AH AH ZA rosé halfzoet 4 flessen,AH,bier-wijn-aperitieven,"Bier, wijn, aperitieven",Lichtzoete rosé,18.58,19.56,5.0,5% volume voordeel,,,4 stuks,,True,AHOO,5% volume voordeel,2026-07-28,2999-12-31,,True,AH,https://www.ah.nl/producten/product/wi616070,2026-07-28,AH AH ZA rosé semi-sweet 4 bottles,beer-wine aperitifs
616153,0,Cono Sur Cono Sur Bicicleta Chardonnay 4 flessen,Cono Sur,bier-wijn-aperitieven,"Bier, wijn, aperitieven",Chardonnay (Vol en droog),22.76,23.96,5.0,5% volume voordeel,,,4 stuks,,True,AHOO,5% volume voordeel,2026-07-28,2999-12-31,,True,AH,https://www.ah.nl/producten/product/wi616153,2026-07-28,Cono Sur Cono Sur Bicicleta Chardonnay 4 bottles,beer-wine aperitifs
616273,0,Lindeman's Lindeman's Bin 85 Pinot G. 4 flessen,Lindeman's,bier-wijn-aperitieven,"Bier, wijn, aperitieven",Pinot Grigio (Fris en droog),25.27,26.6,5.0,5% volume voordeel,,,4 stuks,,True,AHOO,5% volume voordeel,2026-07-28,2999-12-31,,True,AH,https://www.ah.nl/producten/product/wi616273,2026-07-28,Lindeman's Lindeman's Bin 85 Pinot G. 4 flessen,beer-wine aperitifs
616375,0,Undurraga Undurraga Merlot 4 flessen,Undurraga,bier-wijn-aperitieven,"Bier, wijn, aperitieven",Merlot (Soepel),20.1,21.16,5.0,5% volume voordeel,,,4 stuks,,True,AHOO,5% volume voordeel,2026-07-28,2999-12-31,,True,AH,https://www.ah.nl/producten/product/wi616375,2026-07-28,Undurraga Undurraga Merlot 4 bottles,beer-wine aperitifs
128227,581806,Lindeman's Bin 95 sauvignon blanc,Lindeman's,bier-wijn-aperitieven,"Bier, wijn, aperitieven",Sauvignon Blanc (Fris en droog),6.65,6.65,,,,,"0,75 l",prijs per liter €8.87,False,,,,,,True,AH,https://www.ah.nl/producten/product/wi128227,2026-07-28,Lindeman's Bin 95 sauvignon blanc,beer-wine aperitifs
543893,55561,Sir. James 101 Pink gin&tonic,Sir. James 101,bier-wijn-aperitieven,"Bier, wijn, aperitieven",Mixdranken,2.19,2.19,,,,,250 ml,prijs per liter €8.76,False,,,,,E,True,AH,https://www.ah.nl/producten/product/wi543893,2026-07-28,Sir. James 101 Pink gin & tonic,beer-wine aperitifs
548604,724566,de Eeuwige Jeugd Vrijer blond 0.5%,de Eeuwige Jeugd,bier-wijn-aperitieven,"Bier, wijn, aperitieven","Alcoholvrij blond, dubbel, tripel",2.69,2.69,,,,,330 ml,prijs per liter €8.15,False,,,,,C,True,AH,https://www.ah.nl/producten/product/wi548604,2026-07-28,de Eeuwige Jeugd Vrijer blond 0.5%,beer-wine aperitifs
586708,0,Remy Pannier Rosé cuvée spéciale 6 flessen,Remy Pannier,bier-wijn-aperitieven,"Bier, wijn, aperitieven",Lichtzoete rosé,26.95,29.94,10.0,10% volume voordeel,,,6 stuks,,True,AHOO,10% volume voordeel,2026-07-28,2999-12-31,,True,AH,https://www.ah.nl/producten/product/wi586708,2026-07-28,Remy Pannier Rosé cuvée special 6 bottles,beer-wine aperitifs
626055,0,de Eeuwige Jeugd Vrijer blond 0.5% 12-pack,de Eeuwige Jeugd,bier-wijn-aperitieven,"Bier, wijn, aperitieven","Alcoholvrij blond, dubbel, tripel",27.44,32.28,15.0,15% volume voordeel,,,12 stuks,,True,AHOO,15% volume voordeel,2026-07-28,2999-12-31,,True,AH,https://www.ah.nl/producten/product/wi626055,2026-07-28,the Eternal Youth Freer blond 0.5% 12-pack,beer-wine aperitifs
626075,0,de Eeuwige Jeugd Vrijer blond 0.5% 4-pack,de Eeuwige Jeugd,bier-wijn-aperitieven,"Bier, wijn, aperitieven","Alcoholvrij blond, dubbel, tripel",10.22,10.76,5.0,5% volume voordeel,,,4 stuks,,True,AHOO,5% volume voordeel,2026-07-28,2999-12-31,,True,AH,https://www.ah.nl/producten/product/wi626075,2026-07-28,the Eternal Youth Freer blonde 0.5% 4-pack,beer-wine aperitifs
626090,0,de Eeuwige Jeugd Vrijer blond 0.5% 6-pack,de Eeuwige Jeugd,bier-wijn-aperitieven,"Bier, wijn, aperitieven","Alcoholvrij blond, dubbel, tripel",14.53,16.14,10.0,10% volume voordeel,,,6 stuks,,True,AHOO,10% volume voordeel,2026-07-28,2999-12-31,,True,AH,https://www.ah.nl/producten/product/wi626090,2026-07-28,de Eeuwige Jeugd Vrijer blond 0.5% 6-pack,beer-wine aperitifs
166919,642944,AH Biologisch Sauvignon blanc,AH Biologisch,bier-wijn-aperitieven,"Bier, wijn, aperitieven",Sauvignon Blanc (Fris en droog),4.99,4.99,,,,,"0,75 l",prijs per liter €6.65,False,,,,,,True,AH,https://www.ah.nl/producten/product/wi166919,2026-07-28,AH Organic Sauvignon Blanc,beer-wine aperitifs
222361,813510,AH Vol & droge Australische huiswijn wit,AH,bier-wijn-aperitieven,"Bier, wijn, aperitieven",Overige witte wijn (Vol en droog),4.99,4.99,,,,,1 l,prijs per liter €4.99,False,,,,,,True,AH,https://www.ah.nl/producten/product/wi222361,2026-07-28,AH Full & dry Australian house wine white,beer-wine aperitifs
225479,819383,Gulpener Biologische IPA 6-pack,Gulpener,bier-wijn-aperitieven,"Bier, wijn, aperitieven",IPA,7.99,7.99,,,,,"6 x 0,3 l",prijs per liter €4.44,False,,,,,,True,AH,https://www.ah.nl/producten/product/wi225479,2026-07-28,Gulpener Biologische IPA 6-pack,beer-wine aperitifs
440890,80989,Puklavec & Friends Sauvignon blanc & pinot grigio,Puklavec & Friends,bier-wijn-aperitieven,"Bier, wijn, aperitieven",Sauvignon Blanc (Fris en droog),7.29,7.29,,,,,"0,75 l",prijs per liter €9.72,False,,,,,,True,AH,https://www.ah.nl/producten/product/wi440890,2026-07-28,Puklavec & Friends Sauvignon blanc & pinot grigio,beer-wine aperitifs
585744,0,Brancott Estate sauvignon blanc 6 flessen,Brancott,bier-wijn-aperitieven,"Bier, wijn, aperitieven",Sauvignon Blanc (Fris en droog),47.47,52.74,10.0,10% volume voordeel,,,6 stuks,,True,AHOO,10% volume voordeel,2026-07-28,2999-12-31,,True,AH,https://www.ah.nl/producten/product/wi585744,2026-07-28,Brancott Estate sauvignon blanc 6 flessen,beer-wine aperitifs
598627,47397,Tripel Karmeliet Speciaalbier 12-pack,Tripel Karmeliet,bier-wijn-aperitieven,"Bier, wijn, aperitieven","Dubbel, tripel, quadrupel bier",14.99,14.99,,,,,3 l,prijs per liter €5.00,False,,,,,,True,AH,https://www.ah.nl/producten/product/wi598627,2026-07-28,Tripel Karmeliet Special Beer 12-pack,beer-wine aperitifs
601084,0,AH Fris & droge Chileens wit 6 flessen,AH,bier-wijn-aperitieven,"Bier, wijn, aperitieven",Sauvignon Blanc (Fris en droog),26.95,29.94,10.0,10% volume voordeel,,,6 stuks,,True,AHOO,10% volume voordeel,2026-07-28,2999-12-31,,True,AH,https://www.ah.nl/producten/product/wi601084,2026-07-28,AH Fresh & dry Chilean white 6 bottles,beer-wine aperitifs
617585,0,AH Biologisch Sauvignon blanc 4 flessen,AH Biologisch,bier-wijn-aperitieven,"Bier, wijn, aperitieven",Sauvignon Blanc (Fris en droog),18.96,19.96,5.0,5% volume voordeel,,,4 stuks,,True,AHOO,5% volume voordeel,2026-07-28,2999-12-31,,True,AH,https://www.ah.nl/producten/product/wi617585,2026-07-28,AH Organic Sauvignon Blanc 4 bottles,beer-wine aperitifs
617586,0,AH Biologisch Sauvignon blanc 6 flessen,AH Biologisch,bier-wijn-aperitieven,"Bier, wijn, aperitieven",Sauvignon Blanc (Fris en droog),26.95,29.94,10.0,10% volume voordeel,,,6 stuks,,True,AHOO,10% volume voordeel,2026-07-28,2999-12-31,,True,AH,https://www.ah.nl/producten/product/wi617586,2026-07-28,AH Organic Sauvignon Blanc 6 bottles,beer-wine aperitifs
140290,75115,Kasteelbier Bruin,Kasteelbier,bier-wijn-aperitieven,"Bier, wijn, aperitieven","Dubbel, tripel, quadrupel bier",2.35,2.35,,,,,330 ml,prijs per liter €7.12,False,,,,,,True,AH,https://www.ah.nl/producten/product/wi140290,2026-07-28,Castle Beer Brown,beer-wine aperitifs
576151,0,Fantini Puglia rosso 6 flessen,Fantini,bier-wijn-aperitieven,"Bier, wijn, aperitieven",Sangiovese (Soepel),29.94,35.94,16.7,pakketkorting,,,6 stuks,,True,AHOO,,2026-07-28,2026-08-02,,True,AH,https://www.ah.nl/producten/product/wi576151,2026-07-28,Fantini Puglia rosso 6 bottles,beer-wine aperitifs
584904,0,Lindeman's Bin 35 rosé 6 flessen,Lindeman's,bier-wijn-aperitieven,"Bier, wijn, aperitieven",Droge rosé,35.91,39.9,10.0,10% volume voordeel,,,6 stuks,,True,AHOO,10% volume voordeel,2026-07-28,2999-12-31,,True,AH,https://www.ah.nl/producten/product/wi584904,2026-07-28,Lindeman's Bin 35 rosé 6 bottles,beer-wine aperitifs
616103,0,Camden park Camden park Chardonnay 4 flessen,Camden park,bier-wijn-aperitieven,"Bier, wijn, aperitieven",Chardonnay (Vol en droog),20.1,21.16,5.0,5% volume voordeel,,,4 stuks,,True,AHOO,5% volume voordeel,2026-07-28,2999-12-31,,True,AH,https://www.ah.nl/producten/product/wi616103,2026-07-28,Camden park Camden park Chardonnay 4 bottles,beer-wine aperitifs
616225,0,Hardys Hardys Bin 141 Col. Chard. 4 flessen,Hardys,bier-wijn-aperitieven,"Bier, wijn, aperitieven",Chardonnay (Vol en droog),15.16,15.96,5.0,5% volume voordeel,,,4 stuks,,True,AHOO,5% volume voordeel,2026-07-28,2999-12-31,,True,AH,https://www.ah.nl/producten/product/wi616225,2026-07-28,Hardys Hardys Bin 141 Col. Chard. 4 bottles,beer-wine aperitifs
584890,0,Lindeman's Bin 95 sauvignon blanc 6 flessen,Lindeman's,bier-wijn-aperitieven,"Bier, wijn, aperitieven",Sauvignon Blanc (Vol en droog),35.91,39.9,10.0,10% volume voordeel,,,6 stuks,,True,AHOO,10% volume voordeel,2026-07-28,2999-12-31,,True,AH,https://www.ah.nl/producten/product/wi584890,2026-07-28,Lindeman's Bin 95 sauvignon blanc 6 flessen,beer-wine aperitifs
586330,0,Mooi Kaap Droë rooi 6 flessen,Mooi Kaap,bier-wijn-aperitieven,"Bier, wijn, aperitieven",Overige rode wijn (Soepel),17.77,19.74,10.0,10% volume voordeel,,,6 stuks,,True,AHOO,10% volume voordeel,2026-07-28,2999-12-31,,True,AH,https://www.ah.nl/producten/product/wi586330,2026-07-28,Mooi Kaap Droë rooi 6 bottles,beer-wine aperitifs
616193,0,Free Feather Free Feather Merlot AF 4 flessen,Free Feather,bier-wijn-aperitieven,"Bier, wijn, aperitieven",Alcoholvrij rode wijn,16.3,17.16,5.0,5% volume voordeel,,,4 stuks,,True,AHOO,5% volume voordeel,2026-07-28,2999-12-31,,True,AH,https://www.ah.nl/producten/product/wi616193,2026-07-28,Free Feather Free Feather Merlot AF 4 bottles,beer-wine aperitifs
616465,0,De Verhulstjes De Verhulstjes Rosé 6 flessen,De Verhulstjes,bier-wijn-aperitieven,"Bier, wijn, aperitieven",Droge rosé,43.15,47.94,10.0,10% volume voordeel,,,6 stuks,,True,AHOO,10% volume voordeel,2026-07-28,2999-12-31,,True,AH,https://www.ah.nl/producten/product/wi616465,2026-07-28,De Verhulstjes De Verhulstjes Rosé 6 bottles,beer-wine aperitifs
160504,627003,Stormhoek Cape rosé,Stormhoek,bier-wijn-aperitieven,"Bier, wijn, aperitieven",Droge rosé,5.29,5.29,,,,,"0,75 l",prijs per liter €7.05,False,,,,,,True,AH,https://www.ah.nl/producten/product/wi160504,2026-07-28,Stormhoek Cape rosé,beer-wine aperitifs
238774,828299,Brand IPA 6-pack,Brand,bier-wijn-aperitieven,"Bier, wijn, aperitieven",IPA,6.74,8.99,25.0,25% korting,,,"6 x 0,3 l",normale prijs per liter €4.99,True,AH,25% korting,2026-07-27,2026-08-02,,True,AH,https://www.ah.nl/producten/product/wi238774,2026-07-28,Brand IPA 6-pack,beer-wine aperitifs
548564,587331,Brouwers Cerveza fresca 6-pack,Brouwers,bier-wijn-aperitieven,"Bier, wijn, aperitieven",Mexicaans bier,5.39,5.39,,,,,"6 x 0,33 l",prijs per liter €2.72,False,,,,,,True,AH,https://www.ah.nl/producten/product/wi548564,2026-07-28,Brewers Cerveza fresca 6-pack,beer-wine aperitifs
586715,0,Puklavec & Friends sauvignon blanc & pinot grigio 6 flessen,Puklavec & Friends,bier-wijn-aperitieven,"Bier, wijn, aperitieven",Sauvignon Blanc (Fris en droog),39.37,43.74,10.0,10% volume voordeel,,,6 stuks,,True,AHOO,10% volume voordeel,2026-07-28,2999-12-31,,True,AH,https://www.ah.nl/producten/product/wi586715,2026-07-28,Puklavec & Friends sauvignon blanc & pinot grigio 6 bottles,beer-wine aperitifs
606643,0,Brand IPA 12-pack,Brand,bier-wijn-aperitieven,"Bier, wijn, aperitieven",IPA,13.48,17.98,25.0,pakketkorting,,,2 stuks,,True,AHOO,,2026-07-28,2026-08-02,,True,AH,https://www.ah.nl/producten/product/wi606643,2026-07-28,Brand IPA 12-pack,beer-wine aperitifs
616207,0,Galilei Galilei Hugo 0% 4 flessen,Galilei,bier-wijn-aperitieven,"Bier, wijn, aperitieven",Alcoholvrij bubbels,12.88,13.56,5.0,5% volume voordeel,,,4 stuks,,True,AHOO,5% volume voordeel,2026-07-28,2999-12-31,,True,AH,https://www.ah.nl/producten/product/wi616207,2026-07-28,Galilei Galilei Hugo 0% 4 bottles,beer-wine aperitifs
616429,0,AH AH Sauvignon Blanc 6 flessen,AH,bier-wijn-aperitieven,"Bier, wijn, aperitieven",Witte wijn klein,12.91,14.34,10.0,10% volume voordeel,,,6 stuks,,True,AHOO,10% volume voordeel,2026-07-28,2999-12-31,,True,AH,https://www.ah.nl/producten/product/wi616429,2026-07-28,AH AH Sauvignon Blanc 6 flessen,beer-wine aperitifs
284,30816,Chiarli 1860 Lambrusco bianco,Chiarli 1860,bier-wijn-aperitieven,"Bier, wijn, aperitieven",Overige witte wijn (Lichtzoet),2.65,2.65,,,,,"0,75 l",prijs per liter €3.53,False,,,,,,True,AH,https://www.ah.nl/producten/product/wi284,2026-07-28,Chiarli 1860 Lambrusco bianco,beer-wine aperitifs
570834,10970,Hola! Barcelona organic brut cava,Hola!,bier-wijn-aperitieven,"Bier, wijn, aperitieven",Mousserend klein,3.39,3.39,,,,,200 ml,prijs per liter €16.95,False,,,,,,True,AH,https://www.ah.nl/producten/product/wi570834,2026-07-28,Hello! Barcelona organic brut cava,beer-wine aperitifs
615843,0,Fat bastard Fat bastard Chardonnay 4 flessen,Fat bastard,bier-wijn-aperitieven,"Bier, wijn, aperitieven",Chardonnay (Vol en droog),22.0,23.16,5.0,5% volume voordeel,,,4 stuks,,True,AHOO,5% volume voordeel,2026-07-28,2999-12-31,,True,AH,https://www.ah.nl/producten/product/wi615843,2026-07-28,Fat bastard Fat bastard Chardonnay 4 bottles,beer-wine aperitifs
616065,0,AH AH Chileense rode huiswijn 4 flessen,AH,bier-wijn-aperitieven,"Bier, wijn, aperitieven",Cabernet Sauvignon (Stevig),18.58,19.56,5.0,5% volume voordeel,,,4 stuks,,True,AHOO,5% volume voordeel,2026-07-28,2999-12-31,,True,AH,https://www.ah.nl/producten/product/wi616065,2026-07-28,AH AH Chilean red house wine 4 bottles,beer-wine aperitifs
616945,0,Mooi Kaap Rosé 4 flessen,Mooi Kaap,bier-wijn-aperitieven,"Bier, wijn, aperitieven",Droge rosé,16.3,17.16,5.0,5% volume voordeel,,,4 stuks,,True,AHOO,5% volume voordeel,2026-07-28,2999-12-31,,True,AH,https://www.ah.nl/producten/product/wi616945,2026-07-28,Beautiful Cape Rosé 4 bottles,beer-wine aperitifs
63576,524690,Grimbergen Blond fles 6x30cl,Grimbergen,bier-wijn-aperitieven,"Bier, wijn, aperitieven",Blond bier,7.99,7.99,,,,,"6 x 0,3 l",prijs per liter €4.44,False,,,,,,True,AH,https://www.ah.nl/producten/product/wi63576,2026-07-28,Grimbergen Blonde bottle 6x30cl,beer-wine aperitifs
222372,813526,AH Vol & droge Zuid-Afrikaanse huiswijn wit,AH,bier-wijn-aperitieven,"Bier, wijn, aperitieven",Witte wijn klein,2.39,2.39,,,,,250 ml,prijs per liter €9.56,False,,,,,,True,AH,https://www.ah.nl/producten/product/wi222372,2026-07-28,AH Full & dry South African house wine white,beer-wine aperitifs
222376,813657,AH Fris & droge Zuid-Afrikaanse wijntap wit,AH,bier-wijn-aperitieven,"Bier, wijn, aperitieven","Witte wijntaps, pouch, bag in box",11.99,11.99,,,,,3 l,prijs per liter €4.00,False,,,,,,True,AH,https://www.ah.nl/producten/product/wi222376,2026-07-28,AH Fresh & dry South African wine tap white,beer-wine aperitifs
584887,0,Wild Pig Sauvignon blanc 6 flessen,Wild Pig,bier-wijn-aperitieven,"Bier, wijn, aperitieven",Sauvignon Blanc (Vol en droog),32.35,35.94,10.0,10% volume voordeel,,,6 stuks,,True,AHOO,10% volume voordeel,2026-07-28,2999-12-31,,True,AH,https://www.ah.nl/producten/product/wi584887,2026-07-28,Wild Pig Sauvignon blanc 6 bottles,beer-wine aperitifs
601088,0,AH Fruitige Franse huiswijn rood 6 flessen,AH,bier-wijn-aperitieven,"Bier, wijn, aperitieven",Syrah/Shiraz (Fruitig),26.41,29.34,10.0,10% volume voordeel,,,6 stuks,,True,AHOO,10% volume voordeel,2026-07-28,2999-12-31,,True,AH,https://www.ah.nl/producten/product/wi601088,2026-07-28,AH Fruity French house wine red 6 bottles,beer-wine aperitifs
611296,0,Grimbergen Blond fles 18-pack,Grimbergen,bier-wijn-aperitieven,"Bier, wijn, aperitieven",Blond bier,21.57,23.97,10.0,10% volume voordeel,,,3 stuks,,True,AHOO,10% volume voordeel,2026-07-28,2999-12-31,,True,AH,https://www.ah.nl/producten/product/wi611296,2026-07-28,Grimbergen Blonde bottle 18-pack,beer-wine aperitifs
616060,0,AH AH Sauvignon blanc 4 flessen,AH,bier-wijn-aperitieven,"Bier, wijn, aperitieven",Witte wijn klein,9.08,9.56,5.0,5% volume voordeel,,,4 stuks,,True,AHOO,5% volume voordeel,2026-07-28,2999-12-31,,True,AH,https://www.ah.nl/producten/product/wi616060,2026-07-28,AH AH Sauvignon blanc 4 bottles,beer-wine aperitifs
616536,0,Viña Albali Viña Albali Wit 6 flessen,Viña Albali,bier-wijn-aperitieven,"Bier, wijn, aperitieven",Witte wijn klein,10.75,11.94,10.0,10% volume voordeel,,,6 stuks,,True,AHOO,10% volume voordeel,2026-07-28,2999-12-31,,True,AH,https://www.ah.nl/producten/product/wi616536,2026-07-28,Viña Albali Viña Albali White 6 bottles,beer-wine aperitifs
568465,7577,Wostok Dadel-granaatappel,Wostok,bier-wijn-aperitieven,"Frisdrank, sappen, water",Craft en speciaal fris,1.89,1.89,,,,,330 ml,prijs per liter €5.73,False,,,,,E,True,AH,https://www.ah.nl/producten/product/wi568465,2026-07-28,Wostok Date-Pomegranate,beer-wine aperitifs
574223,15835,Stëlz Hard iced tea green tea lemon,Stëlz,bier-wijn-aperitieven,"Bier, wijn, aperitieven",Seltzers,1.79,2.39,25.0,25% korting,,,250 ml,normale prijs per liter €9.56,True,AH,25% korting,2026-07-27,2026-08-02,,True,AH,https://www.ah.nl/producten/product/wi574223,2026-07-28,Stëlz Hard iced tea green tea lemon,beer-wine aperitifs
602475,54310,Stëlz Hard iced tea mango lychee 4-pack,Stëlz,bier-wijn-aperitieven,"Bier, wijn, aperitieven",Seltzers,6.37,8.49,25.0,25% korting,,,1 l,normale prijs per liter €8.49,True,AH,25% korting,2026-07-27,2026-08-02,,True,AH,https://www.ah.nl/producten/product/wi602475,2026-07-28,Stëlz Hard iced tea mango lychee 4-pack,beer-wine aperitifs
616166,0,De Verhulstjes De Verhulstjes Rose 4 flessen,De Verhulstjes,bier-wijn-aperitieven,"Bier, wijn, aperitieven",Droge rosé,30.36,31.96,5.0,5% volume voordeel,,,4 stuks,,True,AHOO,5% volume voordeel,2026-07-28,2999-12-31,,True,AH,https://www.ah.nl/producten/product/wi616166,2026-07-28,De Verhulstjes De Verhulstjes Rose 4 flessen,beer-wine aperitifs
66048,538331,Casillero del Diablo Cabernet sauvignon reserva,Casillero del Diablo,bier-wijn-aperitieven,"Bier, wijn, aperitieven",Cabernet Sauvignon (Stevig),6.99,6.99,,,,,"0,75 l",prijs per liter €9.32,False,,,,,,True,AH,https://www.ah.nl/producten/product/wi66048,2026-07-28,Casillero del Diablo Cabernet Sauvignon Reserve,beer-wine aperitifs
93758,387622,Valdivieso Merlot,Valdivieso,bier-wijn-aperitieven,"Bier, wijn, aperitieven",Merlot (Soepel),4.99,6.65,25.0,ACTIE,,,"0,75 l",normale prijs per liter €8.87,True,GAOO,ACTIE,2026-07-13,2026-08-02,,True,GALL,https://www.ah.nl/producten/product/wi93758,2026-07-28,Valdivieso Merlot,beer-wine aperitifs
166918,642943,AH Biologisch Chardonnay,AH Biologisch,bier-wijn-aperitieven,"Bier, wijn, aperitieven",Chardonnay (Vol en droog),4.99,4.99,,,,,"0,75 l",prijs per liter €6.65,False,,,,,,True,AH,https://www.ah.nl/producten/product/wi166918,2026-07-28,AH Biologisch Chardonnay,beer-wine aperitifs
524310,881228,Warsteiner Herb alkoholfrei 6-pack,Warsteiner,bier-wijn-aperitieven,"Bier, wijn, aperitieven",Alcoholvrij pils,5.59,5.59,,,,,"6 x 0,33 l",prijs per liter €2.82,False,,,,,,True,AH,https://www.ah.nl/producten/product/wi524310,2026-07-28,Warsteiner Herb alcohol free 6-pack,beer-wine aperitifs
585839,0,Stormhoek Cape rosé 6 flessen,Stormhoek,bier-wijn-aperitieven,"Bier, wijn, aperitieven",Droge rosé,28.57,31.74,10.0,10% volume voordeel,,,6 stuks,,True,AHOO,10% volume voordeel,2026-07-28,2999-12-31,,True,AH,https://www.ah.nl/producten/product/wi585839,2026-07-28,Stormhoek Cape rosé 6 bottles,beer-wine aperitifs
607626,64674,Living Things Raspberry & pomegranate,Living Things,bier-wijn-aperitieven,"Frisdrank, sappen, water",Craft en speciaal fris,1.99,1.99,,,,,330 ml,prijs per liter €6.03,False,,,,,B,True,AH,https://www.ah.nl/producten/product/wi607626,2026-07-28,Living Things Raspberry & pomegranate,beer-wine aperitifs
616950,0,Rucio Sangria 6 flessen,Rucio,bier-wijn-aperitieven,"Bier, wijn, aperitieven",Overige rode wijn (Fruitig),16.15,17.94,10.0,10% volume voordeel,,,6 stuks,,True,AHOO,10% volume voordeel,2026-07-28,2999-12-31,,True,AH,https://www.ah.nl/producten/product/wi616950,2026-07-28,Rucio Sangria 6 bottles,beer-wine aperitifs
617577,0,AH Biologisch Chardonnay 4 flessen,AH Biologisch,bier-wijn-aperitieven,"Bier, wijn, aperitieven",Chardonnay (Vol en droog),18.96,19.96,5.0,5% volume voordeel,,,4 stuks,,True,AHOO,5% volume voordeel,2026-07-28,2999-12-31,,True,AH,https://www.ah.nl/producten/product/wi617577,2026-07-28,AH Organic Chardonnay 4 bottles,beer-wine aperitifs
617578,0,AH Biologisch Chardonnay 6 flessen,AH Biologisch,bier-wijn-aperitieven,"Bier, wijn, aperitieven",Chardonnay (Vol en droog),26.95,29.94,10.0,10% volume voordeel,,,6 stuks,,True,AHOO,10% volume voordeel,2026-07-28,2999-12-31,,True,AH,https://www.ah.nl/producten/product/wi617578,2026-07-28,AH Organic Chardonnay 6 bottles,beer-wine aperitifs
518818,44760,S. Pellegrino Clementina 6-pack,S. Pellegrino,bier-wijn-aperitieven,"Frisdrank, sappen, water",Craft en speciaal fris,7.99,7.99,,,,,"6 x 0,33 l",prijs per liter €4.04,False,,,,,E,True,AH,https://www.ah.nl/producten/product/wi518818,2026-07-28,S. Pellegrino Clementina 6-pack,beer-wine aperitifs
548612,59727,Bavaria 0.0% IPA 6-pack,Bavaria,bier-wijn-aperitieven,"Bier, wijn, aperitieven",Alcoholvrij IPA,6.99,6.99,,1 + 1 gratis,,1.0,"6 x 0,33 l",normale prijs per liter €3.53,True,AH,1 + 1 gratis,2026-07-27,2026-08-02,C,True,AH,https://www.ah.nl/producten/product/wi548612,2026-07-28,Bavaria 0.0% IPA 6-pack,beer-wine aperitifs
584893,0,Sarmentino Merlot 6 flessen,Sarmentino,bier-wijn-aperitieven,"Bier, wijn, aperitieven",Merlot (Soepel),19.17,21.3,10.0,10% volume voordeel,,,6 stuks,,True,AHOO,10% volume voordeel,2026-07-28,2999-12-31,,True,AH,https://www.ah.nl/producten/product/wi584893,2026-07-28,Sarmentino Merlot 6 flessen,beer-wine aperitifs
586912,0,Chiarli 1860 Lambrusco bianco 6 flessen,Chiarli 1860,bier-wijn-aperitieven,"Bier, wijn, aperitieven",Overige witte wijn (Fris en droog),14.31,15.9,10.0,10% volume voordeel,,,6 stuks,,True,AHOO,10% volume voordeel,2026-07-28,2999-12-31,,True,AH,https://www.ah.nl/producten/product/wi586912,2026-07-28,Chiarli 1860 Lambrusco bianco 6 bottles,beer-wine aperitifs
608316,65108,La Trappe Epos 0.0 4-pack,La Trappe,bier-wijn-aperitieven,"Bier, wijn, aperitieven","Alcoholvrij blond, dubbel, tripel",6.49,6.49,,,,,"1,32 l",prijs per liter €4.92,False,,,,,C,True,AH,https://www.ah.nl/producten/product/wi608316,2026-07-28,La Trappe Epos 0.0 4-pack,beer-wine aperitifs
611297,0,Grimbergen Blond fles 30-pack,Grimbergen,bier-wijn-aperitieven,"Bier, wijn, aperitieven",Blond bier,33.96,39.95,15.0,15% volume voordeel,,,5 stuks,,True,AHOO,15% volume voordeel,2026-07-28,2999-12-31,,True,AH,https://www.ah.nl/producten/product/wi611297,2026-07-28,Grimbergen Blond fles 30-pack,beer-wine aperitifs
616485,0,Hola! Hola! Barcelona Brut Cava 6 flessen,Hola!,bier-wijn-aperitieven,"Bier, wijn, aperitieven",Mousserend klein,18.31,20.34,10.0,10% volume voordeel,,,6 stuks,,True,AHOO,10% volume voordeel,2026-07-28,2999-12-31,,True,AH,https://www.ah.nl/producten/product/wi616485,2026-07-28,Hello! Hello! Barcelona Brut Cava 6 bottles,beer-wine aperitifs
171584,649449,Sobreiro Port white,Sobreiro,bier-wijn-aperitieven,"Bier, wijn, aperitieven",Port,5.69,5.69,,,,,"0,75 l",prijs per liter €7.59,False,,,,,,True,AH,https://www.ah.nl/producten/product/wi171584,2026-07-28,Sobreiro Port white,beer-wine aperitifs
186046,627290,Adobe Sauvignon blanc reserva organic,Adobe,bier-wijn-aperitieven,"Bier, wijn, aperitieven",Sauvignon Blanc (Fris en droog),4.99,6.65,25.0,25% korting,,,"0,75 l",normale prijs per liter €8.87,True,AH,25% korting,2026-07-27,2026-08-02,,True,AH,https://www.ah.nl/producten/product/wi186046,2026-07-28,Adobe Sauvignon Blanc Reserva Organic,beer-wine aperitifs
475973,729331,AH Vol & droge Zuid-Afrikaanse wit wijntap,AH,bier-wijn-aperitieven,"Bier, wijn, aperitieven","Witte wijntaps, pouch, bag in box",11.99,11.99,,,,,3 l,prijs per liter €4.00,False,,,,,,True,AH,https://www.ah.nl/producten/product/wi475973,2026-07-28,AH Full & dry South African white wine tap,beer-wine aperitifs
589161,34570,De Frisdrank Fabriek Passievrucht vleugje chilipeper,De Frisdrank Fabriek,bier-wijn-aperitieven,"Frisdrank, sappen, water",Craft en speciaal fris,1.79,1.79,,,,,250 ml,prijs per liter €7.16,False,,,,,D,True,AH,https://www.ah.nl/producten/product/wi589161,2026-07-28,"The Soda Factory Passion fruit, hint of chili pepper",beer-wine aperitifs
616394,0,Viverty Viverty Sauv Blanc AF 4 flessen,Viverty,bier-wijn-aperitieven,"Bier, wijn, aperitieven",Alcoholvrij witte wijn,15.96,21.16,24.6,pakketkorting,,,4 stuks,,True,AHOO,,2026-07-28,2026-08-02,,True,AH,https://www.ah.nl/producten/product/wi616394,2026-07-28,Viverty Viverty Sauv Blanc AF 4 bottles,beer-wine aperitifs
132972,771894,Heineken Premium pilsener draaidop 6-pack,Heineken,bier-wijn-aperitieven,"Bier, wijn, aperitieven",Pils fles,5.99,7.99,25.0,25% korting,,,"6 x 0,25 l",normale prijs per liter €5.33,True,AH,25% korting,2026-07-27,2026-08-02,,True,AH,https://www.ah.nl/producten/product/wi132972,2026-07-28,Heineken Premium pilsener draaidop 6-pack,beer-wine aperitifs
606655,0,Heineken Premium pilsener draaidop 12-pack1,Heineken,bier-wijn-aperitieven,"Bier, wijn, aperitieven",Pils fles,11.98,15.98,25.0,pakketkorting,,,2 stuks,,True,AHOO,,2026-07-28,2026-08-02,,True,AH,https://www.ah.nl/producten/product/wi606655,2026-07-28,Heineken Premium pilsner twist cap 12-pack1,beer-wine aperitifs
607625,64673,Living Things Rhubarb & apple,Living Things,bier-wijn-aperitieven,"Frisdrank, sappen, water",Craft en speciaal fris,1.99,1.99,,,,,330 ml,prijs per liter €6.03,False,,,,,B,True,AH,https://www.ah.nl/producten/product/wi607625,2026-07-28,Living Things Rhubarb & apple,beer-wine aperitifs
166917,642916,AH Biologisch Merlot,AH Biologisch,bier-wijn-aperitieven,"Bier, wijn, aperitieven",Merlot (Soepel),4.99,4.99,,,,,"0,75 l",prijs per liter €6.65,False,,,,,,True,AH,https://www.ah.nl/producten/product/wi166917,2026-07-28,AH Organic Merlot,beer-wine aperitifs
584920,0,Casillero del Diablo Cabernet sauvignon reserva 6 flessen,Casillero del Diablo,bier-wijn-aperitieven,"Bier, wijn, aperitieven",Cabernet Sauvignon (Stevig),37.75,41.94,10.0,10% volume voordeel,,,6 stuks,,True,AHOO,10% volume voordeel,2026-07-28,2999-12-31,,True,AH,https://www.ah.nl/producten/product/wi584920,2026-07-28,Casillero del Diablo Cabernet Sauvignon Reserva 6 bottles,beer-wine aperitifs
616433,0,AH AH Australische witte huiswijn 6 flessen,AH,bier-wijn-aperitieven,"Bier, wijn, aperitieven",Overige witte wijn (Vol en droog),26.95,29.94,10.0,10% volume voordeel,,,6 stuks,,True,AHOO,10% volume voordeel,2026-07-28,2999-12-31,,True,AH,https://www.ah.nl/producten/product/wi616433,2026-07-28,AH AH Australische witte huiswijn 6 flessen,beer-wine aperitifs
616915,0,AH Droge ZA Wijntap Wit 4-pack,AH,bier-wijn-aperitieven,"Bier, wijn, aperitieven","Witte wijntaps, pouch, bag in box",45.56,47.96,5.0,5% volume voordeel,,,4 stuks,,True,AHOO,5% volume voordeel,2026-07-28,2999-12-31,,True,AH,https://www.ah.nl/producten/product/wi616915,2026-07-28,AH Dry ZA Wine Tap White 4-pack,beer-wine aperitifs
617580,0,AH Biologisch Merlot 6 flessen,AH Biologisch,bier-wijn-aperitieven,"Bier, wijn, aperitieven",Merlot (Soepel),26.95,29.94,10.0,10% volume voordeel,,,6 stuks,,True,AHOO,10% volume voordeel,2026-07-28,2999-12-31,,True,AH,https://www.ah.nl/producten/product/wi617580,2026-07-28,AH Organic Merlot 6 bottles,beer-wine aperitifs
170802,637582,Lindeman's South africa shiraz cabernet sauvignon,Lindeman's,bier-wijn-aperitieven,"Bier, wijn, aperitieven",Syrah/Shiraz (Stevig),5.29,5.29,,,,,"0,75 l",prijs per liter €7.05,False,,,,,,True,AH,https://www.ah.nl/producten/product/wi170802,2026-07-28,Lindeman's South africa shiraz cabernet sauvignon,beer-wine aperitifs
600766,0,S. Pellegrino Clementina 6-pack 2-pack,S. Pellegrino,bier-wijn-aperitieven,"Frisdrank, sappen, water",Craft en speciaal fris,14.38,15.98,10.0,10% volume voordeel,,,2 stuks,,True,AHOO,10% volume voordeel,2026-07-28,2999-12-31,,True,AH,https://www.ah.nl/producten/product/wi600766,2026-07-28,S. Pellegrino Clementina 6-pack 2-pack,beer-wine aperitifs
69278,280712,Lavis Pinot Grigio,Lavis,bier-wijn-aperitieven,"Bier, wijn, aperitieven",Pinot Grigio (Fris en droog),9.58,10.65,10.0,10% korting,,,"0,75 l",normale prijs per liter €14.20,True,AH,10% Gall & Gall Kaartkorting,,,,True,GALL,https://www.ah.nl/producten/product/wi69278,2026-07-28,Lavis Pinot Grigio,beer-wine aperitifs
99197,528619,Undurraga Rosé,Undurraga,bier-wijn-aperitieven,"Bier, wijn, aperitieven",Droge rosé,5.29,5.29,,,,,"0,75 l",prijs per liter €7.05,False,,,,,,True,AH,https://www.ah.nl/producten/product/wi99197,2026-07-28,Undurraga Rosé,beer-wine aperitifs
576023,17403,Xo Sparkling red berries,Xo,bier-wijn-aperitieven,"Frisdrank, sappen, water",Craft en speciaal fris,1.79,1.79,,,,,330 ml,prijs per liter €5.42,False,,,,,D,True,AH,https://www.ah.nl/producten/product/wi576023,2026-07-28,Xo Sparkling red berries,beer-wine aperitifs
586712,0,Adobe Sauvignon blanc reserva 6 flessen,Adobe,bier-wijn-aperitieven,"Bier, wijn, aperitieven",Sauvignon Blanc (Fris en droog),29.92,39.9,25.0,pakketkorting,,,6 stuks,,True,AHOO,,2026-07-28,2026-08-02,,True,AH,https://www.ah.nl/producten/product/wi586712,2026-07-28,Adobe Sauvignon blanc reserva 6 bottles,beer-wine aperitifs
615116,0,S. Pellegrino Aranciata rossa light 6-pack 4-pack,S. Pellegrino,bier-wijn-aperitieven,"Frisdrank, sappen, water",Craft en speciaal fris,30.04,31.96,6.0,6% volume voordeel,,,4 stuks,,True,AHOO,6% volume voordeel,2026-07-28,2999-12-31,,True,AH,https://www.ah.nl/producten/product/wi615116,2026-07-28,S. Pellegrino Aranciata rossa light 6-pack 4-pack,beer-wine aperitifs
616949,0,Rucio Sangria 4 flessen,Rucio,bier-wijn-aperitieven,"Bier, wijn, aperitieven",Overige rode wijn (Fruitig),11.36,11.96,5.0,5% volume voordeel,,,4 stuks,,True,AHOO,5% volume voordeel,2026-07-28,2999-12-31,,True,AH,https://www.ah.nl/producten/product/wi616949,2026-07-28,Rucio Sangria 4 bottles,beer-wine aperitifs
590468,36594,Royal Club Pink grapefruit 0% suiker 4-pack,Royal Club,bier-wijn-aperitieven,"Frisdrank, sappen, water",Craft en speciaal fris,3.49,3.49,,,,,"4 x 0,25 l",prijs per liter €3.49,False,,,,,C,True,AH,https://www.ah.nl/producten/product/wi590468,2026-07-28,Royal Club Pink grapefruit 0% sugar 4-pack,beer-wine aperitifs
590810,37794,Fantini Puglia rosato,Fantini,bier-wijn-aperitieven,"Bier, wijn, aperitieven",Droge rosé,4.99,5.99,16.7,€1.00 euro korting,,,"0,75 l",normale prijs per liter €7.99,True,AH,1 euro korting,2026-07-27,2026-08-02,,True,AH,https://www.ah.nl/producten/product/wi590810,2026-07-28,Fantini Puglia rosato,beer-wine aperitifs
613939,71758,Bavaria Grapefruit flavour 0.0 6-pack,Bavaria,bier-wijn-aperitieven,"Bier, wijn, aperitieven",Alcoholvrij pils,6.49,6.49,,1 + 1 gratis,,1.0,"1,98 l",normale prijs per liter €3.28,True,AH,1 + 1 gratis,2026-07-27,2026-08-02,,True,AH,https://www.ah.nl/producten/product/wi613939,2026-07-28,Bavaria Grapefruit flavour 0.0 6-pack,beer-wine aperitifs
118107,389331,Oveja Negra Chardonnay Viognier,Oveja Negra,bier-wijn-aperitieven,"Bier, wijn, aperitieven",Chardonnay (Vol en droog),6.49,6.49,,,,,"0,75 l",prijs per liter €8.65,False,,,,,,True,GALL,https://www.ah.nl/producten/product/wi118107,2026-07-28,Oveja Negra Chardonnay Viognier,beer-wine aperitifs
128241,583217,Cave de Beblenheim Pinot gris,Cave de Beblenheim,bier-wijn-aperitieven,"Bier, wijn, aperitieven",Pinot Gris (Vol en droog),7.49,8.49,11.8,€1.00 euro korting,,,"0,75 l",normale prijs per liter €11.32,True,AH,1 euro korting,2026-07-27,2026-08-02,,True,AH,https://www.ah.nl/producten/product/wi128241,2026-07-28,Cave de Beblenheim Pinot gris,beer-wine aperitifs
195124,796922,Terra viva Bio prosecco doc,Terra viva,bier-wijn-aperitieven,"Bier, wijn, aperitieven",Prosecco droog,6.49,7.49,13.4,€1.00 euro korting,,,"0,75 l",normale prijs per liter €9.99,True,AH,1.00 EURO KORTING,2026-07-27,2026-08-02,,True,AH,https://www.ah.nl/producten/product/wi195124,2026-07-28,Terra viva Bio prosecco doc,beer-wine aperitifs
568463,7575,Wostok Tannenwald,Wostok,bier-wijn-aperitieven,"Frisdrank, sappen, water",Craft en speciaal fris,1.89,1.89,,,,,330 ml,prijs per liter €5.73,False,,,,,E,True,AH,https://www.ah.nl/producten/product/wi568463,2026-07-28,Wostok Tannenwald,beer-wine aperitifs
616023,0,Adobe Adobe Sauv. Blanc Res. Org. 4 flessen,Adobe,bier-wijn-aperitieven,"Bier, wijn, aperitieven",Sauvignon Blanc (Fris en droog),19.95,26.6,25.0,pakketkorting,,,4 stuks,,True,AHOO,,2026-07-28,2026-08-02,,True,AH,https://www.ah.nl/producten/product/wi616023,2026-07-28,Adobe Adobe Sauv. Blanc Res. Org. 4 flessen,beer-wine aperitifs
616383,0,Viña Albali Viña Albali Wit 4 flessen,Viña Albali,bier-wijn-aperitieven,"Bier, wijn, aperitieven",Witte wijn klein,7.56,7.96,5.0,5% volume voordeel,,,4 stuks,,True,AHOO,5% volume voordeel,2026-07-28,2999-12-31,,True,AH,https://www.ah.nl/producten/product/wi616383,2026-07-28,Viña Albali Viña Albali Wit 4 flessen,beer-wine aperitifs
99162,505502,Lenz Moser Selection grüner veltliner,Lenz Moser,bier-wijn-aperitieven,"Bier, wijn, aperitieven",Grüner Veltliner (Fris en droog),6.49,6.49,,,,,"0,75 l",prijs per liter €8.65,False,,,,,,True,AH,https://www.ah.nl/producten/product/wi99162,2026-07-28,Lenz Moser Selection grüner veltliner,beer-wine aperitifs
491978,746398,Birra Moretti L'autentica bier 6-pack,Birra Moretti,bier-wijn-aperitieven,"Bier, wijn, aperitieven",Pils fles,7.39,7.39,,,,,"6 x 0,3 l",prijs per liter €4.11,False,,,,,,True,AH,https://www.ah.nl/producten/product/wi491978,2026-07-28,Birra Moretti L'autentica beer 6-pack,beer-wine aperitifs
572469,14364,Desperados Original beer 12-pack,Desperados,bier-wijn-aperitieven,"Bier, wijn, aperitieven",Mexicaans bier,20.99,20.99,,,,,"12 x 0,33 l",prijs per liter €5.30,False,,,,,,True,AH,https://www.ah.nl/producten/product/wi572469,2026-07-28,Desperados Original beer 12-pack,beer-wine aperitifs
584919,0,Lindeman's SA shiraz cabernet sauvignon 6 flessen,Lindeman's,bier-wijn-aperitieven,"Bier, wijn, aperitieven",Syrah/Shiraz (Soepel),28.57,31.74,10.0,10% volume voordeel,,,6 stuks,,True,AHOO,10% volume voordeel,2026-07-28,2999-12-31,,True,AH,https://www.ah.nl/producten/product/wi584919,2026-07-28,Lindeman's SA shiraz cabernet sauvignon 6 bottles,beer-wine aperitifs
606642,0,Birra Moretti L'autentica bier 12-pack,Birra Moretti,bier-wijn-aperitieven,"Bier, wijn, aperitieven",Pils fles,14.04,14.78,5.0,5% volume voordeel,,,2 stuks,,True,AHOO,5% volume voordeel,2026-07-28,2999-12-31,,True,AH,https://www.ah.nl/producten/product/wi606642,2026-07-28,Birra Moretti L'autentica beer 12-pack,beer-wine aperitifs
479065,732435,Free Feather Sparkling alcoholvrij,Free Feather,bier-wijn-aperitieven,"Bier, wijn, aperitieven",Alcoholvrij bubbels,4.29,4.29,,,,,"0,75 l",prijs per liter €5.72,False,,,,,D,True,AH,https://www.ah.nl/producten/product/wi479065,2026-07-28,Free Feather Sparkling alcohol-free,beer-wine aperitifs
561451,99308,Wijntje Verdejo bio,Wijntje,bier-wijn-aperitieven,"Bier, wijn, aperitieven",Verdejo (Fris en droog),4.99,4.99,,,,,"0,75 l",prijs per liter €6.65,False,,,,,,True,AH,https://www.ah.nl/producten/product/wi561451,2026-07-28,Wijntje Verdejo bio,beer-wine aperitifs
583517,0,Undurraga Rosé 6 flessen,Undurraga,bier-wijn-aperitieven,"Bier, wijn, aperitieven",Droge rosé,28.57,31.74,10.0,10% volume voordeel,,,6 stuks,,True,AHOO,10% volume voordeel,2026-07-28,2999-12-31,,True,AH,https://www.ah.nl/producten/product/wi583517,2026-07-28,Undurraga Rosé 6 bottles,beer-wine aperitifs
587297,31541,Brouwerij 't IJ IPA,Brouwerij 't IJ,bier-wijn-aperitieven,"Bier, wijn, aperitieven",IPA,2.89,2.89,,,,,330 ml,prijs per liter €8.76,False,,,,,,True,AH,https://www.ah.nl/producten/product/wi587297,2026-07-28,Brouwerij 't IJ IPA,beer-wine aperitifs
608065,67707,Stëlz Hard lemonade strawberry,Stëlz,bier-wijn-aperitieven,"Bier, wijn, aperitieven",Seltzers,1.79,2.39,25.0,25% korting,,,250 ml,normale prijs per liter €9.56,True,AH,25% korting,2026-07-27,2026-08-02,,True,AH,https://www.ah.nl/producten/product/wi608065,2026-07-28,Stëlz Hard lemonade strawberry,beer-wine aperitifs
608212,65107,La Trappe Trappist nillis 0.0 4-pack,La Trappe,bier-wijn-aperitieven,"Bier, wijn, aperitieven","Alcoholvrij blond, dubbel, tripel",6.75,6.75,,,,,"1,32 l",prijs per liter €5.11,False,,,,,C,True,AH,https://www.ah.nl/producten/product/wi608212,2026-07-28,La Trappe Trappist nillis 0.0 4-pack,beer-wine aperitifs
615117,0,S. Pellegrino Aranciata rossa light 6-pack 8-pack,S. Pellegrino,bier-wijn-aperitieven,"Frisdrank, sappen, water",Craft en speciaal fris,57.53,63.92,10.0,10% volume voordeel,,,8 stuks,,True,AHOO,10% volume voordeel,2026-07-28,2999-12-31,,True,AH,https://www.ah.nl/producten/product/wi615117,2026-07-28,S. Pellegrino Aranciata rossa light 6-pack 8-pack,beer-wine aperitifs
616916,0,AH Droge ZA Wijntap Wit 6 flessen,AH,bier-wijn-aperitieven,"Bier, wijn, aperitieven","Witte wijntaps, pouch, bag in box",64.75,71.94,10.0,10% volume voordeel,,,6 stuks,,True,AHOO,10% volume voordeel,2026-07-28,2999-12-31,,True,AH,https://www.ah.nl/producten/product/wi616916,2026-07-28,AH Dry ZA Wine Tap White 6 bottles,beer-wine aperitifs
617579,0,AH Biologisch Merlot 4 flessen,AH Biologisch,bier-wijn-aperitieven,"Bier, wijn, aperitieven",Merlot (Soepel),18.96,19.96,5.0,5% volume voordeel,,,4 stuks,,True,AHOO,5% volume voordeel,2026-07-28,2999-12-31,,True,AH,https://www.ah.nl/producten/product/wi617579,2026-07-28,AH Organic Merlot 4 bottles,beer-wine aperitifs
623902,0,Brouwerij 't IJ Brouwerij 't IJ IPA 4-pack,Brouwerij 't IJ,bier-wijn-aperitieven,"Bier, wijn, aperitieven",IPA,10.4,11.56,10.0,10% volume voordeel,,,4 stuks,,True,AHOO,10% volume voordeel,2026-07-28,2999-12-31,,True,AH,https://www.ah.nl/producten/product/wi623902,2026-07-28,Brouwerij 't IJ Brouwerij 't IJ IPA 4-pack,beer-wine aperitifs
63826,530085,Leffe Tripel abdijbier 6-pack,Leffe,bier-wijn-aperitieven,"Bier, wijn, aperitieven","Dubbel, tripel, quadrupel bier",10.99,10.99,,,,,"6 x 0,3 l",prijs per liter €6.11,False,,,,,,True,AH,https://www.ah.nl/producten/product/wi63826,2026-07-28,Leffe Tripel abdijbier 6-pack,beer-wine aperitifs
445742,707731,Gulpener Chateau neubourg,Gulpener,bier-wijn-aperitieven,"Bier, wijn, aperitieven",Pils fles,1.75,1.75,,,,,330 ml,prijs per liter €5.30,False,,,,,,True,AH,https://www.ah.nl/producten/product/wi445742,2026-07-28,Gulpener Chateau Neubourg,beer-wine aperitifs
602603,0,Leffe Tripel abdijbier 6-pack 2-pack,Leffe,bier-wijn-aperitieven,"Bier, wijn, aperitieven","Dubbel, tripel, quadrupel bier",19.78,21.98,10.0,10% volume voordeel,,,2 stuks,,True,AHOO,10% volume voordeel,2026-07-28,2999-12-31,,True,AH,https://www.ah.nl/producten/product/wi602603,2026-07-28,Leffe Tripel abdijbier 6-pack 2-pack,beer-wine aperitifs
603123,55556,De Kuyper Pornstar martini cocktail 0.0%,De Kuyper,bier-wijn-aperitieven,"Bier, wijn, aperitieven",Alcoholvrij aperitieven,2.29,2.29,,,,,250 ml,prijs per liter €9.16,False,,,,,E,True,AH,https://www.ah.nl/producten/product/wi603123,2026-07-28,De Kuyper Pornstar martini cocktail 0.0%,beer-wine aperitifs
616470,0,Fantini Fantini Puglia Rosato 6 flessen,Fantini,bier-wijn-aperitieven,"Bier, wijn, aperitieven",Droge rosé,29.94,35.94,16.7,pakketkorting,,,6 stuks,,True,AHOO,,2026-07-28,2026-08-02,,True,AH,https://www.ah.nl/producten/product/wi616470,2026-07-28,Fantini Fantini Puglia Rosato 6 bottles,beer-wine aperitifs
98859,544518,Brand Pilsener 6-pack,Brand,bier-wijn-aperitieven,"Bier, wijn, aperitieven",Pils blik,5.99,7.99,25.0,25% korting,,,"6 x 0,33 l",normale prijs per liter €4.04,True,AH,25% korting,2026-07-27,2026-08-02,,True,AH,https://www.ah.nl/producten/product/wi98859,2026-07-28,Brand Pilsener 6-pack,beer-wine aperitifs
577926,0,AH Suid-Afrika vol & droog 4 flessen,AH,bier-wijn-aperitieven,"Bier, wijn, aperitieven",Witte wijn klein,9.08,9.56,5.0,5% volume voordeel,,,4 stuks,,True,AHOO,5% volume voordeel,2026-07-28,2999-12-31,,True,AH,https://www.ah.nl/producten/product/wi577926,2026-07-28,AH Suid-Africa full & dry 4 bottles,beer-wine aperitifs
584029,26747,Xo Watermelon,Xo,bier-wijn-aperitieven,"Frisdrank, sappen, water",Craft en speciaal fris,1.79,1.79,,,,,330 ml,prijs per liter €5.42,False,,,,,D,True,AH,https://www.ah.nl/producten/product/wi584029,2026-07-28,Xo Watermelon,beer-wine aperitifs
586714,0,Cave de Beblenheim Pinot gris 6 flessen,Cave de Beblenheim,bier-wijn-aperitieven,"Bier, wijn, aperitieven",Pinot Gris (Vol en droog),44.94,50.94,11.8,pakketkorting,,,6 stuks,,True,AHOO,,2026-07-28,2026-08-02,,True,AH,https://www.ah.nl/producten/product/wi586714,2026-07-28,Cave de Beblenheim Pinot gris 6 bottles,beer-wine aperitifs
590843,37797,Cecchi Calipte Toscana rosato,Cecchi,bier-wijn-aperitieven,"Bier, wijn, aperitieven",Droge rosé,9.29,9.29,,,,,"0,75 l",prijs per liter €12.39,False,,,,,,True,AH,https://www.ah.nl/producten/product/wi590843,2026-07-28,Cecchi Calipte Toscana rosato,beer-wine aperitifs
606645,0,Brand Pilsener 12-pack,Brand,bier-wijn-aperitieven,"Bier, wijn, aperitieven",Pils blik,11.98,15.98,25.0,pakketkorting,,,2 stuks,,True,AHOO,,2026-07-28,2026-08-02,,True,AH,https://www.ah.nl/producten/product/wi606645,2026-07-28,Brand Pilsener 12-pack,beer-wine aperitifs
608936,65384,Xo Lychee,Xo,bier-wijn-aperitieven,"Frisdrank, sappen, water",Craft en speciaal fris,1.79,1.79,,,,,330 ml,prijs per liter €5.42,False,,,,,D,True,AH,https://www.ah.nl/producten/product/wi608936,2026-07-28,Xo Lychee,beer-wine aperitifs
615819,0,Brancott Brancott Estate Sauv. Blanc 4 flessen,Brancott,bier-wijn-aperitieven,"Bier, wijn, aperitieven",Sauvignon Blanc (Fris en droog),33.4,35.16,5.0,5% volume voordeel,,,4 stuks,,True,AHOO,5% volume voordeel,2026-07-28,2999-12-31,,True,AH,https://www.ah.nl/producten/product/wi615819,2026-07-28,Brancott Brancott Estate Sauv. Blanc 4 bottles,beer-wine aperitifs
436993,61802,Gordon's Pink gin & tonic,Gordon's,bier-wijn-aperitieven,"Bier, wijn, aperitieven",Mixdranken,2.29,2.29,,,,,250 ml,prijs per liter €9.16,False,,,,,,True,AH,https://www.ah.nl/producten/product/wi436993,2026-07-28,Gordon's Pink gin & tonic,beer-wine aperitifs
505909,690866,Westmalle Tripel 4-pack,Westmalle,bier-wijn-aperitieven,"Bier, wijn, aperitieven","Dubbel, tripel, quadrupel bier",9.69,9.69,,,,,"4 x 0,33 l",prijs per liter €7.34,False,,,,,,True,AH,https://www.ah.nl/producten/product/wi505909,2026-07-28,Westmalle Tripel 4-pack,beer-wine aperitifs
576157,0,Lenz Moser Gruner veltliner 6 flessen,Lenz Moser,bier-wijn-aperitieven,"Bier, wijn, aperitieven",Grüner Veltliner (Fris en droog),35.05,38.94,10.0,10% volume voordeel,,,6 stuks,,True,AHOO,10% volume voordeel,2026-07-28,2999-12-31,,True,AH,https://www.ah.nl/producten/product/wi576157,2026-07-28,Lenz Moser Gruner veltliner 6 bottles,beer-wine aperitifs
583227,26341,Viverty Sparkling orange spritz,Viverty,bier-wijn-aperitieven,"Bier, wijn, aperitieven",Alcoholvrij bubbels,3.99,5.99,33.4,voor 3.99,3.99,,"0,75 l",normale prijs per liter €7.99,True,AH,VOOR 3.99,2026-07-27,2026-08-02,E,True,AH,https://www.ah.nl/producten/product/wi583227,2026-07-28,Viverty Sparkling orange spritz,beer-wine aperitifs
615862,0,LYV LYV Rosé 4 flessen,LYV,bier-wijn-aperitieven,"Bier, wijn, aperitieven",Droge rosé,34.16,35.96,5.0,5% volume voordeel,,,4 stuks,,True,AHOO,5% volume voordeel,2026-07-28,2999-12-31,,True,AH,https://www.ah.nl/producten/product/wi615862,2026-07-28,LYV LYV Rosé 4 bottles,beer-wine aperitifs
218249,735632,Viña Temprana Tempranillo,Viña Temprana,bier-wijn-aperitieven,"Bier, wijn, aperitieven",Tempranillo (Soepel),3.59,3.59,,,,,"0,75 l",prijs per liter €4.79,False,,,,,,True,AH,https://www.ah.nl/producten/product/wi218249,2026-07-28,Viña Temprana Tempranillo,beer-wine aperitifs
586901,0,Free Feather sparkling alcoholvrij 6 flessen,Free Feather,bier-wijn-aperitieven,"Bier, wijn, aperitieven",Alcoholvrij bubbels,23.17,25.74,10.0,10% volume voordeel,,,6 stuks,,True,AHOO,10% volume voordeel,2026-07-28,2999-12-31,,True,AH,https://www.ah.nl/producten/product/wi586901,2026-07-28,Free Feather sparkling alcohol-free 6 bottles,beer-wine aperitifs
616358,0,Stormhoek Stormhoek Cape Rosé 4 flessen,Stormhoek,bier-wijn-aperitieven,"Bier, wijn, aperitieven",Droge rosé,20.1,21.16,5.0,5% volume voordeel,,,4 stuks,,True,AHOO,5% volume voordeel,2026-07-28,2999-12-31,,True,AH,https://www.ah.nl/producten/product/wi616358,2026-07-28,Stormhoek Stormhoek Cape Rosé 4 bottles,beer-wine aperitifs
616921,0,AH Droge ZA Wit Wijntap 4-pack,AH,bier-wijn-aperitieven,"Bier, wijn, aperitieven","Witte wijntaps, pouch, bag in box",45.56,47.96,5.0,5% volume voordeel,,,4 stuks,,True,AHOO,5% volume voordeel,2026-07-28,2999-12-31,,True,AH,https://www.ah.nl/producten/product/wi616921,2026-07-28,AH Dry ZA White Wine Tap 4-pack,beer-wine aperitifs
616922,0,AH Droge ZA Wit Wijntap 6 flessen,AH,bier-wijn-aperitieven,"Bier, wijn, aperitieven","Witte wijntaps, pouch, bag in box",64.75,71.94,10.0,10% volume voordeel,,,6 stuks,,True,AHOO,10% volume voordeel,2026-07-28,2999-12-31,,True,AH,https://www.ah.nl/producten/product/wi616922,2026-07-28,AH Dry ZA White Wine Tap 6 bottles,beer-wine aperitifs
623900,0,Brouwerij 't IJ Brouwerij 't IJ IPA 16-pack,Brouwerij 't IJ,bier-wijn-aperitieven,"Bier, wijn, aperitieven",IPA,36.99,46.24,20.0,20% volume voordeel,,,16 stuks,,True,AHOO,20% volume voordeel,2026-07-28,2999-12-31,,True,AH,https://www.ah.nl/producten/product/wi623900,2026-07-28,Brouwerij 't IJ Brouwerij 't IJ IPA 16-pack,beer-wine aperitifs
623903,0,Brouwerij 't IJ Brouwerij 't IJ IPA 8-pack,Brouwerij 't IJ,bier-wijn-aperitieven,"Bier, wijn, aperitieven",IPA,19.65,23.12,15.0,15% volume voordeel,,,8 stuks,,True,AHOO,15% volume voordeel,2026-07-28,2999-12-31,,True,AH,https://www.ah.nl/producten/product/wi623903,2026-07-28,Brouwerij 't IJ Brouwerij 't IJ IPA 8-pack,beer-wine aperitifs
182752,611259,Kasteelbier Triple,Kasteelbier,bier-wijn-aperitieven,"Bier, wijn, aperitieven","Dubbel, tripel, quadrupel bier",2.35,2.35,,,,,330 ml,prijs per liter €7.12,False,,,,,,True,AH,https://www.ah.nl/producten/product/wi182752,2026-07-28,Castle beer Triple,beer-wine aperitifs
365927,832956,Sarmentino Zinfandel rosé,Sarmentino,bier-wijn-aperitieven,"Bier, wijn, aperitieven",Lichtzoete rosé,4.29,4.29,,,,,"0,75 l",prijs per liter €5.72,False,,,,,,True,AH,https://www.ah.nl/producten/product/wi365927,2026-07-28,Sarmentino Zinfandel rosé,beer-wine aperitifs
386188,844271,Lander bräu Premium beer 6-pack,Lander bräu,bier-wijn-aperitieven,"Bier, wijn, aperitieven",Pils blik,3.49,3.49,,,,,"6 x 0,33 l",prijs per liter €1.76,False,,,,,,True,AH,https://www.ah.nl/producten/product/wi386188,2026-07-28,Lander bräu Premium beer 6-pack,beer-wine aperitifs
616233,0,Hola! Hola! Barcelona Brut Cava 4 flessen,Hola!,bier-wijn-aperitieven,"Bier, wijn, aperitieven",Mousserend klein,12.88,13.56,5.0,5% volume voordeel,,,4 stuks,,True,AHOO,5% volume voordeel,2026-07-28,2999-12-31,,True,AH,https://www.ah.nl/producten/product/wi616233,2026-07-28,Hello! Hello! Barcelona Brut Cava 4 bottles,beer-wine aperitifs
616942,0,Mooi Kaap Droge Steen 4 flessen,Mooi Kaap,bier-wijn-aperitieven,"Bier, wijn, aperitieven",Overige witte wijn (Fris en droog),16.68,17.56,5.0,5% volume voordeel,,,4 stuks,,True,AHOO,5% volume voordeel,2026-07-28,2999-12-31,,True,AH,https://www.ah.nl/producten/product/wi616942,2026-07-28,Mooi Kaap Dry Stone 4 bottles,beer-wine aperitifs
93573,315052,Torres Viña Sol Garnacha Parellada,Torres,bier-wijn-aperitieven,"Bier, wijn, aperitieven",Overige witte wijn (Fris en droog),5.98,6.65,10.0,10% korting,,,"0,75 l",normale prijs per liter €8.87,True,AH,10% Gall & Gall Kaartkorting,,,,True,GALL,https://www.ah.nl/producten/product/wi93573,2026-07-28,Torres Viña Sol Garnacha Parellada,beer-wine aperitifs
451378,748493,de Eeuwige Jeugd Lellebel,de Eeuwige Jeugd,bier-wijn-aperitieven,"Bier, wijn, aperitieven",Blond bier,2.69,2.69,,,,,"0,33 l",prijs per liter €8.15,False,,,,,,True,AH,https://www.ah.nl/producten/product/wi451378,2026-07-28,the Eternal Youth Lellebel,beer-wine aperitifs
469378,721467,Zonnatura Kombucha gember,Zonnatura,bier-wijn-aperitieven,"Frisdrank, sappen, water",Kombucha,2.99,2.99,,,,,330 ml,prijs per liter €9.06,False,,,,,C,True,AH,https://www.ah.nl/producten/product/wi469378,2026-07-28,Zonnatura Kombucha ginger,beer-wine aperitifs
560570,582474,Viverty Sparkling wit alcoholvrij,Viverty,bier-wijn-aperitieven,"Bier, wijn, aperitieven",Alcoholvrij bubbels,2.49,2.49,,,,,200 ml,prijs per liter €12.45,False,,,,,C,True,AH,https://www.ah.nl/producten/product/wi560570,2026-07-28,Viverty Sparkling white alcohol-free,beer-wine aperitifs
606471,61835,Brouwerij 't IJ Sunny side up,Brouwerij 't IJ,bier-wijn-aperitieven,"Bier, wijn, aperitieven",Wit en weizen,2.99,2.99,,,,,330 ml,prijs per liter €9.06,False,,,,,,True,AH,https://www.ah.nl/producten/product/wi606471,2026-07-28,Brouwerij 't IJ Sunny side up,beer-wine aperitifs
615883,0,Puklavec & Friends Puklavec & Friends SB/PG 4 flessen,Puklavec & Friends,bier-wijn-aperitieven,"Bier, wijn, aperitieven",Sauvignon Blanc (Fris en droog),27.7,29.16,5.0,5% volume voordeel,,,4 stuks,,True,AHOO,5% volume voordeel,2026-07-28,2999-12-31,,True,AH,https://www.ah.nl/producten/product/wi615883,2026-07-28,Puklavec & Friends Puklavec & Friends SB/PG 4 flessen,beer-wine aperitifs
616450,0,Cecchi Cecchi Calipte Toscana Rosato 6 flessen,Cecchi,bier-wijn-aperitieven,"Bier, wijn, aperitieven",Droge rosé,50.17,55.74,10.0,10% volume voordeel,,,6 stuks,,True,AHOO,10% volume voordeel,2026-07-28,2999-12-31,,True,AH,https://www.ah.nl/producten/product/wi616450,2026-07-28,Cecchi Cecchi Calipte Toscana Rosato 6 bottles,beer-wine aperitifs
626053,0,de Eeuwige Jeugd Lellebel 12-pack,de Eeuwige Jeugd,bier-wijn-aperitieven,"Bier, wijn, aperitieven",Blond bier,27.44,32.28,15.0,15% volume voordeel,,,12 stuks,,True,AHOO,15% volume voordeel,2026-07-28,2999-12-31,,True,AH,https://www.ah.nl/producten/product/wi626053,2026-07-28,de Eeuwige Jeugd Lellebel 12-pack,beer-wine aperitifs
626072,0,de Eeuwige Jeugd Lellebel 4-pack,de Eeuwige Jeugd,bier-wijn-aperitieven,"Bier, wijn, aperitieven",Blond bier,10.22,10.76,5.0,5% volume voordeel,,,4 stuks,,True,AHOO,5% volume voordeel,2026-07-28,2999-12-31,,True,AH,https://www.ah.nl/producten/product/wi626072,2026-07-28,de Eeuwige Jeugd Lellebel 4-pack,beer-wine aperitifs
626087,0,de Eeuwige Jeugd Lellebel 6-pack,de Eeuwige Jeugd,bier-wijn-aperitieven,"Bier, wijn, aperitieven",Blond bier,14.53,16.14,10.0,10% volume voordeel,,,6 stuks,,True,AHOO,10% volume voordeel,2026-07-28,2999-12-31,,True,AH,https://www.ah.nl/producten/product/wi626087,2026-07-28,the Eternal Youth Lellebel 6-pack,beer-wine aperitifs
122344,563091,Grolsch Premium pilsner bier 6-pack,Grolsch,bier-wijn-aperitieven,"Bier, wijn, aperitieven",Pils blik,5.84,7.79,25.0,25% korting,,,6 x 50 cl,normale prijs per liter €2.60,True,AH,25% korting,2026-07-27,2026-08-02,,True,AH,https://www.ah.nl/producten/product/wi122344,2026-07-28,Grolsch Premium pilsner beer 6-pack,beer-wine aperitifs
183611,771838,AH Biologisch Merlot,AH Biologisch,bier-wijn-aperitieven,"Bier, wijn, aperitieven",Rode wijn klein,2.49,2.49,,,,,250 ml,prijs per liter €9.96,False,,,,,,True,AH,https://www.ah.nl/producten/product/wi183611,2026-07-28,AH Organic Merlot,beer-wine aperitifs
222345,813494,AH Merlot,AH,bier-wijn-aperitieven,"Bier, wijn, aperitieven",Merlot (Soepel),4.69,4.69,,,,,"0,75 l",prijs per liter €6.25,False,,,,,,True,AH,https://www.ah.nl/producten/product/wi222345,2026-07-28,AH Merlot,beer-wine aperitifs
586426,35117,Breezer Crisp watermelon,Breezer,bier-wijn-aperitieven,"Bier, wijn, aperitieven",Mixdranken,2.29,2.29,,,,,275 ml,prijs per liter €8.33,False,,,,,,True,AH,https://www.ah.nl/producten/product/wi586426,2026-07-28,Breezer Crisp watermelon,beer-wine aperitifs
592023,38918,Hola! Verdejo rueda,Hola!,bier-wijn-aperitieven,"Bier, wijn, aperitieven",Verdejo (Fris en droog),6.65,6.65,,,,,"0,75 l",prijs per liter €8.87,False,,,,,,True,AH,https://www.ah.nl/producten/product/wi592023,2026-07-28,Hello! Verdejo rueda,beer-wine aperitifs
616325,0,Remy Pannier Remy Pannier Rosé Cuvée 4 flessen,Remy Pannier,bier-wijn-aperitieven,"Bier, wijn, aperitieven",Lichtzoete rosé,18.96,19.96,5.0,5% volume voordeel,,,4 stuks,,True,AHOO,5% volume voordeel,2026-07-28,2999-12-31,,True,AH,https://www.ah.nl/producten/product/wi616325,2026-07-28,Remy Pannier Remy Pannier Rosé Cuvée 4 bottles,beer-wine aperitifs
616542,0,Viverty Viverty Orange Spritz 6 flessen,Viverty,bier-wijn-aperitieven,"Bier, wijn, aperitieven",Alcoholvrij bubbels,23.94,35.94,33.4,pakketkorting,,,6 stuks,,True,AHOO,,2026-07-28,2026-08-02,,True,AH,https://www.ah.nl/producten/product/wi616542,2026-07-28,Viverty Viverty Orange Spritz 6 bottles,beer-wine aperitifs
198108,99380,Warsteiner Premium beer,Warsteiner,bier-wijn-aperitieven,"Bier, wijn, aperitieven",Pils blik,1.49,1.49,,,,,"0,5 l",prijs per liter €2.98,False,,,,,,True,AH,https://www.ah.nl/producten/product/wi198108,2026-07-28,Warsteiner Premium beer,beer-wine aperitifs
212127,806454,Li Limoncellow,Li,bier-wijn-aperitieven,"Bier, wijn, aperitieven",Mixdranken,8.99,8.99,,,,,"0,5 l",prijs per liter €17.98,False,,,,,,True,AH,https://www.ah.nl/producten/product/wi212127,2026-07-28,Li Limoncellow,beer-wine aperitifs
553879,609853,S. Pellegrino Aranciata 6-pack,S. Pellegrino,bier-wijn-aperitieven,"Frisdrank, sappen, water",Craft en speciaal fris,7.99,7.99,,,,,"6 x 0,33 l",prijs per liter €4.04,False,,,,,D,True,AH,https://www.ah.nl/producten/product/wi553879,2026-07-28,S. Pellegrino Aranciata 6-pack,beer-wine aperitifs
583292,25820,Jartails Pornstar martini,Jartails,bier-wijn-aperitieven,"Bier, wijn, aperitieven",Mixdranken,2.99,2.99,,,,,120 ml,prijs per liter €24.92,False,,,,,,True,AH,https://www.ah.nl/producten/product/wi583292,2026-07-28,Jartails Pornstar martini,beer-wine aperitifs
587296,31537,Brouwerij 't IJ Calypso,Brouwerij 't IJ,bier-wijn-aperitieven,"Bier, wijn, aperitieven",IPA,2.39,2.39,,,,,330 ml,prijs per liter €7.24,False,,,,,,True,AH,https://www.ah.nl/producten/product/wi587296,2026-07-28,Brewery 't IJ Calypso,beer-wine aperitifs
591511,0,Vina Temprana Tempranillo 6 flessen,Vina Temprana,bier-wijn-aperitieven,"Bier, wijn, aperitieven",Tempranillo (Soepel),19.39,21.54,10.0,10% volume voordeel,,,6 stuks,,True,AHOO,10% volume voordeel,2026-07-28,2999-12-31,,True,AH,https://www.ah.nl/producten/product/wi591511,2026-07-28,Vina Temprana Tempranillo 6 bottles,beer-wine aperitifs
616376,0,Undurraga Undurraga Rosé 4 flessen,Undurraga,bier-wijn-aperitieven,"Bier, wijn, aperitieven",Droge rosé,20.1,21.16,5.0,5% volume voordeel,,,4 stuks,,True,AHOO,5% volume voordeel,2026-07-28,2999-12-31,,True,AH,https://www.ah.nl/producten/product/wi616376,2026-07-28,Undurraga Undurraga Rosé 4 bottles,beer-wine aperitifs
623880,0,Brouwerij 't IJ Brouwerij 't IJ Calypso 4-pack,Brouwerij 't IJ,bier-wijn-aperitieven,"Bier, wijn, aperitieven",IPA,8.6,9.56,10.0,10% volume voordeel,,,4 stuks,,True,AHOO,10% volume voordeel,2026-07-28,2999-12-31,,True,AH,https://www.ah.nl/producten/product/wi623880,2026-07-28,Brouwerij 't IJ Brouwerij 't IJ Calypso 4-pack,beer-wine aperitifs
222358,813507,AH Vol & halfzoete Zuid-Afrikaanse wit,AH,bier-wijn-aperitieven,"Bier, wijn, aperitieven",Overige witte wijn (Fris en droog),4.99,4.99,,,,,1 l,prijs per liter €4.99,False,,,,,,True,AH,https://www.ah.nl/producten/product/wi222358,2026-07-28,AH Full & semi-sweet South African white,beer-wine aperitifs
385751,844007,Lander bräu Strong beer,Lander bräu,bier-wijn-aperitieven,"Bier, wijn, aperitieven",Blond bier,1.29,1.29,,,,,"0,5 l",prijs per liter €2.58,False,,,,,,True,AH,https://www.ah.nl/producten/product/wi385751,2026-07-28,Lander bräu Strong beer,beer-wine aperitifs
421950,106313,Cune Rueda Verdejo,Cune,bier-wijn-aperitieven,"Bier, wijn, aperitieven",Verdejo (Fris en droog),6.49,8.65,25.0,25% korting,,,"0,75 l",normale prijs per liter €11.53,True,GAKK,25% korting,2026-07-13,2026-08-02,,True,GALL,https://www.ah.nl/producten/product/wi421950,2026-07-28,Cune Rueda Verdejo,beer-wine aperitifs
560569,94371,Scarlet Mojito alcoholvrij,Scarlet,bier-wijn-aperitieven,"Bier, wijn, aperitieven",Alcoholvrij aperitieven,3.99,3.99,,,,,"0,75 l",prijs per liter €5.32,False,,,,,E,True,AH,https://www.ah.nl/producten/product/wi560569,2026-07-28,Scarlet Mojito alcohol-free,beer-wine aperitifs
576011,17397,Sqweez White peach,Sqweez,bier-wijn-aperitieven,"Frisdrank, sappen, water",Craft en speciaal fris,0.99,0.99,,,,,250 ml,prijs per liter €3.96,False,,,,,C,True,AH,https://www.ah.nl/producten/product/wi576011,2026-07-28,Sqweez White peach,beer-wine aperitifs
587295,31536,Brouwerij 't IJ Blondie,Brouwerij 't IJ,bier-wijn-aperitieven,"Bier, wijn, aperitieven",Blond bier,2.59,2.59,,,,,330 ml,prijs per liter €7.85,False,,,,,,True,AH,https://www.ah.nl/producten/product/wi587295,2026-07-28,Brouwerij 't IJ Blondie,beer-wine aperitifs
588525,0,Scarlet Mojito alcoholvrij 6 flessen,Scarlet,bier-wijn-aperitieven,"Bier, wijn, aperitieven",Alcoholvrij aperitieven,21.55,23.94,10.0,10% volume voordeel,,,6 stuks,,True,AHOO,10% volume voordeel,2026-07-28,2999-12-31,,True,AH,https://www.ah.nl/producten/product/wi588525,2026-07-28,Scarlet Mojito alcohol-free 6 bottles,beer-wine aperitifs
607624,64672,Living Things Lemon & ginger,Living Things,bier-wijn-aperitieven,"Frisdrank, sappen, water",Craft en speciaal fris,1.99,1.99,,,,,330 ml,prijs per liter €6.03,False,,,,,B,True,AH,https://www.ah.nl/producten/product/wi607624,2026-07-28,Living Things Lemon & ginger,beer-wine aperitifs
616131,0,Cecchi Cecchi Calipte Toscana Rosato 4 flessen,Cecchi,bier-wijn-aperitieven,"Bier, wijn, aperitieven",Droge rosé,35.3,37.16,5.0,5% volume voordeel,,,4 stuks,,True,AHOO,5% volume voordeel,2026-07-28,2999-12-31,,True,AH,https://www.ah.nl/producten/product/wi616131,2026-07-28,Cecchi Cecchi Calipte Toscana Rosato 4 bottles,beer-wine aperitifs
616180,0,Fantini Fantini Puglia Rosato 4 flessen,Fantini,bier-wijn-aperitieven,"Bier, wijn, aperitieven",Droge rosé,19.96,23.96,16.7,pakketkorting,,,4 stuks,,True,AHOO,,2026-07-28,2026-08-02,,True,AH,https://www.ah.nl/producten/product/wi616180,2026-07-28,Fantini Fantini Puglia Rosato 4 bottles,beer-wine aperitifs
616181,0,Fantini Fantini Puglia Rosso 4 flessen,Fantini,bier-wijn-aperitieven,"Bier, wijn, aperitieven",Sangiovese (Soepel),19.96,23.96,16.7,pakketkorting,,,4 stuks,,True,AHOO,,2026-07-28,2026-08-02,,True,AH,https://www.ah.nl/producten/product/wi616181,2026-07-28,Fantini Fantini Puglia Rosso 4 bottles,beer-wine aperitifs
616395,0,Viverty Viverty Orange Spritz 4 flessen,Viverty,bier-wijn-aperitieven,"Bier, wijn, aperitieven",Alcoholvrij bubbels,15.96,23.96,33.4,pakketkorting,,,4 stuks,,True,AHOO,,2026-07-28,2026-08-02,,True,AH,https://www.ah.nl/producten/product/wi616395,2026-07-28,Viverty Viverty Orange Spritz 4 bottles,beer-wine aperitifs
623877,0,Brouwerij 't IJ Brouwerij 't IJ Blondie 4-pack,Brouwerij 't IJ,bier-wijn-aperitieven,"Bier, wijn, aperitieven",Blond bier,9.32,10.36,10.0,10% volume voordeel,,,4 stuks,,True,AHOO,10% volume voordeel,2026-07-28,2999-12-31,,True,AH,https://www.ah.nl/producten/product/wi623877,2026-07-28,Brouwerij 't IJ Brouwerij 't IJ Blondie 4-pack,beer-wine aperitifs
49843,106344,Bavaria 0.0% Bier 6-pack,Bavaria,bier-wijn-aperitieven,"Bier, wijn, aperitieven",Alcoholvrij pils,5.29,5.29,,1 + 1 gratis,,1.0,"6 x 0,3 l",normale prijs per liter €2.94,True,AH,1 + 1 gratis,2026-07-27,2026-08-02,B,True,AH,https://www.ah.nl/producten/product/wi49843,2026-07-28,Bavaria 0.0% Bier 6-pack,beer-wine aperitifs
160410,627309,Novas Chardonnay gran reserva organic wine,Novas,bier-wijn-aperitieven,"Bier, wijn, aperitieven",Chardonnay (Vol en droog),7.99,7.99,,,,,"0,75 l",prijs per liter €10.65,False,,,,,,True,AH,https://www.ah.nl/producten/product/wi160410,2026-07-28,Novas Chardonnay gran reserva organic wine,beer-wine aperitifs
198112,508498,Alfa Edel pils,Alfa,bier-wijn-aperitieven,"Bier, wijn, aperitieven",Pils blik,1.39,1.39,,,,,"0,5 l",prijs per liter €2.78,False,,,,,,True,AH,https://www.ah.nl/producten/product/wi198112,2026-07-28,Alfa Edel lager,beer-wine aperitifs
514634,592204,Antonin Rodet Vin de france chardonnay,Antonin Rodet,bier-wijn-aperitieven,"Bier, wijn, aperitieven",Chardonnay (Vol en droog),7.59,7.59,,,,,"0,75 l",prijs per liter €10.12,False,,,,,,True,AH,https://www.ah.nl/producten/product/wi514634,2026-07-28,Antonin Rodet Vin de France chardonnay,beer-wine aperitifs
586904,0,Novas Chardonnay reserva organic 6 flessen,Novas,bier-wijn-aperitieven,"Bier, wijn, aperitieven",Chardonnay (Fris en droog),43.15,47.94,10.0,10% volume voordeel,,,6 stuks,,True,AHOO,10% volume voordeel,2026-07-28,2999-12-31,,True,AH,https://www.ah.nl/producten/product/wi586904,2026-07-28,Novas Chardonnay reserva organic 6 bottles,beer-wine aperitifs
589162,34571,De Frisdrank Fabriek Gember limoen,De Frisdrank Fabriek,bier-wijn-aperitieven,"Frisdrank, sappen, water",Craft en speciaal fris,1.79,1.79,,,,,250 ml,prijs per liter €7.16,False,,,,,D,True,AH,https://www.ah.nl/producten/product/wi589162,2026-07-28,The Soda Factory Ginger lime,beer-wine aperitifs
593828,42271,S. Pellegrino Limonata light 6-pack,S. Pellegrino,bier-wijn-aperitieven,"Frisdrank, sappen, water",Craft en speciaal fris,7.99,7.99,,,,,"1,98 l",prijs per liter €4.04,False,,,,,C,True,AH,https://www.ah.nl/producten/product/wi593828,2026-07-28,S. Pellegrino Limonata light 6-pack,beer-wine aperitifs
600768,0,S. Pellegrino Limonata light 6-pack 2-pack,S. Pellegrino,bier-wijn-aperitieven,"Frisdrank, sappen, water",Craft en speciaal fris,14.38,15.98,10.0,10% volume voordeel,,,2 stuks,,True,AHOO,10% volume voordeel,2026-07-28,2999-12-31,,True,AH,https://www.ah.nl/producten/product/wi600768,2026-07-28,S. Pellegrino Limonata light 6-pack 2-pack,beer-wine aperitifs
616068,0,AH AH ZA wit droog 4 flessen,AH,bier-wijn-aperitieven,"Bier, wijn, aperitieven",Chardonnay (Vol en droog),18.96,19.96,5.0,5% volume voordeel,,,4 stuks,,True,AHOO,5% volume voordeel,2026-07-28,2999-12-31,,True,AH,https://www.ah.nl/producten/product/wi616068,2026-07-28,AH AH ZA white dry 4 bottles,beer-wine aperitifs
616069,0,AH AH ZA wit droog 4 flessen,AH,bier-wijn-aperitieven,"Bier, wijn, aperitieven",Witte wijn klein,9.08,9.56,5.0,5% volume voordeel,,,4 stuks,,True,AHOO,5% volume voordeel,2026-07-28,2999-12-31,,True,AH,https://www.ah.nl/producten/product/wi616069,2026-07-28,AH AH ZA white dry 4 bottles,beer-wine aperitifs
616268,0,Lindeman's Lindeman's Bin 35 Rosé 4 flessen,Lindeman's,bier-wijn-aperitieven,"Bier, wijn, aperitieven",Droge rosé,25.27,26.6,5.0,5% volume voordeel,,,4 stuks,,True,AHOO,5% volume voordeel,2026-07-28,2999-12-31,,True,AH,https://www.ah.nl/producten/product/wi616268,2026-07-28,Lindeman's Lindeman's Bin 35 Rosé 4 bottles,beer-wine aperitifs
616412,0,Wild Pig Wild Pig Sauvignon blanc 4 flessen,Wild Pig,bier-wijn-aperitieven,"Bier, wijn, aperitieven",Sauvignon Blanc (Fris en droog),22.76,23.96,5.0,5% volume voordeel,,,4 stuks,,True,AHOO,5% volume voordeel,2026-07-28,2999-12-31,,True,AH,https://www.ah.nl/producten/product/wi616412,2026-07-28,Wild Pig Wild Pig Sauvignon blanc 4 bottles,beer-wine aperitifs
616543,0,Viverty Viverty Sparkling Wit AF 6 flessen,Viverty,bier-wijn-aperitieven,"Bier, wijn, aperitieven",Alcoholvrij bubbels,13.45,14.94,10.0,10% volume voordeel,,,6 stuks,,True,AHOO,10% volume voordeel,2026-07-28,2999-12-31,,True,AH,https://www.ah.nl/producten/product/wi616543,2026-07-28,Viverty Viverty Sparkling White AF 6 bottles,beer-wine aperitifs
179065,612698,Kasteelbier Rouge,Kasteelbier,bier-wijn-aperitieven,"Bier, wijn, aperitieven","Dubbel, tripel, quadrupel bier",2.25,2.25,,,,,330 ml,prijs per liter €6.82,False,,,,,,True,AH,https://www.ah.nl/producten/product/wi179065,2026-07-28,Castle beer Rouge,beer-wine aperitifs
412668,855868,Desperados Mojito bier 6-pack,Desperados,bier-wijn-aperitieven,"Bier, wijn, aperitieven",Mexicaans bier,7.99,10.65,25.0,25% korting,,,"6 x 0,33 l",normale prijs per liter €5.38,True,AH,25% korting,2026-07-27,2026-08-02,,True,AH,https://www.ah.nl/producten/product/wi412668,2026-07-28,Desperados Mojito beer 6-pack,beer-wine aperitifs
594596,42895,Gebrouwen door vrouw Mango mañana,Gebrouwen door vrouw,bier-wijn-aperitieven,"Bier, wijn, aperitieven",Alcoholvrij IPA,2.59,2.59,,,,,330 ml,prijs per liter €7.85,False,,,,,,True,AH,https://www.ah.nl/producten/product/wi594596,2026-07-28,Gebrouwen door vrouw Mango mañana,beer-wine aperitifs
614579,0,Royal Club Pink Grapefruit 0% suiker 16-pack,Royal Club,bier-wijn-aperitieven,"Frisdrank, sappen, water",Craft en speciaal fris,12.56,13.96,10.0,10% volume voordeel,,,4 stuks,,True,AHOO,10% volume voordeel,2026-07-28,2999-12-31,,True,AH,https://www.ah.nl/producten/product/wi614579,2026-07-28,Royal Club Pink Grapefruit 0% sugar 16-pack,beer-wine aperitifs
615124,0,S. Pellegrino Clementina 6-pack 4-pack,S. Pellegrino,bier-wijn-aperitieven,"Frisdrank, sappen, water",Craft en speciaal fris,30.04,31.96,6.0,6% volume voordeel,,,4 stuks,,True,AHOO,6% volume voordeel,2026-07-28,2999-12-31,,True,AH,https://www.ah.nl/producten/product/wi615124,2026-07-28,S. Pellegrino Clementina 6-pack 4-pack,beer-wine aperitifs
616176,0,El Maestro El Maestro Rood 4 flessen,El Maestro,bier-wijn-aperitieven,"Bier, wijn, aperitieven",Tempranillo (Soepel),17.16,21.16,18.9,pakketkorting,,,4 stuks,,True,AHOO,,2026-07-28,2026-08-02,,True,AH,https://www.ah.nl/producten/product/wi616176,2026-07-28,El Maestro El Maestro Red 4 bottles,beer-wine aperitifs
616489,0,Hola! Hola! Verdejo Rueda 6 flessen,Hola!,bier-wijn-aperitieven,"Bier, wijn, aperitieven",Verdejo (Fris en droog),35.91,39.9,10.0,10% volume voordeel,,,6 stuks,,True,AHOO,10% volume voordeel,2026-07-28,2999-12-31,,True,AH,https://www.ah.nl/producten/product/wi616489,2026-07-28,Hello! Hello! Verdejo Rueda 6 bottles,beer-wine aperitifs
616051,0,AH AH Franse rode huiswijn 4 flessen,AH,bier-wijn-aperitieven,"Bier, wijn, aperitieven",Syrah/Shiraz (Fruitig),18.58,19.56,5.0,5% volume voordeel,,,4 stuks,,True,AHOO,5% volume voordeel,2026-07-28,2999-12-31,,True,AH,https://www.ah.nl/producten/product/wi616051,2026-07-28,AH AH French red house wine 4 bottles,beer-wine aperitifs
616397,0,Viverty Viverty Sparkling Wit AF 4 flessen,Viverty,bier-wijn-aperitieven,"Bier, wijn, aperitieven",Alcoholvrij bubbels,9.46,9.96,5.0,5% volume voordeel,,,4 stuks,,True,AHOO,5% volume voordeel,2026-07-28,2999-12-31,,True,AH,https://www.ah.nl/producten/product/wi616397,2026-07-28,Viverty Viverty Sparkling White AF 4 bottles,beer-wine aperitifs
616434,0,AH AH Zuid-Afrikaanse wit droog 6 flessen,AH,bier-wijn-aperitieven,"Bier, wijn, aperitieven",Witte wijn klein,12.91,14.34,10.0,10% volume voordeel,,,6 stuks,,True,AHOO,10% volume voordeel,2026-07-28,2999-12-31,,True,AH,https://www.ah.nl/producten/product/wi616434,2026-07-28,AH AH Zuid-Afrikaanse wit droog 6 flessen,beer-wine aperitifs
623879,0,Brouwerij 't IJ Brouwerij 't IJ Calypso 16-pack,Brouwerij 't IJ,bier-wijn-aperitieven,"Bier, wijn, aperitieven",IPA,30.59,38.24,20.0,20% volume voordeel,,,16 stuks,,True,AHOO,20% volume voordeel,2026-07-28,2999-12-31,,True,AH,https://www.ah.nl/producten/product/wi623879,2026-07-28,Brouwerij 't IJ Brouwerij 't IJ Calypso 16-pack,beer-wine aperitifs
623881,0,Brouwerij 't IJ Brouwerij 't IJ Calypso 8-pack,Brouwerij 't IJ,bier-wijn-aperitieven,"Bier, wijn, aperitieven",IPA,16.25,19.12,15.0,15% volume voordeel,,,8 stuks,,True,AHOO,15% volume voordeel,2026-07-28,2999-12-31,,True,AH,https://www.ah.nl/producten/product/wi623881,2026-07-28,Brouwerij 't IJ Brouwerij 't IJ Calypso 8-pack,beer-wine aperitifs
570000,10140,Liefmans On the rocks peach 4-pack,Liefmans,bier-wijn-aperitieven,"Bier, wijn, aperitieven","Rosé bier, fruitbier",6.89,6.89,,,,,"4 x 0,25 l",prijs per liter €6.89,False,,,,,,True,AH,https://www.ah.nl/producten/product/wi570000,2026-07-28,Liefmans On the rocks peach 4-pack,beer-wine aperitifs
584910,0,Sarmentino Zinfandel rosé 6 flessen,Sarmentino,bier-wijn-aperitieven,"Bier, wijn, aperitieven",Lichtzoete rosé,23.17,25.74,10.0,10% volume voordeel,,,6 stuks,,True,AHOO,10% volume voordeel,2026-07-28,2999-12-31,,True,AH,https://www.ah.nl/producten/product/wi584910,2026-07-28,Sarmentino Zinfandel rosé 6 bottles,beer-wine aperitifs
589392,35401,Cornet Alcoholfree bel,Cornet,bier-wijn-aperitieven,"Bier, wijn, aperitieven",Alcoholvrij IPA,1.65,1.65,,,,,330 ml,prijs per liter €5.00,False,,,,,C,True,AH,https://www.ah.nl/producten/product/wi589392,2026-07-28,Cornet Alcoholfree call,beer-wine aperitifs
613034,68494,AH Excellent Prosecco rosé,AH Excellent,bier-wijn-aperitieven,"Bier, wijn, aperitieven",Prosecco droog,5.99,7.99,25.0,25% korting,,,"0,75 l",normale prijs per liter €10.65,True,AH,25% korting,2026-07-27,2026-08-02,,True,AH,https://www.ah.nl/producten/product/wi613034,2026-07-28,AH Excellent Prosecco rosé,beer-wine aperitifs
614020,71745,Royal Club Lemon soda 4-pack,Royal Club,bier-wijn-aperitieven,"Frisdrank, sappen, water",Craft en speciaal fris,4.69,4.69,,,,,1 l,prijs per liter €4.69,False,,,,,E,True,AH,https://www.ah.nl/producten/product/wi614020,2026-07-28,Royal Club Lemon soda 4-pack,beer-wine aperitifs
616224,0, Grüner veltliner 4 flessen,,bier-wijn-aperitieven,"Bier, wijn, aperitieven",Grüner Veltliner (Fris en droog),18.05,19.0,5.0,5% volume voordeel,,,4 stuks,,True,AHOO,5% volume voordeel,2026-07-28,2999-12-31,,True,AH,https://www.ah.nl/producten/product/wi616224,2026-07-28,Grüner veltliner 4 bottles,beer-wine aperitifs
616938,0,Mooi Kaap Droë Rooi 6 flessen,Mooi Kaap,bier-wijn-aperitieven,"Bier, wijn, aperitieven",Overige rode wijn (Soepel),23.71,26.34,10.0,10% volume voordeel,,,6 stuks,,True,AHOO,10% volume voordeel,2026-07-28,2999-12-31,,True,AH,https://www.ah.nl/producten/product/wi616938,2026-07-28,Beautiful Kaap Droë Rooi 6 bottles,beer-wine aperitifs
623875,0,Brouwerij 't IJ Brouwerij 't IJ Blondie 16-pack,Brouwerij 't IJ,bier-wijn-aperitieven,"Bier, wijn, aperitieven",Blond bier,33.15,41.44,20.0,20% volume voordeel,,,16 stuks,,True,AHOO,20% volume voordeel,2026-07-28,2999-12-31,,True,AH,https://www.ah.nl/producten/product/wi623875,2026-07-28,Brouwerij 't IJ Brouwerij 't IJ Blondie 16-pack,beer-wine aperitifs
623878,0,Brouwerij 't IJ Brouwerij 't IJ Blondie 8-pack,Brouwerij 't IJ,bier-wijn-aperitieven,"Bier, wijn, aperitieven",Blond bier,17.61,20.72,15.0,15% volume voordeel,,,8 stuks,,True,AHOO,15% volume voordeel,2026-07-28,2999-12-31,,True,AH,https://www.ah.nl/producten/product/wi623878,2026-07-28,Brouwerij 't IJ Brouwerij 't IJ Blondie 8-pack,beer-wine aperitifs
623910,0,Liefmans Liefmans On the rocks peach 8-pack,Liefmans,bier-wijn-aperitieven,"Bier, wijn, aperitieven","Rosé bier, fruitbier",13.09,13.78,5.0,5% volume voordeel,,,2 stuks,,True,AHOO,5% volume voordeel,2026-07-28,2999-12-31,,True,AH,https://www.ah.nl/producten/product/wi623910,2026-07-28,Liefmans Liefmans On the rocks peach 8-pack,beer-wine aperitifs
93744,387312,Alamos Malbec,Alamos,bier-wijn-aperitieven,"Bier, wijn, aperitieven",Malbec (Stevig),7.64,8.49,10.0,10% korting,,,"0,75 l",normale prijs per liter €11.32,True,AH,10% Gall & Gall Kaartkorting,,,,True,GALL,https://www.ah.nl/producten/product/wi93744,2026-07-28,Alamos Malbec,beer-wine aperitifs
188065,788088,AH Biologisch Chardonnay,AH Biologisch,bier-wijn-aperitieven,"Bier, wijn, aperitieven","Rode wijntaps, pouch, bag in box",10.49,10.49,,,,,"2,25 l",prijs per liter €4.66,False,,,,,,True,AH,https://www.ah.nl/producten/product/wi188065,2026-07-28,AH Biologisch Chardonnay,beer-wine aperitifs
190756,844073,St. Bernardus Abt 12,St. Bernardus,bier-wijn-aperitieven,"Bier, wijn, aperitieven","Dubbel, tripel, quadrupel bier",2.89,2.89,,,,,330 ml,prijs per liter €8.76,False,,,,,,True,AH,https://www.ah.nl/producten/product/wi190756,2026-07-28,St. Bernard Abbot 12,beer-wine aperitifs
199481,606204,Codorníu Clasico brut rosé,Codorníu,bier-wijn-aperitieven,"Bier, wijn, aperitieven",Cava droog,7.99,7.99,,,,,"0,75 l",prijs per liter €10.65,False,,,,,,True,AH,https://www.ah.nl/producten/product/wi199481,2026-07-28,Codorníu Clasico brut rosé,beer-wine aperitifs
583527,0,Antonin Rodet Vin de france chardonnay 6 flessen,Antonin Rodet,bier-wijn-aperitieven,"Bier, wijn, aperitieven",Chardonnay (Fris en droog),40.99,45.54,10.0,10% volume voordeel,,,6 stuks,,True,AHOO,10% volume voordeel,2026-07-28,2999-12-31,,True,AH,https://www.ah.nl/producten/product/wi583527,2026-07-28,Antonin Rodet Vin de France chardonnay 6 bottles,beer-wine aperitifs
587394,0,Codorníu Clasico brut rosé 6 flessen,Codorníu,bier-wijn-aperitieven,"Bier, wijn, aperitieven",Cava droog,43.15,47.94,10.0,10% volume voordeel,,,6 stuks,,True,AHOO,10% volume voordeel,2026-07-28,2999-12-31,,True,AH,https://www.ah.nl/producten/product/wi587394,2026-07-28,Codorníu Clasico brut rosé 6 bottles,beer-wine aperitifs
236674,828281,J.M. da Fonseca Vinho verde,J.M. da Fonseca,bier-wijn-aperitieven,"Bier, wijn, aperitieven",Overige witte wijn (Fris en droog),3.99,3.99,,,,,"0,75 l",prijs per liter €5.32,False,,,,,,True,AH,https://www.ah.nl/producten/product/wi236674,2026-07-28,J.M. da Fonseca Vinho verde,beer-wine aperitifs
440930,81114,Los Molinos Rosé,Los Molinos,bier-wijn-aperitieven,"Bier, wijn, aperitieven","Rose wijntaps, pouch, bag in box",10.99,10.99,,,,,3 l,prijs per liter €3.66,False,,,,,,True,AH,https://www.ah.nl/producten/product/wi440930,2026-07-28,Los Molinos Rose,beer-wine aperitifs
474907,728017,Bavaria Pilsener 6-pack,Bavaria,bier-wijn-aperitieven,"Bier, wijn, aperitieven",Pils blik,5.39,7.19,25.0,25% korting,,,"6 x 0,5 l",normale prijs per liter €2.40,True,AH,25% korting,2026-07-27,2026-08-02,,True,AH,https://www.ah.nl/producten/product/wi474907,2026-07-28,Bavaria Pilsener 6-pack,beer-wine aperitifs
489888,743584,Stëlz Hard seltzer raspberry,Stëlz,bier-wijn-aperitieven,"Bier, wijn, aperitieven",Seltzers,1.79,2.39,25.0,25% korting,,,250 ml,normale prijs per liter €9.56,True,AH,25% korting,2026-07-27,2026-08-02,,True,AH,https://www.ah.nl/producten/product/wi489888,2026-07-28,Stëlz Hard seltzer raspberry,beer-wine aperitifs
562153,176,Frontaal Juice Punch 0.5 non alcoholic NEIPA,Frontaal,bier-wijn-aperitieven,"Bier, wijn, aperitieven",Alcoholvrij IPA,2.79,2.79,,,,,"0,33 l",prijs per liter €8.45,False,,,,,C,True,AH,https://www.ah.nl/producten/product/wi562153,2026-07-28,Frontal Juice Punch 0.5 non alcoholic NEIPA,beer-wine aperitifs
569733,10144,Amstel Rosé bier 6-pack,Amstel,bier-wijn-aperitieven,"Bier, wijn, aperitieven","Rosé bier, fruitbier",7.99,7.99,,,,,"6 x 0,3 l",prijs per liter €4.44,False,,,,,,True,AH,https://www.ah.nl/producten/product/wi569733,2026-07-28,Amstel Rosé beer 6-pack,beer-wine aperitifs
571809,14094,"Gulpener IPA 0,3% 4-pack",Gulpener,bier-wijn-aperitieven,"Bier, wijn, aperitieven",IPA,5.99,5.99,,,,,"4 x 0,3 l",prijs per liter €4.99,False,,,,,B,True,AH,https://www.ah.nl/producten/product/wi571809,2026-07-28,Gulpener IPA 0.3% 4-pack,beer-wine aperitifs
577859,0,AH Merlot 6 flessen,AH,bier-wijn-aperitieven,"Bier, wijn, aperitieven",Merlot (Soepel),25.33,28.14,10.0,10% volume voordeel,,,6 stuks,,True,AHOO,10% volume voordeel,2026-07-28,2999-12-31,,True,AH,https://www.ah.nl/producten/product/wi577859,2026-07-28,AH Merlot 6 bottles,beer-wine aperitifs
606638,0,Amstel rosé bier 12-pack,Amstel,bier-wijn-aperitieven,"Bier, wijn, aperitieven","Rosé bier, fruitbier",15.18,15.98,5.0,5% volume voordeel,,,2 stuks,,True,AHOO,5% volume voordeel,2026-07-28,2999-12-31,,True,AH,https://www.ah.nl/producten/product/wi606638,2026-07-28,Amstel rosé beer 12-pack,beer-wine aperitifs
611317,0,Grolsch Premium pilsner bier 24-pack,Grolsch,bier-wijn-aperitieven,"Bier, wijn, aperitieven",Pils blik,23.37,31.16,25.0,pakketkorting,,,4 stuks,,True,AHOO,,2026-07-28,2026-08-02,,True,AH,https://www.ah.nl/producten/product/wi611317,2026-07-28,Grolsch Premium pilsner bier 24-pack,beer-wine aperitifs
611319,0,Grolsch Premium pilsner bier 48-pack,Grolsch,bier-wijn-aperitieven,"Bier, wijn, aperitieven",Pils blik,46.74,62.32,25.0,pakketkorting,,,8 stuks,,True,AHOO,,2026-07-28,2026-08-02,,True,AH,https://www.ah.nl/producten/product/wi611319,2026-07-28,Grolsch Premium pilsner beer 48-pack,beer-wine aperitifs
614581,0,Royal Club Pink Grapefruit 0% suiker 36-pack,Royal Club,bier-wijn-aperitieven,"Frisdrank, sappen, water",Craft en speciaal fris,22.34,27.92,20.0,20% volume voordeel,,,8 stuks,,True,AHOO,20% volume voordeel,2026-07-28,2999-12-31,,True,AH,https://www.ah.nl/producten/product/wi614581,2026-07-28,Royal Club Pink Grapefruit 0% sugar 36 pack,beer-wine aperitifs
615125,0,S. Pellegrino Clementina 6-pack 8-pack,S. Pellegrino,bier-wijn-aperitieven,"Frisdrank, sappen, water",Craft en speciaal fris,57.53,63.92,10.0,10% volume voordeel,,,8 stuks,,True,AHOO,10% volume voordeel,2026-07-28,2999-12-31,,True,AH,https://www.ah.nl/producten/product/wi615125,2026-07-28,S. Pellegrino Clementina 6-pack 8-pack,beer-wine aperitifs
616228,0,Hardys Hardys Chard Sauv Blanc 4 flessen,Hardys,bier-wijn-aperitieven,"Bier, wijn, aperitieven",Chardonnay (Fris en droog),22.76,23.96,5.0,5% volume voordeel,,,4 stuks,,True,AHOO,5% volume voordeel,2026-07-28,2999-12-31,,True,AH,https://www.ah.nl/producten/product/wi616228,2026-07-28,Hardys Hardys Chard Sauv Blanc 4 bottles,beer-wine aperitifs
623949,0,Liefmans Liefmans On the rocks peach 16-pack,Liefmans,bier-wijn-aperitieven,"Bier, wijn, aperitieven","Rosé bier, fruitbier",24.8,27.56,10.0,10% volume voordeel,,,4 stuks,,True,AHOO,10% volume voordeel,2026-07-28,2999-12-31,,True,AH,https://www.ah.nl/producten/product/wi623949,2026-07-28,Liefmans Liefmans On the rocks peach 16-pack,beer-wine aperitifs
30538,79360,Undurraga Cabernet sauvignon,Undurraga,bier-wijn-aperitieven,"Bier, wijn, aperitieven",Cabernet Sauvignon (Stevig),5.29,5.29,,,,,"0,75 l",prijs per liter €7.05,False,,,,,,True,AH,https://www.ah.nl/producten/product/wi30538,2026-07-28,Undurraga Cabernet Sauvignon,beer-wine aperitifs
121507,504447,Los Molinos Rosé,Los Molinos,bier-wijn-aperitieven,"Bier, wijn, aperitieven",Droge rosé,3.69,3.69,,,,,"0,75 l",prijs per liter €4.92,False,,,,,,True,AH,https://www.ah.nl/producten/product/wi121507,2026-07-28,Los Molinos Rose,beer-wine aperitifs
401921,850473,AH Fris & droge Franse huiswijn rosé,AH,bier-wijn-aperitieven,"Bier, wijn, aperitieven",Rose klein,2.39,2.39,,,,,250 ml,prijs per liter €9.56,False,,,,,,True,AH,https://www.ah.nl/producten/product/wi401921,2026-07-28,AH Fris & droge Franse huiswijn rosé,beer-wine aperitifs
505794,852296,Affligem Blond abdijbier 6-pack,Affligem,bier-wijn-aperitieven,"Bier, wijn, aperitieven",Blond bier,7.49,9.99,25.0,25% korting,,,"6 x 0,33 l",normale prijs per liter €5.05,True,AH,25% korting,2026-07-27,2026-08-02,,True,AH,https://www.ah.nl/producten/product/wi505794,2026-07-28,Affligem Blond abbey beer 6-pack,beer-wine aperitifs
606632,0,Affligem Blond abdijbier 12-pack,Affligem,bier-wijn-aperitieven,"Bier, wijn, aperitieven",Blond bier,14.98,19.98,25.0,pakketkorting,,,2 stuks,,True,AHOO,,2026-07-28,2026-08-02,,True,AH,https://www.ah.nl/producten/product/wi606632,2026-07-28,Affligem Blond abdijbier 12-pack,beer-wine aperitifs
615874,0,Novas Novas Chardonnay GR Org. 4 flessen,Novas,bier-wijn-aperitieven,"Bier, wijn, aperitieven",Chardonnay (Vol en droog),30.36,31.96,5.0,5% volume voordeel,,,4 stuks,,True,AHOO,5% volume voordeel,2026-07-28,2999-12-31,,True,AH,https://www.ah.nl/producten/product/wi615874,2026-07-28,Novas Novas Chardonnay GR Org. 4 bottles,beer-wine aperitifs
616047,0,AH AH Franse rosé huiswijn 4 flessen,AH,bier-wijn-aperitieven,"Bier, wijn, aperitieven",Rose klein,9.08,9.56,5.0,5% volume voordeel,,,4 stuks,,True,AHOO,5% volume voordeel,2026-07-28,2999-12-31,,True,AH,https://www.ah.nl/producten/product/wi616047,2026-07-28,AH AH French rosé house wine 4 bottles,beer-wine aperitifs
55489,510823,Breezer Lime,Breezer,bier-wijn-aperitieven,"Bier, wijn, aperitieven",Mixdranken,2.29,2.29,,,,,275 ml,prijs per liter €8.33,False,,,,,,True,AH,https://www.ah.nl/producten/product/wi55489,2026-07-28,Breezer Lime,beer-wine aperitifs
192013,768568,Casillero del Diablo Pinot grigio reserva,Casillero del Diablo,bier-wijn-aperitieven,"Bier, wijn, aperitieven",Pinot Grigio (Fris en droog),6.99,6.99,,,,,"0,75 l",prijs per liter €9.32,False,,,,,,True,AH,https://www.ah.nl/producten/product/wi192013,2026-07-28,Casillero del Diablo Pinot grigio reserve,beer-wine aperitifs
212130,806552,Galilei Bellini frizzante peach,Galilei,bier-wijn-aperitieven,"Bier, wijn, aperitieven",Bubbels overig lichtzoet,4.49,4.49,,,,,"0,75 l",prijs per liter €5.99,False,,,,,,True,AH,https://www.ah.nl/producten/product/wi212130,2026-07-28,Galilei Bellini frizzante peach,beer-wine aperitifs
601099,0,AH Vol & halfzoete SA wit 6 flessen,AH,bier-wijn-aperitieven,"Bier, wijn, aperitieven",Overige witte wijn (Fris en droog),26.95,29.94,10.0,10% volume voordeel,,,6 stuks,,True,AHOO,10% volume voordeel,2026-07-28,2999-12-31,,True,AH,https://www.ah.nl/producten/product/wi601099,2026-07-28,AH Vol & halfzoete SA wit 6 flessen,beer-wine aperitifs
614580,0,Royal Club Pink Grapefruit 0% suiker 24-pack,Royal Club,bier-wijn-aperitieven,"Frisdrank, sappen, water",Craft en speciaal fris,17.8,20.94,15.0,15% volume voordeel,,,6 stuks,,True,AHOO,15% volume voordeel,2026-07-28,2999-12-31,,True,AH,https://www.ah.nl/producten/product/wi614580,2026-07-28,Royal Club Pink Grapefruit 0% sugar 24-pack,beer-wine aperitifs
515117,27149,Fourchette Tripel,Fourchette,bier-wijn-aperitieven,"Bier, wijn, aperitieven","Dubbel, tripel, quadrupel bier",2.19,2.19,,,,,330 ml,prijs per liter €6.64,False,,,,,,True,AH,https://www.ah.nl/producten/product/wi515117,2026-07-28,Fourchette Tripel,beer-wine aperitifs
590815,37798,Estandon Baie doree rosé,Estandon,bier-wijn-aperitieven,"Bier, wijn, aperitieven",Droge rosé,4.99,4.99,,,,,"0,75 l",prijs per liter €6.65,False,,,,,,True,AH,https://www.ah.nl/producten/product/wi590815,2026-07-28,Estandon Baie doree rosé,beer-wine aperitifs
616067,0,AH AH Australische witte wijn 4 flessen,AH,bier-wijn-aperitieven,"Bier, wijn, aperitieven",Overige witte wijn (Vol en droog),18.96,19.96,5.0,5% volume voordeel,,,4 stuks,,True,AHOO,5% volume voordeel,2026-07-28,2999-12-31,,True,AH,https://www.ah.nl/producten/product/wi616067,2026-07-28,AH AH Australian white wine 4 bottles,beer-wine aperitifs
1446,21092,Jerez Sherry 887 medium,Jerez,bier-wijn-aperitieven,"Bier, wijn, aperitieven",Sherry,7.99,7.99,,,,,1 l,prijs per liter €7.99,False,,,,,,True,AH,https://www.ah.nl/producten/product/wi1446,2026-07-28,Jerez Sherry 887 medium,beer-wine aperitifs
48334,501582,Bacardi Rum Mixed with Coca-Cola,Bacardi,bier-wijn-aperitieven,"Bier, wijn, aperitieven",Mixdranken,2.69,2.69,,,,,250 ml,prijs per liter €10.76,False,,,,,,True,AH,https://www.ah.nl/producten/product/wi48334,2026-07-28,Bacardi Rum Mixed with Coca-Cola,beer-wine aperitifs
128232,582543,Aliwen Chardonnay reserva,Aliwen,bier-wijn-aperitieven,"Bier, wijn, aperitieven",Chardonnay (Vol en droog),6.65,6.65,,,,,"0,75 l",prijs per liter €8.87,False,,,,,,True,AH,https://www.ah.nl/producten/product/wi128232,2026-07-28,Aliwen Chardonnay reserva,beer-wine aperitifs
222340,813489,AH Pinotage rosé,AH,bier-wijn-aperitieven,"Bier, wijn, aperitieven",Droge rosé,4.69,4.69,,,,,"0,75 l",prijs per liter €6.25,False,,,,,,True,AH,https://www.ah.nl/producten/product/wi222340,2026-07-28,AH Pinotage rosé,beer-wine aperitifs
601136,0,Jerez Sherry 887 medium 6 flessen,Jerez,bier-wijn-aperitieven,"Bier, wijn, aperitieven",Sherry,43.15,47.94,10.0,10% volume voordeel,,,6 stuks,,True,AHOO,10% volume voordeel,2026-07-28,2999-12-31,,True,AH,https://www.ah.nl/producten/product/wi601136,2026-07-28,Jerez Sherry 887 medium 6 bottles,beer-wine aperitifs
616239,0,Hola! Hola! Verdejo rueda 4 flessen,Hola!,bier-wijn-aperitieven,"Bier, wijn, aperitieven",Verdejo (Fris en droog),25.27,26.6,5.0,5% volume voordeel,,,4 stuks,,True,AHOO,5% volume voordeel,2026-07-28,2999-12-31,,True,AH,https://www.ah.nl/producten/product/wi616239,2026-07-28,Hola! Hola! Verdejo rueda 4 flessen,beer-wine aperitifs
616279,0,Lindeman's Lindeman's SA Shiraz Cab 4 flessen,Lindeman's,bier-wijn-aperitieven,"Bier, wijn, aperitieven",Syrah/Shiraz (Stevig),20.1,21.16,5.0,5% volume voordeel,,,4 stuks,,True,AHOO,5% volume voordeel,2026-07-28,2999-12-31,,True,AH,https://www.ah.nl/producten/product/wi616279,2026-07-28,Lindeman's Lindeman's SA Shiraz Cab 4 flessen,beer-wine aperitifs
616936,0,Mooi Kaap Droë Rooi 4 flessen,Mooi Kaap,bier-wijn-aperitieven,"Bier, wijn, aperitieven",Overige rode wijn (Soepel),12.5,13.16,5.0,5% volume voordeel,,,4 stuks,,True,AHOO,5% volume voordeel,2026-07-28,2999-12-31,,True,AH,https://www.ah.nl/producten/product/wi616936,2026-07-28,Mooi Kaap Droë Rooi 4 flessen,beer-wine aperitifs
48808,524692,Grimbergen Tripel abdijbier 6-pack,Grimbergen,bier-wijn-aperitieven,"Bier, wijn, aperitieven","Dubbel, tripel, quadrupel bier",9.49,9.49,,,,,"6 x 0,3 l",prijs per liter €5.27,False,,,,,,True,AH,https://www.ah.nl/producten/product/wi48808,2026-07-28,Grimbergen Tripel abbey beer 6-pack,beer-wine aperitifs
132334,556236,Bavaria 0.0% Bier 6-pack,Bavaria,bier-wijn-aperitieven,"Bier, wijn, aperitieven",Alcoholvrij pils,5.99,5.99,,1 + 1 gratis,,1.0,"6 x 0,33 l",normale prijs per liter €3.03,True,AH,1 + 1 gratis,2026-07-27,2026-08-02,B,True,AH,https://www.ah.nl/producten/product/wi132334,2026-07-28,Bavaria 0.0% Bier 6-pack,beer-wine aperitifs
164119,632944,Stormhoek Sauvignon blanc,Stormhoek,bier-wijn-aperitieven,"Bier, wijn, aperitieven",Sauvignon Blanc (Fris en droog),5.29,5.29,,,,,"0,75 l",prijs per liter €7.05,False,,,,,,True,AH,https://www.ah.nl/producten/product/wi164119,2026-07-28,Stormhoek Sauvignon blanc,beer-wine aperitifs
222353,813502,AH Soepele Zuid-Afrikaanse huiswijn rood,AH,bier-wijn-aperitieven,"Bier, wijn, aperitieven",Overige rode wijn (Soepel),4.89,4.89,,,,,1 l,prijs per liter €4.89,False,,,,,,True,AH,https://www.ah.nl/producten/product/wi222353,2026-07-28,AH Soepele Zuid-Afrikaanse huiswijn rood,beer-wine aperitifs
548542,36167,Brouwers Cerveza extra 6-pack,Brouwers,bier-wijn-aperitieven,"Bier, wijn, aperitieven",Mexicaans bier,5.39,5.39,,,,,"6 x 0,33 l",prijs per liter €2.72,False,,,,,,True,AH,https://www.ah.nl/producten/product/wi548542,2026-07-28,Brouwers Cerveza extra 6-pack,beer-wine aperitifs
576134,0,Undurraga Cabernet sauvignon 6 flessen,Undurraga,bier-wijn-aperitieven,"Bier, wijn, aperitieven",Cabernet Sauvignon (Stevig),28.57,31.74,10.0,10% volume voordeel,,,6 stuks,,True,AHOO,10% volume voordeel,2026-07-28,2999-12-31,,True,AH,https://www.ah.nl/producten/product/wi576134,2026-07-28,Undurraga Cabernet sauvignon 6 flessen,beer-wine aperitifs
586923,0,Los Molinos Rosé 6 flessen,Los Molinos,bier-wijn-aperitieven,"Bier, wijn, aperitieven",Droge rosé,19.93,22.14,10.0,10% volume voordeel,,,6 stuks,,True,AHOO,10% volume voordeel,2026-07-28,2999-12-31,,True,AH,https://www.ah.nl/producten/product/wi586923,2026-07-28,Los Molinos Rosé 6 bottles,beer-wine aperitifs
589163,34572,De Frisdrank Fabriek Framboos munt,De Frisdrank Fabriek,bier-wijn-aperitieven,"Frisdrank, sappen, water",Craft en speciaal fris,1.79,1.79,,,,,250 ml,prijs per liter €7.16,False,,,,,D,True,AH,https://www.ah.nl/producten/product/wi589163,2026-07-28,The Soda Factory Raspberry mint,beer-wine aperitifs
611300,0,Grimbergen Tripel abdijbier 18-pack,Grimbergen,bier-wijn-aperitieven,"Bier, wijn, aperitieven","Dubbel, tripel, quadrupel bier",25.62,28.47,10.0,10% volume voordeel,,,3 stuks,,True,AHOO,10% volume voordeel,2026-07-28,2999-12-31,,True,AH,https://www.ah.nl/producten/product/wi611300,2026-07-28,Grimbergen Tripel abbey beer 18-pack,beer-wine aperitifs
611301,0,Grimbergen Tripel abdijbier 36-pack,Grimbergen,bier-wijn-aperitieven,"Bier, wijn, aperitieven","Dubbel, tripel, quadrupel bier",48.4,56.94,15.0,15% volume voordeel,,,6 stuks,,True,AHOO,15% volume voordeel,2026-07-28,2999-12-31,,True,AH,https://www.ah.nl/producten/product/wi611301,2026-07-28,Grimbergen Tripel abbey beer 36-pack,beer-wine aperitifs
615157,0,S. Pellegrino Aranciata 6-pack 2-pack,S. Pellegrino,bier-wijn-aperitieven,"Frisdrank, sappen, water",Craft en speciaal fris,15.5,15.98,3.0,3% volume voordeel,,,2 stuks,,True,AHOO,3% volume voordeel,2026-07-28,2999-12-31,,True,AH,https://www.ah.nl/producten/product/wi615157,2026-07-28,S. Pellegrino Aranciata 6-pack 2-pack,beer-wine aperitifs
616115,0,Casillero del Diablo Casillero Cab. Sauv. Res 4 flessen,Casillero del Diablo,bier-wijn-aperitieven,"Bier, wijn, aperitieven",Cabernet Sauvignon (Stevig),26.56,27.96,5.0,5% volume voordeel,,,4 stuks,,True,AHOO,5% volume voordeel,2026-07-28,2999-12-31,,True,AH,https://www.ah.nl/producten/product/wi616115,2026-07-28,Casillero del Diablo Casillero Cab. Sauv. Res 4 flessen,beer-wine aperitifs
616149,0,Codorníu Codorníu Clasico Brut Rosé 4 flessen,Codorníu,bier-wijn-aperitieven,"Bier, wijn, aperitieven",Cava droog,30.36,31.96,5.0,5% volume voordeel,,,4 stuks,,True,AHOO,5% volume voordeel,2026-07-28,2999-12-31,,True,AH,https://www.ah.nl/producten/product/wi616149,2026-07-28,Codorníu Codorníu Clasico Brut Rosé 4 flessen,beer-wine aperitifs
99219,548241,Lindeman's Bin 40 merlot,Lindeman's,bier-wijn-aperitieven,"Bier, wijn, aperitieven",Merlot (Soepel),6.65,6.65,,,,,"0,75 l",prijs per liter €8.87,False,,,,,,True,AH,https://www.ah.nl/producten/product/wi99219,2026-07-28,Lindeman's Bin 40 merlot,beer-wine aperitifs
222352,813501,AH Soepele Spaanse huiswijn rood,AH,bier-wijn-aperitieven,"Bier, wijn, aperitieven",Tempranillo (Soepel),4.89,4.89,,,,,1 l,prijs per liter €4.89,False,,,,,,True,AH,https://www.ah.nl/producten/product/wi222352,2026-07-28,AH Soepele Spaanse huiswijn rood,beer-wine aperitifs
570705,11376,Divino Juventa weissburgunder,Divino,bier-wijn-aperitieven,"Bier, wijn, aperitieven",Pinot Blanc (Fris en droog),6.99,6.99,,,,,"0,75 l",prijs per liter €9.32,False,,,,,,True,AH,https://www.ah.nl/producten/product/wi570705,2026-07-28,Divino Juventa weissburgunder,beer-wine aperitifs
575696,17085,Perfetto Aperitivo Italiano,Perfetto,bier-wijn-aperitieven,"Bier, wijn, aperitieven",Likorettes,6.99,6.99,,,,,"0,7 l",prijs per liter €9.99,False,,,,,,True,AH,https://www.ah.nl/producten/product/wi575696,2026-07-28,Perfect Aperitivo Italiano,beer-wine aperitifs
585837,0,Casillero del Diablo Pinot grigio reserva 6 flessen,Casillero del Diablo,bier-wijn-aperitieven,"Bier, wijn, aperitieven",Pinot Grigio (Fris en droog),37.75,41.94,10.0,10% volume voordeel,,,6 stuks,,True,AHOO,10% volume voordeel,2026-07-28,2999-12-31,,True,AH,https://www.ah.nl/producten/product/wi585837,2026-07-28,Casillero del Diablo Pinot grigio reserva 6 flessen,beer-wine aperitifs
587260,0,Divino Juventa weissburgunder 6 flessen,Divino,bier-wijn-aperitieven,"Bier, wijn, aperitieven",Pinot Blanc (Fris en droog),37.75,41.94,10.0,10% volume voordeel,,,6 stuks,,True,AHOO,10% volume voordeel,2026-07-28,2999-12-31,,True,AH,https://www.ah.nl/producten/product/wi587260,2026-07-28,Divino Juventa weissburgunder 6 bottles,beer-wine aperitifs
587406,0,Galilei Bellini frizzante peach 6 flessen,Galilei,bier-wijn-aperitieven,"Bier, wijn, aperitieven",Bubbels overig lichtzoet,24.25,26.94,10.0,10% volume voordeel,,,6 stuks,,True,AHOO,10% volume voordeel,2026-07-28,2999-12-31,,True,AH,https://www.ah.nl/producten/product/wi587406,2026-07-28,Galilei Bellini frizzante peach 6 bottles,beer-wine aperitifs
603114,55558,De Kuyper Sex on the beach cocktail 0.0%,De Kuyper,bier-wijn-aperitieven,"Bier, wijn, aperitieven",Alcoholvrij aperitieven,2.29,2.29,,,,,250 ml,prijs per liter €9.16,False,,,,,E,True,AH,https://www.ah.nl/producten/product/wi603114,2026-07-28,De Kuyper Sex on the beach cocktail 0.0%,beer-wine aperitifs
610136,0,Cornet Alcoholfree 12 pack,Cornet,bier-wijn-aperitieven,"Bier, wijn, aperitieven",Alcoholvrij IPA,14.85,19.8,25.0,25% volume voordeel,,,12 stuks,,True,AHOO,25% volume voordeel,2026-07-28,2999-12-31,,True,AH,https://www.ah.nl/producten/product/wi610136,2026-07-28,Cornet Alcoholfree 12 pack,beer-wine aperitifs
616285,0,Los Molinos Los Molinos Rosé 4 flessen,Los Molinos,bier-wijn-aperitieven,"Bier, wijn, aperitieven","Rose wijntaps, pouch, bag in box",41.76,43.96,5.0,5% volume voordeel,,,4 stuks,,True,AHOO,5% volume voordeel,2026-07-28,2999-12-31,,True,AH,https://www.ah.nl/producten/product/wi616285,2026-07-28,Los Molinos Los Molinos Rosé 4 bottles,beer-wine aperitifs
616937,0,Mooi Kaap Droë Rooi 4 flessen,Mooi Kaap,bier-wijn-aperitieven,"Bier, wijn, aperitieven",Overige rode wijn (Soepel),16.68,17.56,5.0,5% volume voordeel,,,4 stuks,,True,AHOO,5% volume voordeel,2026-07-28,2999-12-31,,True,AH,https://www.ah.nl/producten/product/wi616937,2026-07-28,Mooi Kaap Droë Rooi 4 flessen,beer-wine aperitifs
96568,542455,Grolsch Krachtig kanon speciaalbier 6-pack,Grolsch,bier-wijn-aperitieven,"Bier, wijn, aperitieven","Dubbel, tripel, quadrupel bier",7.12,9.49,25.0,25% korting,,,"6 x 0,3 l",normale prijs per liter €5.27,True,AH,25% korting,2026-07-27,2026-08-02,,True,AH,https://www.ah.nl/producten/product/wi96568,2026-07-28,Grolsch Powerful cannon of specialty beer 6-pack,beer-wine aperitifs
99048,509520,Hertog Jan Lentebock 6-pack,Hertog Jan,bier-wijn-aperitieven,"Bier, wijn, aperitieven",Bockbier,8.79,8.79,,,,,"6 x 0,3 l",prijs per liter €4.88,False,,,,,,True,AH,https://www.ah.nl/producten/product/wi99048,2026-07-28,Hertog Jan Lentebock 6-pack,beer-wine aperitifs
129644,580935,Casillero del Diablo Viognier reserva,Casillero del Diablo,bier-wijn-aperitieven,"Bier, wijn, aperitieven",Viognier (Vol en droog),6.99,6.99,,,,,"0,75 l",prijs per liter €9.32,False,,,,,,True,AH,https://www.ah.nl/producten/product/wi129644,2026-07-28,Casillero del Diablo Viognier reserve,beer-wine aperitifs
421179,693002,Viña Albali Rood,Viña Albali,bier-wijn-aperitieven,"Bier, wijn, aperitieven",Rode wijn klein,1.99,1.99,,,,,187 ml,prijs per liter €10.64,False,,,,,,True,AH,https://www.ah.nl/producten/product/wi421179,2026-07-28,Viña Albali Red,beer-wine aperitifs
483322,738721,Uiltje Brewing FF lekker met je bek,Uiltje Brewing,bier-wijn-aperitieven,"Bier, wijn, aperitieven",IPA,2.79,2.79,,,,,330 ml,prijs per liter €8.45,False,,,,,,True,AH,https://www.ah.nl/producten/product/wi483322,2026-07-28,Uiltje Brewing FF enjoy your mouth,beer-wine aperitifs
491977,746397,Birra Moretti L'autentica bier 6-pack,Birra Moretti,bier-wijn-aperitieven,"Bier, wijn, aperitieven",Pils blik,7.99,7.99,,,,,"6 x 0,33 l",prijs per liter €4.04,False,,,,,,True,AH,https://www.ah.nl/producten/product/wi491977,2026-07-28,Birra Moretti L'autentica beer 6-pack,beer-wine aperitifs
548546,637968,Desperados Strawberry margarita bier 6-pack,Desperados,bier-wijn-aperitieven,"Bier, wijn, aperitieven",Mexicaans bier,7.99,10.65,25.0,25% korting,,,"6 x 0,33 l",normale prijs per liter €5.38,True,AH,25% korting,2026-07-27,2026-08-02,,True,AH,https://www.ah.nl/producten/product/wi548546,2026-07-28,Desperados Strawberry margarita beer 6-pack,beer-wine aperitifs
569139,55560,Sir. James 101 Ginger mule,Sir. James 101,bier-wijn-aperitieven,"Bier, wijn, aperitieven",Seltzers,2.19,2.19,,,,,250 ml,prijs per liter €8.76,False,,,,,D,True,AH,https://www.ah.nl/producten/product/wi569139,2026-07-28,Sir. James 101 Ginger mule,beer-wine aperitifs
594972,0,Desperados Strawberry margarita bier 12-pack,Desperados,bier-wijn-aperitieven,"Bier, wijn, aperitieven",Mexicaans bier,15.97,21.3,25.0,pakketkorting,,,2 stuks,,True,AHOO,,2026-07-28,2026-08-02,,True,AH,https://www.ah.nl/producten/product/wi594972,2026-07-28,Desperados Strawberry margarita beer 12-pack,beer-wine aperitifs
606641,0,Birra Moretti L'autentica bier 12-pack,Birra Moretti,bier-wijn-aperitieven,"Bier, wijn, aperitieven",Pils blik,15.18,15.98,5.0,5% volume voordeel,,,2 stuks,,True,AHOO,5% volume voordeel,2026-07-28,2999-12-31,,True,AH,https://www.ah.nl/producten/product/wi606641,2026-07-28,Birra Moretti L'autentica beer 12-pack,beer-wine aperitifs
611309,0,Grolsch Krachtig kanon speciaalbier 24-pack,Grolsch,bier-wijn-aperitieven,"Bier, wijn, aperitieven","Dubbel, tripel, quadrupel bier",28.47,37.96,25.0,pakketkorting,,,4 stuks,,True,AHOO,,2026-07-28,2026-08-02,,True,AH,https://www.ah.nl/producten/product/wi611309,2026-07-28,Grolsch Krachtig kanon speciaalbier 24-pack,beer-wine aperitifs
611310,0,Grolsch Krachtig kanon speciaalbier 30-pack,Grolsch,bier-wijn-aperitieven,"Bier, wijn, aperitieven","Dubbel, tripel, quadrupel bier",35.58,47.45,25.0,pakketkorting,,,5 stuks,,True,AHOO,,2026-07-28,2026-08-02,,True,AH,https://www.ah.nl/producten/product/wi611310,2026-07-28,Grolsch Powerful cannon of specialty beer 30-pack,beer-wine aperitifs
616129,0,Cave de Beblenheim Cave de Beblenheim Pinot Gris 4 flessen,Cave de Beblenheim,bier-wijn-aperitieven,"Bier, wijn, aperitieven",Pinot Gris (Vol en droog),29.96,33.96,11.8,pakketkorting,,,4 stuks,,True,AHOO,,2026-07-28,2026-08-02,,True,AH,https://www.ah.nl/producten/product/wi616129,2026-07-28,Cave de Beblenheim Cave de Beblenheim Pinot Gris 4 bottles,beer-wine aperitifs
135318,600975,Fantini Sangiovese,Fantini,bier-wijn-aperitieven,"Bier, wijn, aperitieven",Sangiovese (Soepel),4.99,5.99,16.7,€1.00 euro korting,,,"0,75 l",normale prijs per liter €7.99,True,AH,1 euro korting,2026-07-27,2026-08-02,,True,AH,https://www.ah.nl/producten/product/wi135318,2026-07-28,Fantini Sangiovese,beer-wine aperitifs
186883,752049,Grolsch Premium pilsner bier beugel 4-pack,Grolsch,bier-wijn-aperitieven,"Bier, wijn, aperitieven",Pils fles,3.89,5.19,25.0,25% korting,,,"4 x 0,45 l",normale prijs per liter €2.88,True,AH,25% korting,2026-07-27,2026-08-02,,True,AH,https://www.ah.nl/producten/product/wi186883,2026-07-28,Grolsch Premium pilsner beer bracket 4-pack,beer-wine aperitifs
234370,824532,Ulisse Montepulciano d'abruzzo,Ulisse,bier-wijn-aperitieven,"Bier, wijn, aperitieven",Montepulciano (Stevig),9.99,9.99,,,,,"0,75 l",prijs per liter €13.32,False,,,,,,True,AH,https://www.ah.nl/producten/product/wi234370,2026-07-28,Ulisse Montepulciano d'abruzzo,beer-wine aperitifs
571807,14093,Grolsch Zomertijd 0.0 6-pack,Grolsch,bier-wijn-aperitieven,"Bier, wijn, aperitieven","Alcoholvrij blond, dubbel, tripel",7.49,7.49,,1 + 1 gratis,,1.0,"6 x 0,33 l",normale prijs per liter €3.78,True,AH,1 + 1 gratis,2026-07-27,2026-08-02,C,True,AH,https://www.ah.nl/producten/product/wi571807,2026-07-28,Grolsch Summer Time 0.0 6-pack,beer-wine aperitifs
584906,0,Aliwen Chardonnay reserva 6 flessen,Aliwen,bier-wijn-aperitieven,"Bier, wijn, aperitieven",Chardonnay (Fris en droog),35.91,39.9,10.0,10% volume voordeel,,,6 stuks,,True,AHOO,10% volume voordeel,2026-07-28,2999-12-31,,True,AH,https://www.ah.nl/producten/product/wi584906,2026-07-28,Aliwen Chardonnay reserve 6 bottles,beer-wine aperitifs
586897,0,Ulisse Montepulciano d'abruzzo 6 flessen,Ulisse,bier-wijn-aperitieven,"Bier, wijn, aperitieven",Montepulciano (Stevig),53.95,59.94,10.0,10% volume voordeel,,,6 stuks,,True,AHOO,10% volume voordeel,2026-07-28,2999-12-31,,True,AH,https://www.ah.nl/producten/product/wi586897,2026-07-28,Ulisse Montepulciano d'abruzzo 6 flessen,beer-wine aperitifs
586920,0,José Maria Fonseca Vinho verde 6 flessen,José Maria Fonseca,bier-wijn-aperitieven,"Bier, wijn, aperitieven",Overige witte wijn (Fris en droog),21.55,23.94,10.0,10% volume voordeel,,,6 stuks,,True,AHOO,10% volume voordeel,2026-07-28,2999-12-31,,True,AH,https://www.ah.nl/producten/product/wi586920,2026-07-28,José Maria Fonseca Vinho verde 6 bottles,beer-wine aperitifs
586924,0,AH Pinotage rosé 6 flessen,AH,bier-wijn-aperitieven,"Bier, wijn, aperitieven",Droge rosé,25.33,28.14,10.0,10% volume voordeel,,,6 stuks,,True,AHOO,10% volume voordeel,2026-07-28,2999-12-31,,True,AH,https://www.ah.nl/producten/product/wi586924,2026-07-28,AH Pinotage rosé 6 bottles,beer-wine aperitifs
597929,47207,Kasteelbier Tropical,Kasteelbier,bier-wijn-aperitieven,"Bier, wijn, aperitieven",Saison bier,1.99,1.99,,,,,330 ml,prijs per liter €6.03,False,,,,,,True,AH,https://www.ah.nl/producten/product/wi597929,2026-07-28,Castle beer Tropical,beer-wine aperitifs
616146,0,Chiarli 1860 Lambrusco bianco 4 flessen,Chiarli 1860,bier-wijn-aperitieven,"Bier, wijn, aperitieven",Overige witte wijn (Lichtzoet),10.07,10.6,5.0,5% volume voordeel,,,4 stuks,,True,AHOO,5% volume voordeel,2026-07-28,2999-12-31,,True,AH,https://www.ah.nl/producten/product/wi616146,2026-07-28,Chiarli 1860 Lambrusco bianco 4 flessen,beer-wine aperitifs
616508,0,Los Molinos Los Molinos Rosé 6 flessen,Los Molinos,bier-wijn-aperitieven,"Bier, wijn, aperitieven","Rose wijntaps, pouch, bag in box",59.35,65.94,10.0,10% volume voordeel,,,6 stuks,,True,AHOO,10% volume voordeel,2026-07-28,2999-12-31,,True,AH,https://www.ah.nl/producten/product/wi616508,2026-07-28,Los Molinos Los Molinos Rosé 6 bottles,beer-wine aperitifs
616959,0,Sarmentino Zinfandel Rosé 4 flessen,Sarmentino,bier-wijn-aperitieven,"Bier, wijn, aperitieven",Lichtzoete rosé,16.3,17.16,5.0,5% volume voordeel,,,4 stuks,,True,AHOO,5% volume voordeel,2026-07-28,2999-12-31,,True,AH,https://www.ah.nl/producten/product/wi616959,2026-07-28,Sarmentino Zinfandel Rosé 4 bottles,beer-wine aperitifs
104107,558400,La Tulipe Merlot,La Tulipe,bier-wijn-aperitieven,"Bier, wijn, aperitieven",Merlot (Soepel),6.99,6.99,,,,,"0,75 l",prijs per liter €9.32,False,,,,,,True,AH,https://www.ah.nl/producten/product/wi104107,2026-07-28,La Tulipe Merlot,beer-wine aperitifs
186044,608206,Adobe Carménère reserva organic,Adobe,bier-wijn-aperitieven,"Bier, wijn, aperitieven",Carménère (Stevig),4.99,6.65,25.0,25% korting,,,"0,75 l",normale prijs per liter €8.87,True,AH,25% korting,2026-07-27,2026-08-02,,True,AH,https://www.ah.nl/producten/product/wi186044,2026-07-28,Adobe Carménère reserva organic,beer-wine aperitifs
550354,65444,Biodermal Ultralichte zon gel-crème spf50+,Biodermal,drogisterij,Drogisterij,Zonnebrandcreme,44.99,44.99,,1 + 1 gratis,,1.0,200 ml,normale prijs per liter €224.95,True,AH,1 + 1 gratis,2026-07-27,2026-08-02,,True,AH,https://www.ah.nl/producten/product/wi550354,2026-07-28,Biodermal Ultra-light sun gel-cream spf50+,drugstore
434556,93382,Biodermal Zonnecremé voor het gezicht spf50+,Biodermal,drogisterij,Drogisterij,Zonnebrand gezicht,27.99,27.99,,1 + 1 gratis,,1.0,40 ml,normale prijs per liter €699.75,True,AH,1 + 1 gratis,2026-07-27,2026-08-02,,True,AH,https://www.ah.nl/producten/product/wi434556,2026-07-28,Biodermal Sun cream for the face spf50+,drugstore
211047,806464,Aquafresh Fresh & minty bescherming tandpasta,Aquafresh,drogisterij,Drogisterij,Tandpasta frisse adem,2.39,2.39,,,,,75 ml,prijs per liter €31.87,False,,,,,,True,AH,https://www.ah.nl/producten/product/wi211047,2026-07-28,Aquafresh Fresh & minty protection toothpaste,drugstore
611908,0,Aquafresh Fresh & minty bescherming tandpasta 2pck,Aquafresh,drogisterij,Drogisterij,Tandpasta frisse adem,4.06,4.78,15.0,15% volume voordeel,,,2 stuks,,True,AHOO,15% volume voordeel,2026-07-28,2999-12-31,,True,AH,https://www.ah.nl/producten/product/wi611908,2026-07-28,Aquafresh Fresh & minty protection toothpaste 2pck,drugstore
611909,0,Aquafresh Fresh & minty bescherming tandpasta 4pck,Aquafresh,drogisterij,Drogisterij,Tandpasta frisse adem,7.65,9.56,20.0,20% volume voordeel,,,4 stuks,,True,AHOO,20% volume voordeel,2026-07-28,2999-12-31,,True,AH,https://www.ah.nl/producten/product/wi611909,2026-07-28,Aquafresh Fresh & minty protection toothpaste 4pck,drugstore
434438,41046,Biodermal After sun bruinverlengende melk,Biodermal,drogisterij,Drogisterij,Aftersun,27.49,27.49,,1 + 1 gratis,,1.0,200 ml,normale prijs per liter €137.45,True,AH,1 + 1 gratis,2026-07-27,2026-08-02,,True,AH,https://www.ah.nl/producten/product/wi434438,2026-07-28,Biodermal After sun tan lengthening milk,drugstore
611910,0,Aquafresh Fresh & minty bescherming tandpasta 6pck,Aquafresh,drogisterij,Drogisterij,Tandpasta frisse adem,10.75,14.34,25.0,25% volume voordeel,,,6 stuks,,True,AHOO,25% volume voordeel,2026-07-28,2999-12-31,,True,AH,https://www.ah.nl/producten/product/wi611910,2026-07-28,Aquafresh Fresh & minty bescherming tandpasta 6pck,drugstore
553430,579424,Prodent Cool mint tandpasta,Prodent,drogisterij,Drogisterij,Tandpasta frisse adem,1.85,1.85,,,,,75 ml,prijs per liter €24.67,False,,,,,,True,AH,https://www.ah.nl/producten/product/wi553430,2026-07-28,Prodent Cool mint toothpaste,drugstore
590443,0,Prodent Cool mint tandpasta 4-pack,Prodent,drogisterij,Drogisterij,Tandpasta frisse adem,5.18,7.4,30.0,30% volume voordeel,,,4 stuks,,True,AHOO,30% volume voordeel,2026-07-28,2999-12-31,,True,AH,https://www.ah.nl/producten/product/wi590443,2026-07-28,Prodent Cool mint tandpasta 4-pack,drugstore
608767,0,Prodent Cool mint tandpasta 2-pack,Prodent,drogisterij,Drogisterij,Tandpasta frisse adem,2.77,3.7,25.0,25% volume voordeel,,,2 stuks,,True,AHOO,25% volume voordeel,2026-07-28,2999-12-31,,True,AH,https://www.ah.nl/producten/product/wi608767,2026-07-28,Prodent Cool mint toothpaste 2-pack,drugstore
608768,0,Prodent Cool mint tandpasta 6-pack,Prodent,drogisterij,Drogisterij,Tandpasta frisse adem,6.66,11.1,40.0,40% volume voordeel,,,6 stuks,,True,AHOO,40% volume voordeel,2026-07-28,2999-12-31,,True,AH,https://www.ah.nl/producten/product/wi608768,2026-07-28,Prodent Cool mint toothpaste 6-pack,drugstore
600499,51926,Care Almond soft hand soap,Care,drogisterij,Drogisterij,Vloeibare zeep,1.15,1.15,,,,,"0,5 l",prijs per liter €2.30,False,,,,,,True,AH,https://www.ah.nl/producten/product/wi600499,2026-07-28,Care Almond soft hand soap,drugstore
600132,51721,Care Cotton pads,Care,drogisterij,Drogisterij,Watten & wattenstaafjes,0.85,0.85,,,,,140 stuks,,False,,,,,,True,AH,https://www.ah.nl/producten/product/wi600132,2026-07-28,Care Cotton pads,drugstore
177112,771759,Elmex Junior tandpasta 5-12 jaar,Elmex,drogisterij,Drogisterij,Kindertandpasta,3.75,3.75,,,,,75 ml,prijs per liter €50.00,False,,,,,,True,AH,https://www.ah.nl/producten/product/wi177112,2026-07-28,Elmex Junior toothpaste 5-12 years,drugstore
600133,51722,Care Cotton buds,Care,drogisterij,Drogisterij,Watten & wattenstaafjes,0.95,0.95,,,,,300 stuks,,False,,,,,,True,AH,https://www.ah.nl/producten/product/wi600133,2026-07-28,Care Cotton buds,drugstore
384970,844653,Oral-B 3D White luxe perfection tandpasta,Oral-B,drogisterij,Drogisterij,Tandpasta witte tanden,5.49,5.49,,,,,75 ml,prijs per liter €73.20,False,,,,,,True,AH,https://www.ah.nl/producten/product/wi384970,2026-07-28,Oral-B 3D White luxe perfection tandpasta,drugstore
605870,0,Oral-B 3D White luxe perfection 4-pack,Oral-B,drogisterij,Drogisterij,Tandpasta witte tanden,15.37,21.96,30.0,30% volume voordeel,,,4 stuks,,True,AHOO,30% volume voordeel,2026-07-28,2999-12-31,,True,AH,https://www.ah.nl/producten/product/wi605870,2026-07-28,Oral-B 3D White luxury perfection 4-pack,drugstore
623028,0,Oral-B 3D White luxe perfection tandpasta 2pack,Oral-B,drogisterij,Drogisterij,Tandpasta witte tanden,9.33,10.98,15.0,15% volume voordeel,,,2 stuks,,True,AHOO,15% volume voordeel,2026-07-28,2999-12-31,,True,AH,https://www.ah.nl/producten/product/wi623028,2026-07-28,Oral-B 3D White luxury perfection toothpaste 2pack,drugstore
623029,0,Oral-B 3D White luxe perfection tandpasta 6pack,Oral-B,drogisterij,Drogisterij,Tandpasta witte tanden,,,,,,,6 stuks,,False,,,,,,True,AH,https://www.ah.nl/producten/product/wi623029,2026-07-28,Oral-B 3D White luxe perfection tandpasta 6pack,drugstore
600492,51918,Care Almond soft hand soap refill,Care,drogisterij,Drogisterij,Vloeibare zeep,1.05,1.05,,,,,"0,5 l",prijs per liter €2.10,False,,,,,,True,AH,https://www.ah.nl/producten/product/wi600492,2026-07-28,Care Almond soft hand soap refill,drugstore
172058,110202156, Wattenstaafjes hout,,drogisterij,Drogisterij,Watten & wattenstaafjes,0.69,0.69,,,,,100 stuks,,False,,,,,,True,ETOS,https://www.ah.nl/producten/product/wi172058,2026-07-28,Cotton swabs wood,drugstore
406458,852354,Elmex Sensitive tandpasta,Elmex,drogisterij,Drogisterij,Tandpasta gevoelige tanden,3.49,3.49,,,,,75 ml,prijs per liter €46.53,False,,,,,,True,AH,https://www.ah.nl/producten/product/wi406458,2026-07-28,Elmex Sensitive tandpasta,drugstore
417953,689228,Parodontax Original tandpasta,Parodontax,drogisterij,Drogisterij,Tandpasta sterke tanden,5.55,5.55,,,,,75 ml,prijs per liter €74.00,False,,,,,,True,AH,https://www.ah.nl/producten/product/wi417953,2026-07-28,Parodontax Original toothpaste,drugstore
209280,804353,Prodent Tandpasta freshgel,Prodent,drogisterij,Drogisterij,Tandpasta frisse adem,2.55,2.55,,,,,75 ml,prijs per liter €34.00,False,,,,,,True,AH,https://www.ah.nl/producten/product/wi209280,2026-07-28,Prodent Toothpaste freshgel,drugstore
80823,587108,Dove Original deodorant spray,Dove,drogisterij,Drogisterij,Deospray vrouwen,5.29,5.29,,,,,150 ml,prijs per liter €35.27,False,,,,,,True,AH,https://www.ah.nl/producten/product/wi80823,2026-07-28,Dove Original deodorant spray,drugstore
608772,0,Prodent Tandpasta freshgel 2-pack,Prodent,drogisterij,Drogisterij,Tandpasta frisse adem,3.82,5.1,25.0,25% volume voordeel,,,2 stuks,,True,AHOO,25% volume voordeel,2026-07-28,2999-12-31,,True,AH,https://www.ah.nl/producten/product/wi608772,2026-07-28,Prodent Toothpaste freshgel 2-pack,drugstore
608773,0,Prodent Tandpasta freshgel 4-pack,Prodent,drogisterij,Drogisterij,Tandpasta frisse adem,7.14,10.2,30.0,30% volume voordeel,,,4 stuks,,True,AHOO,30% volume voordeel,2026-07-28,2999-12-31,,True,AH,https://www.ah.nl/producten/product/wi608773,2026-07-28,Prodent Toothpaste freshgel 4-pack,drugstore
608664,0,Dove Original deodorant spray 6-pack,Dove,drogisterij,Drogisterij,Deospray vrouwen,19.04,31.74,40.0,40% volume voordeel,,,6 stuks,,True,AHOO,40% volume voordeel,2026-07-28,2999-12-31,,True,AH,https://www.ah.nl/producten/product/wi608664,2026-07-28,Dove Original deodorant spray 6-pack,drugstore
608662,0,Dove Original deodorant spray 2-pack,Dove,drogisterij,Drogisterij,Deospray vrouwen,7.93,10.58,25.0,25% volume voordeel,,,2 stuks,,True,AHOO,25% volume voordeel,2026-07-28,2999-12-31,,True,AH,https://www.ah.nl/producten/product/wi608662,2026-07-28,Dove Original deodorant spray 2-pack,drugstore
608663,0,Dove Original deodorant spray 4-pack,Dove,drogisterij,Drogisterij,Deospray vrouwen,14.81,21.16,30.0,30% volume voordeel,,,4 stuks,,True,AHOO,30% volume voordeel,2026-07-28,2999-12-31,,True,AH,https://www.ah.nl/producten/product/wi608663,2026-07-28,Dove Original deodorant spray 4-pack,drugstore
608774,0,Prodent Tandpasta freshgel 6-pack,Prodent,drogisterij,Drogisterij,Tandpasta frisse adem,9.18,15.3,40.0,40% volume voordeel,,,6 stuks,,True,AHOO,40% volume voordeel,2026-07-28,2999-12-31,,True,AH,https://www.ah.nl/producten/product/wi608774,2026-07-28,Prodent Tandpasta freshgel 6-pack,drugstore
611971,0,Parodontax Original tandpasta 2-pack,Parodontax,drogisterij,Drogisterij,Tandpasta sterke tanden,9.99,11.1,10.0,10% volume voordeel,,,2 stuks,,True,AHOO,10% volume voordeel,2026-07-28,2999-12-31,,True,AH,https://www.ah.nl/producten/product/wi611971,2026-07-28,Parodontax Original toothpaste 2-pack,drugstore
224830,818327,Dove Men+care clean comfort deodorant spray,Dove,drogisterij,Drogisterij,Deospray mannen,5.39,5.39,,,,,150 ml,prijs per liter €35.93,False,,,,,,True,AH,https://www.ah.nl/producten/product/wi224830,2026-07-28,Dove Men+care clean comfort deodorant spray,drugstore
611972,0,Parodontax Original tandpasta 4-pack,Parodontax,drogisterij,Drogisterij,Tandpasta sterke tanden,18.87,22.2,15.0,15% volume voordeel,,,4 stuks,,True,AHOO,15% volume voordeel,2026-07-28,2999-12-31,,True,AH,https://www.ah.nl/producten/product/wi611972,2026-07-28,Parodontax Original tandpasta 4-pack,drugstore
608643,0,Dove Men+care clean comfort deodorant 6-pack,Dove,drogisterij,Drogisterij,Deospray mannen,19.4,32.34,40.0,40% volume voordeel,,,6 stuks,,True,AHOO,40% volume voordeel,2026-07-28,2999-12-31,,True,AH,https://www.ah.nl/producten/product/wi608643,2026-07-28,Dove Men+care clean comfort deodorant 6-pack,drugstore
611973,0,Parodontax Original tandpasta 6-pack,Parodontax,drogisterij,Drogisterij,Tandpasta sterke tanden,26.64,33.3,20.0,20% volume voordeel,,,6 stuks,,True,AHOO,20% volume voordeel,2026-07-28,2999-12-31,,True,AH,https://www.ah.nl/producten/product/wi611973,2026-07-28,Parodontax Original toothpaste 6-pack,drugstore
608641,0,Dove Men+care clean comfort deodorant 2-pack,Dove,drogisterij,Drogisterij,Deospray mannen,8.08,10.78,25.0,25% volume voordeel,,,2 stuks,,True,AHOO,25% volume voordeel,2026-07-28,2999-12-31,,True,AH,https://www.ah.nl/producten/product/wi608641,2026-07-28,Dove Men+care clean comfort deodorant 2-pack,drugstore
608642,0,Dove Men+care clean comfort deodorant 4-pack,Dove,drogisterij,Drogisterij,Deospray mannen,15.09,21.56,30.0,30% volume voordeel,,,4 stuks,,True,AHOO,30% volume voordeel,2026-07-28,2999-12-31,,True,AH,https://www.ah.nl/producten/product/wi608642,2026-07-28,Dove Men+care clean comfort deodorant 4-pack,drugstore
177757,644718,Unicura Balans antibacterieel handzeep,Unicura,drogisterij,Drogisterij,Vloeibare zeep,3.09,3.09,,,,,250 ml,prijs per liter €12.36,False,,,,,,True,AH,https://www.ah.nl/producten/product/wi177757,2026-07-28,Unicura Balance antibacterial hand soap,drugstore
42616,581866,Gillette Gevoelige huid scheergel,Gillette,drogisterij,Drogisterij,Scheerschuim en scheergel,3.55,3.55,,,,,200 ml,prijs per liter €17.75,False,,,,,,True,AH,https://www.ah.nl/producten/product/wi42616,2026-07-28,Gillette Sensitive Skin Shaving Gel,drugstore
586592,0,Gillette Gevoelige huid scheergel 4-pack,Gillette,drogisterij,Drogisterij,Tandpasta gevoelige tanden,8.52,14.2,40.0,40% volume voordeel,,,4 stuks,,True,AHOO,40% volume voordeel,2026-07-28,2999-12-31,,True,AH,https://www.ah.nl/producten/product/wi586592,2026-07-28,Gillette Gevoelige huid scheergel 4-pack,drugstore
187203,111183364,Etos Ovale maxi wattenschijfjes,Etos,drogisterij,Drogisterij,Watten & wattenstaafjes,0.95,0.95,,,,,50 stuks,,False,,,,,,True,ETOS,https://www.ah.nl/producten/product/wi187203,2026-07-28,Etos Ovale maxi cotton pads,drugstore
595195,43814,Andrélon Iedere dag shampoo,Andrélon,drogisterij,Drogisterij,Shampoo alle haartypes,6.45,6.45,,,,,400 ml,prijs per liter €16.13,False,,,,,,True,AH,https://www.ah.nl/producten/product/wi595195,2026-07-28,Andrélon Shampoo every day,drugstore
608546,0,Andrélon Iedere dag shampoo 2-pack,Andrélon,drogisterij,Drogisterij,Shampoo alle haartypes,9.67,12.9,25.0,25% volume voordeel,,,2 stuks,,True,AHOO,25% volume voordeel,2026-07-28,2999-12-31,,True,AH,https://www.ah.nl/producten/product/wi608546,2026-07-28,Andrélon Every day shampoo 2-pack,drugstore
608547,0,Andrélon Iedere dag shampoo 4-pack,Andrélon,drogisterij,Drogisterij,Shampoo alle haartypes,47.71,68.16,30.0,30% volume voordeel,,,4 stuks,,True,AHOO,30% volume voordeel,2026-07-28,2999-12-31,,True,AH,https://www.ah.nl/producten/product/wi608547,2026-07-28,Andrélon Every day shampoo 4-pack,drugstore
608548,0,Andrélon Iedere dag shampoo 6-pack,Andrélon,drogisterij,Drogisterij,Shampoo alle haartypes,61.34,102.24,40.0,40% volume voordeel,,,6 stuks,,True,AHOO,40% volume voordeel,2026-07-28,2999-12-31,,True,AH,https://www.ah.nl/producten/product/wi608548,2026-07-28,Andrélon Every day shampoo 6-pack,drugstore
175606,795830,Jordan Dental sticks fluoride mint extra thin,Jordan,drogisterij,Drogisterij,Tandenstokers,3.49,3.49,,,,,105 stuks,,False,,,,,,True,AH,https://www.ah.nl/producten/product/wi175606,2026-07-28,Jordan Dental sticks fluoride mint extra thin,drugstore
214641,809687,Sensodyne Fresh mint tandpasta,Sensodyne,drogisterij,Drogisterij,Tandpasta frisse adem,4.29,4.29,,,,,75 ml,prijs per liter €57.20,False,,,,,,True,AH,https://www.ah.nl/producten/product/wi214641,2026-07-28,Sensodyne Fresh mint toothpaste,drugstore
613383,0,Unicura Balans antibacterieel handzeep 4-pack,Unicura,drogisterij,Drogisterij,Vloeibare zeep,8.65,12.36,30.0,30% volume voordeel,,,4 stuks,,True,AHOO,30% volume voordeel,2026-07-28,2999-12-31,,True,AH,https://www.ah.nl/producten/product/wi613383,2026-07-28,Unicura Balance antibacterial hand soap 4-pack,drugstore
550545,586021,Oral-B Pro-expert intense reiniging tandpasta,Oral-B,drogisterij,Drogisterij,Tandpasta sterke tanden,4.89,4.89,,,,,75 ml,prijs per liter €65.20,False,,,,,,True,AH,https://www.ah.nl/producten/product/wi550545,2026-07-28,Oral-B Pro-expert intense cleaning toothpaste,drugstore
605878,0,Oral-B Pro-expert reiniging tandpasta 4-pack,Oral-B,drogisterij,Drogisterij,Tandpasta sterke tanden,13.69,19.56,30.0,30% volume voordeel,,,4 stuks,,True,AHOO,30% volume voordeel,2026-07-28,2999-12-31,,True,AH,https://www.ah.nl/producten/product/wi605878,2026-07-28,Oral-B Pro-expert cleaning toothpaste 4-pack,drugstore
595228,43860,Andrélon Oil & care conditioner,Andrélon,drogisterij,Drogisterij,Conditioner,4.99,4.99,,,,,200 ml,prijs per liter €24.95,False,,,,,,True,AH,https://www.ah.nl/producten/product/wi595228,2026-07-28,Andrélon Oil & care conditioner,drugstore
600501,51928,Care Mint hygiene hand soap,Care,drogisterij,Drogisterij,Vloeibare zeep,1.15,1.15,,,,,"0,5 l",prijs per liter €2.30,False,,,,,,True,AH,https://www.ah.nl/producten/product/wi600501,2026-07-28,Care Mint hygiene hand soap,drugstore
608558,0,Andrélon Oil & care conditioner 2-pack,Andrélon,drogisterij,Drogisterij,Conditioner,7.48,9.98,25.0,25% volume voordeel,,,2 stuks,,True,AHOO,25% volume voordeel,2026-07-28,2999-12-31,,True,AH,https://www.ah.nl/producten/product/wi608558,2026-07-28,Andrélon Oil & care conditioner 2-pack,drugstore
608559,0,Andrélon Oil & care conditioner 4-pack,Andrélon,drogisterij,Drogisterij,Conditioner,13.97,19.96,30.0,30% volume voordeel,,,4 stuks,,True,AHOO,30% volume voordeel,2026-07-28,2999-12-31,,True,AH,https://www.ah.nl/producten/product/wi608559,2026-07-28,Andrélon Oil & care conditioner 4-pack,drugstore
177111,771757,Elmex Anti-cariës 0-5 jaar tandpasta,Elmex,drogisterij,Drogisterij,Kindertandpasta,3.99,3.99,,,,,75 ml,prijs per liter €53.20,False,,,,,,True,AH,https://www.ah.nl/producten/product/wi177111,2026-07-28,Elmex Anti-caries 0-5 years toothpaste,drugstore
608560,0,Andrélon Oil & care conditioner 6-pack,Andrélon,drogisterij,Drogisterij,Conditioner,17.96,29.94,40.0,40% volume voordeel,,,6 stuks,,True,AHOO,40% volume voordeel,2026-07-28,2999-12-31,,True,AH,https://www.ah.nl/producten/product/wi608560,2026-07-28,Andrélon Oil & care conditioner 6-pack,drugstore
623036,0,Oral-B Pro-expert inten reiniging tandpasta 2pk,Oral-B,drogisterij,Drogisterij,Tandpasta sterke tanden,8.31,9.78,15.0,15% volume voordeel,,,2 stuks,,True,AHOO,15% volume voordeel,2026-07-28,2999-12-31,,True,AH,https://www.ah.nl/producten/product/wi623036,2026-07-28,Oral-B Pro-expert intensive cleaning toothpaste 2pk,drugstore
623037,0,Oral-B Pro-expert inten reiniging tandpasta 6pk,Oral-B,drogisterij,Drogisterij,Tandpasta sterke tanden,,,,,,,6 stuks,,False,,,,,,True,AH,https://www.ah.nl/producten/product/wi623037,2026-07-28,Oral-B Pro-expert intensive cleaning toothpaste 6pk,drugstore
612010,0,Sensodyne Fresh mint tandpasta 2-pack,Sensodyne,drogisterij,Drogisterij,Tandpasta frisse adem,7.72,8.58,10.0,10% volume voordeel,,,2 stuks,,True,AHOO,10% volume voordeel,2026-07-28,2999-12-31,,True,AH,https://www.ah.nl/producten/product/wi612010,2026-07-28,Sensodyne Fresh mint tandpasta 2-pack,drugstore
612011,0,Sensodyne Fresh mint tandpasta 4-pack,Sensodyne,drogisterij,Drogisterij,Tandpasta frisse adem,14.59,17.16,15.0,15% volume voordeel,,,4 stuks,,True,AHOO,15% volume voordeel,2026-07-28,2999-12-31,,True,AH,https://www.ah.nl/producten/product/wi612011,2026-07-28,Sensodyne Fresh mint toothpaste 4-pack,drugstore
476232,728650,Care Inlegkruisjes long,Care,drogisterij,Drogisterij,Inlegkruisjes,1.05,1.05,,,,,32 stuks,,False,,,,,,True,AH,https://www.ah.nl/producten/product/wi476232,2026-07-28,Care panty liners long,drugstore
612012,0,Sensodyne Fresh mint tandpasta 6-pack,Sensodyne,drogisterij,Drogisterij,Tandpasta frisse adem,20.59,25.74,20.0,20% volume voordeel,,,6 stuks,,True,AHOO,20% volume voordeel,2026-07-28,2999-12-31,,True,AH,https://www.ah.nl/producten/product/wi612012,2026-07-28,Sensodyne Fresh mint toothpaste 6-pack,drugstore
176354,640072,Dove Men+care clean comfort douchegel,Dove,drogisterij,Drogisterij,Douchegel voor mannen,5.99,5.99,,,,,400 ml,prijs per liter €14.98,False,,,,,,True,AH,https://www.ah.nl/producten/product/wi176354,2026-07-28,Dove Men+care clean comfort shower gel,drugstore
600500,51927,Care Lemon kitchen hand soap,Care,drogisterij,Drogisterij,Vloeibare zeep,1.15,1.15,,,,,"0,5 l",prijs per liter €2.30,False,,,,,,True,AH,https://www.ah.nl/producten/product/wi600500,2026-07-28,Care Lemon kitchen hand soap,drugstore
608645,0,Dove Men+care clean comfort 400ML 2-pack,Dove,drogisterij,Drogisterij,Douchegel voor mannen,8.98,11.98,25.0,25% volume voordeel,,,2 stuks,,True,AHOO,25% volume voordeel,2026-07-28,2999-12-31,,True,AH,https://www.ah.nl/producten/product/wi608645,2026-07-28,Dove Men+care clean comfort 400ML 2-pack,drugstore
608647,0,Dove Men+care clean comfort 400ML 4-pack,Dove,drogisterij,Drogisterij,Douchegel voor mannen,16.77,23.96,30.0,30% volume voordeel,,,4 stuks,,True,AHOO,30% volume voordeel,2026-07-28,2999-12-31,,True,AH,https://www.ah.nl/producten/product/wi608647,2026-07-28,Dove Men+care clean comfort 400ML 4-pack,drugstore
608649,0,Dove Men+care clean comfort 400ML 6-pack,Dove,drogisterij,Drogisterij,Douchegel voor mannen,21.56,35.94,40.0,40% volume voordeel,,,6 stuks,,True,AHOO,40% volume voordeel,2026-07-28,2999-12-31,,True,AH,https://www.ah.nl/producten/product/wi608649,2026-07-28,Dove Men+care clean comfort 400ML 6-pack,drugstore
177113,771760,Elmex Anti-cariës tandpasta,Elmex,drogisterij,Drogisterij,Tandpasta sterke tanden,4.29,4.29,,,,,75 ml,prijs per liter €57.20,False,,,,,,True,AH,https://www.ah.nl/producten/product/wi177113,2026-07-28,Elmex Anti-cariës tandpasta,drugstore
56949,538267,Palmolive Naturals melk & amandel,Palmolive,drogisterij,Drogisterij,Vloeibare zeep,2.65,2.65,,,,,300 ml,prijs per liter €8.83,False,,,,,,True,AH,https://www.ah.nl/producten/product/wi56949,2026-07-28,Palmolive Naturals melk & amandel,drugstore
220545,734947,NIVEA Reinigingsdoekjes droge/gevoelige huid,NIVEA,drogisterij,Drogisterij,Gezichtsreiniging vrouwen,4.99,4.99,,1 + 1 gratis,,1.0,25 stuks,,True,AH,1 + 1 gratis,2026-07-27,2026-08-02,,True,AH,https://www.ah.nl/producten/product/wi220545,2026-07-28,NIVEA Cleansing wipes for dry/sensitive skin,drugstore
477776,731510,Colgate Triple action extra whitening tandpasta,Colgate,drogisterij,Drogisterij,Tandpasta witte tanden,2.69,2.69,,,,,75 ml,prijs per liter €35.87,False,,,,,,True,AH,https://www.ah.nl/producten/product/wi477776,2026-07-28,Colgate Triple action extra whitening toothpaste,drugstore
429156,18232,GUM Soft-Picks Regular,GUM,drogisterij,Drogisterij,Tandenstokers,7.59,7.59,,,,,50 stuks,,False,,,,,,True,AH,https://www.ah.nl/producten/product/wi429156,2026-07-28,GUM Soft-Picks Regular,drugstore
600770,0,Unicura Balans antibacterieel handzeep 6-pack,Unicura,drogisterij,Drogisterij,Vloeibare zeep,11.12,18.54,40.0,40% volume voordeel,,,6 stuks,,True,AHOO,40% volume voordeel,2026-07-28,2999-12-31,,True,AH,https://www.ah.nl/producten/product/wi600770,2026-07-28,Unicura Balance antibacterial hand soap 6-pack,drugstore
197268,802262,Sensodyne Repair & protect whitening tandpasta,Sensodyne,drogisterij,Drogisterij,Tandpasta gevoelige tanden,7.99,7.99,,,,,75 ml,prijs per liter €106.53,False,,,,,,True,AH,https://www.ah.nl/producten/product/wi197268,2026-07-28,Sensodyne Repair & protect whitening toothpaste,drugstore
611163,0,NIVEA Reinigingsdoekje droge/gevoelig huid 2pk,NIVEA,drogisterij,Drogisterij,Gezichtsreiniging vrouwen,4.99,9.98,50.0,pakketkorting,,,2 stuks,,True,AHOO,,2026-07-28,2026-08-02,,True,AH,https://www.ah.nl/producten/product/wi611163,2026-07-28,NIVEA Reinigingsdoekje droge/gevoelig huid 2pk,drugstore
616645,0,Unicura Balans antibacterieel handzeep 2-pack,Unicura,drogisterij,Drogisterij,Vloeibare zeep,4.94,6.18,20.0,20% volume voordeel,,,2 stuks,,True,AHOO,20% volume voordeel,2026-07-28,2999-12-31,,True,AH,https://www.ah.nl/producten/product/wi616645,2026-07-28,Unicura Balance antibacterial hand soap 2-pack,drugstore
616606,0,Colgate Triple action extra white tandpasta 2pk,Colgate,drogisterij,Drogisterij,Tandpasta witte tanden,4.3,5.38,20.0,20% volume voordeel,,,2 stuks,,True,AHOO,20% volume voordeel,2026-07-28,2999-12-31,,True,AH,https://www.ah.nl/producten/product/wi616606,2026-07-28,Colgate Triple action extra white toothpaste 2pk,drugstore
616607,0,Colgate Triple action extra white tandpasta 4pk,Colgate,drogisterij,Drogisterij,Tandpasta witte tanden,7.53,10.76,30.0,30% volume voordeel,,,4 stuks,,True,AHOO,30% volume voordeel,2026-07-28,2999-12-31,,True,AH,https://www.ah.nl/producten/product/wi616607,2026-07-28,Colgate Triple action extra white toothpaste 4pk,drugstore
616608,0,Colgate Triple action extra white tandpasta 6pk,Colgate,drogisterij,Drogisterij,Tandpasta witte tanden,9.68,16.14,40.0,40% volume voordeel,,,6 stuks,,True,AHOO,40% volume voordeel,2026-07-28,2999-12-31,,True,AH,https://www.ah.nl/producten/product/wi616608,2026-07-28,Colgate Triple action extra white toothpaste 6pk,drugstore
211048,806465,Aquafresh Tandsteen controle tandpasta,Aquafresh,drogisterij,Drogisterij,Tandpasta sterke tanden,2.59,2.59,,,,,75 ml,prijs per liter €34.53,False,,,,,,True,AH,https://www.ah.nl/producten/product/wi211048,2026-07-28,Aquafresh Tandsteen controle tandpasta,drugstore
600495,51921,Care Botanical sage energizing hand soap,Care,drogisterij,Drogisterij,Vloeibare zeep,1.99,1.99,,,,,300 ml,prijs per liter €6.63,False,,,,,,True,AH,https://www.ah.nl/producten/product/wi600495,2026-07-28,Care Botanical sage energizing hand soap,drugstore
611164,0,NIVEA Reinigingsdoekje droge/gevoelig huid 4pk,NIVEA,drogisterij,Drogisterij,Gezichtsreiniging vrouwen,9.98,19.96,50.0,pakketkorting,,,4 stuks,,True,AHOO,,2026-07-28,2026-08-02,,True,AH,https://www.ah.nl/producten/product/wi611164,2026-07-28,NIVEA Cleansing cloth dry/sensitive skin 4pk,drugstore
612049,0,Sensodyne Repair & protect whitening tandpasta 2pk,Sensodyne,drogisterij,Drogisterij,Tandpasta gevoelige tanden,14.38,15.98,10.0,10% volume voordeel,,,2 stuks,,True,AHOO,10% volume voordeel,2026-07-28,2999-12-31,,True,AH,https://www.ah.nl/producten/product/wi612049,2026-07-28,Sensodyne Repair & protect whitening toothpaste 2pk,drugstore
551113,659643,Oral-B Pro-expert bescherming tandpasta,Oral-B,drogisterij,Drogisterij,Tandpasta sterke tanden,4.89,4.89,,,,,75 ml,prijs per liter €65.20,False,,,,,,True,AH,https://www.ah.nl/producten/product/wi551113,2026-07-28,Oral-B Pro-expert bescherming tandpasta,drugstore
565655,0,Oral-B Pro-expert tandpasta 4-pack,Oral-B,drogisterij,Drogisterij,Tandpasta sterke tanden,13.69,19.56,30.0,30% volume voordeel,,,4 stuks,,True,AHOO,30% volume voordeel,2026-07-28,2999-12-31,,True,AH,https://www.ah.nl/producten/product/wi565655,2026-07-28,Oral-B Pro-expert toothpaste 4-pack,drugstore
611165,0,NIVEA Reinigingsdoekje droge/gevoelig huid 6pk,NIVEA,drogisterij,Drogisterij,Gezichtsreiniging vrouwen,14.97,29.94,50.0,pakketkorting,,,6 stuks,,True,AHOO,,2026-07-28,2026-08-02,,True,AH,https://www.ah.nl/producten/product/wi611165,2026-07-28,NIVEA Cleansing cloth dry/sensitive skin 6pk,drugstore
115590,818320,Axe Dark temptation deodorant bodyspray,Axe,drogisterij,Drogisterij,Deospray mannen,6.59,6.59,,,,,150 ml,prijs per liter €43.93,False,,,,,,True,AH,https://www.ah.nl/producten/product/wi115590,2026-07-28,Axe Dark temptation deodorant bodyspray,drugstore
595200,43826,Andrélon Oil & care shampoo,Andrélon,drogisterij,Drogisterij,Herstellende shampoo,6.89,6.89,,,,,250 ml,prijs per liter €27.56,False,,,,,,True,AH,https://www.ah.nl/producten/product/wi595200,2026-07-28,Andrélon Oil & care shampoo,drugstore
608561,0,Andrélon Oil & care shampoo 2-pack,Andrélon,drogisterij,Drogisterij,Herstellende shampoo,33.87,45.16,25.0,25% volume voordeel,,,2 stuks,,True,AHOO,25% volume voordeel,2026-07-28,2999-12-31,,True,AH,https://www.ah.nl/producten/product/wi608561,2026-07-28,Andrélon Oil & care shampoo 2-pack,drugstore
608603,0,Axe Dark temptation deodorant spray 2-pack,Axe,drogisterij,Drogisterij,Deospray mannen,9.88,13.18,25.0,25% volume voordeel,,,2 stuks,,True,AHOO,25% volume voordeel,2026-07-28,2999-12-31,,True,AH,https://www.ah.nl/producten/product/wi608603,2026-07-28,Ax Dark temptation deodorant spray 2-pack,drugstore
612050,0,Sensodyne Repair & protect whitening tandpasta 4pk,Sensodyne,drogisterij,Drogisterij,Tandpasta gevoelige tanden,27.17,31.96,15.0,15% volume voordeel,,,4 stuks,,True,AHOO,15% volume voordeel,2026-07-28,2999-12-31,,True,AH,https://www.ah.nl/producten/product/wi612050,2026-07-28,Sensodyne Repair & protect whitening tandpasta 4pk,drugstore
612051,0,Sensodyne Repair & protect whitening tandpasta 6pk,Sensodyne,drogisterij,Drogisterij,Tandpasta gevoelige tanden,38.35,47.94,20.0,20% volume voordeel,,,6 stuks,,True,AHOO,20% volume voordeel,2026-07-28,2999-12-31,,True,AH,https://www.ah.nl/producten/product/wi612051,2026-07-28,Sensodyne Repair & protect whitening toothpaste 6pk,drugstore
608562,0,Andrélon Oil & care shampoo 4-pack,Andrélon,drogisterij,Drogisterij,Herstellende shampoo,63.22,90.32,30.0,30% volume voordeel,,,4 stuks,,True,AHOO,30% volume voordeel,2026-07-28,2999-12-31,,True,AH,https://www.ah.nl/producten/product/wi608562,2026-07-28,Andrélon Oil & care shampoo 4-pack,drugstore
608563,0,Andrélon Oil & care shampoo 6-pack,Andrélon,drogisterij,Drogisterij,Herstellende shampoo,81.29,135.48,40.0,40% volume voordeel,,,6 stuks,,True,AHOO,40% volume voordeel,2026-07-28,2999-12-31,,True,AH,https://www.ah.nl/producten/product/wi608563,2026-07-28,Andrélon Oil & care shampoo 6-pack,drugstore
608604,0,Axe Dark temptation deodorant spray 4-pack,Axe,drogisterij,Drogisterij,Deospray mannen,18.45,26.36,30.0,30% volume voordeel,,,4 stuks,,True,AHOO,30% volume voordeel,2026-07-28,2999-12-31,,True,AH,https://www.ah.nl/producten/product/wi608604,2026-07-28,Ax Dark temptation deodorant spray 4-pack,drugstore
611917,0,Aquafresh Tandsteen controle tandpasta 2-pack,Aquafresh,drogisterij,Drogisterij,Tandpasta sterke tanden,4.4,5.18,15.0,15% volume voordeel,,,2 stuks,,True,AHOO,15% volume voordeel,2026-07-28,2999-12-31,,True,AH,https://www.ah.nl/producten/product/wi611917,2026-07-28,Aquafresh Tartar control toothpaste 2-pack,drugstore
502176,13056,Always Ultra secure night extra maandverband,Always,drogisterij,Drogisterij,Maandverband,2.89,2.89,,,,,8 stuks,,False,,,,,,True,AH,https://www.ah.nl/producten/product/wi502176,2026-07-28,Always Ultra secure night extra sanitary towel,drugstore
42878,68912,Oral-B Essential floss,Oral-B,drogisterij,Drogisterij,Flosdraad,2.49,2.49,,,,,per stuk,,False,,,,,,True,AH,https://www.ah.nl/producten/product/wi42878,2026-07-28,Oral-B Essential floss,drugstore
46191,95372,Care Ultra normaal maandverband,Care,drogisterij,Drogisterij,Maandverband,0.85,0.85,,,,,16 stuks,,False,,,,,,True,AH,https://www.ah.nl/producten/product/wi46191,2026-07-28,Care Ultra normal sanitary towels,drugstore
200281,795810,Colgate Caries protection tandpasta,Colgate,drogisterij,Drogisterij,Tandpasta sterke tanden,2.39,2.39,,,,,75 ml,prijs per liter €31.87,False,,,,,,True,AH,https://www.ah.nl/producten/product/wi200281,2026-07-28,Colgate Caries protection toothpaste,drugstore
608605,0,Axe Dark temptation deodorant spray 6-pack,Axe,drogisterij,Drogisterij,Deospray mannen,23.72,39.54,40.0,40% volume voordeel,,,6 stuks,,True,AHOO,40% volume voordeel,2026-07-28,2999-12-31,,True,AH,https://www.ah.nl/producten/product/wi608605,2026-07-28,Ax Dark temptation deodorant spray 6-pack,drugstore
611918,0,Aquafresh Tandsteen controle tandpasta 4-pack,Aquafresh,drogisterij,Drogisterij,Tandpasta sterke tanden,8.29,10.36,20.0,20% volume voordeel,,,4 stuks,,True,AHOO,20% volume voordeel,2026-07-28,2999-12-31,,True,AH,https://www.ah.nl/producten/product/wi611918,2026-07-28,Aquafresh Tandsteen controle tandpasta 4-pack,drugstore
601116,0,Always Maandverband Night Extra 4-pack,Always,drogisterij,Drogisterij,Maandverband,8.09,11.56,30.0,30% volume voordeel,,,4 stuks,,True,AHOO,30% volume voordeel,2026-07-28,2999-12-31,,True,AH,https://www.ah.nl/producten/product/wi601116,2026-07-28,Always Sanitary Towels Night Extra 4-pack,drugstore
611919,0,Aquafresh Tandsteen controle tandpasta 6-pack,Aquafresh,drogisterij,Drogisterij,Tandpasta sterke tanden,11.65,15.54,25.0,25% volume voordeel,,,6 stuks,,True,AHOO,25% volume voordeel,2026-07-28,2999-12-31,,True,AH,https://www.ah.nl/producten/product/wi611919,2026-07-28,Aquafresh Tartar control toothpaste 6-pack,drugstore
209101,804104,Always Daily prot extra long inlegkruisjes,Always,drogisterij,Drogisterij,Inlegkruisjes,2.99,2.99,,,,,22 stuks,,False,,,,,,True,AH,https://www.ah.nl/producten/product/wi209101,2026-07-28,Always Daily prot extra long panty liners,drugstore
571246,12323,Dove Deeply nourishing douchegel,Dove,drogisterij,Drogisterij,Douchegel alle huidtypes,9.79,9.79,,,,,400 ml,prijs per liter €24.48,False,,,,,,True,AH,https://www.ah.nl/producten/product/wi571246,2026-07-28,Dove Deeply nourishing shower gel,drugstore
575955,17241,Prodent Tandpasta Mario kids 0-6 jaar,Prodent,drogisterij,Drogisterij,Kindertandpasta,3.19,3.19,,,,,75 ml,prijs per liter €42.53,False,,,,,,True,AH,https://www.ah.nl/producten/product/wi575955,2026-07-28,Prodent Toothpaste Mario kids 0-6 years,drugstore
625544,0,Prodent Tandpasta Mario kids 0-6 jaar 2-pack,Prodent,drogisterij,Drogisterij,Kindertandpasta,4.78,6.38,25.0,25% volume voordeel,,,2 stuks,,True,AHOO,25% volume voordeel,2026-07-28,2999-12-31,,True,AH,https://www.ah.nl/producten/product/wi625544,2026-07-28,Prodent Toothpaste Mario kids 0-6 years 2-pack,drugstore
608629,0,Dove Deeply nourishing douchegel 2-pack,Dove,drogisterij,Drogisterij,Douchegel alle huidtypes,24.12,32.16,25.0,25% volume voordeel,,,2 stuks,,True,AHOO,25% volume voordeel,2026-07-28,2999-12-31,,True,AH,https://www.ah.nl/producten/product/wi608629,2026-07-28,Dove Deeply nourishing shower gel 2-pack,drugstore
608630,0,Dove Deeply nourishing douchegel 4-pack,Dove,drogisterij,Drogisterij,Douchegel alle huidtypes,45.02,64.32,30.0,30% volume voordeel,,,4 stuks,,True,AHOO,30% volume voordeel,2026-07-28,2999-12-31,,True,AH,https://www.ah.nl/producten/product/wi608630,2026-07-28,Dove Deeply nourishing shower gel 4-pack,drugstore
220556,815710,Witte Reus Wasmiddel vloeibaar gel wit,Witte Reus,huishouden,Huishouden,Vloeibaar wasmiddel,9.29,9.29,,,,,19 wasbeurten,,False,,,,,,True,AH,https://www.ah.nl/producten/product/wi220556,2026-07-28,Witte Reus Wasmiddel vloeibaar gel wit,households
505203,835251,Witte Reus White 3+1 power wasmiddel capsules wit,Witte Reus,huishouden,Huishouden,Waspods,8.99,8.99,,,,,14 wasbeurten,,False,,,,,,True,AH,https://www.ah.nl/producten/product/wi505203,2026-07-28,Witte Reus White 3+1 power detergent capsules white,households
584125,27776,AH Keukenpapier sterk & abs 2=3 rollen,AH,huishouden,Huishouden,Keukenpapier,2.99,2.99,,,,,2 stuks,,False,,,,,,True,AH,https://www.ah.nl/producten/product/wi584125,2026-07-28,AH Keukenpapier sterk & abs 2=3 rollen,households
595094,43281,AH Toiletpapier zacht 4-laags 12=18 rollen,AH,huishouden,Huishouden,Toiletpapier - 4 en 5 laags,8.35,8.35,,,,,12 stuks,,False,,,,,,True,AH,https://www.ah.nl/producten/product/wi595094,2026-07-28,AH Toilet paper soft 4-layer 12=18 rolls,households
63072,527965,Komo Trekbandzakken 60 liter,Komo,huishouden,Huishouden,Treksluitzakken,1.99,1.99,,,,,15 stuks,,False,,,,,,True,AH,https://www.ah.nl/producten/product/wi63072,2026-07-28,Komo Drawstring bags 60 liters,households
600227,51440,Frisse Reus Wasmiddel vloeibaar gel orchidee,Frisse Reus,huishouden,Huishouden,Vloeibaar wasmiddel,9.29,9.29,,,,,19 wasbeurten,,False,,,,,,True,AH,https://www.ah.nl/producten/product/wi600227,2026-07-28,Frisse Reus Wasmiddel vloeibaar gel orchidee,households
595093,43280,AH Toiletpapier zacht 3-laags 12=18 rollen,AH,huishouden,Huishouden,Toiletpapier - 3 laags,5.49,5.49,,,,,12 stuks,,False,,,,,,True,AH,https://www.ah.nl/producten/product/wi595093,2026-07-28,AH Toilet paper soft 3-layer 12=18 rolls,households
367232,833838,AH Vochtige allesreiniger doekjes citrus,AH,huishouden,Huishouden,Vochtige doekjes,0.99,0.99,,,,,80 stuks,,False,,,,,,True,AH,https://www.ah.nl/producten/product/wi367232,2026-07-28,AH Moist all-purpose cleaner wipes citrus,households
420703,692422,AH Bakpapier,AH,huishouden,Huishouden,Bakpapier,1.19,1.19,,,,,30 stuks,,False,,,,,,True,AH,https://www.ah.nl/producten/product/wi420703,2026-07-28,AH Baking paper,households
595310,43869,AH Toiletpapier zacht 4-laags 4=6 rollen,AH,huishouden,Huishouden,Toiletpapier - 4 en 5 laags,2.89,2.89,,,,,4 stuks,,False,,,,,,True,AH,https://www.ah.nl/producten/product/wi595310,2026-07-28,AH Toilet paper soft 4-layer 4=6 rolls,households
2870,18488,Komo Huisvuilzakken 60 l,Komo,huishouden,Huishouden,Pedaalemmerzakken,2.39,2.39,,,,,20 stuks,,False,,,,,,True,AH,https://www.ah.nl/producten/product/wi2870,2026-07-28,Komo Household waste bags 60 l,households
632,10636,AH Tissues zacht & sterk,AH,huishouden,Huishouden,Tissues,1.15,1.15,,,,,100 stuks,,False,,,,,,True,AH,https://www.ah.nl/producten/product/wi632,2026-07-28,AH Tissues soft & strong,households
584469,27629,AH Keukenpapier sterk 3=6 rollen,AH,huishouden,Huishouden,Keukenpapier,2.29,2.29,,,,,3 stuks,,False,,,,,,True,AH,https://www.ah.nl/producten/product/wi584469,2026-07-28,AH Kitchen paper strong 3=6 rolls,households
214277,806733,Page Sensitive vochtig toiletpapier,Page,huishouden,Huishouden,Toiletpapier - vochtig,2.29,2.29,,1 + 1 gratis,,1.0,38 stuks,,True,AH,1 + 1 gratis,2026-07-27,2026-08-02,,True,AH,https://www.ah.nl/producten/product/wi214277,2026-07-28,Page Sensitive moist toilet paper,households
160389,625632,AH Dikke bleek eucalyptus,AH,huishouden,Huishouden,Bleekmiddel,0.79,0.79,,,,,"0,75 l",prijs per liter €1.05,False,,,,,,True,AH,https://www.ah.nl/producten/product/wi160389,2026-07-28,AH Thick pale eucalyptus,households
607518,63879,Glorix Dikke bleek,Glorix,huishouden,Huishouden,Bleekmiddel,2.15,2.15,,,,,1 l,prijs per liter €2.15,False,,,,,,True,AH,https://www.ah.nl/producten/product/wi607518,2026-07-28,Glorix Fat pale,households
625098,0,Glorix Dikke bleek 2-pack,Glorix,huishouden,Huishouden,Bleekmiddel,3.87,4.3,10.0,10% volume voordeel,,,2 stuks,,True,AHOO,10% volume voordeel,2026-07-28,2999-12-31,,True,AH,https://www.ah.nl/producten/product/wi625098,2026-07-28,Glorix Thick bleach 2-pack,households
625099,0,Glorix Dikke bleek 4-pack,Glorix,huishouden,Huishouden,Bleekmiddel,6.88,8.6,20.0,20% volume voordeel,,,4 stuks,,True,AHOO,20% volume voordeel,2026-07-28,2999-12-31,,True,AH,https://www.ah.nl/producten/product/wi625099,2026-07-28,Glorix Dikke bleek 4-pack,households
625100,0,Glorix Dikke bleek 6-pack,Glorix,huishouden,Huishouden,Bleekmiddel,9.67,12.9,25.0,25% volume voordeel,,,6 stuks,,True,AHOO,25% volume voordeel,2026-07-28,2999-12-31,,True,AH,https://www.ah.nl/producten/product/wi625100,2026-07-28,Glorix Dikke bleek 6-pack,households
610450,0,Page Sensitive vochtig toiletpapier 4-pack,Page,huishouden,Huishouden,Toiletpapier - vochtig,4.58,9.16,50.0,pakketkorting,,,4 stuks,,True,AHOO,,2026-07-28,2026-08-02,,True,AH,https://www.ah.nl/producten/product/wi610450,2026-07-28,Page Sensitive moist toilet paper 4-pack,households
610449,0,Page Sensitive vochtig toiletpapier 2-pack,Page,huishouden,Huishouden,Toiletpapier - vochtig,2.29,4.58,50.0,pakketkorting,,,2 stuks,,True,AHOO,,2026-07-28,2026-08-02,,True,AH,https://www.ah.nl/producten/product/wi610449,2026-07-28,Page Sensitive moist toilet paper 2-pack,households
610451,0,Page Sensitive vochtig toiletpapier 6-pack,Page,huishouden,Huishouden,Toiletpapier - vochtig,6.87,13.74,50.0,pakketkorting,,,6 stuks,,True,AHOO,,2026-07-28,2026-08-02,,True,AH,https://www.ah.nl/producten/product/wi610451,2026-07-28,Page Sensitive moist toilet paper 6-pack,households
648,521954,AH Dikke bleek,AH,huishouden,Huishouden,Bleekmiddel,0.79,0.79,,,,,"0,75 l",prijs per liter €1.05,False,,,,,,True,AH,https://www.ah.nl/producten/product/wi648,2026-07-28,AH Big pale,households
470204,722254,AH Vochtig toiletpapier fresh,AH,huishouden,Huishouden,Toiletpapier - vochtig,0.95,0.95,,,,,80 stuks,,False,,,,,,True,AH,https://www.ah.nl/producten/product/wi470204,2026-07-28,AH Moist toilet paper fresh,households
489313,743029,AH Tissues 2 lagen,AH,huishouden,Huishouden,Tissues,1.15,1.15,,,,,150 stuks,,False,,,,,,True,AH,https://www.ah.nl/producten/product/wi489313,2026-07-28,AH Tissues 2 layers,households
479596,733451,AH Classic vaatwastablet,AH,huishouden,Huishouden,Vaatwastabletten,3.69,3.69,,,,,60 stuks,,False,,,,,,True,AH,https://www.ah.nl/producten/product/wi479596,2026-07-28,AH Classic dishwasher tablet,households
570788,11314,AH Toiletpapier 2-laags 16=24 rollen,AH,huishouden,Huishouden,Toiletpapier - 2 laags,6.39,6.39,,,,,16 rollen,,False,,,,,,True,AH,https://www.ah.nl/producten/product/wi570788,2026-07-28,AH Toilet paper 2-layer 16=24 rolls,households
435506,699878,AH Eco Afval en sanitairzakken 10 liter,AH Eco,huishouden,Huishouden,Pedaalemmerzakken,1.29,1.29,,,,,10 stuks,,False,,,,,,True,AH,https://www.ah.nl/producten/product/wi435506,2026-07-28,AH Eco Waste and sanitary bags 10 liters,households
187181,634431,Page Aloe vera vochtig toiletpapier,Page,huishouden,Huishouden,Toiletpapier - vochtig,2.29,2.29,,1 + 1 gratis,,1.0,38 stuks,,True,AH,1 + 1 gratis,2026-07-27,2026-08-02,,True,AH,https://www.ah.nl/producten/product/wi187181,2026-07-28,Page Aloe vera moist toilet paper,households
610441,0,Page Aloe vera vochtig toiletpapier 4-pack,Page,huishouden,Huishouden,Toiletpapier - vochtig,4.58,9.16,50.0,pakketkorting,,,4 stuks,,True,AHOO,,2026-07-28,2026-08-02,,True,AH,https://www.ah.nl/producten/product/wi610441,2026-07-28,Page Aloe vera moist toilet paper 4-pack,households
610440,0,Page Aloe vera vochtig toiletpapier 2-pack,Page,huishouden,Huishouden,Toiletpapier - vochtig,2.29,4.58,50.0,pakketkorting,,,2 stuks,,True,AHOO,,2026-07-28,2026-08-02,,True,AH,https://www.ah.nl/producten/product/wi610440,2026-07-28,Page Aloe vera moist toilet paper 2-pack,households
610442,0,Page Aloe vera vochtig toiletpapier 6-pack,Page,huishouden,Huishouden,Toiletpapier - vochtig,6.87,13.74,50.0,pakketkorting,,,6 stuks,,True,AHOO,,2026-07-28,2026-08-02,,True,AH,https://www.ah.nl/producten/product/wi610442,2026-07-28,Page Aloe vera vochtig toiletpapier 6-pack,households
48585,97052,Nalys Xtra power keukenpapier,Nalys,huishouden,Huishouden,Keukenpapier,3.59,3.59,,1 + 1 gratis,,1.0,2 rollen,,True,AH,1 + 1 gratis,2026-07-27,2026-08-02,,True,AH,https://www.ah.nl/producten/product/wi48585,2026-07-28,Nalys Xtra power kitchen paper,households
610430,0,Nalys Xtra power keukenpapier 2-pack,Nalys,huishouden,Huishouden,Keukenpapier,3.59,7.18,50.0,pakketkorting,,,2 stuks,,True,AHOO,,2026-07-28,2026-08-02,,True,AH,https://www.ah.nl/producten/product/wi610430,2026-07-28,Nalys Xtra power kitchen paper 2-pack,households
547694,28925,Dreft Afwasmiddel platinum quick wash original,Dreft,huishouden,Huishouden,Afwasmiddel,2.495,2.99,16.6,2 voor 4.99,4.99,2.0,350 ml,normale prijs per liter €8.54,True,AH,2 voor 4.99,2026-07-27,2026-08-02,,True,AH,https://www.ah.nl/producten/product/wi547694,2026-07-28,Dreft Dishwashing liquid platinum quick wash original,households
597969,0,AH Eco Afval en sanitairzakken 10 liter 4-pack,AH Eco,huishouden,Huishouden,Pedaalemmerzakken,4.39,5.16,15.0,15% volume voordeel,,,4 stuks,,True,AHOO,15% volume voordeel,2026-07-28,2999-12-31,,True,AH,https://www.ah.nl/producten/product/wi597969,2026-07-28,AH Eco Waste and sanitary bags 10 liters 4-pack,households
570826,11286,Dreft Afwasmiddel max power original,Dreft,huishouden,Huishouden,Afwasmiddel,2.495,4.69,46.8,2 voor 4.99,4.99,2.0,450 ml,normale prijs per liter €10.42,True,AH,2 voor 4.99,2026-07-27,2026-08-02,,True,AH,https://www.ah.nl/producten/product/wi570826,2026-07-28,Dreft Dishwashing liquid max power original,households
590109,36384,Robijn Wasverzachter morgenfris,Robijn,huishouden,Huishouden,Wasverzachters,6.45,6.45,,1 + 1 gratis,,1.0,39 wasbeurten,,True,AH,1 + 1 gratis,2026-07-27,2026-08-02,,True,AH,https://www.ah.nl/producten/product/wi590109,2026-07-28,Robijn Fabric softener fresh in the morning,households
608831,0,Robijn Wasverzachter morgenfris 2-pack,Robijn,huishouden,Huishouden,Wasverzachters,6.45,12.9,50.0,pakketkorting,,,2 stuks,,True,AHOO,,2026-07-28,2026-08-02,,True,AH,https://www.ah.nl/producten/product/wi608831,2026-07-28,Robijn Wasverzachter morgenfris 2-pack,households
608832,0,Robijn Wasverzachter morgenfris 4-pack,Robijn,huishouden,Huishouden,Wasverzachters,12.9,25.8,50.0,pakketkorting,,,4 stuks,,True,AHOO,,2026-07-28,2026-08-02,,True,AH,https://www.ah.nl/producten/product/wi608832,2026-07-28,Robijn Fabric Softener Morning Fresh 4-pack,households
608833,0,Robijn Wasverzachter morgenfris 8-pack,Robijn,huishouden,Huishouden,Wasverzachters,25.8,51.6,50.0,pakketkorting,,,8 stuks,,True,AHOO,50% volume voordeel,2026-07-28,2026-08-02,,True,AH,https://www.ah.nl/producten/product/wi608833,2026-07-28,Robijn Wasverzachter morgenfris 8-pack,households
625722,0,Robijn Wasverzachter morgenfris 3-pack,Robijn,huishouden,Huishouden,Wasverzachters,12.9,19.35,33.3,pakketkorting,,,3 stuks,,True,AHOO,,2026-07-28,2026-08-02,,True,AH,https://www.ah.nl/producten/product/wi625722,2026-07-28,Robijn Wasverzachter morgenfris 3-pack,households
136148,603221,AH Diepvrieszakjes met zipsluiting middel,AH,huishouden,Huishouden,Diepvries- en hersluitbare zakjes,1.55,1.55,,,,,40 stuks,,False,,,,,,True,AH,https://www.ah.nl/producten/product/wi136148,2026-07-28,AH Freezer bags with zip closure,households
460934,664921,AH Gedemineraliseerdwater,AH,huishouden,Huishouden,"Vlekken-, onderhouds- en poetsmiddelen",0.85,0.85,,,,,1 l,prijs per liter €0.85,False,,,,,,True,AH,https://www.ah.nl/producten/product/wi460934,2026-07-28,AH Demineralized water,households
55043,524860,AH Pedaalemmerzakken 25 liter,AH,huishouden,Huishouden,Pedaalemmerzakken,1.49,1.49,,,,,50 stuks,,False,,,,,,True,AH,https://www.ah.nl/producten/product/wi55043,2026-07-28,AH Pedal bin bags 25 liters,households
584126,27777,AH Keukenpapier sterk & abs 4=6 rollen,AH,huishouden,Huishouden,Keukenpapier,5.95,5.95,,,,,4 stuks,,False,,,,,,True,AH,https://www.ah.nl/producten/product/wi584126,2026-07-28,AH Kitchen paper strong & abs 4=6 rolls,households
396807,847933,Glorix Power5 ocean wc-blok,Glorix,huishouden,Huishouden,Toiletblokken,3.65,3.65,,2 + 2 gratis,,2.0,per stuk,,True,AH,2 + 2 gratis,2026-07-27,2026-08-02,,True,AH,https://www.ah.nl/producten/product/wi396807,2026-07-28,Glorix Power5 ocean toilet block,households
368663,834432,Kleenex Balsam tissues,Kleenex,huishouden,Huishouden,Tissues,2.39,2.39,,,,,64 stuks,,False,,,,,,True,AH,https://www.ah.nl/producten/product/wi368663,2026-07-28,Kleenex Balsam tissues,households
593675,40590,AH Schuurspons,AH,huishouden,Huishouden,Sponzen,1.29,1.29,,,,,10 stuks,,False,,,,,,True,AH,https://www.ah.nl/producten/product/wi593675,2026-07-28,AH Schuurspons,households
608681,0,Glorix Power5 ocean wc-blok 6-pack,Glorix,huishouden,Huishouden,Toiletblokken,14.6,21.9,33.3,pakketkorting,,,6 stuks,,True,AHOO,,2026-07-28,2026-08-02,,True,AH,https://www.ah.nl/producten/product/wi608681,2026-07-28,Glorix Power5 ocean wc-blok 6-pack,households
124113,89203,AH Boterhamzakjes,AH,huishouden,Huishouden,Diepvries- en hersluitbare zakjes,0.99,0.99,,,,,80 stuks,,False,,,,,,True,AH,https://www.ah.nl/producten/product/wi124113,2026-07-28,AH Boterhamzakjes,households
608680,0,Glorix Power5 ocean wc-blok 2-pack,Glorix,huishouden,Huishouden,Toiletblokken,5.84,7.3,20.0,20% volume voordeel,,,2 stuks,,True,AH,20% volume voordeel,,,,True,AH,https://www.ah.nl/producten/product/wi608680,2026-07-28,Glorix Power5 ocean wc-blok 2-pack,households
608682,0,Glorix Power5 ocean wc-blok 9-pack,Glorix,huishouden,Huishouden,Toiletblokken,18.25,32.85,44.4,pakketkorting,,,9 stuks,,True,AHOO,,2026-07-28,2026-08-02,,True,AH,https://www.ah.nl/producten/product/wi608682,2026-07-28,Glorix Power5 ocean wc-blok 9-pack,households
595092,43278,AH Eco Recycle toiletpapier 3-laags 4=6 rollen,AH Eco,huishouden,Huishouden,Toiletpapier - 3 laags,1.89,1.89,,,,,4 stuks,,False,,,,,,True,AH,https://www.ah.nl/producten/product/wi595092,2026-07-28,AH Eco Recycle toiletpapier 3-laags 4=6 rollen,households
467465,718979,Page Compleet schoon toiletpapier voordeelpak,Page,huishouden,Huishouden,Toiletpapier - 3 laags,8.49,8.49,,,,,12 stuks,,False,,,,,,True,AH,https://www.ah.nl/producten/product/wi467465,2026-07-28,Page Compleet schoon toiletpapier voordeelpak,households
101016,548172,Page Compleet schoon vochtig toiletpapier,Page,huishouden,Huishouden,Toiletpapier - vochtig,1.99,1.99,,1 + 1 gratis,,1.0,38 stuks,,True,AH,1 + 1 gratis,2026-07-27,2026-08-02,,True,AH,https://www.ah.nl/producten/product/wi101016,2026-07-28,Page Compleet schoon vochtig toiletpapier,households
396808,847934,Glorix Power5 citrus wc-blok,Glorix,huishouden,Huishouden,Toiletblokken,3.65,3.65,,2 + 2 gratis,,2.0,per stuk,,True,AH,2 + 2 gratis,2026-07-27,2026-08-02,,True,AH,https://www.ah.nl/producten/product/wi396808,2026-07-28,Glorix Power5 citrus wc-blok,households
608677,0,Glorix Power5 citrus wc-blok 2-pack,Glorix,huishouden,Huishouden,Toiletblokken,5.84,7.3,20.0,20% volume voordeel,,,2 stuks,,True,AH,20% volume voordeel,,,,True,AH,https://www.ah.nl/producten/product/wi608677,2026-07-28,Glorix Power5 citrus wc-blok 2-pack,households
608678,0,Glorix Power5 citrus wc-blok 6-pack,Glorix,huishouden,Huishouden,Toiletblokken,14.6,21.9,33.3,pakketkorting,,,6 stuks,,True,AHOO,,2026-07-28,2026-08-02,,True,AH,https://www.ah.nl/producten/product/wi608678,2026-07-28,Glorix Power5 citrus wc-blok 6-pack,households
608679,0,Glorix Power5 citrus wc-blok 9-pack,Glorix,huishouden,Huishouden,Toiletblokken,18.25,32.85,44.4,pakketkorting,,,9 stuks,,True,AHOO,,2026-07-28,2026-08-02,,True,AH,https://www.ah.nl/producten/product/wi608679,2026-07-28,Glorix Power5 citrus wc-blok 9-pack,households
143920,604228,AH Sanitairzakken met handvatten 10 liter,AH,huishouden,Huishouden,Pedaalemmerzakken,1.05,1.05,,,,,40 stuks,,False,,,,,,True,AH,https://www.ah.nl/producten/product/wi143920,2026-07-28,AH Sanitairzakken met handvatten 10 liter,households
479793,733452,AH Spoelglans,AH,huishouden,Huishouden,Vaatwaspoeder en glansspoelmiddel,2.05,2.05,,,,,1 l,prijs per liter €2.05,False,,,,,,True,AH,https://www.ah.nl/producten/product/wi479793,2026-07-28,AH Spoelglans,households
571447,12752,Dreft Platinum plus vaatwascapsules citroen,Dreft,huishouden,Huishouden,Vaatwastabletten,14.99,14.99,,1 + 1 gratis,,1.0,19 stuks,,True,AH,1 + 1 gratis,2026-07-27,2026-08-02,,True,AH,https://www.ah.nl/producten/product/wi571447,2026-07-28,Dreft Platinum plus vaatwascapsules citroen,households
605840,0,Dreft Platinum+ vaatwascapsules citroen 4-pack,Dreft,huishouden,Huishouden,Vaatwastabletten,29.98,59.96,50.0,pakketkorting,,,4 stuks,,True,AHOO,,2026-07-28,2026-08-02,,True,AH,https://www.ah.nl/producten/product/wi605840,2026-07-28,Dreft Platinum+ vaatwascapsules citroen 4-pack,households
610444,0,Page Compleet schoon vochtig toiletpapier 4pk,Page,huishouden,Huishouden,Toiletpapier - vochtig,3.98,7.96,50.0,pakketkorting,,,4 stuks,,True,AHOO,,2026-07-28,2026-08-02,,True,AH,https://www.ah.nl/producten/product/wi610444,2026-07-28,Page Compleet schoon vochtig toiletpapier 4pk,households
622903,0,Dreft Platinum pls vaatwascapsules citroen 2pk,Dreft,huishouden,Huishouden,Vaatwastabletten,14.99,29.98,50.0,pakketkorting,,,2 stuks,,True,AHOO,,2026-07-28,2026-08-02,,True,AH,https://www.ah.nl/producten/product/wi622903,2026-07-28,Dreft Platinum pls vaatwascapsules citroen 2pk,households
622904,0,Dreft Platinum pls vaatwascapsules citroen 6pk,Dreft,huishouden,Huishouden,Vaatwastabletten,,,,,,,6 stuks,,False,,,,,,True,AH,https://www.ah.nl/producten/product/wi622904,2026-07-28,Dreft Platinum pls vaatwascapsules citroen 6pk,households
610443,0,Page Compleet schoon vochtig toiletpapier 2pk,Page,huishouden,Huishouden,Toiletpapier - vochtig,1.99,3.98,50.0,pakketkorting,,,2 stuks,,True,AHOO,,2026-07-28,2026-08-02,,True,AH,https://www.ah.nl/producten/product/wi610443,2026-07-28,Page Compleet schoon vochtig toiletpapier 2pk,households
610445,0,Page Compleet schoon vochtig toiletpapier 6pk,Page,huishouden,Huishouden,Toiletpapier - vochtig,5.97,11.94,50.0,pakketkorting,,,6 stuks,,True,AHOO,,2026-07-28,2026-08-02,,True,AH,https://www.ah.nl/producten/product/wi610445,2026-07-28,Page Compleet schoon vochtig toiletpapier 6pk,households
167981,617329,AH Trekbandzakken 120 liter,AH,huishouden,Huishouden,Treksluitzakken,1.85,1.85,,,,,10 stuks,,False,,,,,,True,AH,https://www.ah.nl/producten/product/wi167981,2026-07-28,AH Trekbandzakken 120 liter,households
136146,603216,AH Pedaalemmerzakken 35 liter,AH,huishouden,Huishouden,Pedaalemmerzakken,2.19,2.19,,,,,20 stuks,,False,,,,,,True,AH,https://www.ah.nl/producten/product/wi136146,2026-07-28,AH Pedaalemmerzakken 35 liter,households
163693,634276,Ajax Eucalyptus allesreiniger,Ajax,huishouden,Huishouden,Allesreiniger,2.95,2.95,,,,,"1,25 l",prijs per liter €2.36,False,,,,,,True,AH,https://www.ah.nl/producten/product/wi163693,2026-07-28,Ajax Eucalyptus allesreiniger,households
567130,0,AH Pedaalemmerzakken 35 liter 4-pack,AH,huishouden,Huishouden,Pedaalemmerzakken,7.45,8.76,15.0,15% volume voordeel,,,4 stuks,,True,AHOO,15% volume voordeel,2026-07-28,2999-12-31,,True,AH,https://www.ah.nl/producten/product/wi567130,2026-07-28,AH Pedaalemmerzakken 35 liter 4-pack,households
434366,40416,Glorix WC Blok Lavendel,Glorix,huishouden,Huishouden,Toiletblokken,3.65,3.65,,2 + 2 gratis,,2.0,per stuk,,True,AH,2 + 2 gratis,2026-07-27,2026-08-02,,True,AH,https://www.ah.nl/producten/product/wi434366,2026-07-28,Glorix WC Blok Lavendel,households
608683,0,Glorix WC Blok Lavendel 2-pack,Glorix,huishouden,Huishouden,Toiletblokken,5.84,7.3,20.0,20% volume voordeel,,,2 stuks,,True,AH,20% volume voordeel,,,,True,AH,https://www.ah.nl/producten/product/wi608683,2026-07-28,Glorix WC Blok Lavendel 2-pack,households
580458,23631,Glade Geurglas appel kaneel raapzaadwas,Glade,koken-tafelen-vrije-tijd,"Koken, tafelen, vrije tijd",Geurkaarsen,4.99,4.99,,,,,112 g,prijs per kg €44.55,False,,,,,,True,AH,https://www.ah.nl/producten/product/wi580458,2026-07-28,Glade Geurglas appel kaneel raapzaadwas,cooking-dining-free-time
580462,23634,Glade Geurglas cherry and peony raapzaadwas,Glade,koken-tafelen-vrije-tijd,"Koken, tafelen, vrije tijd",Geurkaarsen,4.99,4.99,,,,,112 g,prijs per kg €44.55,False,,,,,,True,AH,https://www.ah.nl/producten/product/wi580462,2026-07-28,Glade Geurglas cherry and peony raapzaadwas,cooking-dining-free-time
475849,728813,AH Kartonnen beker wit,AH,koken-tafelen-vrije-tijd,"Koken, tafelen, vrije tijd",Wegwerpbekers,1.99,1.99,,,,,30 stuks,,False,,,,,,True,AH,https://www.ah.nl/producten/product/wi475849,2026-07-28,AH Kartonnen beker wit,cooking-dining-free-time
624,545646,AH Servetten 2-laags 33x33 cm wit,AH,koken-tafelen-vrije-tijd,"Koken, tafelen, vrije tijd",Servetten,1.99,1.99,,,,,50 stuks,,False,,,,,,True,AH,https://www.ah.nl/producten/product/wi624,2026-07-28,AH Servetten 2-laags 33x33 cm wit,cooking-dining-free-time
434870,699316,AH Bord 23 cm,AH,koken-tafelen-vrije-tijd,"Koken, tafelen, vrije tijd",Wegwerpborden,1.99,1.99,,,,,20 stuks,,False,,,,,,True,AH,https://www.ah.nl/producten/product/wi434870,2026-07-28,AH Bord 23 cm,cooking-dining-free-time
580459,23632,Glade Geurglas vanille vegan raapzaadwas,Glade,koken-tafelen-vrije-tijd,"Koken, tafelen, vrije tijd",Geurkaarsen,4.99,4.99,,,,,112 g,prijs per kg €44.55,False,,,,,,True,AH,https://www.ah.nl/producten/product/wi580459,2026-07-28,Glade Geurglas vanille vegan raapzaadwas,cooking-dining-free-time
480624,734831,AH Donatie Voedselbanken Nederland 1 euro,AH,koken-tafelen-vrije-tijd,"Koken, tafelen, vrije tijd",Donaties,1.0,1.0,,,,,per stuk,,False,,,,,,True,AH,https://www.ah.nl/producten/product/wi480624,2026-07-28,AH Donatie Voedselbanken Nederland 1 euro,cooking-dining-free-time
514507,24643,AH Rietjes,AH,koken-tafelen-vrije-tijd,"Koken, tafelen, vrije tijd",Wegwerpbekers,1.29,1.29,,,,,10 stuks,,False,,,,,,True,AH,https://www.ah.nl/producten/product/wi514507,2026-07-28,AH Rietjes,cooking-dining-free-time
114143,558595,Varta Longlife power AA alkaline batterijen,Varta,koken-tafelen-vrije-tijd,"Koken, tafelen, vrije tijd",AA batterijen,5.69,5.69,,,,,4 stuks,,False,,,,,,True,AH,https://www.ah.nl/producten/product/wi114143,2026-07-28,Varta Longlife power AA alkaline batterijen,cooking-dining-free-time
196807,607132,"AH AAA 1,5V batterijen",AH,koken-tafelen-vrije-tijd,"Koken, tafelen, vrije tijd",AAA batterijen,1.95,1.95,,,,,8 stuks,,False,,,,,,True,AH,https://www.ah.nl/producten/product/wi196807,2026-07-28,"AH AAA 1,5V batterijen",cooking-dining-free-time
473597,725739,AH Houten vork,AH,koken-tafelen-vrije-tijd,"Koken, tafelen, vrije tijd",Bestek,1.39,1.39,,,,,20 stuks,,False,,,,,,True,AH,https://www.ah.nl/producten/product/wi473597,2026-07-28,AH Houten vork,cooking-dining-free-time
414011,856793,AH Sateprikkers bamboe 20cm,AH,koken-tafelen-vrije-tijd,"Koken, tafelen, vrije tijd","Prikkers, touw",1.19,1.19,,,,,100 stuks,,False,,,,,,True,AH,https://www.ah.nl/producten/product/wi414011,2026-07-28,AH Sateprikkers bamboe 20cm,cooking-dining-free-time
473600,725742,AH Roerstaafje hout,AH,koken-tafelen-vrije-tijd,"Koken, tafelen, vrije tijd",Bestek,0.99,0.99,,,,,100 stuks,,False,,,,,,True,AH,https://www.ah.nl/producten/product/wi473600,2026-07-28,AH Roerstaafje hout,cooking-dining-free-time
413922,856775,AH Cocktailprikkers 200 stuks,AH,koken-tafelen-vrije-tijd,"Koken, tafelen, vrije tijd","Prikkers, touw",1.99,1.99,,,,,2 stuks,,False,,,,,,True,AH,https://www.ah.nl/producten/product/wi413922,2026-07-28,AH Cocktailprikkers 200 stuks,cooking-dining-free-time
114142,558600,Varta Longlife power AAA alkaline batterijen,Varta,koken-tafelen-vrije-tijd,"Koken, tafelen, vrije tijd",AAA batterijen,5.69,5.69,,,,,4 stuks,,False,,,,,,True,AH,https://www.ah.nl/producten/product/wi114142,2026-07-28,Varta Longlife power AAA alkaline batterijen,cooking-dining-free-time
441449,83040,Canon Printpapier,Canon,koken-tafelen-vrije-tijd,"Koken, tafelen, vrije tijd",Papierwaren,6.49,6.49,,,,,500 stuks,,False,,,,,,True,AH,https://www.ah.nl/producten/product/wi441449,2026-07-28,Canon Printpapier,cooking-dining-free-time
478508,732454,AH Bierglazen 300ml,AH,koken-tafelen-vrije-tijd,"Koken, tafelen, vrije tijd",Wegwerpbekers,1.99,1.99,,,,,20 stuks,,False,,,,,,True,AH,https://www.ah.nl/producten/product/wi478508,2026-07-28,AH Bierglazen 300ml,cooking-dining-free-time
466213,716847,AH Elektronische aanstekers,AH,koken-tafelen-vrije-tijd,"Koken, tafelen, vrije tijd","Lucifers, aanstekers",1.29,1.29,,,,,3 stuks,,False,,,,,,True,AH,https://www.ah.nl/producten/product/wi466213,2026-07-28,AH Elektronische aanstekers,cooking-dining-free-time
473599,725741,AH Houten mes,AH,koken-tafelen-vrije-tijd,"Koken, tafelen, vrije tijd",Bestek,1.39,1.39,,,,,20 stuks,,False,,,,,,True,AH,https://www.ah.nl/producten/product/wi473599,2026-07-28,AH Houten mes,cooking-dining-free-time
434869,699315,AH Gebaksbord 15 cm,AH,koken-tafelen-vrije-tijd,"Koken, tafelen, vrije tijd",Wegwerpborden,1.79,1.79,,,,,20 stuks,,False,,,,,,True,AH,https://www.ah.nl/producten/product/wi434869,2026-07-28,AH Gebaksbord 15 cm,cooking-dining-free-time
409036,853932,AH Aanmaakblokjes bruin,AH,koken-tafelen-vrije-tijd,"Koken, tafelen, vrije tijd",Houtskool,1.99,1.99,,,,,56 stuks,,False,,,,,,True,AH,https://www.ah.nl/producten/product/wi409036,2026-07-28,AH Aanmaakblokjes bruin,cooking-dining-free-time
514606,884359,AH Servet donkerblauw,AH,koken-tafelen-vrije-tijd,"Koken, tafelen, vrije tijd",Servetten,1.89,1.89,,,,,20 stuks,,False,,,,,,True,AH,https://www.ah.nl/producten/product/wi514606,2026-07-28,AH Servet donkerblauw,cooking-dining-free-time
166525,640856,"AH AA alkaline 1,5V mignon lange levensduur",AH,koken-tafelen-vrije-tijd,"Koken, tafelen, vrije tijd",AA batterijen,6.99,6.99,,,,,8 stuks,,False,,,,,,True,AH,https://www.ah.nl/producten/product/wi166525,2026-07-28,"AH AA alkaline 1,5V mignon lange levensduur",cooking-dining-free-time
598498,0,"AH AA alkaline 1,5V mignon 4-pack",AH,koken-tafelen-vrije-tijd,"Koken, tafelen, vrije tijd",AA batterijen,23.77,27.96,15.0,15% volume voordeel,,,4 stuks,,True,AHOO,15% volume voordeel,2026-07-28,2999-12-31,,True,AH,https://www.ah.nl/producten/product/wi598498,2026-07-28,"AH AA alkaline 1,5V mignon 4-pack",cooking-dining-free-time
597555,0,AH Elektronische aanstekers 2-pack,AH,koken-tafelen-vrije-tijd,"Koken, tafelen, vrije tijd","Lucifers, aanstekers",2.48,2.58,4.0,4% volume voordeel,,,2 stuks,,True,AHOO,4% volume voordeel,2026-07-28,2999-12-31,,True,AH,https://www.ah.nl/producten/product/wi597555,2026-07-28,AH Elektronische aanstekers 2-pack,cooking-dining-free-time
212958,806343,Hoomark 3-pak Inpakpapier,Hoomark,koken-tafelen-vrije-tijd,"Koken, tafelen, vrije tijd",Cadeauverpakking,1.79,1.79,,,,,3 stuks,,False,,,,,,True,AH,https://www.ah.nl/producten/product/wi212958,2026-07-28,Hoomark 3-pak Inpakpapier,cooking-dining-free-time
598075,0,AH Servet donkerblauw 4-pack,AH,koken-tafelen-vrije-tijd,"Koken, tafelen, vrije tijd",Servetten,6.8,7.56,10.0,10% volume voordeel,,,4 stuks,,True,AHOO,10% volume voordeel,2026-07-28,2999-12-31,,True,AH,https://www.ah.nl/producten/product/wi598075,2026-07-28,AH Servet donkerblauw 4-pack,cooking-dining-free-time
606578,62073,AH BBQ disposable bekers,AH,koken-tafelen-vrije-tijd,"Koken, tafelen, vrije tijd",Wegwerpbekers,2.49,2.49,,BONUS,,,40 stuks,,True,AH,BONUS,2026-04-20,2026-08-30,,True,AH,https://www.ah.nl/producten/product/wi606578,2026-07-28,AH BBQ disposable bekers,cooking-dining-free-time
200726,787450,AH Aansteker flex,AH,koken-tafelen-vrije-tijd,"Koken, tafelen, vrije tijd","Lucifers, aanstekers",1.99,1.99,,,,,per stuk,,False,,,,,,True,AH,https://www.ah.nl/producten/product/wi200726,2026-07-28,AH Aansteker flex,cooking-dining-free-time
597523,0,AH Aansteker flex 2-pack,AH,koken-tafelen-vrije-tijd,"Koken, tafelen, vrije tijd","Lucifers, aanstekers",3.82,3.98,4.0,4% volume voordeel,,,2 stuks,,True,AHOO,4% volume voordeel,2026-07-28,2999-12-31,,True,AH,https://www.ah.nl/producten/product/wi597523,2026-07-28,AH Aansteker flex 2-pack,cooking-dining-free-time
155427,593663,AH Kaarsen aansteker,AH,koken-tafelen-vrije-tijd,"Koken, tafelen, vrije tijd","Lucifers, aanstekers",1.99,1.99,,,,,2 stuks,,False,,,,,,True,AH,https://www.ah.nl/producten/product/wi155427,2026-07-28,AH Kaarsen aansteker,cooking-dining-free-time
597989,0,AH Kaarsen aansteker 2-pack,AH,koken-tafelen-vrije-tijd,"Koken, tafelen, vrije tijd","Lucifers, aanstekers",3.82,3.98,4.0,4% volume voordeel,,,2 stuks,,True,AHOO,4% volume voordeel,2026-07-28,2999-12-31,,True,AH,https://www.ah.nl/producten/product/wi597989,2026-07-28,AH Kaarsen aansteker 2-pack,cooking-dining-free-time
514523,25594,AH Servet blad 33cm,AH,koken-tafelen-vrije-tijd,"Koken, tafelen, vrije tijd",Servetten,1.99,1.99,,,,,20 stuks,,False,,,,,,True,AH,https://www.ah.nl/producten/product/wi514523,2026-07-28,AH Servet blad 33cm,cooking-dining-free-time
590369,37180,De zwaluw Lucifers 4-pack,De zwaluw,koken-tafelen-vrije-tijd,"Koken, tafelen, vrije tijd","Lucifers, aanstekers",1.75,1.75,,,,,4 stuks,,False,,,,,,True,AH,https://www.ah.nl/producten/product/wi590369,2026-07-28,De zwaluw Lucifers 4-pack,cooking-dining-free-time
514529,27012,AH Servet earthy champ,AH,koken-tafelen-vrije-tijd,"Koken, tafelen, vrije tijd",Servetten,1.89,1.89,,,,,20 stuks,,False,,,,,,True,AH,https://www.ah.nl/producten/product/wi514529,2026-07-28,AH Servet earthy champ,cooking-dining-free-time
556854,584153,AH Kom rond wit bagasse 500ml,AH,koken-tafelen-vrije-tijd,"Koken, tafelen, vrije tijd","Kommen, schaaltjes",1.89,1.89,,,,,12 stuks,,False,,,,,,True,AH,https://www.ah.nl/producten/product/wi556854,2026-07-28,AH Kom rond wit bagasse 500ml,cooking-dining-free-time
494812,750131,Pokon Compact potgrond,Pokon,koken-tafelen-vrije-tijd,"Koken, tafelen, vrije tijd",Planten en plantverzorging,4.49,4.49,,,,,10 l,prijs per liter €0.45,False,,,,,,True,AH,https://www.ah.nl/producten/product/wi494812,2026-07-28,Pokon Compact potgrond,cooking-dining-free-time
225996,792988,AH Wijnglas facet,AH,koken-tafelen-vrije-tijd,"Koken, tafelen, vrije tijd",Wegwerpbekers,2.79,2.79,,,,,10 stuks,,False,,,,,,True,AH,https://www.ah.nl/producten/product/wi225996,2026-07-28,AH Wijnglas facet,cooking-dining-free-time
598076,0,AH Servet earthy champ 4-pack,AH,koken-tafelen-vrije-tijd,"Koken, tafelen, vrije tijd",Servetten,6.8,7.56,10.0,10% volume voordeel,,,4 stuks,,True,AHOO,10% volume voordeel,2026-07-28,2999-12-31,,True,AH,https://www.ah.nl/producten/product/wi598076,2026-07-28,AH Servet earthy champ 4-pack,cooking-dining-free-time
