id,hq_id,title,brand,scraped_aisle,main_category,sub_category,final_price,original_price,discount_pct,discount_label,deal_price,deal_count,unit,unit_price_description,is_bonus,discount_type,bonus_mechanism,bonus_start,bonus_end,nutriscore,available_online,shop_type,url,scraped_at,title_eng,aisle_eng
54074,508672,AH Komkommer,AH,groente-aardappelen,"Groente, aardappelen",Komkommer,0.99,0.99,,,,,per stuk,,False,,,,,A,True,AH,https://www.ah.nl/producten/product/wi54074,2026-08-02,AH Cucumber,vegetable potatoes
4117,646784,AH Paprika rood,AH,groente-aardappelen,"Groente, aardappelen",Paprika,0.99,0.99,,,,,per stuk,,False,,,,,A,True,AH,https://www.ah.nl/producten/product/wi4117,2026-08-02,AH Paprika red,vegetable potatoes
4164,21003,AH Courgette,AH,groente-aardappelen,"Groente, aardappelen",Courgette,0.495,0.95,47.9,2 voor 0.99,0.99,2.0,per stuk,,True,AH,2 voor 0.99,2026-08-03,2026-08-09,A,True,AH,https://www.ah.nl/producten/product/wi4164,2026-08-02,AH Zucchini,vegetable potatoes
101130,529604,AH Biologisch Komkommer,AH Biologisch,groente-aardappelen,"Groente, aardappelen",Komkommer,1.65,1.65,,,,,per stuk,,False,,,,,A,True,AH,https://www.ah.nl/producten/product/wi101130,2026-08-02,AH Organic Cucumber,vegetable potatoes
4177,582666,AH Broccoli,AH,groente-aardappelen,"Groente, aardappelen",Broccoli,1.35,1.35,,,,,500 g,prijs per kg €2.70,False,,,,,A,True,AH,https://www.ah.nl/producten/product/wi4177,2026-08-02,AH Broccoli,vegetable potatoes
41194,21006,AH Paprika mix,AH,groente-aardappelen,"Groente, aardappelen",Paprika,1.99,1.99,,,,,3 stuks,,False,,,,,A,True,AH,https://www.ah.nl/producten/product/wi41194,2026-08-02,AH Paprika mix,vegetable potatoes
169797,597702,AH Avocado,AH,groente-aardappelen,"Groente, aardappelen",Avocado,1.39,1.39,,,,,per stuk,,False,,,,,A,True,AH,https://www.ah.nl/producten/product/wi169797,2026-08-02,AH Avocado,vegetable potatoes
129400,571118,AH Avocado eetrijp,AH,groente-aardappelen,"Groente, aardappelen",Avocado,2.99,2.99,,,,,2 stuks,,False,,,,,A,True,AH,https://www.ah.nl/producten/product/wi129400,2026-08-02,AH Avocado ready to eat,vegetable potatoes
4137,36597,AH Cherrytomaten,AH,groente-aardappelen,"Groente, aardappelen",Tomaten,1.19,1.19,,,,,250 g,prijs per kg €4.76,False,,,,,A,True,AH,https://www.ah.nl/producten/product/wi4137,2026-08-02,AH Cherry tomatoes,vegetable potatoes
471641,723890,AH Snoepgroente tomaat,AH,groente-aardappelen,"Groente, aardappelen",Snoepgroente,3.29,3.29,,,,,500 g,prijs per kg €6.58,False,,,,,A,True,AH,https://www.ah.nl/producten/product/wi471641,2026-08-02,AH Snoepgroente tomaat,vegetable potatoes
171425,767852,AH Prei,AH,groente-aardappelen,"Groente, aardappelen",Prei,0.69,0.69,,,,,per stuk,,False,,,,,A,True,AH,https://www.ah.nl/producten/product/wi171425,2026-08-02,AH Leek,vegetable potatoes
169813,599987,AH Bosui,AH,groente-aardappelen,"Groente, aardappelen",Ui,0.99,0.99,,,,,per bosje,,False,,,,,A,True,AH,https://www.ah.nl/producten/product/wi169813,2026-08-02,AH Spring onion,vegetable potatoes
4180,809016,AH Aubergine,AH,groente-aardappelen,"Groente, aardappelen",Aubergine,0.99,0.99,,,,,per stuk,,False,,,,,A,True,AH,https://www.ah.nl/producten/product/wi4180,2026-08-02,AH Eggplant,vegetable potatoes
502305,819328,AH Snoepgroente komkommer,AH,groente-aardappelen,"Groente, aardappelen",Snoepgroente,1.6667,2.19,23.9,3 voor 5.00,5.0,3.0,230 g,normale prijs per kg €9.52,True,AH,3 VOOR 5.00,2026-07-27,2026-08-02,A,True,AH,https://www.ah.nl/producten/product/wi502305,2026-08-02,AH Candy vegetable cucumber,vegetable potatoes
111767,555634,AH Rucola,AH,groente-aardappelen,"Groente, aardappelen",Sla,1.09,1.09,,,,,85 g,prijs per kg €12.82,False,,,,,A,True,AH,https://www.ah.nl/producten/product/wi111767,2026-08-02,AH Arugula,vegetable potatoes
123865,526638,AH Sweet palermo rode puntpaprika,AH,groente-aardappelen,"Groente, aardappelen",Paprika,0.995,1.69,41.1,2 voor 1.99,1.99,2.0,2 stuks,,True,AH,2 VOOR 1.99,2026-07-27,2026-08-02,A,True,AH,https://www.ah.nl/producten/product/wi123865,2026-08-02,AH Sweet palermo red pointed pepper,vegetable potatoes
123864,501842,AH Tasty Tom trostomaten,AH,groente-aardappelen,"Groente, aardappelen",Tomaten,2.79,2.79,,,,,380 g,prijs per kg €7.34,False,,,,,A,True,AH,https://www.ah.nl/producten/product/wi123864,2026-08-02,AH Tasty Tom vine tomatoes,vegetable potatoes
193247,794420,AH Fijngesneden ijsbergsla,AH,groente-aardappelen,"Groente, aardappelen",Sla,0.99,0.99,,,,,100 g,prijs per kg €9.90,False,,,,,A,True,AH,https://www.ah.nl/producten/product/wi193247,2026-08-02,AH Finely chopped iceberg lettuce,vegetable potatoes
4183,20960,AH Bloemkool,AH,groente-aardappelen,"Groente, aardappelen",Bloemkool,1.29,1.99,35.2,voor 1.29,1.29,,per stuk,,True,AH,VOOR 1.29,2026-08-03,2026-08-09,A,True,AH,https://www.ah.nl/producten/product/wi4183,2026-08-02,AH Cauliflower,vegetable potatoes
165583,596488,AH Sweet cherry cherrytomaten,AH,groente-aardappelen,"Groente, aardappelen",Tomaten,2.89,2.89,,,,,250 g,prijs per kg €11.56,False,,,,,A,True,AH,https://www.ah.nl/producten/product/wi165583,2026-08-02,AH Sweet cherry cherry tomatoes,vegetable potatoes
238834,831963,AH Witlof,AH,groente-aardappelen,"Groente, aardappelen",Witlof en roodlof,2.29,2.29,,,,,4 stuks,,False,,,,,A,True,AH,https://www.ah.nl/producten/product/wi238834,2026-08-02,AH Chicory,vegetable potatoes
4099,20952,AH Ijsbergsla,AH,groente-aardappelen,"Groente, aardappelen",Sla,1.09,1.09,,,,,per stuk,,False,,,,,A,True,AH,https://www.ah.nl/producten/product/wi4099,2026-08-02,AH Iceberg lettuce,vegetable potatoes
129684,583659,AH IJsbergsla,AH,groente-aardappelen,"Groente, aardappelen",Sla,1.09,1.09,,,,,200 g,prijs per kg €5.45,False,,,,,A,True,AH,https://www.ah.nl/producten/product/wi129684,2026-08-02,AH Iceberg lettuce,vegetable potatoes
611642,67842,AH Basilicum,AH,groente-aardappelen,"Groente, aardappelen",Verse kruiden,1.19,1.19,,,,,22 g,prijs per kg €54.09,False,,,,,A,True,AH,https://www.ah.nl/producten/product/wi611642,2026-08-02,AH Basil,vegetable potatoes
4088,582662,AH Tomaten,AH,groente-aardappelen,"Groente, aardappelen",Tomaten,1.79,1.79,,,,,500 g,prijs per kg €3.58,False,,,,,A,True,AH,https://www.ah.nl/producten/product/wi4088,2026-08-02,AH Tomatoes,vegetable potatoes
185202,780552,AH Biologisch Courgette,AH Biologisch,groente-aardappelen,"Groente, aardappelen",Courgette,1.19,1.19,,,,,per stuk,,False,,,,,A,True,AH,https://www.ah.nl/producten/product/wi185202,2026-08-02,AH Organic Zucchini,vegetable potatoes
389076,845953,AH Biologisch Trostomaten,AH Biologisch,groente-aardappelen,"Groente, aardappelen",Tomaten,2.99,2.99,,,,,500 g,prijs per kg €5.98,False,,,,,A,True,AH,https://www.ah.nl/producten/product/wi389076,2026-08-02,AH Organic Vine tomatoes,vegetable potatoes
198690,583615,AH Mini krieltjes,AH,groente-aardappelen,"Groente, aardappelen",Krieltjes geschild,1.19,1.19,,VOOR 0.89,0.89,,600 g,normale prijs per kg €1.98,True,AH,VOOR 0.89,2026-07-27,2026-08-02,A,True,AH,https://www.ah.nl/producten/product/wi198690,2026-08-02,AH Mini potatoes,vegetable potatoes
4160,21023,AH Knoflook,AH,groente-aardappelen,"Groente, aardappelen",Knoflook,1.45,1.45,,,,,2 stuks,,False,,,,,A,True,AH,https://www.ah.nl/producten/product/wi4160,2026-08-02,AH Garlic,vegetable potatoes
4169,21012,AH Witte champignons,AH,groente-aardappelen,"Groente, aardappelen",Champignons,1.25,1.25,,,,,250 g,prijs per kg €5.00,False,,,,,A,True,AH,https://www.ah.nl/producten/product/wi4169,2026-08-02,AH White mushrooms,vegetable potatoes
4102,582663,AH Sperziebonen,AH,groente-aardappelen,"Groente, aardappelen",Sperziebonen,2.49,2.49,,,,,500 g,prijs per kg €4.98,False,,,,,A,True,AH,https://www.ah.nl/producten/product/wi4102,2026-08-02,AH Green beans,vegetable potatoes
4083,20988,AH Gele uien,AH,groente-aardappelen,"Groente, aardappelen",Ui,1.65,1.65,,,,,1 kg,prijs per kg €1.65,False,,,,,A,True,AH,https://www.ah.nl/producten/product/wi4083,2026-08-02,AH Gele uien,vegetable potatoes
104818,526617,AH Biologisch Gember,AH Biologisch,groente-aardappelen,"Groente, aardappelen",Gember en pepers,2.19,2.19,,,,,150 g,prijs per kg €14.60,False,,,,,A,True,AH,https://www.ah.nl/producten/product/wi104818,2026-08-02,AH Organic Ginger,vegetable potatoes
128148,583663,AH Geschrapte worteltjes grootverpakking,AH,groente-aardappelen,"Groente, aardappelen",Wortel en peen,1.79,1.79,,,,,500 g,prijs per kg €3.58,False,,,,,A,True,AH,https://www.ah.nl/producten/product/wi128148,2026-08-02,AH Scraped carrots in bulk packaging,vegetable potatoes
394821,846713,AH Snoepgroente worteltjes,AH,groente-aardappelen,"Groente, aardappelen",Snoepgroente,0.99,0.99,,,,,150 g,prijs per kg €6.60,False,,,,,A,True,AH,https://www.ah.nl/producten/product/wi394821,2026-08-02,AH Candy vegetable carrots,vegetable potatoes
525254,747629,AH Mini krieltjes bistro,AH,groente-aardappelen,"Groente, aardappelen",Krieltjes geschild,0.89,1.09,18.3,voor 0.89,0.89,,450 g,normale prijs per kg €2.42,True,AH,VOOR 0.89,2026-08-03,2026-08-09,B,True,AH,https://www.ah.nl/producten/product/wi525254,2026-08-02,AH Mini baby potatoes bistro,vegetable potatoes
367212,833752,Zespri Kiwi sungold,Zespri,fruit-verse-sappen,"Fruit, verse sappen",Kiwi,6.59,6.59,,,,,750 g,prijs per kg €8.79,False,,,,,A,True,AH,https://www.ah.nl/producten/product/wi367212,2026-08-02,Zespri Kiwi sungold,fresh fruit juices
523724,82867,Zespri Kiwi sungold,Zespri,fruit-verse-sappen,"Fruit, verse sappen",Kiwi,3.49,3.49,,,,,3 stuks,,False,,,,,A,True,AH,https://www.ah.nl/producten/product/wi523724,2026-08-02,Zespri Kiwi sungold,fresh fruit juices
491168,745534,AH Nederlandse aardbeien,AH,fruit-verse-sappen,"Fruit, verse sappen",Aardbeien,3.99,3.99,,VOOR 3.49,3.49,,400 g,normale prijs per kg €9.98,True,AH,VOOR 3.49,2026-07-27,2026-08-02,A,True,AH,https://www.ah.nl/producten/product/wi491168,2026-08-02,AH Dutch strawberries,fresh fruit juices
197393,767854,AH Bananen tros,AH,fruit-verse-sappen,"Fruit, verse sappen",Bananen,1.49,1.49,,,,,Tros,,False,,,,,A,True,AH,https://www.ah.nl/producten/product/wi197393,2026-08-02,AH Banana bunch,fresh fruit juices
177754,587596,AH Blauwe bessen,AH,fruit-verse-sappen,"Fruit, verse sappen",Blauwe bessen,3.42,4.89,30.0,30% korting,,,300 g,normale prijs per kg €16.30,True,AH,30% korting,2026-07-27,2026-08-02,A,True,AH,https://www.ah.nl/producten/product/wi177754,2026-08-02,AH Blueberries,fresh fruit juices
505698,853219,Zespri Sungold kiwi bio,Zespri,fruit-verse-sappen,"Fruit, verse sappen",Kiwi,5.49,5.49,,,,,4 stuks,,False,,,,,A,True,AH,https://www.ah.nl/producten/product/wi505698,2026-08-02,Zespri Sungold kiwi organic,fresh fruit juices
368480,834184,AH Biologisch Fairtrade bananen,AH Biologisch,fruit-verse-sappen,"Fruit, verse sappen",Bananen,2.39,2.39,,,,,5 stuks,,False,,,,,A,True,AH,https://www.ah.nl/producten/product/wi368480,2026-08-02,AH Organic Fairtrade bananas,fresh fruit juices
93224,20869,AH Mango,AH,fruit-verse-sappen,"Fruit, verse sappen",Mango,0.995,1.99,50.0,2 voor 1.99,1.99,2.0,per stuk,,True,AH,2 VOOR 1.99,2026-07-27,2026-08-02,A,True,AH,https://www.ah.nl/producten/product/wi93224,2026-08-02,AH Mango,fresh fruit juices
595323,44089,Chiquita Ready to eat bananen,Chiquita,fruit-verse-sappen,"Fruit, verse sappen",Bananen,1.75,2.19,20.1,2 voor 3.50,3.5,2.0,5 stuks,,True,AH,2 VOOR 3.50,2026-07-27,2026-08-02,A,True,AH,https://www.ah.nl/producten/product/wi595323,2026-08-02,Chiquita Ready to eat bananas,fresh fruit juices
604045,0,Chiquita ready to eat 2-pack,Chiquita,fruit-verse-sappen,"Fruit, verse sappen",Bananen,3.5,4.38,20.1,pakketkorting,,,2 stuks,,True,AHOO,,2026-08-02,2026-08-02,,True,AH,https://www.ah.nl/producten/product/wi604045,2026-08-02,Chiquita ready to eat 2-pack,fresh fruit juices
596101,0,Chiquita Groen & Geel mix 4-pakket,Chiquita,fruit-verse-sappen,"Fruit, verse sappen",Bananen,7.0,8.76,20.1,pakketkorting,,,per pakket,,True,AHOO,,2026-08-02,2026-08-02,,True,AH,https://www.ah.nl/producten/product/wi596101,2026-08-02,Chiquita Green & Yellow mix 4-pack,fresh fruit juices
80585,521838,AH Witte druiven pitloos,AH,fruit-verse-sappen,"Fruit, verse sappen",Druiven,2.59,2.59,,1 + 1 gratis,,1.0,500 g,normale prijs per kg €5.18,True,AH,1 + 1 gratis,2026-08-03,2026-08-09,A,True,AH,https://www.ah.nl/producten/product/wi80585,2026-08-02,AH White grapes seedless,fresh fruit juices
595324,44090,Chiquita Groene bananen,Chiquita,fruit-verse-sappen,"Fruit, verse sappen",Bananen,1.75,2.19,20.1,2 voor 3.50,3.5,2.0,5 stuks,,True,AH,2 VOOR 3.50,2026-07-27,2026-08-02,A,True,AH,https://www.ah.nl/producten/product/wi595324,2026-08-02,Chiquita Green bananas,fresh fruit juices
596099,0,Chiquita Groene bananen 2-pack,Chiquita,fruit-verse-sappen,"Fruit, verse sappen",Bananen,3.5,4.38,20.1,pakketkorting,,,2 stuks,,True,AHOO,,2026-08-02,2026-08-02,,True,AH,https://www.ah.nl/producten/product/wi596099,2026-08-02,Chiquita Green bananas 2-pack,fresh fruit juices
100232,542683,AH Rode druiven pitloos,AH,fruit-verse-sappen,"Fruit, verse sappen",Druiven,2.69,2.69,,,,,500 g,prijs per kg €5.38,False,,,,,A,True,AH,https://www.ah.nl/producten/product/wi100232,2026-08-02,AH Red grapes seedless,fresh fruit juices
141,20842,AH Galia meloen,AH,fruit-verse-sappen,"Fruit, verse sappen",Meloenen,2.79,2.79,50.0,2 Stapelen tot 50%,,2.0,per stuk,,True,AH,2 Stapelen tot 50%,2026-07-27,2026-08-02,A,True,AH,https://www.ah.nl/producten/product/wi141,2026-08-02,AH Galia melon,fresh fruit juices
221526,817687,AH Mini watermeloen,AH,fruit-verse-sappen,"Fruit, verse sappen",Meloenen,3.79,3.79,,,,,per stuk,,False,,,,,A,True,AH,https://www.ah.nl/producten/product/wi221526,2026-08-02,AH Mini watermelon,fresh fruit juices
117190,516797,Pink Lady Appels schaal,Pink Lady,fruit-verse-sappen,"Fruit, verse sappen",Schaal,3.39,3.39,,,,,4 stuks,,False,,,,,A,True,AH,https://www.ah.nl/producten/product/wi117190,2026-08-02,Pink Lady Apples bowl,fresh fruit juices
598453,0,Pink Lady Appels schaal 2-pack,Pink Lady,fruit-verse-sappen,"Fruit, verse sappen",Schaal,6.44,6.78,5.0,5% volume voordeel,,,2 stuks,,True,AHOO,5% volume voordeel,2026-08-02,2999-12-31,,True,AH,https://www.ah.nl/producten/product/wi598453,2026-08-02,Pink Lady Apples bowl 2-pack,fresh fruit juices
383655,842982,AH Conference bak,AH,fruit-verse-sappen,"Fruit, verse sappen",Peren,2.19,2.19,,,,,1 kg,prijs per kg €2.19,False,,,,,A,True,AH,https://www.ah.nl/producten/product/wi383655,2026-08-02,AH Conference box,fresh fruit juices
619155,0,AH Conference bak 2-pack,AH,fruit-verse-sappen,"Fruit, verse sappen",Peren,4.25,4.38,3.0,3% volume voordeel,,,2 stuks,,True,AHOO,3% volume voordeel,2026-08-02,2999-12-31,,True,AH,https://www.ah.nl/producten/product/wi619155,2026-08-02,AH Conference container 2-pack,fresh fruit juices
619157,0,AH Conference bak 4-pack,AH,fruit-verse-sappen,"Fruit, verse sappen",Peren,7.88,8.76,10.0,10% volume voordeel,,,4 stuks,,True,AHOO,10% volume voordeel,2026-08-02,2999-12-31,,True,AH,https://www.ah.nl/producten/product/wi619157,2026-08-02,AH Conference container 4-pack,fresh fruit juices
619156,0,AH Conference bak 3-pack,AH,fruit-verse-sappen,"Fruit, verse sappen",Peren,6.24,6.57,5.0,5% volume voordeel,,,3 stuks,,True,AHOO,5% volume voordeel,2026-08-02,2999-12-31,,True,AH,https://www.ah.nl/producten/product/wi619156,2026-08-02,AH Conference container 3-pack,fresh fruit juices
107671,81582,AH Cantaloupe meloen,AH,fruit-verse-sappen,"Fruit, verse sappen",Meloenen,2.79,2.79,50.0,2 Stapelen tot 50%,,2.0,per stuk,,True,AH,2 Stapelen tot 50%,2026-07-27,2026-08-02,A,True,AH,https://www.ah.nl/producten/product/wi107671,2026-08-02,AH Cantaloupe melon,fresh fruit juices
100860,557635,AH Nectarines schaal,AH,fruit-verse-sappen,"Fruit, verse sappen",Nectarines,2.39,3.99,40.0,40% korting,,,1 kg,normale prijs per kg €3.99,True,AH,40% korting,2026-08-03,2026-08-09,A,True,AH,https://www.ah.nl/producten/product/wi100860,2026-08-02,AH Nectarines bowl,fresh fruit juices
519637,82879,AH Biologisch Blauwe bessen,AH Biologisch,fruit-verse-sappen,"Fruit, verse sappen",Blauwe bessen,3.39,4.39,22.8,€1.00 euro korting,,,200 g,normale prijs per kg €21.95,True,AH,1 euro korting,2026-08-03,2026-08-09,A,True,AH,https://www.ah.nl/producten/product/wi519637,2026-08-02,AH Organic Blueberries,fresh fruit juices
129993,590269,AH Zoete kleine appeltjes,AH,fruit-verse-sappen,"Fruit, verse sappen",Zakken,3.29,3.29,,,,,1 kg,prijs per kg €3.29,False,,,,,A,True,AH,https://www.ah.nl/producten/product/wi129993,2026-08-02,AH Sweet little apples,fresh fruit juices
618365,0,AH Zoete kleine appeltjes 2-pack,AH,fruit-verse-sappen,"Fruit, verse sappen",Zakken,6.38,6.58,3.0,3% volume voordeel,,,2 stuks,,True,AHOO,3% volume voordeel,2026-08-02,2999-12-31,,True,AH,https://www.ah.nl/producten/product/wi618365,2026-08-02,AH Sweet little apples 2-pack,fresh fruit juices
618366,0,AH Zoete kleine appeltjes 4-pack,AH,fruit-verse-sappen,"Fruit, verse sappen",Zakken,11.84,13.16,10.0,10% volume voordeel,,,4 stuks,,True,AHOO,10% volume voordeel,2026-08-02,2999-12-31,,True,AH,https://www.ah.nl/producten/product/wi618366,2026-08-02,AH Sweet little apples 4-pack,fresh fruit juices
577882,21268,AH Nederlandse kersen,AH,fruit-verse-sappen,"Fruit, verse sappen",Kersen,4.99,4.99,50.0,2 Stapelen tot 50%,,2.0,350 g,normale prijs per kg €14.26,True,AH,2 Stapelen tot 50%,2026-07-27,2026-08-02,A,True,AH,https://www.ah.nl/producten/product/wi577882,2026-08-02,AH Dutch cherries,fresh fruit juices
559182,0,AH Zoete kleine appeltjes 3-pack,AH,fruit-verse-sappen,"Fruit, verse sappen",Zakken,9.38,9.87,5.0,5% volume voordeel,,,3 stuks,,True,AHOO,5% volume voordeel,2026-08-02,2999-12-31,,True,AH,https://www.ah.nl/producten/product/wi559182,2026-08-02,AH Sweet little apples 3-pack,fresh fruit juices
94782,548401,AH Mandarijnen,AH,fruit-verse-sappen,"Fruit, verse sappen",Mandarijnen,2.79,2.79,,,,,1 kg,prijs per kg €2.79,False,,,,,A,True,AH,https://www.ah.nl/producten/product/wi94782,2026-08-02,AH Mandarins,fresh fruit juices
565851,4727,AH Citroen,AH,fruit-verse-sappen,"Fruit, verse sappen",Citroenen,1.69,1.69,,,,,500 g,prijs per kg €3.38,False,,,,,A,True,AH,https://www.ah.nl/producten/product/wi565851,2026-08-02,AH Citroen,fresh fruit juices
618384,0,Coca-Cola Original. taste 4pk,Coca-Cola,fruit-verse-sappen,"Fruit, verse sappen",Bananen,8.89,9.16,3.0,3% volume voordeel,,,4 stuks,,True,AHOO,3% volume voordeel,2026-08-02,2026-08-02,,True,AH,https://www.ah.nl/producten/product/wi618384,2026-08-02,Coca Cola Original. taste 4hp,fresh fruit juices
618376,0,Coca-Cola Original taste 5-pack,Coca-Cola,fruit-verse-sappen,"Fruit, verse sappen",Bananen,10.88,11.45,5.0,5% volume voordeel,,,5 stuks,,True,AHOO,5% volume voordeel,2026-08-02,2026-08-02,,True,AH,https://www.ah.nl/producten/product/wi618376,2026-08-02,Coca-Cola Original taste 5-pack,fresh fruit juices
439903,703341,AH Wilde perziken schaal,AH,fruit-verse-sappen,"Fruit, verse sappen",Perziken,2.39,3.99,40.0,40% korting,,,1 kg,normale prijs per kg €3.99,True,AH,40% korting,2026-08-03,2026-08-09,A,True,AH,https://www.ah.nl/producten/product/wi439903,2026-08-02,AH Wild peach bowl,fresh fruit juices
230708,45371,AH Citroen,AH,fruit-verse-sappen,"Fruit, verse sappen",Citroenen,0.79,0.79,,,,,per stuk,,False,,,,,A,True,AH,https://www.ah.nl/producten/product/wi230708,2026-08-02,AH Citroen,fresh fruit juices
67896,542405,AH Handsinaasappelen,AH,fruit-verse-sappen,"Fruit, verse sappen",Sinaasappels,3.29,3.29,,,,,2 kg,prijs per kg €1.65,False,,,,,A,True,AH,https://www.ah.nl/producten/product/wi67896,2026-08-02,AH Handsinaasappelen,fresh fruit juices
4004,646767,AH Rundergehakt,AH,vlees,Vlees,Rundergehakt,4.25,4.25,,1 + 1 GRATIS,,1.0,300 g,normale prijs per kg €14.17,True,AH,1 + 1 GRATIS,2026-07-27,2026-08-02,C,True,AH,https://www.ah.nl/producten/product/wi4004,2026-08-02,AH Minced beef,meat
533080,683624,AH Scharrel kipfilet blokjes,AH,vlees,Vlees,Kipfilet blokjes,5.49,5.49,,,,,300 g,prijs per kg €18.30,False,,,,,A,True,AH,https://www.ah.nl/producten/product/wi533080,2026-08-02,AH Free-range chicken fillet cubes,meat
619797,0,AH Scharrel kipfilet blokjes 3-pack,AH,vlees,Vlees,Kipfilet blokjes,16.14,16.47,2.0,2% volume voordeel,,,3 stuks,,True,AHOO,2% volume voordeel,2026-08-02,2999-12-31,,True,AH,https://www.ah.nl/producten/product/wi619797,2026-08-02,AH Scharrel chicken fillet cubes 3-pack,meat
619798,0,AH Scharrel kipfilet blokjes 4-pack,AH,vlees,Vlees,Kipfilet blokjes,21.3,21.96,3.0,3% volume voordeel,,,4 stuks,,True,AHOO,3% volume voordeel,2026-08-02,2999-12-31,,True,AH,https://www.ah.nl/producten/product/wi619798,2026-08-02,AH Scharrel chicken fillet cubes 4-pack,meat
619799,0,AH Scharrel kipfilet blokjes 6-pack,AH,vlees,Vlees,Kipfilet blokjes,31.29,32.94,5.0,5% volume voordeel,,,6 stuks,,True,AHOO,5% volume voordeel,2026-08-02,2999-12-31,,True,AH,https://www.ah.nl/producten/product/wi619799,2026-08-02,AH Scharrel chicken fillet cubes 6-pack,meat
531875,803161,AH Scharrel krokante kipfiletschnitzel,AH,vlees,Vlees,Schnitzel (kip),2.495,3.99,37.5,2 voor 4.99,4.99,2.0,250 g,normale prijs per kg €15.96,True,AH,2 VOOR 4.99,2026-07-27,2026-08-02,C,True,AH,https://www.ah.nl/producten/product/wi531875,2026-08-02,AH Scharrel crispy chicken fillet schnitzel,meat
619728,0,AH Scharrel krokante kipfiletschnitzel 2-pk,AH,vlees,Vlees,Schnitzel (kip),4.99,7.98,37.5,pakketkorting,,,2 stuks,,True,AHOO,,2026-08-02,2026-08-02,,True,AH,https://www.ah.nl/producten/product/wi619728,2026-08-02,AH Scharrel crispy chicken fillet schnitzel 2-pk,meat
619729,0,AH Scharrel krokante kipfiletschnitzel 3-pk,AH,vlees,Vlees,Schnitzel (kip),8.98,11.97,25.0,pakketkorting,,,3 stuks,,True,AHOO,,2026-08-02,2026-08-02,,True,AH,https://www.ah.nl/producten/product/wi619729,2026-08-02,AH Scharrel crispy chicken fillet schnitzel 3-pk,meat
619730,0,AH Scharrel krokante kipfiletschnitzel 4-pk,AH,vlees,Vlees,Schnitzel (kip),9.98,15.96,37.5,pakketkorting,,,4 stuks,,True,AHOO,,2026-08-02,2026-08-02,,True,AH,https://www.ah.nl/producten/product/wi619730,2026-08-02,AH Scharrel crispy chicken fillet schnitzel 4-pk,meat
533083,805391,AH Scharrel kipfilet 2 stuks,AH,vlees,Vlees,Kipfilet stuk,4.49,4.49,,,,,300 g,prijs per kg €14.97,False,,,,,A,True,AH,https://www.ah.nl/producten/product/wi533083,2026-08-02,AH Free-range chicken fillet 2 pieces,meat
374144,836799,Unox Knaks,Unox,vlees,Vlees,Knakworst,2.79,2.79,,2 + 1 gratis,,2.0,400 g,normale prijs per kg €12.68,True,AH,2 + 1 gratis,2026-08-03,2026-08-09,D,True,AH,https://www.ah.nl/producten/product/wi374144,2026-08-02,Unox Knaks,meat
590447,0,Unox Knaks 2-pack,Unox,vlees,Vlees,Knakworst,5.02,5.58,10.0,10% volume voordeel,,,2 stuks,,True,AHOO,10% volume voordeel,2026-08-02,2026-08-02,,True,AH,https://www.ah.nl/producten/product/wi590447,2026-08-02,Unox Knaks 2-pack,meat
4011,646768,AH Rundergehakt,AH,vlees,Vlees,Rundergehakt,5.55,5.55,,,,,500 g,prijs per kg €11.10,False,,,,,C,True,AH,https://www.ah.nl/producten/product/wi4011,2026-08-02,AH Minced beef,meat
567449,0,AH Rundergehakt 4-pack,AH,vlees,Vlees,Rundergehakt,21.09,22.2,5.0,5% volume voordeel,,,4 stuks,,True,AHOO,5% volume voordeel,2026-08-02,2999-12-31,,True,AH,https://www.ah.nl/producten/product/wi567449,2026-08-02,AH Minced Beef 4-pack,meat
221032,815840,Meester & Zn. Gerookte spekreepjes,Meester & Zn.,vlees,Vlees,Reepjes spek en bacon (voorverpakt),3.19,3.19,,,,,300 g,prijs per kg €10.63,False,,,,,E,True,AH,https://www.ah.nl/producten/product/wi221032,2026-08-02,Meester & Zn. Gerookte spekreepjes,meat
533082,805509,AH Scharrel kipschnitzel 2 stuks,AH,vlees,Vlees,Schnitzel (kip),2.495,3.19,21.8,2 voor 4.99,4.99,2.0,205 g,normale prijs per kg €15.56,True,AH,2 VOOR 4.99,2026-07-27,2026-08-02,C,True,AH,https://www.ah.nl/producten/product/wi533082,2026-08-02,AH Scharrel kipschnitzel 2 stuks,meat
531867,803397,AH Scharrel kip cordon bleu 2 stuks,AH,vlees,Vlees,Cordon bleu (kip),2.495,3.39,26.4,2 voor 4.99,4.99,2.0,250 g,normale prijs per kg €13.56,True,AH,2 VOOR 4.99,2026-07-27,2026-08-02,C,True,AH,https://www.ah.nl/producten/product/wi531867,2026-08-02,AH Free-range chicken cordon bleu 2 pieces,meat
561333,708531,AH Gemengd gehakt,AH,vlees,Vlees,Gehakt (half-om-half),3.79,4.59,17.4,voor 3.79,3.79,,500 g,normale prijs per kg €9.18,True,AH,VOOR 3.79,2026-08-03,2026-08-09,C,True,AH,https://www.ah.nl/producten/product/wi561333,2026-08-02,AH Mixed minced meat,meat
619682,0,AH Scharrel kip cordon bleu 2 stuks 2-pack,AH,vlees,Vlees,Cordon bleu (kip),4.99,6.78,26.4,pakketkorting,,,2 stuks,,True,AHOO,,2026-08-02,2026-08-02,,True,AH,https://www.ah.nl/producten/product/wi619682,2026-08-02,AH Scharrel kip cordon bleu 2 stuks 2-pack,meat
619683,0,AH Scharrel kip cordon bleu 2 stuks 3-pack,AH,vlees,Vlees,Cordon bleu (kip),8.38,10.17,17.6,pakketkorting,,,3 stuks,,True,AHOO,,2026-08-02,2026-08-02,,True,AH,https://www.ah.nl/producten/product/wi619683,2026-08-02,AH Free-range chicken cordon bleu 2 pieces 3-pack,meat
619684,0,AH Scharrel kip cordon bleu 2 stuks 4-pack,AH,vlees,Vlees,Cordon bleu (kip),9.98,13.56,26.4,pakketkorting,,,4 stuks,,True,AHOO,,2026-08-02,2026-08-02,,True,AH,https://www.ah.nl/producten/product/wi619684,2026-08-02,AH Free-range chicken cordon bleu 2 pieces 4-pack,meat
567361,0,AH Scharrel kipschnitzel 2 stuks 3-pack,AH,vlees,Vlees,Schnitzel (kip),8.18,9.57,14.5,pakketkorting,,,3 stuks,,True,AHOO,,2026-08-02,2026-08-02,,True,AH,https://www.ah.nl/producten/product/wi567361,2026-08-02,AH Free-range chicken schnitzel 2 pieces 3-pack,meat
619803,0,AH Scharrel kipschnitzel 2 stuks 2-pack,AH,vlees,Vlees,Schnitzel (kip),4.99,6.38,21.8,pakketkorting,,,2 stuks,,True,AHOO,,2026-08-02,2026-08-02,,True,AH,https://www.ah.nl/producten/product/wi619803,2026-08-02,AH Free-range chicken schnitzel 2 pieces 2-pack,meat
619804,0,AH Scharrel kipschnitzel 2 stuks 4-pack,AH,vlees,Vlees,Schnitzel (kip),9.98,12.76,21.8,pakketkorting,,,4 stuks,,True,AHOO,,2026-08-02,2026-08-02,,True,AH,https://www.ah.nl/producten/product/wi619804,2026-08-02,AH Free-range chicken schnitzel 2 pieces 4-pack,meat
531832,804698,AH Scharrel kipdijfilet reepjes,AH,vlees,Vlees,Kipfilet reepjes,4.99,4.99,,,,,350 g,prijs per kg €14.26,False,,,,,A,True,AH,https://www.ah.nl/producten/product/wi531832,2026-08-02,AH Free-range chicken thigh fillet strips,meat
531876,803098,AH Scharrel krokante kipfiletburger 2 stuks,AH,vlees,Vlees,Kipburger,3.49,3.49,,2e Halve Prijs,,2.0,200 g,normale prijs per kg €17.45,True,AH,2e Halve Prijs,2026-08-03,2026-08-09,C,True,AH,https://www.ah.nl/producten/product/wi531876,2026-08-02,AH Scharrel crispy chicken fillet burger 2 pieces,meat
619722,0,AH Scharrel krokant kipfiletburger 2 st 2pk,AH,vlees,Vlees,Kipburger,6.77,6.98,3.0,3% volume voordeel,,,2 stuks,,True,AHOO,3% volume voordeel,2026-08-02,2026-08-02,,True,AH,https://www.ah.nl/producten/product/wi619722,2026-08-02,AH Scharrel crispy chicken fillet burger 2 pcs 2pk,meat
619723,0,AH Scharrel krokant kipfiletburger 2 st 3pk,AH,vlees,Vlees,Kipburger,9.95,10.47,5.0,5% volume voordeel,,,3 stuks,,True,AHOO,5% volume voordeel,2026-08-02,2026-08-02,,True,AH,https://www.ah.nl/producten/product/wi619723,2026-08-02,AH Scharrel crispy chicken fillet burger 2 pcs 3pk,meat
619724,0,AH Scharrel krokante kipfiletburger 2st 4pk,AH,vlees,Vlees,Kipburger,12.84,13.96,8.0,8% volume voordeel,,,4 stuks,,True,AHOO,8% volume voordeel,2026-08-02,2026-08-02,,True,AH,https://www.ah.nl/producten/product/wi619724,2026-08-02,AH Scharrel crispy chicken fillet burger 2pcs 4pk,meat
169238,646771,AH Runderhamburger 2st,AH,vlees,Vlees,Hamburgers (rund),3.49,3.49,,VOOR 2.99,2.99,,200 g,normale prijs per kg €17.45,True,AH,VOOR 2.99,2026-07-27,2026-08-02,D,True,AH,https://www.ah.nl/producten/product/wi169238,2026-08-02,AH Beef hamburger 2 pcs,meat
187594,780708,AH Greenfields Beefburger naturel 2 stuks,AH Greenfields,vlees,Vlees,Hamburgers (rund),4.99,4.99,,1 + 1 gratis,,1.0,2 stuks,normale prijs per kg €19.96,True,AH,1 + 1 gratis,2026-08-03,2026-08-09,D,True,AH,https://www.ah.nl/producten/product/wi187594,2026-08-02,AH Greenfields Beefburger natural 2 pieces,meat
162009,808271,Wahid Wahid kipfilet,Wahid,vlees,Vleeswaren,Halal vleeswaren,2.69,2.69,,,,,125 g,prijs per kg €21.52,False,,,,,D,True,AH,https://www.ah.nl/producten/product/wi162009,2026-08-02,Wahid Wahid chicken fillet,meat
601157,0,Wahid Wahid kipfilet 3-pack,Wahid,vlees,Vleeswaren,Halal vleeswaren,7.67,8.07,5.0,5% volume voordeel,,,3 stuks,,True,AHOO,5% volume voordeel,2026-08-02,2999-12-31,,True,AH,https://www.ah.nl/producten/product/wi601157,2026-08-02,Wahid Wahid chicken fillet 3-pack,meat
533079,59574,AH Scharrel kipfilet 3 stuks,AH,vlees,Vlees,Kipfilet stuk,8.29,8.29,,,,,600 g,prijs per kg €13.82,False,,,,,A,True,AH,https://www.ah.nl/producten/product/wi533079,2026-08-02,AH Free-range chicken fillet 3 pieces,meat
130257,591015,AH Biologisch Spekreepjes gerookt,AH Biologisch,vlees,Vlees,Reepjes spek en bacon (voorverpakt),4.99,4.99,,,,,200 g,prijs per kg €24.95,False,,,,,E,True,AH,https://www.ah.nl/producten/product/wi130257,2026-08-02,AH Organic Smoked Bacon Strips,meat
618281,0,AH Biologisch Spekreepjes gerookt 2-pack,AH Biologisch,vlees,Vlees,Reepjes spek en bacon (voorverpakt),9.48,9.98,5.0,5% volume voordeel,,,2 stuks,,True,AHOO,5% volume voordeel,2026-08-02,2999-12-31,,True,AH,https://www.ah.nl/producten/product/wi618281,2026-08-02,AH Organic Smoked Bacon Strips 2-pack,meat
618285,0,AH Biologisch Spekreepjes gerookt 4-pack,AH Biologisch,vlees,Vlees,Reepjes spek en bacon (voorverpakt),16.97,19.96,15.0,15% volume voordeel,,,4 stuks,,True,AHOO,15% volume voordeel,2026-08-02,2999-12-31,,True,AH,https://www.ah.nl/producten/product/wi618285,2026-08-02,AH Organic Smoked Bacon Strips 4-pack,meat
618283,0,AH Biologisch Spekreepjes gerookt 3-pack,AH Biologisch,vlees,Vlees,Reepjes spek en bacon (voorverpakt),13.47,14.97,10.0,10% volume voordeel,,,3 stuks,,True,AHOO,10% volume voordeel,2026-08-02,2999-12-31,,True,AH,https://www.ah.nl/producten/product/wi618283,2026-08-02,AH Organic Smoked Bacon Strips 3-pack,meat
66067,97762,AH Kip knakworst,AH,vlees,Vlees,Knakworst,1.75,1.75,,,,,400 g,prijs per kg €8.75,False,,,,,D,True,AH,https://www.ah.nl/producten/product/wi66067,2026-08-02,AH Kip knakworst,meat
531848,804298,AH Scharrel kipdijfilet,AH,vlees,Vlees,Kipfilet stuk,8.85,8.85,,,,,770 g,prijs per kg €11.49,False,,,,,A,True,AH,https://www.ah.nl/producten/product/wi531848,2026-08-02,AH Free-range chicken thigh fillet,meat
533081,805643,AH Kipfilethaasjes,AH,vlees,Vlees,Kipfilet stuk,5.49,5.49,,,,,300 g,prijs per kg €18.30,False,,,,,A,True,AH,https://www.ah.nl/producten/product/wi533081,2026-08-02,AH Chicken fillet tenderloins,meat
619764,0,AH Kipfilethaasjes 3-pack,AH,vlees,Vlees,Kipfilet stuk,16.14,16.47,2.0,2% volume voordeel,,,3 stuks,,True,AHOO,2% volume voordeel,2026-08-02,2999-12-31,,True,AH,https://www.ah.nl/producten/product/wi619764,2026-08-02,AH Chicken fillet tenderloins 3-pack,meat
561331,567550,AH Gemengd gehakt,AH,vlees,Vlees,Gehakt (half-om-half),3.59,3.59,,,,,300 g,prijs per kg €11.97,False,,,,,C,True,AH,https://www.ah.nl/producten/product/wi561331,2026-08-02,AH Mixed minced meat,meat
619765,0,AH Kipfilethaasjes 4-pack,AH,vlees,Vlees,Kipfilet stuk,21.3,21.96,3.0,3% volume voordeel,,,4 stuks,,True,AHOO,3% volume voordeel,2026-08-02,2999-12-31,,True,AH,https://www.ah.nl/producten/product/wi619765,2026-08-02,AH Chicken fillet tenderloins 4-pack,meat
619766,0,AH Kipfilethaasjes 6-pack,AH,vlees,Vlees,Kipfilet stuk,31.29,32.94,5.0,5% volume voordeel,,,6 stuks,,True,AHOO,5% volume voordeel,2026-08-02,2999-12-31,,True,AH,https://www.ah.nl/producten/product/wi619766,2026-08-02,AH Chicken fillet tenderloins 6-pack,meat
451141,579436,AH Scharrel kipfilet blokjes,AH,vlees,Vlees,Kipfilet blokjes,3.99,3.99,,,,,200 g,prijs per kg €19.95,False,,,,,A,True,AH,https://www.ah.nl/producten/product/wi451141,2026-08-02,AH Free-range chicken fillet cubes,meat
617873,0,AH Scharrel kipfilet blokjes 3-pack,AH,vlees,Vlees,Kipfilet blokjes,11.73,11.97,2.0,2% volume voordeel,,,3 stuks,,True,AHOO,2% volume voordeel,2026-08-02,2999-12-31,,True,AH,https://www.ah.nl/producten/product/wi617873,2026-08-02,AH Scharrel chicken fillet cubes 3-pack,meat
617874,0,AH Scharrel kipfilet blokjes 4-pack,AH,vlees,Vlees,Kipfilet blokjes,15.48,15.96,3.0,3% volume voordeel,,,4 stuks,,True,AHOO,3% volume voordeel,2026-08-02,2999-12-31,,True,AH,https://www.ah.nl/producten/product/wi617874,2026-08-02,AH Scharrel chicken fillet cubes 4-pack,meat
617875,0,AH Scharrel kipfilet blokjes 6-pack,AH,vlees,Vlees,Kipfilet blokjes,22.74,23.94,5.0,5% volume voordeel,,,6 stuks,,True,AHOO,5% volume voordeel,2026-08-02,2999-12-31,,True,AH,https://www.ah.nl/producten/product/wi617875,2026-08-02,AH Scharrel chicken fillet cubes 6-pack,meat
197231,793815,AH Scharrel kipdijfilet,AH,vlees,Vlees,Kipfilet stuk,5.98,5.98,,,,,ca. 480 g,prijs per kg €12.45,False,,,,,A,True,AH,https://www.ah.nl/producten/product/wi197231,2026-08-02,AH Free-range chicken thigh fillet,meat
531869,803388,AH Scharrel kip saté schnitzel 2 stuks,AH,vlees,Vlees,Schnitzel (kip),2.495,3.29,24.2,2 voor 4.99,4.99,2.0,250 g,normale prijs per kg €13.16,True,AH,2 VOOR 4.99,2026-07-27,2026-08-02,C,True,AH,https://www.ah.nl/producten/product/wi531869,2026-08-02,AH Free-range chicken satay schnitzel 2 pieces,meat
577829,0,AH Scharrel kipsateschnitzel 2 stuks 3-pack,AH,vlees,Vlees,Schnitzel (kip),8.28,9.87,16.1,pakketkorting,,,3 stuks,,True,AHOO,,2026-08-02,2026-08-02,,True,AH,https://www.ah.nl/producten/product/wi577829,2026-08-02,AH Free range chicken satay schnitzel 2 pieces 3-pack,meat
619688,0,AH Scharrel kip sate schnitzel 2 stuks 2-pk,AH,vlees,Vlees,Schnitzel (kip),4.99,6.58,24.2,pakketkorting,,,2 stuks,,True,AHOO,,2026-08-02,2026-08-02,,True,AH,https://www.ah.nl/producten/product/wi619688,2026-08-02,AH Free-range chicken satay schnitzel 2 pieces 2-pk,meat
619689,0,AH Scharrel kip sate schnitzel 2 stuks 4pk,AH,vlees,Vlees,Schnitzel (kip),9.98,13.16,24.2,pakketkorting,,,4 stuks,,True,AHOO,,2026-08-02,2026-08-02,,True,AH,https://www.ah.nl/producten/product/wi619689,2026-08-02,AH Free-range chicken satay schnitzel 2 pieces 4pk,meat
531828,805051,AH Scharrel kipfilet stukjes roerbak,AH,vlees,Vlees,Kipfilet blokjes,7.99,7.99,,,,,500 g,prijs per kg €15.98,False,,,,,A,True,AH,https://www.ah.nl/producten/product/wi531828,2026-08-02,"AH Free-range chicken fillet pieces, stir-fry",meat
187604,781314,AH Varkensschnitzel gepaneerd,AH,vlees,Vlees,"Schnitzel, cordon bleu",2.99,3.69,19.0,voor 2.99,2.99,,300 g,normale prijs per kg €12.30,True,AH,VOOR 2.99,2026-08-03,2026-08-09,C,True,AH,https://www.ah.nl/producten/product/wi187604,2026-08-02,AH Pork schnitzel breaded,meat
619704,0,AH Scharrel kipfilet stukjes roerbak 3-pack,AH,vlees,Vlees,Kipfilet blokjes,23.49,23.97,2.0,2% volume voordeel,,,3 stuks,,True,AHOO,2% volume voordeel,2026-08-02,2999-12-31,,True,AH,https://www.ah.nl/producten/product/wi619704,2026-08-02,AH Scharrel chicken fillet pieces stir-fry 3-pack,meat
619706,0,AH Scharrel kipfilet stukjes roerbak 4-pack,AH,vlees,Vlees,Kipfilet blokjes,31.0,31.96,3.0,3% volume voordeel,,,4 stuks,,True,AHOO,3% volume voordeel,2026-08-02,2999-12-31,,True,AH,https://www.ah.nl/producten/product/wi619706,2026-08-02,AH Scharrel chicken fillet pieces stir-fry 4-pack,meat
619708,0,AH Scharrel kipfilet stukjes roerbak 6-pack,AH,vlees,Vlees,Kipfilet blokjes,45.54,47.94,5.0,5% volume voordeel,,,6 stuks,,True,AHOO,5% volume voordeel,2026-08-02,2999-12-31,,True,AH,https://www.ah.nl/producten/product/wi619708,2026-08-02,AH Scharrel chicken fillet pieces stir-fry 6-pack,meat
103377,646770,AH Runder hamburger 4 stuks,AH,vlees,Vlees,Hamburgers (rund),4.89,4.89,,,,,400 g,prijs per kg €12.23,False,,,,,D,True,AH,https://www.ah.nl/producten/product/wi103377,2026-08-02,AH Beef hamburger 4 pieces,meat
210607,803992,AH Shoarma,AH,vlees,Vlees,"Shoarma, Gyros",4.95,4.95,,,,,500 g,prijs per kg €9.90,False,,,,,C,True,AH,https://www.ah.nl/producten/product/wi210607,2026-08-02,AH Shawarma,meat
165535,638198,AH Scharrel kipfilet gerookt,AH,vlees,Vlees,Gerookte kip,3.39,3.39,,,,,ca. 160 g,prijs per kg €21.19,False,,,,,B,True,AH,https://www.ah.nl/producten/product/wi165535,2026-08-02,AH Free-range smoked chicken fillet,meat
4007,646778,AH Half-om-half gehakt,AH,vlees,Vlees,Gehakt (half-om-half),4.59,4.59,,,,,500 g,prijs per kg €9.18,False,,,,,C,True,AH,https://www.ah.nl/producten/product/wi4007,2026-08-02,AH Half-and-half minced meat,meat
533085,805332,AH Scharrel kipburger 2 stuks,AH,vlees,Vlees,Kipburger,3.59,3.59,,2e Halve Prijs,,2.0,250 g,normale prijs per kg €14.36,True,AH,2e Halve Prijs,2026-08-03,2026-08-09,,True,AH,https://www.ah.nl/producten/product/wi533085,2026-08-02,AH Free range chicken burger 2 pieces,meat
436917,701237,AH Kipgehakt naturel,AH,vlees,Vlees,Gehakt (kip),3.99,3.99,,,,,300 g,prijs per kg €13.30,False,,,,,,True,AH,https://www.ah.nl/producten/product/wi436917,2026-08-02,AH Minced chicken natural,meat
602333,0,AH Scharrel kipburger 2 stuks 2-pack,AH,vlees,Vlees,Kipburger,6.96,7.18,3.0,3% volume voordeel,,,2 stuks,,True,AHOO,3% volume voordeel,2026-08-02,2026-08-02,,True,AH,https://www.ah.nl/producten/product/wi602333,2026-08-02,AH Free range chicken burger 2 pieces 2-pack,meat
531871,803369,AH Scharrel kipburger gepaneerd 2 stuks,AH,vlees,Vlees,Kipburger,2.79,2.79,,2e Halve Prijs,,2.0,200 g,normale prijs per kg €13.95,True,AH,2e Halve Prijs,2026-08-03,2026-08-09,C,True,AH,https://www.ah.nl/producten/product/wi531871,2026-08-02,AH Scharrel chicken burger breaded 2 pieces,meat
483907,738255,AH Varkensslavink 4 stuks,AH,vlees,Vlees,"Slavinken, boomstammetjes",3.99,3.99,,,,,4 stuks,,False,,,,,D,True,AH,https://www.ah.nl/producten/product/wi483907,2026-08-02,AH Pig slave 4 pieces,meat
132227,590598,AH Kipreepjes,AH,vlees,Vlees,Gerookte kip,3.99,3.99,,,,,200 g,prijs per kg €19.95,False,,,,,D,True,AH,https://www.ah.nl/producten/product/wi132227,2026-08-02,AH Kipreepjes,meat
619795,0,AH Scharrel kipburger 2 stuks 3-pack,AH,vlees,Vlees,Kipburger,10.23,10.77,5.0,5% volume voordeel,,,3 stuks,,True,AHOO,5% volume voordeel,2026-08-02,2026-08-02,,True,AH,https://www.ah.nl/producten/product/wi619795,2026-08-02,AH Free range chicken burger 2 pieces 3-pack,meat
199715,780705,AH Mager rundergehakt 300g,AH,vlees,Vlees,Rundergehakt,4.69,4.69,,,,,300 g,prijs per kg €15.63,False,,,,,C,True,AH,https://www.ah.nl/producten/product/wi199715,2026-08-02,AH Lean minced beef 300g,meat
238946,830738,AH Rundersoepballetjes,AH,vlees,Vlees,Soepvlees (rund),3.59,3.59,,,,,ca. 250 g,prijs per kg €14.36,False,,,,,D,True,AH,https://www.ah.nl/producten/product/wi238946,2026-08-02,AH Beef soup balls,meat
619796,0,AH Scharrel kipburger 2 stuks 4-pack,AH,vlees,Vlees,Kipburger,13.21,14.36,8.0,8% volume voordeel,,,4 stuks,,True,AHOO,8% volume voordeel,2026-08-02,2026-08-02,,True,AH,https://www.ah.nl/producten/product/wi619796,2026-08-02,AH Free range chicken burger 2 pieces 4-pack,meat
169172,646773,AH Rundertartaar,AH,vlees,Vlees,Tartaar,3.99,3.99,,,,,2 stuks,,False,,,,,C,True,AH,https://www.ah.nl/producten/product/wi169172,2026-08-02,AH Beef tartare,meat
603293,0,AH Kipreepjes 2-pack,AH,vlees,Vlees,Gerookte kip,7.58,7.98,5.0,5% volume voordeel,,,2 stuks,,True,AHOO,5% volume voordeel,2026-08-02,2999-12-31,,True,AH,https://www.ah.nl/producten/product/wi603293,2026-08-02,AH Chicken strips 2-pack,meat
1565,779494,AH Ontbijtspek,AH,vlees,Vleeswaren,Plakken spek en bacon (voorverpakt),3.35,3.35,,,,,150 g,prijs per kg €22.33,False,,,,,E,True,AH,https://www.ah.nl/producten/product/wi1565,2026-08-02,AH Breakfast bacon,meat
169421,646764,AH Braadworst 4 stuks,AH,vlees,Vlees,Worst (varken),3.19,3.19,,,,,4 stuks,,False,,,,,D,True,AH,https://www.ah.nl/producten/product/wi169421,2026-08-02,AH Bratwurst 4 pieces,meat
612614,68665,AH BBQ scharrel kipsatéspies,AH,vlees,Vlees,Kipfilet blokjes,4.99,4.99,,,,,ca. 200 g,prijs per kg €24.95,False,,,,,A,True,AH,https://www.ah.nl/producten/product/wi612614,2026-08-02,AH BBQ free-range chicken satay skewer,meat
232208,822313,AH Varkenshaas,AH,vlees,Vlees,Varkenshaas,0.0109,6.0,99.8,per 100 GRAM voor €1.09,1.09,100.0,2 stuks,normale prijs per kg €12.50,True,AH,100 GRAM VOOR 1.09,2026-07-27,2026-08-02,A,True,AH,https://www.ah.nl/producten/product/wi232208,2026-08-02,AH Pork tenderloin,meat
436752,60727,AH Biologisch Rundergehakt,AH Biologisch,vlees,Vlees,Rundergehakt,5.99,5.99,,,,,300 g,prijs per kg €19.97,False,,,,,D,True,AH,https://www.ah.nl/producten/product/wi436752,2026-08-02,AH Organic Minced Beef,meat
617771,0,AH Biologisch Rundergehakt 3-pack,AH Biologisch,vlees,Vlees,Rundergehakt,17.43,17.97,3.0,3% volume voordeel,,,3 stuks,,True,AHOO,3% volume voordeel,2026-08-02,2999-12-31,,True,AH,https://www.ah.nl/producten/product/wi617771,2026-08-02,AH Organic Minced Beef 3-pack,meat
130250,590596,AH Spekreepjes gerookt,AH,vlees,Vlees,Reepjes spek en bacon (voorverpakt),4.99,4.99,,,,,250 g,prijs per kg €19.96,False,,,,,E,True,AH,https://www.ah.nl/producten/product/wi130250,2026-08-02,AH Smoked bacon strips,meat
617773,0,AH Biologisch Rundergehakt 4-pck,AH Biologisch,vlees,Vlees,Rundergehakt,22.76,23.96,5.0,5% volume voordeel,,,4 stuks,,True,AHOO,5% volume voordeel,2026-08-02,2999-12-31,,True,AH,https://www.ah.nl/producten/product/wi617773,2026-08-02,AH Organic Minced Beef 4-pck,meat
617775,0,AH Biologisch Rundergehakt 6 pck,AH Biologisch,vlees,Vlees,Rundergehakt,33.06,35.94,8.0,8% volume voordeel,,,6 stuks,,True,AHOO,8% volume voordeel,2026-08-02,2999-12-31,,True,AH,https://www.ah.nl/producten/product/wi617775,2026-08-02,AH Organic Minced Beef 6 pcs,meat
566664,0,AH Gerookte spekreepjes 2-pack,AH,vlees,Vlees,Reepjes spek en bacon (voorverpakt),9.48,9.98,5.0,5% volume voordeel,,,2 stuks,,True,AHOO,5% volume voordeel,2026-08-02,2999-12-31,,True,AH,https://www.ah.nl/producten/product/wi566664,2026-08-02,AH Smoked bacon strips 2-pack,meat
618117,0,AH Kipreepjes 4-pack,AH,vlees,Vlees,Gerookte kip,13.57,15.96,15.0,15% volume voordeel,,,4 stuks,,True,AHOO,15% volume voordeel,2026-08-02,2999-12-31,,True,AH,https://www.ah.nl/producten/product/wi618117,2026-08-02,AH Chicken Strips 4-pack,meat
618116,0,AH Kipreepjes 3-pack,AH,vlees,Vlees,Gerookte kip,10.77,11.97,10.0,10% volume voordeel,,,3 stuks,,True,AHOO,10% volume voordeel,2026-08-02,2999-12-31,,True,AH,https://www.ah.nl/producten/product/wi618116,2026-08-02,AH Chicken strips 3-pack,meat
589124,35035,AH Scharrel kipdijfiletblokjes,AH,vlees,Vlees,Kipfilet blokjes,3.99,3.99,,,,,300 g,prijs per kg €13.30,False,,,,,A,True,AH,https://www.ah.nl/producten/product/wi589124,2026-08-02,AH Scharrel chicken thigh fillet cubes,meat
57741,517712,AH Biologisch Kipfilet 2 stuks,AH Biologisch,vlees,Vlees,Kipfilet stuk,9.69,9.69,,,,,ca. 320 g,prijs per kg €30.28,False,,,,,A,True,AH,https://www.ah.nl/producten/product/wi57741,2026-08-02,AH Organic Chicken Fillet 2 pieces,meat
454769,63154,AH Scharrel kipreepjes Italiaans gebraden,AH,vlees,Vlees,Gebraden kip,3.99,3.99,,,,,150 g,prijs per kg €26.60,False,,,,,B,True,AH,https://www.ah.nl/producten/product/wi454769,2026-08-02,"AH Free-range chicken strips, Italian roast",meat
618113,0,AH Biologisch Kipfilet 2 stuks 3-pack,AH Biologisch,vlees,Vlees,Kipfilet stuk,28.49,29.07,2.0,2% volume voordeel,,,3 stuks,,True,AHOO,2% volume voordeel,2026-08-02,2999-12-31,,True,AH,https://www.ah.nl/producten/product/wi618113,2026-08-02,AH Organic Chicken Fillet 2 pieces 3-pack,meat
618115,0,AH Biologisch Kipfilet 2 stuks 6-pack,AH Biologisch,vlees,Vlees,Kipfilet stuk,55.23,58.14,5.0,5% volume voordeel,,,6 stuks,,True,AHOO,5% volume voordeel,2026-08-02,2999-12-31,,True,AH,https://www.ah.nl/producten/product/wi618115,2026-08-02,AH Organic Chicken Fillet 2 pieces 6-pack,meat
618114,0,AH Biologisch Kipfilet 2 stuks 4-pack,AH Biologisch,vlees,Vlees,Kipfilet stuk,37.6,38.76,3.0,3% volume voordeel,,,4 stuks,,True,AHOO,3% volume voordeel,2026-08-02,2999-12-31,,True,AH,https://www.ah.nl/producten/product/wi618114,2026-08-02,AH Organic Chicken Fillet 2 pieces 4-pack,meat
436775,61107,AH BBQ worst smokey,AH,vlees,Vlees,Worst (varken),4.5,4.5,,,,,350 g,prijs per kg €12.86,False,,,,,,True,AH,https://www.ah.nl/producten/product/wi436775,2026-08-02,AH BBQ sausage smokey,meat
531884,803038,AH Scharrel kipkluifjes gemarineerd,AH,vlees,Vlees,Kipkluifjes,3.89,3.89,,,,,500 g,prijs per kg €7.78,False,,,,,D,True,AH,https://www.ah.nl/producten/product/wi531884,2026-08-02,AH Free-range chicken wings marinated,meat
133413,646769,AH Hamburger 8 stuks,AH,vlees,Vlees,Hamburgers (rund),8.99,8.99,,,,,800 g,prijs per kg €11.24,False,,,,,D,True,AH,https://www.ah.nl/producten/product/wi133413,2026-08-02,AH Hamburger 8 pieces,meat
617731,0,AH BBQ worst smokey 3-pack,AH,vlees,Vlees,Worst (varken),12.82,13.5,5.0,5% volume voordeel,,,3 stuks,,True,AHOO,5% volume voordeel,2026-08-02,2999-12-31,,True,AH,https://www.ah.nl/producten/product/wi617731,2026-08-02,AH BBQ sausage smokey 3-pack,meat
618627,0,AH Scharrelkipreepjes Italiaan gebraden 3pk,AH,vlees,Vlees,Gebraden kip,11.73,11.97,2.0,2% volume voordeel,,,3 stuks,,True,AHOO,2% volume voordeel,2026-08-02,2999-12-31,,True,AH,https://www.ah.nl/producten/product/wi618627,2026-08-02,AH Free-range chicken strips Italian roast 3pk,meat
436759,60795,AH Biologisch Runderchipolata,AH Biologisch,vlees,Vlees,Worst (rund),3.99,3.99,,,,,5 stuks,,False,,,,,D,True,AH,https://www.ah.nl/producten/product/wi436759,2026-08-02,AH Organic Beef Chipolata,meat
617732,0,AH BBQ worst smokey 4-pack,AH,vlees,Vlees,Worst (varken),16.2,18.0,10.0,10% volume voordeel,,,4 stuks,,True,AHOO,10% volume voordeel,2026-08-02,2999-12-31,,True,AH,https://www.ah.nl/producten/product/wi617732,2026-08-02,AH BBQ worst smokey 4-pack,meat
617768,0,AH Biologisch Runderchipolata 2-pack,AH Biologisch,vlees,Vlees,Worst (rund),7.66,7.98,4.0,4% volume voordeel,,,2 stuks,,True,AHOO,4% volume voordeel,2026-08-02,2999-12-31,,True,AH,https://www.ah.nl/producten/product/wi617768,2026-08-02,AH Organic Beef Chipolata 2-pack,meat
617770,0,AH Biologisch Runderchipolata 4-pack,AH Biologisch,vlees,Vlees,Worst (rund),14.2,15.96,11.0,11% volume voordeel,,,4 stuks,,True,AHOO,11% volume voordeel,2026-08-02,2999-12-31,,True,AH,https://www.ah.nl/producten/product/wi617770,2026-08-02,AH Organic Beef Chipolata 4-pack,meat
617769,0,AH Biologisch Runderchipolata 3-pack,AH Biologisch,vlees,Vlees,Worst (rund),10.89,11.97,9.0,9% volume voordeel,,,3 stuks,,True,AHOO,9% volume voordeel,2026-08-02,2999-12-31,,True,AH,https://www.ah.nl/producten/product/wi617769,2026-08-02,AH Organic Beef Chipolata 3-pack,meat
436750,60718,AH Biologisch Mager rundergehakt,AH Biologisch,vlees,Vlees,Rundergehakt,6.49,6.49,,,,,300 g,prijs per kg €21.63,False,,,,,C,True,AH,https://www.ah.nl/producten/product/wi436750,2026-08-02,AH Organic Lean ground beef,meat
617755,0,AH Biologisch Mager rundergehakt 3-pack,AH Biologisch,vlees,Vlees,Rundergehakt,18.89,19.47,3.0,3% volume voordeel,,,3 stuks,,True,AHOO,3% volume voordeel,2026-08-02,2999-12-31,,True,AH,https://www.ah.nl/producten/product/wi617755,2026-08-02,AH Organic Lean ground beef 3-pack,meat
618628,0,AH Scharrelkipreepjes Italians gebraden 4pk,AH,vlees,Vlees,Gebraden kip,15.48,15.96,3.0,3% volume voordeel,,,4 stuks,,True,AHOO,3% volume voordeel,2026-08-02,2999-12-31,,True,AH,https://www.ah.nl/producten/product/wi618628,2026-08-02,AH Free-range chicken strips Italian roast 4pk,meat
618629,0,AH Scharrelkipreepjes Italians gebraden 5pk,AH,vlees,Vlees,Gebraden kip,19.15,19.95,4.0,4% volume voordeel,,,5 stuks,,True,AHOO,4% volume voordeel,2026-08-02,2999-12-31,,True,AH,https://www.ah.nl/producten/product/wi618629,2026-08-02,AH Free-range chicken strips Italian roast 5pk,meat
617756,0,AH Biologisch Mager rundergehakt 4-pack,AH Biologisch,vlees,Vlees,Rundergehakt,24.66,25.96,5.0,5% volume voordeel,,,4 stuks,,True,AHOO,5% volume voordeel,2026-08-02,2999-12-31,,True,AH,https://www.ah.nl/producten/product/wi617756,2026-08-02,AH Organic Lean ground beef 4-pack,meat
130191,590209,AH Gerookte zalm,AH,vis,Vis,Gerookte zalm,3.44,4.59,25.0,25% korting,,,100 g,normale prijs per kg €45.90,True,AH,25% korting,2026-08-03,2026-08-09,D,True,AH,https://www.ah.nl/producten/product/wi130191,2026-08-02,AH Smoked salmon,fish
598457,0,AH Gerookte zalm 2-pack,AH,vis,Vis,Gerookte zalm,8.9,9.18,3.0,3% volume voordeel,,,2 stuks,,True,AHOO,3% volume voordeel,2026-08-02,2026-08-02,,True,AH,https://www.ah.nl/producten/product/wi598457,2026-08-02,AH Smoked salmon 2-pack,fish
567333,0,AH Gerookte zalmfilet 3-pack,AH,vis,Vis,Gerookte zalm,13.08,13.77,5.0,5% volume voordeel,,,3 stuks,,True,AHOO,5% volume voordeel,2026-08-02,2026-08-02,,True,AH,https://www.ah.nl/producten/product/wi567333,2026-08-02,AH Smoked salmon fillet 3-pack,fish
618030,0,AH Gerookte zalm 4-pack,AH,vis,Vis,Gerookte zalm,16.52,18.36,10.0,10% volume voordeel,,,4 stuks,,True,AHOO,10% volume voordeel,2026-08-02,2026-08-02,,True,AH,https://www.ah.nl/producten/product/wi618030,2026-08-02,AH Smoked salmon 4-pack,fish
420789,692454,Statesman Tonijn stukken in water,Statesman,vis,Vis,Tonijn in water,1.49,1.49,,,,,160 g,prijs per kg €13.30,False,,,,,A,True,AH,https://www.ah.nl/producten/product/wi420789,2026-08-02,Statesman Tuna pieces in water,fish
496941,795495,Princes Tonijnstukken in water,Princes,vis,Vis,Tonijn in water,2.69,2.69,,,,,145 g,prijs per kg €26.37,False,,,,,A,True,AH,https://www.ah.nl/producten/product/wi496941,2026-08-02,Princes Tuna pieces in water,fish
615107,0,Princes Tonijnstukken in water 3-pack,Princes,vis,Vis,Tonijn in water,7.67,8.07,5.0,5% volume voordeel,,,3 stuks,,True,AHOO,5% volume voordeel,2026-08-02,2999-12-31,,True,AH,https://www.ah.nl/producten/product/wi615107,2026-08-02,Princes Tuna pieces in water 3-pack,fish
121453,552022,AH Zalmfilet,AH,vis,Vis,Zalm (vers),4.19,5.59,25.0,25% korting,,,ca. 170 g,normale prijs per kg €32.88,True,AH,25% korting,2026-07-27,2026-08-02,A,True,AH,https://www.ah.nl/producten/product/wi121453,2026-08-02,AH Salmon fillet,fish
602353,0,AH Zalmfilet 2-pack,AH,vis,Vis,Zalm (vers),8.38,11.18,25.0,pakketkorting,,,2 stuks,,True,AHOO,,2026-08-02,2026-08-02,,True,AH,https://www.ah.nl/producten/product/wi602353,2026-08-02,AH Salmon fillet 2-pack,fish
567218,0,AH Zalmfilet 3-pack,AH,vis,Vis,Zalm (vers),12.58,16.77,25.0,pakketkorting,,,3 stuks,,True,AHOO,,2026-08-02,2026-08-02,,True,AH,https://www.ah.nl/producten/product/wi567218,2026-08-02,AH Salmon fillet 3-pack,fish
618359,0,AH Zalmfilet 4-pack,AH,vis,Vis,Zalm (vers),16.77,22.36,25.0,pakketkorting,,,4 stuks,,True,AHOO,,2026-08-02,2026-08-02,,True,AH,https://www.ah.nl/producten/product/wi618359,2026-08-02,AH Salmon fillet 4-pack,fish
47285,527800,Olav's Gerookte zalmfilet,Olav's,vis,Vis,Gerookte zalm,5.99,5.99,,,,,200 g,prijs per kg €29.95,False,,,,,D,True,AH,https://www.ah.nl/producten/product/wi47285,2026-08-02,Olav's Smoked salmon fillet,fish
605034,59610,AH Excellent Forel salade,AH Excellent,vis,Vis,Vissalades (beleg),1.995,3.39,41.2,2 voor 3.99,3.99,2.0,125 g,normale prijs per kg €27.12,True,AH,2 VOOR 3.99,2026-07-27,2026-08-02,D,True,AH,https://www.ah.nl/producten/product/wi605034,2026-08-02,AH Excellent Trout salad,fish
622347,0,AH Excellent Forel salade 2-pack,AH Excellent,vis,Vis,Vissalades (beleg),3.99,6.78,41.2,pakketkorting,,,2 stuks,,True,AHOO,,2026-08-02,2026-08-02,,True,AH,https://www.ah.nl/producten/product/wi622347,2026-08-02,AH Excellent Trout salad 2-pack,fish
622348,0,AH Excellent Forel salade 3-pack,AH Excellent,vis,Vis,Vissalades (beleg),7.38,10.17,27.4,pakketkorting,,,3 stuks,,True,AHOO,,2026-08-02,2026-08-02,,True,AH,https://www.ah.nl/producten/product/wi622348,2026-08-02,AH Excellent Trout salad 3-pack,fish
622349,0,AH Excellent Forel salade 4-pack,AH Excellent,vis,Vis,Vissalades (beleg),7.98,13.56,41.2,pakketkorting,,,4 stuks,,True,AHOO,,2026-08-02,2026-08-02,,True,AH,https://www.ah.nl/producten/product/wi622349,2026-08-02,AH Excellent Trout salad 4-pack,fish
226264,820213,John West Tonijnstukken in water,John West,vis,Vis,Tonijn in water,2.79,2.79,,,,,145 g,prijs per kg €27.35,False,,,,,A,True,AH,https://www.ah.nl/producten/product/wi226264,2026-08-02,John West Tuna pieces in water,fish
615229,0,John West Tonijnstukken in water 3-pack,John West,vis,Vis,Tonijn in water,7.95,8.37,5.0,5% volume voordeel,,,3 stuks,,True,AHOO,5% volume voordeel,2026-08-02,2999-12-31,,True,AH,https://www.ah.nl/producten/product/wi615229,2026-08-02,John West Tuna pieces in water 3-pack,fish
135757,602543,AH Zalmfilet,AH,vis,Vis,Zalm (diepvries),4.89,4.89,,,,,250 g,prijs per kg €19.56,False,,,,,A,True,AH,https://www.ah.nl/producten/product/wi135757,2026-08-02,AH Salmon fillet,fish
51335,99631,AH Zalmfilet,AH,vis,Vis,Zalm (vers),7.49,9.99,25.0,25% korting,,,ca. 310 g,normale prijs per kg €32.23,True,AH,25% korting,2026-07-27,2026-08-02,A,True,AH,https://www.ah.nl/producten/product/wi51335,2026-08-02,AH Salmon fillet,fish
618357,0,AH Zalmfilet 2-pack,AH,vis,Vis,Zalm (vers),14.98,19.98,25.0,pakketkorting,,,2 stuks,,True,AHOO,,2026-08-02,2026-08-02,,True,AH,https://www.ah.nl/producten/product/wi618357,2026-08-02,AH Salmon fillet 2-pack,fish
618358,0,AH Zalmfilet 3 pk,AH,vis,Vis,Zalm (vers),22.48,29.97,25.0,pakketkorting,,,3 stuks,,True,AHOO,,2026-08-02,2026-08-02,,True,AH,https://www.ah.nl/producten/product/wi618358,2026-08-02,AH Salmon fillet 3 pk,fish
618360,0,AH Zalmfilet 4 pk,AH,vis,Vis,Zalm (vers),29.97,39.96,25.0,pakketkorting,,,4 stuks,,True,AHOO,,2026-08-02,2026-08-02,,True,AH,https://www.ah.nl/producten/product/wi618360,2026-08-02,AH Salmon fillet 4 pk,fish
168829,646661,AH Gerookte zalmsnippers,AH,vis,Vis,Gerookte zalm,5.62,7.49,25.0,25% korting,,,200 g,normale prijs per kg €37.45,True,AH,25% korting,2026-08-03,2026-08-09,D,True,AH,https://www.ah.nl/producten/product/wi168829,2026-08-02,AH Smoked salmon chips,fish
577878,0,AH Gerookte zalmsnippers 2-pack,AH,vis,Vis,Gerookte zalm,14.53,14.98,3.0,3% volume voordeel,,,2 stuks,,True,AHOO,3% volume voordeel,2026-08-02,2026-08-02,,True,AH,https://www.ah.nl/producten/product/wi577878,2026-08-02,AH Smoked salmon shreds 2-pack,fish
211718,804944,Johma Tonijnsalade,Johma,vis,Vis,Vissalades (beleg),3.45,3.45,,,,,175 g,prijs per kg €19.71,False,,,,,D,True,AH,https://www.ah.nl/producten/product/wi211718,2026-08-02,Johma Tuna salad,fish
481414,735995,AH Gerookte zalm,AH,vis,Vis,Gerookte zalm,1.94,2.59,25.0,25% korting,,,50 g,normale prijs per kg €51.80,True,AH,25% korting,2026-08-03,2026-08-09,D,True,AH,https://www.ah.nl/producten/product/wi481414,2026-08-02,AH Smoked salmon,fish
568726,0,AH Gerookte zalmfilet 2-pack,AH,vis,Vis,Gerookte zalm,5.02,5.18,3.0,3% volume voordeel,,,2 stuks,,True,AHOO,3% volume voordeel,2026-08-02,2026-08-02,,True,AH,https://www.ah.nl/producten/product/wi568726,2026-08-02,AH Smoked salmon fillet 2-pack,fish
496943,795580,Princes Tonijnstukken in olijfolie,Princes,vis,Vis,Tonijn in olijfolie,3.09,3.09,,,,,145 g,prijs per kg €30.29,False,,,,,B,True,AH,https://www.ah.nl/producten/product/wi496943,2026-08-02,Princes Tuna pieces in olive oil,fish
615106,0,Princes Tonijnstukken in olijfolie 3-pack,Princes,vis,Vis,Tonijn in olijfolie,8.81,9.27,5.0,5% volume voordeel,,,3 stuks,,True,AHOO,5% volume voordeel,2026-08-02,2999-12-31,,True,AH,https://www.ah.nl/producten/product/wi615106,2026-08-02,Princes Tuna pieces in olive oil 3-pack,fish
121444,545208,AH Hollandse nieuwefilet met uitjes,AH,vis,Vis,Haring (vers),3.19,3.19,,,,,2 stuks,,False,,,,,D,True,AH,https://www.ah.nl/producten/product/wi121444,2026-08-02,AH Dutch new fillet with onions,fish
618084,0,AH Haringfilet met uitjes 2-pack,AH,vis,Vis,Haring (vers),6.25,6.38,2.0,2% volume voordeel,,,2 stuks,,True,AHOO,2% volume voordeel,2026-08-02,2999-12-31,,True,AH,https://www.ah.nl/producten/product/wi618084,2026-08-02,AH Herring fillet with onions 2-pack,fish
470617,721966,AH Gerookte zalm,AH,vis,Vis,Gerookte zalm,5.99,7.99,25.0,25% korting,,,200 g,normale prijs per kg €39.95,True,AH,25% korting,2026-08-03,2026-08-09,D,True,AH,https://www.ah.nl/producten/product/wi470617,2026-08-02,AH Smoked salmon,fish
618086,0,AH Haringfilet met uitjes 4-pack,AH,vis,Vis,Haring (vers),11.87,12.76,7.0,7% volume voordeel,,,4 stuks,,True,AHOO,7% volume voordeel,2026-08-02,2999-12-31,,True,AH,https://www.ah.nl/producten/product/wi618086,2026-08-02,AH Herring fillet with onions 4-pack,fish
618085,0,AH Haringfilet met uitjes 3-pack,AH,vis,Vis,Haring (vers),9.09,9.57,5.0,5% volume voordeel,,,3 stuks,,True,AHOO,5% volume voordeel,2026-08-02,2999-12-31,,True,AH,https://www.ah.nl/producten/product/wi618085,2026-08-02,AH Herring fillet with onions 3-pack,fish
598665,0,AH Gerookte zalm 2-pack,AH,vis,Vis,Gerookte zalm,15.5,15.98,3.0,3% volume voordeel,,,2 stuks,,True,AHOO,3% volume voordeel,2026-08-02,2026-08-02,,True,AH,https://www.ah.nl/producten/product/wi598665,2026-08-02,AH Smoked salmon 2-pack,fish
572638,14761,Milner Jong belegen 35+ plakken,Milner,kaas,Kaas,Jong belegen kaas (plakken),2.99,2.99,,,,,150 g,prijs per kg €19.93,False,,,,,D,True,AH,https://www.ah.nl/producten/product/wi572638,2026-08-02,Milner Young matured 35+ slices,cheese
1983,4020,Boursin Knoflook & fijne kruiden,Boursin,kaas,Kaas,Roomkaas,3.59,3.59,,,,,150 g,prijs per kg €23.93,False,,,,,D,True,AH,https://www.ah.nl/producten/product/wi1983,2026-08-02,Boursin Garlic & fine herbs,cheese
197226,793716,De Zaanse Hoeve Goudse jong 48+ plakken voordeel,De Zaanse Hoeve,kaas,Kaas,Jonge kaas (plakken),3.95,3.95,,,,,400 g,prijs per kg €9.88,False,,,,,D,True,AH,https://www.ah.nl/producten/product/wi197226,2026-08-02,De Zaanse Hoeve Goudse young 48+ slices advantage,cheese
506228,832099,AH Zuivelspread naturel,AH,kaas,Kaas,Zuivelspread,1.38,1.38,,,,,200 g,prijs per kg €6.90,False,,,,,D,True,AH,https://www.ah.nl/producten/product/wi506228,2026-08-02,AH Dairy spread natural,cheese
239019,830900,Garlan Verse roomkaas met knoflook & kruiden,Garlan,kaas,Kaas,Roomkaas,1.29,1.29,,,,,150 g,prijs per kg €8.60,False,,,,,D,True,AH,https://www.ah.nl/producten/product/wi239019,2026-08-02,Garlan Fresh cream cheese with garlic & herbs,cheese
421292,693090,Milner Oud 30+ plakken,Milner,kaas,Kaas,Oude kaas (plakken),3.69,3.69,,,,,150 g,prijs per kg €24.60,False,,,,,D,True,AH,https://www.ah.nl/producten/product/wi421292,2026-08-02,Milner Old 30+ slices,cheese
140101,603017,De Zaanse Hoeve Mild 45+ geraspt,De Zaanse Hoeve,kaas,Kaas,Geraspte kaas,2.15,2.15,,,,,200 g,prijs per kg €10.75,False,,,,,D,True,AH,https://www.ah.nl/producten/product/wi140101,2026-08-02,De Zaanse Hoeve Mild 45+ grated,cheese
113356,565032,Eru Kids,Eru,kaas,Kaas,Smeerkaas,1.75,1.75,,,,,100 g,prijs per kg €17.50,False,,,,,C,True,AH,https://www.ah.nl/producten/product/wi113356,2026-08-02,Eru Kids,cheese
2600,66797,AH Goudse jong 48+ plakken,AH,kaas,Kaas,Jonge kaas (plakken),2.75,2.95,6.8,2 voor 5.50,5.5,2.0,190 g,normale prijs per kg €15.53,True,AH,2 VOOR 5.50,2026-07-27,2026-08-02,D,True,AH,https://www.ah.nl/producten/product/wi2600,2026-08-02,AH Goudse young 48+ slices,cheese
2606,69866,AH Goudse oud 48+ plakken,AH,kaas,Kaas,Oude kaas (plakken),2.75,3.89,29.3,2 voor 5.50,5.5,2.0,160 g,normale prijs per kg €24.31,True,AH,2 VOOR 5.50,2026-07-27,2026-08-02,E,True,AH,https://www.ah.nl/producten/product/wi2606,2026-08-02,AH Goudse old 48+ slices,cheese
123142,576899,Galbani Mozzarella,Galbani,kaas,Kaas,Mozzarella,1.75,1.75,,,,,225 g,prijs per kg €14.00,False,,,,,C,True,AH,https://www.ah.nl/producten/product/wi123142,2026-08-02,Galbani Mozzarella,cheese
614547,0,Salakis Mozzarella 125g 2-pack,Salakis,kaas,Kaas,Mozzarella,2.97,3.5,15.0,15% volume voordeel,,,2 stuks,,True,AHOO,15% volume voordeel,2026-08-02,2999-12-31,,True,AH,https://www.ah.nl/producten/product/wi614547,2026-08-02,Salakis Mozzarella 125g 2-pack,cheese
197227,793718,De Zaanse Hoeve Jong belegen 48+ plakken voordeelpak,De Zaanse Hoeve,kaas,Kaas,Jong belegen kaas (plakken),4.15,4.15,,,,,400 g,prijs per kg €10.38,False,,,,,D,True,AH,https://www.ah.nl/producten/product/wi197227,2026-08-02,De Zaanse Hoeve Young matured 48+ slices value pack,cheese
506230,847100,AH Zuivelspread knoflook & kruiden,AH,kaas,Kaas,Zuivelspread,1.39,1.39,,,,,200 g,prijs per kg €6.95,False,,,,,D,True,AH,https://www.ah.nl/producten/product/wi506230,2026-08-02,AH Dairy spread garlic & herbs,cheese
197172,619166,De Zaanse Hoeve Mild 30+ geraspt,De Zaanse Hoeve,kaas,Kaas,Geraspte kaas,2.19,2.19,,,,,200 g,prijs per kg €10.95,False,,,,,D,True,AH,https://www.ah.nl/producten/product/wi197172,2026-08-02,De Zaanse Hoeve Mild 30+ grated,cheese
193770,574899,De Zaanse Hoeve Pittig 45+ geraspt,De Zaanse Hoeve,kaas,Kaas,Geraspte kaas,2.49,2.49,,,,,200 g,prijs per kg €12.45,False,,,,,D,True,AH,https://www.ah.nl/producten/product/wi193770,2026-08-02,De Zaanse Hoeve Spicy 45+ grated,cheese
462708,715388,AH Witte kaas 40+,AH,kaas,Kaas,Witte kaas,1.35,1.35,,,,,200 g,prijs per kg €6.75,False,,,,,D,True,AH,https://www.ah.nl/producten/product/wi462708,2026-08-02,AH White cheese 40+,cheese
163826,623176,Galbani Mozzarella mini,Galbani,kaas,Kaas,Mozzarella,2.89,2.89,,,,,260 g,prijs per kg €19.27,False,,,,,C,True,AH,https://www.ah.nl/producten/product/wi163826,2026-08-02,Galbani Mozzarella mini,cheese
615565,0,Galbani Mozzarella mini 2-pack,Galbani,kaas,Kaas,Mozzarella,5.49,5.78,5.0,5% volume voordeel,,,2 stuks,,True,AHOO,5% volume voordeel,2026-08-02,2999-12-31,,True,AH,https://www.ah.nl/producten/product/wi615565,2026-08-02,Galbani Mozzarella mini 2-pack,cheese
2601,66794,AH Goudse jong belegen 48+ plakken,AH,kaas,Kaas,Jong belegen kaas (plakken),2.75,3.09,11.0,2 voor 5.50,5.5,2.0,190 g,normale prijs per kg €16.26,True,AH,2 VOOR 5.50,2026-07-27,2026-08-02,D,True,AH,https://www.ah.nl/producten/product/wi2601,2026-08-02,AH Goudse young matured 48+ slices,cheese
197208,786860,De Zaanse Hoeve Jong belegen 30+ plakken,De Zaanse Hoeve,kaas,Kaas,Jong belegen kaas (plakken),3.89,3.89,,,,,300 g,prijs per kg €12.97,False,,,,,D,True,AH,https://www.ah.nl/producten/product/wi197208,2026-08-02,De Zaanse Hoeve Young matured 30+ slices,cheese
478229,731959,Eru Goudkuipje naturel,Eru,kaas,Kaas,Smeerkaas,2.89,2.89,,,,,200 g,prijs per kg €14.45,False,,,,,D,True,AH,https://www.ah.nl/producten/product/wi478229,2026-08-02,Eru Goudkuipje natural,cheese
195370,796240,AH Italiaanse mozzarella,AH,kaas,Kaas,Mozzarella,1.69,1.69,,,,,228 g,prijs per kg €13.52,False,,,,,,True,AH,https://www.ah.nl/producten/product/wi195370,2026-08-02,AH Italian mozzarella,cheese
232017,810832,AH Mozzarella geraspt,AH,kaas,Kaas,Geraspte kaas,2.5,2.79,10.4,2 voor 5.00,5.0,2.0,150 g,normale prijs per kg €18.60,True,AH,2 VOOR 5.00,2026-07-27,2026-08-02,D,True,AH,https://www.ah.nl/producten/product/wi232017,2026-08-02,AH Mozzarella grated,cheese
3856,7386,Eru Goudkuipje naturel,Eru,kaas,Kaas,Smeerkaas,1.75,1.75,,,,,100 g,prijs per kg €17.50,False,,,,,D,True,AH,https://www.ah.nl/producten/product/wi3856,2026-08-02,Eru Goudkuipje natural,cheese
462470,715079,AH Italiaanse grana padano 32+ stuk,AH,kaas,Kaas,"Parmezaanse kaas, grano padano, pecorino",3.65,3.65,,,,,200 g,prijs per kg €18.25,False,,,,,D,True,AH,https://www.ah.nl/producten/product/wi462470,2026-08-02,AH Italian grana padano 32+ pieces,cheese
2594,66796,AH Goudse belegen 48+ plakken,AH,kaas,Kaas,Belegen kaas (plakken),2.75,3.39,18.9,2 voor 5.50,5.5,2.0,190 g,normale prijs per kg €17.84,True,AH,2 VOOR 5.50,2026-07-27,2026-08-02,D,True,AH,https://www.ah.nl/producten/product/wi2594,2026-08-02,AH Gouda matured 48+ slices,cheese
579437,22103,AH Smeerkaas naturel 15+,AH,kaas,Kaas,Smeerkaas,1.25,1.25,,,,,200 g,prijs per kg €6.25,False,,,,,B,True,AH,https://www.ah.nl/producten/product/wi579437,2026-08-02,AH Cheese spread natural 15+,cheese
162601,603012,AH Pasta geraspte kaas,AH,kaas,Kaas,Geraspte kaas,2.5,2.79,10.4,2 voor 5.00,5.0,2.0,150 g,normale prijs per kg €18.60,True,AH,2 VOOR 5.00,2026-07-27,2026-08-02,D,True,AH,https://www.ah.nl/producten/product/wi162601,2026-08-02,AH Pasta grated cheese,cheese
595367,43765,AH Cottage cheese,AH,kaas,Kaas,Cottage cheese,1.75,1.75,,,,,400 g,prijs per kg €4.38,False,,,,,B,True,AH,https://www.ah.nl/producten/product/wi595367,2026-08-02,AH Cottage cheese,cheese
560688,708528,De Zaanse Hoeve Mild 45+ geraspt voordeel,De Zaanse Hoeve,kaas,Kaas,Geraspte kaas,4.09,4.09,,,,,400 g,prijs per kg €10.23,False,,,,,D,True,AH,https://www.ah.nl/producten/product/wi560688,2026-08-02,De Zaanse Hoeve Mild 45+ grated advantage,cheese
447741,524701,De Zaanse Hoeve Goudse jong belegen 48+ stuk voordeel,De Zaanse Hoeve,kaas,Kaas,Jong belegen kaas (stuk),8.8,8.8,,,,,ca. 1006 g,prijs per kg €8.75,False,,,,,D,True,AH,https://www.ah.nl/producten/product/wi447741,2026-08-02,De Zaanse Hoeve Goudse young matured 48+ piece advantage,cheese
454161,600439,AH Cheddar geraspte kaas,AH,kaas,Kaas,Cheddar kaas,2.5,2.99,16.4,2 voor 5.00,5.0,2.0,150 g,normale prijs per kg €19.93,True,AH,2 VOOR 5.00,2026-07-27,2026-08-02,D,True,AH,https://www.ah.nl/producten/product/wi454161,2026-08-02,AH Cheddar grated cheese,cheese
560692,737348,AH Burrata 50+,AH,kaas,Kaas,Burrata,2.19,2.19,,,,,250 g,prijs per kg €17.52,False,,,,,D,True,AH,https://www.ah.nl/producten/product/wi560692,2026-08-02,AH Burrata 50+,cheese
497552,801760,AH Biologisch Griekse feta,AH Biologisch,kaas,Kaas,Feta,2.59,2.59,,,,,150 g,prijs per kg €17.27,False,,,,,D,True,AH,https://www.ah.nl/producten/product/wi497552,2026-08-02,AH Biologisch Griekse feta,cheese
618992,0,AH Biologisch Griekse feta 2-pack,AH Biologisch,kaas,Kaas,Feta,5.08,5.18,2.0,2% volume voordeel,,,2 stuks,,True,AHOO,2% volume voordeel,2026-08-02,2999-12-31,,True,AH,https://www.ah.nl/producten/product/wi618992,2026-08-02,AH Organic Greek feta 2-pack,cheese
384175,842512,Philadelphia Philadelphia original,Philadelphia,kaas,Kaas,Roomkaas,1.895,2.99,36.6,2 voor 3.79,3.79,2.0,200 g,normale prijs per kg €14.95,True,AH,2 VOOR 3.79,2026-07-27,2026-08-02,D,True,AH,https://www.ah.nl/producten/product/wi384175,2026-08-02,Philadelphia Philadelphia original,cheese
618994,0,AH Biologisch Griekse feta 4-pack,AH Biologisch,kaas,Kaas,Feta,9.53,10.36,8.0,8% volume voordeel,,,4 stuks,,True,AHOO,8% volume voordeel,2026-08-02,2999-12-31,,True,AH,https://www.ah.nl/producten/product/wi618994,2026-08-02,AH Organic Greek feta 4-pack,cheese
618993,0,AH Biologisch Griekse feta 3-pack,AH Biologisch,kaas,Kaas,Feta,7.38,7.77,5.0,5% volume voordeel,,,3 stuks,,True,AHOO,5% volume voordeel,2026-08-02,2999-12-31,,True,AH,https://www.ah.nl/producten/product/wi618993,2026-08-02,AH Organic Greek feta 3-pack,cheese
396114,847392,BFree Meergranen wraps glutenvrij,BFree,glutenvrij,Glutenvrij,Glutenvrije wraps,5.49,5.49,,,,,252 g,prijs per kg €21.79,False,,,,,B,True,AH,https://www.ah.nl/producten/product/wi396114,2026-08-02,BFree Multigrain wraps gluten-free,gluten free
587624,32645,BFree High proteine wraps glutenvrij,BFree,glutenvrij,Glutenvrij,Glutenvrije wraps,5.49,5.49,,,,,168 g,prijs per kg €32.68,False,,,,,A,True,AH,https://www.ah.nl/producten/product/wi587624,2026-08-02,BFree High protein wraps gluten free,gluten free
416967,688330,AH Glutenvrij Brood donker meerzaden half,AH Glutenvrij,glutenvrij,Bakkerij,Glutenvrij brood,3.59,3.59,,,,,480 g,,False,,,,,A,True,AH,https://www.ah.nl/producten/product/wi416967,2026-08-02,AH Gluten-free Bread dark multi-seed half,gluten free
617455,0,AH Glutenvrij Brood donker meerzaden half 2-pack,AH Glutenvrij,glutenvrij,Bakkerij,Glutenvrij brood,7.04,7.18,2.0,2% volume voordeel,,,2 stuks,,True,AHOO,2% volume voordeel,2026-08-02,2999-12-31,,True,AH,https://www.ah.nl/producten/product/wi617455,2026-08-02,AH Gluten Free Bread dark multi-seed half 2-pack,gluten free
568283,0,AH Glutenvrij Brood donker meerzaden half 3-pack,AH Glutenvrij,glutenvrij,Bakkerij,Glutenvrij brood,10.55,10.77,2.0,2% volume voordeel,,,3 stuks,,True,AHOO,2% volume voordeel,2026-08-02,2999-12-31,,True,AH,https://www.ah.nl/producten/product/wi568283,2026-08-02,AH Gluten Free Bread dark multi-seed half 3-pack,gluten free
617456,0,AH Glutenvrij Brood donker meerzaden half 4-pack,AH Glutenvrij,glutenvrij,Bakkerij,Glutenvrij brood,14.07,14.36,2.0,2% volume voordeel,,,4 stuks,,True,AHOO,2% volume voordeel,2026-08-02,2999-12-31,,True,AH,https://www.ah.nl/producten/product/wi617456,2026-08-02,AH Gluten Free Bread dark multi-seed half 4-pack,gluten free
416957,688280,AH Glutenvrij Brood licht meerzaden half,AH Glutenvrij,glutenvrij,Bakkerij,Glutenvrij brood,3.59,3.59,,,,,480 g,,False,,,,,A,True,AH,https://www.ah.nl/producten/product/wi416957,2026-08-02,AH Gluten Free Bread light multi-seed half,gluten free
617457,0,AH Glutenvrij Brood licht meerzaden half 2-pack,AH Glutenvrij,glutenvrij,Bakkerij,Glutenvrij brood,7.04,7.18,2.0,2% volume voordeel,,,2 stuks,,True,AHOO,2% volume voordeel,2026-08-02,2999-12-31,,True,AH,https://www.ah.nl/producten/product/wi617457,2026-08-02,AH Gluten Free Bread light multi-seed half 2-pack,gluten free
617459,0,AH Glutenvrij Brood licht meerzaden half 4-pack,AH Glutenvrij,glutenvrij,Bakkerij,Glutenvrij brood,14.07,14.36,2.0,2% volume voordeel,,,4 stuks,,True,AHOO,2% volume voordeel,2026-08-02,2999-12-31,,True,AH,https://www.ah.nl/producten/product/wi617459,2026-08-02,AH Gluten Free Bread light multi-seed half 4-pack,gluten free
617458,0,AH Glutenvrij Brood licht meerzaden half 3-pack,AH Glutenvrij,glutenvrij,Bakkerij,Glutenvrij brood,10.55,10.77,2.0,2% volume voordeel,,,3 stuks,,True,AHOO,2% volume voordeel,2026-08-02,2999-12-31,,True,AH,https://www.ah.nl/producten/product/wi617458,2026-08-02,AH Gluten Free Bread light multi-seed half 3-pack,gluten free
419899,691529,Wasa Glutenvrij en lactosevrij classic,Wasa,glutenvrij,Bakkerij,"Glutenvrije crackers, knackebrod",3.99,3.99,,,,,240 g,prijs per kg €16.63,False,,,,,C,True,AH,https://www.ah.nl/producten/product/wi419899,2026-08-02,Wasa Gluten-free and lactose-free classic,gluten free
497604,802569,AH Glutenvrij Witte bollen,AH Glutenvrij,glutenvrij,Bakkerij,Glutenvrij brood,1.79,1.79,,,,,2 stuks,,False,,,,,C,True,AH,https://www.ah.nl/producten/product/wi497604,2026-08-02,AH Gluten Free White buns,gluten free
228420,820389,Schär Meesterbakker classic glutenvrij,Schär,glutenvrij,Bakkerij,Glutenvrij brood,3.29,3.29,,,,,300 g,prijs per kg €10.97,False,,,,,A,True,AH,https://www.ah.nl/producten/product/wi228420,2026-08-02,Schär Master Baker classic gluten-free,gluten free
388651,848195,Eat Natural Protein packed repen pinda's & chocolade,Eat Natural,glutenvrij,Glutenvrij,Glutenvrije repen,3.39,3.39,,1 + 1 GRATIS,,1.0,3 x 40g,normale prijs per kg €28.25,True,AH,1 + 1 GRATIS,2026-07-27,2026-08-02,D,True,AH,https://www.ah.nl/producten/product/wi388651,2026-08-02,Eat Natural Protein packed bars peanuts & chocolate,gluten free
587882,33166,AH Glutenvrij Mini crackers,AH Glutenvrij,glutenvrij,Bakkerij,"Glutenvrije crackers, knackebrod",1.99,1.99,,,,,200 g,prijs per kg €9.95,False,,,,,D,True,AH,https://www.ah.nl/producten/product/wi587882,2026-08-02,AH Gluten Free Mini crackers,gluten free
621356,0,AH Glutenvrij Mini crackers 3-pack,AH Glutenvrij,glutenvrij,Bakkerij,"Glutenvrije crackers, knackebrod",,,3.0,3% volume voordeel,,,3 stuks,,True,AH,3% volume voordeel,,,,True,AH,https://www.ah.nl/producten/product/wi621356,2026-08-02,AH Gluten-free Mini crackers 3-pack,gluten free
621357,0,AH Glutenvrij Mini crackers 4-pack,AH Glutenvrij,glutenvrij,Bakkerij,"Glutenvrije crackers, knackebrod",,,5.0,5% volume voordeel,,,4 stuks,,True,AH,5% volume voordeel,,,,True,AH,https://www.ah.nl/producten/product/wi621357,2026-08-02,AH Gluten-free Mini crackers 4-pack,gluten free
621358,0,AH Glutenvrij Mini crackers 6-pack,AH Glutenvrij,glutenvrij,Bakkerij,"Glutenvrije crackers, knackebrod",,,10.0,10% volume voordeel,,,6 stuks,,True,AH,10% volume voordeel,,,,True,AH,https://www.ah.nl/producten/product/wi621358,2026-08-02,AH Gluten Free Mini crackers 6-pack,gluten free
401986,850534,Dr. Oetker Ristorante pizza salami glutenvrij,Dr. Oetker,glutenvrij,Glutenvrij,Glutenvrije pizza,1.9967,4.99,60.0,3 voor 5.99,5.99,3.0,315 g,normale prijs per kg €15.84,True,AH,3 VOOR 5.99,2026-07-27,2026-08-02,D,True,AH,https://www.ah.nl/producten/product/wi401986,2026-08-02,Dr. Oetker Ristorante pizza salami gluten-free,gluten free
401987,850536,Dr. Oetker Ristorante pizza mozzarella glutenvrij,Dr. Oetker,glutenvrij,Glutenvrij,Glutenvrije pizza,1.9967,4.99,60.0,3 voor 5.99,5.99,3.0,370 g,normale prijs per kg €13.49,True,AH,3 VOOR 5.99,2026-07-27,2026-08-02,C,True,AH,https://www.ah.nl/producten/product/wi401987,2026-08-02,Dr. Oetker Ristorante pizza mozzarella gluten-free,gluten free
456008,69188,Wasa Sesame & sea salt glutenvrij,Wasa,glutenvrij,Bakkerij,"Glutenvrije crackers, knackebrod",4.49,4.49,,,,,240 g,prijs per kg €18.71,False,,,,,C,True,AH,https://www.ah.nl/producten/product/wi456008,2026-08-02,Wasa Sesame & sea salt gluten free,gluten free
587626,32677,AH Glutenvrij Crackers zaden,AH Glutenvrij,glutenvrij,Bakkerij,"Glutenvrije crackers, knackebrod",2.99,2.99,,,,,175 g,prijs per kg €17.09,False,,,,,A,True,AH,https://www.ah.nl/producten/product/wi587626,2026-08-02,AH Gluten-free Crackers seeds,gluten free
494410,748783,AH Glutenvrij Mueslireep chocolade,AH Glutenvrij,glutenvrij,Glutenvrij,Glutenvrije repen,2.39,2.39,,,,,125 g,prijs per kg €19.12,False,,,,,E,True,AH,https://www.ah.nl/producten/product/wi494410,2026-08-02,AH Gluten-free Muesli bar chocolate,gluten free
407789,853052,AH Glutenvrij Volkoren havermout,AH Glutenvrij,glutenvrij,Glutenvrij,Glutenvrije havermout en pap,2.89,2.89,,,,,450 g,prijs per kg €6.42,False,,,,,A,True,AH,https://www.ah.nl/producten/product/wi407789,2026-08-02,AH Gluten-free Whole grain oatmeal,gluten free
228422,820392,Schär Meesterbakker mehrkorn glutenvrij,Schär,glutenvrij,Bakkerij,Glutenvrij brood,3.29,3.29,,,,,300 g,prijs per kg €10.97,False,,,,,B,True,AH,https://www.ah.nl/producten/product/wi228422,2026-08-02,Schär Master Baker mehrkorn gluten-free,gluten free
188968,525221,Eat Natural Fruit & nut bars amandel & abrikoos,Eat Natural,glutenvrij,Glutenvrij,Glutenvrije repen,3.39,3.39,,1 + 1 GRATIS,,1.0,3 x 40g,normale prijs per kg €28.25,True,AH,1 + 1 GRATIS,2026-07-27,2026-08-02,E,True,AH,https://www.ah.nl/producten/product/wi188968,2026-08-02,Eat Natural Fruit & nut bars almond & apricot,gluten free
579000,0,AH Glutenvrij Volkoren havermout 2-pack,AH Glutenvrij,glutenvrij,Glutenvrij,Glutenvrije havermout en pap,5.61,5.78,3.0,3% volume voordeel,,,2 stuks,,True,AHOO,3% volume voordeel,2026-08-02,2999-12-31,,True,AH,https://www.ah.nl/producten/product/wi579000,2026-08-02,AH Gluten-free Wholegrain oatmeal 2-pack,gluten free
619045,0,AH Glutenvrij Mueslireep chocolade 2-pack,AH Glutenvrij,glutenvrij,Glutenvrij,Glutenvrije repen,4.64,4.78,3.0,3% volume voordeel,,,2 stuks,,True,AHOO,3% volume voordeel,2026-08-02,2999-12-31,,True,AH,https://www.ah.nl/producten/product/wi619045,2026-08-02,AH Gluten-free Muesli bar chocolate 2-pack,gluten free
589582,36302,AH Glutenvrij Wit brood half,AH Glutenvrij,glutenvrij,Bakkerij,Glutenvrij brood,3.59,3.59,,,,,per stuk,,False,,,,,A,True,AH,https://www.ah.nl/producten/product/wi589582,2026-08-02,AH Gluten Free White bread half,gluten free
621402,0,AH Glutenvrij Wit brood half 2-pack,AH Glutenvrij,glutenvrij,Bakkerij,Glutenvrij brood,,,2.0,2% volume voordeel,,,2 stuks,,True,AH,2% volume voordeel,,,,True,AH,https://www.ah.nl/producten/product/wi621402,2026-08-02,AH Gluten-free White bread half 2-pack,gluten free
621403,0,AH Glutenvrij Wit brood half 3-pack,AH Glutenvrij,glutenvrij,Bakkerij,Glutenvrij brood,,,2.0,2% volume voordeel,,,3 stuks,,True,AH,2% volume voordeel,,,,True,AH,https://www.ah.nl/producten/product/wi621403,2026-08-02,AH Gluten Free White bread half 3-pack,gluten free
621404,0,AH Glutenvrij Wit brood half 4-pack,AH Glutenvrij,glutenvrij,Bakkerij,Glutenvrij brood,,,2.0,2% volume voordeel,,,4 stuks,,True,AH,2% volume voordeel,,,,True,AH,https://www.ah.nl/producten/product/wi621404,2026-08-02,AH Gluten Free White bread half 4-pack,gluten free
494240,748785,AH Glutenvrij Vezelrijk knäckebröd,AH Glutenvrij,glutenvrij,Bakkerij,"Glutenvrije crackers, knackebrod",2.99,2.99,,,,,230 g,prijs per kg €13.00,False,,,,,D,True,AH,https://www.ah.nl/producten/product/wi494240,2026-08-02,AH Gluten-free Fiber-rich crispbread,gluten free
619047,0,AH Glutenvrij Mueslireep chocolade 4-pack,AH Glutenvrij,glutenvrij,Glutenvrij,Glutenvrije repen,8.8,9.56,8.0,8% volume voordeel,,,4 stuks,,True,AHOO,8% volume voordeel,2026-08-02,2999-12-31,,True,AH,https://www.ah.nl/producten/product/wi619047,2026-08-02,AH Gluten-free Muesli bar chocolate 4-pack,gluten free
619046,0,AH Glutenvrij Mueslireep chocolade 3-pack,AH Glutenvrij,glutenvrij,Glutenvrij,Glutenvrije repen,6.81,7.17,5.0,5% volume voordeel,,,3 stuks,,True,AHOO,5% volume voordeel,2026-08-02,2999-12-31,,True,AH,https://www.ah.nl/producten/product/wi619046,2026-08-02,AH Gluten-free Muesli bar chocolate 3-pack,gluten free
587888,33169,AH Glutenvrij Wraps,AH Glutenvrij,glutenvrij,Glutenvrij,Glutenvrije wraps,3.29,3.29,,,,,180 g,prijs per kg €18.28,False,,,,,C,True,AH,https://www.ah.nl/producten/product/wi587888,2026-08-02,AH Gluten Free Wraps,gluten free
550449,606924,AH Glutenvrij Italiaanse bol,AH Glutenvrij,glutenvrij,Bakkerij,"Glutenvrije bolletjes, broodjes, croissants",2.99,2.99,,,,,2 stuks,,False,,,,,C,True,AH,https://www.ah.nl/producten/product/wi550449,2026-08-02,AH Gluten-free Italian bun,gluten free
228421,820391,Schär Meesterbakker vital glutenvrij,Schär,glutenvrij,Bakkerij,Glutenvrij brood,3.39,3.39,,,,,350 g,prijs per kg €9.69,False,,,,,B,True,AH,https://www.ah.nl/producten/product/wi228421,2026-08-02,Schär Master Baker vital gluten-free,gluten free
143673,81631,Tuc Tuc paprika,Tuc,borrel-chips-snacks,"Borrel, chips, snacks",Zoute sticks,1.35,1.35,,,,,100 g,prijs per kg €13.50,False,,,,,E,True,AH,https://www.ah.nl/producten/product/wi143673,2026-08-02,Tuc Tuc peppers,drinks-chips-snacks
584983,28144,Lay's Mega box 20-pack,Lay's,borrel-chips-snacks,"Borrel, chips, snacks",Uitdeelzakjes chips,7.99,7.99,,,,,20 stuks,,False,,,,,D,True,AH,https://www.ah.nl/producten/product/wi584983,2026-08-02,Lay's Mega box 20-pack,drinks-chips-snacks
217297,807589,AH Groene pesto,AH,borrel-chips-snacks,"Borrel, chips, snacks",Pesto (vers),1.9967,2.99,33.2,3 voor 5.99,5.99,3.0,90 g,normale prijs per kg €33.22,True,AH,3 VOOR 5.99,2026-08-03,2026-08-09,D,True,AH,https://www.ah.nl/producten/product/wi217297,2026-08-02,AH Green pesto,drinks-chips-snacks
608535,65431,Beemster Kaastapenade,Beemster,borrel-chips-snacks,"Borrel, chips, snacks",Kaassalades,2.84,3.79,25.0,25% korting,,,140 g,normale prijs per kg €27.07,True,AH,25% korting,2026-07-27,2026-08-02,E,True,AH,https://www.ah.nl/producten/product/wi608535,2026-08-02,Beemster Cheese Tapenade,drinks-chips-snacks
526381,29033,Lay's Naturel,Lay's,borrel-chips-snacks,"Borrel, chips, snacks",Naturel chips,1.745,2.19,20.3,2 voor 3.49,3.49,2.0,200 g,normale prijs per kg €10.95,True,AH,2 VOOR 3.49,2026-07-27,2026-08-02,D,True,AH,https://www.ah.nl/producten/product/wi526381,2026-08-02,Lay's Natural,drinks-chips-snacks
614362,0,Lay's Naturel 3-pack,Lay's,borrel-chips-snacks,"Borrel, chips, snacks",Naturel chips,5.68,6.57,13.5,pakketkorting,,,3 stuks,,True,AHOO,,2026-08-02,2026-08-02,,True,AH,https://www.ah.nl/producten/product/wi614362,2026-08-02,Lay's Naturel 3-pack,drinks-chips-snacks
2432,527935,LU Mini crackers olijfolie & oregano,LU,borrel-chips-snacks,Bakkerij,Toast crackers,2.19,2.19,,,,,250 g,prijs per kg €8.76,False,,,,,E,True,AH,https://www.ah.nl/producten/product/wi2432,2026-08-02,LU Mini crackers olive oil & oregano,drinks-chips-snacks
526382,29857,Lay's Paprika,Lay's,borrel-chips-snacks,"Borrel, chips, snacks",Paprika chips,1.745,2.19,20.3,2 voor 3.49,3.49,2.0,200 g,normale prijs per kg €10.95,True,AH,2 VOOR 3.49,2026-07-27,2026-08-02,C,True,AH,https://www.ah.nl/producten/product/wi526382,2026-08-02,Lay's Paprika,drinks-chips-snacks
614363,0,Lay's Paprika 3-pack,Lay's,borrel-chips-snacks,"Borrel, chips, snacks",Paprika chips,5.68,6.57,13.5,pakketkorting,,,3 stuks,,True,AHOO,,2026-08-02,2026-08-02,,True,AH,https://www.ah.nl/producten/product/wi614363,2026-08-02,Lay's Paprika 3-pack,drinks-chips-snacks
526385,30920,Lay's Naturel value pack,Lay's,borrel-chips-snacks,"Borrel, chips, snacks",Naturel chips,2.245,2.69,16.5,2 voor 4.49,4.49,2.0,300 g,normale prijs per kg €8.97,True,AH,2 voor 4.49,2026-08-03,2026-08-09,D,True,AH,https://www.ah.nl/producten/product/wi526385,2026-08-02,Lay's Natural value pack,drinks-chips-snacks
601035,0,Lay's Naturel value pack 2-pack,Lay's,borrel-chips-snacks,"Borrel, chips, snacks",Naturel chips,4.84,5.38,10.0,10% volume voordeel,,,2 stuks,,True,AHOO,10% volume voordeel,2026-08-02,2026-08-02,,True,AH,https://www.ah.nl/producten/product/wi601035,2026-08-02,Lay's Natural value pack 2-pack,drinks-chips-snacks
516968,44372,Lay's Max paprika,Lay's,borrel-chips-snacks,"Borrel, chips, snacks",Smaakvarianten chips,1.745,1.99,12.3,2 voor 3.49,3.49,2.0,185 g,normale prijs per kg €10.76,True,AH,2 VOOR 3.49,2026-07-27,2026-08-02,D,True,AH,https://www.ah.nl/producten/product/wi516968,2026-08-02,Lay's Max peppers,drinks-chips-snacks
614356,0,Lay's Max paprika 2-pack,Lay's,borrel-chips-snacks,"Borrel, chips, snacks",Smaakvarianten chips,3.49,3.98,12.3,pakketkorting,,,2 stuks,,True,AHOO,,2026-08-02,2026-08-02,,True,AH,https://www.ah.nl/producten/product/wi614356,2026-08-02,Lay's Max peppers 2-pack,drinks-chips-snacks
526386,30923,Lay's Paprika flavour value pack,Lay's,borrel-chips-snacks,"Borrel, chips, snacks",Paprika chips,2.245,2.69,16.5,2 voor 4.49,4.49,2.0,300 g,normale prijs per kg €8.97,True,AH,2 voor 4.49,2026-08-03,2026-08-09,C,True,AH,https://www.ah.nl/producten/product/wi526386,2026-08-02,Lay's Paprika flavor value pack,drinks-chips-snacks
601036,0,Lay's Paprika flavour value pack 2-pack,Lay's,borrel-chips-snacks,"Borrel, chips, snacks",Paprika chips,4.84,5.38,10.0,10% volume voordeel,,,2 stuks,,True,AHOO,10% volume voordeel,2026-08-02,2026-08-02,,True,AH,https://www.ah.nl/producten/product/wi601036,2026-08-02,Lay's Paprika flavor value pack 2-pack,drinks-chips-snacks
229807,823390,Lay's Bugles nacho cheese,Lay's,borrel-chips-snacks,"Borrel, chips, snacks",Vormpjes chips,2.25,2.25,,,,,125 g,prijs per kg €18.00,False,,,,,D,True,AH,https://www.ah.nl/producten/product/wi229807,2026-08-02,Lay's Bugles nacho cheese,drinks-chips-snacks
614348,0,Lay's Bugles nacho cheese 3-pack,Lay's,borrel-chips-snacks,"Borrel, chips, snacks",Vormpjes chips,6.07,6.75,10.0,10% volume voordeel,,,3 stuks,,True,AHOO,10% volume voordeel,2026-08-02,2999-12-31,,True,AH,https://www.ah.nl/producten/product/wi614348,2026-08-02,Lay's Bugles nacho cheese 3-pack,drinks-chips-snacks
438961,70493,AH Plantaardige hummus naturel,AH,borrel-chips-snacks,"Vegetarisch, vegan en plantaardig",Hummus naturel,1.29,1.29,,,,,200 g,prijs per kg €6.45,False,,,,,C,True,AH,https://www.ah.nl/producten/product/wi438961,2026-08-02,AH Vegetable hummus natural,drinks-chips-snacks
448457,47368,AH Chips naturel,AH,borrel-chips-snacks,"Borrel, chips, snacks",Naturel chips,0.95,0.95,,,,,250 g,prijs per kg €3.80,False,,,,,D,True,AH,https://www.ah.nl/producten/product/wi448457,2026-08-02,AH Chips natural,drinks-chips-snacks
611528,0,LU Mini crackers olijfolie & oregano 2-pack,LU,borrel-chips-snacks,Bakkerij,Toast crackers,4.16,4.38,5.0,5% volume voordeel,,,2 stuks,,True,AHOO,5% volume voordeel,2026-08-02,2999-12-31,,True,AH,https://www.ah.nl/producten/product/wi611528,2026-08-02,LU Mini crackers olive oil & oregano 2-pack,drinks-chips-snacks
170655,760028,AH Groene pesto,AH,borrel-chips-snacks,"Borrel, chips, snacks",Pesto in pot,1.15,1.15,,,,,190 g,prijs per kg €6.05,False,,,,,D,True,AH,https://www.ah.nl/producten/product/wi170655,2026-08-02,AH Green pesto,drinks-chips-snacks
572388,0,LU Mini crackers olijfolie & oregano 3-pack,LU,borrel-chips-snacks,Bakkerij,Toast crackers,5.91,6.57,10.0,10% volume voordeel,,,3 stuks,,True,AHOO,10% volume voordeel,2026-08-02,2999-12-31,,True,AH,https://www.ah.nl/producten/product/wi572388,2026-08-02,LU Mini crackers olive oil & oregano 3-pack,drinks-chips-snacks
516967,44369,Lay's Max naturel,Lay's,borrel-chips-snacks,"Borrel, chips, snacks",Smaakvarianten chips,1.745,1.99,12.3,2 voor 3.49,3.49,2.0,185 g,normale prijs per kg €10.76,True,AH,2 VOOR 3.49,2026-07-27,2026-08-02,C,True,AH,https://www.ah.nl/producten/product/wi516967,2026-08-02,Lay's Max natural,drinks-chips-snacks
614354,0,Lay's Max naturel 2-pack,Lay's,borrel-chips-snacks,"Borrel, chips, snacks",Smaakvarianten chips,3.49,3.98,12.3,pakketkorting,,,2 stuks,,True,AHOO,,2026-08-02,2026-08-02,,True,AH,https://www.ah.nl/producten/product/wi614354,2026-08-02,Lay's Max natural 2-pack,drinks-chips-snacks
574596,15872,Lay's Max paprika,Lay's,borrel-chips-snacks,"Borrel, chips, snacks",Paprika chips,2.245,2.99,24.9,2 voor 4.49,4.49,2.0,275 g,normale prijs per kg €10.87,True,AH,2 voor 4.49,2026-08-03,2026-08-09,D,True,AH,https://www.ah.nl/producten/product/wi574596,2026-08-02,Lay's Max peppers,drinks-chips-snacks
614357,0,Lay's Max paprika 275 gr 2-pack,Lay's,borrel-chips-snacks,"Borrel, chips, snacks",Paprika chips,5.38,5.98,10.0,10% volume voordeel,,,2 stuks,,True,AHOO,10% volume voordeel,2026-08-02,2026-08-02,,True,AH,https://www.ah.nl/producten/product/wi614357,2026-08-02,Lay's Max peppers 275 gr 2-pack,drinks-chips-snacks
574349,15316,Lay's Max naturel,Lay's,borrel-chips-snacks,"Borrel, chips, snacks",Naturel chips,2.245,2.99,24.9,2 voor 4.49,4.49,2.0,275 g,normale prijs per kg €10.87,True,AH,2 voor 4.49,2026-08-03,2026-08-09,D,True,AH,https://www.ah.nl/producten/product/wi574349,2026-08-02,Lay's Max natural,drinks-chips-snacks
614355,0,Lay's Max naturel 275 gr 2-pack,Lay's,borrel-chips-snacks,"Borrel, chips, snacks",Naturel chips,5.38,5.98,10.0,10% volume voordeel,,,2 stuks,,True,AHOO,10% volume voordeel,2026-08-02,2026-08-02,,True,AH,https://www.ah.nl/producten/product/wi614355,2026-08-02,Lay's Max natural 275 gr 2-pack,drinks-chips-snacks
387615,845115,Cheetos Nibb-it sticks,Cheetos,borrel-chips-snacks,"Borrel, chips, snacks",Vormpjes chips,2.09,2.09,,,,,110 g,prijs per kg €19.00,False,,,,,D,True,AH,https://www.ah.nl/producten/product/wi387615,2026-08-02,Cheetos Nibb-it sticks,drinks-chips-snacks
448475,535486,AH Ribbelchips naturel,AH,borrel-chips-snacks,"Borrel, chips, snacks",Naturel chips,1.25,1.25,,,,,250 g,prijs per kg €5.00,False,,,,,D,True,AH,https://www.ah.nl/producten/product/wi448475,2026-08-02,AH Ribbelchips natural,drinks-chips-snacks
448430,530412,Bolletje Zoute pepsels,Bolletje,borrel-chips-snacks,"Borrel, chips, snacks",Pretzels,1.29,1.29,,,,,180 g,prijs per kg €7.17,False,,,,,E,True,AH,https://www.ah.nl/producten/product/wi448430,2026-08-02,Bolletje Salty peppers,drinks-chips-snacks
429373,697036,Calvé Mayonaise,Calvé,soepen-sauzen-kruiden-olie,"Soepen, sauzen, kruiden, olie",Mayonaise,4.09,4.09,,2 + 1 GRATIS,,2.0,650 ml,normale prijs per liter €6.29,True,AH,2 + 1 GRATIS,2026-07-27,2026-08-02,D,True,AH,https://www.ah.nl/producten/product/wi429373,2026-08-02,Calvé Mayonnaise,soups-sauces-herbs-oil
465768,716394,Heinz Tomato ketchup zero toegevoegde suikers,Heinz,soepen-sauzen-kruiden-olie,"Soepen, sauzen, kruiden, olie",Ketchup,3.29,3.29,,,,,400 ml,prijs per liter €8.23,False,,,,,A,True,AH,https://www.ah.nl/producten/product/wi465768,2026-08-02,Heinz Tomato ketchup zero added sugars,soups-sauces-herbs-oil
516642,539709,Hellmann's Real,Hellmann's,soepen-sauzen-kruiden-olie,"Soepen, sauzen, kruiden, olie",Mayonaise,5.59,5.59,,2 + 1 GRATIS,,2.0,"0,65 l",normale prijs per liter €8.60,True,AH,2 + 1 GRATIS,2026-07-27,2026-08-02,D,True,AH,https://www.ah.nl/producten/product/wi516642,2026-08-02,Hellmann's Real,soups-sauces-herbs-oil
2226,80364,AH Tomatenpuree,AH,soepen-sauzen-kruiden-olie,"Pasta, rijst, wereldkeuken",Tomatenpuree,0.49,0.49,,,,,70 g,prijs per kg €7.00,False,,,,,A,True,AH,https://www.ah.nl/producten/product/wi2226,2026-08-02,AH Tomatenpuree,soups-sauces-herbs-oil
481844,736631,AH Tomaten passata gezeefd,AH,soepen-sauzen-kruiden-olie,"Pasta, rijst, wereldkeuken","Gezeefde tomaten, frito, passata",0.75,0.75,,,,,500 g,prijs per kg €1.50,False,,,,,A,True,AH,https://www.ah.nl/producten/product/wi481844,2026-08-02,AH Tomato passata sieved,soups-sauces-herbs-oil
567548,0,AH Groene pesto 4-pack,AH,soepen-sauzen-kruiden-olie,"Soepen, sauzen, kruiden, olie",Kappertjes,10.76,11.96,10.0,10% volume voordeel,,,4 stuks,,True,AHOO,10% volume voordeel,2026-08-02,2026-08-02,,True,AH,https://www.ah.nl/producten/product/wi567548,2026-08-02,AH Groene pesto 4-pack,soups-sauces-herbs-oil
167873,644793,AH Terra Kikkererwten,AH Terra,soepen-sauzen-kruiden-olie,"Soepen, sauzen, kruiden, olie",Kikkererwten,0.99,0.99,,,,,400 g,prijs per kg €3.74,False,,,,,A,True,AH,https://www.ah.nl/producten/product/wi167873,2026-08-02,AH Terra Chickpeas,soups-sauces-herbs-oil
800,48118,AH Maiskorrels fris en knapperig,AH,soepen-sauzen-kruiden-olie,"Soepen, sauzen, kruiden, olie",Mais conserven,1.19,1.19,,,,,340 g,prijs per kg €4.18,False,,,,,A,True,AH,https://www.ah.nl/producten/product/wi800,2026-08-02,AH Corn kernels fresh and crunchy,soups-sauces-herbs-oil
167880,644800,AH Knijpfruit appel-aardbei,AH,soepen-sauzen-kruiden-olie,"Soepen, sauzen, kruiden, olie",Fruitmix conserven,1.85,1.85,,,,,4 x 90 g,prijs per kg €5.14,False,,,,,A,True,AH,https://www.ah.nl/producten/product/wi167880,2026-08-02,AH Knijpfruit apple-strawberry,soups-sauces-herbs-oil
30428,83690,AH Terra Kidneybonen,AH Terra,soepen-sauzen-kruiden-olie,"Soepen, sauzen, kruiden, olie",Kidney bonen,0.65,0.65,,,,,400 g,prijs per kg €2.60,False,,,,,A,True,AH,https://www.ah.nl/producten/product/wi30428,2026-08-02,AH Terra Kidney beans,soups-sauces-herbs-oil
238971,831603,AH Platte peterselie,AH,soepen-sauzen-kruiden-olie,"Groente, aardappelen",Verse kruiden,1.19,1.19,,,,,15 g,prijs per kg €79.33,False,,,,,A,True,AH,https://www.ah.nl/producten/product/wi238971,2026-08-02,AH Flat parsley,soups-sauces-herbs-oil
492393,747354,AH Appelmoes,AH,soepen-sauzen-kruiden-olie,"Soepen, sauzen, kruiden, olie","Appelmoes, appelcompote",0.49,0.49,,,,,710 g,prijs per kg €0.69,False,,,,,A,True,AH,https://www.ah.nl/producten/product/wi492393,2026-08-02,AH Applesauce,soups-sauces-herbs-oil
509288,712412,AH Maiskorrels fris en knapperig 3-pack,AH,soepen-sauzen-kruiden-olie,"Soepen, sauzen, kruiden, olie",Mais conserven,1.99,1.99,,,,,450 g,prijs per kg €14.21,False,,,,,A,True,AH,https://www.ah.nl/producten/product/wi509288,2026-08-02,AH Corn kernels fresh and crunchy 3-pack,soups-sauces-herbs-oil
101200,547358,AH Biologisch Natuurazijn,AH Biologisch,soepen-sauzen-kruiden-olie,"Soepen, sauzen, kruiden, olie",Natuurazijn,0.99,0.99,,,,,1 l,prijs per liter €0.99,False,,,,,A,True,AH,https://www.ah.nl/producten/product/wi101200,2026-08-02,AH Organic Natural Vinegar,soups-sauces-herbs-oil
196672,791231,AH Soepstengels volkoren,AH,soepen-sauzen-kruiden-olie,"Soepen, sauzen, kruiden, olie",Soepstengels,0.75,0.75,,,,,125 g,prijs per kg €6.00,False,,,,,A,True,AH,https://www.ah.nl/producten/product/wi196672,2026-08-02,AH Whole wheat breadsticks,soups-sauces-herbs-oil
123848,752374,Unox Romige tomatensoep,Unox,soepen-sauzen-kruiden-olie,"Soepen, sauzen, kruiden, olie",Tomatensoep in zak,3.29,3.29,,1 + 1 GRATIS,,1.0,570 ml,normale prijs per liter €5.77,True,AH,1 + 1 GRATIS,2026-07-27,2026-08-02,B,True,AH,https://www.ah.nl/producten/product/wi123848,2026-08-02,Unox Creamy tomato soup,soups-sauces-herbs-oil
496580,783819,Van Wijngaarden's Zaanse mayonaise,Van Wijngaarden's,soepen-sauzen-kruiden-olie,"Soepen, sauzen, kruiden, olie",Mayonaise,4.19,4.19,,2e Halve Prijs,,2.0,"0,75 l",normale prijs per liter €5.59,True,AH,2e Halve Prijs,2026-08-03,2026-08-09,D,True,AH,https://www.ah.nl/producten/product/wi496580,2026-08-02,Van Wijngaarden's Zaanse mayonnaise,soups-sauces-herbs-oil
608892,0,Unox Romige tomatensoep 2-pack,Unox,soepen-sauzen-kruiden-olie,"Soepen, sauzen, kruiden, olie",Tomatensoep in zak,3.29,6.58,50.0,pakketkorting,,,2 stuks,,True,AHOO,,2026-08-02,2026-08-02,,True,AH,https://www.ah.nl/producten/product/wi608892,2026-08-02,Unox Romige tomatensoep 2-pack,soups-sauces-herbs-oil
611645,67845,AH Munt grootverpakking,AH,soepen-sauzen-kruiden-olie,"Groente, aardappelen",Verse kruiden,1.99,1.99,,,,,75 g,prijs per kg €26.53,False,,,,,A,True,AH,https://www.ah.nl/producten/product/wi611645,2026-08-02,AH Munt bulk packaging,soups-sauces-herbs-oil
608893,0,Unox Romige tomatensoep 4-pack,Unox,soepen-sauzen-kruiden-olie,"Soepen, sauzen, kruiden, olie",Tomatensoep in zak,6.58,13.16,50.0,pakketkorting,,,4 stuks,,True,AHOO,,2026-08-02,2026-08-02,,True,AH,https://www.ah.nl/producten/product/wi608893,2026-08-02,Unox Creamy tomato soup 4-pack,soups-sauces-herbs-oil
608894,0,Unox Romige tomatensoep 6-pack,Unox,soepen-sauzen-kruiden-olie,"Soepen, sauzen, kruiden, olie",Tomatensoep in zak,9.87,19.74,50.0,pakketkorting,,,6 stuks,,True,AHOO,,2026-08-02,2026-08-02,,True,AH,https://www.ah.nl/producten/product/wi608894,2026-08-02,Unox Creamy tomato soup 6-pack,soups-sauces-herbs-oil
3527,80365,AH Tomatenpuree,AH,soepen-sauzen-kruiden-olie,"Pasta, rijst, wereldkeuken",Tomatenpuree,0.69,0.69,,,,,140 g,prijs per kg €4.93,False,,,,,A,True,AH,https://www.ah.nl/producten/product/wi3527,2026-08-02,AH Tomatenpuree,soups-sauces-herbs-oil
378632,839779,Heinz Tomato frito original,Heinz,soepen-sauzen-kruiden-olie,"Pasta, rijst, wereldkeuken","Gezeefde tomaten, frito, passata",1.39,1.39,,,,,350 g,prijs per kg €3.97,False,,,,,A,True,AH,https://www.ah.nl/producten/product/wi378632,2026-08-02,Heinz Tomato frito original,soups-sauces-herbs-oil
906,5128,AH Zonnebloemolie,AH,soepen-sauzen-kruiden-olie,"Soepen, sauzen, kruiden, olie",Zonnebloemolie,1.39,1.39,,,,,1 l,prijs per liter €1.39,False,,,,,C,True,AH,https://www.ah.nl/producten/product/wi906,2026-08-02,AH Sunflower Oil,soups-sauces-herbs-oil
612292,0,Heinz Tomato frito original 3-pack,Heinz,soepen-sauzen-kruiden-olie,"Pasta, rijst, wereldkeuken","Gezeefde tomaten, frito, passata",3.75,4.17,10.0,10% volume voordeel,,,3 stuks,,True,AHOO,10% volume voordeel,2026-08-02,2999-12-31,,True,AH,https://www.ah.nl/producten/product/wi612292,2026-08-02,Heinz Tomato frito original 3-pack,soups-sauces-herbs-oil
238969,831601,AH Munt,AH,soepen-sauzen-kruiden-olie,"Groente, aardappelen",Verse kruiden,1.19,1.19,,,,,15 g,prijs per kg €79.33,False,,,,,A,True,AH,https://www.ah.nl/producten/product/wi238969,2026-08-02,AH Mint,soups-sauces-herbs-oil
519391,636892,Van Wijngaarden's Zaanse mayonaise,Van Wijngaarden's,soepen-sauzen-kruiden-olie,"Soepen, sauzen, kruiden, olie",Mayonaise,1.65,1.65,,2e Halve Prijs,,2.0,200 ml,normale prijs per liter €8.25,True,AH,2e Halve Prijs,2026-08-03,2026-08-09,D,True,AH,https://www.ah.nl/producten/product/wi519391,2026-08-02,Van Wijngaarden's Zaanse mayonnaise,soups-sauces-herbs-oil
182915,644801,AH Knijpfruit appel banaan,AH,soepen-sauzen-kruiden-olie,"Soepen, sauzen, kruiden, olie",Fruitmix conserven,1.85,1.85,,,,,4 x 90 g,prijs per kg €5.14,False,,,,,A,True,AH,https://www.ah.nl/producten/product/wi182915,2026-08-02,AH Squeeze fruit apple banana,soups-sauces-herbs-oil
194759,794438,Remia Friteslijn,Remia,soepen-sauzen-kruiden-olie,"Soepen, sauzen, kruiden, olie",Fritessaus,2.25,2.25,,,,,350 ml,prijs per liter €6.43,False,,,,,C,True,AH,https://www.ah.nl/producten/product/wi194759,2026-08-02,Remia Frites line,soups-sauces-herbs-oil
238968,831600,AH Koriander,AH,soepen-sauzen-kruiden-olie,"Groente, aardappelen",Verse kruiden,1.19,1.19,,,,,15 g,prijs per kg €79.33,False,,,,,A,True,AH,https://www.ah.nl/producten/product/wi238968,2026-08-02,AH Coriander,soups-sauces-herbs-oil
612294,0,Heinz Tomato frito original 6-pack,Heinz,soepen-sauzen-kruiden-olie,"Pasta, rijst, wereldkeuken","Gezeefde tomaten, frito, passata",7.09,8.34,15.0,15% volume voordeel,,,6 stuks,,True,AHOO,15% volume voordeel,2026-08-02,2999-12-31,,True,AH,https://www.ah.nl/producten/product/wi612294,2026-08-02,Heinz Tomato frito original 6-pack,soups-sauces-herbs-oil
189394,791230,AH Soepstengels naturel,AH,soepen-sauzen-kruiden-olie,"Soepen, sauzen, kruiden, olie",Soepstengels,0.75,0.75,,,,,125 g,prijs per kg €6.00,False,,,,,C,True,AH,https://www.ah.nl/producten/product/wi189394,2026-08-02,AH Breadsticks natural,soups-sauces-herbs-oil
615431,72529,Grolsch Cal 6-pack,Grolsch,bier-wijn-aperitieven,"Bier, wijn, aperitieven",Pils blik,5.14,6.85,25.0,25% korting,,,"1,98 l",normale prijs per liter €3.46,True,AH,25% korting,2026-07-27,2026-08-02,,True,AH,https://www.ah.nl/producten/product/wi615431,2026-08-02,Grolsch Cal 6-pack,beer-wine aperitifs
615430,72528,Grolsch Cal 6-pack,Grolsch,bier-wijn-aperitieven,"Bier, wijn, aperitieven",Pils blik,3.74,4.99,25.0,25% korting,,,"1,8 l",normale prijs per liter €2.77,True,AH,25% korting,2026-07-27,2026-08-02,,True,AH,https://www.ah.nl/producten/product/wi615430,2026-08-02,Grolsch Cal 6-pack,beer-wine aperitifs
222563,816815,Amstel Radler citroen 0.0 6-pack,Amstel,bier-wijn-aperitieven,"Bier, wijn, aperitieven","Alcoholvrij wit, weizen, radler",6.49,6.49,,1 + 1 gratis,,1.0,"6 x 0,33 l",normale prijs per liter €3.28,True,AH,1 + 1 gratis,2026-08-03,2026-08-09,C,True,AH,https://www.ah.nl/producten/product/wi222563,2026-08-02,Amstel Radler lemon 0.0 6-pack,beer-wine aperitifs
600733,0,Amstel Amstel Radler citroen 0.0 6-pack 8-pack,Amstel,bier-wijn-aperitieven,"Bier, wijn, aperitieven","Alcoholvrij wit, weizen, radler",49.32,51.92,5.0,5% volume voordeel,,,8 stuks,,True,AHOO,5% volume voordeel,2026-08-02,2026-08-02,,True,AH,https://www.ah.nl/producten/product/wi600733,2026-08-02,Amstel Amstel Radler lemon 0.0 6-pack 8-pack,beer-wine aperitifs
238802,828378,Grolsch Radler citroen alcoholvrij 0.0 6-pack,Grolsch,bier-wijn-aperitieven,"Bier, wijn, aperitieven","Alcoholvrij wit, weizen, radler",5.29,5.29,,1 + 1 GRATIS,,1.0,"6 x 0,3 l",normale prijs per liter €2.94,True,AH,1 + 1 GRATIS,2026-07-27,2026-08-02,C,True,AH,https://www.ah.nl/producten/product/wi238802,2026-08-02,Grolsch Radler lemon alcohol-free 0.0 6-pack,beer-wine aperitifs
611328,0,Grolsch Radler citroen alcoholvrij 0.0 18-pack,Grolsch,bier-wijn-aperitieven,"Bier, wijn, aperitieven","Alcoholvrij wit, weizen, radler",10.58,15.87,33.3,pakketkorting,,,3 stuks,,True,AHOO,,2026-08-02,2026-08-02,,True,AH,https://www.ah.nl/producten/product/wi611328,2026-08-02,Grolsch Radler lemon alcohol-free 0.0 18-pack,beer-wine aperitifs
611329,0,Grolsch Radler citroen alcoholvrij 0.0 30-pack,Grolsch,bier-wijn-aperitieven,"Bier, wijn, aperitieven","Alcoholvrij wit, weizen, radler",15.87,26.45,40.0,pakketkorting,,,5 stuks,,True,AHOO,,2026-08-02,2026-08-02,,True,AH,https://www.ah.nl/producten/product/wi611329,2026-08-02,Grolsch Radler citroen alcoholvrij 0.0 30-pack,beer-wine aperitifs
222510,816813,Amstel Radler citroen 0.0% 6-pack,Amstel,bier-wijn-aperitieven,"Bier, wijn, aperitieven","Alcoholvrij wit, weizen, radler",5.99,5.99,,1 + 1 gratis,,1.0,"6 x 0,3 l",normale prijs per liter €3.33,True,AH,1 + 1 gratis,2026-08-03,2026-08-09,C,True,AH,https://www.ah.nl/producten/product/wi222510,2026-08-02,Amstel Radler lemon 0.0% 6-pack,beer-wine aperitifs
606634,0,Amstel Radler citroen 0.0%12-pack,Amstel,bier-wijn-aperitieven,"Bier, wijn, aperitieven","Alcoholvrij wit, weizen, radler",11.38,11.98,5.0,5% volume voordeel,,,2 stuks,,True,AHOO,5% volume voordeel,2026-08-02,2026-08-02,,True,AH,https://www.ah.nl/producten/product/wi606634,2026-08-02,Amstel Radler lemon 0.0%12-pack,beer-wine aperitifs
228280,820730,Saint Louis De provence rosé,Saint Louis,bier-wijn-aperitieven,"Bier, wijn, aperitieven",Droge rosé,5.99,6.99,14.3,€1.00 euro korting,,,"0,75 l",normale prijs per liter €9.32,True,AH,1 EURO KORTING,2026-07-27,2026-08-02,,True,AH,https://www.ah.nl/producten/product/wi228280,2026-08-02,Saint Louis De Provence rosé,beer-wine aperitifs
584742,0,Saint Louis De provence rose 6 flessen,Saint Louis,bier-wijn-aperitieven,"Bier, wijn, aperitieven",Droge rosé,35.94,41.94,14.3,pakketkorting,,,6 stuks,,True,AHOO,,2026-08-02,2026-08-02,,True,AH,https://www.ah.nl/producten/product/wi584742,2026-08-02,Saint Louis De Provence rose 6 bottles,beer-wine aperitifs
566588,4706,Vandestreek Playground non alcoholic IPA,Vandestreek,bier-wijn-aperitieven,"Bier, wijn, aperitieven",Alcoholvrij IPA,2.19,2.19,,,,,330 ml,prijs per liter €6.64,False,,,,,C,True,AH,https://www.ah.nl/producten/product/wi566588,2026-08-02,Vandestreek Playground non-alcoholic IPA,beer-wine aperitifs
615888,0,Saint Louis Saint Louis Provence Rosé 4 flessen,Saint Louis,bier-wijn-aperitieven,"Bier, wijn, aperitieven",Droge rosé,23.96,27.96,14.3,pakketkorting,,,4 stuks,,True,AHOO,,2026-08-02,2026-08-02,,True,AH,https://www.ah.nl/producten/product/wi615888,2026-08-02,Saint Louis Saint Louis Provence Rosé 4 bottles,beer-wine aperitifs
516627,46619,Corona Cero 0.0 alcoholvrij bier 6-pack,Corona,bier-wijn-aperitieven,"Bier, wijn, aperitieven","Alcoholvrij wit, weizen, radler",7.12,9.49,25.0,25% korting,,,"6 x 0,33 l",normale prijs per liter €4.79,True,AH,25% korting,2026-07-27,2026-08-02,C,True,AH,https://www.ah.nl/producten/product/wi516627,2026-08-02,Corona Cero 0.0 alcohol-free beer 6-pack,beer-wine aperitifs
610142,0,Corona Cero 0.0 alcoholvrij bier 18-pack,Corona,bier-wijn-aperitieven,"Bier, wijn, aperitieven","Alcoholvrij wit, weizen, radler",21.35,28.47,25.0,pakketkorting,,,3 stuks,,True,AHOO,,2026-08-02,2026-08-02,,True,AH,https://www.ah.nl/producten/product/wi610142,2026-08-02,Corona Cero 0.0 alcoholvrij bier 18-pack,beer-wine aperitifs
611748,0,Corona Cero 0.0 alcoholvrij bier 30-pack,Corona,bier-wijn-aperitieven,"Bier, wijn, aperitieven","Alcoholvrij wit, weizen, radler",35.58,47.45,25.0,pakketkorting,,,5 stuks,,True,AHOO,,2026-08-02,2026-08-02,,True,AH,https://www.ah.nl/producten/product/wi611748,2026-08-02,Corona Cero 0.0 alcoholvrij bier 30-pack,beer-wine aperitifs
396207,847557,Settesoli Pinot grigio blush rosé,Settesoli,bier-wijn-aperitieven,"Bier, wijn, aperitieven",Droge rosé,4.49,5.99,25.0,€1.50 euro korting,,,"0,75 l",normale prijs per liter €7.99,True,AH,1.50 EURO KORTING,2026-08-03,2026-08-09,,True,AH,https://www.ah.nl/producten/product/wi396207,2026-08-02,Settesoli Pinot grigio blush rosé,beer-wine aperitifs
586377,0,Settesoli Pinot grigio blush rosé 6 flessen,Settesoli,bier-wijn-aperitieven,"Bier, wijn, aperitieven",Droge rosé,32.35,35.94,10.0,10% volume voordeel,,,6 stuks,,True,AHOO,10% volume voordeel,2026-08-02,2026-08-02,,True,AH,https://www.ah.nl/producten/product/wi586377,2026-08-02,Settesoli Pinot grigio blush rosé 6 bottles,beer-wine aperitifs
482639,737544,Grange de Malivet Chardonnay wooded,Grange de Malivet,bier-wijn-aperitieven,"Bier, wijn, aperitieven",Chardonnay (Vol en droog),4.99,6.65,25.0,25% korting,,,"0,75 l",normale prijs per liter €8.87,True,AH,25% korting,2026-07-27,2026-08-02,,True,AH,https://www.ah.nl/producten/product/wi482639,2026-08-02,Grange de Malivet Chardonnay wooded,beer-wine aperitifs
586717,0,Grange de Malivet Chardonnay wooded 6 flessen,Grange de Malivet,bier-wijn-aperitieven,"Bier, wijn, aperitieven",Chardonnay (Fris en droog),29.92,39.9,25.0,pakketkorting,,,6 stuks,,True,AHOO,,2026-08-02,2026-08-02,,True,AH,https://www.ah.nl/producten/product/wi586717,2026-08-02,Grange de Malivet Chardonnay wooded 6 bottles,beer-wine aperitifs
616349,0,Settesoli Settesoli PG Blush Rosé 4 flessen,Settesoli,bier-wijn-aperitieven,"Bier, wijn, aperitieven",Droge rosé,22.76,23.96,5.0,5% volume voordeel,,,4 stuks,,True,AHOO,5% volume voordeel,2026-08-02,2026-08-02,,True,AH,https://www.ah.nl/producten/product/wi616349,2026-08-02,Settesoli Settesoli PG Blush Rosé 4 bottles,beer-wine aperitifs
571813,14095,Texels Skuumkoppe 0.0 speciaalbier 6-pack,Texels,bier-wijn-aperitieven,"Bier, wijn, aperitieven","Alcoholvrij wit, weizen, radler",7.04,9.39,25.0,25% korting,,,"6 x 0,3 l",normale prijs per liter €5.22,True,AH,25% korting,2026-07-27,2026-08-02,C,True,AH,https://www.ah.nl/producten/product/wi571813,2026-08-02,Texels Skuumkoppe 0.0 speciaalbier 6-pack,beer-wine aperitifs
615768,0,Texels Skuumkoppe 0.0 speciaalbier 12-pack,Texels,bier-wijn-aperitieven,"Bier, wijn, aperitieven","Alcoholvrij wit, weizen, radler",14.08,18.78,25.0,pakketkorting,,,2 stuks,,True,AHOO,,2026-08-02,2026-08-02,,True,AH,https://www.ah.nl/producten/product/wi615768,2026-08-02,Texels Skuumkoppe 0.0 specialty beer 12-pack,beer-wine aperitifs
96577,543391,Hertog Jan Pilsener bier 6-pack,Hertog Jan,bier-wijn-aperitieven,"Bier, wijn, aperitieven",Pils blik,5.49,7.32,25.0,25% korting,,,6 x 33 cl,normale prijs per liter €3.70,True,AH,25% korting,2026-08-03,2026-08-09,,True,AH,https://www.ah.nl/producten/product/wi96577,2026-08-02,Hertog Jan Pilsener beer 6-pack,beer-wine aperitifs
594988,0,Texels Skuumkoppe 0.0 speciaalbier 12-pack,Texels,bier-wijn-aperitieven,"Bier, wijn, aperitieven","Alcoholvrij wit, weizen, radler",14.08,18.78,25.0,pakketkorting,,,2 stuks,,True,AHOO,,2026-08-02,2026-08-02,,True,AH,https://www.ah.nl/producten/product/wi594988,2026-08-02,Texels Skuumkoppe 0.0 specialty beer 12-pack,beer-wine aperitifs
435814,700320,AH Excellent Selectie prosecco,AH Excellent,bier-wijn-aperitieven,"Bier, wijn, aperitieven",Prosecco droog,5.99,7.99,25.0,25% korting,,,"0,75 l",normale prijs per liter €10.65,True,AH,25% korting,2026-07-27,2026-08-02,,True,AH,https://www.ah.nl/producten/product/wi435814,2026-08-02,AH Excellent Selection of prosecco,beer-wine aperitifs
163546,626435,Settesoli Pinot grigio,Settesoli,bier-wijn-aperitieven,"Bier, wijn, aperitieven",Pinot Grigio (Fris en droog),4.49,5.99,25.0,€1.50 euro korting,,,"0,75 l",normale prijs per liter €7.99,True,AH,1.50 EURO KORTING,2026-08-03,2026-08-09,,True,AH,https://www.ah.nl/producten/product/wi163546,2026-08-02,Settesoli Pinot Grigio,beer-wine aperitifs
471354,723681,Hertog Jan 0.0 Alcoholvrij bier 6-pack,Hertog Jan,bier-wijn-aperitieven,"Bier, wijn, aperitieven",Alcoholvrij pils,4.99,4.99,,1 + 1 gratis,,1.0,"6 x 0,3 l",normale prijs per liter €2.77,True,AH,1 + 1 gratis,2026-08-03,2026-08-09,B,True,AH,https://www.ah.nl/producten/product/wi471354,2026-08-02,Hertog Jan 0.0 Non-alcoholic beer 6-pack,beer-wine aperitifs
460649,675079,Leffe Blond 0.0% 6-pack,Leffe,bier-wijn-aperitieven,"Bier, wijn, aperitieven","Alcoholvrij blond, dubbel, tripel",4.99,6.65,25.0,25% korting,,,6 x 0.30 l,normale prijs per liter €3.69,True,AH,25% korting,2026-08-03,2026-08-09,C,True,AH,https://www.ah.nl/producten/product/wi460649,2026-08-02,Leffe Blond 0.0% 6-pack,beer-wine aperitifs
584728,0,Settesoli Pinot grigio 6 flessen,Settesoli,bier-wijn-aperitieven,"Bier, wijn, aperitieven",Pinot Grigio (Fris en droog),32.35,35.94,10.0,10% volume voordeel,,,6 stuks,,True,AHOO,10% volume voordeel,2026-08-02,2026-08-02,,True,AH,https://www.ah.nl/producten/product/wi584728,2026-08-02,Settesoli Pinot grigio 6 bottles,beer-wine aperitifs
478476,732292,YAYA Kombucha yuzu,YAYA,bier-wijn-aperitieven,"Frisdrank, sappen, water",Kombucha,2.39,2.39,,,,,330 ml,prijs per liter €7.24,False,,,,,C,True,AH,https://www.ah.nl/producten/product/wi478476,2026-08-02,YAYA Kombucha yuzu,beer-wine aperitifs
570710,11381,Hey you Rosé,Hey you,bier-wijn-aperitieven,"Bier, wijn, aperitieven",Droge rosé,4.99,4.99,,,,,"0,75 l",prijs per liter €6.65,False,,,,,,True,AH,https://www.ah.nl/producten/product/wi570710,2026-08-02,Hey you Rose,beer-wine aperitifs
610152,0,Leffe Blond 0.0% 12-pack,Leffe,bier-wijn-aperitieven,"Bier, wijn, aperitieven","Alcoholvrij blond, dubbel, tripel",10.64,13.3,20.0,20% volume voordeel,,,2 stuks,,True,AHOO,20% volume voordeel,2026-08-02,2026-08-02,,True,AH,https://www.ah.nl/producten/product/wi610152,2026-08-02,Leffe Blonde 0.0% 12-pack,beer-wine aperitifs
225279,818528,Mesta Verdejo organic wine,Mesta,bier-wijn-aperitieven,"Bier, wijn, aperitieven",Verdejo (Fris en droog),5.49,5.49,,,,,"0,75 l",prijs per liter €7.32,False,,,,,,True,AH,https://www.ah.nl/producten/product/wi225279,2026-08-02,Mesta Verdejo organic wine,beer-wine aperitifs
591521,0,AH Excellent Selectie Prosecco 6 flessen,AH Excellent,bier-wijn-aperitieven,"Bier, wijn, aperitieven",Prosecco droog,35.95,47.94,25.0,pakketkorting,,,6 stuks,,True,AHOO,,2026-08-02,2026-08-02,,True,AH,https://www.ah.nl/producten/product/wi591521,2026-08-02,AH Excellent Selection Prosecco 6 bottles,beer-wine aperitifs
586707,0,Hey you Rosé 6 flessen,Hey you,bier-wijn-aperitieven,"Bier, wijn, aperitieven",Droge rosé,26.95,29.94,10.0,10% volume voordeel,,,6 stuks,,True,AHOO,10% volume voordeel,2026-08-02,2999-12-31,,True,AH,https://www.ah.nl/producten/product/wi586707,2026-08-02,Hey you Rosé 6 bottles,beer-wine aperitifs
575711,0,AH Excellent Selectie Prosecco 6 flessen,AH Excellent,bier-wijn-aperitieven,"Bier, wijn, aperitieven",Prosecco droog,35.95,47.94,25.0,pakketkorting,,,6 stuks,,True,AHOO,,2026-08-02,2026-08-02,,True,AH,https://www.ah.nl/producten/product/wi575711,2026-08-02,AH Excellent Selection Prosecco 6 bottles,beer-wine aperitifs
80101,779716,Heineken Premium pilsener 6-pack,Heineken,bier-wijn-aperitieven,"Bier, wijn, aperitieven",Pils blik,4.99,6.65,25.0,25% korting,,,"6 x 0,33 l",normale prijs per liter €3.36,True,AH,25% korting,2026-07-27,2026-08-02,,True,AH,https://www.ah.nl/producten/product/wi80101,2026-08-02,Heineken Premium pilsner 6-pack,beer-wine aperitifs
584608,0,Mesta Verdejo organic wine 6 flessen,Mesta,bier-wijn-aperitieven,"Bier, wijn, aperitieven",Verdejo (Fris en droog),29.65,32.94,10.0,10% volume voordeel,,,6 stuks,,True,AHOO,10% volume voordeel,2026-08-02,2999-12-31,,True,AH,https://www.ah.nl/producten/product/wi584608,2026-08-02,Mesta Verdejo organic wine 6 bottles,beer-wine aperitifs
606648,0,Heineken Pilsener 12-pack,Heineken,bier-wijn-aperitieven,"Bier, wijn, aperitieven",Pils blik,9.97,13.3,25.0,pakketkorting,,,2 stuks,,True,AHOO,,2026-08-02,2026-08-02,,True,AH,https://www.ah.nl/producten/product/wi606648,2026-08-02,Heineken Pilsener 12-pack,beer-wine aperitifs
610153,0,Leffe Blond 0.0% 24-pack,Leffe,bier-wijn-aperitieven,"Bier, wijn, aperitieven","Alcoholvrij blond, dubbel, tripel",18.62,26.6,30.0,30% volume voordeel,,,4 stuks,,True,AHOO,30% volume voordeel,2026-08-02,2026-08-02,,True,AH,https://www.ah.nl/producten/product/wi610153,2026-08-02,Leffe Blonde 0.0% 24-pack,beer-wine aperitifs
615849,0,Grange de Malivet Grange de Malivet Chardonnay 4 flessen,Grange de Malivet,bier-wijn-aperitieven,"Bier, wijn, aperitieven",Chardonnay (Vol en droog),19.95,26.6,25.0,pakketkorting,,,4 stuks,,True,AHOO,,2026-08-02,2026-08-02,,True,AH,https://www.ah.nl/producten/product/wi615849,2026-08-02,Grange de Malivet Grange de Malivet Chardonnay 4 bottles,beer-wine aperitifs
458921,668941,AH Biologisch Pinot grigio,AH Biologisch,bier-wijn-aperitieven,"Bier, wijn, aperitieven",Pinot Grigio (Fris en droog),4.99,4.99,,,,,"0,75 l",prijs per liter €6.65,False,,,,,,True,AH,https://www.ah.nl/producten/product/wi458921,2026-08-02,AH Organic Pinot Grigio,beer-wine aperitifs
590462,36601,Royal Club Pink grapefruit 0% suiker,Royal Club,bier-wijn-aperitieven,"Frisdrank, sappen, water",Craft en speciaal fris,1.875,2.49,24.7,2 voor 3.75,3.75,2.0,1 l,normale prijs per liter €2.49,True,AH,2 VOOR 3.75,2026-07-27,2026-08-02,C,True,AH,https://www.ah.nl/producten/product/wi590462,2026-08-02,Royal Club Pink grapefruit 0% sugar,beer-wine aperitifs
409165,853880,Heineken Premium pilsener 0.0 6-pack,Heineken,bier-wijn-aperitieven,"Bier, wijn, aperitieven",Alcoholvrij pils,6.65,6.65,,1 + 1 GRATIS,,1.0,"6 x 0,33 l",normale prijs per liter €3.36,True,AH,1 + 1 GRATIS,2026-07-27,2026-08-02,B,True,AH,https://www.ah.nl/producten/product/wi409165,2026-08-02,Heineken Premium pilsner 0.0 6-pack,beer-wine aperitifs
606649,0,Heineken Premium pilsener 0.0 12-pack,Heineken,bier-wijn-aperitieven,"Bier, wijn, aperitieven",Alcoholvrij pils,6.65,13.3,50.0,pakketkorting,,,2 stuks,,True,AHOO,,2026-08-02,2026-08-02,,True,AH,https://www.ah.nl/producten/product/wi606649,2026-08-02,Heineken Premium pilsner 0.0 12-pack,beer-wine aperitifs
617582,0,AH Biologisch Pinot grigio 6 flessen,AH Biologisch,bier-wijn-aperitieven,"Bier, wijn, aperitieven",Pinot Grigio (Fris en droog),26.95,29.94,10.0,10% volume voordeel,,,6 stuks,,True,AHOO,10% volume voordeel,2026-08-02,2999-12-31,,True,AH,https://www.ah.nl/producten/product/wi617582,2026-08-02,AH Organic Pinot Grigio 6 bottles,beer-wine aperitifs
617581,0,AH Biologisch Pinot grigio 4 flessen,AH Biologisch,bier-wijn-aperitieven,"Bier, wijn, aperitieven",Pinot Grigio (Fris en droog),18.96,19.96,5.0,5% volume voordeel,,,4 stuks,,True,AHOO,5% volume voordeel,2026-08-02,2999-12-31,,True,AH,https://www.ah.nl/producten/product/wi617581,2026-08-02,AH Organic Pinot Grigio 4 bottles,beer-wine aperitifs
518871,557746,Royal Club Rose lemonade 0% suiker,Royal Club,bier-wijn-aperitieven,"Frisdrank, sappen, water",Craft en speciaal fris,1.875,2.49,24.7,2 voor 3.75,3.75,2.0,1 l,normale prijs per liter €2.49,True,AH,2 VOOR 3.75,2026-07-27,2026-08-02,C,True,AH,https://www.ah.nl/producten/product/wi518871,2026-08-02,Royal Club Rose lemonade 0% sugar,beer-wine aperitifs
591212,38191,Stëlz Hard iced tea 12-pack,Stëlz,bier-wijn-aperitieven,"Bier, wijn, aperitieven",Seltzers,16.87,22.49,25.0,25% korting,,,"12 x 0,25 l",normale prijs per liter €7.50,True,AH,25% korting,2026-07-27,2026-08-02,,True,AH,https://www.ah.nl/producten/product/wi591212,2026-08-02,Stëlz Hard iced tea 12-pack,beer-wine aperitifs
612705,0,Stelz Hard iced tea 24-pack,Stelz,bier-wijn-aperitieven,"Bier, wijn, aperitieven",Seltzers,33.73,44.98,25.0,pakketkorting,,,2 stuks,,True,AHOO,25% volume voordeel,2026-08-02,2026-08-02,,True,AH,https://www.ah.nl/producten/product/wi612705,2026-08-02,Stelz Hard iced tea 24-pack,beer-wine aperitifs
614582,0,Royal Club Pink grapefruit 0% suiker 4-pack,Royal Club,bier-wijn-aperitieven,"Frisdrank, sappen, water",Craft en speciaal fris,7.5,9.96,24.7,pakketkorting,,,4 stuks,,True,AHOO,,2026-08-02,2026-08-02,,True,AH,https://www.ah.nl/producten/product/wi614582,2026-08-02,Royal Club Pink grapefruit 0% sugar 4-pack,beer-wine aperitifs
614578,0,Royal Club Pink grapefruit 0% suiker 10-pack,Royal Club,bier-wijn-aperitieven,"Frisdrank, sappen, water",Craft en speciaal fris,18.75,24.9,24.7,pakketkorting,,,10 stuks,,True,AHOO,,2026-08-02,2026-08-02,,True,AH,https://www.ah.nl/producten/product/wi614578,2026-08-02,Royal Club Pink grapefruit 0% sugar 10-pack,beer-wine aperitifs
616037,0,AH Excellent Prosecco 4 flessen,AH Excellent,bier-wijn-aperitieven,"Bier, wijn, aperitieven",Prosecco droog,23.97,31.96,25.0,pakketkorting,,,4 stuks,,True,AHOO,,2026-08-02,2026-08-02,,True,AH,https://www.ah.nl/producten/product/wi616037,2026-08-02,AH Excellent Prosecco 4 bottles,beer-wine aperitifs
489167,742787,Brouwers Premium bier 6-pack,Brouwers,bier-wijn-aperitieven,"Bier, wijn, aperitieven",Pils blik,3.19,3.19,,,,,"6 x 0,33 l",prijs per liter €1.61,False,,,,,,True,AH,https://www.ah.nl/producten/product/wi489167,2026-08-02,Brewers Premium beer 6-pack,beer-wine aperitifs
614583,0,Royal Club Pink grapefruit 0% suiker 6-pack,Royal Club,bier-wijn-aperitieven,"Frisdrank, sappen, water",Craft en speciaal fris,11.25,14.94,24.7,pakketkorting,,,6 stuks,,True,AHOO,,2026-08-02,2026-08-02,,True,AH,https://www.ah.nl/producten/product/wi614583,2026-08-02,Royal Club Pink grapefruit 0% sugar 6-pack,beer-wine aperitifs
460092,712903,Liefmans On the rocks 0.0 4-pack,Liefmans,bier-wijn-aperitieven,"Bier, wijn, aperitieven","Alcoholvrij wit, weizen, radler",4.49,5.99,25.0,25% korting,,,"4 x 0,25 l",normale prijs per liter €5.99,True,AH,25% korting,2026-08-03,2026-08-09,D,True,AH,https://www.ah.nl/producten/product/wi460092,2026-08-02,Liefmans On the rocks 0.0 4-pack,beer-wine aperitifs
584140,26777,Kult Water kefir yuzu & mandarin,Kult,bier-wijn-aperitieven,"Frisdrank, sappen, water",Craft en speciaal fris,2.29,2.29,,,,,330 ml,prijs per liter €6.94,False,,,,,C,True,AH,https://www.ah.nl/producten/product/wi584140,2026-08-02,Kult Water kefir yuzu & mandarin,beer-wine aperitifs
614537,0,Royal Club Rose lemonade 0% suiker 4-pack,Royal Club,bier-wijn-aperitieven,"Frisdrank, sappen, water",Craft en speciaal fris,7.5,9.96,24.7,pakketkorting,,,4 stuks,,True,AHOO,,2026-08-02,2026-08-02,,True,AH,https://www.ah.nl/producten/product/wi614537,2026-08-02,Royal Club Rose lemonade 0% sugar 4-pack,beer-wine aperitifs
160809,627616,Lindeman's South africa sauvignon blanc chardonnay,Lindeman's,bier-wijn-aperitieven,"Bier, wijn, aperitieven",Sauvignon Blanc (Fris en droog),5.29,5.29,,,,,"0,75 l",prijs per liter €7.05,False,,,,,,True,AH,https://www.ah.nl/producten/product/wi160809,2026-08-02,Lindeman's South Africa Sauvignon Blanc Chardonnay,beer-wine aperitifs
623905,0,Liefmans Liefmans On the rocks 0.0 8-pack,Liefmans,bier-wijn-aperitieven,"Bier, wijn, aperitieven","Alcoholvrij wit, weizen, radler",11.38,11.98,5.0,5% volume voordeel,,,2 stuks,,True,AHOO,5% volume voordeel,2026-08-02,2026-08-02,,True,AH,https://www.ah.nl/producten/product/wi623905,2026-08-02,Liefmans Liefmans On the rocks 0.0 8-pack,beer-wine aperitifs
623946,0,Liefmans Liefmans On the rocks 0.0 16-pack,Liefmans,bier-wijn-aperitieven,"Bier, wijn, aperitieven","Alcoholvrij wit, weizen, radler",21.56,23.96,10.0,10% volume voordeel,,,4 stuks,,True,AHOO,10% volume voordeel,2026-08-02,2026-08-02,,True,AH,https://www.ah.nl/producten/product/wi623946,2026-08-02,Liefmans Liefmans On the rocks 0.0 16-pack,beer-wine aperitifs
614533,0,Royal Club Rose lemonade 0% suiker 10-pack,Royal Club,bier-wijn-aperitieven,"Frisdrank, sappen, water",Craft en speciaal fris,18.75,24.9,24.7,pakketkorting,,,10 stuks,,True,AHOO,,2026-08-02,2026-08-02,,True,AH,https://www.ah.nl/producten/product/wi614533,2026-08-02,Royal Club Rose lemonade 0% suiker 10-pack,beer-wine aperitifs
170811,757617,Corona Extra bier 6-pack,Corona,bier-wijn-aperitieven,"Bier, wijn, aperitieven",Mexicaans bier,7.49,9.99,25.0,25% korting,,,"6 x 0,33 l",normale prijs per liter €5.05,True,AH,25% korting,2026-07-27,2026-08-02,,True,AH,https://www.ah.nl/producten/product/wi170811,2026-08-02,Corona Extra beer 6-pack,beer-wine aperitifs
584746,0,Lindeman's South africa chardonnay 6 flessen,Lindeman's,bier-wijn-aperitieven,"Bier, wijn, aperitieven",Sauvignon Blanc (Fris en droog),28.57,31.74,10.0,10% volume voordeel,,,6 stuks,,True,AHOO,10% volume voordeel,2026-08-02,2999-12-31,,True,AH,https://www.ah.nl/producten/product/wi584746,2026-08-02,Lindeman's South Africa chardonnay 6 bottles,beer-wine aperitifs
616348,0,Settesoli Settesoli Pinot grigio 4 flessen,Settesoli,bier-wijn-aperitieven,"Bier, wijn, aperitieven",Pinot Grigio (Fris en droog),22.76,23.96,5.0,5% volume voordeel,,,4 stuks,,True,AHOO,5% volume voordeel,2026-08-02,2026-08-02,,True,AH,https://www.ah.nl/producten/product/wi616348,2026-08-02,Settesoli Settesoli Pinot grigio 4 bottles,beer-wine aperitifs
460362,712912,Brand IPA 0.0 6-pack,Brand,bier-wijn-aperitieven,"Bier, wijn, aperitieven",Alcoholvrij IPA,9.19,9.19,,1 + 1 GRATIS,,1.0,"6 x 0,3 l",normale prijs per liter €5.11,True,AH,1 + 1 GRATIS,2026-07-27,2026-08-02,C,True,AH,https://www.ah.nl/producten/product/wi460362,2026-08-02,Brand IPA 0.0 6-pack,beer-wine aperitifs
591857,0,Brand IPA 0.0 speciaalbier 2-pack,Brand,bier-wijn-aperitieven,"Bier, wijn, aperitieven",Alcoholvrij IPA,9.19,18.38,50.0,pakketkorting,,,2 stuks,,True,AHOO,,2026-08-02,2026-08-02,,True,AH,https://www.ah.nl/producten/product/wi591857,2026-08-02,Brand IPA 0.0 specialty beer 2-pack,beer-wine aperitifs
614538,0,Royal Club Rose lemonade 0% suiker 6-pack,Royal Club,bier-wijn-aperitieven,"Frisdrank, sappen, water",Craft en speciaal fris,11.25,14.94,24.7,pakketkorting,,,6 stuks,,True,AHOO,,2026-08-02,2026-08-02,,True,AH,https://www.ah.nl/producten/product/wi614538,2026-08-02,Royal Club Rose lemonade 0% sugar 6-pack,beer-wine aperitifs
616298,0,Mesta Mesta Verdejo Organic 4 flessen,Mesta,bier-wijn-aperitieven,"Bier, wijn, aperitieven",Verdejo (Fris en droog),20.86,21.96,5.0,5% volume voordeel,,,4 stuks,,True,AHOO,5% volume voordeel,2026-08-02,2999-12-31,,True,AH,https://www.ah.nl/producten/product/wi616298,2026-08-02,Mesta Mesta Verdejo Organic 4 bottles,beer-wine aperitifs
616230,0,Hey you Hey you Rosé 4 flessen,Hey you,bier-wijn-aperitieven,"Bier, wijn, aperitieven",Droge rosé,18.96,19.96,5.0,5% volume voordeel,,,4 stuks,,True,AHOO,5% volume voordeel,2026-08-02,2999-12-31,,True,AH,https://www.ah.nl/producten/product/wi616230,2026-08-02,Hey you Hey you Rosé 4 bottles,beer-wine aperitifs
623965,0,Corona Extra bier 12-pack,Corona,bier-wijn-aperitieven,"Bier, wijn, aperitieven",Mexicaans bier,14.98,19.98,25.0,pakketkorting,,,2 stuks,,True,AHOO,,2026-08-02,2026-08-02,,True,AH,https://www.ah.nl/producten/product/wi623965,2026-08-02,Corona Extra beer 12-pack,beer-wine aperitifs
623966,0,Corona Extra bier 24-pack,Corona,bier-wijn-aperitieven,"Bier, wijn, aperitieven",Mexicaans bier,29.97,39.96,25.0,pakketkorting,,,4 stuks,,True,AHOO,25% volume voordeel,2026-08-02,2026-08-02,,True,AH,https://www.ah.nl/producten/product/wi623966,2026-08-02,Corona Extra beer 24-pack,beer-wine aperitifs
211425,827075,Weihenstephaner Hefeweissbier 0.5%,Weihenstephaner,bier-wijn-aperitieven,"Bier, wijn, aperitieven","Alcoholvrij wit, weizen, radler",1.59,1.59,,,,,"0,5 l",prijs per liter €3.18,False,,,,,B,True,AH,https://www.ah.nl/producten/product/wi211425,2026-08-02,Weihenstephaner Hefeweissbier 0.5%,beer-wine aperitifs
174971,768222,Syoss Men power shampoo,Syoss,drogisterij,Drogisterij,Shampoo alle haartypes,7.49,7.49,,1 + 1 GRATIS,,1.0,440 ml,normale prijs per liter €17.02,True,AH,1 + 1 GRATIS,2026-07-27,2026-08-02,,True,AH,https://www.ah.nl/producten/product/wi174971,2026-08-02,Syoss Men power shampoo,drugstore
550354,65444,Biodermal Ultralichte zon gel-crème spf50+,Biodermal,drogisterij,Drogisterij,Zonnebrandcreme,44.99,44.99,,1 + 1 GRATIS,,1.0,200 ml,normale prijs per liter €224.95,True,AH,1 + 1 GRATIS,2026-07-27,2026-08-02,,True,AH,https://www.ah.nl/producten/product/wi550354,2026-08-02,Biodermal Ultra-light sun gel-cream spf50+,drugstore
211047,806464,Aquafresh Fresh & minty bescherming tandpasta,Aquafresh,drogisterij,Drogisterij,Tandpasta frisse adem,2.39,2.39,,,,,75 ml,prijs per liter €31.87,False,,,,,,True,AH,https://www.ah.nl/producten/product/wi211047,2026-08-02,Aquafresh Fresh & minty protection toothpaste,drugstore
611908,0,Aquafresh Fresh & minty bescherming tandpasta 2pck,Aquafresh,drogisterij,Drogisterij,Tandpasta frisse adem,4.06,4.78,15.0,15% volume voordeel,,,2 stuks,,True,AHOO,15% volume voordeel,2026-08-02,2999-12-31,,True,AH,https://www.ah.nl/producten/product/wi611908,2026-08-02,Aquafresh Fresh & minty protection toothpaste 2pck,drugstore
611909,0,Aquafresh Fresh & minty bescherming tandpasta 4pck,Aquafresh,drogisterij,Drogisterij,Tandpasta frisse adem,7.65,9.56,20.0,20% volume voordeel,,,4 stuks,,True,AHOO,20% volume voordeel,2026-08-02,2999-12-31,,True,AH,https://www.ah.nl/producten/product/wi611909,2026-08-02,Aquafresh Fresh & minty protection toothpaste 4pck,drugstore
571342,12500,Biodermal Ultralichte zonnefluide gezicht spf50,Biodermal,drogisterij,Drogisterij,Zonnebrand gezicht,27.99,27.99,,1 + 1 GRATIS,,1.0,40 ml,normale prijs per liter €699.75,True,AH,1 + 1 GRATIS,2026-07-27,2026-08-02,,True,AH,https://www.ah.nl/producten/product/wi571342,2026-08-02,Biodermal Ultralight sunscreen facial spf50,drugstore
611910,0,Aquafresh Fresh & minty bescherming tandpasta 6pck,Aquafresh,drogisterij,Drogisterij,Tandpasta frisse adem,10.75,14.34,25.0,25% volume voordeel,,,6 stuks,,True,AHOO,25% volume voordeel,2026-08-02,2999-12-31,,True,AH,https://www.ah.nl/producten/product/wi611910,2026-08-02,Aquafresh Fresh & minty protection toothpaste 6pcs,drugstore
553430,579424,Prodent Cool mint tandpasta,Prodent,drogisterij,Drogisterij,Tandpasta frisse adem,1.85,1.85,,1 + 1 gratis,,1.0,75 ml,normale prijs per liter €24.67,True,AH,1 + 1 gratis,2026-08-03,2026-08-09,,True,AH,https://www.ah.nl/producten/product/wi553430,2026-08-02,Prodent Cool mint toothpaste,drugstore
590443,0,Prodent Cool mint tandpasta 4-pack,Prodent,drogisterij,Drogisterij,Tandpasta frisse adem,5.18,7.4,30.0,30% volume voordeel,,,4 stuks,,True,AHOO,30% volume voordeel,2026-08-02,2026-08-02,,True,AH,https://www.ah.nl/producten/product/wi590443,2026-08-02,Prodent Cool mint toothpaste 4-pack,drugstore
608767,0,Prodent Cool mint tandpasta 2-pack,Prodent,drogisterij,Drogisterij,Tandpasta frisse adem,2.77,3.7,25.0,25% volume voordeel,,,2 stuks,,True,AHOO,25% volume voordeel,2026-08-02,2026-08-02,,True,AH,https://www.ah.nl/producten/product/wi608767,2026-08-02,Prodent Cool mint toothpaste 2-pack,drugstore
608768,0,Prodent Cool mint tandpasta 6-pack,Prodent,drogisterij,Drogisterij,Tandpasta frisse adem,6.66,11.1,40.0,40% volume voordeel,,,6 stuks,,True,AHOO,40% volume voordeel,2026-08-02,2026-08-02,,True,AH,https://www.ah.nl/producten/product/wi608768,2026-08-02,Prodent Cool mint toothpaste 6-pack,drugstore
600499,51926,Care Almond soft hand soap,Care,drogisterij,Drogisterij,Vloeibare zeep,1.15,1.15,,,,,"0,5 l",prijs per liter €2.30,False,,,,,,True,AH,https://www.ah.nl/producten/product/wi600499,2026-08-02,Care Almond soft hand soap,drugstore
600132,51721,Care Cotton pads,Care,drogisterij,Drogisterij,Watten & wattenstaafjes,0.85,0.85,,,,,140 stuks,,False,,,,,,True,AH,https://www.ah.nl/producten/product/wi600132,2026-08-02,Care Cotton pads,drugstore
600133,51722,Care Cotton buds,Care,drogisterij,Drogisterij,Watten & wattenstaafjes,0.95,0.95,,,,,300 stuks,,False,,,,,,True,AH,https://www.ah.nl/producten/product/wi600133,2026-08-02,Care Cotton buds,drugstore
177112,771759,Elmex Junior tandpasta 5-12 jaar,Elmex,drogisterij,Drogisterij,Kindertandpasta,3.75,3.75,,1 + 1 gratis,,1.0,75 ml,normale prijs per liter €50.00,True,AH,1 + 1 gratis,2026-08-03,2026-08-09,,True,AH,https://www.ah.nl/producten/product/wi177112,2026-08-02,Elmex Junior toothpaste 5-12 years,drugstore
600492,51918,Care Almond soft hand soap refill,Care,drogisterij,Drogisterij,Vloeibare zeep,1.05,1.05,,,,,"0,5 l",prijs per liter €2.10,False,,,,,,True,AH,https://www.ah.nl/producten/product/wi600492,2026-08-02,Care Almond soft hand soap refill,drugstore
172058,110202156, Wattenstaafjes hout,,drogisterij,Drogisterij,Watten & wattenstaafjes,0.69,0.69,,,,,100 stuks,,False,,,,,,True,ETOS,https://www.ah.nl/producten/product/wi172058,2026-08-02,Cotton swabs wood,drugstore
384970,844653,Oral-B 3D White luxe perfection tandpasta,Oral-B,drogisterij,Drogisterij,Tandpasta witte tanden,5.49,5.49,,1 + 1 gratis,,1.0,75 ml,normale prijs per liter €73.20,True,AH,1 + 1 gratis,2026-08-03,2026-08-09,,True,AH,https://www.ah.nl/producten/product/wi384970,2026-08-02,Oral-B 3D White luxury perfection toothpaste,drugstore
605870,0,Oral-B 3D White luxe perfection 4-pack,Oral-B,drogisterij,Drogisterij,Tandpasta witte tanden,15.37,21.96,30.0,30% volume voordeel,,,4 stuks,,True,AHOO,30% volume voordeel,2026-08-02,2026-08-02,,True,AH,https://www.ah.nl/producten/product/wi605870,2026-08-02,Oral-B 3D White luxury perfection 4-pack,drugstore
623028,0,Oral-B 3D White luxe perfection tandpasta 2pack,Oral-B,drogisterij,Drogisterij,Tandpasta witte tanden,9.33,10.98,15.0,15% volume voordeel,,,2 stuks,,True,AHOO,15% volume voordeel,2026-08-02,2026-08-02,,True,AH,https://www.ah.nl/producten/product/wi623028,2026-08-02,Oral-B 3D White luxury perfection toothpaste 2pack,drugstore
623029,0,Oral-B 3D White luxe perfection tandpasta 6pack,Oral-B,drogisterij,Drogisterij,Tandpasta witte tanden,18.12,32.94,45.0,45% volume voordeel,,,6 stuks,,True,AHOO,45% volume voordeel,2026-08-02,2026-08-02,,True,AH,https://www.ah.nl/producten/product/wi623029,2026-08-02,Oral-B 3D White luxury perfection toothpaste 6pack,drugstore
80823,587108,Dove Original deodorant spray,Dove,drogisterij,Drogisterij,Deospray vrouwen,5.29,5.29,,1 + 1 gratis,,1.0,150 ml,normale prijs per liter €35.27,True,AH,1 + 1 gratis,2026-08-03,2026-08-09,,True,AH,https://www.ah.nl/producten/product/wi80823,2026-08-02,Dove Original deodorant spray,drugstore
608662,0,Dove Original deodorant spray 2-pack,Dove,drogisterij,Drogisterij,Deospray vrouwen,7.93,10.58,25.0,25% volume voordeel,,,2 stuks,,True,AHOO,25% volume voordeel,2026-08-02,2026-08-02,,True,AH,https://www.ah.nl/producten/product/wi608662,2026-08-02,Dove Original deodorant spray 2-pack,drugstore
608664,0,Dove Original deodorant spray 6-pack,Dove,drogisterij,Drogisterij,Deospray vrouwen,19.04,31.74,40.0,40% volume voordeel,,,6 stuks,,True,AHOO,40% volume voordeel,2026-08-02,2026-08-02,,True,AH,https://www.ah.nl/producten/product/wi608664,2026-08-02,Dove Original deodorant spray 6-pack,drugstore
608663,0,Dove Original deodorant spray 4-pack,Dove,drogisterij,Drogisterij,Deospray vrouwen,14.81,21.16,30.0,30% volume voordeel,,,4 stuks,,True,AHOO,30% volume voordeel,2026-08-02,2026-08-02,,True,AH,https://www.ah.nl/producten/product/wi608663,2026-08-02,Dove Original deodorant spray 4-pack,drugstore
209280,804353,Prodent Tandpasta freshgel,Prodent,drogisterij,Drogisterij,Tandpasta frisse adem,2.55,2.55,,1 + 1 gratis,,1.0,75 ml,normale prijs per liter €34.00,True,AH,1 + 1 gratis,2026-08-03,2026-08-09,,True,AH,https://www.ah.nl/producten/product/wi209280,2026-08-02,Prodent Toothpaste freshgel,drugstore
224830,818327,Dove Men+care clean comfort deodorant spray,Dove,drogisterij,Drogisterij,Deospray mannen,5.39,5.39,,1 + 1 gratis,,1.0,150 ml,normale prijs per liter €35.93,True,AH,1 + 1 gratis,2026-08-03,2026-08-09,,True,AH,https://www.ah.nl/producten/product/wi224830,2026-08-02,Dove Men+care clean comfort deodorant spray,drugstore
608772,0,Prodent Tandpasta freshgel 2-pack,Prodent,drogisterij,Drogisterij,Tandpasta frisse adem,3.82,5.1,25.0,25% volume voordeel,,,2 stuks,,True,AHOO,25% volume voordeel,2026-08-02,2026-08-02,,True,AH,https://www.ah.nl/producten/product/wi608772,2026-08-02,Prodent Toothpaste freshgel 2-pack,drugstore
608773,0,Prodent Tandpasta freshgel 4-pack,Prodent,drogisterij,Drogisterij,Tandpasta frisse adem,7.14,10.2,30.0,30% volume voordeel,,,4 stuks,,True,AHOO,30% volume voordeel,2026-08-02,2026-08-02,,True,AH,https://www.ah.nl/producten/product/wi608773,2026-08-02,Prodent Toothpaste freshgel 4-pack,drugstore
608774,0,Prodent Tandpasta freshgel 6-pack,Prodent,drogisterij,Drogisterij,Tandpasta frisse adem,9.18,15.3,40.0,40% volume voordeel,,,6 stuks,,True,AHOO,40% volume voordeel,2026-08-02,2026-08-02,,True,AH,https://www.ah.nl/producten/product/wi608774,2026-08-02,Prodent Toothpaste freshgel 6-pack,drugstore
177757,644718,Unicura Balans antibacterieel handzeep,Unicura,drogisterij,Drogisterij,Vloeibare zeep,3.09,3.09,,,,,250 ml,prijs per liter €12.36,False,,,,,,True,AH,https://www.ah.nl/producten/product/wi177757,2026-08-02,Unicura Balance antibacterial hand soap,drugstore
608643,0,Dove Men+care clean comfort deodorant 6-pack,Dove,drogisterij,Drogisterij,Deospray mannen,19.4,32.34,40.0,40% volume voordeel,,,6 stuks,,True,AHOO,40% volume voordeel,2026-08-02,2026-08-02,,True,AH,https://www.ah.nl/producten/product/wi608643,2026-08-02,Dove Men+care clean comfort deodorant 6-pack,drugstore
608641,0,Dove Men+care clean comfort deodorant 2-pack,Dove,drogisterij,Drogisterij,Deospray mannen,8.08,10.78,25.0,25% volume voordeel,,,2 stuks,,True,AHOO,25% volume voordeel,2026-08-02,2026-08-02,,True,AH,https://www.ah.nl/producten/product/wi608641,2026-08-02,Dove Men+care clean comfort deodorant 2-pack,drugstore
608642,0,Dove Men+care clean comfort deodorant 4-pack,Dove,drogisterij,Drogisterij,Deospray mannen,15.09,21.56,30.0,30% volume voordeel,,,4 stuks,,True,AHOO,30% volume voordeel,2026-08-02,2026-08-02,,True,AH,https://www.ah.nl/producten/product/wi608642,2026-08-02,Dove Men+care clean comfort deodorant 4-pack,drugstore
187203,111183364,Etos Ovale maxi wattenschijfjes,Etos,drogisterij,Drogisterij,Watten & wattenstaafjes,0.95,0.95,,,,,50 stuks,,False,,,,,,True,ETOS,https://www.ah.nl/producten/product/wi187203,2026-08-02,Etos Ovale maxi cotton pads,drugstore
42616,581866,Gillette Gevoelige huid scheergel,Gillette,drogisterij,Drogisterij,Scheerschuim en scheergel,3.55,3.55,,,,,200 ml,prijs per liter €17.75,False,,,,,,True,AH,https://www.ah.nl/producten/product/wi42616,2026-08-02,Gillette Sensitive Skin Shaving Gel,drugstore
586592,0,Gillette Gevoelige huid scheergel 4-pack,Gillette,drogisterij,Drogisterij,Tandpasta gevoelige tanden,8.52,14.2,40.0,40% volume voordeel,,,4 stuks,,True,AHOO,40% volume voordeel,2026-08-02,2999-12-31,,True,AH,https://www.ah.nl/producten/product/wi586592,2026-08-02,Gillette Sensitive skin shaving gel 4-pack,drugstore
406458,852354,Elmex Sensitive tandpasta,Elmex,drogisterij,Drogisterij,Tandpasta gevoelige tanden,3.49,3.49,,1 + 1 gratis,,1.0,75 ml,normale prijs per liter €46.53,True,AH,1 + 1 gratis,2026-08-03,2026-08-09,,True,AH,https://www.ah.nl/producten/product/wi406458,2026-08-02,Elmex Sensitive toothpaste,drugstore
417953,689228,Parodontax Original tandpasta,Parodontax,drogisterij,Drogisterij,Tandpasta sterke tanden,5.55,5.55,,,,,75 ml,prijs per liter €74.00,False,,,,,,True,AH,https://www.ah.nl/producten/product/wi417953,2026-08-02,Parodontax Original toothpaste,drugstore
611971,0,Parodontax Original tandpasta 2-pack,Parodontax,drogisterij,Drogisterij,Tandpasta sterke tanden,9.99,11.1,10.0,10% volume voordeel,,,2 stuks,,True,AHOO,10% volume voordeel,2026-08-02,2999-12-31,,True,AH,https://www.ah.nl/producten/product/wi611971,2026-08-02,Parodontax Original toothpaste 2-pack,drugstore
595195,43814,Andrélon Iedere dag shampoo,Andrélon,drogisterij,Drogisterij,Shampoo alle haartypes,6.45,6.45,,1 + 1 gratis,,1.0,400 ml,normale prijs per liter €16.13,True,AH,1 + 1 gratis,2026-08-03,2026-08-09,,True,AH,https://www.ah.nl/producten/product/wi595195,2026-08-02,Andrélon Shampoo every day,drugstore
608546,0,Andrélon Iedere dag shampoo 2-pack,Andrélon,drogisterij,Drogisterij,Shampoo alle haartypes,9.67,12.9,25.0,25% volume voordeel,,,2 stuks,,True,AHOO,25% volume voordeel,2026-08-02,2026-08-02,,True,AH,https://www.ah.nl/producten/product/wi608546,2026-08-02,Andrélon Iedere dag shampoo 2-pack,drugstore
608548,0,Andrélon Iedere dag shampoo 6-pack,Andrélon,drogisterij,Drogisterij,Shampoo alle haartypes,61.34,102.24,40.0,40% volume voordeel,,,6 stuks,,True,AHOO,40% volume voordeel,2026-08-02,2026-08-02,,True,AH,https://www.ah.nl/producten/product/wi608548,2026-08-02,Andrélon Every day shampoo 6-pack,drugstore
613383,0,Unicura Balans antibacterieel handzeep 4-pack,Unicura,drogisterij,Drogisterij,Vloeibare zeep,8.65,12.36,30.0,30% volume voordeel,,,4 stuks,,True,AHOO,30% volume voordeel,2026-08-02,2999-12-31,,True,AH,https://www.ah.nl/producten/product/wi613383,2026-08-02,Unicura Balans antibacterieel handzeep 4-pack,drugstore
608547,0,Andrélon Iedere dag shampoo 4-pack,Andrélon,drogisterij,Drogisterij,Shampoo alle haartypes,47.71,68.16,30.0,30% volume voordeel,,,4 stuks,,True,AHOO,30% volume voordeel,2026-08-02,2026-08-02,,True,AH,https://www.ah.nl/producten/product/wi608547,2026-08-02,Andrélon Every day shampoo 4-pack,drugstore
611972,0,Parodontax Original tandpasta 4-pack,Parodontax,drogisterij,Drogisterij,Tandpasta sterke tanden,18.87,22.2,15.0,15% volume voordeel,,,4 stuks,,True,AHOO,15% volume voordeel,2026-08-02,2999-12-31,,True,AH,https://www.ah.nl/producten/product/wi611972,2026-08-02,Parodontax Original toothpaste 4-pack,drugstore
600501,51928,Care Mint hygiene hand soap,Care,drogisterij,Drogisterij,Vloeibare zeep,1.15,1.15,,,,,"0,5 l",prijs per liter €2.30,False,,,,,,True,AH,https://www.ah.nl/producten/product/wi600501,2026-08-02,Care Mint hygiene hand soap,drugstore
611973,0,Parodontax Original tandpasta 6-pack,Parodontax,drogisterij,Drogisterij,Tandpasta sterke tanden,26.64,33.3,20.0,20% volume voordeel,,,6 stuks,,True,AHOO,20% volume voordeel,2026-08-02,2999-12-31,,True,AH,https://www.ah.nl/producten/product/wi611973,2026-08-02,Parodontax Original toothpaste 6-pack,drugstore
550545,586021,Oral-B Pro-expert intense reiniging tandpasta,Oral-B,drogisterij,Drogisterij,Tandpasta sterke tanden,4.89,4.89,,1 + 1 gratis,,1.0,75 ml,normale prijs per liter €65.20,True,AH,1 + 1 gratis,2026-08-03,2026-08-09,,True,AH,https://www.ah.nl/producten/product/wi550545,2026-08-02,Oral-B Pro-expert intense cleaning toothpaste,drugstore
605878,0,Oral-B Pro-expert reiniging tandpasta 4-pack,Oral-B,drogisterij,Drogisterij,Tandpasta sterke tanden,13.69,19.56,30.0,30% volume voordeel,,,4 stuks,,True,AHOO,30% volume voordeel,2026-08-02,2026-08-02,,True,AH,https://www.ah.nl/producten/product/wi605878,2026-08-02,Oral-B Pro-expert cleaning toothpaste 4-pack,drugstore
476232,728650,Care Inlegkruisjes long,Care,drogisterij,Drogisterij,Inlegkruisjes,1.05,1.05,,,,,32 stuks,,False,,,,,,True,AH,https://www.ah.nl/producten/product/wi476232,2026-08-02,Care panty liners long,drugstore
623036,0,Oral-B Pro-expert inten reiniging tandpasta 2pk,Oral-B,drogisterij,Drogisterij,Tandpasta sterke tanden,8.31,9.78,15.0,15% volume voordeel,,,2 stuks,,True,AHOO,15% volume voordeel,2026-08-02,2026-08-02,,True,AH,https://www.ah.nl/producten/product/wi623036,2026-08-02,Oral-B Pro-expert intensive cleaning toothpaste 2pk,drugstore
623037,0,Oral-B Pro-expert inten reiniging tandpasta 6pk,Oral-B,drogisterij,Drogisterij,Tandpasta sterke tanden,16.14,29.34,45.0,45% volume voordeel,,,6 stuks,,True,AHOO,45% volume voordeel,2026-08-02,2026-08-02,,True,AH,https://www.ah.nl/producten/product/wi623037,2026-08-02,Oral-B Pro-expert intensive cleaning toothpaste 6pk,drugstore
595228,43860,Andrélon Oil & care conditioner,Andrélon,drogisterij,Drogisterij,Conditioner,4.99,4.99,,1 + 1 gratis,,1.0,200 ml,normale prijs per liter €24.95,True,AH,1 + 1 gratis,2026-08-03,2026-08-09,,True,AH,https://www.ah.nl/producten/product/wi595228,2026-08-02,Andrélon Oil & care conditioner,drugstore
608558,0,Andrélon Oil & care conditioner 2-pack,Andrélon,drogisterij,Drogisterij,Conditioner,7.48,9.98,25.0,25% volume voordeel,,,2 stuks,,True,AHOO,25% volume voordeel,2026-08-02,2026-08-02,,True,AH,https://www.ah.nl/producten/product/wi608558,2026-08-02,Andrélon Oil & care conditioner 2-pack,drugstore
608559,0,Andrélon Oil & care conditioner 4-pack,Andrélon,drogisterij,Drogisterij,Conditioner,13.97,19.96,30.0,30% volume voordeel,,,4 stuks,,True,AHOO,30% volume voordeel,2026-08-02,2026-08-02,,True,AH,https://www.ah.nl/producten/product/wi608559,2026-08-02,Andrélon Oil & care conditioner 4-pack,drugstore
608560,0,Andrélon Oil & care conditioner 6-pack,Andrélon,drogisterij,Drogisterij,Conditioner,17.96,29.94,40.0,40% volume voordeel,,,6 stuks,,True,AHOO,40% volume voordeel,2026-08-02,2026-08-02,,True,AH,https://www.ah.nl/producten/product/wi608560,2026-08-02,Andrélon Oil & care conditioner 6-pack,drugstore
175606,795830,Jordan Dental sticks fluoride mint extra thin,Jordan,drogisterij,Drogisterij,Tandenstokers,1.74,3.49,50.0,50% korting,,,105 stuks,,True,AH,50% korting,2026-08-03,2026-08-09,,True,AH,https://www.ah.nl/producten/product/wi175606,2026-08-02,Jordan Dental sticks fluoride mint extra thin,drugstore
600500,51927,Care Lemon kitchen hand soap,Care,drogisterij,Drogisterij,Vloeibare zeep,1.15,1.15,,,,,"0,5 l",prijs per liter €2.30,False,,,,,,True,AH,https://www.ah.nl/producten/product/wi600500,2026-08-02,Care Lemon kitchen hand soap,drugstore
176354,640072,Dove Men+care clean comfort douchegel,Dove,drogisterij,Drogisterij,Douchegel voor mannen,5.99,5.99,,1 + 1 gratis,,1.0,400 ml,normale prijs per liter €14.98,True,AH,1 + 1 gratis,2026-08-03,2026-08-09,,True,AH,https://www.ah.nl/producten/product/wi176354,2026-08-02,Dove Men+care clean comfort shower gel,drugstore
214641,809687,Sensodyne Fresh mint tandpasta,Sensodyne,drogisterij,Drogisterij,Tandpasta frisse adem,4.29,4.29,,,,,75 ml,prijs per liter €57.20,False,,,,,,True,AH,https://www.ah.nl/producten/product/wi214641,2026-08-02,Sensodyne Fresh mint toothpaste,drugstore
608645,0,Dove Men+care clean comfort 400ML 2-pack,Dove,drogisterij,Drogisterij,Douchegel voor mannen,8.98,11.98,25.0,25% volume voordeel,,,2 stuks,,True,AHOO,25% volume voordeel,2026-08-02,2026-08-02,,True,AH,https://www.ah.nl/producten/product/wi608645,2026-08-02,Dove Men+care clean comfort 400ML 2-pack,drugstore
608647,0,Dove Men+care clean comfort 400ML 4-pack,Dove,drogisterij,Drogisterij,Douchegel voor mannen,16.77,23.96,30.0,30% volume voordeel,,,4 stuks,,True,AHOO,30% volume voordeel,2026-08-02,2026-08-02,,True,AH,https://www.ah.nl/producten/product/wi608647,2026-08-02,Dove Men+care clean comfort 400ML 4-pack,drugstore
177111,771757,Elmex Anti-cariës 0-5 jaar tandpasta,Elmex,drogisterij,Drogisterij,Kindertandpasta,3.99,3.99,,1 + 1 gratis,,1.0,75 ml,normale prijs per liter €53.20,True,AH,1 + 1 gratis,2026-08-03,2026-08-09,,True,AH,https://www.ah.nl/producten/product/wi177111,2026-08-02,Elmex Anti-caries 0-5 years toothpaste,drugstore
608649,0,Dove Men+care clean comfort 400ML 6-pack,Dove,drogisterij,Drogisterij,Douchegel voor mannen,21.56,35.94,40.0,40% volume voordeel,,,6 stuks,,True,AHOO,40% volume voordeel,2026-08-02,2026-08-02,,True,AH,https://www.ah.nl/producten/product/wi608649,2026-08-02,Dove Men+care clean comfort 400ML 6-pack,drugstore
56949,538267,Palmolive Naturals melk & amandel,Palmolive,drogisterij,Drogisterij,Vloeibare zeep,2.65,2.65,,,,,300 ml,prijs per liter €8.83,False,,,,,,True,AH,https://www.ah.nl/producten/product/wi56949,2026-08-02,Palmolive Naturals milk & almond,drugstore
600770,0,Unicura Balans antibacterieel handzeep 6-pack,Unicura,drogisterij,Drogisterij,Vloeibare zeep,11.12,18.54,40.0,40% volume voordeel,,,6 stuks,,True,AHOO,40% volume voordeel,2026-08-02,2999-12-31,,True,AH,https://www.ah.nl/producten/product/wi600770,2026-08-02,Unicura Balance antibacterial hand soap 6-pack,drugstore
612010,0,Sensodyne Fresh mint tandpasta 2-pack,Sensodyne,drogisterij,Drogisterij,Tandpasta frisse adem,7.72,8.58,10.0,10% volume voordeel,,,2 stuks,,True,AHOO,10% volume voordeel,2026-08-02,2999-12-31,,True,AH,https://www.ah.nl/producten/product/wi612010,2026-08-02,Sensodyne Fresh mint toothpaste 2-pack,drugstore
616645,0,Unicura Balans antibacterieel handzeep 2-pack,Unicura,drogisterij,Drogisterij,Vloeibare zeep,4.94,6.18,20.0,20% volume voordeel,,,2 stuks,,True,AHOO,20% volume voordeel,2026-08-02,2999-12-31,,True,AH,https://www.ah.nl/producten/product/wi616645,2026-08-02,Unicura Balans antibacterieel handzeep 2-pack,drugstore
220545,734947,NIVEA Reinigingsdoekjes droge/gevoelige huid,NIVEA,drogisterij,Drogisterij,Gezichtsreiniging vrouwen,4.99,4.99,,1 + 1 GRATIS,,1.0,25 stuks,,True,AH,1 + 1 GRATIS,2026-07-27,2026-08-02,,True,AH,https://www.ah.nl/producten/product/wi220545,2026-08-02,NIVEA Cleansing wipes for dry/sensitive skin,drugstore
612011,0,Sensodyne Fresh mint tandpasta 4-pack,Sensodyne,drogisterij,Drogisterij,Tandpasta frisse adem,14.59,17.16,15.0,15% volume voordeel,,,4 stuks,,True,AHOO,15% volume voordeel,2026-08-02,2999-12-31,,True,AH,https://www.ah.nl/producten/product/wi612011,2026-08-02,Sensodyne Fresh mint toothpaste 4-pack,drugstore
612012,0,Sensodyne Fresh mint tandpasta 6-pack,Sensodyne,drogisterij,Drogisterij,Tandpasta frisse adem,20.59,25.74,20.0,20% volume voordeel,,,6 stuks,,True,AHOO,20% volume voordeel,2026-08-02,2999-12-31,,True,AH,https://www.ah.nl/producten/product/wi612012,2026-08-02,Sensodyne Fresh mint toothpaste 6-pack,drugstore
477776,731510,Colgate Triple action extra whitening tandpasta,Colgate,drogisterij,Drogisterij,Tandpasta witte tanden,2.69,2.69,,,,,75 ml,prijs per liter €35.87,False,,,,,,True,AH,https://www.ah.nl/producten/product/wi477776,2026-08-02,Colgate Triple action extra whitening toothpaste,drugstore
611163,0,NIVEA Reinigingsdoekje droge/gevoelig huid 2pk,NIVEA,drogisterij,Drogisterij,Gezichtsreiniging vrouwen,4.99,9.98,50.0,pakketkorting,,,2 stuks,,True,AHOO,,2026-08-02,2026-08-02,,True,AH,https://www.ah.nl/producten/product/wi611163,2026-08-02,NIVEA Cleansing cloth dry/sensitive skin 2pk,drugstore
115590,818320,Axe Dark temptation deodorant bodyspray,Axe,drogisterij,Drogisterij,Deospray mannen,6.59,6.59,,1 + 1 gratis,,1.0,150 ml,normale prijs per liter €43.93,True,AH,1 + 1 gratis,2026-08-03,2026-08-09,,True,AH,https://www.ah.nl/producten/product/wi115590,2026-08-02,Ax Dark temptation deodorant body spray,drugstore
375414,855546,Canesten Gyno 1 zachte capsule,Canesten,gezondheid-en-sport,Gezondheid en sport,Vaginale infecties behandeling,17.99,17.99,,,,,1 stuks,,False,,,,,,True,AH,https://www.ah.nl/producten/product/wi375414,2026-08-02,Canesten Gyno 1 zachte capsule,health-and-sports
416805,628165,Canesten Gyno balance bacteriële vaginose,Canesten,gezondheid-en-sport,Gezondheid en sport,Vaginale infecties behandeling,16.99,16.99,,,,,7 stuks,,False,,,,,,True,AH,https://www.ah.nl/producten/product/wi416805,2026-08-02,Canesten Gyno balance bacterial vaginosis,health-and-sports
191239,793043,AH Paracetamol 500mg tabletten,AH,gezondheid-en-sport,Gezondheid en sport,Paracetamol,1.59,1.59,,,,,50 stuks,,False,,,,,,True,AH,https://www.ah.nl/producten/product/wi191239,2026-08-02,AH Paracetamol 500mg tablets,health-and-sports
211953,807037,AH Neusspray xylometazoline,AH,gezondheid-en-sport,Gezondheid en sport,Neusspray,3.99,3.99,,,,,10 ml,prijs per liter €399.00,False,,,,,,True,AH,https://www.ah.nl/producten/product/wi211953,2026-08-02,AH Nasal spray xylometazoline,health-and-sports
353155,793045,AH Ibuprofen 400mg omhulde tabletten,AH,gezondheid-en-sport,Gezondheid en sport,"Ibuprofen, nurofen",2.59,2.59,,,,,20 stuks,,False,,,,,,True,AH,https://www.ah.nl/producten/product/wi353155,2026-08-02,AH Ibuprofen 400mg coated tablets,health-and-sports
194260,855545,Canesten Gyno crème,Canesten,gezondheid-en-sport,Gezondheid en sport,Vaginale infecties behandeling,15.99,15.99,,,,,35 g,prijs per kg €456.86,False,,,,,,True,AH,https://www.ah.nl/producten/product/wi194260,2026-08-02,Canesten Gyno cream,health-and-sports
193438,589512,AA Drink High energy,AA Drink,gezondheid-en-sport,"Frisdrank, sappen, water",Sportdrank fles,1.29,1.29,,,,,"0,5 l",prijs per liter €2.58,False,,,,,E,True,AH,https://www.ah.nl/producten/product/wi193438,2026-08-02,AA Drink High energy,health-and-sports
599562,49420,AH Proteïne reep witte choco pistache,AH,gezondheid-en-sport,Tussendoortjes,Proteïnerepen,1.35,1.35,,,,,50 g,prijs per kg €27.00,False,,,,,C,True,AH,https://www.ah.nl/producten/product/wi599562,2026-08-02,AH Protein bar white chocolate pistachio,health-and-sports
560850,35192,AH Protein bar white choco pinda karamel,AH,gezondheid-en-sport,Tussendoortjes,Proteïnerepen,1.59,1.59,,,,,55 g,prijs per kg €28.91,False,,,,,D,True,AH,https://www.ah.nl/producten/product/wi560850,2026-08-02,AH Protein bar white choco peanut caramel,health-and-sports
560851,596429,AH Protein bar melk choco pinda karamel,AH,gezondheid-en-sport,Tussendoortjes,Proteïnerepen,1.59,1.59,,,,,55 g,prijs per kg €28.91,False,,,,,D,True,AH,https://www.ah.nl/producten/product/wi560851,2026-08-02,AH Protein bar milk chocolate peanut caramel,health-and-sports
589073,35297,Trek Protein oat bars biscoff,Trek,gezondheid-en-sport,Tussendoortjes,Proteïnerepen,3.79,3.79,,,,,3 stuks,,False,,,,,E,True,AH,https://www.ah.nl/producten/product/wi589073,2026-08-02,Trek Protein oat bars biscoff,health-and-sports
585861,30673,HiPRO Protein bar caramel,HiPRO,gezondheid-en-sport,Tussendoortjes,Proteïnerepen,1.745,1.99,12.3,2 voor 3.49,3.49,2.0,45 g,normale prijs per kg €44.22,True,AH,2 VOOR 3.49,2026-07-27,2026-08-02,C,True,AH,https://www.ah.nl/producten/product/wi585861,2026-08-02,HiPRO Protein bar caramel,health-and-sports
607861,0,HiPRO Protein bar caramel 2-pack,HiPRO,gezondheid-en-sport,Tussendoortjes,Proteïnerepen,3.49,3.98,12.3,pakketkorting,,,2 stuks,,True,AHOO,,2026-08-02,2026-08-02,,True,AH,https://www.ah.nl/producten/product/wi607861,2026-08-02,HiPRO Protein bar caramel 2-pack,health-and-sports
531037,728408,O2Life Redfruit cranberry,O2Life,gezondheid-en-sport,"Frisdrank, sappen, water",Sportdrank fles,1.89,1.89,,,,,"0,75 l",prijs per liter €2.52,False,,,,,C,True,AH,https://www.ah.nl/producten/product/wi531037,2026-08-02,O2Life Redfruit cranberry,health-and-sports
599565,49423,AH Proteine repen melk choco salted karamel,AH,gezondheid-en-sport,Tussendoortjes,Proteïnerepen,2.99,2.99,,,,,135 g,prijs per kg €22.15,False,,,,,D,True,AH,https://www.ah.nl/producten/product/wi599565,2026-08-02,AH Proteine repen melk choco salted karamel,health-and-sports
174509,111016363,Etos Paracetamol ovale tabletten 500 mg,Etos,gezondheid-en-sport,Gezondheid en sport,Paracetamol,0.99,0.99,,,,,20 stuks,,False,,,,,,True,ETOS,https://www.ah.nl/producten/product/wi174509,2026-08-02,Etos Paracetamol oval tablets 500 mg,health-and-sports
607933,0,Trek Protein oat bars biscoff 4-pack,Trek,gezondheid-en-sport,Tussendoortjes,Proteïnerepen,12.89,15.16,15.0,15% volume voordeel,,,4 stuks,,True,AHOO,15% volume voordeel,2026-08-02,2999-12-31,,True,AH,https://www.ah.nl/producten/product/wi607933,2026-08-02,Trek Protein oat bars biscoff 4-pack,health-and-sports
607932,0,Trek Protein oat bars biscoff 2-pack,Trek,gezondheid-en-sport,Tussendoortjes,Proteïnerepen,6.82,7.58,10.0,10% volume voordeel,,,2 stuks,,True,AHOO,10% volume voordeel,2026-08-02,2999-12-31,,True,AH,https://www.ah.nl/producten/product/wi607932,2026-08-02,Trek Protein oat bars biscoff 2-pack,health-and-sports
437461,120330637,Etos Paracetamol tablet 500 mg,Etos,gezondheid-en-sport,Gezondheid en sport,Paracetamol,2.49,2.49,,,,,50 stuks,,False,,,,,,True,ETOS,https://www.ah.nl/producten/product/wi437461,2026-08-02,Etos Paracetamol tablet 500 mg,health-and-sports
599566,49424,AH Proteïne repen witte choco cookies&cream,AH,gezondheid-en-sport,Tussendoortjes,Proteïnerepen,2.99,2.99,,,,,135 g,prijs per kg €22.15,False,,,,,D,True,AH,https://www.ah.nl/producten/product/wi599566,2026-08-02,AH Protein bars white chocolate cookies & cream,health-and-sports
606880,62899,Addmoore Electrolyte water lemon,Addmoore,gezondheid-en-sport,"Frisdrank, sappen, water",Sportdrank fles,1.19,1.19,,,,,"0,5 l",prijs per liter €2.38,False,,,,,C,True,AH,https://www.ah.nl/producten/product/wi606880,2026-08-02,Addmoore Electrolyte water lemon,health-and-sports
407165,852770,Nature Valley Protein pinda & chocolade repen,Nature Valley,gezondheid-en-sport,Tussendoortjes,Proteïnerepen,4.19,4.19,,,,,160 g,prijs per kg €26.19,False,,,,,D,True,AH,https://www.ah.nl/producten/product/wi407165,2026-08-02,Nature Valley Protein peanut & chocolate bars,health-and-sports
524468,572007,AH Proteine crisps paprika,AH,gezondheid-en-sport,Gezondheid en sport,Proteine snacks,1.69,1.69,,,,,70 g,prijs per kg €24.14,False,,,,,A,True,AH,https://www.ah.nl/producten/product/wi524468,2026-08-02,AH Protein crisps peppers,health-and-sports
376093,838207,Active O2 Apple kiwi,Active O2,gezondheid-en-sport,"Frisdrank, sappen, water",Sportdrank fles,1.49,1.49,,,,,"0,5 l",prijs per liter €2.98,False,,,,,D,True,AH,https://www.ah.nl/producten/product/wi376093,2026-08-02,Active O2 Apple kiwi,health-and-sports
35686,625312,Dextro Energy citroen 3-pack,Dextro,gezondheid-en-sport,Gezondheid en sport,Energierepen,2.39,2.39,,,,,3 x 47 g,prijs per kg €16.95,False,,,,,,True,AH,https://www.ah.nl/producten/product/wi35686,2026-08-02,Dextro Energy citroen 3-pack,health-and-sports
207521,802831,AA Drink High energy,AA Drink,gezondheid-en-sport,"Frisdrank, sappen, water",Sportdrank fles,0.99,0.99,,,,,"0,33 l",prijs per liter €3.00,False,,,,,E,True,AH,https://www.ah.nl/producten/product/wi207521,2026-08-02,AA Drink High energy,health-and-sports
531038,682458,O2Life Peach greentea,O2Life,gezondheid-en-sport,"Frisdrank, sappen, water",Sportdrank fles,1.89,1.89,,,,,"0,75 l",prijs per liter €2.52,False,,,,,D,True,AH,https://www.ah.nl/producten/product/wi531038,2026-08-02,O2Life Peach green tea,health-and-sports
605639,61138,Hero B'tween protein zero muesli & pinda's,Hero,gezondheid-en-sport,Tussendoortjes,Proteïnerepen,2.45,2.45,,VOOR 1.79,1.79,,100 g,normale prijs per kg €24.50,True,AH,VOOR 1.79,2026-07-27,2026-08-02,,True,AH,https://www.ah.nl/producten/product/wi605639,2026-08-02,Hero B'tween protein zero muesli & peanuts,health-and-sports
614314,0,Addmoore Electrolyte Water Lemon 12-pack,Addmoore,gezondheid-en-sport,"Frisdrank, sappen, water",Sportdrank fles,12.14,14.28,15.0,15% volume voordeel,,,12 stuks,,True,AHOO,15% volume voordeel,2026-08-02,2999-12-31,,True,AH,https://www.ah.nl/producten/product/wi614314,2026-08-02,Addmoore Electrolyte Water Lemon 12-pack,health-and-sports
615745,0,Hero B'tween protein zero muesli & pinda 3-pk,Hero,gezondheid-en-sport,Tussendoortjes,Proteïnerepen,5.37,7.35,26.9,pakketkorting,,,3 stuks,,True,AHOO,,2026-08-02,2026-08-02,,True,AH,https://www.ah.nl/producten/product/wi615745,2026-08-02,Hero B'tween protein zero muesli & peanut 3-pk,health-and-sports
407166,852771,Nature Valley Protein salted caramel nut repen,Nature Valley,gezondheid-en-sport,Tussendoortjes,Proteïnerepen,4.19,4.19,,,,,160 g,prijs per kg €26.19,False,,,,,D,True,AH,https://www.ah.nl/producten/product/wi407166,2026-08-02,Nature Valley Protein salted caramel nut bars,health-and-sports
615746,0,Hero B'tween protein zero muesli & pinda 5-pk,Hero,gezondheid-en-sport,Tussendoortjes,Proteïnerepen,8.95,12.25,26.9,pakketkorting,,,5 stuks,,True,AHOO,,2026-08-02,2026-08-02,,True,AH,https://www.ah.nl/producten/product/wi615746,2026-08-02,Hero B'tween protein zero muesli & peanut 5-pk,health-and-sports
585862,30674,HiPRO Protein bar banana peanut butter,HiPRO,gezondheid-en-sport,Tussendoortjes,Proteïnerepen,1.745,1.99,12.3,2 voor 3.49,3.49,2.0,45 g,normale prijs per kg €44.22,True,AH,2 VOOR 3.49,2026-07-27,2026-08-02,A,True,AH,https://www.ah.nl/producten/product/wi585862,2026-08-02,HiPRO Protein bar banana peanut butter,health-and-sports
614315,0,Addmoore Electrolyte Water Lemon 6-pack,Addmoore,gezondheid-en-sport,"Frisdrank, sappen, water",Sportdrank fles,6.43,7.14,10.0,10% volume voordeel,,,6 stuks,,True,AHOO,10% volume voordeel,2026-08-02,2999-12-31,,True,AH,https://www.ah.nl/producten/product/wi614315,2026-08-02,Addmoore Electrolyte Water Lemon 6-pack,health-and-sports
160354,627230,AH Paracetamol/coffeïne 500/50mg tabletten,AH,gezondheid-en-sport,Gezondheid en sport,Paracetamol,1.99,1.99,,,,,20 stuks,,False,,,,,,True,AH,https://www.ah.nl/producten/product/wi160354,2026-08-02,AH Paracetamol/caffeine 500/50mg tablets,health-and-sports
576733,17969,Bolletje Goed bezig protein,Bolletje,gezondheid-en-sport,Tussendoortjes,Proteïnerepen,2.69,2.69,,,,,200 g,prijs per kg €13.45,False,,,,,A,True,AH,https://www.ah.nl/producten/product/wi576733,2026-08-02,Bolletje Goed bezig protein,health-and-sports
606881,62900,Addmoore Electrolyte water berries,Addmoore,gezondheid-en-sport,"Frisdrank, sappen, water",Sportdrank fles,1.19,1.19,,,,,"0,5 l",prijs per liter €2.38,False,,,,,C,True,AH,https://www.ah.nl/producten/product/wi606881,2026-08-02,Addmoore Electrolyte water berries,health-and-sports
30823,553976,Aquarius Lemon,Aquarius,gezondheid-en-sport,"Frisdrank, sappen, water",Sportdrank fles,1.75,1.75,,,,,"0,5 l",prijs per liter €3.50,False,,,,,D,True,AH,https://www.ah.nl/producten/product/wi30823,2026-08-02,Aquarius Lemon,health-and-sports
454456,597907,Active O2 Iced berry,Active O2,gezondheid-en-sport,"Frisdrank, sappen, water",Sportdrank fles,1.49,1.49,,,,,"0,5 l",prijs per liter €2.98,False,,,,,D,True,AH,https://www.ah.nl/producten/product/wi454456,2026-08-02,Active O2 Icedberry,health-and-sports
505203,835251,Witte Reus White 3+1 power wasmiddel capsules wit,Witte Reus,huishouden,Huishouden,Waspods,8.99,8.99,,,,,14 wasbeurten,,False,,,,,,True,AH,https://www.ah.nl/producten/product/wi505203,2026-08-02,Witte Reus White 3+1 power detergent capsules white,households
569590,9467,Witte Reus Waspoeder wit,Witte Reus,huishouden,Huishouden,Waspoeder,11.99,11.99,,,,,23 wasbeurten,,False,,,,,,True,AH,https://www.ah.nl/producten/product/wi569590,2026-08-02,White Giant Washing powder white,households
584125,27776,AH Keukenpapier sterk & abs 2=3 rollen,AH,huishouden,Huishouden,Keukenpapier,1.995,2.99,33.3,2 voor 3.99,3.99,2.0,2 stuks,,True,AH,2 voor 3.99,2026-08-03,2026-08-09,,True,AH,https://www.ah.nl/producten/product/wi584125,2026-08-02,AH Kitchen paper strong & abs 2=3 rolls,households
595094,43281,AH Toiletpapier zacht 4-laags 12=18 rollen,AH,huishouden,Huishouden,Toiletpapier - 4 en 5 laags,8.35,8.35,,,,,12 stuks,,False,,,,,,True,AH,https://www.ah.nl/producten/product/wi595094,2026-08-02,AH Toiletpapier zacht 4-laags 12=18 rollen,households
63072,527965,Komo Trekbandzakken 60 liter,Komo,huishouden,Huishouden,Treksluitzakken,1.99,1.99,,,,,15 stuks,,False,,,,,,True,AH,https://www.ah.nl/producten/product/wi63072,2026-08-02,Komo Drawstring bags 60 liters,households
220556,815710,Witte Reus Wasmiddel vloeibaar gel wit,Witte Reus,huishouden,Huishouden,Vloeibaar wasmiddel,9.29,9.29,,,,,19 wasbeurten,,False,,,,,,True,AH,https://www.ah.nl/producten/product/wi220556,2026-08-02,Witte Reus Detergent liquid gel white,households
595093,43280,AH Toiletpapier zacht 3-laags 12=18 rollen,AH,huishouden,Huishouden,Toiletpapier - 3 laags,5.49,5.49,,,,,12 stuks,,False,,,,,,True,AH,https://www.ah.nl/producten/product/wi595093,2026-08-02,AH Toilet paper soft 3-layer 12=18 rolls,households
367232,833838,AH Vochtige allesreiniger doekjes citrus,AH,huishouden,Huishouden,Vochtige doekjes,0.99,0.99,,2 + 1 gratis,,2.0,80 stuks,,True,AH,2 + 1 gratis,2026-08-03,2026-08-09,,True,AH,https://www.ah.nl/producten/product/wi367232,2026-08-02,AH Moist all-purpose cleaner wipes citrus,households
420703,692422,AH Bakpapier,AH,huishouden,Huishouden,Bakpapier,1.19,1.19,,,,,30 stuks,,False,,,,,,True,AH,https://www.ah.nl/producten/product/wi420703,2026-08-02,AH Baking paper,households
2870,18488,Komo Huisvuilzakken 60 l,Komo,huishouden,Huishouden,Pedaalemmerzakken,2.39,2.39,,,,,20 stuks,,False,,,,,,True,AH,https://www.ah.nl/producten/product/wi2870,2026-08-02,Komo Household waste bags 60 l,households
595310,43869,AH Toiletpapier zacht 4-laags 4=6 rollen,AH,huishouden,Huishouden,Toiletpapier - 4 en 5 laags,2.89,2.89,,,,,4 stuks,,False,,,,,,True,AH,https://www.ah.nl/producten/product/wi595310,2026-08-02,AH Toilet paper soft 4-layer 4=6 rolls,households
632,10636,AH Tissues zacht & sterk,AH,huishouden,Huishouden,Tissues,1.15,1.15,,,,,100 stuks,,False,,,,,,True,AH,https://www.ah.nl/producten/product/wi632,2026-08-02,AH Tissues soft & strong,households
584469,27629,AH Keukenpapier sterk 3=6 rollen,AH,huishouden,Huishouden,Keukenpapier,2.29,2.29,,,,,3 stuks,,False,,,,,,True,AH,https://www.ah.nl/producten/product/wi584469,2026-08-02,AH Keukenpapier sterk 3=6 rollen,households
214277,806733,Page Sensitive vochtig toiletpapier,Page,huishouden,Huishouden,Toiletpapier - vochtig,2.29,2.29,,1 + 1 GRATIS,,1.0,38 stuks,,True,AH,1 + 1 GRATIS,2026-07-27,2026-08-02,,True,AH,https://www.ah.nl/producten/product/wi214277,2026-08-02,Page Sensitive moist toilet paper,households
610450,0,Page Sensitive vochtig toiletpapier 4-pack,Page,huishouden,Huishouden,Toiletpapier - vochtig,4.58,9.16,50.0,pakketkorting,,,4 stuks,,True,AHOO,,2026-08-02,2026-08-02,,True,AH,https://www.ah.nl/producten/product/wi610450,2026-08-02,Page Sensitive moist toilet paper 4-pack,households
610449,0,Page Sensitive vochtig toiletpapier 2-pack,Page,huishouden,Huishouden,Toiletpapier - vochtig,2.29,4.58,50.0,pakketkorting,,,2 stuks,,True,AHOO,,2026-08-02,2026-08-02,,True,AH,https://www.ah.nl/producten/product/wi610449,2026-08-02,Page Sensitive moist toilet paper 2-pack,households
610451,0,Page Sensitive vochtig toiletpapier 6-pack,Page,huishouden,Huishouden,Toiletpapier - vochtig,6.87,13.74,50.0,pakketkorting,,,6 stuks,,True,AHOO,,2026-08-02,2026-08-02,,True,AH,https://www.ah.nl/producten/product/wi610451,2026-08-02,Page Sensitive vochtig toiletpapier 6-pack,households
607518,63879,Glorix Dikke bleek,Glorix,huishouden,Huishouden,Bleekmiddel,2.15,2.15,,,,,1 l,prijs per liter €2.15,False,,,,,,True,AH,https://www.ah.nl/producten/product/wi607518,2026-08-02,Glorix Fat pale,households
160389,625632,AH Dikke bleek eucalyptus,AH,huishouden,Huishouden,Bleekmiddel,0.79,0.79,,,,,"0,75 l",prijs per liter €1.05,False,,,,,,True,AH,https://www.ah.nl/producten/product/wi160389,2026-08-02,AH Thick pale eucalyptus,households
625098,0,Glorix Dikke bleek 2-pack,Glorix,huishouden,Huishouden,Bleekmiddel,3.87,4.3,10.0,10% volume voordeel,,,2 stuks,,True,AHOO,10% volume voordeel,2026-08-02,2999-12-31,,True,AH,https://www.ah.nl/producten/product/wi625098,2026-08-02,Glorix Thick bleach 2-pack,households
648,521954,AH Dikke bleek,AH,huishouden,Huishouden,Bleekmiddel,0.79,0.79,,,,,"0,75 l",prijs per liter €1.05,False,,,,,,True,AH,https://www.ah.nl/producten/product/wi648,2026-08-02,AH Big pale,households
625099,0,Glorix Dikke bleek 4-pack,Glorix,huishouden,Huishouden,Bleekmiddel,6.88,8.6,20.0,20% volume voordeel,,,4 stuks,,True,AHOO,20% volume voordeel,2026-08-02,2999-12-31,,True,AH,https://www.ah.nl/producten/product/wi625099,2026-08-02,Glorix Thick bleach 4-pack,households
625100,0,Glorix Dikke bleek 6-pack,Glorix,huishouden,Huishouden,Bleekmiddel,9.67,12.9,25.0,25% volume voordeel,,,6 stuks,,True,AHOO,25% volume voordeel,2026-08-02,2999-12-31,,True,AH,https://www.ah.nl/producten/product/wi625100,2026-08-02,Glorix Thick pale 6-pack,households
470204,722254,AH Vochtig toiletpapier fresh,AH,huishouden,Huishouden,Toiletpapier - vochtig,0.95,0.95,,,,,80 stuks,,False,,,,,,True,AH,https://www.ah.nl/producten/product/wi470204,2026-08-02,AH Moist toilet paper fresh,households
489313,743029,AH Tissues 2 lagen,AH,huishouden,Huishouden,Tissues,1.15,1.15,,,,,150 stuks,,False,,,,,,True,AH,https://www.ah.nl/producten/product/wi489313,2026-08-02,AH Tissues 2 layers,households
479596,733451,AH Classic vaatwastablet,AH,huishouden,Huishouden,Vaatwastabletten,3.69,3.69,,,,,60 stuks,,False,,,,,,True,AH,https://www.ah.nl/producten/product/wi479596,2026-08-02,AH Classic dishwasher tablet,households
187181,634431,Page Aloe vera vochtig toiletpapier,Page,huishouden,Huishouden,Toiletpapier - vochtig,2.29,2.29,,1 + 1 GRATIS,,1.0,38 stuks,,True,AH,1 + 1 GRATIS,2026-07-27,2026-08-02,,True,AH,https://www.ah.nl/producten/product/wi187181,2026-08-02,Page Aloe vera moist toilet paper,households
610441,0,Page Aloe vera vochtig toiletpapier 4-pack,Page,huishouden,Huishouden,Toiletpapier - vochtig,4.58,9.16,50.0,pakketkorting,,,4 stuks,,True,AHOO,,2026-08-02,2026-08-02,,True,AH,https://www.ah.nl/producten/product/wi610441,2026-08-02,Page Aloe vera moist toilet paper 4-pack,households
570788,11314,AH Toiletpapier 2-laags 16=24 rollen,AH,huishouden,Huishouden,Toiletpapier - 2 laags,6.39,6.39,,,,,16 rollen,,False,,,,,,True,AH,https://www.ah.nl/producten/product/wi570788,2026-08-02,AH Toilet paper 2-layer 16=24 rolls,households
435506,699878,AH Eco Afval en sanitairzakken 10 liter,AH Eco,huishouden,Huishouden,Pedaalemmerzakken,1.29,1.29,,,,,10 stuks,,False,,,,,,True,AH,https://www.ah.nl/producten/product/wi435506,2026-08-02,AH Eco Waste and sanitary bags 10 liters,households
610440,0,Page Aloe vera vochtig toiletpapier 2-pack,Page,huishouden,Huishouden,Toiletpapier - vochtig,2.29,4.58,50.0,pakketkorting,,,2 stuks,,True,AHOO,,2026-08-02,2026-08-02,,True,AH,https://www.ah.nl/producten/product/wi610440,2026-08-02,Page Aloe vera moist toilet paper 2-pack,households
48585,97052,Nalys Xtra power keukenpapier,Nalys,huishouden,Huishouden,Keukenpapier,3.59,3.59,,1 + 1 GRATIS,,1.0,2 rollen,,True,AH,1 + 1 GRATIS,2026-07-27,2026-08-02,,True,AH,https://www.ah.nl/producten/product/wi48585,2026-08-02,Nalys Xtra power kitchen paper,households
610430,0,Nalys Xtra power keukenpapier 2-pack,Nalys,huishouden,Huishouden,Keukenpapier,3.59,7.18,50.0,pakketkorting,,,2 stuks,,True,AHOO,,2026-08-02,2026-08-02,,True,AH,https://www.ah.nl/producten/product/wi610430,2026-08-02,Nalys Xtra power kitchen paper 2-pack,households
610442,0,Page Aloe vera vochtig toiletpapier 6-pack,Page,huishouden,Huishouden,Toiletpapier - vochtig,6.87,13.74,50.0,pakketkorting,,,6 stuks,,True,AHOO,,2026-08-02,2026-08-02,,True,AH,https://www.ah.nl/producten/product/wi610442,2026-08-02,Page Aloe vera moist toilet paper 6-pack,households
597969,0,AH Eco Afval en sanitairzakken 10 liter 4-pack,AH Eco,huishouden,Huishouden,Pedaalemmerzakken,4.39,5.16,15.0,15% volume voordeel,,,4 stuks,,True,AHOO,15% volume voordeel,2026-08-02,2999-12-31,,True,AH,https://www.ah.nl/producten/product/wi597969,2026-08-02,AH Eco Waste and sanitary bags 10 liters 4-pack,households
570826,11286,Dreft Afwasmiddel max power original,Dreft,huishouden,Huishouden,Afwasmiddel,2.495,4.69,46.8,2 voor 4.99,4.99,2.0,450 ml,normale prijs per liter €10.42,True,AH,2 VOOR 4.99,2026-07-27,2026-08-02,,True,AH,https://www.ah.nl/producten/product/wi570826,2026-08-02,Dreft Afwasmiddel max power original,households
590109,36384,Robijn Wasverzachter morgenfris,Robijn,huishouden,Huishouden,Wasverzachters,6.45,6.45,,1 + 1 GRATIS,,1.0,39 wasbeurten,,True,AH,1 + 1 GRATIS,2026-07-27,2026-08-02,,True,AH,https://www.ah.nl/producten/product/wi590109,2026-08-02,Robijn Fabric softener fresh in the morning,households
608831,0,Robijn Wasverzachter morgenfris 2-pack,Robijn,huishouden,Huishouden,Wasverzachters,6.45,12.9,50.0,pakketkorting,,,2 stuks,,True,AHOO,,2026-08-02,2026-08-02,,True,AH,https://www.ah.nl/producten/product/wi608831,2026-08-02,Robijn Fabric Softener Morning Fresh 2-pack,households
608832,0,Robijn Wasverzachter morgenfris 4-pack,Robijn,huishouden,Huishouden,Wasverzachters,12.9,25.8,50.0,pakketkorting,,,4 stuks,,True,AHOO,,2026-08-02,2026-08-02,,True,AH,https://www.ah.nl/producten/product/wi608832,2026-08-02,Robijn Fabric Softener Morning Fresh 4-pack,households
608833,0,Robijn Wasverzachter morgenfris 8-pack,Robijn,huishouden,Huishouden,Wasverzachters,25.8,51.6,50.0,pakketkorting,,,8 stuks,,True,AHOO,50% volume voordeel,2026-08-02,2026-08-02,,True,AH,https://www.ah.nl/producten/product/wi608833,2026-08-02,Robijn Fabric Softener Morning Fresh 8-pack,households
625722,0,Robijn Wasverzachter morgenfris 3-pack,Robijn,huishouden,Huishouden,Wasverzachters,12.9,19.35,33.3,pakketkorting,,,3 stuks,,True,AHOO,,2026-08-02,2026-08-02,,True,AH,https://www.ah.nl/producten/product/wi625722,2026-08-02,Robijn Fabric Softener Morning Fresh 3-pack,households
136148,603221,AH Diepvrieszakjes met zipsluiting middel,AH,huishouden,Huishouden,Diepvries- en hersluitbare zakjes,1.55,1.55,,,,,40 stuks,,False,,,,,,True,AH,https://www.ah.nl/producten/product/wi136148,2026-08-02,AH Freezer bags with zip closure,households
55043,524860,AH Pedaalemmerzakken 25 liter,AH,huishouden,Huishouden,Pedaalemmerzakken,1.49,1.49,,,,,50 stuks,,False,,,,,,True,AH,https://www.ah.nl/producten/product/wi55043,2026-08-02,AH Pedal bin bags 25 liters,households
547694,28925,Dreft Afwasmiddel platinum quick wash original,Dreft,huishouden,Huishouden,Afwasmiddel,2.495,2.99,16.6,2 voor 4.99,4.99,2.0,350 ml,normale prijs per liter €8.54,True,AH,2 VOOR 4.99,2026-07-27,2026-08-02,,True,AH,https://www.ah.nl/producten/product/wi547694,2026-08-02,Dreft Dishwashing liquid platinum quick wash original,households
460934,664921,AH Gedemineraliseerdwater,AH,huishouden,Huishouden,"Vlekken-, onderhouds- en poetsmiddelen",0.85,0.85,,,,,1 l,prijs per liter €0.85,False,,,,,,True,AH,https://www.ah.nl/producten/product/wi460934,2026-08-02,AH Demineralized water,households
396807,847933,Glorix Power5 ocean wc-blok,Glorix,huishouden,Huishouden,Toiletblokken,3.65,3.65,,2 + 2 GRATIS,,2.0,per stuk,,True,AH,2 + 2 GRATIS,2026-07-27,2026-08-02,,True,AH,https://www.ah.nl/producten/product/wi396807,2026-08-02,Glorix Power5 ocean toilet block,households
608681,0,Glorix Power5 ocean wc-blok 6-pack,Glorix,huishouden,Huishouden,Toiletblokken,14.6,21.9,33.3,pakketkorting,,,6 stuks,,True,AHOO,,2026-08-02,2026-08-02,,True,AH,https://www.ah.nl/producten/product/wi608681,2026-08-02,Glorix Power5 ocean toilet block 6-pack,households
608680,0,Glorix Power5 ocean wc-blok 2-pack,Glorix,huishouden,Huishouden,Toiletblokken,5.84,7.3,20.0,20% volume voordeel,,,2 stuks,,True,AHOO,20% volume voordeel,2026-08-03,2999-12-31,,True,AH,https://www.ah.nl/producten/product/wi608680,2026-08-02,Glorix Power5 ocean toilet block 2-pack,households
608682,0,Glorix Power5 ocean wc-blok 9-pack,Glorix,huishouden,Huishouden,Toiletblokken,18.25,32.85,44.4,pakketkorting,,,9 stuks,,True,AHOO,,2026-08-02,2026-08-02,,True,AH,https://www.ah.nl/producten/product/wi608682,2026-08-02,Glorix Power5 ocean toilet block 9-pack,households
368663,834432,Kleenex Balsam tissues,Kleenex,huishouden,Huishouden,Tissues,2.39,2.39,,,,,64 stuks,,False,,,,,,True,AH,https://www.ah.nl/producten/product/wi368663,2026-08-02,Kleenex Balsam tissues,households
593675,40590,AH Schuurspons,AH,huishouden,Huishouden,Sponzen,1.29,1.29,,,,,10 stuks,,False,,,,,,True,AH,https://www.ah.nl/producten/product/wi593675,2026-08-02,AH Scouring sponge,households
124113,89203,AH Boterhamzakjes,AH,huishouden,Huishouden,Diepvries- en hersluitbare zakjes,0.99,0.99,,,,,80 stuks,,False,,,,,,True,AH,https://www.ah.nl/producten/product/wi124113,2026-08-02,AH Sandwich bags,households
584126,27777,AH Keukenpapier sterk & abs 4=6 rollen,AH,huishouden,Huishouden,Keukenpapier,5.95,5.95,,,,,4 stuks,,False,,,,,,True,AH,https://www.ah.nl/producten/product/wi584126,2026-08-02,AH Kitchen paper strong & abs 4=6 rolls,households
101016,548172,Page Compleet schoon vochtig toiletpapier,Page,huishouden,Huishouden,Toiletpapier - vochtig,1.99,1.99,,1 + 1 GRATIS,,1.0,38 stuks,,True,AH,1 + 1 GRATIS,2026-07-27,2026-08-02,,True,AH,https://www.ah.nl/producten/product/wi101016,2026-08-02,Page Compleet schoon vochtig toiletpapier,households
595092,43278,AH Eco Recycle toiletpapier 3-laags 4=6 rollen,AH Eco,huishouden,Huishouden,Toiletpapier - 3 laags,1.89,1.89,,,,,4 stuks,,False,,,,,,True,AH,https://www.ah.nl/producten/product/wi595092,2026-08-02,AH Eco Recycle toilet paper 3-layer 4=6 rolls,households
467465,718979,Page Compleet schoon toiletpapier voordeelpak,Page,huishouden,Huishouden,Toiletpapier - 3 laags,8.49,8.49,,,,,12 stuks,,False,,,,,,True,AH,https://www.ah.nl/producten/product/wi467465,2026-08-02,Page Completely clean toilet paper value pack,households
610444,0,Page Compleet schoon vochtig toiletpapier 4pk,Page,huishouden,Huishouden,Toiletpapier - vochtig,3.98,7.96,50.0,pakketkorting,,,4 stuks,,True,AHOO,,2026-08-02,2026-08-02,,True,AH,https://www.ah.nl/producten/product/wi610444,2026-08-02,Page Compleet schoon vochtig toiletpapier 4pk,households
610443,0,Page Compleet schoon vochtig toiletpapier 2pk,Page,huishouden,Huishouden,Toiletpapier - vochtig,1.99,3.98,50.0,pakketkorting,,,2 stuks,,True,AHOO,,2026-08-02,2026-08-02,,True,AH,https://www.ah.nl/producten/product/wi610443,2026-08-02,Page Completely clean moist toilet paper 2pk,households
396808,847934,Glorix Power5 citrus wc-blok,Glorix,huishouden,Huishouden,Toiletblokken,3.65,3.65,,2 + 2 GRATIS,,2.0,per stuk,,True,AH,2 + 2 GRATIS,2026-07-27,2026-08-02,,True,AH,https://www.ah.nl/producten/product/wi396808,2026-08-02,Glorix Power5 citrus toilet block,households
610445,0,Page Compleet schoon vochtig toiletpapier 6pk,Page,huishouden,Huishouden,Toiletpapier - vochtig,5.97,11.94,50.0,pakketkorting,,,6 stuks,,True,AHOO,,2026-08-02,2026-08-02,,True,AH,https://www.ah.nl/producten/product/wi610445,2026-08-02,Page Completely clean moist toilet paper 6pk,households
608677,0,Glorix Power5 citrus wc-blok 2-pack,Glorix,huishouden,Huishouden,Toiletblokken,5.84,7.3,20.0,20% volume voordeel,,,2 stuks,,True,AHOO,20% volume voordeel,2026-08-03,2999-12-31,,True,AH,https://www.ah.nl/producten/product/wi608677,2026-08-02,Glorix Power5 citrus toilet block 2-pack,households
608678,0,Glorix Power5 citrus wc-blok 6-pack,Glorix,huishouden,Huishouden,Toiletblokken,14.6,21.9,33.3,pakketkorting,,,6 stuks,,True,AHOO,,2026-08-02,2026-08-02,,True,AH,https://www.ah.nl/producten/product/wi608678,2026-08-02,Glorix Power5 citrus toilet block 6-pack,households
608679,0,Glorix Power5 citrus wc-blok 9-pack,Glorix,huishouden,Huishouden,Toiletblokken,18.25,32.85,44.4,pakketkorting,,,9 stuks,,True,AHOO,,2026-08-02,2026-08-02,,True,AH,https://www.ah.nl/producten/product/wi608679,2026-08-02,Glorix Power5 citrus toilet block 9-pack,households
143920,604228,AH Sanitairzakken met handvatten 10 liter,AH,huishouden,Huishouden,Pedaalemmerzakken,1.05,1.05,,,,,40 stuks,,False,,,,,,True,AH,https://www.ah.nl/producten/product/wi143920,2026-08-02,AH Sanitary bags with handles 10 liters,households
479793,733452,AH Spoelglans,AH,huishouden,Huishouden,Vaatwaspoeder en glansspoelmiddel,2.05,2.05,,,,,1 l,prijs per liter €2.05,False,,,,,,True,AH,https://www.ah.nl/producten/product/wi479793,2026-08-02,AH Rinse Gloss,households
571447,12752,Dreft Platinum plus vaatwascapsules citroen,Dreft,huishouden,Huishouden,Vaatwastabletten,14.99,14.99,,1 + 1 GRATIS,,1.0,19 stuks,,True,AH,1 + 1 GRATIS,2026-07-27,2026-08-02,,True,AH,https://www.ah.nl/producten/product/wi571447,2026-08-02,Dreft Platinum plus lemon dishwasher capsules,households
233499,825029,Edet Ultra soft toiletpapier stro voordeelpak,Edet,huishouden,Huishouden,Toiletpapier - 4 en 5 laags,17.99,17.99,,1 + 1 GRATIS,,1.0,16 stuks,,True,AH,1 + 1 GRATIS,2026-07-27,2026-08-02,,True,AH,https://www.ah.nl/producten/product/wi233499,2026-08-02,Edet Ultra soft toilet paper straw value pack,households
605840,0,Dreft Platinum+ vaatwascapsules citroen 4-pack,Dreft,huishouden,Huishouden,Vaatwastabletten,29.98,59.96,50.0,pakketkorting,,,4 stuks,,True,AHOO,,2026-08-02,2026-08-02,,True,AH,https://www.ah.nl/producten/product/wi605840,2026-08-02,Dreft Platinum+ dishwasher capsules lemon 4-pack,households
622903,0,Dreft Platinum pls vaatwascapsules citroen 2pk,Dreft,huishouden,Huishouden,Vaatwastabletten,14.99,29.98,50.0,pakketkorting,,,2 stuks,,True,AHOO,,2026-08-02,2026-08-02,,True,AH,https://www.ah.nl/producten/product/wi622903,2026-08-02,Dreft Platinum pls lemon dishwasher capsules 2pk,households
622904,0,Dreft Platinum pls vaatwascapsules citroen 6pk,Dreft,huishouden,Huishouden,Vaatwastabletten,44.97,89.94,50.0,pakketkorting,,,6 stuks,,True,AHOO,,2026-08-02,2026-08-02,,True,AH,https://www.ah.nl/producten/product/wi622904,2026-08-02,Dreft Platinum pls lemon dishwasher capsules 6pk,households
167981,617329,AH Trekbandzakken 120 liter,AH,huishouden,Huishouden,Treksluitzakken,1.85,1.85,,,,,10 stuks,,False,,,,,,True,AH,https://www.ah.nl/producten/product/wi167981,2026-08-02,AH Drawstring bags 120 liters,households
434366,40416,Glorix WC Blok Lavendel,Glorix,huishouden,Huishouden,Toiletblokken,3.65,3.65,,2 + 2 GRATIS,,2.0,per stuk,,True,AH,2 + 2 GRATIS,2026-07-27,2026-08-02,,True,AH,https://www.ah.nl/producten/product/wi434366,2026-08-02,Glorix WC Blok Lavendel,households
189266,633256,Nalys Excellence 5-laags maxi-vel toiletpapier,Nalys,huishouden,Huishouden,Toiletpapier - 4 en 5 laags,5.89,5.89,,1 + 1 GRATIS,,1.0,6 stuks,,True,AH,1 + 1 GRATIS,2026-07-27,2026-08-02,,True,AH,https://www.ah.nl/producten/product/wi189266,2026-08-02,Nalys Excellence 5-ply maxi-sheet toilet paper,households
610427,0,Nalys Excellence 5-laags toiletpapier 2-pack,Nalys,huishouden,Huishouden,Toiletpapier - 4 en 5 laags,5.89,11.78,50.0,pakketkorting,,,2 stuks,,True,AHOO,,2026-08-02,2026-08-02,,True,AH,https://www.ah.nl/producten/product/wi610427,2026-08-02,Nalys Excellence 5-laags toiletpapier 2-pack,households
136146,603216,AH Pedaalemmerzakken 35 liter,AH,huishouden,Huishouden,Pedaalemmerzakken,2.19,2.19,,,,,20 stuks,,False,,,,,,True,AH,https://www.ah.nl/producten/product/wi136146,2026-08-02,AH Pedal bin bags 35 liters,households
567130,0,AH Pedaalemmerzakken 35 liter 4-pack,AH,huishouden,Huishouden,Pedaalemmerzakken,7.45,8.76,15.0,15% volume voordeel,,,4 stuks,,True,AHOO,15% volume voordeel,2026-08-02,2999-12-31,,True,AH,https://www.ah.nl/producten/product/wi567130,2026-08-02,AH Pedal bin bags 35 liters 4-pack,households
608683,0,Glorix WC Blok Lavendel 2-pack,Glorix,huishouden,Huishouden,Toiletblokken,5.84,7.3,20.0,20% volume voordeel,,,2 stuks,,True,AHOO,20% volume voordeel,2026-08-03,2999-12-31,,True,AH,https://www.ah.nl/producten/product/wi608683,2026-08-02,Glorix Toilet Block Lavender 2-pack,households
608684,0,Glorix WC Blok Lavendel 6-pack,Glorix,huishouden,Huishouden,Toiletblokken,14.6,21.9,33.3,pakketkorting,,,6 stuks,,True,AHOO,,2026-08-02,2026-08-02,,True,AH,https://www.ah.nl/producten/product/wi608684,2026-08-02,Glorix Toilet Block Lavender 6-pack,households
608685,0,Glorix WC Blok Lavendel 9-pack,Glorix,huishouden,Huishouden,Toiletblokken,18.25,32.85,44.4,pakketkorting,,,9 stuks,,True,AHOO,,2026-08-02,2026-08-02,,True,AH,https://www.ah.nl/producten/product/wi608685,2026-08-02,Glorix Toilet Block Lavender 9-pack,households
163693,634276,Ajax Eucalyptus allesreiniger,Ajax,huishouden,Huishouden,Allesreiniger,2.95,2.95,,2 + 1 gratis,,2.0,"1,25 l",normale prijs per liter €2.36,True,AH,2 + 1 gratis,2026-08-03,2026-08-09,,True,AH,https://www.ah.nl/producten/product/wi163693,2026-08-02,Ajax Eucalyptus all-purpose cleaner,households
417028,688203,Page Shea butter vochtig toiletpapier,Page,huishouden,Huishouden,Toiletpapier - vochtig,2.29,2.29,,1 + 1 GRATIS,,1.0,38 stuks,,True,AH,1 + 1 GRATIS,2026-07-27,2026-08-02,,True,AH,https://www.ah.nl/producten/product/wi417028,2026-08-02,Page Shea butter moist toilet paper,households
610453,0,Page Shea butter vochtig toiletpapier 4-pack,Page,huishouden,Huishouden,Toiletpapier - vochtig,4.58,9.16,50.0,pakketkorting,,,4 stuks,,True,AHOO,,2026-08-02,2026-08-02,,True,AH,https://www.ah.nl/producten/product/wi610453,2026-08-02,Page Shea butter moist toilet paper 4-pack,households
610454,0,Page Shea butter vochtig toiletpapier 6-pack,Page,huishouden,Huishouden,Toiletpapier - vochtig,6.87,13.74,50.0,pakketkorting,,,6 stuks,,True,AHOO,,2026-08-02,2026-08-02,,True,AH,https://www.ah.nl/producten/product/wi610454,2026-08-02,Page Shea butter moist toilet paper 6-pack,households
610452,0,Page Shea butter vochtig toiletpapier 2-pack,Page,huishouden,Huishouden,Toiletpapier - vochtig,2.29,4.58,50.0,pakketkorting,,,2 stuks,,True,AHOO,,2026-08-02,2026-08-02,,True,AH,https://www.ah.nl/producten/product/wi610452,2026-08-02,Page Shea butter moist toilet paper 2-pack,households
164919,637427,AH Eco all in one vaatwastabletten,AH,huishouden,Huishouden,Vaatwastabletten,3.99,3.99,,,,,40 stuks,,False,,,,,,True,AH,https://www.ah.nl/producten/product/wi164919,2026-08-02,AH Eco all in one dishwasher tablets,households
67762,527720,AH Afwasmiddel extra hygiëne,AH,huishouden,Huishouden,Afwasmiddel,0.89,0.89,,,,,"0,5 l",prijs per liter €1.78,False,,,,,,True,AH,https://www.ah.nl/producten/product/wi67762,2026-08-02,AH Dishwashing liquid extra hygiene,households
594212,0,Ajax Allesreiniger Eucalyptus 2-pack,Ajax,huishouden,Huishouden,Allesreiniger,4.72,5.9,20.0,20% volume voordeel,,,2 stuks,,True,AHOO,20% volume voordeel,2026-08-02,2026-08-02,,True,AH,https://www.ah.nl/producten/product/wi594212,2026-08-02,Ajax All-Purpose Cleaner Eucalyptus 2-pack,households
459979,77254,Nalys Vochtvangers dubbelrol keukenpapier,Nalys,huishouden,Huishouden,Keukenpapier,5.49,5.49,,1 + 1 GRATIS,,1.0,2 stuks,,True,AH,1 + 1 GRATIS,2026-07-27,2026-08-02,,True,AH,https://www.ah.nl/producten/product/wi459979,2026-08-02,Nalys Moisture Absorbers double roll of kitchen paper,households
555022,0,Nalys Vochtvangers keukenpapier 2=4 rol 3-pack,Nalys,huishouden,Huishouden,Keukenpapier,10.98,16.47,33.3,pakketkorting,,,3 stuks,,True,AHOO,,2026-08-02,2026-08-02,,True,AH,https://www.ah.nl/producten/product/wi555022,2026-08-02,Nalys Moisture Absorbers kitchen paper 2=4 roll 3-pack,households
155424,583430,AH Viscosedoekjes,AH,huishouden,Huishouden,Doekjes,1.99,1.99,,,,,10 stuks,,False,,,,,,True,AH,https://www.ah.nl/producten/product/wi155424,2026-08-02,AH Viscose wipes,households
522361,13883,Page Puur vochtig toiletpapier,Page,huishouden,Huishouden,Toiletpapier - vochtig,2.29,2.29,,1 + 1 GRATIS,,1.0,38 stuks,,True,AH,1 + 1 GRATIS,2026-07-27,2026-08-02,,True,AH,https://www.ah.nl/producten/product/wi522361,2026-08-02,Page Pure moist toilet paper,households
616640,0,Ajax Eucalyptus allesreiniger 4-pack,Ajax,huishouden,Huishouden,Allesreiniger,8.26,11.8,30.0,30% volume voordeel,,,4 stuks,,True,AHOO,30% volume voordeel,2026-08-02,2026-08-02,,True,AH,https://www.ah.nl/producten/product/wi616640,2026-08-02,Ajax Eucalyptus all-purpose cleaner 4-pack,households
616641,0,Ajax Eucalyptus allesreiniger 6-pack,Ajax,huishouden,Huishouden,Allesreiniger,10.62,17.7,40.0,40% volume voordeel,,,6 stuks,,True,AHOO,40% volume voordeel,2026-08-02,2026-08-02,,True,AH,https://www.ah.nl/producten/product/wi616641,2026-08-02,Ajax Eucalyptus all-purpose cleaner 6-pack,households
603592,56096,AH Natuurlijke schoonmaak azijn,AH,huishouden,Huishouden,Schoonmaakazijn,3.29,3.29,,,,,5 l,prijs per liter €0.66,False,,,,,,True,AH,https://www.ah.nl/producten/product/wi603592,2026-08-02,AH Natural cleaning vinegar,households
565,70530,AH Vuilnisemmerzakken 35L,AH,huishouden,Huishouden,Pedaalemmerzakken,2.19,2.19,,,,,20 stuks,,False,,,,,,True,AH,https://www.ah.nl/producten/product/wi565,2026-08-02,AH Garbage bin bags 35L,households
396809,847935,Glorix WC blok power 5 met bleek,Glorix,huishouden,Huishouden,Toiletblokken,4.55,4.55,,2 + 2 GRATIS,,2.0,per stuk,,True,AH,2 + 2 GRATIS,2026-07-27,2026-08-02,,True,AH,https://www.ah.nl/producten/product/wi396809,2026-08-02,Glorix WC blok power 5 met bleek,households
610448,0,Page Puur vochtig toiletpapier 6-pack,Page,huishouden,Huishouden,Toiletpapier - vochtig,6.87,13.74,50.0,pakketkorting,,,6 stuks,,True,AHOO,,2026-08-02,2026-08-02,,True,AH,https://www.ah.nl/producten/product/wi610448,2026-08-02,Page Pure moist toilet paper 6-pack,households
405206,851962,Kleenex Family maxi pack tissues,Kleenex,huishouden,Huishouden,Tissues,3.19,3.19,,,,,128 stuks,,False,,,,,,True,AH,https://www.ah.nl/producten/product/wi405206,2026-08-02,Kleenex Family maxi pack tissues,households
608686,0,Glorix WC blok power 5 met bleek 2-pack,Glorix,huishouden,Huishouden,Toiletblokken,7.28,9.1,20.0,20% volume voordeel,,,2 stuks,,True,AHOO,20% volume voordeel,2026-08-03,2999-12-31,,True,AH,https://www.ah.nl/producten/product/wi608686,2026-08-02,Glorix toilet block power 5 with bleach 2-pack,households
610447,0,Page Puur vochtig toiletpapier 4-pack,Page,huishouden,Huishouden,Toiletpapier - vochtig,4.58,9.16,50.0,pakketkorting,,,4 stuks,,True,AHOO,,2026-08-02,2026-08-02,,True,AH,https://www.ah.nl/producten/product/wi610447,2026-08-02,Page Pure moist toilet paper 4-pack,households
617717,0,AH Eco Afval en sanitairzakken 10 liter 2-pack,AH Eco,huishouden,Huishouden,Pedaalemmerzakken,2.45,2.58,5.0,5% volume voordeel,,,2 stuks,,True,AHOO,5% volume voordeel,2026-08-02,2999-12-31,,True,AH,https://www.ah.nl/producten/product/wi617717,2026-08-02,AH Eco Waste and sanitary bags 10 liters 2-pack,households
608687,0,Glorix WC blok power 5 met bleek 6-pack,Glorix,huishouden,Huishouden,Toiletblokken,18.2,27.3,33.3,pakketkorting,,,6 stuks,,True,AHOO,,2026-08-02,2026-08-02,,True,AH,https://www.ah.nl/producten/product/wi608687,2026-08-02,Glorix toilet block power 5 with bleach 6-pack,households
610446,0,Page Puur vochtig toiletpapier 2-pack,Page,huishouden,Huishouden,Toiletpapier - vochtig,2.29,4.58,50.0,pakketkorting,,,2 stuks,,True,AHOO,,2026-08-02,2026-08-02,,True,AH,https://www.ah.nl/producten/product/wi610446,2026-08-02,Page Pure moist toilet paper 2-pack,households
458217,666160,Kleenex Collection tissues,Kleenex,huishouden,Huishouden,Tissues,1.89,1.89,,,,,Per stuk,,False,,,,,,True,AH,https://www.ah.nl/producten/product/wi458217,2026-08-02,Kleenex Collection tissues,households
129279,563690,Glorix Glorix eucalyptus bleek,Glorix,huishouden,Huishouden,Bleekmiddel,2.49,2.49,,,,,"0,75 l",prijs per liter €3.32,False,,,,,,True,AH,https://www.ah.nl/producten/product/wi129279,2026-08-02,Glorix Glorix eucalyptus pale,households
480995,735417,AH Eco Pedaalemmerzakken 20 liter,AH Eco,huishouden,Huishouden,Pedaalemmerzakken,3.75,3.75,,,,,20 stuks,,False,,,,,,True,AH,https://www.ah.nl/producten/product/wi480995,2026-08-02,AH Eco Pedal bin bags 20 liters,households
608688,0,Glorix WC blok power 5 met bleek 9-pack,Glorix,huishouden,Huishouden,Toiletblokken,22.75,40.95,44.4,pakketkorting,,,9 stuks,,True,AHOO,,2026-08-02,2026-08-02,,True,AH,https://www.ah.nl/producten/product/wi608688,2026-08-02,Glorix WC block power 5 with bleach 9-pack,households
617718,0,AH Eco Afval en sanitairzakken 10 liter 3-pack,AH Eco,huishouden,Huishouden,Pedaalemmerzakken,3.48,3.87,10.0,10% volume voordeel,,,3 stuks,,True,AHOO,10% volume voordeel,2026-08-02,2999-12-31,,True,AH,https://www.ah.nl/producten/product/wi617718,2026-08-02,AH Eco Waste and sanitary bags 10 liters 3-pack,households
111163,544216,AH Afwasborstel lang,AH,huishouden,Huishouden,Afwasborstels,1.29,1.29,,,,,per stuk,,False,,,,,,True,AH,https://www.ah.nl/producten/product/wi111163,2026-08-02,AH Dishwashing brush long,households
505213,840537,AH Tissues balsem,AH,huishouden,Huishouden,Tissues,1.75,1.75,,,,,150 stuks,,False,,,,,,True,AH,https://www.ah.nl/producten/product/wi505213,2026-08-02,AH Tissues balsem,households
3013,24736,WC-Eend Wc eend nr. 1 ontkalker,WC-Eend,huishouden,Huishouden,Toiletreiniger,3.99,3.99,,2 + 2 GRATIS,,2.0,"0,75 l",normale prijs per liter €5.32,True,AH,2 + 2 GRATIS,2026-07-27,2026-08-02,,True,AH,https://www.ah.nl/producten/product/wi3013,2026-08-02,WC Duck Toilet duck no. 1 descaler,households
604988,58879,Glade Geurglas I love you,Glade,koken-tafelen-vrije-tijd,"Koken, tafelen, vrije tijd",Geurkaarsen,8.79,8.79,,,,,per stuk,,False,,,,,,True,AH,https://www.ah.nl/producten/product/wi604988,2026-08-02,Glade Scented Glass I love you,cooking-dining-free-time
580458,23631,Glade Geurglas appel kaneel raapzaadwas,Glade,koken-tafelen-vrije-tijd,"Koken, tafelen, vrije tijd",Geurkaarsen,4.99,4.99,,,,,112 g,prijs per kg €44.55,False,,,,,,True,AH,https://www.ah.nl/producten/product/wi580458,2026-08-02,Glade Scented glass apple cinnamon rapeseed wax,cooking-dining-free-time
475849,728813,AH Kartonnen beker wit,AH,koken-tafelen-vrije-tijd,"Koken, tafelen, vrije tijd",Wegwerpbekers,1.99,1.99,,,,,30 stuks,,False,,,,,,True,AH,https://www.ah.nl/producten/product/wi475849,2026-08-02,AH Paper cup white,cooking-dining-free-time
624,545646,AH Servetten 2-laags 33x33 cm wit,AH,koken-tafelen-vrije-tijd,"Koken, tafelen, vrije tijd",Servetten,1.99,1.99,,,,,50 stuks,,False,,,,,,True,AH,https://www.ah.nl/producten/product/wi624,2026-08-02,AH Napkins 2-layer 33x33 cm white,cooking-dining-free-time
434870,699316,AH Bord 23 cm,AH,koken-tafelen-vrije-tijd,"Koken, tafelen, vrije tijd",Wegwerpborden,1.99,1.99,,,,,20 stuks,,False,,,,,,True,AH,https://www.ah.nl/producten/product/wi434870,2026-08-02,AH Bord 23 cm,cooking-dining-free-time
580459,23632,Glade Geurglas vanille vegan raapzaadwas,Glade,koken-tafelen-vrije-tijd,"Koken, tafelen, vrije tijd",Geurkaarsen,4.99,4.99,,,,,112 g,prijs per kg €44.55,False,,,,,,True,AH,https://www.ah.nl/producten/product/wi580459,2026-08-02,Glade Scented glass vanilla vegan rapeseed wax,cooking-dining-free-time
480624,734831,AH Donatie Voedselbanken Nederland 1 euro,AH,koken-tafelen-vrije-tijd,"Koken, tafelen, vrije tijd",Donaties,1.0,1.0,,,,,per stuk,,False,,,,,,True,AH,https://www.ah.nl/producten/product/wi480624,2026-08-02,AH Donatie Voedselbanken Nederland 1 euro,cooking-dining-free-time
514507,24643,AH Rietjes,AH,koken-tafelen-vrije-tijd,"Koken, tafelen, vrije tijd",Wegwerpbekers,1.29,1.29,,,,,10 stuks,,False,,,,,,True,AH,https://www.ah.nl/producten/product/wi514507,2026-08-02,AH Straws,cooking-dining-free-time
196807,607132,"AH AAA 1,5V batterijen",AH,koken-tafelen-vrije-tijd,"Koken, tafelen, vrije tijd",AAA batterijen,1.95,1.95,,,,,8 stuks,,False,,,,,,True,AH,https://www.ah.nl/producten/product/wi196807,2026-08-02,AH AAA 1.5V batteries,cooking-dining-free-time
473597,725739,AH Houten vork,AH,koken-tafelen-vrije-tijd,"Koken, tafelen, vrije tijd",Bestek,1.39,1.39,,,,,20 stuks,,False,,,,,,True,AH,https://www.ah.nl/producten/product/wi473597,2026-08-02,AH Wooden fork,cooking-dining-free-time
414011,856793,AH Sateprikkers bamboe 20cm,AH,koken-tafelen-vrije-tijd,"Koken, tafelen, vrije tijd","Prikkers, touw",1.19,1.19,,,,,100 stuks,,False,,,,,,True,AH,https://www.ah.nl/producten/product/wi414011,2026-08-02,AH Skewers bamboo 20cm,cooking-dining-free-time
473600,725742,AH Roerstaafje hout,AH,koken-tafelen-vrije-tijd,"Koken, tafelen, vrije tijd",Bestek,0.99,0.99,,,,,100 stuks,,False,,,,,,True,AH,https://www.ah.nl/producten/product/wi473600,2026-08-02,AH Stirring stick wood,cooking-dining-free-time
413922,856775,AH Cocktailprikkers 200 stuks,AH,koken-tafelen-vrije-tijd,"Koken, tafelen, vrije tijd","Prikkers, touw",1.99,1.99,,,,,2 stuks,,False,,,,,,True,AH,https://www.ah.nl/producten/product/wi413922,2026-08-02,AH Cocktail sticks 200 pieces,cooking-dining-free-time
441449,83040,Canon Printpapier,Canon,koken-tafelen-vrije-tijd,"Koken, tafelen, vrije tijd",Papierwaren,6.49,6.49,,,,,500 stuks,,False,,,,,,True,AH,https://www.ah.nl/producten/product/wi441449,2026-08-02,Canon Printing Paper,cooking-dining-free-time
478508,732454,AH Bierglazen 300ml,AH,koken-tafelen-vrije-tijd,"Koken, tafelen, vrije tijd",Wegwerpbekers,1.99,1.99,,,,,20 stuks,,False,,,,,,True,AH,https://www.ah.nl/producten/product/wi478508,2026-08-02,AH Beer glasses 300ml,cooking-dining-free-time
166525,640856,"AH AA alkaline 1,5V mignon lange levensduur",AH,koken-tafelen-vrije-tijd,"Koken, tafelen, vrije tijd",AA batterijen,6.99,6.99,,,,,8 stuks,,False,,,,,,True,AH,https://www.ah.nl/producten/product/wi166525,2026-08-02,AH AA alkaline 1.5V mignon long life,cooking-dining-free-time
598498,0,"AH AA alkaline 1,5V mignon 4-pack",AH,koken-tafelen-vrije-tijd,"Koken, tafelen, vrije tijd",AA batterijen,23.77,27.96,15.0,15% volume voordeel,,,4 stuks,,True,AHOO,15% volume voordeel,2026-08-02,2999-12-31,,True,AH,https://www.ah.nl/producten/product/wi598498,2026-08-02,"AH AA alkaline 1,5V mignon 4-pack",cooking-dining-free-time
466213,716847,AH Elektronische aanstekers,AH,koken-tafelen-vrije-tijd,"Koken, tafelen, vrije tijd","Lucifers, aanstekers",1.29,1.29,,,,,3 stuks,,False,,,,,,True,AH,https://www.ah.nl/producten/product/wi466213,2026-08-02,AH Electronic lighters,cooking-dining-free-time
473599,725741,AH Houten mes,AH,koken-tafelen-vrije-tijd,"Koken, tafelen, vrije tijd",Bestek,1.39,1.39,,,,,20 stuks,,False,,,,,,True,AH,https://www.ah.nl/producten/product/wi473599,2026-08-02,AH Wooden knife,cooking-dining-free-time
514606,884359,AH Servet donkerblauw,AH,koken-tafelen-vrije-tijd,"Koken, tafelen, vrije tijd",Servetten,1.89,1.89,,,,,20 stuks,,False,,,,,,True,AH,https://www.ah.nl/producten/product/wi514606,2026-08-02,AH Napkin dark blue,cooking-dining-free-time
434869,699315,AH Gebaksbord 15 cm,AH,koken-tafelen-vrije-tijd,"Koken, tafelen, vrije tijd",Wegwerpborden,1.79,1.79,,,,,20 stuks,,False,,,,,,True,AH,https://www.ah.nl/producten/product/wi434869,2026-08-02,AH Cake plate 15 cm,cooking-dining-free-time
409036,853932,AH Aanmaakblokjes bruin,AH,koken-tafelen-vrije-tijd,"Koken, tafelen, vrije tijd",Houtskool,1.99,1.99,,,,,56 stuks,,False,,,,,,True,AH,https://www.ah.nl/producten/product/wi409036,2026-08-02,AH Brown firelighters,cooking-dining-free-time
598075,0,AH Servet donkerblauw 4-pack,AH,koken-tafelen-vrije-tijd,"Koken, tafelen, vrije tijd",Servetten,6.8,7.56,10.0,10% volume voordeel,,,4 stuks,,True,AHOO,10% volume voordeel,2026-08-02,2999-12-31,,True,AH,https://www.ah.nl/producten/product/wi598075,2026-08-02,AH Napkin dark blue 4-pack,cooking-dining-free-time
212958,806343,Hoomark 3-pak Inpakpapier,Hoomark,koken-tafelen-vrije-tijd,"Koken, tafelen, vrije tijd",Cadeauverpakking,1.79,1.79,,,,,3 stuks,,False,,,,,,True,AH,https://www.ah.nl/producten/product/wi212958,2026-08-02,Hoomark 3-pack wrapping paper,cooking-dining-free-time
597555,0,AH Elektronische aanstekers 2-pack,AH,koken-tafelen-vrije-tijd,"Koken, tafelen, vrije tijd","Lucifers, aanstekers",2.48,2.58,4.0,4% volume voordeel,,,2 stuks,,True,AHOO,4% volume voordeel,2026-08-02,2999-12-31,,True,AH,https://www.ah.nl/producten/product/wi597555,2026-08-02,AH Electronic lighters 2-pack,cooking-dining-free-time
606578,62073,AH BBQ disposable bekers,AH,koken-tafelen-vrije-tijd,"Koken, tafelen, vrije tijd",Wegwerpbekers,2.49,2.49,,BONUS,,,40 stuks,,True,AH,BONUS,2026-04-20,2026-08-30,,True,AH,https://www.ah.nl/producten/product/wi606578,2026-08-02,AH BBQ disposable cups,cooking-dining-free-time
200726,787450,AH Aansteker flex,AH,koken-tafelen-vrije-tijd,"Koken, tafelen, vrije tijd","Lucifers, aanstekers",1.99,1.99,,,,,per stuk,,False,,,,,,True,AH,https://www.ah.nl/producten/product/wi200726,2026-08-02,AH Lighter flex,cooking-dining-free-time
597523,0,AH Aansteker flex 2-pack,AH,koken-tafelen-vrije-tijd,"Koken, tafelen, vrije tijd","Lucifers, aanstekers",3.82,3.98,4.0,4% volume voordeel,,,2 stuks,,True,AHOO,4% volume voordeel,2026-08-02,2999-12-31,,True,AH,https://www.ah.nl/producten/product/wi597523,2026-08-02,AH Lighter flex 2-pack,cooking-dining-free-time
155427,593663,AH Kaarsen aansteker,AH,koken-tafelen-vrije-tijd,"Koken, tafelen, vrije tijd","Lucifers, aanstekers",1.99,1.99,,,,,2 stuks,,False,,,,,,True,AH,https://www.ah.nl/producten/product/wi155427,2026-08-02,AH Candle lighter,cooking-dining-free-time
514523,25594,AH Servet blad 33cm,AH,koken-tafelen-vrije-tijd,"Koken, tafelen, vrije tijd",Servetten,1.99,1.99,,,,,20 stuks,,False,,,,,,True,AH,https://www.ah.nl/producten/product/wi514523,2026-08-02,AH Napkin top 33cm,cooking-dining-free-time
597989,0,AH Kaarsen aansteker 2-pack,AH,koken-tafelen-vrije-tijd,"Koken, tafelen, vrije tijd","Lucifers, aanstekers",3.82,3.98,4.0,4% volume voordeel,,,2 stuks,,True,AHOO,4% volume voordeel,2026-08-02,2999-12-31,,True,AH,https://www.ah.nl/producten/product/wi597989,2026-08-02,AH Candle lighter 2-pack,cooking-dining-free-time
114143,558595,Varta Longlife power AA alkaline batterijen,Varta,koken-tafelen-vrije-tijd,"Koken, tafelen, vrije tijd",AA batterijen,5.69,5.69,,,,,4 stuks,,False,,,,,,True,AH,https://www.ah.nl/producten/product/wi114143,2026-08-02,Varta Longlife power AA alkaline batteries,cooking-dining-free-time
514529,27012,AH Servet earthy champ,AH,koken-tafelen-vrije-tijd,"Koken, tafelen, vrije tijd",Servetten,1.89,1.89,,,,,20 stuks,,False,,,,,,True,AH,https://www.ah.nl/producten/product/wi514529,2026-08-02,AH Napkin earthy champ,cooking-dining-free-time
556854,584153,AH Kom rond wit bagasse 500ml,AH,koken-tafelen-vrije-tijd,"Koken, tafelen, vrije tijd","Kommen, schaaltjes",1.89,1.89,,,,,12 stuks,,False,,,,,,True,AH,https://www.ah.nl/producten/product/wi556854,2026-08-02,AH Bowl round white bagasse 500ml,cooking-dining-free-time
590369,37180,De zwaluw Lucifers 4-pack,De zwaluw,koken-tafelen-vrije-tijd,"Koken, tafelen, vrije tijd","Lucifers, aanstekers",1.75,1.75,,,,,4 stuks,,False,,,,,,True,AH,https://www.ah.nl/producten/product/wi590369,2026-08-02,The swallow Matchsticks 4-pack,cooking-dining-free-time
225996,792988,AH Wijnglas facet,AH,koken-tafelen-vrije-tijd,"Koken, tafelen, vrije tijd",Wegwerpbekers,2.79,2.79,,,,,10 stuks,,False,,,,,,True,AH,https://www.ah.nl/producten/product/wi225996,2026-08-02,AH Wine glass facet,cooking-dining-free-time
494812,750131,Pokon Compact potgrond,Pokon,koken-tafelen-vrije-tijd,"Koken, tafelen, vrije tijd",Planten en plantverzorging,4.49,4.49,,,,,10 l,prijs per liter €0.45,False,,,,,,True,AH,https://www.ah.nl/producten/product/wi494812,2026-08-02,Pokon Compact potting soil,cooking-dining-free-time
598076,0,AH Servet earthy champ 4-pack,AH,koken-tafelen-vrije-tijd,"Koken, tafelen, vrije tijd",Servetten,6.8,7.56,10.0,10% volume voordeel,,,4 stuks,,True,AHOO,10% volume voordeel,2026-08-02,2999-12-31,,True,AH,https://www.ah.nl/producten/product/wi598076,2026-08-02,AH Napkin earthy champ 4-pack,cooking-dining-free-time
114142,558600,Varta Longlife power AAA alkaline batterijen,Varta,koken-tafelen-vrije-tijd,"Koken, tafelen, vrije tijd",AAA batterijen,5.69,5.69,,,,,4 stuks,,False,,,,,,True,AH,https://www.ah.nl/producten/product/wi114142,2026-08-02,Varta Longlife power AAA alkaline batteries,cooking-dining-free-time
80159,544288,De zwaluw Lucifers extra lang,De zwaluw,koken-tafelen-vrije-tijd,"Koken, tafelen, vrije tijd","Lucifers, aanstekers",1.59,1.59,,,,,45 stuks,,False,,,,,,True,AH,https://www.ah.nl/producten/product/wi80159,2026-08-02,The swallow Lucifers extra long,cooking-dining-free-time
128488,554847,AH Aluminium grillschaal,AH,koken-tafelen-vrije-tijd,"Koken, tafelen, vrije tijd",Aluminium schaal,1.19,1.19,,,,,2 stuks,,False,,,,,,True,AH,https://www.ah.nl/producten/product/wi128488,2026-08-02,AH Aluminum grill dish,cooking-dining-free-time
514502,24507,AH Bellenblaas,AH,koken-tafelen-vrije-tijd,"Koken, tafelen, vrije tijd",Feestversiering en traktatie,0.89,0.89,,,,,per stuk,,False,,,,,,True,AH,https://www.ah.nl/producten/product/wi514502,2026-08-02,AH Blowing bubbles,cooking-dining-free-time
559022,562736,AH Aanmaakblokjes wit,AH,koken-tafelen-vrije-tijd,"Koken, tafelen, vrije tijd",Aanmaakblokjes,1.99,1.99,,,,,48 stuks,,False,,,,,,True,AH,https://www.ah.nl/producten/product/wi559022,2026-08-02,AH White firelighters,cooking-dining-free-time
191755,792971,AH Servetten wit 3-laags,AH,koken-tafelen-vrije-tijd,"Koken, tafelen, vrije tijd",Servetten,1.05,1.05,,,,,20 stuks,,False,,,,,,True,AH,https://www.ah.nl/producten/product/wi191755,2026-08-02,AH Napkins white 3-ply,cooking-dining-free-time
485315,740666,AH Donatie Rode Kruis 1 euro,AH,koken-tafelen-vrije-tijd,"Koken, tafelen, vrije tijd",Donaties,1.0,1.0,,,,,per stuk,,False,,,,,,True,AH,https://www.ah.nl/producten/product/wi485315,2026-08-02,AH Red Cross donation 1 euro,cooking-dining-free-time
136831,607127,AH Alkaline AA batterijen,AH,koken-tafelen-vrije-tijd,"Koken, tafelen, vrije tijd",AA batterijen,4.29,4.29,,,,,4 stuks,,False,,,,,,True,AH,https://www.ah.nl/producten/product/wi136831,2026-08-02,AH Alkaline AA batteries,cooking-dining-free-time
598074,0,AH Servet blad 33cm 4-pack,AH,koken-tafelen-vrije-tijd,"Koken, tafelen, vrije tijd",Servetten,7.16,7.96,10.0,10% volume voordeel,,,4 stuks,,True,AHOO,10% volume voordeel,2026-08-02,2999-12-31,,True,AH,https://www.ah.nl/producten/product/wi598074,2026-08-02,AH Napkin tray 33cm 4-pack,cooking-dining-free-time
598430,0,AH Alkaline AA batterijen 4-pack,AH,koken-tafelen-vrije-tijd,"Koken, tafelen, vrije tijd",AA batterijen,14.59,17.16,15.0,15% volume voordeel,,,4 stuks,,True,AHOO,15% volume voordeel,2026-08-02,2999-12-31,,True,AH,https://www.ah.nl/producten/product/wi598430,2026-08-02,AH Alkaline AA batteries 4-pack,cooking-dining-free-time
618577,0,AH Elektronische aanstekers 4-pack,AH,koken-tafelen-vrije-tijd,"Koken, tafelen, vrije tijd","Lucifers, aanstekers",4.54,5.16,12.0,12% volume voordeel,,,4 stuks,,True,AHOO,12% volume voordeel,2026-08-02,2999-12-31,,True,AH,https://www.ah.nl/producten/product/wi618577,2026-08-02,AH Electronic lighters 4-pack,cooking-dining-free-time
618576,0,AH Elektronische aanstekers 3-pack,AH,koken-tafelen-vrije-tijd,"Koken, tafelen, vrije tijd","Lucifers, aanstekers",3.56,3.87,8.0,8% volume voordeel,,,3 stuks,,True,AHOO,8% volume voordeel,2026-08-02,2999-12-31,,True,AH,https://www.ah.nl/producten/product/wi618576,2026-08-02,AH Electronic lighters 3-pack,cooking-dining-free-time
410425,854785,AH Sategrill alumunium,AH,koken-tafelen-vrije-tijd,"Koken, tafelen, vrije tijd",Aluminium schaal,1.99,1.99,,BONUS,,,4 stuks,,True,AH,BONUS,2026-04-20,2026-08-30,,True,AH,https://www.ah.nl/producten/product/wi410425,2026-08-02,AH Sategrill aluminum,cooking-dining-free-time
436005,43974,AH Papieren cupcake vorm,AH,koken-tafelen-vrije-tijd,"Koken, tafelen, vrije tijd",Bakvormen en accessoires,1.79,1.79,,,,,100 stuks,,False,,,,,,True,AH,https://www.ah.nl/producten/product/wi436005,2026-08-02,AH Paper cupcake shape,cooking-dining-free-time
165036,626875,AH Theelichten 8 uur,AH,koken-tafelen-vrije-tijd,"Koken, tafelen, vrije tijd",Theelichten,4.99,4.99,,,,,40 stuks,,False,,,,,,True,AH,https://www.ah.nl/producten/product/wi165036,2026-08-02,AH Tealights 8 hours,cooking-dining-free-time
590243,36441,AH Servet dahlia,AH,koken-tafelen-vrije-tijd,"Koken, tafelen, vrije tijd",Servetten,1.99,1.99,,,,,20 stuks,,False,,,,,,True,AH,https://www.ah.nl/producten/product/wi590243,2026-08-02,AH Napkin dahlia,cooking-dining-free-time
619570,0,AH Servet donkerblauw 2-pack,AH,koken-tafelen-vrije-tijd,"Koken, tafelen, vrije tijd",Servetten,3.67,3.78,3.0,3% volume voordeel,,,2 stuks,,True,AHOO,3% volume voordeel,2026-08-02,2999-12-31,,True,AH,https://www.ah.nl/producten/product/wi619570,2026-08-02,AH Napkin dark blue 2-pack,cooking-dining-free-time
619571,0,AH Servet donkerblauw 3-pack,AH,koken-tafelen-vrije-tijd,"Koken, tafelen, vrije tijd",Servetten,5.39,5.67,5.0,5% volume voordeel,,,3 stuks,,True,AHOO,5% volume voordeel,2026-08-02,2999-12-31,,True,AH,https://www.ah.nl/producten/product/wi619571,2026-08-02,AH Napkin dark blue 3-pack,cooking-dining-free-time
413931,856785,AH Tapasprikker 9 cm,AH,koken-tafelen-vrije-tijd,"Koken, tafelen, vrije tijd","Prikkers, touw",2.19,2.19,,,,,70 stuks,,False,,,,,,True,AH,https://www.ah.nl/producten/product/wi413931,2026-08-02,AH Tapas skewer 9 cm,cooking-dining-free-time
434996,699410,AH Party cups,AH,koken-tafelen-vrije-tijd,"Koken, tafelen, vrije tijd",Wegwerpbekers,2.59,2.59,,,,,15 stuks,,False,,,,,,True,AH,https://www.ah.nl/producten/product/wi434996,2026-08-02,AH Party cups,cooking-dining-free-time
434821,699259,AH Glas facet 240 ml,AH,koken-tafelen-vrije-tijd,"Koken, tafelen, vrije tijd",Wegwerpbekers,3.99,3.99,,,,,10 stuks,,False,,,,,,True,AH,https://www.ah.nl/producten/product/wi434821,2026-08-02,AH Glass facet 240 ml,cooking-dining-free-time
410430,854790,Lokkii Instant BBQ,Lokkii,koken-tafelen-vrije-tijd,"Koken, tafelen, vrije tijd",BBQ tools,3.89,3.89,,BONUS,,,per stuk,,True,AH,BONUS,2026-04-20,2026-08-30,,True,AH,https://www.ah.nl/producten/product/wi410430,2026-08-02,Lokkii Instant BBQ,cooking-dining-free-time
556853,72746,AH Bord rond wit bagasse 260mm,AH,koken-tafelen-vrije-tijd,"Koken, tafelen, vrije tijd",Wegwerpborden,2.69,2.69,,,,,12 stuks,,False,,,,,,True,AH,https://www.ah.nl/producten/product/wi556853,2026-08-02,AH Plate round white bagasse 260mm,cooking-dining-free-time
598424,0,AH Servet dahlia 4-pack,AH,koken-tafelen-vrije-tijd,"Koken, tafelen, vrije tijd",Servetten,7.16,7.96,10.0,10% volume voordeel,,,4 stuks,,True,AHOO,10% volume voordeel,2026-08-02,2999-12-31,,True,AH,https://www.ah.nl/producten/product/wi598424,2026-08-02,AH Napkin dahlia 4-pack,cooking-dining-free-time
598429,0,AH Lokkii Instant BBQ 2-pack,AH,koken-tafelen-vrije-tijd,"Koken, tafelen, vrije tijd",BBQ tools,7.39,7.78,5.0,pakketkorting,,,2 stuks,,True,AHOO,5% volume voordeel,2026-08-02,2026-08-30,,True,AH,https://www.ah.nl/producten/product/wi598429,2026-08-02,AH Lokkii Instant BBQ 2-pack,cooking-dining-free-time
619568,0,AH Servet blad 33cm 2-pack,AH,koken-tafelen-vrije-tijd,"Koken, tafelen, vrije tijd",Servetten,3.86,3.98,3.0,3% volume voordeel,,,2 stuks,,True,AHOO,3% volume voordeel,2026-08-02,2999-12-31,,True,AH,https://www.ah.nl/producten/product/wi619568,2026-08-02,AH Napkin tray 33cm 2-pack,cooking-dining-free-time
589514,35163,24Basics Duct tape 10 meter x 50mm,24Basics,koken-tafelen-vrije-tijd,"Koken, tafelen, vrije tijd",Schrijfwaren en plakband,2.99,2.99,,,,,per stuk,,False,,,,,,True,AH,https://www.ah.nl/producten/product/wi589514,2026-08-02,24Basics Duct tape 10 meters x 50mm,cooking-dining-free-time
589528,35197,24Basics Verpakkingstape transparant 66mx50mm,24Basics,koken-tafelen-vrije-tijd,"Koken, tafelen, vrije tijd",Schrijfwaren en plakband,3.49,3.49,,,,,per stuk,,False,,,,,,True,AH,https://www.ah.nl/producten/product/wi589528,2026-08-02,24Basics Packaging tape transparent 66mx50mm,cooking-dining-free-time
594559,42809,Duracell Plus AAA-alkaline batterijen MN2400,Duracell,koken-tafelen-vrije-tijd,"Koken, tafelen, vrije tijd",AAA batterijen,11.69,11.69,,,,,6 stuks,,False,,,,,,True,AH,https://www.ah.nl/producten/product/wi594559,2026-08-02,Duracell Plus AAA alkaline batteries MN2400,cooking-dining-free-time
598841,47454,Glade Geurstokjes sandalwood & jasmine,Glade,koken-tafelen-vrije-tijd,"Koken, tafelen, vrije tijd",Geurstokjes,6.99,6.99,,2 + 2 GRATIS,,2.0,per stuk,,True,AH,2 + 2 GRATIS,2026-07-27,2026-08-02,,True,AH,https://www.ah.nl/producten/product/wi598841,2026-08-02,Glade Fragrance sticks sandalwood & jasmine,cooking-dining-free-time
612071,68328,AH Citronella geurkaars,AH,koken-tafelen-vrije-tijd,"Koken, tafelen, vrije tijd",Geurkaarsen,2.49,2.49,,,,,per stuk,,False,,,,,,True,AH,https://www.ah.nl/producten/product/wi612071,2026-08-02,AH Citronella scented candle,cooking-dining-free-time
585212,29823,AH Bakje blad,AH,koken-tafelen-vrije-tijd,"Koken, tafelen, vrije tijd","Kommen, schaaltjes",1.99,1.99,,,,,8 stuks,,False,,,,,,True,AH,https://www.ah.nl/producten/product/wi585212,2026-08-02,AH Tray tray,cooking-dining-free-time
598059,0,AH Party cups 4-pack,AH,koken-tafelen-vrije-tijd,"Koken, tafelen, vrije tijd",Wegwerpbekers,9.32,10.36,10.0,10% volume voordeel,,,4 stuks,,True,AHOO,10% volume voordeel,2026-08-02,2999-12-31,,True,AH,https://www.ah.nl/producten/product/wi598059,2026-08-02,AH Party cups 4-pack,cooking-dining-free-time
606580,62077,AH Disposable bord,AH,koken-tafelen-vrije-tijd,"Koken, tafelen, vrije tijd",Wegwerpborden,3.79,3.79,,BONUS,,,20 stuks,,True,AH,BONUS,2026-04-20,2026-08-30,,True,AH,https://www.ah.nl/producten/product/wi606580,2026-08-02,AH Disposable plate,cooking-dining-free-time
206871,798570,AH Champagneglas plastic,AH,koken-tafelen-vrije-tijd,"Koken, tafelen, vrije tijd",Wegwerpbekers,3.59,3.59,,,,,6 stuks,,False,,,,,,True,AH,https://www.ah.nl/producten/product/wi206871,2026-08-02,AH Champagne glass plastic,cooking-dining-free-time
514254,7723,AH Vlaggenlijn 6 meter,AH,koken-tafelen-vrije-tijd,"Koken, tafelen, vrije tijd",Feestversiering en traktatie,0.99,0.99,,,,,per stuk,,False,,,,,,True,AH,https://www.ah.nl/producten/product/wi514254,2026-08-02,AH Vlaggenlijn 6 meter,cooking-dining-free-time
619572,0,AH Servet earthy champ 2-pack,AH,koken-tafelen-vrije-tijd,"Koken, tafelen, vrije tijd",Servetten,3.67,3.78,3.0,3% volume voordeel,,,2 stuks,,True,AHOO,3% volume voordeel,2026-08-02,2999-12-31,,True,AH,https://www.ah.nl/producten/product/wi619572,2026-08-02,AH Napkin earthy champ 2-pack,cooking-dining-free-time
514515,25380,AH Beker blad,AH,koken-tafelen-vrije-tijd,"Koken, tafelen, vrije tijd",Wegwerpbekers,1.99,1.99,,,,,12 stuks,,False,,,,,,True,AH,https://www.ah.nl/producten/product/wi514515,2026-08-02,AH Cup top,cooking-dining-free-time
619573,0,AH Servet earthy champ 3-pack,AH,koken-tafelen-vrije-tijd,"Koken, tafelen, vrije tijd",Servetten,5.39,5.67,5.0,5% volume voordeel,,,3 stuks,,True,AHOO,5% volume voordeel,2026-08-02,2999-12-31,,True,AH,https://www.ah.nl/producten/product/wi619573,2026-08-02,AH Napkin earthy champ 3-pack,cooking-dining-free-time
136833,607129,AH C alkaline batterijen,AH,koken-tafelen-vrije-tijd,"Koken, tafelen, vrije tijd",9V batterijen en overige batterijen,1.99,1.99,,,,,2 stuks,,False,,,,,,True,AH,https://www.ah.nl/producten/product/wi136833,2026-08-02,AH C alkaline batteries,cooking-dining-free-time
583043,26025,AH Schaar,AH,koken-tafelen-vrije-tijd,"Koken, tafelen, vrije tijd","Schaar, rasp, kaasschaaf",2.99,2.99,,,,,per stuk,,False,,,,,,True,AH,https://www.ah.nl/producten/product/wi583043,2026-08-02,AH Scissors,cooking-dining-free-time
619569,0,AH Servet blad 33cm 3-pack,AH,koken-tafelen-vrije-tijd,"Koken, tafelen, vrije tijd",Servetten,5.67,5.97,5.0,5% volume voordeel,,,3 stuks,,True,AHOO,5% volume voordeel,2026-08-02,2999-12-31,,True,AH,https://www.ah.nl/producten/product/wi619569,2026-08-02,AH Servet blad 33cm 3-pack,cooking-dining-free-time
514520,25494,AH Bord blad 15cm,AH,koken-tafelen-vrije-tijd,"Koken, tafelen, vrije tijd",Wegwerpborden,1.49,1.49,,,,,10 stuks,,False,,,,,,True,AH,https://www.ah.nl/producten/product/wi514520,2026-08-02,AH Plate top 15cm,cooking-dining-free-time
614164,0,Duracell Plus AAA-alkaline batterijen MN2400 2-pk,Duracell,koken-tafelen-vrije-tijd,"Koken, tafelen, vrije tijd",AAA batterijen,18.7,23.38,20.0,20% volume voordeel,,,2 stuks,,True,AHOO,20% volume voordeel,2026-08-02,2999-12-31,,True,AH,https://www.ah.nl/producten/product/wi614164,2026-08-02,Duracell Plus AAA alkaline batteries MN2400 2-hp,cooking-dining-free-time
590244,36442,AH Servet ruit,AH,koken-tafelen-vrije-tijd,"Koken, tafelen, vrije tijd",Servetten,1.99,1.99,,,,,20 stuks,,False,,,,,,True,AH,https://www.ah.nl/producten/product/wi590244,2026-08-02,AH Napkin check,cooking-dining-free-time
514494,22958,AH Ballonnen gekleurd,AH,koken-tafelen-vrije-tijd,"Koken, tafelen, vrije tijd",Feestversiering en traktatie,2.99,2.99,,,,,50 stuks,,False,,,,,,True,AH,https://www.ah.nl/producten/product/wi514494,2026-08-02,AH Balloons colored,cooking-dining-free-time
594557,42808,Duracell Plus AA-alkaline batterijen MN1500,Duracell,koken-tafelen-vrije-tijd,"Koken, tafelen, vrije tijd",AA batterijen,11.69,11.69,,,,,6 stuks,,False,,,,,,True,AH,https://www.ah.nl/producten/product/wi594557,2026-08-02,Duracell Plus AA alkaline batteries MN1500,cooking-dining-free-time
598072,0,AH Schaar 2-pack,AH,koken-tafelen-vrije-tijd,"Koken, tafelen, vrije tijd","Schaar, rasp, kaasschaaf",5.68,5.98,5.0,5% volume voordeel,,,2 stuks,,True,AHOO,5% volume voordeel,2026-08-02,2999-12-31,,True,AH,https://www.ah.nl/producten/product/wi598072,2026-08-02,AH Scissors 2-pack,cooking-dining-free-time
136835,607131,AH 9V alkaline batterijen,AH,koken-tafelen-vrije-tijd,"Koken, tafelen, vrije tijd",9V batterijen en overige batterijen,1.55,1.55,,,,,per stuk,,False,,,,,,True,AH,https://www.ah.nl/producten/product/wi136835,2026-08-02,AH 9V alkaline batteries,cooking-dining-free-time
598513,0,AH Bakje blad 4-pack,AH,koken-tafelen-vrije-tijd,"Koken, tafelen, vrije tijd","Kommen, schaaltjes",7.16,7.96,10.0,10% volume voordeel,,,4 stuks,,True,AHOO,10% volume voordeel,2026-08-02,2999-12-31,,True,AH,https://www.ah.nl/producten/product/wi598513,2026-08-02,AH Tray tray 4-pack,cooking-dining-free-time
598843,47466,Glade Geurstokjes clean linen,Glade,koken-tafelen-vrije-tijd,"Koken, tafelen, vrije tijd",Geurstokjes,6.99,6.99,,2 + 2 GRATIS,,2.0,per stuk,,True,AH,2 + 2 GRATIS,2026-07-27,2026-08-02,,True,AH,https://www.ah.nl/producten/product/wi598843,2026-08-02,Glade Fragrance sticks clean lined,cooking-dining-free-time
587103,32604,AH Lepel herbruikbaar,AH,koken-tafelen-vrije-tijd,"Koken, tafelen, vrije tijd",Bestek,2.99,2.99,,,,,10 stuks,,False,,,,,,True,AH,https://www.ah.nl/producten/product/wi587103,2026-08-02,AH Spoon reusable,cooking-dining-free-time
598425,0,AH Servet ruit 4-pack,AH,koken-tafelen-vrije-tijd,"Koken, tafelen, vrije tijd",Servetten,7.16,7.96,10.0,10% volume voordeel,,,4 stuks,,True,AHOO,10% volume voordeel,2026-08-02,2999-12-31,,True,AH,https://www.ah.nl/producten/product/wi598425,2026-08-02,AH Napkin diamond 4-pack,cooking-dining-free-time
194597,795636,Loctite Seconde lijm,Loctite,koken-tafelen-vrije-tijd,"Koken, tafelen, vrije tijd","Hobby, vrije tijd",4.99,4.99,,,,,3 g,,False,,,,,,True,AH,https://www.ah.nl/producten/product/wi194597,2026-08-02,Loctite Second glue,cooking-dining-free-time
556666,98287,AH Cocktailprikkers bamboe,AH,koken-tafelen-vrije-tijd,"Koken, tafelen, vrije tijd","Prikkers, touw",2.19,2.19,,,,,50 stuks,,False,,,,,,True,AH,https://www.ah.nl/producten/product/wi556666,2026-08-02,AH Cocktail sticks bamboo,cooking-dining-free-time
114146,809372,Varta Longlife power 9V alkaline batterijen,Varta,koken-tafelen-vrije-tijd,"Koken, tafelen, vrije tijd",9V batterijen en overige batterijen,3.99,3.99,,,,,per stuk,,False,,,,,,True,AH,https://www.ah.nl/producten/product/wi114146,2026-08-02,Varta Longlife power 9V alkaline batteries,cooking-dining-free-time
614165,0,Duracell Plus AAA-alkaline batterijen MN2400 3-pk,Duracell,koken-tafelen-vrije-tijd,"Koken, tafelen, vrije tijd",AAA batterijen,24.55,35.07,30.0,30% volume voordeel,,,3 stuks,,True,AHOO,30% volume voordeel,2026-08-02,2999-12-31,,True,AH,https://www.ah.nl/producten/product/wi614165,2026-08-02,Duracell Plus AAA alkaline batteries MN2400 3-hp,cooking-dining-free-time
614200,0,Duracell Plus AA-alkaline batterij MN1500 2-pck,Duracell,koken-tafelen-vrije-tijd,"Koken, tafelen, vrije tijd",AA batterijen,18.7,23.38,20.0,20% volume voordeel,,,2 stuks,,True,AHOO,20% volume voordeel,2026-08-02,2999-12-31,,True,AH,https://www.ah.nl/producten/product/wi614200,2026-08-02,Duracell Plus AA alkaline battery MN1500 2-pck,cooking-dining-free-time
441112,704737,AH Elektronische aansteker F2 turbo,AH,koken-tafelen-vrije-tijd,"Koken, tafelen, vrije tijd","Lucifers, aanstekers",1.69,1.69,,,,,2 stuks,,False,,,,,,True,AH,https://www.ah.nl/producten/product/wi441112,2026-08-02,AH Electronic lighter F2 turbo,cooking-dining-free-time
597535,0,AH Beker blad 2-pack,AH,koken-tafelen-vrije-tijd,"Koken, tafelen, vrije tijd",Wegwerpbekers,3.86,3.98,3.0,3% volume voordeel,,,2 stuks,,True,AHOO,3% volume voordeel,2026-08-02,2999-12-31,,True,AH,https://www.ah.nl/producten/product/wi597535,2026-08-02,AH Cup tray 2-pack,cooking-dining-free-time
514517,25412,AH Servet jungle 33cm,AH,koken-tafelen-vrije-tijd,"Koken, tafelen, vrije tijd",Servetten,1.99,1.99,,,,,20 stuks,,False,,,,,,True,AH,https://www.ah.nl/producten/product/wi514517,2026-08-02,AH Napkin jungle 33cm,cooking-dining-free-time
621729,0,AH Servet dahlia 2-pack,AH,koken-tafelen-vrije-tijd,"Koken, tafelen, vrije tijd",Servetten,3.86,3.98,3.0,3% volume voordeel,,,2 stuks,,True,AHOO,3% volume voordeel,2026-08-02,2999-12-31,,True,AH,https://www.ah.nl/producten/product/wi621729,2026-08-02,AH Napkin dahlia 2-pack,cooking-dining-free-time
514518,25414,AH Bakje blad,AH,koken-tafelen-vrije-tijd,"Koken, tafelen, vrije tijd","Kommen, schaaltjes",1.99,1.99,,,,,8 stuks,,False,,,,,,True,AH,https://www.ah.nl/producten/product/wi514518,2026-08-02,AH Tray tray,cooking-dining-free-time
620004,0,AH Cocktailprikkers bamboe 4-pack,AH,koken-tafelen-vrije-tijd,"Koken, tafelen, vrije tijd","Prikkers, touw",7.88,8.76,10.0,10% volume voordeel,,,4 stuks,,True,AHOO,10% volume voordeel,2026-08-02,2999-12-31,,True,AH,https://www.ah.nl/producten/product/wi620004,2026-08-02,AH Cocktail sticks bamboo 4-pack,cooking-dining-free-time
413935,856789,AH Tapasprikkers 18 cm,AH,koken-tafelen-vrije-tijd,"Koken, tafelen, vrije tijd","Prikkers, touw",1.99,1.99,,,,,50 stuks,,False,,,,,,True,AH,https://www.ah.nl/producten/product/wi413935,2026-08-02,AH Tapasprikkers 18 cm,cooking-dining-free-time
598093,0,AH Tapasprikkers 18 cm 2-pack,AH,koken-tafelen-vrije-tijd,"Koken, tafelen, vrije tijd","Prikkers, touw",3.78,3.98,5.0,5% volume voordeel,,,2 stuks,,True,AHOO,5% volume voordeel,2026-08-02,2999-12-31,,True,AH,https://www.ah.nl/producten/product/wi598093,2026-08-02,AH Tapas sticks 18 cm 2-pack,cooking-dining-free-time
598406,0,AH Lepel herbruikbaar 4-pack,AH,koken-tafelen-vrije-tijd,"Koken, tafelen, vrije tijd",Bestek,10.76,11.96,10.0,10% volume voordeel,,,4 stuks,,True,AHOO,10% volume voordeel,2026-08-02,2999-12-31,,True,AH,https://www.ah.nl/producten/product/wi598406,2026-08-02,AH Spoon reusable 4-pack,cooking-dining-free-time
620003,0,AH Cocktailprikkers bamboe 3-pack,AH,koken-tafelen-vrije-tijd,"Koken, tafelen, vrije tijd","Prikkers, touw",6.04,6.57,8.0,8% volume voordeel,,,3 stuks,,True,AHOO,8% volume voordeel,2026-08-02,2999-12-31,,True,AH,https://www.ah.nl/producten/product/wi620003,2026-08-02,AH Cocktail sticks bamboo 3-pack,cooking-dining-free-time
617816,0,AH Elektronische aansteker F2 turbo 2-pack,AH,koken-tafelen-vrije-tijd,"Koken, tafelen, vrije tijd","Lucifers, aanstekers",3.24,3.38,4.0,4% volume voordeel,,,2 stuks,,True,AHOO,4% volume voordeel,2026-08-02,2999-12-31,,True,AH,https://www.ah.nl/producten/product/wi617816,2026-08-02,AH Electronic lighter F2 turbo 2-pack,cooking-dining-free-time
617818,0,AH Elektronische aansteker F2 turbo 4-pack,AH,koken-tafelen-vrije-tijd,"Koken, tafelen, vrije tijd","Lucifers, aanstekers",5.95,6.76,12.0,12% volume voordeel,,,4 stuks,,True,AHOO,12% volume voordeel,2026-08-02,2999-12-31,,True,AH,https://www.ah.nl/producten/product/wi617818,2026-08-02,AH Electronic lighter F2 turbo 4-pack,cooking-dining-free-time
620002,0,AH Cocktailprikkers bamboe 2-pack,AH,koken-tafelen-vrije-tijd,"Koken, tafelen, vrije tijd","Prikkers, touw",4.16,4.38,5.0,5% volume voordeel,,,2 stuks,,True,AHOO,5% volume voordeel,2026-08-02,2999-12-31,,True,AH,https://www.ah.nl/producten/product/wi620002,2026-08-02,AH Cocktail sticks bamboo 2-pack,cooking-dining-free-time
621730,0,AH Servet dahlia 3-pack,AH,koken-tafelen-vrije-tijd,"Koken, tafelen, vrije tijd",Servetten,5.67,5.97,5.0,5% volume voordeel,,,3 stuks,,True,AHOO,5% volume voordeel,2026-08-02,2999-12-31,,True,AH,https://www.ah.nl/producten/product/wi621730,2026-08-02,AH Napkin dahlia 3-pack,cooking-dining-free-time
480924,735086,AH Knoopcel 2032,AH,koken-tafelen-vrije-tijd,"Koken, tafelen, vrije tijd",Knoopcelbatterijen,6.99,6.99,,,,,5 stuks,,False,,,,,,True,AH,https://www.ah.nl/producten/product/wi480924,2026-08-02,AH Button cell 2032,cooking-dining-free-time
514516,25410,AH Bord jungle 22cm,AH,koken-tafelen-vrije-tijd,"Koken, tafelen, vrije tijd",Wegwerpborden,1.99,1.99,,,,,10 stuks,,False,,,,,,True,AH,https://www.ah.nl/producten/product/wi514516,2026-08-02,AH Plate jungle 22cm,cooking-dining-free-time
597542,0,AH Bord blad 15cm 2-pack,AH,koken-tafelen-vrije-tijd,"Koken, tafelen, vrije tijd",Wegwerpborden,2.89,2.98,3.0,3% volume voordeel,,,2 stuks,,True,AHOO,3% volume voordeel,2026-08-02,2999-12-31,,True,AH,https://www.ah.nl/producten/product/wi597542,2026-08-02,AH Plate top 15cm 2-pack,cooking-dining-free-time
598077,0,AH Servet jungle 33cm 2-pack,AH,koken-tafelen-vrije-tijd,"Koken, tafelen, vrije tijd",Servetten,3.86,3.98,3.0,3% volume voordeel,,,2 stuks,,True,AHOO,3% volume voordeel,2026-08-02,2999-12-31,,True,AH,https://www.ah.nl/producten/product/wi598077,2026-08-02,AH Napkin jungle 33cm 2-pack,cooking-dining-free-time
598844,47467,Glade Geurstokjes vanilla blossom,Glade,koken-tafelen-vrije-tijd,"Koken, tafelen, vrije tijd",Geurstokjes,6.99,6.99,,2 + 2 GRATIS,,2.0,per stuk,,True,AH,2 + 2 GRATIS,2026-07-27,2026-08-02,,True,AH,https://www.ah.nl/producten/product/wi598844,2026-08-02,Glade Fragrance sticks vanilla blossom,cooking-dining-free-time
614201,0,Duracell Plus AA-alkaline batterij MN1500 3-pck,Duracell,koken-tafelen-vrije-tijd,"Koken, tafelen, vrije tijd",AA batterijen,24.55,35.07,30.0,30% volume voordeel,,,3 stuks,,True,AHOO,30% volume voordeel,2026-08-02,2999-12-31,,True,AH,https://www.ah.nl/producten/product/wi614201,2026-08-02,Duracell Plus AA alkaline battery MN1500 3-pack,cooking-dining-free-time
566377,3762,AH Theelichten maxi 10 uur,AH,koken-tafelen-vrije-tijd,"Koken, tafelen, vrije tijd",Theelichten,2.99,2.99,,,,,12 stuks,,False,,,,,,True,AH,https://www.ah.nl/producten/product/wi566377,2026-08-02,AH Tealights maximum 10 hours,cooking-dining-free-time
597531,0,AH Bakje blad 4-pack,AH,koken-tafelen-vrije-tijd,"Koken, tafelen, vrije tijd","Kommen, schaaltjes",7.16,7.96,10.0,10% volume voordeel,,,4 stuks,,True,AHOO,10% volume voordeel,2026-08-02,2999-12-31,,True,AH,https://www.ah.nl/producten/product/wi597531,2026-08-02,AH Tray tray 4-pack,cooking-dining-free-time
598000,0,AH Knoopcel 2032 4-pack,AH,koken-tafelen-vrije-tijd,"Koken, tafelen, vrije tijd",Knoopcelbatterijen,23.77,27.96,15.0,15% volume voordeel,,,4 stuks,,True,AHOO,15% volume voordeel,2026-08-02,2999-12-31,,True,AH,https://www.ah.nl/producten/product/wi598000,2026-08-02,AH Button cell 2032 4-pack,cooking-dining-free-time
617817,0,AH Elektronische aansteker F2 turbo 3-pack,AH,koken-tafelen-vrije-tijd,"Koken, tafelen, vrije tijd","Lucifers, aanstekers",4.66,5.07,8.0,8% volume voordeel,,,3 stuks,,True,AHOO,8% volume voordeel,2026-08-02,2999-12-31,,True,AH,https://www.ah.nl/producten/product/wi617817,2026-08-02,AH Electronic lighter F2 turbo 3-pack,cooking-dining-free-time
620995,0,AH Schaar 3-pack,AH,koken-tafelen-vrije-tijd,"Koken, tafelen, vrije tijd","Schaar, rasp, kaasschaaf",8.25,8.97,8.0,8% volume voordeel,,,3 stuks,,True,AHOO,8% volume voordeel,2026-08-02,2999-12-31,,True,AH,https://www.ah.nl/producten/product/wi620995,2026-08-02,AH Scissors 3-pack,cooking-dining-free-time
621731,0,AH Servet ruit 2-pack,AH,koken-tafelen-vrije-tijd,"Koken, tafelen, vrije tijd",Servetten,3.86,3.98,3.0,3% volume voordeel,,,2 stuks,,True,AHOO,3% volume voordeel,2026-08-02,2999-12-31,,True,AH,https://www.ah.nl/producten/product/wi621731,2026-08-02,AH Napkin diamond 2-pack,cooking-dining-free-time
142805,568809, Linda,,koken-tafelen-vrije-tijd,"Koken, tafelen, vrije tijd",Tijdschriften,7.95,7.95,,,,,per stuk,,False,,,,,,True,AH,https://www.ah.nl/producten/product/wi142805,2026-08-02,Linda,cooking-dining-free-time
514522,25521,AH Beker blad,AH,koken-tafelen-vrije-tijd,"Koken, tafelen, vrije tijd",Wegwerpbekers,1.99,1.99,,,,,12 stuks,,False,,,,,,True,AH,https://www.ah.nl/producten/product/wi514522,2026-08-02,AH Cup top,cooking-dining-free-time
618791,0,AH Knoopcel 2032 2-pack,AH,koken-tafelen-vrije-tijd,"Koken, tafelen, vrije tijd",Knoopcelbatterijen,13.28,13.98,5.0,5% volume voordeel,,,2 stuks,,True,AHOO,5% volume voordeel,2026-08-02,2999-12-31,,True,AH,https://www.ah.nl/producten/product/wi618791,2026-08-02,AH Button cell 2032 2-pack,cooking-dining-free-time
80586,843271,Bic M10 original balpennen blauw,Bic,koken-tafelen-vrije-tijd,"Koken, tafelen, vrije tijd",Schrijfwaren en plakband,4.99,4.99,,,,,4 stuks,,False,,,,,,True,AH,https://www.ah.nl/producten/product/wi80586,2026-08-02,Bic M10 original balpennen blauw,cooking-dining-free-time
196910,640857,"AH Micro AAA alkaline 1,5V LR03",AH,koken-tafelen-vrije-tijd,"Koken, tafelen, vrije tijd",AAA batterijen,6.79,6.79,,,,,8 stuks,,False,,,,,,True,AH,https://www.ah.nl/producten/product/wi196910,2026-08-02,AH Micro AAA alkaline 1.5V LR03,cooking-dining-free-time
514506,24634,AH Kaarsjes,AH,koken-tafelen-vrije-tijd,"Koken, tafelen, vrije tijd",Taartversiering,0.99,0.99,,,,,24 stuks,,False,,,,,,True,AH,https://www.ah.nl/producten/product/wi514506,2026-08-02,AH Candles,cooking-dining-free-time
556852,737663,AH Bord rond wit bagasse 180mm,AH,koken-tafelen-vrije-tijd,"Koken, tafelen, vrije tijd",Wegwerpborden,1.89,1.89,,,,,12 stuks,,False,,,,,,True,AH,https://www.ah.nl/producten/product/wi556852,2026-08-02,AH Plate round white bagasse 180mm,cooking-dining-free-time
597561,0,"AH Micro AAA alkaline 1,5V LR03 4-pack",AH,koken-tafelen-vrije-tijd,"Koken, tafelen, vrije tijd",AAA batterijen,23.09,27.16,15.0,15% volume voordeel,,,4 stuks,,True,AHOO,15% volume voordeel,2026-08-02,2999-12-31,,True,AH,https://www.ah.nl/producten/product/wi597561,2026-08-02,AH Micro AAA alkaline 1.5V LR03 4-pack,cooking-dining-free-time
619380,0,AH Beker blad 4-pack,AH,koken-tafelen-vrije-tijd,"Koken, tafelen, vrije tijd",Wegwerpbekers,7.16,7.96,10.0,10% volume voordeel,,,4 stuks,,True,AHOO,10% volume voordeel,2026-08-02,2999-12-31,,True,AH,https://www.ah.nl/producten/product/wi619380,2026-08-02,AH Cup tray 4-pack,cooking-dining-free-time
142807,578321, Tvfilm,,koken-tafelen-vrije-tijd,"Koken, tafelen, vrije tijd",Tijdschriften,2.74,2.74,,,,,per stuk,,False,,,,,,True,AH,https://www.ah.nl/producten/product/wi142807,2026-08-02,TV movie,cooking-dining-free-time
587102,32603,AH Mes herbruikbaar,AH,koken-tafelen-vrije-tijd,"Koken, tafelen, vrije tijd",Bestek,2.99,2.99,,,,,10 stuks,,False,,,,,,True,AH,https://www.ah.nl/producten/product/wi587102,2026-08-02,AH Knife reusable,cooking-dining-free-time
609983,66984,AH Hamster pet,AH,koken-tafelen-vrije-tijd,"Koken, tafelen, vrije tijd",WK Oranje feestartikelen,4.54,6.99,35.0,35% korting,,,per stuk,,True,AHOO,35% Op=Op korting,2026-07-27,2026-08-02,,True,AH,https://www.ah.nl/producten/product/wi609983,2026-08-02,AH Hamster cap,cooking-dining-free-time
617761,0,AH Party cups 2-pack,AH,koken-tafelen-vrije-tijd,"Koken, tafelen, vrije tijd",Wegwerpbekers,5.02,5.18,3.0,3% volume voordeel,,,2 stuks,,True,AHOO,3% volume voordeel,2026-08-02,2999-12-31,,True,AH,https://www.ah.nl/producten/product/wi617761,2026-08-02,AH Party cups 2-pack,cooking-dining-free-time
618792,0,AH Knoopcel 2032 3-pack,AH,koken-tafelen-vrije-tijd,"Koken, tafelen, vrije tijd",Knoopcelbatterijen,18.87,20.97,10.0,10% volume voordeel,,,3 stuks,,True,AHOO,10% volume voordeel,2026-08-02,2999-12-31,,True,AH,https://www.ah.nl/producten/product/wi618792,2026-08-02,AH Knoopcel 2032 3-pack,cooking-dining-free-time
620996,0,AH Schaar 4-pack,AH,koken-tafelen-vrije-tijd,"Koken, tafelen, vrije tijd","Schaar, rasp, kaasschaaf",10.76,11.96,10.0,10% volume voordeel,,,4 stuks,,True,AHOO,10% volume voordeel,2026-08-02,2999-12-31,,True,AH,https://www.ah.nl/producten/product/wi620996,2026-08-02,AH Scissors 4-pack,cooking-dining-free-time
597544,0,AH Bord jungle 22cm 2-pack,AH,koken-tafelen-vrije-tijd,"Koken, tafelen, vrije tijd",Wegwerpborden,3.86,3.98,3.0,3% volume voordeel,,,2 stuks,,True,AHOO,3% volume voordeel,2026-08-02,2999-12-31,,True,AH,https://www.ah.nl/producten/product/wi597544,2026-08-02,AH Plate jungle 22cm 2-pack,cooking-dining-free-time
617762,0,AH Party cups 3-pack,AH,koken-tafelen-vrije-tijd,"Koken, tafelen, vrije tijd",Wegwerpbekers,7.38,7.77,5.0,5% volume voordeel,,,3 stuks,,True,AHOO,5% volume voordeel,2026-08-02,2999-12-31,,True,AH,https://www.ah.nl/producten/product/wi617762,2026-08-02,AH Party cups 3-pack,cooking-dining-free-time
621732,0,AH Servet ruit 3-pack,AH,koken-tafelen-vrije-tijd,"Koken, tafelen, vrije tijd",Servetten,5.67,5.97,5.0,5% volume voordeel,,,3 stuks,,True,AHOO,5% volume voordeel,2026-08-02,2999-12-31,,True,AH,https://www.ah.nl/producten/product/wi621732,2026-08-02,AH Napkin diamond 3-pack,cooking-dining-free-time
514521,25496,AH Bord blad 22cm,AH,koken-tafelen-vrije-tijd,"Koken, tafelen, vrije tijd",Wegwerpborden,1.99,1.99,,,,,10 stuks,,False,,,,,,True,AH,https://www.ah.nl/producten/product/wi514521,2026-08-02,AH Plate top 22cm,cooking-dining-free-time
146668,88838, Varia 3* bundel,,koken-tafelen-vrije-tijd,"Koken, tafelen, vrije tijd",Puzzelboekjes,5.25,5.25,,,,,per stuk,,False,,,,,,True,AH,https://www.ah.nl/producten/product/wi146668,2026-08-02,Varia 3* bundle,cooking-dining-free-time
384516,843327,Edding Permanent marker zwart,Edding,koken-tafelen-vrije-tijd,"Koken, tafelen, vrije tijd",Schrijfwaren en plakband,3.49,3.49,,,,,per stuk,,False,,,,,,True,AH,https://www.ah.nl/producten/product/wi384516,2026-08-02,Edding Permanent marker black,cooking-dining-free-time
437371,63138,Duracell 2032 Lithium-knoopcelbatterijen CR2032,Duracell,koken-tafelen-vrije-tijd,"Koken, tafelen, vrije tijd",Knoopcelbatterijen,9.99,9.99,,,,,4 stuks,,False,,,,,,True,AH,https://www.ah.nl/producten/product/wi437371,2026-08-02,Duracell 2032 Lithium button cell batteries CR2032,cooking-dining-free-time
441067,704701,AH Houtwol brandt schoon & geurloos,AH,koken-tafelen-vrije-tijd,"Koken, tafelen, vrije tijd",Aanmaakblokjes,4.99,4.99,,,,,40 stuks,,False,,,,,,True,AH,https://www.ah.nl/producten/product/wi441067,2026-08-02,AH Wood Wool burns cleanly & odorlessly,cooking-dining-free-time
514577,29072,Curver Smart fresh bewaardoos rechthoekig 1l,Curver,koken-tafelen-vrije-tijd,"Koken, tafelen, vrije tijd",Bewaardozen en diepvriesdozen,3.69,3.69,,,,,per stuk,,False,,,,,,True,AH,https://www.ah.nl/producten/product/wi514577,2026-08-02,Curver Smart fresh storage box rectangular 1l,cooking-dining-free-time
556497,710999,AH Theedoeken grijs,AH,koken-tafelen-vrije-tijd,"Koken, tafelen, vrije tijd",Keukentextiel,4.99,4.99,,,,,per set,,False,,,,,,True,AH,https://www.ah.nl/producten/product/wi556497,2026-08-02,AH Tea towels gray,cooking-dining-free-time
589524,35198,24Basics Lijmstift 2-pack,24Basics,koken-tafelen-vrije-tijd,"Koken, tafelen, vrije tijd","Hobby, vrije tijd",2.49,2.49,,,,,2 stuks,,False,,,,,,True,AH,https://www.ah.nl/producten/product/wi589524,2026-08-02,24Basics Glue Stick 2-pack,cooking-dining-free-time
614152,0,Duracell 2032 Lithium-knoopcelbatterij CR2032 2pk,Duracell,koken-tafelen-vrije-tijd,"Koken, tafelen, vrije tijd",Knoopcelbatterijen,15.98,19.98,20.0,20% volume voordeel,,,2 stuks,,True,AHOO,20% volume voordeel,2026-08-02,2999-12-31,,True,AH,https://www.ah.nl/producten/product/wi614152,2026-08-02,Duracell 2032 Lithium button cell battery CR2032 2hp,cooking-dining-free-time
621044,0,AH Bakje blad 2-pack,AH,koken-tafelen-vrije-tijd,"Koken, tafelen, vrije tijd","Kommen, schaaltjes",3.86,3.98,3.0,3% volume voordeel,,,2 stuks,,True,AHOO,3% volume voordeel,2026-08-02,2999-12-31,,True,AH,https://www.ah.nl/producten/product/wi621044,2026-08-02,AH Tray tray 2-pack,cooking-dining-free-time
580258,23813,AH Koekenpan easy chef 28cm,AH,koken-tafelen-vrije-tijd,"Koken, tafelen, vrije tijd",Koekenpannen,19.99,19.99,,,,,per stuk,,False,,,,,,True,AH,https://www.ah.nl/producten/product/wi580258,2026-08-02,AH Frying pan easy chef 28cm,cooking-dining-free-time
617445,0,AH Tapasprikkers 18 cm 3-pack,AH,koken-tafelen-vrije-tijd,"Koken, tafelen, vrije tijd","Prikkers, touw",5.49,5.97,8.0,8% volume voordeel,,,3 stuks,,True,AHOO,8% volume voordeel,2026-08-02,2999-12-31,,True,AH,https://www.ah.nl/producten/product/wi617445,2026-08-02,AH Tapas sticks 18 cm 3-pack,cooking-dining-free-time
617446,0,AH Tapasprikkers 18 cm 4-pack,AH,koken-tafelen-vrije-tijd,"Koken, tafelen, vrije tijd","Prikkers, touw",7.16,7.96,10.0,10% volume voordeel,,,4 stuks,,True,AHOO,10% volume voordeel,2026-08-02,2999-12-31,,True,AH,https://www.ah.nl/producten/product/wi617446,2026-08-02,AH Tapas sticks 18 cm 4-pack,cooking-dining-free-time
619379,0,AH Beker blad 3-pack,AH,koken-tafelen-vrije-tijd,"Koken, tafelen, vrije tijd",Wegwerpbekers,5.67,5.97,5.0,5% volume voordeel,,,3 stuks,,True,AHOO,5% volume voordeel,2026-08-02,2999-12-31,,True,AH,https://www.ah.nl/producten/product/wi619379,2026-08-02,AH Cup tray 3-pack,cooking-dining-free-time
619382,0,AH Bord blad 15cm 4-pack,AH,koken-tafelen-vrije-tijd,"Koken, tafelen, vrije tijd",Wegwerpborden,5.36,5.96,10.0,10% volume voordeel,,,4 stuks,,True,AHOO,10% volume voordeel,2026-08-02,2999-12-31,,True,AH,https://www.ah.nl/producten/product/wi619382,2026-08-02,AH Plate top 15cm 4-pack,cooking-dining-free-time
619575,0,AH Servet jungle 33cm 4-pack,AH,koken-tafelen-vrije-tijd,"Koken, tafelen, vrije tijd",Servetten,7.16,7.96,10.0,10% volume voordeel,,,4 stuks,,True,AHOO,10% volume voordeel,2026-08-02,2999-12-31,,True,AH,https://www.ah.nl/producten/product/wi619575,2026-08-02,AH Napkin jungle 33cm 4-pack,cooking-dining-free-time
620909,0,AH Koekenpan easy chef 28cm 2-pack,AH,koken-tafelen-vrije-tijd,"Koken, tafelen, vrije tijd",Koekenpannen,38.38,39.98,4.0,4% volume voordeel,,,2 stuks,,True,AHOO,4% volume voordeel,2026-08-02,2999-12-31,,True,AH,https://www.ah.nl/producten/product/wi620909,2026-08-02,AH Frying pan easy chef 28cm 2-pack,cooking-dining-free-time
621045,0,AH Bakje blad 3-pack,AH,koken-tafelen-vrije-tijd,"Koken, tafelen, vrije tijd","Kommen, schaaltjes",5.67,5.97,5.0,5% volume voordeel,,,3 stuks,,True,AHOO,5% volume voordeel,2026-08-02,2999-12-31,,True,AH,https://www.ah.nl/producten/product/wi621045,2026-08-02,AH Tray tray 3-pack,cooking-dining-free-time
621073,0,AH Lepel herbruikbaar 2-pack,AH,koken-tafelen-vrije-tijd,"Koken, tafelen, vrije tijd",Bestek,5.8,5.98,3.0,3% volume voordeel,,,2 stuks,,True,AHOO,3% volume voordeel,2026-08-02,2999-12-31,,True,AH,https://www.ah.nl/producten/product/wi621073,2026-08-02,AH Spoon reusable 2-pack,cooking-dining-free-time
142787,29093, Libelle,,koken-tafelen-vrije-tijd,"Koken, tafelen, vrije tijd",Tijdschriften,5.99,5.99,,,,,per stuk,,False,,,,,,True,AH,https://www.ah.nl/producten/product/wi142787,2026-08-02,Dragonfly,cooking-dining-free-time
142791,29102, Donald duck,,koken-tafelen-vrije-tijd,"Koken, tafelen, vrije tijd",Tijdschriften,4.3,4.3,,,,,per stuk,,False,,,,,,True,AH,https://www.ah.nl/producten/product/wi142791,2026-08-02,Donald duck,cooking-dining-free-time
514253,7390,AH Papieren uitdeelzakjes,AH,koken-tafelen-vrije-tijd,"Koken, tafelen, vrije tijd",Feestversiering en traktatie,1.69,1.69,,,,,8 stuks,,False,,,,,,True,AH,https://www.ah.nl/producten/product/wi514253,2026-08-02,AH Paper handout bags,cooking-dining-free-time
514262,14535,AH Cocktail prikker,AH,koken-tafelen-vrije-tijd,"Koken, tafelen, vrije tijd","Prikkers, touw",0.99,0.99,,,,,8 stuks,,False,,,,,,True,AH,https://www.ah.nl/producten/product/wi514262,2026-08-02,AH Cocktail stick,cooking-dining-free-time
545166,654018,AH Theelichten 6 uur,AH,koken-tafelen-vrije-tijd,"Koken, tafelen, vrije tijd",Theelichten,4.59,4.59,,,,,50 stuks,,False,,,,,,True,AH,https://www.ah.nl/producten/product/wi545166,2026-08-02,AH Tealights 6 hours,cooking-dining-free-time
598418,0,AH Mes herbruikbaar 4-pack,AH,koken-tafelen-vrije-tijd,"Koken, tafelen, vrije tijd",Bestek,10.76,11.96,10.0,10% volume voordeel,,,4 stuks,,True,AHOO,10% volume voordeel,2026-08-02,2999-12-31,,True,AH,https://www.ah.nl/producten/product/wi598418,2026-08-02,AH Knife reusable 4-pack,cooking-dining-free-time
621074,0,AH Lepel herbruikbaar 3-pack,AH,koken-tafelen-vrije-tijd,"Koken, tafelen, vrije tijd",Bestek,8.52,8.97,5.0,5% volume voordeel,,,3 stuks,,True,AHOO,5% volume voordeel,2026-08-02,2999-12-31,,True,AH,https://www.ah.nl/producten/product/wi621074,2026-08-02,AH Spoon reusable 3-pack,cooking-dining-free-time
413841,856695,AH Bindtouw rood,AH,koken-tafelen-vrije-tijd,"Koken, tafelen, vrije tijd","Prikkers, touw",2.69,2.69,,,,,per stuk,,False,,,,,,True,AH,https://www.ah.nl/producten/product/wi413841,2026-08-02,AH Binding rope red,cooking-dining-free-time
481834,736610,Duracell Plus 9V-alkaline batterijen 6LR61,Duracell,koken-tafelen-vrije-tijd,"Koken, tafelen, vrije tijd",9V batterijen en overige batterijen,7.99,7.99,,,,,per stuk,,False,,,,,,True,AH,https://www.ah.nl/producten/product/wi481834,2026-08-02,Duracell Plus 9V alkaline batteries 6LR61,cooking-dining-free-time
556848,619541,AH Shot glaasjes,AH,koken-tafelen-vrije-tijd,"Koken, tafelen, vrije tijd",Wegwerpbekers,1.69,1.69,,,,,24 stuks,,False,,,,,,True,AH,https://www.ah.nl/producten/product/wi556848,2026-08-02,AH Shot glasses,cooking-dining-free-time
597543,0,AH Bord blad 22cm 2-pack,AH,koken-tafelen-vrije-tijd,"Koken, tafelen, vrije tijd",Wegwerpborden,3.86,3.98,3.0,3% volume voordeel,,,2 stuks,,True,AHOO,3% volume voordeel,2026-08-02,2999-12-31,,True,AH,https://www.ah.nl/producten/product/wi597543,2026-08-02,AH Plate top 22cm 2-pack,cooking-dining-free-time
597775,46386,Blue Home Eierkoker,Blue Home,koken-tafelen-vrije-tijd,"Koken, tafelen, vrije tijd","Keukenmachines, blenders en staafmixers",14.99,14.99,,,,,per stuk,,False,,,,,,True,AH,https://www.ah.nl/producten/product/wi597775,2026-08-02,Blue Home Egg Boiler,cooking-dining-free-time
598842,47465,Glade Geurstokjes relaxing zen,Glade,koken-tafelen-vrije-tijd,"Koken, tafelen, vrije tijd",Geurstokjes,6.99,6.99,,2 + 2 GRATIS,,2.0,per stuk,,True,AH,2 + 2 GRATIS,2026-07-27,2026-08-02,,True,AH,https://www.ah.nl/producten/product/wi598842,2026-08-02,Glade Fragrance sticks relaxing zen,cooking-dining-free-time
612620,68331,AH Citronella geurkaarsen in blik,AH,koken-tafelen-vrije-tijd,"Koken, tafelen, vrije tijd",Geurkaarsen,2.79,2.79,,,,,per stuk,,False,,,,,,True,AH,https://www.ah.nl/producten/product/wi612620,2026-08-02,AH Citronella scented candles in a can,cooking-dining-free-time
617327,0,AH Bindtouw rood 2-pack,AH,koken-tafelen-vrije-tijd,"Koken, tafelen, vrije tijd","Prikkers, touw",5.11,5.38,5.0,5% volume voordeel,,,2 stuks,,True,AHOO,5% volume voordeel,2026-08-02,2999-12-31,,True,AH,https://www.ah.nl/producten/product/wi617327,2026-08-02,AH Binding rope red 2-pack,cooking-dining-free-time
619381,0,AH Bord blad 15cm 3-pack,AH,koken-tafelen-vrije-tijd,"Koken, tafelen, vrije tijd",Wegwerpborden,4.25,4.47,5.0,5% volume voordeel,,,3 stuks,,True,AHOO,5% volume voordeel,2026-08-02,2999-12-31,,True,AH,https://www.ah.nl/producten/product/wi619381,2026-08-02,AH Plate top 15cm 3-pack,cooking-dining-free-time
620910,0,AH Koekenpan easy chef 28cm 3-pack,AH,koken-tafelen-vrije-tijd,"Koken, tafelen, vrije tijd",Koekenpannen,56.97,59.97,5.0,5% volume voordeel,,,3 stuks,,True,AHOO,5% volume voordeel,2026-08-02,2999-12-31,,True,AH,https://www.ah.nl/producten/product/wi620910,2026-08-02,AH Frying pan easy chef 28cm 3-pack,cooking-dining-free-time
620911,0,AH Koekenpan easy chef 28cm 4-pack,AH,koken-tafelen-vrije-tijd,"Koken, tafelen, vrije tijd",Koekenpannen,74.36,79.96,7.0,7% volume voordeel,,,4 stuks,,True,AHOO,7% volume voordeel,2026-08-02,2999-12-31,,True,AH,https://www.ah.nl/producten/product/wi620911,2026-08-02,AH Frying pan easy chef 28cm 4-pack,cooking-dining-free-time
598426,0,AH Theedoeken grijs 2-pack,AH,koken-tafelen-vrije-tijd,"Koken, tafelen, vrije tijd",Keukentextiel,9.68,9.98,3.0,3% volume voordeel,,,2 stuks,,True,AHOO,3% volume voordeel,2026-08-02,2999-12-31,,True,AH,https://www.ah.nl/producten/product/wi598426,2026-08-02,AH Tea towels gray 2-pack,cooking-dining-free-time
614153,0,Duracell 2032 Lithium-knoopcelbatterij CR2032 3pk,Duracell,koken-tafelen-vrije-tijd,"Koken, tafelen, vrije tijd",Knoopcelbatterijen,20.98,29.97,30.0,30% volume voordeel,,,3 stuks,,True,AHOO,30% volume voordeel,2026-08-02,2999-12-31,,True,AH,https://www.ah.nl/producten/product/wi614153,2026-08-02,Duracell 2032 Lithium button cell battery CR2032 3hp,cooking-dining-free-time
2856,13906,AH Haardblok,AH,koken-tafelen-vrije-tijd,"Koken, tafelen, vrije tijd",Haardhout,2.69,2.69,,,,,per stuk,,False,,,,,,True,AH,https://www.ah.nl/producten/product/wi2856,2026-08-02,AH Fireplace,cooking-dining-free-time
41468,23442,Farmlight Lampolie helder,Farmlight,koken-tafelen-vrije-tijd,"Koken, tafelen, vrije tijd",Buitenkaarsen en lampolie,3.79,3.79,,,,,1 l,prijs per liter €3.79,False,,,,,,True,AH,https://www.ah.nl/producten/product/wi41468,2026-08-02,Farmlight Lamp oil clear,cooking-dining-free-time
413813,856665,"AH Bewaardoos 1,2 l vierkant",AH,koken-tafelen-vrije-tijd,"Koken, tafelen, vrije tijd",Bewaardozen en diepvriesdozen,3.99,3.99,,,,,3 stuks,,False,,,,,,True,AH,https://www.ah.nl/producten/product/wi413813,2026-08-02,AH Storage box 1.2 l square,cooking-dining-free-time
589536,35226,24Basics Wit papier 80gram,24Basics,koken-tafelen-vrije-tijd,"Koken, tafelen, vrije tijd",Papierwaren,2.69,2.69,,,,,100 stuks,,False,,,,,,True,AH,https://www.ah.nl/producten/product/wi589536,2026-08-02,24Basics White paper 80gram,cooking-dining-free-time
