id,hq_id,title,brand,scraped_aisle,main_category,sub_category,final_price,original_price,discount_pct,discount_label,deal_price,deal_count,unit,unit_price_description,is_bonus,discount_type,bonus_mechanism,bonus_start,bonus_end,nutriscore,available_online,shop_type,url,scraped_at,title_eng,aisle_eng
588085,33267,Boursin Plantaardig knoflook & fijne kruiden,Boursin,vegetarisch-vegan-en-plantaardig,"Vegetarisch, vegan en plantaardig",Plantaardige kaas voor de borrel,3.49,3.49,,,,,150 g,prijs per kg €23.27,False,,,,,D,True,AH,https://www.ah.nl/producten/product/wi588085,2026-08-04,Boursin Plantaardig knoflook & fijne kruiden,vegetarisch-vegan-en-plantaardig
412158,855694,Oatly! Haver barista edition,Oatly!,vegetarisch-vegan-en-plantaardig,"Vegetarisch, vegan en plantaardig",Haverdrink,2.89,2.89,,,,,1 l,prijs per liter €2.89,False,,,,,D,True,AH,https://www.ah.nl/producten/product/wi412158,2026-08-04,Oatly! Haver barista edition,vegetarisch-vegan-en-plantaardig
611232,0,Oatly! Haver barista edition 4-pack,Oatly!,vegetarisch-vegan-en-plantaardig,"Vegetarisch, vegan en plantaardig",Haverdrink,10.98,11.56,5.0,5% volume voordeel,,,4 stuks,,True,AHOO,5% volume voordeel,2026-08-04,2999-12-31,,True,AH,https://www.ah.nl/producten/product/wi611232,2026-08-04,Oatly! Haver barista edition 4-pack,vegetarisch-vegan-en-plantaardig
445419,707247,Kips Vega paté vol en smeuig,Kips,vegetarisch-vegan-en-plantaardig,"Vegetarisch, vegan en plantaardig",Plantaardige vleeswaren,2.49,2.49,,,,,125 g,prijs per kg €19.92,False,,,,,E,True,AH,https://www.ah.nl/producten/product/wi445419,2026-08-04,Kips Vega paté vol en smeuig,vegetarisch-vegan-en-plantaardig
565765,4557,AH Terra Plantaardige sojadrink ongezoet,AH Terra,vegetarisch-vegan-en-plantaardig,"Vegetarisch, vegan en plantaardig",Sojadrink,0.89,0.89,,,,,1 l,prijs per liter €0.89,False,,,,,B,True,AH,https://www.ah.nl/producten/product/wi565765,2026-08-04,AH Terra Plantaardige sojadrink ongezoet,vegetarisch-vegan-en-plantaardig
565766,4558,AH Terra Amandeldrink ongezoet,AH Terra,vegetarisch-vegan-en-plantaardig,"Vegetarisch, vegan en plantaardig","Amandel, cashewdrink",1.49,1.49,,,,,1 l,prijs per liter €1.49,False,,,,,B,True,AH,https://www.ah.nl/producten/product/wi565766,2026-08-04,AH Terra Amandeldrink ongezoet,vegetarisch-vegan-en-plantaardig
489288,742894,AH Terra Plantaardige smeerleverworst,AH Terra,vegetarisch-vegan-en-plantaardig,"Vegetarisch, vegan en plantaardig",Plantaardige vleeswaren,1.59,1.59,,,,,125 g,prijs per kg €12.72,False,,,,,C,True,AH,https://www.ah.nl/producten/product/wi489288,2026-08-04,AH Terra Plantaardige smeerleverworst,vegetarisch-vegan-en-plantaardig
462463,714670,AH Terra Plantaardige haverdrink ongezoet,AH Terra,vegetarisch-vegan-en-plantaardig,"Vegetarisch, vegan en plantaardig",Haverdrink,1.35,1.35,,,,,1 l,prijs per liter €1.35,False,,,,,C,True,AH,https://www.ah.nl/producten/product/wi462463,2026-08-04,AH Terra Plantaardige haverdrink ongezoet,vegetarisch-vegan-en-plantaardig
438961,70493,AH Plantaardige hummus naturel,AH,vegetarisch-vegan-en-plantaardig,"Vegetarisch, vegan en plantaardig",Hummus naturel,1.29,1.29,,,,,200 g,prijs per kg €6.45,False,,,,,C,True,AH,https://www.ah.nl/producten/product/wi438961,2026-08-04,AH Plantaardige hummus naturel,vegetarisch-vegan-en-plantaardig
518423,87619,Alpro Mild & creamy zonder suikers,Alpro,vegetarisch-vegan-en-plantaardig,"Vegetarisch, vegan en plantaardig",Plantaardige yoghurt naturel,2.99,2.99,,,,,755 g,prijs per kg €3.96,False,,,,,A,True,AH,https://www.ah.nl/producten/product/wi518423,2026-08-04,Alpro Mild & creamy zonder suikers,vegetarisch-vegan-en-plantaardig
604676,0,Alpro Mild & creamy zonder suikers 2-pack,Alpro,vegetarisch-vegan-en-plantaardig,"Vegetarisch, vegan en plantaardig",Plantaardige yoghurt naturel,5.68,5.98,5.0,5% volume voordeel,,,2 stuks,,True,AHOO,5% volume voordeel,2026-08-04,2999-12-31,,True,AH,https://www.ah.nl/producten/product/wi604676,2026-08-04,Alpro Mild & creamy zonder suikers 2-pack,vegetarisch-vegan-en-plantaardig
461862,714665,Alpro Barista haver,Alpro,vegetarisch-vegan-en-plantaardig,"Vegetarisch, vegan en plantaardig",Haverdrink,2.79,2.79,,,,,1 l,prijs per liter €2.79,False,,,,,A,True,AH,https://www.ah.nl/producten/product/wi461862,2026-08-04,Alpro Barista haver,vegetarisch-vegan-en-plantaardig
568161,0,Alpro Barista haver 6-pack,Alpro,vegetarisch-vegan-en-plantaardig,"Vegetarisch, vegan en plantaardig",Haverdrink,15.07,16.74,10.0,10% volume voordeel,,,6 stuks,,True,AHOO,10% volume voordeel,2026-08-04,2999-12-31,,True,AH,https://www.ah.nl/producten/product/wi568161,2026-08-04,Alpro Barista haver 6-pack,vegetarisch-vegan-en-plantaardig
570848,11083,Alpro Barista kokos,Alpro,vegetarisch-vegan-en-plantaardig,"Vegetarisch, vegan en plantaardig",Kokosdrink,2.89,2.89,,,,,"0,75 l",prijs per liter €3.85,False,,,,,B,True,AH,https://www.ah.nl/producten/product/wi570848,2026-08-04,Alpro Barista kokos,vegetarisch-vegan-en-plantaardig
572134,0,Alpro Barista kokosnoot 6-pack,Alpro,vegetarisch-vegan-en-plantaardig,"Vegetarisch, vegan en plantaardig",Kokosdrink,15.61,17.34,10.0,10% volume voordeel,,,6 stuks,,True,AHOO,10% volume voordeel,2026-08-04,2999-12-31,,True,AH,https://www.ah.nl/producten/product/wi572134,2026-08-04,Alpro Barista kokosnoot 6-pack,vegetarisch-vegan-en-plantaardig
202746,520009,Maza Hoemoes,Maza,vegetarisch-vegan-en-plantaardig,"Vegetarisch, vegan en plantaardig",Hummus naturel,2.49,2.49,,,,,200 g,prijs per kg €12.45,False,,,,,C,True,AH,https://www.ah.nl/producten/product/wi202746,2026-08-04,Maza Hoemoes,vegetarisch-vegan-en-plantaardig
611390,0,Maza Hoemoes 4-pack,Maza,vegetarisch-vegan-en-plantaardig,"Vegetarisch, vegan en plantaardig",Hummus naturel,9.46,9.96,5.0,5% volume voordeel,,,4 stuks,,True,AHOO,5% volume voordeel,2026-08-04,2999-12-31,,True,AH,https://www.ah.nl/producten/product/wi611390,2026-08-04,Maza Hoemoes 4-pack,vegetarisch-vegan-en-plantaardig
565763,4555,AH Terra Plantaardige sojadrink,AH Terra,vegetarisch-vegan-en-plantaardig,"Vegetarisch, vegan en plantaardig",Sojadrink,0.65,0.65,,,,,1 l,prijs per liter €0.65,False,,,,,B,True,AH,https://www.ah.nl/producten/product/wi565763,2026-08-04,AH Terra Plantaardige sojadrink,vegetarisch-vegan-en-plantaardig
188227,789013,Alpro Sojadrink original,Alpro,vegetarisch-vegan-en-plantaardig,"Vegetarisch, vegan en plantaardig",Sojadrink,1.99,1.99,,,,,1 l,prijs per liter €1.99,False,,,,,A,True,AH,https://www.ah.nl/producten/product/wi188227,2026-08-04,Alpro Sojadrink original,vegetarisch-vegan-en-plantaardig
562392,0,Alpro Sojadrink original 4-pack,Alpro,vegetarisch-vegan-en-plantaardig,"Vegetarisch, vegan en plantaardig",Sojadrink,7.56,7.96,5.0,5% volume voordeel,,,4 stuks,,True,AHOO,5% volume voordeel,2026-08-04,2999-12-31,,True,AH,https://www.ah.nl/producten/product/wi562392,2026-08-04,Alpro Sojadrink original 4-pack,vegetarisch-vegan-en-plantaardig
572133,0,Alpro Barista kokosnoot 4-pack,Alpro,vegetarisch-vegan-en-plantaardig,"Vegetarisch, vegan en plantaardig",Kokosdrink,10.98,11.56,5.0,5% volume voordeel,,,4 stuks,,True,AHOO,5% volume voordeel,2026-08-04,2999-12-31,,True,AH,https://www.ah.nl/producten/product/wi572133,2026-08-04,Alpro Barista kokosnoot 4-pack,vegetarisch-vegan-en-plantaardig
570842,11074,AH Terra Plantaardige barista haver,AH Terra,vegetarisch-vegan-en-plantaardig,"Vegetarisch, vegan en plantaardig",Haverdrink,1.69,1.69,,,,,1 l,prijs per liter €1.69,False,,,,,C,True,AH,https://www.ah.nl/producten/product/wi570842,2026-08-04,AH Terra Plantaardige barista haver,vegetarisch-vegan-en-plantaardig
486626,742126,Alpro Variatie op kwark zonder suikers,Alpro,vegetarisch-vegan-en-plantaardig,"Vegetarisch, vegan en plantaardig","Plantaardige kwark, vla",2.49,2.49,,,,,400 g,prijs per kg €6.23,False,,,,,A,True,AH,https://www.ah.nl/producten/product/wi486626,2026-08-04,Alpro Variatie op kwark zonder suikers,vegetarisch-vegan-en-plantaardig
593710,0,Alpro Variatie op kwark zonder suikers 2-pack,Alpro,vegetarisch-vegan-en-plantaardig,"Vegetarisch, vegan en plantaardig","Plantaardige kwark, vla",4.73,4.98,5.0,5% volume voordeel,,,2 stuks,,True,AHOO,5% volume voordeel,2026-08-04,2999-12-31,,True,AH,https://www.ah.nl/producten/product/wi593710,2026-08-04,Alpro Variatie op kwark zonder suikers 2-pack,vegetarisch-vegan-en-plantaardig
570853,11080,Oatly! Biologische barista haver,Oatly!,vegetarisch-vegan-en-plantaardig,"Vegetarisch, vegan en plantaardig",Haverdrink,2.99,2.99,,,,,1 l,prijs per liter €2.99,False,,,,,D,True,AH,https://www.ah.nl/producten/product/wi570853,2026-08-04,Oatly! Biologische barista haver,vegetarisch-vegan-en-plantaardig
611231,0,Oatly! Bio barista haver 4-pack,Oatly!,vegetarisch-vegan-en-plantaardig,"Vegetarisch, vegan en plantaardig",Haverdrink,11.36,11.96,5.0,5% volume voordeel,,,4 stuks,,True,AHOO,5% volume voordeel,2026-08-04,2999-12-31,,True,AH,https://www.ah.nl/producten/product/wi611231,2026-08-04,Oatly! Bio barista haver 4-pack,vegetarisch-vegan-en-plantaardig
591341,38699,AH Terra Soja gurt,AH Terra,vegetarisch-vegan-en-plantaardig,"Vegetarisch, vegan en plantaardig",Plantaardige yoghurt naturel,1.79,1.79,,,,,1 l,prijs per liter €1.79,False,,,,,A,True,AH,https://www.ah.nl/producten/product/wi591341,2026-08-04,AH Terra Soja gurt,vegetarisch-vegan-en-plantaardig
445420,707248,Kips Vega smeerworst kleintje,Kips,vegetarisch-vegan-en-plantaardig,"Vegetarisch, vegan en plantaardig",Plantaardige vleeswaren,2.19,2.19,,,,,6 x 20 g,prijs per kg €18.25,False,,,,,D,True,AH,https://www.ah.nl/producten/product/wi445420,2026-08-04,Kips Vega smeerworst kleintje,vegetarisch-vegan-en-plantaardig
196169,794356,Alpro Mild & creamy vanille smaak,Alpro,vegetarisch-vegan-en-plantaardig,"Vegetarisch, vegan en plantaardig",Plantaardige yoghurt met smaak,2.99,2.99,,,,,750 g,prijs per kg €3.99,False,,,,,A,True,AH,https://www.ah.nl/producten/product/wi196169,2026-08-04,Alpro Mild & creamy vanille smaak,vegetarisch-vegan-en-plantaardig
604675,0,Alpro Mild & creamy vanille smaak 2-pack,Alpro,vegetarisch-vegan-en-plantaardig,"Vegetarisch, vegan en plantaardig",Plantaardige yoghurt met smaak,5.68,5.98,5.0,5% volume voordeel,,,2 stuks,,True,AHOO,5% volume voordeel,2026-08-04,2999-12-31,,True,AH,https://www.ah.nl/producten/product/wi604675,2026-08-04,Alpro Mild & creamy vanille smaak 2-pack,vegetarisch-vegan-en-plantaardig
413077,856340,Maza Hoemoes less salt,Maza,vegetarisch-vegan-en-plantaardig,"Vegetarisch, vegan en plantaardig",Hummus naturel,2.49,2.49,,,,,200 g,prijs per kg €12.45,False,,,,,C,True,AH,https://www.ah.nl/producten/product/wi413077,2026-08-04,Maza Hoemoes less salt,vegetarisch-vegan-en-plantaardig
611394,0,Maza Hoemoes less salt 4-pack,Maza,vegetarisch-vegan-en-plantaardig,"Vegetarisch, vegan en plantaardig",Hummus naturel,9.46,9.96,5.0,5% volume voordeel,,,4 stuks,,True,AHOO,5% volume voordeel,2026-08-04,2999-12-31,,True,AH,https://www.ah.nl/producten/product/wi611394,2026-08-04,Maza Hoemoes less salt 4-pack,vegetarisch-vegan-en-plantaardig
114698,535295,Alpro Sojadrink zonder suikers,Alpro,vegetarisch-vegan-en-plantaardig,"Vegetarisch, vegan en plantaardig",Sojadrink,1.99,1.99,,,,,1 l,prijs per liter €1.99,False,,,,,A,True,AH,https://www.ah.nl/producten/product/wi114698,2026-08-04,Alpro Sojadrink zonder suikers,vegetarisch-vegan-en-plantaardig
607847,0,Alpro Sojadrink zonder suikers 4-pack,Alpro,vegetarisch-vegan-en-plantaardig,"Vegetarisch, vegan en plantaardig",Sojadrink,7.56,7.96,5.0,5% volume voordeel,,,4 stuks,,True,AHOO,5% volume voordeel,2026-08-04,2999-12-31,,True,AH,https://www.ah.nl/producten/product/wi607847,2026-08-04,Alpro Sojadrink zonder suikers 4-pack,vegetarisch-vegan-en-plantaardig
580545,23253,AH Terra Plantaardige kipstukjes,AH Terra,vegetarisch-vegan-en-plantaardig,"Vegetarisch, vegan en plantaardig",Vegetarische stukjes,3.45,3.45,,,,,300 g,prijs per kg €11.50,False,,,,,B,True,AH,https://www.ah.nl/producten/product/wi580545,2026-08-04,AH Terra Plantaardige kipstukjes,vegetarisch-vegan-en-plantaardig
556299,594391,AH Terra Plantaardig kokos gurt ongezoet,AH Terra,vegetarisch-vegan-en-plantaardig,"Vegetarisch, vegan en plantaardig",Plantaardige yoghurt met smaak,1.99,1.99,,,,,500 g,prijs per kg €3.98,False,,,,,C,True,AH,https://www.ah.nl/producten/product/wi556299,2026-08-04,AH Terra Plantaardig kokos gurt ongezoet,vegetarisch-vegan-en-plantaardig
438962,70499,AH Plantaardige hummus pikant,AH,vegetarisch-vegan-en-plantaardig,"Vegetarisch, vegan en plantaardig",Hummus met smaakje,1.39,1.39,,,,,200 g,prijs per kg €6.95,False,,,,,C,True,AH,https://www.ah.nl/producten/product/wi438962,2026-08-04,AH Plantaardige hummus pikant,vegetarisch-vegan-en-plantaardig
54074,508672,AH Komkommer,AH,groente-aardappelen,"Groente, aardappelen",Komkommer,0.99,0.99,,,,,per stuk,,False,,,,,A,True,AH,https://www.ah.nl/producten/product/wi54074,2026-08-04,AH Komkommer,groente-aardappelen
4117,646784,AH Paprika rood,AH,groente-aardappelen,"Groente, aardappelen",Paprika,0.99,0.99,,,,,per stuk,,False,,,,,A,True,AH,https://www.ah.nl/producten/product/wi4117,2026-08-04,AH Paprika rood,groente-aardappelen
4164,21003,AH Courgette,AH,groente-aardappelen,"Groente, aardappelen",Courgette,0.495,0.95,47.9,2 voor 0.99,0.99,2.0,per stuk,,True,AH,2 voor 0.99,2026-08-03,2026-08-09,A,True,AH,https://www.ah.nl/producten/product/wi4164,2026-08-04,AH Courgette,groente-aardappelen
101130,529604,AH Biologisch Komkommer,AH Biologisch,groente-aardappelen,"Groente, aardappelen",Komkommer,1.65,1.65,,,,,per stuk,,False,,,,,A,True,AH,https://www.ah.nl/producten/product/wi101130,2026-08-04,AH Biologisch Komkommer,groente-aardappelen
4177,582666,AH Broccoli,AH,groente-aardappelen,"Groente, aardappelen",Broccoli,1.35,1.35,,,,,500 g,prijs per kg €2.70,False,,,,,A,True,AH,https://www.ah.nl/producten/product/wi4177,2026-08-04,AH Broccoli,groente-aardappelen
41194,21006,AH Paprika mix,AH,groente-aardappelen,"Groente, aardappelen",Paprika,1.99,1.99,,,,,3 stuks,,False,,,,,A,True,AH,https://www.ah.nl/producten/product/wi41194,2026-08-04,AH Paprika mix,groente-aardappelen
169797,597702,AH Avocado,AH,groente-aardappelen,"Groente, aardappelen",Avocado,1.39,1.39,,,,,per stuk,,False,,,,,A,True,AH,https://www.ah.nl/producten/product/wi169797,2026-08-04,AH Avocado,groente-aardappelen
4137,36597,AH Cherrytomaten,AH,groente-aardappelen,"Groente, aardappelen",Tomaten,1.09,1.09,,,,,250 g,prijs per kg €4.36,False,,,,,A,True,AH,https://www.ah.nl/producten/product/wi4137,2026-08-04,AH Cherrytomaten,groente-aardappelen
129400,571118,AH Avocado eetrijp,AH,groente-aardappelen,"Groente, aardappelen",Avocado,2.99,2.99,,,,,2 stuks,,False,,,,,A,True,AH,https://www.ah.nl/producten/product/wi129400,2026-08-04,AH Avocado eetrijp,groente-aardappelen
471641,723890,AH Snoepgroente tomaat,AH,groente-aardappelen,"Groente, aardappelen",Snoepgroente,3.29,3.29,,,,,500 g,prijs per kg €6.58,False,,,,,A,True,AH,https://www.ah.nl/producten/product/wi471641,2026-08-04,AH Snoepgroente tomaat,groente-aardappelen
171425,767852,AH Prei,AH,groente-aardappelen,"Groente, aardappelen",Prei,0.75,0.75,,,,,per stuk,,False,,,,,A,True,AH,https://www.ah.nl/producten/product/wi171425,2026-08-04,AH Prei,groente-aardappelen
169813,599987,AH Bosui,AH,groente-aardappelen,"Groente, aardappelen",Ui,0.99,0.99,,,,,per bosje,,False,,,,,A,True,AH,https://www.ah.nl/producten/product/wi169813,2026-08-04,AH Bosui,groente-aardappelen
4180,809016,AH Aubergine,AH,groente-aardappelen,"Groente, aardappelen",Aubergine,0.99,0.99,,,,,per stuk,,False,,,,,A,True,AH,https://www.ah.nl/producten/product/wi4180,2026-08-04,AH Aubergine,groente-aardappelen
502305,819328,AH Snoepgroente komkommer,AH,groente-aardappelen,"Groente, aardappelen",Snoepgroente,1.6667,2.19,23.9,3 voor 5.00,5.0,3.0,230 g,normale prijs per kg €9.52,True,AH,3 voor 5.00,2026-08-03,2026-08-09,A,True,AH,https://www.ah.nl/producten/product/wi502305,2026-08-04,AH Snoepgroente komkommer,groente-aardappelen
111767,555634,AH Rucola,AH,groente-aardappelen,"Groente, aardappelen",Sla,1.09,1.09,,,,,85 g,prijs per kg €12.82,False,,,,,A,True,AH,https://www.ah.nl/producten/product/wi111767,2026-08-04,AH Rucola,groente-aardappelen
123865,526638,AH Sweet palermo rode puntpaprika,AH,groente-aardappelen,"Groente, aardappelen",Paprika,1.69,1.69,,,,,2 stuks,,False,,,,,A,True,AH,https://www.ah.nl/producten/product/wi123865,2026-08-04,AH Sweet palermo rode puntpaprika,groente-aardappelen
123864,501842,AH Tasty Tom trostomaten,AH,groente-aardappelen,"Groente, aardappelen",Tomaten,2.79,2.79,,,,,380 g,prijs per kg €7.34,False,,,,,A,True,AH,https://www.ah.nl/producten/product/wi123864,2026-08-04,AH Tasty Tom trostomaten,groente-aardappelen
193247,794420,AH Fijngesneden ijsbergsla,AH,groente-aardappelen,"Groente, aardappelen",Sla,0.99,0.99,,,,,100 g,prijs per kg €9.90,False,,,,,A,True,AH,https://www.ah.nl/producten/product/wi193247,2026-08-04,AH Fijngesneden ijsbergsla,groente-aardappelen
4183,20960,AH Bloemkool,AH,groente-aardappelen,"Groente, aardappelen",Bloemkool,1.29,1.99,35.2,voor 1.29,1.29,,per stuk,,True,AH,VOOR 1.29,2026-08-03,2026-08-09,A,True,AH,https://www.ah.nl/producten/product/wi4183,2026-08-04,AH Bloemkool,groente-aardappelen
165583,596488,AH Sweet cherry cherrytomaten,AH,groente-aardappelen,"Groente, aardappelen",Tomaten,2.99,2.99,,,,,250 g,prijs per kg €11.96,False,,,,,A,True,AH,https://www.ah.nl/producten/product/wi165583,2026-08-04,AH Sweet cherry cherrytomaten,groente-aardappelen
238834,831963,AH Witlof,AH,groente-aardappelen,"Groente, aardappelen",Witlof en roodlof,2.29,2.29,,,,,4 stuks,,False,,,,,A,True,AH,https://www.ah.nl/producten/product/wi238834,2026-08-04,AH Witlof,groente-aardappelen
4099,20952,AH Ijsbergsla,AH,groente-aardappelen,"Groente, aardappelen",Sla,0.99,0.99,,,,,per stuk,,False,,,,,A,True,AH,https://www.ah.nl/producten/product/wi4099,2026-08-04,AH Ijsbergsla,groente-aardappelen
129684,583659,AH IJsbergsla,AH,groente-aardappelen,"Groente, aardappelen",Sla,1.09,1.09,,,,,200 g,prijs per kg €5.45,False,,,,,A,True,AH,https://www.ah.nl/producten/product/wi129684,2026-08-04,AH IJsbergsla,groente-aardappelen
611642,67842,AH Basilicum,AH,groente-aardappelen,"Groente, aardappelen",Verse kruiden,1.19,1.19,,,,,22 g,prijs per kg €54.09,False,,,,,A,True,AH,https://www.ah.nl/producten/product/wi611642,2026-08-04,AH Basilicum,groente-aardappelen
4088,582662,AH Tomaten,AH,groente-aardappelen,"Groente, aardappelen",Tomaten,1.79,1.79,,,,,500 g,prijs per kg €3.58,False,,,,,A,True,AH,https://www.ah.nl/producten/product/wi4088,2026-08-04,AH Tomaten,groente-aardappelen
198690,583615,AH Mini krieltjes,AH,groente-aardappelen,"Groente, aardappelen",Krieltjes geschild,1.19,1.19,,,,,600 g,prijs per kg €1.98,False,,,,,A,True,AH,https://www.ah.nl/producten/product/wi198690,2026-08-04,AH Mini krieltjes,groente-aardappelen
389076,845953,AH Biologisch Trostomaten,AH Biologisch,groente-aardappelen,"Groente, aardappelen",Tomaten,2.99,2.99,,,,,500 g,prijs per kg €5.98,False,,,,,A,True,AH,https://www.ah.nl/producten/product/wi389076,2026-08-04,AH Biologisch Trostomaten,groente-aardappelen
185202,780552,AH Biologisch Courgette,AH Biologisch,groente-aardappelen,"Groente, aardappelen",Courgette,1.19,1.19,,,,,per stuk,,False,,,,,A,True,AH,https://www.ah.nl/producten/product/wi185202,2026-08-04,AH Biologisch Courgette,groente-aardappelen
4160,21023,AH Knoflook,AH,groente-aardappelen,"Groente, aardappelen",Knoflook,1.45,1.45,,,,,2 stuks,,False,,,,,A,True,AH,https://www.ah.nl/producten/product/wi4160,2026-08-04,AH Knoflook,groente-aardappelen
4169,21012,AH Witte champignons,AH,groente-aardappelen,"Groente, aardappelen",Champignons,1.25,1.25,,,,,250 g,prijs per kg €5.00,False,,,,,A,True,AH,https://www.ah.nl/producten/product/wi4169,2026-08-04,AH Witte champignons,groente-aardappelen
4102,582663,AH Sperziebonen,AH,groente-aardappelen,"Groente, aardappelen",Sperziebonen,2.49,2.49,,,,,500 g,prijs per kg €4.98,False,,,,,A,True,AH,https://www.ah.nl/producten/product/wi4102,2026-08-04,AH Sperziebonen,groente-aardappelen
4083,20988,AH Gele uien,AH,groente-aardappelen,"Groente, aardappelen",Ui,1.65,1.65,,,,,1 kg,prijs per kg €1.65,False,,,,,A,True,AH,https://www.ah.nl/producten/product/wi4083,2026-08-04,AH Gele uien,groente-aardappelen
104818,526617,AH Biologisch Gember,AH Biologisch,groente-aardappelen,"Groente, aardappelen",Gember en pepers,2.19,2.19,,,,,150 g,prijs per kg €14.60,False,,,,,A,True,AH,https://www.ah.nl/producten/product/wi104818,2026-08-04,AH Biologisch Gember,groente-aardappelen
128148,583663,AH Geschrapte worteltjes grootverpakking,AH,groente-aardappelen,"Groente, aardappelen",Wortel en peen,1.79,1.79,,,,,500 g,prijs per kg €3.58,False,,,,,A,True,AH,https://www.ah.nl/producten/product/wi128148,2026-08-04,AH Geschrapte worteltjes grootverpakking,groente-aardappelen
394821,846713,AH Snoepgroente worteltjes,AH,groente-aardappelen,"Groente, aardappelen",Snoepgroente,0.99,0.99,,,,,150 g,prijs per kg €6.60,False,,,,,A,True,AH,https://www.ah.nl/producten/product/wi394821,2026-08-04,AH Snoepgroente worteltjes,groente-aardappelen
490796,745269,AH Snoepgroente tomaat,AH,groente-aardappelen,"Groente, aardappelen",Snoepgroente,1.6667,2.29,27.2,3 voor 5.00,5.0,3.0,250 g,normale prijs per kg €9.16,True,AH,3 voor 5.00,2026-08-03,2026-08-09,A,True,AH,https://www.ah.nl/producten/product/wi490796,2026-08-04,AH Snoepgroente tomaat,groente-aardappelen
367212,833752,Zespri Kiwi sungold,Zespri,fruit-verse-sappen,"Fruit, verse sappen",Kiwi,6.59,6.59,,,,,750 g,prijs per kg €8.79,False,,,,,A,True,AH,https://www.ah.nl/producten/product/wi367212,2026-08-04,Zespri Kiwi sungold,fruit-verse-sappen
523724,82867,Zespri Kiwi sungold,Zespri,fruit-verse-sappen,"Fruit, verse sappen",Kiwi,3.49,3.49,,,,,3 stuks,,False,,,,,A,True,AH,https://www.ah.nl/producten/product/wi523724,2026-08-04,Zespri Kiwi sungold,fruit-verse-sappen
491168,745534,AH Nederlandse aardbeien,AH,fruit-verse-sappen,"Fruit, verse sappen",Aardbeien,2.995,3.99,24.9,2 voor 5.99,5.99,2.0,400 g,normale prijs per kg €9.98,True,AH,2 voor 5.99,2026-08-03,2026-08-09,A,True,AH,https://www.ah.nl/producten/product/wi491168,2026-08-04,AH Nederlandse aardbeien,fruit-verse-sappen
197393,767854,AH Bananen tros,AH,fruit-verse-sappen,"Fruit, verse sappen",Bananen,1.49,1.49,,,,,Tros,,False,,,,,A,True,AH,https://www.ah.nl/producten/product/wi197393,2026-08-04,AH Bananen tros,fruit-verse-sappen
177754,587596,AH Blauwe bessen,AH,fruit-verse-sappen,"Fruit, verse sappen",Blauwe bessen,4.89,4.89,,,,,300 g,prijs per kg €16.30,False,,,,,A,True,AH,https://www.ah.nl/producten/product/wi177754,2026-08-04,AH Blauwe bessen,fruit-verse-sappen
505698,853219,Zespri Sungold kiwi bio,Zespri,fruit-verse-sappen,"Fruit, verse sappen",Kiwi,5.49,5.49,,,,,4 stuks,,False,,,,,A,True,AH,https://www.ah.nl/producten/product/wi505698,2026-08-04,Zespri Sungold kiwi bio,fruit-verse-sappen
368480,834184,AH Biologisch Fairtrade bananen,AH Biologisch,fruit-verse-sappen,"Fruit, verse sappen",Bananen,2.39,2.39,,,,,5 stuks,,False,,,,,A,True,AH,https://www.ah.nl/producten/product/wi368480,2026-08-04,AH Biologisch Fairtrade bananen,fruit-verse-sappen
93224,20869,AH Mango,AH,fruit-verse-sappen,"Fruit, verse sappen",Mango,1.99,1.99,,,,,per stuk,,False,,,,,A,True,AH,https://www.ah.nl/producten/product/wi93224,2026-08-04,AH Mango,fruit-verse-sappen
595323,44089,Chiquita Ready to eat bananen,Chiquita,fruit-verse-sappen,"Fruit, verse sappen",Bananen,1.75,2.19,20.1,2 voor 3.50,3.5,2.0,5 stuks,,True,AH,2 voor 3.50,2026-08-03,2026-08-09,A,True,AH,https://www.ah.nl/producten/product/wi595323,2026-08-04,Chiquita Ready to eat bananen,fruit-verse-sappen
604045,0,Chiquita ready to eat 2-pack,Chiquita,fruit-verse-sappen,"Fruit, verse sappen",Bananen,3.5,4.38,20.1,pakketkorting,,,2 stuks,,True,AHOO,,2026-08-04,2026-08-09,,True,AH,https://www.ah.nl/producten/product/wi604045,2026-08-04,Chiquita ready to eat 2-pack,fruit-verse-sappen
596101,0,Chiquita Groen & Geel mix 4-pakket,Chiquita,fruit-verse-sappen,"Fruit, verse sappen",Bananen,7.0,8.76,20.1,pakketkorting,,,per pakket,,True,AHOO,,2026-08-04,2026-08-09,,True,AH,https://www.ah.nl/producten/product/wi596101,2026-08-04,Chiquita Groen & Geel mix 4-pakket,fruit-verse-sappen
80585,521838,AH Witte druiven pitloos,AH,fruit-verse-sappen,"Fruit, verse sappen",Druiven,2.59,2.59,,1 + 1 gratis,,1.0,500 g,normale prijs per kg €5.18,True,AH,1 + 1 gratis,2026-08-03,2026-08-09,A,True,AH,https://www.ah.nl/producten/product/wi80585,2026-08-04,AH Witte druiven pitloos,fruit-verse-sappen
595324,44090,Chiquita Groene bananen,Chiquita,fruit-verse-sappen,"Fruit, verse sappen",Bananen,1.75,2.19,20.1,2 voor 3.50,3.5,2.0,5 stuks,,True,AH,2 voor 3.50,2026-08-03,2026-08-09,A,True,AH,https://www.ah.nl/producten/product/wi595324,2026-08-04,Chiquita Groene bananen,fruit-verse-sappen
596099,0,Chiquita Groene bananen 2-pack,Chiquita,fruit-verse-sappen,"Fruit, verse sappen",Bananen,3.5,4.38,20.1,pakketkorting,,,2 stuks,,True,AHOO,,2026-08-04,2026-08-09,,True,AH,https://www.ah.nl/producten/product/wi596099,2026-08-04,Chiquita Groene bananen 2-pack,fruit-verse-sappen
141,20842,AH Galia meloen,AH,fruit-verse-sappen,"Fruit, verse sappen",Meloenen,2.79,2.79,,,,,per stuk,,False,,,,,A,True,AH,https://www.ah.nl/producten/product/wi141,2026-08-04,AH Galia meloen,fruit-verse-sappen
100232,542683,AH Rode druiven pitloos,AH,fruit-verse-sappen,"Fruit, verse sappen",Druiven,2.79,2.79,,,,,500 g,prijs per kg €5.58,False,,,,,A,True,AH,https://www.ah.nl/producten/product/wi100232,2026-08-04,AH Rode druiven pitloos,fruit-verse-sappen
221526,817687,AH Mini watermeloen,AH,fruit-verse-sappen,"Fruit, verse sappen",Meloenen,3.79,3.79,,,,,per stuk,,False,,,,,A,True,AH,https://www.ah.nl/producten/product/wi221526,2026-08-04,AH Mini watermeloen,fruit-verse-sappen
117190,516797,Pink Lady Appels schaal,Pink Lady,fruit-verse-sappen,"Fruit, verse sappen",Schaal,3.39,3.39,,,,,4 stuks,,False,,,,,A,True,AH,https://www.ah.nl/producten/product/wi117190,2026-08-04,Pink Lady Appels schaal,fruit-verse-sappen
598453,0,Pink Lady Appels schaal 2-pack,Pink Lady,fruit-verse-sappen,"Fruit, verse sappen",Schaal,6.44,6.78,5.0,5% volume voordeel,,,2 stuks,,True,AHOO,5% volume voordeel,2026-08-04,2999-12-31,,True,AH,https://www.ah.nl/producten/product/wi598453,2026-08-04,Pink Lady Appels schaal 2-pack,fruit-verse-sappen
383655,842982,AH Conference bak,AH,fruit-verse-sappen,"Fruit, verse sappen",Peren,2.19,2.19,,,,,1 kg,prijs per kg €2.19,False,,,,,A,True,AH,https://www.ah.nl/producten/product/wi383655,2026-08-04,AH Conference bak,fruit-verse-sappen
107671,81582,AH Cantaloupe meloen,AH,fruit-verse-sappen,"Fruit, verse sappen",Meloenen,2.79,2.79,,,,,per stuk,,False,,,,,A,True,AH,https://www.ah.nl/producten/product/wi107671,2026-08-04,AH Cantaloupe meloen,fruit-verse-sappen
619155,0,AH Conference bak 2-pack,AH,fruit-verse-sappen,"Fruit, verse sappen",Peren,4.25,4.38,3.0,3% volume voordeel,,,2 stuks,,True,AHOO,3% volume voordeel,2026-08-04,2999-12-31,,True,AH,https://www.ah.nl/producten/product/wi619155,2026-08-04,AH Conference bak 2-pack,fruit-verse-sappen
619157,0,AH Conference bak 4-pack,AH,fruit-verse-sappen,"Fruit, verse sappen",Peren,7.88,8.76,10.0,10% volume voordeel,,,4 stuks,,True,AHOO,10% volume voordeel,2026-08-04,2999-12-31,,True,AH,https://www.ah.nl/producten/product/wi619157,2026-08-04,AH Conference bak 4-pack,fruit-verse-sappen
619156,0,AH Conference bak 3-pack,AH,fruit-verse-sappen,"Fruit, verse sappen",Peren,6.24,6.57,5.0,5% volume voordeel,,,3 stuks,,True,AHOO,5% volume voordeel,2026-08-04,2999-12-31,,True,AH,https://www.ah.nl/producten/product/wi619156,2026-08-04,AH Conference bak 3-pack,fruit-verse-sappen
100860,557635,AH Nectarines schaal,AH,fruit-verse-sappen,"Fruit, verse sappen",Nectarines,2.39,3.99,40.0,40% korting,,,1 kg,normale prijs per kg €3.99,True,AH,40% korting,2026-08-03,2026-08-09,A,True,AH,https://www.ah.nl/producten/product/wi100860,2026-08-04,AH Nectarines schaal,fruit-verse-sappen
577882,21268,AH Nederlandse kersen,AH,fruit-verse-sappen,"Fruit, verse sappen",Kersen,2.995,4.99,40.0,2 voor 5.99,5.99,2.0,350 g,normale prijs per kg €14.26,True,AH,2 voor 5.99,2026-08-03,2026-08-09,A,True,AH,https://www.ah.nl/producten/product/wi577882,2026-08-04,AH Nederlandse kersen,fruit-verse-sappen
519637,82879,AH Biologisch Blauwe bessen,AH Biologisch,fruit-verse-sappen,"Fruit, verse sappen",Blauwe bessen,3.39,4.39,22.8,€1.00 euro korting,,,200 g,normale prijs per kg €21.95,True,AH,1 euro korting,2026-08-03,2026-08-09,A,True,AH,https://www.ah.nl/producten/product/wi519637,2026-08-04,AH Biologisch Blauwe bessen,fruit-verse-sappen
129993,590269,AH Zoete kleine appeltjes,AH,fruit-verse-sappen,"Fruit, verse sappen",Zakken,3.29,3.29,,,,,1 kg,prijs per kg €3.29,False,,,,,A,True,AH,https://www.ah.nl/producten/product/wi129993,2026-08-04,AH Zoete kleine appeltjes,fruit-verse-sappen
618365,0,AH Zoete kleine appeltjes 2-pack,AH,fruit-verse-sappen,"Fruit, verse sappen",Zakken,6.38,6.58,3.0,3% volume voordeel,,,2 stuks,,True,AHOO,3% volume voordeel,2026-08-04,2999-12-31,,True,AH,https://www.ah.nl/producten/product/wi618365,2026-08-04,AH Zoete kleine appeltjes 2-pack,fruit-verse-sappen
618366,0,AH Zoete kleine appeltjes 4-pack,AH,fruit-verse-sappen,"Fruit, verse sappen",Zakken,11.84,13.16,10.0,10% volume voordeel,,,4 stuks,,True,AHOO,10% volume voordeel,2026-08-04,2999-12-31,,True,AH,https://www.ah.nl/producten/product/wi618366,2026-08-04,AH Zoete kleine appeltjes 4-pack,fruit-verse-sappen
559182,0,AH Zoete kleine appeltjes 3-pack,AH,fruit-verse-sappen,"Fruit, verse sappen",Zakken,9.38,9.87,5.0,5% volume voordeel,,,3 stuks,,True,AHOO,5% volume voordeel,2026-08-04,2999-12-31,,True,AH,https://www.ah.nl/producten/product/wi559182,2026-08-04,AH Zoete kleine appeltjes 3-pack,fruit-verse-sappen
94782,548401,AH Mandarijnen,AH,fruit-verse-sappen,"Fruit, verse sappen",Mandarijnen,2.79,2.79,,,,,1 kg,prijs per kg €2.79,False,,,,,A,True,AH,https://www.ah.nl/producten/product/wi94782,2026-08-04,AH Mandarijnen,fruit-verse-sappen
565851,4727,AH Citroen,AH,fruit-verse-sappen,"Fruit, verse sappen",Citroenen,1.69,1.69,,,,,500 g,prijs per kg €3.38,False,,,,,A,True,AH,https://www.ah.nl/producten/product/wi565851,2026-08-04,AH Citroen,fruit-verse-sappen
618384,0,Coca-Cola Original. taste 4pk,Coca-Cola,fruit-verse-sappen,"Fruit, verse sappen",Bananen,4.58,9.16,50.0,pakketkorting,,,4 stuks,,True,AHOO,,2026-08-04,2026-08-09,,True,AH,https://www.ah.nl/producten/product/wi618384,2026-08-04,Coca-Cola Original. taste 4pk,fruit-verse-sappen
618376,0,Coca-Cola Original taste 5-pack,Coca-Cola,fruit-verse-sappen,"Fruit, verse sappen",Bananen,6.87,11.45,40.0,pakketkorting,,,5 stuks,,True,AHOO,,2026-08-04,2026-08-09,,True,AH,https://www.ah.nl/producten/product/wi618376,2026-08-04,Coca-Cola Original taste 5-pack,fruit-verse-sappen
439903,703341,AH Wilde perziken schaal,AH,fruit-verse-sappen,"Fruit, verse sappen",Perziken,2.39,3.99,40.0,40% korting,,,1 kg,normale prijs per kg €3.99,True,AH,40% korting,2026-08-03,2026-08-09,A,True,AH,https://www.ah.nl/producten/product/wi439903,2026-08-04,AH Wilde perziken schaal,fruit-verse-sappen
230708,45371,AH Citroen,AH,fruit-verse-sappen,"Fruit, verse sappen",Citroenen,0.69,0.69,,,,,per stuk,,False,,,,,A,True,AH,https://www.ah.nl/producten/product/wi230708,2026-08-04,AH Citroen,fruit-verse-sappen
67896,542405,AH Handsinaasappelen,AH,fruit-verse-sappen,"Fruit, verse sappen",Sinaasappels,3.29,3.29,,,,,2 kg,prijs per kg €1.65,False,,,,,A,True,AH,https://www.ah.nl/producten/product/wi67896,2026-08-04,AH Handsinaasappelen,fruit-verse-sappen
191088,792474,Iglo Fishcuisine Bretagne,Iglo,vis,Vis,Vis maaltijden (diepvries),6.19,6.19,,,,,380 g,prijs per kg €16.29,False,,,,,B,True,AH,https://www.ah.nl/producten/product/wi191088,2026-08-04,Iglo Fishcuisine Bretagne,vis
582316,25135,Iglo Viskraam kibbeling,Iglo,vis,Vis,Kibbeling (diepvries),4.99,4.99,,,,,245 g,prijs per kg €20.37,False,,,,,A,True,AH,https://www.ah.nl/producten/product/wi582316,2026-08-04,Iglo Viskraam kibbeling,vis
130191,590209,AH Gerookte zalm,AH,vis,Vis,Gerookte zalm,3.44,4.59,25.0,25% korting,,,100 g,normale prijs per kg €45.90,True,AH,25% korting,2026-08-03,2026-08-09,D,True,AH,https://www.ah.nl/producten/product/wi130191,2026-08-04,AH Gerookte zalm,vis
598457,0,AH Gerookte zalm 2-pack,AH,vis,Vis,Gerookte zalm,6.88,9.18,25.1,pakketkorting,,,2 stuks,,True,AHOO,,2026-08-04,2026-08-09,,True,AH,https://www.ah.nl/producten/product/wi598457,2026-08-04,AH Gerookte zalm 2-pack,vis
567333,0,AH Gerookte zalmfilet 3-pack,AH,vis,Vis,Gerookte zalm,10.33,13.77,25.0,pakketkorting,,,3 stuks,,True,AHOO,,2026-08-04,2026-08-09,,True,AH,https://www.ah.nl/producten/product/wi567333,2026-08-04,AH Gerookte zalmfilet 3-pack,vis
231931,818926,Iglo Fish&fun visfriet,Iglo,vis,Vis,Visfriet (diepvries),3.49,3.49,,,,,8 x 28 g,prijs per kg €15.58,False,,,,,C,True,AH,https://www.ah.nl/producten/product/wi231931,2026-08-04,Iglo Fish&fun visfriet,vis
618030,0,AH Gerookte zalm 4-pack,AH,vis,Vis,Gerookte zalm,13.77,18.36,25.0,pakketkorting,,,4 stuks,,True,AHOO,,2026-08-04,2026-08-09,,True,AH,https://www.ah.nl/producten/product/wi618030,2026-08-04,AH Gerookte zalm 4-pack,vis
420789,692454,Statesman Tonijn stukken in water,Statesman,vis,Vis,Tonijn in water,1.49,1.49,,,,,160 g,prijs per kg €13.30,False,,,,,A,True,AH,https://www.ah.nl/producten/product/wi420789,2026-08-04,Statesman Tonijn stukken in water,vis
121453,552022,AH Zalmfilet,AH,vis,Vis,Zalm (vers),5.59,5.59,,,,,ca. 170 g,prijs per kg €32.88,False,,,,,A,True,AH,https://www.ah.nl/producten/product/wi121453,2026-08-04,AH Zalmfilet,vis
602353,0,AH Zalmfilet 2-pack,AH,vis,Vis,Zalm (vers),10.84,11.18,3.0,3% volume voordeel,,,2 stuks,,True,AHOO,3% volume voordeel,2026-08-04,2999-12-31,,True,AH,https://www.ah.nl/producten/product/wi602353,2026-08-04,AH Zalmfilet 2-pack,vis
496941,795495,Princes Tonijnstukken in water,Princes,vis,Vis,Tonijn in water,2.69,2.69,,,,,145 g,prijs per kg €26.37,False,,,,,A,True,AH,https://www.ah.nl/producten/product/wi496941,2026-08-04,Princes Tonijnstukken in water,vis
615107,0,Princes Tonijnstukken in water 3-pack,Princes,vis,Vis,Tonijn in water,7.67,8.07,5.0,5% volume voordeel,,,3 stuks,,True,AHOO,5% volume voordeel,2026-08-04,2999-12-31,,True,AH,https://www.ah.nl/producten/product/wi615107,2026-08-04,Princes Tonijnstukken in water 3-pack,vis
567218,0,AH Zalmfilet 3-pack,AH,vis,Vis,Zalm (vers),15.93,16.77,5.0,5% volume voordeel,,,3 stuks,,True,AHOO,5% volume voordeel,2026-08-04,2999-12-31,,True,AH,https://www.ah.nl/producten/product/wi567218,2026-08-04,AH Zalmfilet 3-pack,vis
618359,0,AH Zalmfilet 4-pack,AH,vis,Vis,Zalm (vers),20.12,22.36,10.0,10% volume voordeel,,,4 stuks,,True,AHOO,10% volume voordeel,2026-08-04,2999-12-31,,True,AH,https://www.ah.nl/producten/product/wi618359,2026-08-04,AH Zalmfilet 4-pack,vis
47285,527800,Olav's Gerookte zalmfilet,Olav's,vis,Vis,Gerookte zalm,5.99,5.99,,,,,200 g,prijs per kg €29.95,False,,,,,D,True,AH,https://www.ah.nl/producten/product/wi47285,2026-08-04,Olav's Gerookte zalmfilet,vis
605034,59610,AH Excellent Forel salade,AH Excellent,vis,Vis,Vissalades (beleg),1.9967,3.39,41.1,3 voor 5.99,5.99,3.0,125 g,normale prijs per kg €27.12,True,AH,3 VOOR 5.99,2026-08-03,2026-08-09,D,True,AH,https://www.ah.nl/producten/product/wi605034,2026-08-04,AH Excellent Forel salade,vis
622347,0,AH Excellent Forel salade 2-pack,AH Excellent,vis,Vis,Vissalades (beleg),6.58,6.78,3.0,3% volume voordeel,,,2 stuks,,True,AH,3% volume voordeel,,,,True,AH,https://www.ah.nl/producten/product/wi622347,2026-08-04,AH Excellent Forel salade 2-pack,vis
622348,0,AH Excellent Forel salade 3-pack,AH Excellent,vis,Vis,Vissalades (beleg),5.99,10.17,41.1,pakketkorting,,,3 stuks,,True,AHOO,,2026-08-04,2026-08-09,,True,AH,https://www.ah.nl/producten/product/wi622348,2026-08-04,AH Excellent Forel salade 3-pack,vis
622349,0,AH Excellent Forel salade 4-pack,AH Excellent,vis,Vis,Vissalades (beleg),9.38,13.56,30.8,pakketkorting,,,4 stuks,,True,AHOO,,2026-08-04,2026-08-09,,True,AH,https://www.ah.nl/producten/product/wi622349,2026-08-04,AH Excellent Forel salade 4-pack,vis
226264,820213,John West Tonijnstukken in water,John West,vis,Vis,Tonijn in water,2.79,2.79,,,,,145 g,prijs per kg €27.35,False,,,,,A,True,AH,https://www.ah.nl/producten/product/wi226264,2026-08-04,John West Tonijnstukken in water,vis
615229,0,John West Tonijnstukken in water 3-pack,John West,vis,Vis,Tonijn in water,7.95,8.37,5.0,5% volume voordeel,,,3 stuks,,True,AHOO,5% volume voordeel,2026-08-04,2999-12-31,,True,AH,https://www.ah.nl/producten/product/wi615229,2026-08-04,John West Tonijnstukken in water 3-pack,vis
135757,602543,AH Zalmfilet,AH,vis,Vis,Zalm (diepvries),4.89,4.89,,,,,250 g,prijs per kg €19.56,False,,,,,A,True,AH,https://www.ah.nl/producten/product/wi135757,2026-08-04,AH Zalmfilet,vis
51335,99631,AH Zalmfilet,AH,vis,Vis,Zalm (vers),9.99,9.99,,,,,ca. 310 g,prijs per kg €32.23,False,,,,,A,True,AH,https://www.ah.nl/producten/product/wi51335,2026-08-04,AH Zalmfilet,vis
618357,0,AH Zalmfilet 2-pack,AH,vis,Vis,Zalm (vers),19.38,19.98,3.0,3% volume voordeel,,,2 stuks,,True,AHOO,3% volume voordeel,2026-08-04,2999-12-31,,True,AH,https://www.ah.nl/producten/product/wi618357,2026-08-04,AH Zalmfilet 2-pack,vis
618358,0,AH Zalmfilet 3 pk,AH,vis,Vis,Zalm (vers),28.47,29.97,5.0,5% volume voordeel,,,3 stuks,,True,AHOO,5% volume voordeel,2026-08-04,2999-12-31,,True,AH,https://www.ah.nl/producten/product/wi618358,2026-08-04,AH Zalmfilet 3 pk,vis
618360,0,AH Zalmfilet 4 pk,AH,vis,Vis,Zalm (vers),35.96,39.96,10.0,10% volume voordeel,,,4 stuks,,True,AHOO,10% volume voordeel,2026-08-04,2999-12-31,,True,AH,https://www.ah.nl/producten/product/wi618360,2026-08-04,AH Zalmfilet 4 pk,vis
168829,646661,AH Gerookte zalmsnippers,AH,vis,Vis,Gerookte zalm,5.62,7.49,25.0,25% korting,,,200 g,normale prijs per kg €37.45,True,AH,25% korting,2026-08-03,2026-08-09,D,True,AH,https://www.ah.nl/producten/product/wi168829,2026-08-04,AH Gerookte zalmsnippers,vis
577878,0,AH Gerookte zalmsnippers 2-pack,AH,vis,Vis,Gerookte zalm,11.23,14.98,25.0,pakketkorting,,,2 stuks,,True,AHOO,,2026-08-04,2026-08-09,,True,AH,https://www.ah.nl/producten/product/wi577878,2026-08-04,AH Gerookte zalmsnippers 2-pack,vis
211718,804944,Johma Tonijnsalade,Johma,vis,Vis,Vissalades (beleg),3.45,3.45,,,,,175 g,prijs per kg €19.71,False,,,,,D,True,AH,https://www.ah.nl/producten/product/wi211718,2026-08-04,Johma Tonijnsalade,vis
481414,735995,AH Gerookte zalm,AH,vis,Vis,Gerookte zalm,1.94,2.59,25.0,25% korting,,,50 g,normale prijs per kg €51.80,True,AH,25% korting,2026-08-03,2026-08-09,D,True,AH,https://www.ah.nl/producten/product/wi481414,2026-08-04,AH Gerookte zalm,vis
568726,0,AH Gerookte zalmfilet 2-pack,AH,vis,Vis,Gerookte zalm,3.88,5.18,25.1,pakketkorting,,,2 stuks,,True,AHOO,,2026-08-04,2026-08-09,,True,AH,https://www.ah.nl/producten/product/wi568726,2026-08-04,AH Gerookte zalmfilet 2-pack,vis
121444,545208,AH Hollandse nieuwefilet met uitjes,AH,vis,Vis,Haring (vers),3.19,3.19,,,,,2 stuks,,False,,,,,D,True,AH,https://www.ah.nl/producten/product/wi121444,2026-08-04,AH Hollandse nieuwefilet met uitjes,vis
618084,0,AH Haringfilet met uitjes 2-pack,AH,vis,Vis,Haring (vers),6.25,6.38,2.0,2% volume voordeel,,,2 stuks,,True,AHOO,2% volume voordeel,2026-08-04,2999-12-31,,True,AH,https://www.ah.nl/producten/product/wi618084,2026-08-04,AH Haringfilet met uitjes 2-pack,vis
618085,0,AH Haringfilet met uitjes 3-pack,AH,vis,Vis,Haring (vers),9.09,9.57,5.0,5% volume voordeel,,,3 stuks,,True,AHOO,5% volume voordeel,2026-08-04,2999-12-31,,True,AH,https://www.ah.nl/producten/product/wi618085,2026-08-04,AH Haringfilet met uitjes 3-pack,vis
618086,0,AH Haringfilet met uitjes 4-pack,AH,vis,Vis,Haring (vers),11.87,12.76,7.0,7% volume voordeel,,,4 stuks,,True,AHOO,7% volume voordeel,2026-08-04,2999-12-31,,True,AH,https://www.ah.nl/producten/product/wi618086,2026-08-04,AH Haringfilet met uitjes 4-pack,vis
436977,701282,AH BBQ garnalenspies knoflookmarinade,AH,vis,Vis,Garnalen (vers),3.99,3.99,,,,,130 g,prijs per kg €30.69,False,,,,,B,True,AH,https://www.ah.nl/producten/product/wi436977,2026-08-04,AH BBQ garnalenspies knoflookmarinade,vis
496943,795580,Princes Tonijnstukken in olijfolie,Princes,vis,Vis,Tonijn in olijfolie,3.09,3.09,,,,,145 g,prijs per kg €30.29,False,,,,,B,True,AH,https://www.ah.nl/producten/product/wi496943,2026-08-04,Princes Tonijnstukken in olijfolie,vis
615106,0,Princes Tonijnstukken in olijfolie 3-pack,Princes,vis,Vis,Tonijn in olijfolie,8.81,9.27,5.0,5% volume voordeel,,,3 stuks,,True,AHOO,5% volume voordeel,2026-08-04,2999-12-31,,True,AH,https://www.ah.nl/producten/product/wi615106,2026-08-04,Princes Tonijnstukken in olijfolie 3-pack,vis
470617,721966,AH Gerookte zalm,AH,vis,Vis,Gerookte zalm,5.99,7.99,25.0,25% korting,,,200 g,normale prijs per kg €39.95,True,AH,25% korting,2026-08-03,2026-08-09,D,True,AH,https://www.ah.nl/producten/product/wi470617,2026-08-04,AH Gerookte zalm,vis
617722,0,AH BBQ garnalenspies knoflookmarinade 2-pck,AH,vis,Vis,Garnalen (vers),7.74,7.98,3.0,3% volume voordeel,,,2 stuks,,True,AHOO,3% volume voordeel,2026-08-04,2999-12-31,,True,AH,https://www.ah.nl/producten/product/wi617722,2026-08-04,AH BBQ garnalenspies knoflookmarinade 2-pck,vis
598665,0,AH Gerookte zalm 2-pack,AH,vis,Vis,Gerookte zalm,11.98,15.98,25.0,pakketkorting,,,2 stuks,,True,AHOO,,2026-08-04,2026-08-09,,True,AH,https://www.ah.nl/producten/product/wi598665,2026-08-04,AH Gerookte zalm 2-pack,vis
617723,0,AH BBQ garnalenspies knoflookmarinade 3-pck,AH,vis,Vis,Garnalen (vers),11.37,11.97,5.0,5% volume voordeel,,,3 stuks,,True,AHOO,5% volume voordeel,2026-08-04,2999-12-31,,True,AH,https://www.ah.nl/producten/product/wi617723,2026-08-04,AH BBQ garnalenspies knoflookmarinade 3-pck,vis
617724,0,AH BBQ garnalenspies knoflookmarinade 4-pck,AH,vis,Vis,Garnalen (vers),14.36,15.96,10.0,10% volume voordeel,,,4 stuks,,True,AHOO,10% volume voordeel,2026-08-04,2999-12-31,,True,AH,https://www.ah.nl/producten/product/wi617724,2026-08-04,AH BBQ garnalenspies knoflookmarinade 4-pck,vis
132045,576660,AH Zalmfilet op huid,AH,vis,Vis,Zalm (vers),7.59,7.59,,,,,ca. 300 g,prijs per kg €25.30,False,,,,,A,True,AH,https://www.ah.nl/producten/product/wi132045,2026-08-04,AH Zalmfilet op huid,vis
420788,692453,Statesman Tonijn stukken in zonnebloemolie,Statesman,vis,Vis,Tonijn in zonnebloemolie,1.69,1.69,,,,,160 g,prijs per kg €10.56,False,,,,,A,True,AH,https://www.ah.nl/producten/product/wi420788,2026-08-04,Statesman Tonijn stukken in zonnebloemolie,vis
618778,0,AH Gerookte zalm 3-pck,AH,vis,Vis,Gerookte zalm,5.83,7.77,25.0,pakketkorting,,,3 stuks,,True,AHOO,,2026-08-04,2026-08-09,,True,AH,https://www.ah.nl/producten/product/wi618778,2026-08-04,AH Gerookte zalm 3-pck,vis
618779,0,AH Gerookte zalm 4-pck,AH,vis,Vis,Gerookte zalm,7.77,10.36,25.0,pakketkorting,,,4 stuks,,True,AHOO,,2026-08-04,2026-08-09,,True,AH,https://www.ah.nl/producten/product/wi618779,2026-08-04,AH Gerookte zalm 4-pck,vis
376546,838060,AH Tonijnsalade,AH,vis,Vis,Vissalades (beleg),2.99,2.99,,,,,175 g,prijs per kg €17.09,False,,,,,D,True,AH,https://www.ah.nl/producten/product/wi376546,2026-08-04,AH Tonijnsalade,vis
590412,0,AH Tonijnsalade 4-pack,AH,vis,Vis,Vissalades (beleg),10.76,11.96,10.0,10% volume voordeel,,,4 stuks,,True,AHOO,10% volume voordeel,2026-08-04,2999-12-31,,True,AH,https://www.ah.nl/producten/product/wi590412,2026-08-04,AH Tonijnsalade 4-pack,vis
618681,0,AH Gerookte zalm 4-pack,AH,vis,Vis,Gerookte zalm,23.97,31.96,25.0,pakketkorting,,,4 stuks,,True,AHOO,,2026-08-04,2026-08-09,,True,AH,https://www.ah.nl/producten/product/wi618681,2026-08-04,AH Gerookte zalm 4-pack,vis
618680,0,AH Gerookte zalm 3-pack,AH,vis,Vis,Gerookte zalm,17.98,23.97,25.0,pakketkorting,,,3 stuks,,True,AHOO,,2026-08-04,2026-08-09,,True,AH,https://www.ah.nl/producten/product/wi618680,2026-08-04,AH Gerookte zalm 3-pack,vis
571233,12559,AH Pangasiusfilet,AH,vis,Vis,Pangasius (vers),4.05,4.05,,,,,ca. 350 g,prijs per kg €11.57,False,,,,,A,True,AH,https://www.ah.nl/producten/product/wi571233,2026-08-04,AH Pangasiusfilet,vis
619276,0,AH Tonijnsalade 3-pack,AH,vis,Vis,Vissalades (beleg),8.52,8.97,5.0,5% volume voordeel,,,3 stuks,,True,AHOO,5% volume voordeel,2026-08-04,2999-12-31,,True,AH,https://www.ah.nl/producten/product/wi619276,2026-08-04,AH Tonijnsalade 3-pack,vis
211064,807063,AH Biologisch Gerookte zalm,AH Biologisch,vis,Vis,Gerookte zalm,4.12,5.49,25.0,25% korting,,,100 g,normale prijs per kg €54.90,True,AH,25% korting,2026-08-03,2026-08-09,D,True,AH,https://www.ah.nl/producten/product/wi211064,2026-08-04,AH Biologisch Gerookte zalm,vis
197716,639249,AH Surimi sticks,AH,vis,Vis,Surimi,1.39,1.39,,,,,250 g,prijs per kg €5.56,False,,,,,D,True,AH,https://www.ah.nl/producten/product/wi197716,2026-08-04,AH Surimi sticks,vis
191133,791962,AH Biologisch Zalmfilet,AH Biologisch,vis,Vis,Zalm (vers),10.49,10.49,,,,,ca. 275 g,prijs per kg €38.15,False,,,,,A,True,AH,https://www.ah.nl/producten/product/wi191133,2026-08-04,AH Biologisch Zalmfilet,vis
120041,568247,AH Kabeljauwburger gepaneerd,AH,vis,Vis,Gepaneerde vis (vers),3.49,3.49,,,,,2 stuks,,False,,,,,B,True,AH,https://www.ah.nl/producten/product/wi120041,2026-08-04,AH Kabeljauwburger gepaneerd,vis
799,42373,AH Lekkerbekjes,AH,vis,Vis,Lekkerbekjes (diepvries),3.19,3.19,,,,,3 x 100 g,prijs per kg €10.63,False,,,,,C,True,AH,https://www.ah.nl/producten/product/wi799,2026-08-04,AH Lekkerbekjes,vis
191096,792486,Iglo Vissticks,Iglo,vis,Vis,Vissticks (diepvries),4.99,4.99,,,,,20 stuks,prijs per kg €8.91,False,,,,,B,True,AH,https://www.ah.nl/producten/product/wi191096,2026-08-04,Iglo Vissticks,vis
615369,0,Iglo Vissticks 3-pack 560 gr,Iglo,vis,Vis,Vissticks (diepvries),14.22,14.97,5.0,5% volume voordeel,,,3 stuks,,True,AHOO,5% volume voordeel,2026-08-04,2999-12-31,,True,AH,https://www.ah.nl/producten/product/wi615369,2026-08-04,Iglo Vissticks 3-pack 560 gr,vis
147376,589927,John West Tonijnstukken in olijfolie,John West,vis,Vis,Tonijn in olijfolie,3.49,3.49,,,,,145 g,prijs per kg €34.22,False,,,,,B,True,AH,https://www.ah.nl/producten/product/wi147376,2026-08-04,John West Tonijnstukken in olijfolie,vis
615228,0,John West Tonijnstukken in olijfolie 3-pack,John West,vis,Vis,Tonijn in olijfolie,9.95,10.47,5.0,5% volume voordeel,,,3 stuks,,True,AHOO,5% volume voordeel,2026-08-04,2999-12-31,,True,AH,https://www.ah.nl/producten/product/wi615228,2026-08-04,John West Tonijnstukken in olijfolie 3-pack,vis
602970,0,AH Kabeljauwburger gepaneerd 3x,AH,vis,Vis,Gepaneerde vis (vers),9.95,10.47,5.0,5% volume voordeel,,,3 stuks,,True,AHOO,5% volume voordeel,2026-08-04,2999-12-31,,True,AH,https://www.ah.nl/producten/product/wi602970,2026-08-04,AH Kabeljauwburger gepaneerd 3x,vis
197614,787039,Johma Zalm salade,Johma,vis,Vis,Vissalades (beleg),4.15,4.15,,,,,175 g,prijs per kg €23.71,False,,,,,D,True,AH,https://www.ah.nl/producten/product/wi197614,2026-08-04,Johma Zalm salade,vis
213328,105582,AH Hollandse nieuwe met uitjes,AH,vis,Vis,Haring (vers),2.79,2.79,,,,,2 stuks,,False,,,,,D,True,AH,https://www.ah.nl/producten/product/wi213328,2026-08-04,AH Hollandse nieuwe met uitjes,vis
618104,0,AH Kabeljauwburger gepaneerd 2-pack,AH,vis,Vis,Gepaneerde vis (vers),6.77,6.98,3.0,3% volume voordeel,,,2 stuks,,True,AHOO,3% volume voordeel,2026-08-04,2999-12-31,,True,AH,https://www.ah.nl/producten/product/wi618104,2026-08-04,AH Kabeljauwburger gepaneerd 2-pack,vis
618105,0,AH Kabeljauwburger gepaneerd 4-pack,AH,vis,Vis,Gepaneerde vis (vers),12.56,13.96,10.0,10% volume voordeel,,,4 stuks,,True,AHOO,10% volume voordeel,2026-08-04,2999-12-31,,True,AH,https://www.ah.nl/producten/product/wi618105,2026-08-04,AH Kabeljauwburger gepaneerd 4-pack,vis
605035,59609,AH Excellent Vitello tonnato salade,AH Excellent,vis,Vis,Vissalades (beleg),1.9967,3.39,41.1,3 voor 5.99,5.99,3.0,125 g,normale prijs per kg €27.12,True,AH,3 VOOR 5.99,2026-08-03,2026-08-09,D,True,AH,https://www.ah.nl/producten/product/wi605035,2026-08-04,AH Excellent Vitello tonnato salade,vis
622417,0,AH Excellent Vitello tonnato salade 2-pack,AH Excellent,vis,Vis,Vissalades (beleg),6.58,6.78,3.0,3% volume voordeel,,,2 stuks,,True,AH,3% volume voordeel,,,,True,AH,https://www.ah.nl/producten/product/wi622417,2026-08-04,AH Excellent Vitello tonnato salade 2-pack,vis
622418,0,AH Excellent Vitello tonnato salade 3-pack,AH Excellent,vis,Vis,Vissalades (beleg),5.99,10.17,41.1,pakketkorting,,,3 stuks,,True,AHOO,,2026-08-04,2026-08-09,,True,AH,https://www.ah.nl/producten/product/wi622418,2026-08-04,AH Excellent Vitello tonnato salade 3-pack,vis
622419,0,AH Excellent Vitello tonnato salade 4-pack,AH Excellent,vis,Vis,Vissalades (beleg),9.38,13.56,30.8,pakketkorting,,,4 stuks,,True,AHOO,,2026-08-04,2026-08-09,,True,AH,https://www.ah.nl/producten/product/wi622419,2026-08-04,AH Excellent Vitello tonnato salade 4-pack,vis
237651,828905,Iglo Viskraam lekkerbekjes familieverpakking,Iglo,vis,Vis,Lekkerbekjes (diepvries),8.89,8.89,,,,,4 x 120 g,prijs per kg €18.52,False,,,,,C,True,AH,https://www.ah.nl/producten/product/wi237651,2026-08-04,Iglo Viskraam lekkerbekjes familieverpakking,vis
615366,0,Iglo Viskraam lekkerbekjes familieverpak 3pk,Iglo,vis,Vis,Lekkerbekjes (diepvries),25.34,26.67,5.0,5% volume voordeel,,,3 stuks,,True,AHOO,5% volume voordeel,2026-08-04,2999-12-31,,True,AH,https://www.ah.nl/producten/product/wi615366,2026-08-04,Iglo Viskraam lekkerbekjes familieverpak 3pk,vis
565864,3460,Princes Ansjovisfilets in zonnebloemolie,Princes,vis,Vis,Ansjovis (conserven),1.99,1.99,,,,,46 g,prijs per kg €76.54,False,,,,,E,True,AH,https://www.ah.nl/producten/product/wi565864,2026-08-04,Princes Ansjovisfilets in zonnebloemolie,vis
615096,0,Princes Ansjovisfilets in zonnebloemolie 3-pack,Princes,vis,Vis,Ansjovis (conserven),5.67,5.97,5.0,5% volume voordeel,,,3 stuks,,True,AHOO,5% volume voordeel,2026-08-04,2999-12-31,,True,AH,https://www.ah.nl/producten/product/wi615096,2026-08-04,Princes Ansjovisfilets in zonnebloemolie 3-pack,vis
615364,0,Iglo Viskraam kibbeling 3-pack,Iglo,vis,Vis,Kibbeling (diepvries),14.22,14.97,5.0,5% volume voordeel,,,3 stuks,,True,AHOO,5% volume voordeel,2026-08-04,2999-12-31,,True,AH,https://www.ah.nl/producten/product/wi615364,2026-08-04,Iglo Viskraam kibbeling 3-pack,vis
496942,795505,Princes Tonijnstukken in zonnebloemolie,Princes,vis,Vis,Tonijn in zonnebloemolie,2.79,2.79,,,,,145 g,prijs per kg €27.35,False,,,,,A,True,AH,https://www.ah.nl/producten/product/wi496942,2026-08-04,Princes Tonijnstukken in zonnebloemolie,vis
371595,836614,AH Garnalen rauw en gepeld,AH,vis,Vis,Garnalen (diepvries),4.99,4.99,,,,,225 g,prijs per kg €22.18,False,,,,,A,True,AH,https://www.ah.nl/producten/product/wi371595,2026-08-04,AH Garnalen rauw en gepeld,vis
202346,800075,Princes Ansjovisfilets in olijfolie,Princes,vis,Vis,Ansjovis (conserven),2.69,2.69,,,,,46 g,prijs per kg €89.67,False,,,,,E,True,AH,https://www.ah.nl/producten/product/wi202346,2026-08-04,Princes Ansjovisfilets in olijfolie,vis
615095,0,Princes Ansjovisfilets in olijfolie 3-pack,Princes,vis,Vis,Ansjovis (conserven),7.67,8.07,5.0,5% volume voordeel,,,3 stuks,,True,AHOO,5% volume voordeel,2026-08-04,2999-12-31,,True,AH,https://www.ah.nl/producten/product/wi615095,2026-08-04,Princes Ansjovisfilets in olijfolie 3-pack,vis
523368,611524,AH Biologisch Zalmfilet op huid,AH Biologisch,vis,Vis,Zalm (vers),5.99,5.99,,,,,ca. 175 g,prijs per kg €34.23,False,,,,,A,True,AH,https://www.ah.nl/producten/product/wi523368,2026-08-04,AH Biologisch Zalmfilet op huid,vis
596925,0,Princes tonijnstukkem zonnebloemolie 2-pack,Princes,vis,Vis,Tonijn in zonnebloemolie,4.74,5.58,15.0,15% volume voordeel,,,2 stuks,,True,AHOO,15% volume voordeel,2026-08-04,2999-12-31,,True,AH,https://www.ah.nl/producten/product/wi596925,2026-08-04,Princes tonijnstukkem zonnebloemolie 2-pack,vis
619655,0,AH Biologisch Zalmfilet op huid 3-pack,AH Biologisch,vis,Vis,Zalm (vers),17.25,17.97,4.0,4% volume voordeel,,,3 stuks,,True,AHOO,4% volume voordeel,2026-08-04,2999-12-31,,True,AH,https://www.ah.nl/producten/product/wi619655,2026-08-04,AH Biologisch Zalmfilet op huid 3-pack,vis
619656,0,AH Biologisch Zalmfilet op huid 4-pack,AH Biologisch,vis,Vis,Zalm (vers),22.04,23.96,8.0,8% volume voordeel,,,4 stuks,,True,AHOO,8% volume voordeel,2026-08-04,2999-12-31,,True,AH,https://www.ah.nl/producten/product/wi619656,2026-08-04,AH Biologisch Zalmfilet op huid 4-pack,vis
619657,0,AH Biologisch Zalmfilet op huid 6-pack,AH Biologisch,vis,Vis,Zalm (vers),31.99,35.94,11.0,11% volume voordeel,,,6 stuks,,True,AHOO,11% volume voordeel,2026-08-04,2999-12-31,,True,AH,https://www.ah.nl/producten/product/wi619657,2026-08-04,AH Biologisch Zalmfilet op huid 6-pack,vis
571225,12557,AH Kabeljauwschnitzel 2 stuks,AH,vis,Vis,Gepaneerde vis (vers),2.99,2.99,,,,,180 g,prijs per kg €16.61,False,,,,,B,True,AH,https://www.ah.nl/producten/product/wi571225,2026-08-04,AH Kabeljauwschnitzel 2 stuks,vis
598178,0,AH Kabeljauwschnitzel 2 stuks 3-pack,AH,vis,Vis,Gepaneerde vis (vers),8.52,8.97,5.0,5% volume voordeel,,,3 stuks,,True,AHOO,5% volume voordeel,2026-08-04,2999-12-31,,True,AH,https://www.ah.nl/producten/product/wi598178,2026-08-04,AH Kabeljauwschnitzel 2 stuks 3-pack,vis
615108,0,Princes Tonijnstukken in zonnebloemolie 3-pack,Princes,vis,Vis,Tonijn in zonnebloemolie,7.95,8.37,5.0,5% volume voordeel,,,3 stuks,,True,AHOO,5% volume voordeel,2026-08-04,2999-12-31,,True,AH,https://www.ah.nl/producten/product/wi615108,2026-08-04,Princes Tonijnstukken in zonnebloemolie 3-pack,vis
561825,708533,AH Biologisch Gerookte zalm 30% verlaagd in zout,AH Biologisch,vis,Vis,Gerookte zalm,4.12,5.49,25.0,25% korting,,,100 g,normale prijs per kg €54.90,True,AH,25% korting,2026-08-03,2026-08-09,C,True,AH,https://www.ah.nl/producten/product/wi561825,2026-08-04,AH Biologisch Gerookte zalm 30% verlaagd in zout,vis
173876,772019,AH Warmgerookte zalmfilet,AH,vis,Vis,Gerookte zalm,8.69,8.69,,,,,ca. 250 g,prijs per kg €34.76,False,,,,,D,True,AH,https://www.ah.nl/producten/product/wi173876,2026-08-04,AH Warmgerookte zalmfilet,vis
190708,791961,AH Biologisch Zalmfilet,AH Biologisch,vis,Vis,Zalm (vers),6.99,6.99,,,,,ca. 175 g,prijs per kg €39.94,False,,,,,A,True,AH,https://www.ah.nl/producten/product/wi190708,2026-08-04,AH Biologisch Zalmfilet,vis
620562,0,AH Kabeljauwschnitzel 2 stuks 2-pack,AH,vis,Vis,Gepaneerde vis (vers),5.8,5.98,3.0,3% volume voordeel,,,2 stuks,,True,AHOO,3% volume voordeel,2026-08-04,2999-12-31,,True,AH,https://www.ah.nl/producten/product/wi620562,2026-08-04,AH Kabeljauwschnitzel 2 stuks 2-pack,vis
620220,0,AH Biologisch Gerookte zalm 30% verlaagd in zout 2-pck,AH Biologisch,vis,Vis,Gerookte zalm,8.23,10.98,25.0,pakketkorting,,,2 stuks,,True,AHOO,,2026-08-04,2026-08-09,,True,AH,https://www.ah.nl/producten/product/wi620220,2026-08-04,AH Biologisch Gerookte zalm 30% verlaagd in zout 2-pck,vis
620563,0,AH Kabeljauwschnitzel 2 stuks 4-pack,AH,vis,Vis,Gepaneerde vis (vers),10.76,11.96,10.0,10% volume voordeel,,,4 stuks,,True,AHOO,10% volume voordeel,2026-08-04,2999-12-31,,True,AH,https://www.ah.nl/producten/product/wi620563,2026-08-04,AH Kabeljauwschnitzel 2 stuks 4-pack,vis
485298,740557,Princes Tonijnstukken in water voordeelpak,Princes,vis,Vis,Tonijn in water,6.99,6.99,,,,,435 g,prijs per kg €22.84,False,,,,,A,True,AH,https://www.ah.nl/producten/product/wi485298,2026-08-04,Princes Tonijnstukken in water voordeelpak,vis
141565,615766,AH Wilde zalmfilets,AH,vis,Vis,Zalm (diepvries),6.99,6.99,,,,,675 g,prijs per kg €10.36,False,,,,,A,True,AH,https://www.ah.nl/producten/product/wi141565,2026-08-04,AH Wilde zalmfilets,vis
620221,0,AH Biologisch Gerookte zalm 30% verlaagd in zout 3 pck,AH Biologisch,vis,Vis,Gerookte zalm,12.35,16.47,25.0,pakketkorting,,,3 stuks,,True,AHOO,,2026-08-04,2026-08-09,,True,AH,https://www.ah.nl/producten/product/wi620221,2026-08-04,AH Biologisch Gerookte zalm 30% verlaagd in zout 3 pck,vis
620222,0,AH Biologisch Gerookte zalm 30% verlaagd in zout 4 pck,AH Biologisch,vis,Vis,Gerookte zalm,16.47,21.96,25.0,pakketkorting,,,4 stuks,,True,AHOO,,2026-08-04,2026-08-09,,True,AH,https://www.ah.nl/producten/product/wi620222,2026-08-04,AH Biologisch Gerookte zalm 30% verlaagd in zout 4 pck,vis
142193,530335,AH Zalmfilet,AH,vis,Vis,Zalm (vers),17.39,17.39,,,,,ca. 580 g,prijs per kg €29.99,False,,,,,A,True,AH,https://www.ah.nl/producten/product/wi142193,2026-08-04,AH Zalmfilet,vis
226504,809229,Iglo Viskraam lekkerbekjes,Iglo,vis,Vis,Lekkerbekjes (diepvries),4.99,4.99,,,,,2 x 120 g,prijs per kg €20.79,False,,,,,C,True,AH,https://www.ah.nl/producten/product/wi226504,2026-08-04,Iglo Viskraam lekkerbekjes,vis
615365,0,Iglo Viskraam lekkerbekjes 3-pack,Iglo,vis,Vis,Lekkerbekjes (diepvries),14.22,14.97,5.0,5% volume voordeel,,,3 stuks,,True,AHOO,5% volume voordeel,2026-08-04,2999-12-31,,True,AH,https://www.ah.nl/producten/product/wi615365,2026-08-04,Iglo Viskraam lekkerbekjes 3-pack,vis
39826,67807,AH Koolvisfilet,AH,vis,Vis,Koolvis (diepvries),3.35,3.35,,,,,400 g,prijs per kg €8.38,False,,,,,A,True,AH,https://www.ah.nl/producten/product/wi39826,2026-08-04,AH Koolvisfilet,vis
67740,523708,AH Garnalen,AH,vis,Vis,Garnalen (vers),2.99,2.99,,,,,100 g,prijs per kg €29.90,False,,,,,,True,AH,https://www.ah.nl/producten/product/wi67740,2026-08-04,AH Garnalen,vis
591482,38712,AH BBQ zalmspies gemarineerd,AH,vis,Vis,Zalm (vers),5.99,5.99,,,,,ca. 150 g,prijs per kg €39.93,False,,,,,B,True,AH,https://www.ah.nl/producten/product/wi591482,2026-08-04,AH BBQ zalmspies gemarineerd,vis
598164,0,AH Garnalen 2-pack,AH,vis,Vis,Garnalen (vers),5.8,5.98,3.0,3% volume voordeel,,,2 stuks,,True,AHOO,3% volume voordeel,2026-08-04,2999-12-31,,True,AH,https://www.ah.nl/producten/product/wi598164,2026-08-04,AH Garnalen 2-pack,vis
621669,0,AH BBQ zalmspies gemarineerd 2-pack,AH,vis,Vis,Zalm (vers),11.62,11.98,3.0,3% volume voordeel,,,2 stuks,,True,AHOO,3% volume voordeel,2026-08-04,2999-12-31,,True,AH,https://www.ah.nl/producten/product/wi621669,2026-08-04,AH BBQ zalmspies gemarineerd 2-pack,vis
184624,779417,Johma Frisse tonijnsalade,Johma,vis,Vis,Vissalades (beleg),3.19,3.19,,,,,175 g,prijs per kg €18.23,False,,,,,C,True,AH,https://www.ah.nl/producten/product/wi184624,2026-08-04,Johma Frisse tonijnsalade,vis
621671,0,AH BBQ zalmspies gemarineerd 4-pack,AH,vis,Vis,Zalm (vers),21.56,23.96,10.0,10% volume voordeel,,,4 stuks,,True,AHOO,10% volume voordeel,2026-08-04,2999-12-31,,True,AH,https://www.ah.nl/producten/product/wi621671,2026-08-04,AH BBQ zalmspies gemarineerd 4-pack,vis
621670,0,AH BBQ zalmspies gemarineerd 3-pack,AH,vis,Vis,Zalm (vers),17.07,17.97,5.0,5% volume voordeel,,,3 stuks,,True,AHOO,5% volume voordeel,2026-08-04,2999-12-31,,True,AH,https://www.ah.nl/producten/product/wi621670,2026-08-04,AH BBQ zalmspies gemarineerd 3-pack,vis
533326,62730,Iglo Vissticks,Iglo,vis,Vis,Vissticks (diepvries),3.95,3.95,,,,,15 stuks,prijs per kg €9.40,False,,,,,B,True,AH,https://www.ah.nl/producten/product/wi533326,2026-08-04,Iglo Vissticks,vis
615372,0,Iglo Vissticks 3-pack 420gr,Iglo,vis,Vis,Vissticks (diepvries),11.26,11.85,5.0,5% volume voordeel,,,3 stuks,,True,AHOO,5% volume voordeel,2026-08-04,2999-12-31,,True,AH,https://www.ah.nl/producten/product/wi615372,2026-08-04,Iglo Vissticks 3-pack 420gr,vis
558179,62089,AH Kabeljauwhaas (2 stuks) MSC,AH,vis,Vis,Kabeljauw (vers),2.79,9.99,72.1,per 100 GRAM voor €2.79,2.79,100.0,ca. 260 g,normale prijs per kg €38.42,True,AH,100 GRAM VOOR 2.79,2026-08-03,2026-08-09,A,True,AH,https://www.ah.nl/producten/product/wi558179,2026-08-04,AH Kabeljauwhaas (2 stuks) MSC,vis
603292,0,AH Kabeljauwhaasje 2 stuks 2-pack,AH,vis,Vis,Kabeljauw (vers),19.58,19.98,2.0,2% volume voordeel,,,2 stuks,,True,AH,2% volume voordeel,,,,True,AH,https://www.ah.nl/producten/product/wi603292,2026-08-04,AH Kabeljauwhaasje 2 stuks 2-pack,vis
136373,603464,AH Wokgarnalen met knoflook en peterselie,AH,vis,Vis,Garnalen (diepvries),6.89,6.89,,,,,400 g,prijs per kg €17.23,False,,,,,B,True,AH,https://www.ah.nl/producten/product/wi136373,2026-08-04,AH Wokgarnalen met knoflook en peterselie,vis
571229,12550,AH Warmgerookte zalmfilet,AH,vis,Vis,Gerookte zalm,4.68,4.68,,,,,ca. 125 g,prijs per kg €37.42,False,,,,,D,True,AH,https://www.ah.nl/producten/product/wi571229,2026-08-04,AH Warmgerookte zalmfilet,vis
604891,58645,AH Tonijn salade,AH,vis,Vis,Vissalades (beleg),1.9967,2.59,22.9,3 voor 5.99,5.99,3.0,150 g,normale prijs per kg €17.27,True,AH,3 VOOR 5.99,2026-08-03,2026-08-09,C,True,AH,https://www.ah.nl/producten/product/wi604891,2026-08-04,AH Tonijn salade,vis
620610,0,AH Warmgerookte zalmfilet 2-pack,AH,vis,Vis,Gerookte zalm,9.08,9.36,3.0,3% volume voordeel,,,2 stuks,,True,AHOO,3% volume voordeel,2026-08-04,2999-12-31,,True,AH,https://www.ah.nl/producten/product/wi620610,2026-08-04,AH Warmgerookte zalmfilet 2-pack,vis
622511,0,AH Tonijn salade 2-pack,AH,vis,Vis,Vissalades (beleg),5.02,5.18,3.0,3% volume voordeel,,,2 stuks,,True,AH,3% volume voordeel,,,,True,AH,https://www.ah.nl/producten/product/wi622511,2026-08-04,AH Tonijn salade 2-pack,vis
622512,0,AH Tonijn salade 3-pack,AH,vis,Vis,Vissalades (beleg),5.99,7.77,22.9,pakketkorting,,,3 stuks,,True,AHOO,,2026-08-04,2026-08-09,,True,AH,https://www.ah.nl/producten/product/wi622512,2026-08-04,AH Tonijn salade 3-pack,vis
489414,742937,AH Grote roerbak garnalen knoflook,AH,vis,Vis,Garnalen (vers),4.59,4.59,,,,,150 g,prijs per kg €30.60,False,,,,,C,True,AH,https://www.ah.nl/producten/product/wi489414,2026-08-04,AH Grote roerbak garnalen knoflook,vis
620611,0,AH Warmgerookte zalmfilet 3-pack,AH,vis,Vis,Gerookte zalm,13.34,14.04,5.0,5% volume voordeel,,,3 stuks,,True,AHOO,5% volume voordeel,2026-08-04,2999-12-31,,True,AH,https://www.ah.nl/producten/product/wi620611,2026-08-04,AH Warmgerookte zalmfilet 3-pack,vis
622513,0,AH Tonijn salade 4-pack,AH,vis,Vis,Vissalades (beleg),8.58,10.36,17.2,pakketkorting,,,4 stuks,,True,AHOO,,2026-08-04,2026-08-09,,True,AH,https://www.ah.nl/producten/product/wi622513,2026-08-04,AH Tonijn salade 4-pack,vis
211719,804945,Johma Surimi-krab salade,Johma,vis,Vis,Vissalades (beleg),3.29,3.29,,,,,175 g,prijs per kg €18.80,False,,,,,D,True,AH,https://www.ah.nl/producten/product/wi211719,2026-08-04,Johma Surimi-krab salade,vis
135532,601246,AH Pangasiusfilet tuinkruiden,AH,vis,Vis,Pangasius (vers),5.49,5.49,,,,,ca. 310 g,prijs per kg €17.71,False,,,,,C,True,AH,https://www.ah.nl/producten/product/wi135532,2026-08-04,AH Pangasiusfilet tuinkruiden,vis
603297,0,AH Pangasiusfilet tuinkruiden 2-pack,AH,vis,Vis,Pangasius (vers),10.65,10.98,3.0,3% volume voordeel,,,2 stuks,,True,AHOO,3% volume voordeel,2026-08-04,2999-12-31,,True,AH,https://www.ah.nl/producten/product/wi603297,2026-08-04,AH Pangasiusfilet tuinkruiden 2-pack,vis
620612,0,AH Warmgerookte zalmfilet 4-pack,AH,vis,Vis,Gerookte zalm,16.85,18.72,10.0,10% volume voordeel,,,4 stuks,,True,AHOO,10% volume voordeel,2026-08-04,2999-12-31,,True,AH,https://www.ah.nl/producten/product/wi620612,2026-08-04,AH Warmgerookte zalmfilet 4-pack,vis
598175,0,AH Grote roerbak garnalen knoflook 2-pack,AH,vis,Vis,Garnalen (vers),8.9,9.18,3.0,3% volume voordeel,,,2 stuks,,True,AHOO,3% volume voordeel,2026-08-04,2999-12-31,,True,AH,https://www.ah.nl/producten/product/wi598175,2026-08-04,AH Grote roerbak garnalen knoflook 2-pack,vis
191098,792488,Iglo Fish&fun crispino's familieverpakking,Iglo,vis,Vis,Gepaneerde vissnacks (diepvries),4.99,4.99,,,,,4 x 75 g,prijs per kg €16.63,False,,,,,B,True,AH,https://www.ah.nl/producten/product/wi191098,2026-08-04,Iglo Fish&fun crispino's familieverpakking,vis
217240,811810,AH Tonijnsteak wit,AH,vis,Vis,Tonijn (vers),4.33,4.33,,,,,ca. 130 g,prijs per kg €33.27,False,,,,,A,True,AH,https://www.ah.nl/producten/product/wi217240,2026-08-04,AH Tonijnsteak wit,vis
598204,0,AH Tonijnsteak wit 2-pack,AH,vis,Vis,Tonijn (vers),8.49,8.66,2.0,2% volume voordeel,,,2 stuks,,True,AHOO,2% volume voordeel,2026-08-04,2999-12-31,,True,AH,https://www.ah.nl/producten/product/wi598204,2026-08-04,AH Tonijnsteak wit 2-pack,vis
615357,0,Iglo Fish&fun crispino familieverpakking 3pk,Iglo,vis,Vis,Gepaneerde vissnacks (diepvries),14.22,14.97,5.0,5% volume voordeel,,,3 stuks,,True,AHOO,5% volume voordeel,2026-08-04,2999-12-31,,True,AH,https://www.ah.nl/producten/product/wi615357,2026-08-04,Iglo Fish&fun crispino familieverpakking 3pk,vis
618015,0,AH Garnalen 3-pack,AH,vis,Vis,Garnalen (vers),8.52,8.97,5.0,5% volume voordeel,,,3 stuks,,True,AHOO,5% volume voordeel,2026-08-04,2999-12-31,,True,AH,https://www.ah.nl/producten/product/wi618015,2026-08-04,AH Garnalen 3-pack,vis
618016,0,AH Garnalen 4-pack,AH,vis,Vis,Garnalen (vers),10.76,11.96,10.0,10% volume voordeel,,,4 stuks,,True,AHOO,10% volume voordeel,2026-08-04,2999-12-31,,True,AH,https://www.ah.nl/producten/product/wi618016,2026-08-04,AH Garnalen 4-pack,vis
615361,0,Iglo Fishcuisine Bretagne 3-pack,Iglo,vis,Vis,Vis maaltijden (diepvries),17.64,18.57,5.0,5% volume voordeel,,,3 stuks,,True,AHOO,5% volume voordeel,2026-08-04,2999-12-31,,True,AH,https://www.ah.nl/producten/product/wi615361,2026-08-04,Iglo Fishcuisine Bretagne 3-pack,vis
620027,0,AH Kabeljauwhaas (2 stuks) MSC 3-pack,AH,vis,Vis,Kabeljauw (vers),28.77,29.97,4.0,4% volume voordeel,,,3 stuks,,True,AH,4% volume voordeel,,,,True,AH,https://www.ah.nl/producten/product/wi620027,2026-08-04,AH Kabeljauwhaas (2 stuks) MSC 3-pack,vis
620028,0,AH Kabeljauwhaas (2 stuks) MSC 4-pack,AH,vis,Vis,Kabeljauw (vers),37.56,39.96,6.0,6% volume voordeel,,,4 stuks,,True,AH,6% volume voordeel,,,,True,AH,https://www.ah.nl/producten/product/wi620028,2026-08-04,AH Kabeljauwhaas (2 stuks) MSC 4-pack,vis
367531,833899,Fish Tales Skipjack tonijn in water,Fish Tales,vis,Vis,Tonijn in water,3.79,3.79,,,,,160 g,prijs per kg €33.84,False,,,,,A,True,AH,https://www.ah.nl/producten/product/wi367531,2026-08-04,Fish Tales Skipjack tonijn in water,vis
604892,58651,AH Surimi-krab salade,AH,vis,Vis,Vissalades (beleg),1.9967,2.39,16.5,3 voor 5.99,5.99,3.0,150 g,normale prijs per kg €15.93,True,AH,3 VOOR 5.99,2026-08-03,2026-08-09,D,True,AH,https://www.ah.nl/producten/product/wi604892,2026-08-04,AH Surimi-krab salade,vis
622508,0,AH Surimi-krab salade 2-pack,AH,vis,Vis,Vissalades (beleg),4.64,4.78,3.0,3% volume voordeel,,,2 stuks,,True,AH,3% volume voordeel,,,,True,AH,https://www.ah.nl/producten/product/wi622508,2026-08-04,AH Surimi-krab salade 2-pack,vis
612947,68653,AH Gerookte Atka Makreelfilet,AH,vis,Vis,Gerookte makreel,4.79,4.79,,,,,ca. 150 g,prijs per kg €31.90,False,,,,,D,True,AH,https://www.ah.nl/producten/product/wi612947,2026-08-04,AH Gerookte Atka Makreelfilet,vis
622509,0,AH Surimi-krab salade 3-pack,AH,vis,Vis,Vissalades (beleg),5.99,7.17,16.5,pakketkorting,,,3 stuks,,True,AHOO,,2026-08-04,2026-08-09,,True,AH,https://www.ah.nl/producten/product/wi622509,2026-08-04,AH Surimi-krab salade 3-pack,vis
225135,816619,Fish Tales Sockeye gerookte wilde zalm,Fish Tales,vis,Vis,Gerookte zalm,6.99,6.99,,,,,100 g,prijs per kg €69.90,False,,,,,D,True,AH,https://www.ah.nl/producten/product/wi225135,2026-08-04,Fish Tales Sockeye gerookte wilde zalm,vis
610232,0,Fish Tales Sockeye gerookte wilde zalm 2-pack,Fish Tales,vis,Vis,Gerookte zalm,13.28,13.98,5.0,5% volume voordeel,,,2 stuks,,True,AHOO,5% volume voordeel,2026-08-04,2999-12-31,,True,AH,https://www.ah.nl/producten/product/wi610232,2026-08-04,Fish Tales Sockeye gerookte wilde zalm 2-pack,vis
622510,0,AH Surimi-krab salade 4-pack,AH,vis,Vis,Vissalades (beleg),8.38,9.56,12.3,pakketkorting,,,4 stuks,,True,AHOO,,2026-08-04,2026-08-09,,True,AH,https://www.ah.nl/producten/product/wi622510,2026-08-04,AH Surimi-krab salade 4-pack,vis
226968,820757,AH Verse mosselen,AH,vis,Vis,Mosselen (vers),9.99,9.99,,,,,2 kg,prijs per kg €5.00,False,,,,,A,True,AH,https://www.ah.nl/producten/product/wi226968,2026-08-04,AH Verse mosselen,vis
618998,0,AH Grote roerbak garnalen knoflook 3-pack,AH,vis,Vis,Garnalen (vers),13.08,13.77,5.0,5% volume voordeel,,,3 stuks,,True,AHOO,5% volume voordeel,2026-08-04,2999-12-31,,True,AH,https://www.ah.nl/producten/product/wi618998,2026-08-04,AH Grote roerbak garnalen knoflook 3-pack,vis
618999,0,AH Grote roerbak garnalen knoflook 4-pack,AH,vis,Vis,Garnalen (vers),16.52,18.36,10.0,10% volume voordeel,,,4 stuks,,True,AHOO,10% volume voordeel,2026-08-04,2999-12-31,,True,AH,https://www.ah.nl/producten/product/wi618999,2026-08-04,AH Grote roerbak garnalen knoflook 4-pack,vis
121457,639235,AH Surimi sticks,AH,vis,Vis,Surimi,1.79,1.79,,,,,200 g,prijs per kg €8.95,False,,,,,C,True,AH,https://www.ah.nl/producten/product/wi121457,2026-08-04,AH Surimi sticks,vis
555282,633684,AH Gerookte forelfilet,AH,vis,Vis,"Gerookte forel, haring, zeebaars",3.99,3.99,,,,,ca. 125 g,prijs per kg €31.92,False,,,,,D,True,AH,https://www.ah.nl/producten/product/wi555282,2026-08-04,AH Gerookte forelfilet,vis
618301,0,AH Surimi sticks 3-pack,AH,vis,Vis,Surimi,5.21,5.37,3.0,3% volume voordeel,,,3 stuks,,True,AHOO,3% volume voordeel,2026-08-04,2999-12-31,,True,AH,https://www.ah.nl/producten/product/wi618301,2026-08-04,AH Surimi sticks 3-pack,vis
620005,0,AH Gerookte forelfilet 2-pack,AH,vis,Vis,"Gerookte forel, haring, zeebaars",7.74,7.98,3.0,3% volume voordeel,,,2 stuks,,True,AHOO,3% volume voordeel,2026-08-04,2999-12-31,,True,AH,https://www.ah.nl/producten/product/wi620005,2026-08-04,AH Gerookte forelfilet 2-pack,vis
618302,0,AH Surimi sticks 4-pack,AH,vis,Vis,Surimi,6.8,7.16,5.0,5% volume voordeel,,,4 stuks,,True,AHOO,5% volume voordeel,2026-08-04,2999-12-31,,True,AH,https://www.ah.nl/producten/product/wi618302,2026-08-04,AH Surimi sticks 4-pack,vis
620006,0,AH Gerookte forelfilet 3-pack,AH,vis,Vis,"Gerookte forel, haring, zeebaars",11.37,11.97,5.0,5% volume voordeel,,,3 stuks,,True,AHOO,5% volume voordeel,2026-08-04,2999-12-31,,True,AH,https://www.ah.nl/producten/product/wi620006,2026-08-04,AH Gerookte forelfilet 3-pack,vis
620007,0,AH Gerookte forelfilet 4-pack,AH,vis,Vis,"Gerookte forel, haring, zeebaars",14.36,15.96,10.0,10% volume voordeel,,,4 stuks,,True,AHOO,10% volume voordeel,2026-08-04,2999-12-31,,True,AH,https://www.ah.nl/producten/product/wi620007,2026-08-04,AH Gerookte forelfilet 4-pack,vis
484538,739693,AH Zalmfilet op huid,AH,vis,Vis,Zalm (vers),4.75,4.75,,,,,ca. 170 g,prijs per kg €27.95,False,,,,,A,True,AH,https://www.ah.nl/producten/product/wi484538,2026-08-04,AH Zalmfilet op huid,vis
191090,792476,Iglo Fishcuisine Italiano,Iglo,vis,Vis,Vis maaltijden (diepvries),6.29,6.29,,,,,380 g,prijs per kg €16.55,False,,,,,A,True,AH,https://www.ah.nl/producten/product/wi191090,2026-08-04,Iglo Fishcuisine Italiano,vis
615363,0,Iglo Fishcuisine Italiano 3-pack,Iglo,vis,Vis,Vis maaltijden (diepvries),17.93,18.87,5.0,5% volume voordeel,,,3 stuks,,True,AHOO,5% volume voordeel,2026-08-04,2999-12-31,,True,AH,https://www.ah.nl/producten/product/wi615363,2026-08-04,Iglo Fishcuisine Italiano 3-pack,vis
496773,795424,John West Twist tonijn ovengedroogde tomaat,John West,vis,Vis,Gemarineerde tonijn,3.29,3.29,,,,,85 g,prijs per kg €38.71,False,,,,,A,True,AH,https://www.ah.nl/producten/product/wi496773,2026-08-04,John West Twist tonijn ovengedroogde tomaat,vis
213759,809046,AH Zalmfilet à la minute,AH,vis,Vis,Zalm (vers),6.13,6.13,,,,,ca. 225 g,prijs per kg €27.23,False,,,,,A,True,AH,https://www.ah.nl/producten/product/wi213759,2026-08-04,AH Zalmfilet à la minute,vis
367764,834150,Johma Garnalen salade,Johma,vis,Vis,Vissalades (beleg),3.75,3.75,,,,,175 g,prijs per kg €21.43,False,,,,,D,True,AH,https://www.ah.nl/producten/product/wi367764,2026-08-04,Johma Garnalen salade,vis
598216,0,AH Zalmfilet a  la minute 2-pack,AH,vis,Vis,Zalm (vers),11.89,12.26,3.0,3% volume voordeel,,,2 stuks,,True,AHOO,3% volume voordeel,2026-08-04,2999-12-31,,True,AH,https://www.ah.nl/producten/product/wi598216,2026-08-04,AH Zalmfilet a  la minute 2-pack,vis
792,6404,AH Kabeljauw,AH,vis,Vis,Kabeljauw (diepvries),6.99,6.99,,,,,400 g,prijs per kg €17.48,False,,,,,A,True,AH,https://www.ah.nl/producten/product/wi792,2026-08-04,AH Kabeljauw,vis
368348,833905,John West Tonijn in water 3-pack,John West,vis,Vis,Tonijn in water,7.59,7.59,,,,,3 x 145 g,prijs per kg €24.80,False,,,,,A,True,AH,https://www.ah.nl/producten/product/wi368348,2026-08-04,John West Tonijn in water 3-pack,vis
615222,0,John West Tonijn in water 3-pack 2-pack,John West,vis,Vis,Tonijn in water,14.42,15.18,5.0,5% volume voordeel,,,2 stuks,,True,AHOO,5% volume voordeel,2026-08-04,2999-12-31,,True,AH,https://www.ah.nl/producten/product/wi615222,2026-08-04,John West Tonijn in water 3-pack 2-pack,vis
226265,820214,John West Tonijnstukken in zonnebloemolie,John West,vis,Vis,Tonijn in zonnebloemolie,2.89,2.89,,,,,145 g,prijs per kg €28.33,False,,,,,A,True,AH,https://www.ah.nl/producten/product/wi226265,2026-08-04,John West Tonijnstukken in zonnebloemolie,vis
613038,69905,AH Kibbeling,AH,vis,Vis,Gepaneerde vis (vers),5.39,5.39,,,,,ca. 300 g,prijs per kg €17.95,False,,,,,C,True,AH,https://www.ah.nl/producten/product/wi613038,2026-08-04,AH Kibbeling,vis
615230,0,John West Tonijnstukken in zonnebloemolie 3-pack,John West,vis,Vis,Tonijn in zonnebloemolie,8.24,8.67,5.0,5% volume voordeel,,,3 stuks,,True,AHOO,5% volume voordeel,2026-08-04,2999-12-31,,True,AH,https://www.ah.nl/producten/product/wi615230,2026-08-04,John West Tonijnstukken in zonnebloemolie 3-pack,vis
604898,58659,AH Excellent Warm gerookte zalmsalade luxe salade,AH Excellent,vis,Vis,Vissalades (beleg),1.9967,3.39,41.1,3 voor 5.99,5.99,3.0,125 g,normale prijs per kg €27.12,True,AH,3 VOOR 5.99,2026-08-03,2026-08-09,D,True,AH,https://www.ah.nl/producten/product/wi604898,2026-08-04,AH Excellent Warm gerookte zalmsalade luxe salade,vis
622517,0,AH Excellent Warm gerookte zalmsalade luxe salade 2pk,AH Excellent,vis,Vis,Vissalades (beleg),6.58,6.78,3.0,3% volume voordeel,,,2 stuks,,True,AH,3% volume voordeel,,,,True,AH,https://www.ah.nl/producten/product/wi622517,2026-08-04,AH Excellent Warm gerookte zalmsalade luxe salade 2pk,vis
622518,0,AH Excellent Warm gerookte zalmsalade luxe salade 3pk,AH Excellent,vis,Vis,Vissalades (beleg),5.99,10.17,41.1,pakketkorting,,,3 stuks,,True,AHOO,,2026-08-04,2026-08-09,,True,AH,https://www.ah.nl/producten/product/wi622518,2026-08-04,AH Excellent Warm gerookte zalmsalade luxe salade 3pk,vis
622519,0,AH Excellent Warm gerookte zalmsalade luxe salade 4pk,AH Excellent,vis,Vis,Vissalades (beleg),9.38,13.56,30.8,pakketkorting,,,4 stuks,,True,AHOO,,2026-08-04,2026-08-09,,True,AH,https://www.ah.nl/producten/product/wi622519,2026-08-04,AH Excellent Warm gerookte zalmsalade luxe salade 4pk,vis
445472,707375,Iglo Vissticks,Iglo,vis,Vis,Vissticks (diepvries),6.99,6.99,,,,,30 stuks,prijs per kg €8.32,False,,,,,B,True,AH,https://www.ah.nl/producten/product/wi445472,2026-08-04,Iglo Vissticks,vis
615370,0,Iglo Vissticks 3-pack 840 gr,Iglo,vis,Vis,Vissticks (diepvries),19.92,20.97,5.0,5% volume voordeel,,,3 stuks,,True,AHOO,5% volume voordeel,2026-08-04,2999-12-31,,True,AH,https://www.ah.nl/producten/product/wi615370,2026-08-04,Iglo Vissticks 3-pack 840 gr,vis
55671,508505,AH Gerookte zalmblokjes,AH,vis,Vis,Gerookte zalm,3.74,4.99,25.0,25% korting,,,100 g,normale prijs per kg €49.90,True,AH,25% korting,2026-08-03,2026-08-09,D,True,AH,https://www.ah.nl/producten/product/wi55671,2026-08-04,AH Gerookte zalmblokjes,vis
533325,722708,Iglo Vissticks,Iglo,vis,Vis,Vissticks (diepvries),2.79,2.79,,,,,8 stuks,prijs per kg €12.46,False,,,,,B,True,AH,https://www.ah.nl/producten/product/wi533325,2026-08-04,Iglo Vissticks,vis
615371,0,Iglo Vissticks 3-pack 224 gr,Iglo,vis,Vis,Vissticks (diepvries),7.95,8.37,5.0,5% volume voordeel,,,3 stuks,,True,AHOO,5% volume voordeel,2026-08-04,2999-12-31,,True,AH,https://www.ah.nl/producten/product/wi615371,2026-08-04,Iglo Vissticks 3-pack 224 gr,vis
51336,62346,AH Lekkerbek,AH,vis,Vis,Gepaneerde vis (vers),5.29,5.29,,,,,ca. 280 g,prijs per kg €18.89,False,,,,,B,True,AH,https://www.ah.nl/producten/product/wi51336,2026-08-04,AH Lekkerbek,vis
618122,0,AH Lekkerbek 2-pack,AH,vis,Vis,Gepaneerde vis (vers),10.26,10.58,3.0,3% volume voordeel,,,2 stuks,,True,AHOO,3% volume voordeel,2026-08-04,2999-12-31,,True,AH,https://www.ah.nl/producten/product/wi618122,2026-08-04,AH Lekkerbek 2-pack,vis
598485,0,AH Gerookte zalmblokjes 2-pack,AH,vis,Vis,Gerookte zalm,7.48,9.98,25.1,pakketkorting,,,2 stuks,,True,AHOO,,2026-08-04,2026-08-09,,True,AH,https://www.ah.nl/producten/product/wi598485,2026-08-04,AH Gerookte zalmblokjes 2-pack,vis
618123,0,AH Lekkerbek 3-pack,AH,vis,Vis,Gepaneerde vis (vers),15.08,15.87,5.0,5% volume voordeel,,,3 stuks,,True,AHOO,5% volume voordeel,2026-08-04,2999-12-31,,True,AH,https://www.ah.nl/producten/product/wi618123,2026-08-04,AH Lekkerbek 3-pack,vis
618124,0,AH Lekkerbek 4-pack,AH,vis,Vis,Gepaneerde vis (vers),19.04,21.16,10.0,10% volume voordeel,,,4 stuks,,True,AHOO,10% volume voordeel,2026-08-04,2999-12-31,,True,AH,https://www.ah.nl/producten/product/wi618124,2026-08-04,AH Lekkerbek 4-pack,vis
217010,809175,AH Gepelde roze garnalen rauw,AH,vis,Vis,Garnalen (diepvries),9.69,9.69,,,,,450 g,prijs per kg €21.53,False,,,,,A,True,AH,https://www.ah.nl/producten/product/wi217010,2026-08-04,AH Gepelde roze garnalen rauw,vis
217607,809230,Iglo Viskraam lekkerbekjes in bierbeslag,Iglo,vis,Vis,Lekkerbekjes (diepvries),4.99,4.99,,,,,2 x 120 g,prijs per kg €20.79,False,,,,,C,True,AH,https://www.ah.nl/producten/product/wi217607,2026-08-04,Iglo Viskraam lekkerbekjes in bierbeslag,vis
223398,817072,Fish Tales Ansjovisfilets in olijfolie,Fish Tales,vis,Vis,Ansjovis (conserven),2.99,2.99,,,,,45 g,prijs per kg €130.00,False,,,,,E,True,AH,https://www.ah.nl/producten/product/wi223398,2026-08-04,Fish Tales Ansjovisfilets in olijfolie,vis
610212,0,Fish Tales Ansjovisfilets in olijfolie 3-pack,Fish Tales,vis,Vis,Ansjovis (conserven),8.52,8.97,5.0,5% volume voordeel,,,3 stuks,,True,AHOO,5% volume voordeel,2026-08-04,2999-12-31,,True,AH,https://www.ah.nl/producten/product/wi610212,2026-08-04,Fish Tales Ansjovisfilets in olijfolie 3-pack,vis
615368,0,Iglo Viskraam lekkerbekjes in bierbeslag 3-pk,Iglo,vis,Vis,Lekkerbekjes (diepvries),14.22,14.97,5.0,5% volume voordeel,,,3 stuks,,True,AHOO,5% volume voordeel,2026-08-04,2999-12-31,,True,AH,https://www.ah.nl/producten/product/wi615368,2026-08-04,Iglo Viskraam lekkerbekjes in bierbeslag 3-pk,vis
226267,820216,Statesman Sardines in zonnebloemolie,Statesman,vis,Vis,Sardines (conserven),1.99,1.99,,,,,120 g,prijs per kg €23.69,False,,,,,B,True,AH,https://www.ah.nl/producten/product/wi226267,2026-08-04,Statesman Sardines in zonnebloemolie,vis
395373,847043,AH Grote garnalen,AH,vis,Vis,Garnalen (vers),3.49,3.49,,,,,100 g,prijs per kg €34.90,False,,,,,B,True,AH,https://www.ah.nl/producten/product/wi395373,2026-08-04,AH Grote garnalen,vis
415950,687501,AH Zalm op huid,AH,vis,Vis,Zalm (vers),12.39,12.39,,,,,ca. 500 g,prijs per kg €24.78,False,,,,,A,True,AH,https://www.ah.nl/producten/product/wi415950,2026-08-04,AH Zalm op huid,vis
97361,550023,AH Reuzengarnalen rauw en ongepeld,AH,vis,Vis,Garnalen (diepvries),7.59,7.59,,,,,450 g,prijs per kg €16.87,False,,,,,A,True,AH,https://www.ah.nl/producten/product/wi97361,2026-08-04,AH Reuzengarnalen rauw en ongepeld,vis
571234,12560,AH Pangasiusfilet,AH,vis,Vis,Pangasius (vers),2.49,2.49,,,,,ca. 175 g,prijs per kg €14.23,False,,,,,A,True,AH,https://www.ah.nl/producten/product/wi571234,2026-08-04,AH Pangasiusfilet,vis
376532,838019,AH Gerookte zalmsalade,AH,vis,Vis,Vissalades (beleg),2.99,2.99,,,,,175 g,prijs per kg €17.09,False,,,,,D,True,AH,https://www.ah.nl/producten/product/wi376532,2026-08-04,AH Gerookte zalmsalade,vis
568749,0,AH Grote garnalen 2-pack,AH,vis,Vis,Garnalen (vers),6.77,6.98,3.0,3% volume voordeel,,,2 stuks,,True,AHOO,3% volume voordeel,2026-08-04,2999-12-31,,True,AH,https://www.ah.nl/producten/product/wi568749,2026-08-04,AH Grote garnalen 2-pack,vis
589101,34638,Rio Mare Tonijnmoot in olijfolie 3-pack,Rio Mare,vis,Vis,Tonijn in olijfolie,6.99,6.99,,,,,195 g,prijs per kg €44.81,False,,,,,D,True,AH,https://www.ah.nl/producten/product/wi589101,2026-08-04,Rio Mare Tonijnmoot in olijfolie 3-pack,vis
231914,818927,Iglo Fish&fun visburgers,Iglo,vis,Vis,Gepaneerde vissnacks (diepvries),4.49,4.49,,,,,"0,23 kg",prijs per kg €19.78,False,,,,,B,True,AH,https://www.ah.nl/producten/product/wi231914,2026-08-04,Iglo Fish&fun visburgers,vis
603295,0,AH pangasiusfilet 2-pack,AH,vis,Vis,Pangasius (vers),4.88,4.98,2.0,2% volume voordeel,,,2 stuks,,True,AHOO,2% volume voordeel,2026-08-04,2999-12-31,,True,AH,https://www.ah.nl/producten/product/wi603295,2026-08-04,AH pangasiusfilet 2-pack,vis
604655,0,Iglo Fish&fun visburgers 3-pack,Iglo,vis,Vis,Vissticks (diepvries),12.8,13.47,5.0,5% volume voordeel,,,3 stuks,,True,AHOO,5% volume voordeel,2026-08-04,2999-12-31,,True,AH,https://www.ah.nl/producten/product/wi604655,2026-08-04,Iglo Fish&fun visburgers 3-pack,vis
53220,99634,AH Cocktail garnalen,AH,vis,Vis,Garnalen (vers),2.59,2.59,,,,,100 g,prijs per kg €25.90,False,,,,,,True,AH,https://www.ah.nl/producten/product/wi53220,2026-08-04,AH Cocktail garnalen,vis
130190,590205,AH Sandwich zalmplakken,AH,vis,Vis,Gerookte zalm,4.19,5.59,25.0,25% korting,,,100 g,normale prijs per kg €55.90,True,AH,25% korting,2026-08-03,2026-08-09,D,True,AH,https://www.ah.nl/producten/product/wi130190,2026-08-04,AH Sandwich zalmplakken,vis
496944,795589,Princes Tonijnstukken groenten,Princes,vis,Vis,Tonijn met groente,2.79,2.79,,,,,160 g,prijs per kg €17.44,False,,,,,A,True,AH,https://www.ah.nl/producten/product/wi496944,2026-08-04,Princes Tonijnstukken groenten,vis
582543,25159,AH Lekkerbekjes krokant korstje,AH,vis,Vis,Lekkerbekjes (diepvries),2.85,2.85,,,,,240 g,prijs per kg €11.88,False,,,,,C,True,AH,https://www.ah.nl/producten/product/wi582543,2026-08-04,AH Lekkerbekjes krokant korstje,vis
617963,0,AH Cocktail garnalen 2-pack,AH,vis,Vis,Garnalen (vers),5.02,5.18,3.0,3% volume voordeel,,,2 stuks,,True,AHOO,3% volume voordeel,2026-08-04,2999-12-31,,True,AH,https://www.ah.nl/producten/product/wi617963,2026-08-04,AH Cocktail garnalen 2-pack,vis
590093,35853,AH Surimi krab salade,AH,vis,Vis,Vissalades (beleg),2.79,2.79,,,,,175 g,prijs per kg €15.94,False,,,,,D,True,AH,https://www.ah.nl/producten/product/wi590093,2026-08-04,AH Surimi krab salade,vis
621738,0,AH Surimi krab salade 3-pack,AH,vis,Vis,Vissalades (beleg),7.95,8.37,5.0,5% volume voordeel,,,3 stuks,,True,AHOO,5% volume voordeel,2026-08-04,2999-12-31,,True,AH,https://www.ah.nl/producten/product/wi621738,2026-08-04,AH Surimi krab salade 3-pack,vis
415351,686926,AH Roerbak garnalen knoflook,AH,vis,Vis,Garnalen (vers),5.49,5.49,,,,,185 g,prijs per kg €29.68,False,,,,,B,True,AH,https://www.ah.nl/producten/product/wi415351,2026-08-04,AH Roerbak garnalen knoflook,vis
436979,701284,Fish Tales Verse Zeeuwse mosselen,Fish Tales,vis,Vis,Mosselen (vers),9.99,9.99,,,,,"1,5 kg",prijs per kg €6.66,False,,,,,A,True,AH,https://www.ah.nl/producten/product/wi436979,2026-08-04,Fish Tales Verse Zeeuwse mosselen,vis
598188,0,AH Roerbak garnalen knoflook 2-pack,AH,vis,Vis,Garnalen (vers),10.65,10.98,3.0,3% volume voordeel,,,2 stuks,,True,AHOO,3% volume voordeel,2026-08-04,2999-12-31,,True,AH,https://www.ah.nl/producten/product/wi598188,2026-08-04,AH Roerbak garnalen knoflook 2-pack,vis
621739,0,AH Surimi krab salade 4-pack,AH,vis,Vis,Vissalades (beleg),10.04,11.16,10.0,10% volume voordeel,,,4 stuks,,True,AHOO,10% volume voordeel,2026-08-04,2999-12-31,,True,AH,https://www.ah.nl/producten/product/wi621739,2026-08-04,AH Surimi krab salade 4-pack,vis
197753,791891,AH Pangasiusfilet knoflook-citroen,AH,vis,Vis,Pangasius (vers),6.49,6.49,,,,,ca. 400 g,prijs per kg €16.22,False,,,,,A,True,AH,https://www.ah.nl/producten/product/wi197753,2026-08-04,AH Pangasiusfilet knoflook-citroen,vis
603296,0,AH Pangasiusfilet knoflook-citroen 2-pack,AH,vis,Vis,Pangasius (vers),12.72,12.98,2.0,2% volume voordeel,,,2 stuks,,True,AHOO,2% volume voordeel,2026-08-04,2999-12-31,,True,AH,https://www.ah.nl/producten/product/wi603296,2026-08-04,AH Pangasiusfilet knoflook-citroen 2-pack,vis
617965,0,AH Cocktail garnalen 4-pack,AH,vis,Vis,Garnalen (vers),9.32,10.36,10.0,10% volume voordeel,,,4 stuks,,True,AHOO,10% volume voordeel,2026-08-04,2999-12-31,,True,AH,https://www.ah.nl/producten/product/wi617965,2026-08-04,AH Cocktail garnalen 4-pack,vis
617964,0,AH Cocktail garnalen 3-pack,AH,vis,Vis,Garnalen (vers),7.38,7.77,5.0,5% volume voordeel,,,3 stuks,,True,AHOO,5% volume voordeel,2026-08-04,2999-12-31,,True,AH,https://www.ah.nl/producten/product/wi617964,2026-08-04,AH Cocktail garnalen 3-pack,vis
223397,817071,Fish Tales Sardines in water,Fish Tales,vis,Vis,Sardines (conserven),2.79,2.79,,,,,120 g,prijs per kg €32.82,False,,,,,A,True,AH,https://www.ah.nl/producten/product/wi223397,2026-08-04,Fish Tales Sardines in water,vis
523283,659186,AH Garnalen,AH,vis,Vis,Garnalen (vers),5.49,5.49,,,,,200 g,prijs per kg €27.45,False,,,,,,True,AH,https://www.ah.nl/producten/product/wi523283,2026-08-04,AH Garnalen,vis
577823,0,AH Sandwich zalmplakken 3-pack,AH,vis,Vis,Gerookte zalm,12.58,16.77,25.0,pakketkorting,,,3 stuks,,True,AHOO,,2026-08-04,2026-08-09,,True,AH,https://www.ah.nl/producten/product/wi577823,2026-08-04,AH Sandwich zalmplakken 3-pack,vis
596926,0,Princes tonijnstukken met groenten 2-pack,Princes,vis,Vis,Tonijn met groente,4.74,5.58,15.0,15% volume voordeel,,,2 stuks,,True,AHOO,15% volume voordeel,2026-08-04,2999-12-31,,True,AH,https://www.ah.nl/producten/product/wi596926,2026-08-04,Princes tonijnstukken met groenten 2-pack,vis
610225,0,Fish Tales Sardines in water 3-pack,Fish Tales,vis,Vis,Sardines (conserven),7.95,8.37,5.0,5% volume voordeel,,,3 stuks,,True,AHOO,5% volume voordeel,2026-08-04,2999-12-31,,True,AH,https://www.ah.nl/producten/product/wi610225,2026-08-04,Fish Tales Sardines in water 3-pack,vis
539586,710565,Iglo Viskraam lekkerbekjes glutenvrij,Iglo,vis,Vis,Lekkerbekjes (diepvries),5.99,5.99,,,,,250 g,prijs per kg €23.96,False,,,,,B,True,AH,https://www.ah.nl/producten/product/wi539586,2026-08-04,Iglo Viskraam lekkerbekjes glutenvrij,vis
615367,0,Iglo Viskraam lekkerbekjes glutenvrij 3-pack,Iglo,vis,Vis,Lekkerbekjes (diepvries),17.07,17.97,5.0,5% volume voordeel,,,3 stuks,,True,AHOO,5% volume voordeel,2026-08-04,2999-12-31,,True,AH,https://www.ah.nl/producten/product/wi615367,2026-08-04,Iglo Viskraam lekkerbekjes glutenvrij 3-pack,vis
1765,24166,John West Wilde roze zalm,John West,vis,Vis,Zalm (conserven),4.79,4.79,,,,,213 g,prijs per kg €22.49,False,,,,,A,True,AH,https://www.ah.nl/producten/product/wi1765,2026-08-04,John West Wilde roze zalm,vis
516979,63312,AH Gerookte zalm 30% verlaagd in zout,AH,vis,Vis,Gerookte zalm,3.44,4.59,25.0,25% korting,,,100 g,normale prijs per kg €45.90,True,AH,25% korting,2026-08-03,2026-08-09,C,True,AH,https://www.ah.nl/producten/product/wi516979,2026-08-04,AH Gerookte zalm 30% verlaagd in zout,vis
615105,0,Princes Tonijnstukken groenten 3-pack,Princes,vis,Vis,Tonijn met groente,7.95,8.37,5.0,5% volume voordeel,,,3 stuks,,True,AHOO,5% volume voordeel,2026-08-04,2999-12-31,,True,AH,https://www.ah.nl/producten/product/wi615105,2026-08-04,Princes Tonijnstukken groenten 3-pack,vis
127094,31,Fish Tales Gerookte horsmakreelfilet,Fish Tales,vis,Vis,Gerookte makreel,5.29,5.29,,,,,150 g,prijs per kg €35.27,False,,,,,A,True,AH,https://www.ah.nl/producten/product/wi127094,2026-08-04,Fish Tales Gerookte horsmakreelfilet,vis
603279,0,AH Gerookte zalm 30% verlaagd zout 2-pack,AH,vis,Vis,Gerookte zalm,6.88,9.18,25.1,pakketkorting,,,2 stuks,,True,AHOO,,2026-08-04,2026-08-09,,True,AH,https://www.ah.nl/producten/product/wi603279,2026-08-04,AH Gerookte zalm 30% verlaagd zout 2-pack,vis
608325,65993,Princes Horsmakreel in water,Princes,vis,Vis,Makreel (conserven),2.29,2.29,,,,,125 g,prijs per kg €26.02,False,,,,,A,True,AH,https://www.ah.nl/producten/product/wi608325,2026-08-04,Princes Horsmakreel in water,vis
610216,0,Fish Tales Gerookte horsmakreelfilet 2-pack,Fish Tales,vis,Vis,Gerookte makreel,10.05,10.58,5.0,5% volume voordeel,,,2 stuks,,True,AHOO,5% volume voordeel,2026-08-04,2999-12-31,,True,AH,https://www.ah.nl/producten/product/wi610216,2026-08-04,Fish Tales Gerookte horsmakreelfilet 2-pack,vis
615100,0,Princes Horsmakreel in water 3-pack,Princes,vis,Vis,Makreel (conserven),6.53,6.87,5.0,5% volume voordeel,,,3 stuks,,True,AHOO,5% volume voordeel,2026-08-04,2999-12-31,,True,AH,https://www.ah.nl/producten/product/wi615100,2026-08-04,Princes Horsmakreel in water 3-pack,vis
620564,0,AH Pangasiusfilet 3-pack,AH,vis,Vis,Pangasius (vers),7.17,7.47,4.0,4% volume voordeel,,,3 stuks,,True,AHOO,4% volume voordeel,2026-08-04,2999-12-31,,True,AH,https://www.ah.nl/producten/product/wi620564,2026-08-04,AH Pangasiusfilet 3-pack,vis
615360,0,Iglo Fish&fun visfriet 3-pack,Iglo,vis,Vis,Visfriet (diepvries),9.95,10.47,5.0,5% volume voordeel,,,3 stuks,,True,AHOO,5% volume voordeel,2026-08-04,2999-12-31,,True,AH,https://www.ah.nl/producten/product/wi615360,2026-08-04,Iglo Fish&fun visfriet 3-pack,vis
523282,69193,AH Biologisch Roerbakgarnalen,AH Biologisch,vis,Vis,Garnalen (vers),4.39,4.39,,,,,125 g,prijs per kg €35.12,False,,,,,A,True,AH,https://www.ah.nl/producten/product/wi523282,2026-08-04,AH Biologisch Roerbakgarnalen,vis
619558,0,AH Biologisch Roerbakgarnalen 2-pack,AH Biologisch,vis,Vis,Garnalen (vers),8.52,8.78,3.0,3% volume voordeel,,,2 stuks,,True,AHOO,3% volume voordeel,2026-08-04,2999-12-31,,True,AH,https://www.ah.nl/producten/product/wi619558,2026-08-04,AH Biologisch Roerbakgarnalen 2-pack,vis
620565,0,AH Pangasiusfilet 4-pack,AH,vis,Vis,Pangasius (vers),9.36,9.96,6.0,6% volume voordeel,,,4 stuks,,True,AHOO,6% volume voordeel,2026-08-04,2999-12-31,,True,AH,https://www.ah.nl/producten/product/wi620565,2026-08-04,AH Pangasiusfilet 4-pack,vis
496945,795646,Princes Haring in milde tomatensaus,Princes,vis,Vis,Haring (conserven),1.99,1.99,,,,,170 g,prijs per kg €11.71,False,,,,,C,True,AH,https://www.ah.nl/producten/product/wi496945,2026-08-04,Princes Haring in milde tomatensaus,vis
615098,0,Princes Haring in milde tomatensaus 3-pack,Princes,vis,Vis,Haring (conserven),5.67,5.97,5.0,5% volume voordeel,,,3 stuks,,True,AHOO,5% volume voordeel,2026-08-04,2999-12-31,,True,AH,https://www.ah.nl/producten/product/wi615098,2026-08-04,Princes Haring in milde tomatensaus 3-pack,vis
617434,0,AH Roerbak garnalen knoflook 3-pack,AH,vis,Vis,Garnalen (vers),15.65,16.47,5.0,5% volume voordeel,,,3 stuks,,True,AHOO,5% volume voordeel,2026-08-04,2999-12-31,,True,AH,https://www.ah.nl/producten/product/wi617434,2026-08-04,AH Roerbak garnalen knoflook 3-pack,vis
617435,0,AH Roerbak garnalen knoflook 4-pack,AH,vis,Vis,Garnalen (vers),19.76,21.96,10.0,10% volume voordeel,,,4 stuks,,True,AHOO,10% volume voordeel,2026-08-04,2999-12-31,,True,AH,https://www.ah.nl/producten/product/wi617435,2026-08-04,AH Roerbak garnalen knoflook 4-pack,vis
619559,0,AH Biologisch Roerbakgarnalen 3-pack,AH Biologisch,vis,Vis,Garnalen (vers),12.51,13.17,5.0,5% volume voordeel,,,3 stuks,,True,AHOO,5% volume voordeel,2026-08-04,2999-12-31,,True,AH,https://www.ah.nl/producten/product/wi619559,2026-08-04,AH Biologisch Roerbakgarnalen 3-pack,vis
619560,0,AH Biologisch Roerbakgarnalen 4-pack,AH Biologisch,vis,Vis,Garnalen (vers),15.8,17.56,10.0,10% volume voordeel,,,4 stuks,,True,AHOO,10% volume voordeel,2026-08-04,2999-12-31,,True,AH,https://www.ah.nl/producten/product/wi619560,2026-08-04,AH Biologisch Roerbakgarnalen 4-pack,vis
618032,0,AH Gerookte zalmblokjes 4-pack,AH,vis,Vis,Gerookte zalm,14.97,19.96,25.0,pakketkorting,,,4 stuks,,True,AHOO,,2026-08-04,2026-08-09,,True,AH,https://www.ah.nl/producten/product/wi618032,2026-08-04,AH Gerookte zalmblokjes 4-pack,vis
618031,0,AH Gerookte zalmblokjes 3-pack,AH,vis,Vis,Gerookte zalm,11.23,14.97,25.0,pakketkorting,,,3 stuks,,True,AHOO,,2026-08-04,2026-08-09,,True,AH,https://www.ah.nl/producten/product/wi618031,2026-08-04,AH Gerookte zalmblokjes 3-pack,vis
545809,0,AH Grote garnalen 4-pack,AH,vis,Vis,Garnalen (vers),13.26,13.96,5.0,5% volume voordeel,,,4 stuks,,True,AHOO,5% volume voordeel,2026-08-04,2999-12-31,,True,AH,https://www.ah.nl/producten/product/wi545809,2026-08-04,AH Grote garnalen 4-pack,vis
575887,17051,AH Surimi salade,AH,vis,Vis,Vissalades (beleg),2.49,2.49,,,,,300 g,prijs per kg €8.30,False,,,,,D,True,AH,https://www.ah.nl/producten/product/wi575887,2026-08-04,AH Surimi salade,vis
451669,574649,Statesman Tonijn stukken in olijfolie,Statesman,vis,Vis,Tonijn in olijfolie,1.99,1.99,,,,,160 g,prijs per kg €12.44,False,,,,,B,True,AH,https://www.ah.nl/producten/product/wi451669,2026-08-04,Statesman Tonijn stukken in olijfolie,vis
590082,35850,Johma Japanse tonijn-sesam salade,Johma,vis,Vis,Vissalades (beleg),3.49,3.49,,,,,175 g,prijs per kg €19.94,False,,,,,D,True,AH,https://www.ah.nl/producten/product/wi590082,2026-08-04,Johma Japanse tonijn-sesam salade,vis
619213,0,AH Grote garnalen 3-pack,AH,vis,Vis,Garnalen (vers),9.95,10.47,5.0,5% volume voordeel,,,3 stuks,,True,AHOO,5% volume voordeel,2026-08-04,2999-12-31,,True,AH,https://www.ah.nl/producten/product/wi619213,2026-08-04,AH Grote garnalen 3-pack,vis
558178,687951,AH Kabeljauwhaasje,AH,vis,Vis,Kabeljauw (vers),2.79,5.29,47.3,per 100 GRAM voor €2.79,2.79,100.0,ca. 130 g,normale prijs per kg €40.69,True,AH,100 GRAM VOOR 2.79,2026-08-03,2026-08-09,A,True,AH,https://www.ah.nl/producten/product/wi558178,2026-08-04,AH Kabeljauwhaasje,vis
599927,49992,Princes Tonijn in water,Princes,vis,Vis,Tonijn in water,1.99,1.99,,,,,85 g,prijs per kg €23.41,False,,,,,A,True,AH,https://www.ah.nl/producten/product/wi599927,2026-08-04,Princes Tonijn in water,vis
615102,0,Princes Tonijn in water 3-pack,Princes,vis,Vis,Tonijn in water,5.67,5.97,5.0,5% volume voordeel,,,3 stuks,,True,AHOO,5% volume voordeel,2026-08-04,2999-12-31,,True,AH,https://www.ah.nl/producten/product/wi615102,2026-08-04,Princes Tonijn in water 3-pack,vis
620029,0,AH Kabeljauwhaasje 2-pack,AH,vis,Vis,Kabeljauw (vers),10.37,10.58,2.0,2% volume voordeel,,,2 stuks,,True,AH,2% volume voordeel,,,,True,AH,https://www.ah.nl/producten/product/wi620029,2026-08-04,AH Kabeljauwhaasje 2-pack,vis
587652,32912,AH Sushi zalm,AH,vis,Vis,Zalm (vers),5.99,5.99,,,,,ca. 150 g,prijs per kg €39.93,False,,,,,C,True,AH,https://www.ah.nl/producten/product/wi587652,2026-08-04,AH Sushi zalm,vis
621241,0,AH Sushi zalm 2-pack,AH,vis,Vis,Zalm (vers),,,3.0,3% volume voordeel,,,2 stuks,,True,AH,3% volume voordeel,,,,True,AH,https://www.ah.nl/producten/product/wi621241,2026-08-04,AH Sushi zalm 2-pack,vis
621242,0,AH Sushi zalm 3-pack,AH,vis,Vis,Zalm (vers),,,5.0,5% volume voordeel,,,3 stuks,,True,AH,5% volume voordeel,,,,True,AH,https://www.ah.nl/producten/product/wi621242,2026-08-04,AH Sushi zalm 3-pack,vis
621243,0,AH Sushi zalm 4-pack,AH,vis,Vis,Zalm (vers),,,10.0,10% volume voordeel,,,4 stuks,,True,AH,10% volume voordeel,,,,True,AH,https://www.ah.nl/producten/product/wi621243,2026-08-04,AH Sushi zalm 4-pack,vis
48962,527896,AH Hollandse nieuwe met uitjes,AH,vis,Vis,Haring (vers),3.29,3.29,,,,,3 stuks,,False,,,,,D,True,AH,https://www.ah.nl/producten/product/wi48962,2026-08-04,AH Hollandse nieuwe met uitjes,vis
620030,0,AH Kabeljauwhaasje 3-pack,AH,vis,Vis,Kabeljauw (vers),15.24,15.87,4.0,4% volume voordeel,,,3 stuks,,True,AH,4% volume voordeel,,,,True,AH,https://www.ah.nl/producten/product/wi620030,2026-08-04,AH Kabeljauwhaasje 3-pack,vis
103191,92542,AH Mosselgroente,AH,vis,Vis,"Mosselgroente, saus en kruiden",2.19,2.19,,,,,400 g,prijs per kg €5.48,False,,,,,A,True,AH,https://www.ah.nl/producten/product/wi103191,2026-08-04,AH Mosselgroente,vis
166257,639238,AH Biologisch Garnalen,AH Biologisch,vis,Vis,Garnalen (vers),3.59,3.59,,,,,100 g,prijs per kg €35.90,False,,,,,B,True,AH,https://www.ah.nl/producten/product/wi166257,2026-08-04,AH Biologisch Garnalen,vis
620031,0,AH Kabeljauwhaasje 4-pack,AH,vis,Vis,Kabeljauw (vers),19.89,21.16,6.0,6% volume voordeel,,,4 stuks,,True,AH,6% volume voordeel,,,,True,AH,https://www.ah.nl/producten/product/wi620031,2026-08-04,AH Kabeljauwhaasje 4-pack,vis
497588,802198,Johma Tonijnsalade voordeelpak,Johma,vis,Vis,Vissalades (beleg),4.99,4.99,,,,,300 g,prijs per kg €16.63,False,,,,,D,True,AH,https://www.ah.nl/producten/product/wi497588,2026-08-04,Johma Tonijnsalade voordeelpak,vis
618258,0,AH Sandwich zalmplakken 2-pack,AH,vis,Vis,Gerookte zalm,8.38,11.18,25.0,pakketkorting,,,2 stuks,,True,AHOO,,2026-08-04,2026-08-09,,True,AH,https://www.ah.nl/producten/product/wi618258,2026-08-04,AH Sandwich zalmplakken 2-pack,vis
365666,832610,AH Kabeljauwhaasje,AH,vis,Vis,Kabeljauw (diepvries),6.99,6.99,,,,,250 g,prijs per kg €27.96,False,,,,,A,True,AH,https://www.ah.nl/producten/product/wi365666,2026-08-04,AH Kabeljauwhaasje,vis
617706,0,Johma Tonijnsalade voordeelpak 2-packb,Johma,vis,Vis,Vissalades (beleg),9.48,9.98,5.0,5% volume voordeel,,,2 stuks,,True,AHOO,5% volume voordeel,2026-08-04,2999-12-31,,True,AH,https://www.ah.nl/producten/product/wi617706,2026-08-04,Johma Tonijnsalade voordeelpak 2-packb,vis
55994,106633,AH Rivierkreeftjes,AH,vis,Vis,"Zeevruchten, inktvis, slakken, rivierkreeftjes",4.29,4.29,,,,,100 g,prijs per kg €42.90,False,,,,,B,True,AH,https://www.ah.nl/producten/product/wi55994,2026-08-04,AH Rivierkreeftjes,vis
123975,540428,John West Tonijnpaté,John West,vis,Vis,Tonijnpaté,3.19,3.19,,,,,125 g,prijs per kg €25.52,False,,,,,B,True,AH,https://www.ah.nl/producten/product/wi123975,2026-08-04,John West Tonijnpaté,vis
476859,729805,Fish Tales Skipjack tonijn in water 2-pack,Fish Tales,vis,Vis,Tonijn in water,4.49,4.49,,,,,160 g,prijs per kg €40.09,False,,,,,A,True,AH,https://www.ah.nl/producten/product/wi476859,2026-08-04,Fish Tales Skipjack tonijn in water 2-pack,vis
610229,0,Fish Tales Skipjack tonijn in water 2-pack 3-pack,Fish Tales,vis,Vis,Tonijn in water,12.8,13.47,5.0,5% volume voordeel,,,3 stuks,,True,AHOO,5% volume voordeel,2026-08-04,2999-12-31,,True,AH,https://www.ah.nl/producten/product/wi610229,2026-08-04,Fish Tales Skipjack tonijn in water 2-pack 3-pack,vis
615227,0,John West Tonijnpate 3-pack,John West,vis,Vis,Tonijnpaté,9.09,9.57,5.0,5% volume voordeel,,,3 stuks,,True,AHOO,5% volume voordeel,2026-08-04,2999-12-31,,True,AH,https://www.ah.nl/producten/product/wi615227,2026-08-04,John West Tonijnpate 3-pack,vis
587656,32916,AH Zeebaars op huid,AH,vis,Vis,"Zeebaars, roodbaars, dorade (vers)",2.79,5.89,52.6,per 100 GRAM voor €2.79,2.79,100.0,ca. 160 g,normale prijs per kg €36.81,True,AH,100 GRAM VOOR 2.79,2026-08-03,2026-08-09,A,True,AH,https://www.ah.nl/producten/product/wi587656,2026-08-04,AH Zeebaars op huid,vis
621256,0,AH Zeebaars op huid 2-pack,AH,vis,Vis,"Zeebaars, roodbaars, dorade (vers)",,,2.0,2% volume voordeel,,,2 stuks,,True,AH,2% volume voordeel,,,,True,AH,https://www.ah.nl/producten/product/wi621256,2026-08-04,AH Zeebaars op huid 2-pack,vis
621257,0,AH Zeebaars op huid 3-pack,AH,vis,Vis,"Zeebaars, roodbaars, dorade (vers)",,,4.0,4% volume voordeel,,,3 stuks,,True,AH,4% volume voordeel,,,,True,AH,https://www.ah.nl/producten/product/wi621257,2026-08-04,AH Zeebaars op huid 3-pack,vis
621258,0,AH Zeebaars op huid 4-pack,AH,vis,Vis,"Zeebaars, roodbaars, dorade (vers)",,,6.0,6% volume voordeel,,,4 stuks,,True,AH,6% volume voordeel,,,,True,AH,https://www.ah.nl/producten/product/wi621258,2026-08-04,AH Zeebaars op huid 4-pack,vis
617707,0,Johma Tonijnsalade voordeelpak 3-packb,Johma,vis,Vis,Vissalades (beleg),13.47,14.97,10.0,10% volume voordeel,,,3 stuks,,True,AHOO,10% volume voordeel,2026-08-04,2999-12-31,,True,AH,https://www.ah.nl/producten/product/wi617707,2026-08-04,Johma Tonijnsalade voordeelpak 3-packb,vis
195026,798977,AH Hollandse garnalen,AH,vis,Vis,Garnalen (vers),6.99,6.99,,,,,100 g,prijs per kg €69.90,False,,,,,B,True,AH,https://www.ah.nl/producten/product/wi195026,2026-08-04,AH Hollandse garnalen,vis
618259,0,AH Sandwich zalmplakken 4-pack,AH,vis,Vis,Gerookte zalm,16.77,22.36,25.0,pakketkorting,,,4 stuks,,True,AHOO,,2026-08-04,2026-08-09,,True,AH,https://www.ah.nl/producten/product/wi618259,2026-08-04,AH Sandwich zalmplakken 4-pack,vis
587668,32933,AH BBQ zeebaarsfilet,AH,vis,Vis,"Zeebaars, roodbaars, dorade (vers)",6.17,6.17,,,,,ca. 180 g,prijs per kg €38.59,False,,,,,A,True,AH,https://www.ah.nl/producten/product/wi587668,2026-08-04,AH BBQ zeebaarsfilet,vis
3515,75110,AH Zalm in bladerdeeg met spinazie,AH,vis,Vis,Zalm (diepvries),3.99,3.99,,,,,2 x 150 g,prijs per kg €13.30,False,,,,,C,True,AH,https://www.ah.nl/producten/product/wi3515,2026-08-04,AH Zalm in bladerdeeg met spinazie,vis
53542,506935,Ouwehand Zure haring,Ouwehand,vis,Vis,Haring (conserven),3.39,3.39,,,,,355 g,prijs per kg €16.95,False,,,,,D,True,AH,https://www.ah.nl/producten/product/wi53542,2026-08-04,Ouwehand Zure haring,vis
54229,639234,AH Surimi flakes,AH,vis,Vis,Surimi,2.59,2.59,,,,,200 g,prijs per kg €12.95,False,,,,,D,True,AH,https://www.ah.nl/producten/product/wi54229,2026-08-04,AH Surimi flakes,vis
618299,0,AH Surimi flakes 3-pack,AH,vis,Vis,Surimi,7.54,7.77,3.0,3% volume voordeel,,,3 stuks,,True,AHOO,3% volume voordeel,2026-08-04,2999-12-31,,True,AH,https://www.ah.nl/producten/product/wi618299,2026-08-04,AH Surimi flakes 3-pack,vis
185801,639312,AH Gerookte sockeye zalm,AH,vis,Vis,Gerookte zalm,4.12,5.49,25.0,25% korting,,,100 g,normale prijs per kg €54.90,True,AH,25% korting,2026-08-03,2026-08-09,D,True,AH,https://www.ah.nl/producten/product/wi185801,2026-08-04,AH Gerookte sockeye zalm,vis
198368,793056,Morjon Sardines soja olie,Morjon,vis,Vis,Sardines (conserven),1.49,1.49,,,,,120 g,prijs per kg €17.74,False,,,,,B,True,AH,https://www.ah.nl/producten/product/wi198368,2026-08-04,Morjon Sardines soja olie,vis
400399,849638,Fish Tales Skipjack tonijn in olijfolie,Fish Tales,vis,Vis,Tonijn in olijfolie,3.99,3.99,,,,,142 g,prijs per kg €40.30,False,,,,,A,True,AH,https://www.ah.nl/producten/product/wi400399,2026-08-04,Fish Tales Skipjack tonijn in olijfolie,vis
602962,0,AH Gerookte sockeye zalm 2-pack,AH,vis,Vis,Gerookte zalm,8.23,10.98,25.0,pakketkorting,,,2 stuks,,True,AHOO,,2026-08-04,2026-08-09,,True,AH,https://www.ah.nl/producten/product/wi602962,2026-08-04,AH Gerookte sockeye zalm 2-pack,vis
515258,28758,Johma 100% plantaardige tonijnsalade,Johma,vis,Vis,Vissalades (beleg),3.19,3.19,,,,,175 g,prijs per kg €18.23,False,,,,,D,True,AH,https://www.ah.nl/producten/product/wi515258,2026-08-04,Johma 100% plantaardige tonijnsalade,vis
602300,52838,Iglo Viskraam garnalen krokant gepaneerd,Iglo,vis,Vis,Gepaneerde garnalen (diepvries),6.99,6.99,,,,,200 g,prijs per kg €34.95,False,,,,,C,True,AH,https://www.ah.nl/producten/product/wi602300,2026-08-04,Iglo Viskraam garnalen krokant gepaneerd,vis
621168,0,AH BBQ zeebaarsfilet 2-pack,AH,vis,Vis,"Zeebaars, roodbaars, dorade (vers)",11.97,12.34,3.0,3% volume voordeel,,,2 stuks,,True,AHOO,3% volume voordeel,2026-08-04,2999-12-31,,True,AH,https://www.ah.nl/producten/product/wi621168,2026-08-04,AH BBQ zeebaarsfilet 2-pack,vis
621170,0,AH BBQ zeebaarsfilet 4-pack,AH,vis,Vis,"Zeebaars, roodbaars, dorade (vers)",22.21,24.68,10.0,10% volume voordeel,,,4 stuks,,True,AHOO,10% volume voordeel,2026-08-04,2999-12-31,,True,AH,https://www.ah.nl/producten/product/wi621170,2026-08-04,AH BBQ zeebaarsfilet 4-pack,vis
589129,34641,Rio Mare Tonijnmoot in olijfolie 2-pack,Rio Mare,vis,Vis,Tonijn in olijfolie,8.89,8.89,,,,,240 g,prijs per kg €42.74,False,,,,,D,True,AH,https://www.ah.nl/producten/product/wi589129,2026-08-04,Rio Mare Tonijnmoot in olijfolie 2-pack,vis
415352,686927,AH Roerbakgarnalen naturel,AH,vis,Vis,Garnalen (vers),5.39,5.39,,,,,185 g,prijs per kg €29.14,False,,,,,A,True,AH,https://www.ah.nl/producten/product/wi415352,2026-08-04,AH Roerbakgarnalen naturel,vis
598189,0,AH Roerbakgarnalen naturel 2-pack,AH,vis,Vis,Garnalen (vers),10.46,10.78,3.0,3% volume voordeel,,,2 stuks,,True,AHOO,3% volume voordeel,2026-08-04,2999-12-31,,True,AH,https://www.ah.nl/producten/product/wi598189,2026-08-04,AH Roerbakgarnalen naturel 2-pack,vis
53543,506936,Ouwehand Rolmops,Ouwehand,vis,Vis,Haring (conserven),3.49,3.49,,,,,355 g,prijs per kg €17.45,False,,,,,D,True,AH,https://www.ah.nl/producten/product/wi53543,2026-08-04,Ouwehand Rolmops,vis
618300,0,AH Surimi flakes 4-pack,AH,vis,Vis,Surimi,9.84,10.36,5.0,5% volume voordeel,,,4 stuks,,True,AHOO,5% volume voordeel,2026-08-04,2999-12-31,,True,AH,https://www.ah.nl/producten/product/wi618300,2026-08-04,AH Surimi flakes 4-pack,vis
619426,0,AH Gerookte zalm 30% verlaagd in zout 3-pck,AH,vis,Vis,Gerookte zalm,10.33,13.77,25.0,pakketkorting,,,3 stuks,,True,AHOO,,2026-08-04,2026-08-09,,True,AH,https://www.ah.nl/producten/product/wi619426,2026-08-04,AH Gerookte zalm 30% verlaagd in zout 3-pck,vis
621169,0,AH BBQ zeebaarsfilet 3-pack,AH,vis,Vis,"Zeebaars, roodbaars, dorade (vers)",17.58,18.51,5.0,5% volume voordeel,,,3 stuks,,True,AHOO,5% volume voordeel,2026-08-04,2999-12-31,,True,AH,https://www.ah.nl/producten/product/wi621169,2026-08-04,AH BBQ zeebaarsfilet 3-pack,vis
191091,792477,Iglo Fishcuisine Florentine,Iglo,vis,Vis,Vis maaltijden (diepvries),6.29,6.29,,,,,380 g,prijs per kg €16.55,False,,,,,B,True,AH,https://www.ah.nl/producten/product/wi191091,2026-08-04,Iglo Fishcuisine Florentine,vis
615362,0,Iglo Fishcuisine Florentine 3-pack,Iglo,vis,Vis,Vis maaltijden (diepvries),17.93,18.87,5.0,5% volume voordeel,,,3 stuks,,True,AHOO,5% volume voordeel,2026-08-04,2999-12-31,,True,AH,https://www.ah.nl/producten/product/wi615362,2026-08-04,Iglo Fishcuisine Florentine 3-pack,vis
619427,0,AH Gerookte zalm 30% verlaagd in zout 4-pck,AH,vis,Vis,Gerookte zalm,13.77,18.36,25.0,pakketkorting,,,4 stuks,,True,AHOO,,2026-08-04,2026-08-09,,True,AH,https://www.ah.nl/producten/product/wi619427,2026-08-04,AH Gerookte zalm 30% verlaagd in zout 4-pck,vis
514198,24927,Princes Tonijnstukken olijfolie voordeelpak,Princes,vis,Vis,Tonijn in olijfolie,7.99,7.99,,,,,435 g,prijs per kg €26.11,False,,,,,B,True,AH,https://www.ah.nl/producten/product/wi514198,2026-08-04,Princes Tonijnstukken olijfolie voordeelpak,vis
233479,823337,AH Warmgerookte zalm flakes,AH,vis,Vis,Gerookte zalm,5.99,5.99,,,,,150 g,prijs per kg €39.93,False,,,,,E,True,AH,https://www.ah.nl/producten/product/wi233479,2026-08-04,AH Warmgerookte zalm flakes,vis
368347,833904,John West Tonijn in olie 3-pack,John West,vis,Vis,Tonijn in zonnebloemolie,7.99,7.99,,,,,3 x 145 g,prijs per kg €26.11,False,,,,,A,True,AH,https://www.ah.nl/producten/product/wi368347,2026-08-04,John West Tonijn in olie 3-pack,vis
485275,740244,Fish Tales Wilde zalm zonder vel & graat,Fish Tales,vis,Vis,Zalm (conserven),4.99,4.99,,,,,170 g,prijs per kg €41.58,False,,,,,A,True,AH,https://www.ah.nl/producten/product/wi485275,2026-08-04,Fish Tales Wilde zalm zonder vel & graat,vis
610234,0,Fish Tales Wilde zalm zonder vel & graat 3-pack,Fish Tales,vis,Vis,Zalm (conserven),14.22,14.97,5.0,5% volume voordeel,,,3 stuks,,True,AHOO,5% volume voordeel,2026-08-04,2999-12-31,,True,AH,https://www.ah.nl/producten/product/wi610234,2026-08-04,Fish Tales Wilde zalm zonder vel & graat 3-pack,vis
615220,0,John West Tonijn in olie 3-pack 2-pack,John West,vis,Vis,Tonijn in zonnebloemolie,15.18,15.98,5.0,5% volume voordeel,,,2 stuks,,True,AHOO,5% volume voordeel,2026-08-04,2999-12-31,,True,AH,https://www.ah.nl/producten/product/wi615220,2026-08-04,John West Tonijn in olie 3-pack 2-pack,vis
537036,609981,John West Sardines olijfolie,John West,vis,Vis,Sardines (conserven),2.49,2.49,,,,,120 g,prijs per kg €27.67,False,,,,,B,True,AH,https://www.ah.nl/producten/product/wi537036,2026-08-04,John West Sardines olijfolie,vis
582339,25158,AH Visfrietjes krokant korstje,AH,vis,Vis,Visfriet (diepvries),2.99,2.99,,,,,300 g,prijs per kg €9.97,False,,,,,C,True,AH,https://www.ah.nl/producten/product/wi582339,2026-08-04,AH Visfrietjes krokant korstje,vis
612621,68645,AH BBQ garnalenspies sweet chili,AH,vis,Vis,Garnalen (vers),3.99,3.99,,,,,130 g,prijs per kg €30.69,False,,,,,B,True,AH,https://www.ah.nl/producten/product/wi612621,2026-08-04,AH BBQ garnalenspies sweet chili,vis
587657,32917,AH Geelvintonijn,AH,vis,Vis,Tonijn (vers),5.69,5.69,,,,,ca. 150 g,prijs per kg €37.93,False,,,,,A,True,AH,https://www.ah.nl/producten/product/wi587657,2026-08-04,AH Geelvintonijn,vis
621197,0,AH Geelvintonijn 2-pack,AH,vis,Vis,Tonijn (vers),,,2.0,2% volume voordeel,,,2 stuks,,True,AH,2% volume voordeel,,,,True,AH,https://www.ah.nl/producten/product/wi621197,2026-08-04,AH Geelvintonijn 2-pack,vis
621198,0,AH Geelvintonijn 3-pack,AH,vis,Vis,Tonijn (vers),,,4.0,4% volume voordeel,,,3 stuks,,True,AH,4% volume voordeel,,,,True,AH,https://www.ah.nl/producten/product/wi621198,2026-08-04,AH Geelvintonijn 3-pack,vis
621199,0,AH Geelvintonijn 4-pack,AH,vis,Vis,Tonijn (vers),,,6.0,6% volume voordeel,,,4 stuks,,True,AH,6% volume voordeel,,,,True,AH,https://www.ah.nl/producten/product/wi621199,2026-08-04,AH Geelvintonijn 4-pack,vis
368349,833906,John West Tonijn in olijfolie 3-pack,John West,vis,Vis,Tonijn in olijfolie,8.99,8.99,,,,,3 x 145 g,prijs per kg €29.38,False,,,,,B,True,AH,https://www.ah.nl/producten/product/wi368349,2026-08-04,John West Tonijn in olijfolie 3-pack,vis
608331,65994,Princes Horsmakreel in zonnebloemolie,Princes,vis,Vis,Makreel (conserven),2.19,2.19,,,,,125 g,prijs per kg €24.33,False,,,,,B,True,AH,https://www.ah.nl/producten/product/wi608331,2026-08-04,Princes Horsmakreel in zonnebloemolie,vis
615101,0,Princes Horsmakreel in zonnebloemolie 3-pack,Princes,vis,Vis,Makreel (conserven),6.24,6.57,5.0,5% volume voordeel,,,3 stuks,,True,AHOO,5% volume voordeel,2026-08-04,2999-12-31,,True,AH,https://www.ah.nl/producten/product/wi615101,2026-08-04,Princes Horsmakreel in zonnebloemolie 3-pack,vis
615221,0,John West Tonijn in olijfolie 3-pack 2-pack,John West,vis,Vis,Tonijn in olijfolie,17.08,17.98,5.0,5% volume voordeel,,,2 stuks,,True,AHOO,5% volume voordeel,2026-08-04,2999-12-31,,True,AH,https://www.ah.nl/producten/product/wi615221,2026-08-04,John West Tonijn in olijfolie 3-pack 2-pack,vis
476981,729791,Princes Tonijnmoot in water,Princes,vis,Vis,Tonijn in water,3.29,3.29,,,,,160 g,prijs per kg €29.38,False,,,,,A,True,AH,https://www.ah.nl/producten/product/wi476981,2026-08-04,Princes Tonijnmoot in water,vis
111167,2164,Iglo Fish&fun schatzoekers,Iglo,vis,Vis,Gepaneerde vissnacks (diepvries),5.99,5.99,,,,,352 g,prijs per kg €17.02,False,,,,,B,True,AH,https://www.ah.nl/producten/product/wi111167,2026-08-04,Iglo Fish&fun schatzoekers,vis
147649,540427,John West Vispaté zalm,John West,vis,Vis,Zalm (conserven),3.79,3.79,,,,,125 g,prijs per kg €30.32,False,,,,,A,True,AH,https://www.ah.nl/producten/product/wi147649,2026-08-04,John West Vispaté zalm,vis
615232,0,John West Vispate zalm 3-pack,John West,vis,Vis,Zalm (conserven),10.8,11.37,5.0,5% volume voordeel,,,3 stuks,,True,AHOO,5% volume voordeel,2026-08-04,2999-12-31,,True,AH,https://www.ah.nl/producten/product/wi615232,2026-08-04,John West Vispate zalm 3-pack,vis
615358,0,Iglo Fish&fun schatzoekers 3-pack,Iglo,vis,Vis,Gepaneerde vissnacks (diepvries),17.07,17.97,5.0,5% volume voordeel,,,3 stuks,,True,AHOO,5% volume voordeel,2026-08-04,2999-12-31,,True,AH,https://www.ah.nl/producten/product/wi615358,2026-08-04,Iglo Fish&fun schatzoekers 3-pack,vis
121478,574695,AH Kabeljauwfilet,AH,vis,Vis,Kabeljauw (diepvries),11.99,11.99,,,,,675 g,prijs per kg €17.76,False,,,,,A,True,AH,https://www.ah.nl/producten/product/wi121478,2026-08-04,AH Kabeljauwfilet,vis
201956,587035,Brunswick Canadian style sardines,Brunswick,vis,Vis,Sardines (conserven),1.79,1.79,,,,,106 g,prijs per kg €24.19,False,,,,,B,True,AH,https://www.ah.nl/producten/product/wi201956,2026-08-04,Brunswick Canadian style sardines,vis
617436,0,AH Roerbakgarnalen naturel 3-pack,AH,vis,Vis,Garnalen (vers),15.36,16.17,5.0,5% volume voordeel,,,3 stuks,,True,AHOO,5% volume voordeel,2026-08-04,2999-12-31,,True,AH,https://www.ah.nl/producten/product/wi617436,2026-08-04,AH Roerbakgarnalen naturel 3-pack,vis
617437,0,AH Roerbakgarnalen naturel 4-pack,AH,vis,Vis,Garnalen (vers),19.4,21.56,10.0,10% volume voordeel,,,4 stuks,,True,AHOO,10% volume voordeel,2026-08-04,2999-12-31,,True,AH,https://www.ah.nl/producten/product/wi617437,2026-08-04,AH Roerbakgarnalen naturel 4-pack,vis
618106,0,AH Kabeljauwfilet 3-pack,AH,vis,Vis,Kabeljauw (diepvries),34.53,35.97,4.0,4% volume voordeel,,,3 stuks,,True,AHOO,4% volume voordeel,2026-08-04,2999-12-31,,True,AH,https://www.ah.nl/producten/product/wi618106,2026-08-04,AH Kabeljauwfilet 3-pack,vis
211934,806871,Iglo Vissticks omega-3,Iglo,vis,Vis,Vissticks (diepvries),4.69,4.69,,,,,10 stuks,prijs per kg €15.63,False,,,,,A,True,AH,https://www.ah.nl/producten/product/wi211934,2026-08-04,Iglo Vissticks omega-3,vis
537132,722645,Princes Ansjovis in olijfolie,Princes,vis,Vis,Ansjovis (conserven),4.59,4.59,,,,,95 g,prijs per kg €91.80,False,,,,,E,True,AH,https://www.ah.nl/producten/product/wi537132,2026-08-04,Princes Ansjovis in olijfolie,vis
569103,8752,Fish Tales Anjovisfilets in olijfolie,Fish Tales,vis,Vis,Ansjovis (conserven),4.99,4.99,,,,,95 g,prijs per kg €99.80,False,,,,,E,True,AH,https://www.ah.nl/producten/product/wi569103,2026-08-04,Fish Tales Anjovisfilets in olijfolie,vis
610211,0,Fish Tales Anjovisfilets in olijfolie 2-pack,Fish Tales,vis,Vis,Ansjovis (conserven),9.48,9.98,5.0,5% volume voordeel,,,2 stuks,,True,AHOO,5% volume voordeel,2026-08-04,2999-12-31,,True,AH,https://www.ah.nl/producten/product/wi610211,2026-08-04,Fish Tales Anjovisfilets in olijfolie 2-pack,vis
615094,0,Princes Ansjovis in olijfolie 3-pack,Princes,vis,Vis,Ansjovis (conserven),13.08,13.77,5.0,5% volume voordeel,,,3 stuks,,True,AHOO,5% volume voordeel,2026-08-04,2999-12-31,,True,AH,https://www.ah.nl/producten/product/wi615094,2026-08-04,Princes Ansjovis in olijfolie 3-pack,vis
615373,0,Iglo Vissticks omega-3 3-pack,Iglo,vis,Vis,Vissticks (diepvries),13.37,14.07,5.0,5% volume voordeel,,,3 stuks,,True,AHOO,5% volume voordeel,2026-08-04,2999-12-31,,True,AH,https://www.ah.nl/producten/product/wi615373,2026-08-04,Iglo Vissticks omega-3 3-pack,vis
591505,38495,AH BBQ coquilles gemarineerd,AH,vis,Vis,"Zeevruchten, inktvis, slakken, rivierkreeftjes",7.99,7.99,,,,,ca. 180 g,prijs per kg €44.39,False,,,,,C,True,AH,https://www.ah.nl/producten/product/wi591505,2026-08-04,AH BBQ coquilles gemarineerd,vis
618107,0,AH Kabeljauwfilet 5-pack,AH,vis,Vis,Kabeljauw (diepvries),56.35,59.95,6.0,6% volume voordeel,,,5 stuks,,True,AHOO,6% volume voordeel,2026-08-04,2999-12-31,,True,AH,https://www.ah.nl/producten/product/wi618107,2026-08-04,AH Kabeljauwfilet 5-pack,vis
621655,0,AH BBQ coquilles gemarineerd 2-pack,AH,vis,Vis,"Zeevruchten, inktvis, slakken, rivierkreeftjes",15.5,15.98,3.0,3% volume voordeel,,,2 stuks,,True,AHOO,3% volume voordeel,2026-08-04,2999-12-31,,True,AH,https://www.ah.nl/producten/product/wi621655,2026-08-04,AH BBQ coquilles gemarineerd 2-pack,vis
615104,0,Princes Tonijnmoot in water 3-pack,Princes,vis,Vis,Tonijn in water,9.38,9.87,5.0,5% volume voordeel,,,3 stuks,,True,AHOO,5% volume voordeel,2026-08-04,2999-12-31,,True,AH,https://www.ah.nl/producten/product/wi615104,2026-08-04,Princes Tonijnmoot in water 3-pack,vis
621656,0,AH BBQ coquilles gemarineerd 3-pack,AH,vis,Vis,"Zeevruchten, inktvis, slakken, rivierkreeftjes",22.77,23.97,5.0,5% volume voordeel,,,3 stuks,,True,AHOO,5% volume voordeel,2026-08-04,2999-12-31,,True,AH,https://www.ah.nl/producten/product/wi621656,2026-08-04,AH BBQ coquilles gemarineerd 3-pack,vis
621657,0,AH BBQ coquilles gemarineerd 4-pack,AH,vis,Vis,"Zeevruchten, inktvis, slakken, rivierkreeftjes",28.76,31.96,10.0,10% volume voordeel,,,4 stuks,,True,AHOO,10% volume voordeel,2026-08-04,2999-12-31,,True,AH,https://www.ah.nl/producten/product/wi621657,2026-08-04,AH BBQ coquilles gemarineerd 4-pack,vis
587664,32926,AH Zalmburger naturel,AH,vis,Vis,Zalm (vers),4.49,4.49,,,,,200 g,prijs per kg €22.45,False,,,,,B,True,AH,https://www.ah.nl/producten/product/wi587664,2026-08-04,AH Zalmburger naturel,vis
621253,0,AH Zalmburger naturel 2-pack,AH,vis,Vis,Zalm (vers),,,3.0,3% volume voordeel,,,2 stuks,,True,AH,3% volume voordeel,,,,True,AH,https://www.ah.nl/producten/product/wi621253,2026-08-04,AH Zalmburger naturel 2-pack,vis
621254,0,AH Zalmburger naturel 3-pack,AH,vis,Vis,Zalm (vers),,,5.0,5% volume voordeel,,,3 stuks,,True,AH,5% volume voordeel,,,,True,AH,https://www.ah.nl/producten/product/wi621254,2026-08-04,AH Zalmburger naturel 3-pack,vis
621255,0,AH Zalmburger naturel 4-pack,AH,vis,Vis,Zalm (vers),,,10.0,10% volume voordeel,,,4 stuks,,True,AH,10% volume voordeel,,,,True,AH,https://www.ah.nl/producten/product/wi621255,2026-08-04,AH Zalmburger naturel 4-pack,vis
210991,806109,AH Gerookte haringfilet,AH,vis,Vis,"Gerookte forel, haring, zeebaars",3.69,3.69,,,,,ca. 300 g,prijs per kg €13.67,False,,,,,D,True,AH,https://www.ah.nl/producten/product/wi210991,2026-08-04,AH Gerookte haringfilet,vis
537035,729931,John West Sardines olie,John West,vis,Vis,Sardines (conserven),2.39,2.39,,,,,120 g,prijs per kg €26.56,False,,,,,B,True,AH,https://www.ah.nl/producten/product/wi537035,2026-08-04,John West Sardines olie,vis
604896,58657,AH Excellent Bisque & garnaal luxe salade,AH Excellent,vis,Vis,Vissalades (beleg),1.9967,3.39,41.1,3 voor 5.99,5.99,3.0,125 g,normale prijs per kg €27.12,True,AH,3 VOOR 5.99,2026-08-03,2026-08-09,D,True,AH,https://www.ah.nl/producten/product/wi604896,2026-08-04,AH Excellent Bisque & garnaal luxe salade,vis
622435,0,AH Excellent Bisque & garnaal luxe salade 2-pack,AH Excellent,vis,Vis,Vissalades (beleg),6.58,6.78,3.0,3% volume voordeel,,,2 stuks,,True,AH,3% volume voordeel,,,,True,AH,https://www.ah.nl/producten/product/wi622435,2026-08-04,AH Excellent Bisque & garnaal luxe salade 2-pack,vis
622436,0,AH Excellent Bisque & garnaal luxe salade 3-pack,AH Excellent,vis,Vis,Vissalades (beleg),5.99,10.17,41.1,pakketkorting,,,3 stuks,,True,AHOO,,2026-08-04,2026-08-09,,True,AH,https://www.ah.nl/producten/product/wi622436,2026-08-04,AH Excellent Bisque & garnaal luxe salade 3-pack,vis
622437,0,AH Excellent Bisque & garnaal luxe salade 4-pack,AH Excellent,vis,Vis,Vissalades (beleg),9.38,13.56,30.8,pakketkorting,,,4 stuks,,True,AHOO,,2026-08-04,2026-08-09,,True,AH,https://www.ah.nl/producten/product/wi622437,2026-08-04,AH Excellent Bisque & garnaal luxe salade 4-pack,vis
396815,847950,AH Tilapiafilet graatvrij,AH,vis,Vis,Tilapia (diepvries),2.99,2.99,,,,,225 g,prijs per kg €13.29,False,,,,,A,True,AH,https://www.ah.nl/producten/product/wi396815,2026-08-04,AH Tilapiafilet graatvrij,vis
163354,623929,Rio Mare Tonijn in water,Rio Mare,vis,Vis,Tonijn in water,4.19,4.19,,,,,160 g,prijs per kg €37.41,False,,,,,,True,AH,https://www.ah.nl/producten/product/wi163354,2026-08-04,Rio Mare Tonijn in water,vis
223390,817040,Rio Mare Insalatissime tuna salad couscous,Rio Mare,vis,Vis,Tonijn met groente,4.19,4.19,,,,,160 g,prijs per kg €26.19,False,,,,,C,True,AH,https://www.ah.nl/producten/product/wi223390,2026-08-04,Rio Mare Insalatissime tuna salad couscous,vis
416296,687778,AH Kabeljauwfilet,AH,vis,Vis,Kabeljauw (vers),2.79,8.99,69.0,per 100 GRAM voor €2.79,2.79,100.0,ca. 250 g,normale prijs per kg €35.96,True,AH,100 GRAM VOOR 2.79,2026-08-03,2026-08-09,A,True,AH,https://www.ah.nl/producten/product/wi416296,2026-08-04,AH Kabeljauwfilet,vis
485299,740558,Princes Tonijnstukken in zonnebloemolie voordeel,Princes,vis,Vis,Tonijn in zonnebloemolie,6.99,6.99,,,,,435 g,prijs per kg €22.84,False,,,,,A,True,AH,https://www.ah.nl/producten/product/wi485299,2026-08-04,Princes Tonijnstukken in zonnebloemolie voordeel,vis
603290,0,AH Kabeljauwfilet 2-pack,AH,vis,Vis,Kabeljauw (vers),17.62,17.98,2.0,2% volume voordeel,,,2 stuks,,True,AH,2% volume voordeel,,,,True,AH,https://www.ah.nl/producten/product/wi603290,2026-08-04,AH Kabeljauwfilet 2-pack,vis
217011,809182,AH Tonijnsteaks,AH,vis,Vis,Tonijn (diepvries),5.99,5.99,,,,,250 g,prijs per kg €23.96,False,,,,,A,True,AH,https://www.ah.nl/producten/product/wi217011,2026-08-04,AH Tonijnsteaks,vis
201935,85513,Brunswick Sardines hot peppers,Brunswick,vis,Vis,Sardines (conserven),1.79,1.79,,,,,106 g,prijs per kg €24.19,False,,,,,A,True,AH,https://www.ah.nl/producten/product/wi201935,2026-08-04,Brunswick Sardines hot peppers,vis
226922,639705,AH Gekookte mosselen,AH,vis,Vis,Mosselen (vers),2.19,2.19,,,,,"0,15 kg",prijs per kg €14.60,False,,,,,A,True,AH,https://www.ah.nl/producten/product/wi226922,2026-08-04,AH Gekookte mosselen,vis
496387,795416,John West Twist tonijn met Franse dressing,John West,vis,Vis,Gemarineerde tonijn,3.29,3.29,,,,,85 g,prijs per kg €38.71,False,,,,,A,True,AH,https://www.ah.nl/producten/product/wi496387,2026-08-04,John West Twist tonijn met Franse dressing,vis
577724,0,AH Gekookte mosselen 3-pack,AH,vis,Vis,Mosselen (vers),6.24,6.57,5.0,5% volume voordeel,,,per stuk,,True,AHOO,5% volume voordeel,2026-08-04,2999-12-31,,True,AH,https://www.ah.nl/producten/product/wi577724,2026-08-04,AH Gekookte mosselen 3-pack,vis
410379,854530,Fish Tales Horsmakreel in zonnebloemolie,Fish Tales,vis,Vis,Makreel (conserven),2.69,2.69,,,,,125 g,prijs per kg €29.89,False,,,,,A,True,AH,https://www.ah.nl/producten/product/wi410379,2026-08-04,Fish Tales Horsmakreel in zonnebloemolie,vis
610219,0,Fish Tales Makreelfilet in olie 3-pack,Fish Tales,vis,Vis,Makreel (conserven),7.67,8.07,5.0,5% volume voordeel,,,3 stuks,,True,AHOO,5% volume voordeel,2026-08-04,2999-12-31,,True,AH,https://www.ah.nl/producten/product/wi610219,2026-08-04,Fish Tales Makreelfilet in olie 3-pack,vis
619273,0,AH Tilapiafilet graatvrij 2-pack,AH,vis,Vis,Tilapia (diepvries),5.86,5.98,2.0,2% volume voordeel,,,2 stuks,,True,AHOO,2% volume voordeel,2026-08-04,2999-12-31,,True,AH,https://www.ah.nl/producten/product/wi619273,2026-08-04,AH Tilapiafilet graatvrij 2-pack,vis
543332,697661,AH Scharrel kipfilet naturel,AH,vleeswaren,Vleeswaren,Kipfilet en kalkoenfilet (voorverpakt),2.59,2.59,,,,,150 g,prijs per kg €17.27,False,,,,,C,True,AH,https://www.ah.nl/producten/product/wi543332,2026-08-04,AH Scharrel kipfilet naturel,vleeswaren
280081,835368,AH Biologisch Kipfilet,AH Biologisch,vleeswaren,Vleeswaren,Kipfilet en kalkoenfilet (versafdeling),3.49,3.49,,,,,ca. 100 g,prijs per kg €34.90,False,,,,,D,True,AH,https://www.ah.nl/producten/product/wi280081,2026-08-04,AH Biologisch Kipfilet,vleeswaren
543364,789935,AH Boterhamworst,AH,vleeswaren,Vleeswaren,Boterhamworst (voorverpakt),1.39,1.39,,,,,150 g,prijs per kg €9.27,False,,,,,E,True,AH,https://www.ah.nl/producten/product/wi543364,2026-08-04,AH Boterhamworst,vleeswaren
462712,715707,AH Scharrel roasted kipfilet,AH,vleeswaren,Vleeswaren,Kipfilet en kalkoenfilet (versafdeling),2.39,3.79,36.9,per 100 GRAM voor €2.39,2.39,100.0,ca. 110 g,normale prijs per kg €31.58,True,AH,100 GRAM VOOR 2.39,2026-08-03,2026-08-09,D,True,AH,https://www.ah.nl/producten/product/wi462712,2026-08-04,AH Scharrel roasted kipfilet,vleeswaren
598042,0,AH Scharrel roasted kipfilet 2-pack,AH,vleeswaren,Vleeswaren,Kipfilet en kalkoenfilet (versafdeling),7.35,7.58,3.0,3% volume voordeel,,,2 stuks,,True,AH,3% volume voordeel,,,,True,AH,https://www.ah.nl/producten/product/wi598042,2026-08-04,AH Scharrel roasted kipfilet 2-pack,vleeswaren
203333,801175,AH Grillworst,AH,vleeswaren,Vleeswaren,Grillworst (versafdeling),2.79,2.79,,,,,ca. 130 g,prijs per kg €21.48,False,,,,,E,True,AH,https://www.ah.nl/producten/product/wi203333,2026-08-04,AH Grillworst,vleeswaren
598466,0,AH Grillworst 2-pack,AH,vleeswaren,Vleeswaren,Grillworst (versafdeling),5.41,5.58,3.0,3% volume voordeel,,,2 stuks,,True,AHOO,3% volume voordeel,2026-08-04,2999-12-31,,True,AH,https://www.ah.nl/producten/product/wi598466,2026-08-04,AH Grillworst 2-pack,vleeswaren
543386,625650,AH Cervelaat,AH,vleeswaren,Vleeswaren,Salami en cervelaat (voorverpakt),1.69,1.69,,,,,150 g,prijs per kg €11.27,False,,,,,E,True,AH,https://www.ah.nl/producten/product/wi543386,2026-08-04,AH Cervelaat,vleeswaren
440331,72552,AH Gerookte slagersachterham,AH,vleeswaren,Vleeswaren,Ham (versafdeling),3.49,3.49,,,,,ca. 110 g,prijs per kg €31.73,False,,,,,D,True,AH,https://www.ah.nl/producten/product/wi440331,2026-08-04,AH Gerookte slagersachterham,vleeswaren
598474,0,AH Gerookte slagersachterham 2-pack,AH,vleeswaren,Vleeswaren,Ham (versafdeling),6.77,6.98,3.0,3% volume voordeel,,,2 stuks,,True,AHOO,3% volume voordeel,2026-08-04,2999-12-31,,True,AH,https://www.ah.nl/producten/product/wi598474,2026-08-04,AH Gerookte slagersachterham 2-pack,vleeswaren
618631,0,AH Scharrel roasted kipfilet 4-pack,AH,vleeswaren,Vleeswaren,Kipfilet en kalkoenfilet (versafdeling),13.64,15.16,10.0,10% volume voordeel,,,4 stuks,,True,AH,10% volume voordeel,,,,True,AH,https://www.ah.nl/producten/product/wi618631,2026-08-04,AH Scharrel roasted kipfilet 4-pack,vleeswaren
618630,0,AH Scharrel roasted kipfilet 3-pack,AH,vleeswaren,Vleeswaren,Kipfilet en kalkoenfilet (versafdeling),10.8,11.37,5.0,5% volume voordeel,,,3 stuks,,True,AH,5% volume voordeel,,,,True,AH,https://www.ah.nl/producten/product/wi618630,2026-08-04,AH Scharrel roasted kipfilet 3-pack,vleeswaren
442123,83461,AH Filet americain naturel,AH,vleeswaren,Vleeswaren,Filet americain (voorverpakt),2.19,2.19,,,,,150 g,prijs per kg €14.60,False,,,,,D,True,AH,https://www.ah.nl/producten/product/wi442123,2026-08-04,AH Filet americain naturel,vleeswaren
188709,591109,AH Yorkham,AH,vleeswaren,Vleeswaren,Ham (versafdeling),3.49,3.49,,,,,ca. 110 g,prijs per kg €31.73,False,,,,,D,True,AH,https://www.ah.nl/producten/product/wi188709,2026-08-04,AH Yorkham,vleeswaren
598046,0,AH Yorkham 2-pack,AH,vleeswaren,Vleeswaren,Ham (versafdeling),6.77,6.98,3.0,3% volume voordeel,,,2 stuks,,True,AHOO,3% volume voordeel,2026-08-04,2999-12-31,,True,AH,https://www.ah.nl/producten/product/wi598046,2026-08-04,AH Yorkham 2-pack,vleeswaren
132220,590162,AH Kipfilet grootverpakking,AH,vleeswaren,Vleeswaren,Kipfilet en kalkoenfilet (voorverpakt),4.19,4.19,,,,,250 g,prijs per kg €16.76,False,,,,,C,True,AH,https://www.ah.nl/producten/product/wi132220,2026-08-04,AH Kipfilet grootverpakking,vleeswaren
543345,76690,AH Achterham,AH,vleeswaren,Vleeswaren,Ham (voorverpakt),1.79,1.79,,,,,150 g,prijs per kg €11.93,False,,,,,D,True,AH,https://www.ah.nl/producten/product/wi543345,2026-08-04,AH Achterham,vleeswaren
543385,734225,AH Salami,AH,vleeswaren,Vleeswaren,Salami en cervelaat (voorverpakt),1.89,1.89,,,,,150 g,prijs per kg €12.60,False,,,,,E,True,AH,https://www.ah.nl/producten/product/wi543385,2026-08-04,AH Salami,vleeswaren
137939,595589,AH Scharrel kipfilet,AH,vleeswaren,Vleeswaren,Kipfilet en kalkoenfilet (versafdeling),2.39,3.69,35.2,per 100 GRAM voor €2.39,2.39,100.0,ca. 125 g,normale prijs per kg €29.52,True,AH,100 GRAM VOOR 2.39,2026-08-03,2026-08-09,B,True,AH,https://www.ah.nl/producten/product/wi137939,2026-08-04,AH Scharrel kipfilet,vleeswaren
598459,0,AH Scharrel kipfilet 2-pack,AH,vleeswaren,Vleeswaren,Kipfilet en kalkoenfilet (versafdeling),7.16,7.38,3.0,3% volume voordeel,,,2 stuks,,True,AH,3% volume voordeel,,,,True,AH,https://www.ah.nl/producten/product/wi598459,2026-08-04,AH Scharrel kipfilet 2-pack,vleeswaren
617828,0,AH Gerookte slagersachterham 3-pack,AH,vleeswaren,Vleeswaren,Ham (versafdeling),9.95,10.47,5.0,5% volume voordeel,,,3 stuks,,True,AHOO,5% volume voordeel,2026-08-04,2999-12-31,,True,AH,https://www.ah.nl/producten/product/wi617828,2026-08-04,AH Gerookte slagersachterham 3-pack,vleeswaren
617829,0,AH Gerookte slagersachterham 4-pack,AH,vleeswaren,Vleeswaren,Ham (versafdeling),12.56,13.96,10.0,10% volume voordeel,,,4 stuks,,True,AHOO,10% volume voordeel,2026-08-04,2999-12-31,,True,AH,https://www.ah.nl/producten/product/wi617829,2026-08-04,AH Gerookte slagersachterham 4-pack,vleeswaren
550829,57361,AH Gelderse gekookte worst,AH,vleeswaren,Vleeswaren,Kookworst (versafdeling),1.79,1.99,10.1,voor 1.79,1.79,,130 g,normale prijs per kg €15.31,True,AH,VOOR 1.79,2026-08-03,2026-08-09,E,True,AH,https://www.ah.nl/producten/product/wi550829,2026-08-04,AH Gelderse gekookte worst,vleeswaren
598169,0,AH Gelderse gekookte worst 2-pack,AH,vleeswaren,Vleeswaren,Kookworst (versafdeling),3.58,3.98,10.1,pakketkorting,,,2 stuks,,True,AHOO,,2026-08-04,2026-08-09,,True,AH,https://www.ah.nl/producten/product/wi598169,2026-08-04,AH Gelderse gekookte worst 2-pack,vleeswaren
370447,835448,AH Filet americain,AH,vleeswaren,Vleeswaren,Filet americain (versafdeling),3.19,3.19,,,,,150 g,prijs per kg €21.27,False,,,,,D,True,AH,https://www.ah.nl/producten/product/wi370447,2026-08-04,AH Filet americain,vleeswaren
574575,0,AH Filet americain 2-pack,AH,vleeswaren,Vleeswaren,Filet americain (versafdeling),6.19,6.38,3.0,3% volume voordeel,,,2 stuks,,True,AHOO,3% volume voordeel,2026-08-04,2999-12-31,,True,AH,https://www.ah.nl/producten/product/wi574575,2026-08-04,AH Filet americain 2-pack,vleeswaren
619843,0,AH Gelderse gekookte worst 3-pack,AH,vleeswaren,Vleeswaren,Kookworst (versafdeling),5.37,5.97,10.1,pakketkorting,,,3 stuks,,True,AHOO,,2026-08-04,2026-08-09,,True,AH,https://www.ah.nl/producten/product/wi619843,2026-08-04,AH Gelderse gekookte worst 3-pack,vleeswaren
619844,0,AH Gelderse gekookte worst 4 pck,AH,vleeswaren,Vleeswaren,Kookworst (versafdeling),7.16,7.96,10.1,pakketkorting,,,4 stuks,,True,AHOO,10% volume voordeel,2026-08-04,2026-08-09,,True,AH,https://www.ah.nl/producten/product/wi619844,2026-08-04,AH Gelderse gekookte worst 4 pck,vleeswaren
186643,783943,AH Grillworst,AH,vleeswaren,Vleeswaren,Grillworst (voorverpakt),1.79,1.79,,,,,150 g,prijs per kg €11.93,False,,,,,E,True,AH,https://www.ah.nl/producten/product/wi186643,2026-08-04,AH Grillworst,vleeswaren
576786,19562,AH Leverworst,AH,vleeswaren,Vleeswaren,Leverworst en leverkaas (versafdeling),1.79,1.99,10.1,voor 1.79,1.79,,115 g,normale prijs per kg €17.30,True,AH,VOOR 1.79,2026-08-03,2026-08-09,D,True,AH,https://www.ah.nl/producten/product/wi576786,2026-08-04,AH Leverworst,vleeswaren
162009,808271,Wahid Wahid kipfilet,Wahid,vleeswaren,Vleeswaren,Halal vleeswaren,2.69,2.69,,,,,125 g,prijs per kg €21.52,False,,,,,D,True,AH,https://www.ah.nl/producten/product/wi162009,2026-08-04,Wahid Wahid kipfilet,vleeswaren
601157,0,Wahid Wahid kipfilet 3-pack,Wahid,vleeswaren,Vleeswaren,Halal vleeswaren,7.67,8.07,5.0,5% volume voordeel,,,3 stuks,,True,AHOO,5% volume voordeel,2026-08-04,2999-12-31,,True,AH,https://www.ah.nl/producten/product/wi601157,2026-08-04,Wahid Wahid kipfilet 3-pack,vleeswaren
598489,0,AH Leverworst 2-pack,AH,vleeswaren,Vleeswaren,Leverworst en leverkaas (versafdeling),3.58,3.98,10.1,pakketkorting,,,2 stuks,,True,AHOO,,2026-08-04,2026-08-09,,True,AH,https://www.ah.nl/producten/product/wi598489,2026-08-04,AH Leverworst 2-pack,vleeswaren
132247,593927,AH Scharrel flinterdunne kipfilet,AH,vleeswaren,Vleeswaren,Kipfilet en kalkoenfilet (voorverpakt),2.29,2.29,,,,,100 g,prijs per kg €22.90,False,,,,,C,True,AH,https://www.ah.nl/producten/product/wi132247,2026-08-04,AH Scharrel flinterdunne kipfilet,vleeswaren
192853,622631,AH Grillworst kip,AH,vleeswaren,Vleeswaren,Grillworst (versafdeling),2.79,2.79,,,,,ca. 130 g,prijs per kg €21.48,False,,,,,D,True,AH,https://www.ah.nl/producten/product/wi192853,2026-08-04,AH Grillworst kip,vleeswaren
598463,0,AH Grillworst kip 2-pack,AH,vleeswaren,Vleeswaren,Grillworst (versafdeling),5.41,5.58,3.0,3% volume voordeel,,,2 stuks,,True,AHOO,3% volume voordeel,2026-08-04,2999-12-31,,True,AH,https://www.ah.nl/producten/product/wi598463,2026-08-04,AH Grillworst kip 2-pack,vleeswaren
550826,754920,AH Gebraden gehakt,AH,vleeswaren,Vleeswaren,Gegrild en gebraden gehakt (versafdeling),2.29,2.29,,,,,120 g,prijs per kg €19.08,False,,,,,E,True,AH,https://www.ah.nl/producten/product/wi550826,2026-08-04,AH Gebraden gehakt,vleeswaren
440333,72577,AH Gegrilde beenham,AH,vleeswaren,Vleeswaren,Ham (versafdeling),3.49,3.49,,,,,ca. 110 g,prijs per kg €31.73,False,,,,,D,True,AH,https://www.ah.nl/producten/product/wi440333,2026-08-04,AH Gegrilde beenham,vleeswaren
598166,0,AH Gebraden gehakt 2-pack,AH,vleeswaren,Vleeswaren,Gegrild en gebraden gehakt (versafdeling),4.44,4.58,3.0,3% volume voordeel,,,2 stuks,,True,AHOO,3% volume voordeel,2026-08-04,2999-12-31,,True,AH,https://www.ah.nl/producten/product/wi598166,2026-08-04,AH Gebraden gehakt 2-pack,vleeswaren
598024,0,AH Gegrilde beenham 2-pack,AH,vleeswaren,Vleeswaren,Ham (versafdeling),6.77,6.98,3.0,3% volume voordeel,,,2 stuks,,True,AHOO,3% volume voordeel,2026-08-04,2999-12-31,,True,AH,https://www.ah.nl/producten/product/wi598024,2026-08-04,AH Gegrilde beenham 2-pack,vleeswaren
543387,539355,AH Runder rookvlees,AH,vleeswaren,Vleeswaren,Rookvlees (voorverpakt),2.95,2.95,,,,,100 g,prijs per kg €29.50,False,,,,,D,True,AH,https://www.ah.nl/producten/product/wi543387,2026-08-04,AH Runder rookvlees,vleeswaren
620660,0,AH Leverworst 3-pack,AH,vleeswaren,Vleeswaren,Leverworst en leverkaas (versafdeling),5.37,5.97,10.1,pakketkorting,,,3 stuks,,True,AHOO,,2026-08-04,2026-08-09,,True,AH,https://www.ah.nl/producten/product/wi620660,2026-08-04,AH Leverworst 3-pack,vleeswaren
620661,0,AH Leverworst 4pack,AH,vleeswaren,Vleeswaren,Leverworst en leverkaas (versafdeling),7.16,7.96,10.1,pakketkorting,,,4 stuks,,True,AHOO,10% volume voordeel,2026-08-04,2026-08-09,,True,AH,https://www.ah.nl/producten/product/wi620661,2026-08-04,AH Leverworst 4pack,vleeswaren
440336,73997,AH Roasted ham,AH,vleeswaren,Vleeswaren,Ham (versafdeling),3.49,3.49,,,,,ca. 110 g,prijs per kg €31.73,False,,,,,D,True,AH,https://www.ah.nl/producten/product/wi440336,2026-08-04,AH Roasted ham,vleeswaren
598475,0,AH Roasted ham 2-pack,AH,vleeswaren,Vleeswaren,Ham (versafdeling),6.77,6.98,3.0,3% volume voordeel,,,2 stuks,,True,AHOO,3% volume voordeel,2026-08-04,2999-12-31,,True,AH,https://www.ah.nl/producten/product/wi598475,2026-08-04,AH Roasted ham 2-pack,vleeswaren
132234,593638,AH Flinterdunne achterham,AH,vleeswaren,Vleeswaren,Ham (voorverpakt),1.85,1.85,,,,,100 g,prijs per kg €18.50,False,,,,,D,True,AH,https://www.ah.nl/producten/product/wi132234,2026-08-04,AH Flinterdunne achterham,vleeswaren
543390,612984,AH Scharrel gerookte kipfilet,AH,vleeswaren,Vleeswaren,Kipfilet en kalkoenfilet (voorverpakt),2.59,2.59,,,,,150 g,prijs per kg €17.27,False,,,,,D,True,AH,https://www.ah.nl/producten/product/wi543390,2026-08-04,AH Scharrel gerookte kipfilet,vleeswaren
619839,0,AH Gebraden gehakt 4-pack,AH,vleeswaren,Vleeswaren,Gegrild en gebraden gehakt (versafdeling),8.24,9.16,10.0,10% volume voordeel,,,4 stuks,,True,AHOO,10% volume voordeel,2026-08-04,2999-12-31,,True,AH,https://www.ah.nl/producten/product/wi619839,2026-08-04,AH Gebraden gehakt 4-pack,vleeswaren
619838,0,AH Gebraden gehakt 3-pack,AH,vleeswaren,Vleeswaren,Gegrild en gebraden gehakt (versafdeling),6.53,6.87,5.0,5% volume voordeel,,,3 stuks,,True,AHOO,5% volume voordeel,2026-08-04,2999-12-31,,True,AH,https://www.ah.nl/producten/product/wi619838,2026-08-04,AH Gebraden gehakt 3-pack,vleeswaren
617824,0,AH Gegrilde beenham 3-pack,AH,vleeswaren,Vleeswaren,Ham (versafdeling),9.95,10.47,5.0,5% volume voordeel,,,3 stuks,,True,AHOO,5% volume voordeel,2026-08-04,2999-12-31,,True,AH,https://www.ah.nl/producten/product/wi617824,2026-08-04,AH Gegrilde beenham 3-pack,vleeswaren
617825,0,AH Gegrilde beenham 4-pack,AH,vleeswaren,Vleeswaren,Ham (versafdeling),12.56,13.96,10.0,10% volume voordeel,,,4 stuks,,True,AHOO,10% volume voordeel,2026-08-04,2999-12-31,,True,AH,https://www.ah.nl/producten/product/wi617825,2026-08-04,AH Gegrilde beenham 4-pack,vleeswaren
617864,0,AH Roasted ham 3-pack,AH,vleeswaren,Vleeswaren,Ham (versafdeling),9.95,10.47,5.0,5% volume voordeel,,,3 stuks,,True,AHOO,5% volume voordeel,2026-08-04,2999-12-31,,True,AH,https://www.ah.nl/producten/product/wi617864,2026-08-04,AH Roasted ham 3-pack,vleeswaren
617865,0,AH Roasted ham 4-pack,AH,vleeswaren,Vleeswaren,Ham (versafdeling),12.56,13.96,10.0,10% volume voordeel,,,4 stuks,,True,AHOO,10% volume voordeel,2026-08-04,2999-12-31,,True,AH,https://www.ah.nl/producten/product/wi617865,2026-08-04,AH Roasted ham 4-pack,vleeswaren
548312,670102,AH Scharrel kipfilet minder vet,AH,vleeswaren,Vleeswaren,Kipfilet en kalkoenfilet (voorverpakt),2.99,2.99,,,,,125 g,prijs per kg €23.92,False,,,,,B,True,AH,https://www.ah.nl/producten/product/wi548312,2026-08-04,AH Scharrel kipfilet minder vet,vleeswaren
197173,622630,AH Grillworst met zaanlanderkaas,AH,vleeswaren,Vleeswaren,Grillworst (versafdeling),2.79,2.79,,,,,ca. 130 g,prijs per kg €21.48,False,,,,,E,True,AH,https://www.ah.nl/producten/product/wi197173,2026-08-04,AH Grillworst met zaanlanderkaas,vleeswaren
598030,0,AH Grillworst met zaanlanderkaas 2-pack,AH,vleeswaren,Vleeswaren,Grillworst (versafdeling),5.41,5.58,3.0,3% volume voordeel,,,2 stuks,,True,AHOO,3% volume voordeel,2026-08-04,2999-12-31,,True,AH,https://www.ah.nl/producten/product/wi598030,2026-08-04,AH Grillworst met zaanlanderkaas 2-pack,vleeswaren
197145,587826,AH Gegrilde yorkham,AH,vleeswaren,Vleeswaren,Ham (versafdeling),3.49,3.49,,,,,ca. 110 g,prijs per kg €31.73,False,,,,,D,True,AH,https://www.ah.nl/producten/product/wi197145,2026-08-04,AH Gegrilde yorkham,vleeswaren
598464,0,AH Gegrilde yorkham 2-pack,AH,vleeswaren,Vleeswaren,Ham (versafdeling),6.77,6.98,3.0,3% volume voordeel,,,2 stuks,,True,AHOO,3% volume voordeel,2026-08-04,2999-12-31,,True,AH,https://www.ah.nl/producten/product/wi598464,2026-08-04,AH Gegrilde yorkham 2-pack,vleeswaren
419916,691591,AH Excellent Prosciutto di parma,AH Excellent,vleeswaren,Vleeswaren,Spaanse en Italiaanse vleeswaren (versafdeling),3.99,3.99,,,,,80 g,prijs per kg €49.88,False,,,,,E,True,AH,https://www.ah.nl/producten/product/wi419916,2026-08-04,AH Excellent Prosciutto di parma,vleeswaren
617502,0,AH Excellent Prosciutto di parma 2-pack,AH Excellent,vleeswaren,Vleeswaren,Spaanse en Italiaanse vleeswaren (versafdeling),7.74,7.98,3.0,3% volume voordeel,,,2 stuks,,True,AHOO,3% volume voordeel,2026-08-04,2999-12-31,,True,AH,https://www.ah.nl/producten/product/wi617502,2026-08-04,AH Excellent Prosciutto di parma 2-pack,vleeswaren
1565,779494,AH Ontbijtspek,AH,vleeswaren,Vleeswaren,Plakken spek en bacon (voorverpakt),3.35,3.35,,,,,150 g,prijs per kg €22.33,False,,,,,E,True,AH,https://www.ah.nl/producten/product/wi1565,2026-08-04,AH Ontbijtspek,vleeswaren
617503,0,AH Excellent Prosciutto di parma 3-pack,AH Excellent,vleeswaren,Vleeswaren,Spaanse en Italiaanse vleeswaren (versafdeling),11.37,11.97,5.0,5% volume voordeel,,,3 stuks,,True,AHOO,5% volume voordeel,2026-08-04,2999-12-31,,True,AH,https://www.ah.nl/producten/product/wi617503,2026-08-04,AH Excellent Prosciutto di parma 3-pack,vleeswaren
617504,0,AH Excellent Prosciutto di parma 4-pack,AH Excellent,vleeswaren,Vleeswaren,Spaanse en Italiaanse vleeswaren (versafdeling),14.36,15.96,10.0,10% volume voordeel,,,4 stuks,,True,AHOO,10% volume voordeel,2026-08-04,2999-12-31,,True,AH,https://www.ah.nl/producten/product/wi617504,2026-08-04,AH Excellent Prosciutto di parma 4-pack,vleeswaren
186641,783941,AH Gelderse gekookte worst,AH,vleeswaren,Vleeswaren,Kookworst (voorverpakt),1.59,1.59,,,,,150 g,prijs per kg €10.60,False,,,,,E,True,AH,https://www.ah.nl/producten/product/wi186641,2026-08-04,AH Gelderse gekookte worst,vleeswaren
150883,622455,Kips Smeerleverworst,Kips,vleeswaren,Vleeswaren,Leverworst en leverkaas (voorverpakt),2.39,2.39,,,,,120 g,prijs per kg €19.92,False,,,,,E,True,AH,https://www.ah.nl/producten/product/wi150883,2026-08-04,Kips Smeerleverworst,vleeswaren
505580,846393,AH Cremepaté,AH,vleeswaren,Vleeswaren,Pate (versafdeling),1.25,1.69,26.0,2 voor 2.50,2.5,2.0,80 g,normale prijs per kg €21.13,True,AH,2 voor 2.50,2026-08-03,2026-08-09,E,True,AH,https://www.ah.nl/producten/product/wi505580,2026-08-04,AH Cremepaté,vleeswaren
420934,692674,AH Carpaccio,AH,vleeswaren,Vleeswaren,Carpaccio (voorverpakt),3.99,3.99,,,,,120 g,prijs per kg €33.25,False,,,,,,True,AH,https://www.ah.nl/producten/product/wi420934,2026-08-04,AH Carpaccio,vleeswaren
221031,815839,AH Gerookt ontbijtspek,AH,vleeswaren,Vleeswaren,Spek en bacon plakken (voorverpakt),2.19,2.19,,,,,200 g,prijs per kg €10.95,False,,,,,E,True,AH,https://www.ah.nl/producten/product/wi221031,2026-08-04,AH Gerookt ontbijtspek,vleeswaren
543384,47347,AH Kalkoenfilet,AH,vleeswaren,Vleeswaren,Kipfilet en kalkoenfilet (voorverpakt),2.99,2.99,,,,,150 g,prijs per kg €19.93,False,,,,,C,True,AH,https://www.ah.nl/producten/product/wi543384,2026-08-04,AH Kalkoenfilet,vleeswaren
214660,809782,Croma Bakken en braden voordeelfles,Croma,zuivel-eieren,"Zuivel, eieren",Bak- en braadboter,4.75,4.75,,,,,"0,75 l",prijs per liter €6.33,False,,,,,C,True,AH,https://www.ah.nl/producten/product/wi214660,2026-08-04,Croma Bakken en braden voordeelfles,zuivel-eieren
607357,63711,Becel Romig,Becel,zuivel-eieren,"Zuivel, eieren",Plantaardige boter,3.99,3.99,,,,,450 g,prijs per kg €8.87,False,,,,,C,True,AH,https://www.ah.nl/producten/product/wi607357,2026-08-04,Becel Romig,zuivel-eieren
200486,574301,De Zaanse Hoeve Halfvolle melk,De Zaanse Hoeve,zuivel-eieren,"Zuivel, eieren",Halfvolle melk,1.78,1.78,,,,,2 l,prijs per liter €0.89,False,,,,,B,True,AH,https://www.ah.nl/producten/product/wi200486,2026-08-04,De Zaanse Hoeve Halfvolle melk,zuivel-eieren
450534,569053,AH Houdbare halfvolle melk,AH,zuivel-eieren,"Zuivel, eieren",Houdbare melk,0.85,0.85,,,,,1 l,prijs per liter €0.85,False,,,,,B,True,AH,https://www.ah.nl/producten/product/wi450534,2026-08-04,AH Houdbare halfvolle melk,zuivel-eieren
33693,92154,AH Halfvolle melk,AH,zuivel-eieren,"Zuivel, eieren",Halfvolle melk,1.79,1.79,,,,,"1,5 l",prijs per liter €1.19,False,,,,,B,True,AH,https://www.ah.nl/producten/product/wi33693,2026-08-04,AH Halfvolle melk,zuivel-eieren
571442,12625,Becel Light palmolievrij,Becel,zuivel-eieren,"Zuivel, eieren",Plantaardige boter,3.49,3.49,,,,,450 g,prijs per kg €7.76,False,,,,,C,True,AH,https://www.ah.nl/producten/product/wi571442,2026-08-04,Becel Light palmolievrij,zuivel-eieren
216237,809358,De Zaanse Hoeve Yoghurt Griekse stijl 10% vet,De Zaanse Hoeve,zuivel-eieren,"Zuivel, eieren",Griekse yoghurt,1.99,1.99,,,,,1 kg,prijs per kg €1.99,False,,,,,C,True,AH,https://www.ah.nl/producten/product/wi216237,2026-08-04,De Zaanse Hoeve Yoghurt Griekse stijl 10% vet,zuivel-eieren
1525,11943,AH Halfvolle melk,AH,zuivel-eieren,"Zuivel, eieren",Halfvolle melk,1.29,1.29,,,,,1 l,prijs per liter €1.29,False,,,,,B,True,AH,https://www.ah.nl/producten/product/wi1525,2026-08-04,AH Halfvolle melk,zuivel-eieren
450535,569071,AH Houdbare volle melk,AH,zuivel-eieren,"Zuivel, eieren",Houdbare melk,0.99,0.99,,,,,1 l,prijs per liter €0.99,False,,,,,C,True,AH,https://www.ah.nl/producten/product/wi450535,2026-08-04,AH Houdbare volle melk,zuivel-eieren
382907,842195,AH Biologisch Halfvolle melk,AH Biologisch,zuivel-eieren,"Zuivel, eieren",Halfvolle melk,1.95,1.95,,,,,"1,5 l",prijs per liter €1.30,False,,,,,B,True,AH,https://www.ah.nl/producten/product/wi382907,2026-08-04,AH Biologisch Halfvolle melk,zuivel-eieren
458995,643482,De Zaanse Hoeve Magere kwark,De Zaanse Hoeve,zuivel-eieren,"Zuivel, eieren",Magere kwark,1.89,1.89,,,,,1 kg,prijs per kg €1.89,False,,,,,A,True,AH,https://www.ah.nl/producten/product/wi458995,2026-08-04,De Zaanse Hoeve Magere kwark,zuivel-eieren
442922,87804,AH Witte vrije uitloopeieren M,AH,zuivel-eieren,"Zuivel, eieren",Vrije uitloop eieren,1.99,1.99,,,,,6 stuks,,False,,,,,A,True,AH,https://www.ah.nl/producten/product/wi442922,2026-08-04,AH Witte vrije uitloopeieren M,zuivel-eieren
407959,853187,De Zaanse Hoeve Yoghurt Griekse stijl 2% vet,De Zaanse Hoeve,zuivel-eieren,"Zuivel, eieren",Griekse yoghurt,2.09,2.09,,,,,1 kg,prijs per kg €2.09,False,,,,,A,True,AH,https://www.ah.nl/producten/product/wi407959,2026-08-04,De Zaanse Hoeve Yoghurt Griekse stijl 2% vet,zuivel-eieren
195849,573255,De Zaanse Hoeve Creme fraiche,De Zaanse Hoeve,zuivel-eieren,"Zuivel, eieren",Creme fraiche,0.99,0.99,,,,,200 g,prijs per kg €4.95,False,,,,,D,True,AH,https://www.ah.nl/producten/product/wi195849,2026-08-04,De Zaanse Hoeve Creme fraiche,zuivel-eieren
63453,531306,AH Magere kwark,AH,zuivel-eieren,"Zuivel, eieren",Magere kwark,1.49,1.49,,,,,500 g,prijs per kg €2.98,False,,,,,A,True,AH,https://www.ah.nl/producten/product/wi63453,2026-08-04,AH Magere kwark,zuivel-eieren
130273,606972,AH Verse scharreleieren M,AH,zuivel-eieren,"Zuivel, eieren",Scharreleieren,6.99,6.99,,,,,20 stuks,,False,,,,,A,True,AH,https://www.ah.nl/producten/product/wi130273,2026-08-04,AH Verse scharreleieren M,zuivel-eieren
618342,0,AH Verse scharreleieren M 3-pack,AH,zuivel-eieren,"Zuivel, eieren",Scharreleieren,19.92,20.97,5.0,5% volume voordeel,,,3 stuks,,True,AHOO,5% volume voordeel,2026-08-04,2999-12-31,,True,AH,https://www.ah.nl/producten/product/wi618342,2026-08-04,AH Verse scharreleieren M 3-pack,zuivel-eieren
429772,28392,AH Biologisch Halfvolle yoghurt,AH Biologisch,zuivel-eieren,"Zuivel, eieren",Halfvolle yoghurt,1.65,1.65,,,,,1 l,prijs per liter €1.65,False,,,,,B,True,AH,https://www.ah.nl/producten/product/wi429772,2026-08-04,AH Biologisch Halfvolle yoghurt,zuivel-eieren
1108,54072,AH Halfvolle koffiemelk,AH,zuivel-eieren,"Zuivel, eieren",Koffiemelk,1.05,1.05,,,,,465 ml,prijs per liter €2.26,False,,,,,E,True,AH,https://www.ah.nl/producten/product/wi1108,2026-08-04,AH Halfvolle koffiemelk,zuivel-eieren
195653,600587,De Zaanse Hoeve Volle melk,De Zaanse Hoeve,zuivel-eieren,"Zuivel, eieren",Volle melk,0.95,0.95,,,,,1 l,prijs per liter €0.95,False,,,,,C,True,AH,https://www.ah.nl/producten/product/wi195653,2026-08-04,De Zaanse Hoeve Volle melk,zuivel-eieren
114817,567485,AH Biologisch Magere kwark,AH Biologisch,zuivel-eieren,"Zuivel, eieren",Magere kwark,1.65,1.65,,,,,500 g,prijs per kg €3.30,False,,,,,A,True,AH,https://www.ah.nl/producten/product/wi114817,2026-08-04,AH Biologisch Magere kwark,zuivel-eieren
108655,560339,AH Biologisch Houdbare halfvolle melk,AH Biologisch,zuivel-eieren,"Zuivel, eieren",Houdbare melk,1.29,1.29,,,,,1 l,prijs per liter €1.29,False,,,,,B,True,AH,https://www.ah.nl/producten/product/wi108655,2026-08-04,AH Biologisch Houdbare halfvolle melk,zuivel-eieren
1503,11946,De Zaanse Hoeve Karnemelk,De Zaanse Hoeve,zuivel-eieren,"Zuivel, eieren",Karnemelk,0.93,0.93,,,,,1 l,prijs per liter €0.93,False,,,,,B,True,AH,https://www.ah.nl/producten/product/wi1503,2026-08-04,De Zaanse Hoeve Karnemelk,zuivel-eieren
231878,823326,AH Magere kwark,AH,zuivel-eieren,"Zuivel, eieren",Magere kwark,2.49,2.49,,,,,1 kg,prijs per kg €2.49,False,,,,,A,True,AH,https://www.ah.nl/producten/product/wi231878,2026-08-04,AH Magere kwark,zuivel-eieren
1530,13387,AH Verse scharreleieren M L,AH,zuivel-eieren,"Zuivel, eieren",Scharreleieren,4.09,4.09,,,,,10 stuks,,False,,,,,A,True,AH,https://www.ah.nl/producten/product/wi1530,2026-08-04,AH Verse scharreleieren M L,zuivel-eieren
598389,0,AH Verse scharreleieren M L 3-pack,AH,zuivel-eieren,"Zuivel, eieren",Scharreleieren,11.66,12.27,5.0,5% volume voordeel,,,3 stuks,,True,AHOO,5% volume voordeel,2026-08-04,2999-12-31,,True,AH,https://www.ah.nl/producten/product/wi598389,2026-08-04,AH Verse scharreleieren M L 3-pack,zuivel-eieren
451172,582138,AH Biologisch Yoghurt Griekse stijl,AH Biologisch,zuivel-eieren,"Zuivel, eieren",Griekse yoghurt,2.99,2.99,,,,,1 kg,prijs per kg €2.99,False,,,,,C,True,AH,https://www.ah.nl/producten/product/wi451172,2026-08-04,AH Biologisch Yoghurt Griekse stijl,zuivel-eieren
60746,106377,AH Biologisch Volle yoghurt,AH Biologisch,zuivel-eieren,"Zuivel, eieren",Volle yoghurt,1.79,1.79,,,,,1 l,prijs per liter €1.79,False,,,,,B,True,AH,https://www.ah.nl/producten/product/wi60746,2026-08-04,AH Biologisch Volle yoghurt,zuivel-eieren
1510,11956,De Zaanse Hoeve Vanille vla,De Zaanse Hoeve,zuivel-eieren,"Zuivel, eieren",Vanillevla,0.99,0.99,,,,,1 l,prijs per liter €0.99,False,,,,,C,True,AH,https://www.ah.nl/producten/product/wi1510,2026-08-04,De Zaanse Hoeve Vanille vla,zuivel-eieren
450536,569106,AH Houdbare magere melk,AH,zuivel-eieren,"Zuivel, eieren",Houdbare melk,0.79,0.79,,,,,1 l,prijs per liter €0.79,False,,,,,B,True,AH,https://www.ah.nl/producten/product/wi450536,2026-08-04,AH Houdbare magere melk,zuivel-eieren
118132,11954,De Zaanse Hoeve Volle yoghurt,De Zaanse Hoeve,zuivel-eieren,"Zuivel, eieren",Volle yoghurt,1.39,1.39,,,,,1 l,prijs per liter €1.39,False,,,,,B,True,AH,https://www.ah.nl/producten/product/wi118132,2026-08-04,De Zaanse Hoeve Volle yoghurt,zuivel-eieren
1524,11944,AH Volle melk,AH,zuivel-eieren,"Zuivel, eieren",Volle melk,1.39,1.39,,,,,1 l,prijs per liter €1.39,False,,,,,C,True,AH,https://www.ah.nl/producten/product/wi1524,2026-08-04,AH Volle melk,zuivel-eieren
448314,708857,AH Lactosevrije houdbare halfvolle melk,AH,zuivel-eieren,"Zuivel, eieren",Lactosevrije melk,1.29,1.29,,,,,1 l,prijs per liter €1.29,False,,,,,B,True,AH,https://www.ah.nl/producten/product/wi448314,2026-08-04,AH Lactosevrije houdbare halfvolle melk,zuivel-eieren
442940,89791,AH Biologisch Eieren S M L,AH Biologisch,zuivel-eieren,"Zuivel, eieren",Vrije uitloop eieren,6.49,6.49,,,,,15 stuks,,False,,,,,A,True,AH,https://www.ah.nl/producten/product/wi442940,2026-08-04,AH Biologisch Eieren S M L,zuivel-eieren
617813,0,AH Biologisch Eieren S M L 3pack,AH Biologisch,zuivel-eieren,"Zuivel, eieren",Vrije uitloop eieren,18.89,19.47,3.0,3% volume voordeel,,,3 stuks,,True,AHOO,3% volume voordeel,2026-08-04,2999-12-31,,True,AH,https://www.ah.nl/producten/product/wi617813,2026-08-04,AH Biologisch Eieren S M L 3pack,zuivel-eieren
617815,0,AH Biologisch Eieren S M L 4-pack,AH Biologisch,zuivel-eieren,"Zuivel, eieren",Vrije uitloop eieren,24.66,25.96,5.0,5% volume voordeel,,,4 stuks,,True,AHOO,5% volume voordeel,2026-08-04,2999-12-31,,True,AH,https://www.ah.nl/producten/product/wi617815,2026-08-04,AH Biologisch Eieren S M L 4-pack,zuivel-eieren
61007,106375,AH Biologisch Halfvolle melk,AH Biologisch,zuivel-eieren,"Zuivel, eieren",Halfvolle melk,1.39,1.39,,,,,1 l,prijs per liter €1.39,False,,,,,B,True,AH,https://www.ah.nl/producten/product/wi61007,2026-08-04,AH Biologisch Halfvolle melk,zuivel-eieren
108654,560338,AH Biologisch Houdbare volle melk,AH Biologisch,zuivel-eieren,"Zuivel, eieren",Houdbare melk,1.45,1.45,,,,,1 l,prijs per liter €1.45,False,,,,,C,True,AH,https://www.ah.nl/producten/product/wi108654,2026-08-04,AH Biologisch Houdbare volle melk,zuivel-eieren
168502,751795,AH Biologisch Eieren S M L,AH Biologisch,zuivel-eieren,"Zuivel, eieren",Vrije uitloop eieren,4.59,4.59,,,,,10 stuks,,False,,,,,A,True,AH,https://www.ah.nl/producten/product/wi168502,2026-08-04,AH Biologisch Eieren S M L,zuivel-eieren
61009,106374,AH Biologisch Volle melk,AH Biologisch,zuivel-eieren,"Zuivel, eieren",Volle melk,1.49,1.49,,,,,1 l,prijs per liter €1.49,False,,,,,C,True,AH,https://www.ah.nl/producten/product/wi61009,2026-08-04,AH Biologisch Volle melk,zuivel-eieren
127489,581971,AH Terra Plantaardig halvarine lekker op brood,AH Terra,zuivel-eieren,"Zuivel, eieren",Plantaardige boter,1.39,1.39,,,,,500 g,prijs per kg €2.78,False,,,,,C,True,AH,https://www.ah.nl/producten/product/wi127489,2026-08-04,AH Terra Plantaardig halvarine lekker op brood,zuivel-eieren
469397,721621,Campina Langlekker halfvolle melk,Campina,zuivel-eieren,"Zuivel, eieren",Houdbare melk,1.79,1.79,,,,,1 l,prijs per liter €1.79,False,,,,,B,True,AH,https://www.ah.nl/producten/product/wi469397,2026-08-04,Campina Langlekker halfvolle melk,zuivel-eieren
130274,606862,AH Verse scharreleieren L XL,AH,zuivel-eieren,"Zuivel, eieren",Scharreleieren,4.19,4.19,,,,,10 stuks,,False,,,,,A,True,AH,https://www.ah.nl/producten/product/wi130274,2026-08-04,AH Verse scharreleieren L XL,zuivel-eieren
567385,0,AH Verse scharreleieren L/XL 3-pack,AH,zuivel-eieren,"Zuivel, eieren",Scharreleieren,11.94,12.57,5.0,5% volume voordeel,,,3 stuks,,True,AHOO,5% volume voordeel,2026-08-04,2999-12-31,,True,AH,https://www.ah.nl/producten/product/wi567385,2026-08-04,AH Verse scharreleieren L/XL 3-pack,zuivel-eieren
1519,11955,De Zaanse Hoeve Magere yoghurt,De Zaanse Hoeve,zuivel-eieren,"Zuivel, eieren",Magere yoghurt,0.89,0.89,,,,,1 l,prijs per liter €0.89,False,,,,,A,True,AH,https://www.ah.nl/producten/product/wi1519,2026-08-04,De Zaanse Hoeve Magere yoghurt,zuivel-eieren
609672,0,Campina Langlekker halfvolle melk 3-pack,Campina,zuivel-eieren,"Zuivel, eieren",Houdbare melk,5.1,5.37,5.0,5% volume voordeel,,,3 stuks,,True,AHOO,5% volume voordeel,2026-08-04,2999-12-31,,True,AH,https://www.ah.nl/producten/product/wi609672,2026-08-04,Campina Langlekker halfvolle melk 3-pack,zuivel-eieren
177474,636832,De Zaanse Hoeve Halfvolle yoghurt vanillesmaak,De Zaanse Hoeve,zuivel-eieren,"Zuivel, eieren",Vanille yoghurt,1.49,1.49,,,,,1 l,prijs per liter €1.49,False,,,,,C,True,AH,https://www.ah.nl/producten/product/wi177474,2026-08-04,De Zaanse Hoeve Halfvolle yoghurt vanillesmaak,zuivel-eieren
609411,0,Campina Langlekker halfvolle melk 8-pack,Campina,zuivel-eieren,"Zuivel, eieren",Houdbare melk,12.89,14.32,10.0,10% volume voordeel,,,8 stuks,,True,AHOO,10% volume voordeel,2026-08-04,2999-12-31,,True,AH,https://www.ah.nl/producten/product/wi609411,2026-08-04,Campina Langlekker halfvolle melk 8-pack,zuivel-eieren
141708,615967,AH Drinkyoghurt framboossmaak,AH,zuivel-eieren,"Zuivel, eieren","Drinkyoghurt, ontbijtdranken",1.29,1.29,,,,,1 l,prijs per liter €1.29,False,,,,,B,True,AH,https://www.ah.nl/producten/product/wi141708,2026-08-04,AH Drinkyoghurt framboossmaak,zuivel-eieren
61010,512652,AH Biologisch Magere yoghurt,AH Biologisch,zuivel-eieren,"Zuivel, eieren",Magere yoghurt,1.49,1.49,,,,,1 l,prijs per liter €1.49,False,,,,,A,True,AH,https://www.ah.nl/producten/product/wi61010,2026-08-04,AH Biologisch Magere yoghurt,zuivel-eieren
216238,809402,Melkunie Breaker aardbei yoghurt,Melkunie,zuivel-eieren,"Zuivel, eieren",Yoghurt tussendoortjes,1.59,1.59,,,,,200 g,prijs per kg €7.95,False,,,,,C,True,AH,https://www.ah.nl/producten/product/wi216238,2026-08-04,Melkunie Breaker aardbei yoghurt,zuivel-eieren
443661,87310,AH Biologisch Halfvolle melk,AH Biologisch,zuivel-eieren,"Zuivel, eieren",Halfvolle melk,2.55,2.55,,,,,2 l,prijs per liter €1.28,False,,,,,B,True,AH,https://www.ah.nl/producten/product/wi443661,2026-08-04,AH Biologisch Halfvolle melk,zuivel-eieren
58082,505412,AH Biologisch Roomboter ongezouten,AH Biologisch,zuivel-eieren,"Zuivel, eieren",Ongezouten roomboter,2.89,2.89,,,,,250 g,prijs per kg €11.56,False,,,,,,True,AH,https://www.ah.nl/producten/product/wi58082,2026-08-04,AH Biologisch Roomboter ongezouten,zuivel-eieren
456324,66205,AH Drinkyoghurt aardbei kerssmaak,AH,zuivel-eieren,"Zuivel, eieren","Drinkyoghurt, ontbijtdranken",1.29,1.29,,,,,1 l,prijs per liter €1.29,False,,,,,B,True,AH,https://www.ah.nl/producten/product/wi456324,2026-08-04,AH Drinkyoghurt aardbei kerssmaak,zuivel-eieren
618237,0,AH Biologisch Roomboter ongezouten 2-pack,AH Biologisch,zuivel-eieren,"Zuivel, eieren",Ongezouten roomboter,5.61,5.78,3.0,3% volume voordeel,,,2 stuks,,True,AHOO,3% volume voordeel,2026-08-04,2999-12-31,,True,AH,https://www.ah.nl/producten/product/wi618237,2026-08-04,AH Biologisch Roomboter ongezouten 2-pack,zuivel-eieren
618240,0,AH Biologisch Roomboter ongezouten 5-pack,AH Biologisch,zuivel-eieren,"Zuivel, eieren",Ongezouten roomboter,13.0,14.45,10.0,10% volume voordeel,,,5 stuks,,True,AHOO,10% volume voordeel,2026-08-04,2999-12-31,,True,AH,https://www.ah.nl/producten/product/wi618240,2026-08-04,AH Biologisch Roomboter ongezouten 5-pack,zuivel-eieren
567982,0,AH Biologisch Roomboter ongezouten 3-pack,AH Biologisch,zuivel-eieren,"Zuivel, eieren",Ongezouten roomboter,8.24,8.67,5.0,5% volume voordeel,,,3 stuks,,True,AHOO,5% volume voordeel,2026-08-04,2999-12-31,,True,AH,https://www.ah.nl/producten/product/wi567982,2026-08-04,AH Biologisch Roomboter ongezouten 3-pack,zuivel-eieren
602213,54324,AH Biologisch Volle melk,AH Biologisch,zuivel-eieren,"Zuivel, eieren",Volle melk,2.09,2.09,,,,,"1,5 l",prijs per liter €1.39,False,,,,,C,True,AH,https://www.ah.nl/producten/product/wi602213,2026-08-04,AH Biologisch Volle melk,zuivel-eieren
438675,702107,De Zaanse Hoeve Halfvolle yoghurt,De Zaanse Hoeve,zuivel-eieren,"Zuivel, eieren",Halfvolle yoghurt,0.95,0.95,,,,,1 l,prijs per liter €0.95,False,,,,,A,True,AH,https://www.ah.nl/producten/product/wi438675,2026-08-04,De Zaanse Hoeve Halfvolle yoghurt,zuivel-eieren
61008,106376,AH Biologisch Karnemelk,AH Biologisch,zuivel-eieren,"Zuivel, eieren",Karnemelk,1.29,1.29,,,,,1 l,prijs per liter €1.29,False,,,,,B,True,AH,https://www.ah.nl/producten/product/wi61008,2026-08-04,AH Biologisch Karnemelk,zuivel-eieren
469256,98070,Campina Langlekker volle melk,Campina,zuivel-eieren,"Zuivel, eieren",Houdbare melk,1.99,1.99,,,,,1 l,prijs per liter €1.99,False,,,,,C,True,AH,https://www.ah.nl/producten/product/wi469256,2026-08-04,Campina Langlekker volle melk,zuivel-eieren
451700,581894,De Zaanse Hoeve Volle kwark,De Zaanse Hoeve,zuivel-eieren,"Zuivel, eieren",Volle kwark,1.29,1.29,,,,,500 g,prijs per kg €2.58,False,,,,,C,True,AH,https://www.ah.nl/producten/product/wi451700,2026-08-04,De Zaanse Hoeve Volle kwark,zuivel-eieren
514748,884361,De Zaanse Hoeve Ongezouten roomboter,De Zaanse Hoeve,zuivel-eieren,"Zuivel, eieren",Ongezouten roomboter,2.69,2.69,,,,,500 g,prijs per kg €5.38,False,,,,,E,True,AH,https://www.ah.nl/producten/product/wi514748,2026-08-04,De Zaanse Hoeve Ongezouten roomboter,zuivel-eieren
61758,521009,Optimel Drinkyoghurt framboos,Optimel,zuivel-eieren,"Zuivel, eieren","Drinkyoghurt, ontbijtdranken",1.99,1.99,,,,,1 l,prijs per liter €1.99,False,,,,,B,True,AH,https://www.ah.nl/producten/product/wi61758,2026-08-04,Optimel Drinkyoghurt framboos,zuivel-eieren
608455,0,Campina Langlekker volle melk 3-pack,Campina,zuivel-eieren,"Zuivel, eieren",Houdbare melk,5.67,5.97,5.0,5% volume voordeel,,,3 stuks,,True,AHOO,5% volume voordeel,2026-08-04,2999-12-31,,True,AH,https://www.ah.nl/producten/product/wi608455,2026-08-04,Campina Langlekker volle melk 3-pack,zuivel-eieren
456336,66374,AH Drinkyoghurt passievrucht mangosmaak,AH,zuivel-eieren,"Zuivel, eieren","Drinkyoghurt, ontbijtdranken",1.29,1.29,,,,,1 l,prijs per liter €1.29,False,,,,,B,True,AH,https://www.ah.nl/producten/product/wi456336,2026-08-04,AH Drinkyoghurt passievrucht mangosmaak,zuivel-eieren
441199,76369,Campina Halfvolle melk voordeelverpakking,Campina,zuivel-eieren,"Zuivel, eieren",Halfvolle melk,1.89,1.89,,,,,"1,5 l",prijs per liter €1.26,False,,,,,B,True,AH,https://www.ah.nl/producten/product/wi441199,2026-08-04,Campina Halfvolle melk voordeelverpakking,zuivel-eieren
608456,0,Campina Langlekker volle melk 8-pack,Campina,zuivel-eieren,"Zuivel, eieren",Houdbare melk,14.33,15.92,10.0,10% volume voordeel,,,8 stuks,,True,AHOO,10% volume voordeel,2026-08-04,2999-12-31,,True,AH,https://www.ah.nl/producten/product/wi608456,2026-08-04,Campina Langlekker volle melk 8-pack,zuivel-eieren
561662,0,Melkunie Breaker aardbei yoghurt 6-pack,Melkunie,zuivel-eieren,"Zuivel, eieren",Yoghurt tussendoortjes,8.59,9.54,10.0,10% volume voordeel,,,6 stuks,,True,AHOO,10% volume voordeel,2026-08-04,2999-12-31,,True,AH,https://www.ah.nl/producten/product/wi561662,2026-08-04,Melkunie Breaker aardbei yoghurt 6-pack,zuivel-eieren
67781,530940,AH Creme fraiche light 15% vet,AH,zuivel-eieren,"Zuivel, eieren",Creme fraiche,1.39,1.39,,,,,125 g,prijs per kg €11.12,False,,,,,D,True,AH,https://www.ah.nl/producten/product/wi67781,2026-08-04,AH Creme fraiche light 15% vet,zuivel-eieren
168925,751659,Arla Biologisch halfvolle melk,Arla,zuivel-eieren,"Zuivel, eieren",Halfvolle melk,1.79,1.79,,,,,1 l,prijs per liter €1.79,False,,,,,B,True,AH,https://www.ah.nl/producten/product/wi168925,2026-08-04,Arla Biologisch halfvolle melk,zuivel-eieren
48785,831576,Campina Halfvolle yoghurt,Campina,zuivel-eieren,"Zuivel, eieren",Halfvolle yoghurt,1.89,1.89,,,,,1 l,prijs per liter €1.89,False,,,,,A,True,AH,https://www.ah.nl/producten/product/wi48785,2026-08-04,Campina Halfvolle yoghurt,zuivel-eieren
509631,720377,AH Kookroom,AH,zuivel-eieren,"Zuivel, eieren",Kookroom,0.99,0.99,,,,,250 ml,prijs per liter €3.96,False,,,,,D,True,AH,https://www.ah.nl/producten/product/wi509631,2026-08-04,AH Kookroom,zuivel-eieren
608505,0,Optimel Drinkyoghurt framboos 2-pack,Optimel,zuivel-eieren,"Zuivel, eieren","Drinkyoghurt, ontbijtdranken",3.78,3.98,5.0,5% volume voordeel,,,2 stuks,,True,AHOO,5% volume voordeel,2026-08-04,2999-12-31,,True,AH,https://www.ah.nl/producten/product/wi608505,2026-08-04,Optimel Drinkyoghurt framboos 2-pack,zuivel-eieren
127487,581968,AH Roomboter ongezouten,AH,zuivel-eieren,"Zuivel, eieren",Ongezouten roomboter,2.19,2.19,,,,,250 g,prijs per kg €8.76,False,,,,,,True,AH,https://www.ah.nl/producten/product/wi127487,2026-08-04,AH Roomboter ongezouten,zuivel-eieren
582008,0,Melkunie Breaker Aardbei yoghurt 4-pack,Melkunie,zuivel-eieren,"Zuivel, eieren",Yoghurt tussendoortjes,6.04,6.36,5.0,5% volume voordeel,,,4 stuks,,True,AHOO,5% volume voordeel,2026-08-04,2999-12-31,,True,AH,https://www.ah.nl/producten/product/wi582008,2026-08-04,Melkunie Breaker Aardbei yoghurt 4-pack,zuivel-eieren
609405,0,Campina Halfvolle yoghurt 3-pack,Campina,zuivel-eieren,"Zuivel, eieren",Halfvolle yoghurt,5.39,5.67,5.0,5% volume voordeel,,,3 stuks,,True,AHOO,5% volume voordeel,2026-08-04,2999-12-31,,True,AH,https://www.ah.nl/producten/product/wi609405,2026-08-04,Campina Halfvolle yoghurt 3-pack,zuivel-eieren
582865,0,Arla Biologisch halfvolle melk 3-pack,Arla,zuivel-eieren,"Zuivel, eieren",Halfvolle melk,5.1,5.37,5.0,5% volume voordeel,,,3 stuks,,True,AHOO,5% volume voordeel,2026-08-04,2999-12-31,,True,AH,https://www.ah.nl/producten/product/wi582865,2026-08-04,Arla Biologisch halfvolle melk 3-pack,zuivel-eieren
509633,722517,AH Slagroom,AH,zuivel-eieren,"Zuivel, eieren",Slagroom,1.35,1.35,,,,,250 ml,prijs per liter €5.40,False,,,,,D,True,AH,https://www.ah.nl/producten/product/wi509633,2026-08-04,AH Slagroom,zuivel-eieren
1516,11945,AH Magere melk,AH,zuivel-eieren,"Zuivel, eieren",Magere melk,1.19,1.19,,,,,1 l,prijs per liter €1.19,False,,,,,B,True,AH,https://www.ah.nl/producten/product/wi1516,2026-08-04,AH Magere melk,zuivel-eieren
387970,845350,Campina Magere milde kwark naturel,Campina,zuivel-eieren,"Zuivel, eieren",Magere kwark,1.99,1.99,,,,,500 g,prijs per kg €3.98,False,,,,,A,True,AH,https://www.ah.nl/producten/product/wi387970,2026-08-04,Campina Magere milde kwark naturel,zuivel-eieren
129244,587840,Optimel Drinkyoghurt mango passievrucht,Optimel,zuivel-eieren,"Zuivel, eieren","Drinkyoghurt, ontbijtdranken",1.99,1.99,,,,,1 l,prijs per liter €1.99,False,,,,,B,True,AH,https://www.ah.nl/producten/product/wi129244,2026-08-04,Optimel Drinkyoghurt mango passievrucht,zuivel-eieren
566899,0,AH Creme Fraiche Light 3-pack,AH,zuivel-eieren,"Zuivel, eieren",Creme fraiche,3.96,4.17,5.0,5% volume voordeel,,,3-pack,,True,AHOO,5% volume voordeel,2026-08-04,2999-12-31,,True,AH,https://www.ah.nl/producten/product/wi566899,2026-08-04,AH Creme Fraiche Light 3-pack,zuivel-eieren
173573,795753,AH Halfvolle koffiemelk cups,AH,zuivel-eieren,"Zuivel, eieren",Koffiemelk,0.45,0.45,,,,,70 ml,prijs per liter €6.43,False,,,,,E,True,AH,https://www.ah.nl/producten/product/wi173573,2026-08-04,AH Halfvolle koffiemelk cups,zuivel-eieren
609662,0,Arla Biologisch halfvolle melk 4-pack,Arla,zuivel-eieren,"Zuivel, eieren",Halfvolle melk,6.44,7.16,10.0,10% volume voordeel,,,4 stuks,,True,AHOO,10% volume voordeel,2026-08-04,2999-12-31,,True,AH,https://www.ah.nl/producten/product/wi609662,2026-08-04,Arla Biologisch halfvolle melk 4-pack,zuivel-eieren
166916,642878,Brinta Volkoren graanontbijt,Brinta,zuivel-eieren,"Zuivel, eieren",Pap,2.09,2.09,,,,,500 g,prijs per kg €4.18,False,,,,,A,True,AH,https://www.ah.nl/producten/product/wi166916,2026-08-04,Brinta Volkoren graanontbijt,zuivel-eieren
608506,0,Optimel Drinkyoghurt framboos 4-pack,Optimel,zuivel-eieren,"Zuivel, eieren","Drinkyoghurt, ontbijtdranken",7.16,7.96,10.0,10% volume voordeel,,,4 stuks,,True,AHOO,10% volume voordeel,2026-08-04,2999-12-31,,True,AH,https://www.ah.nl/producten/product/wi608506,2026-08-04,Optimel Drinkyoghurt framboos 4-pack,zuivel-eieren
608509,0,Optimel Drinkyoghurt mango passievrucht 2-pack,Optimel,zuivel-eieren,"Zuivel, eieren","Drinkyoghurt, ontbijtdranken",3.78,3.98,5.0,5% volume voordeel,,,2 stuks,,True,AHOO,5% volume voordeel,2026-08-04,2999-12-31,,True,AH,https://www.ah.nl/producten/product/wi608509,2026-08-04,Optimel Drinkyoghurt mango passievrucht 2-pack,zuivel-eieren
403752,851111,AH Halfvolle kwark,AH,zuivel-eieren,"Zuivel, eieren",Volle kwark,1.69,1.69,,,,,500 g,prijs per kg €3.38,False,,,,,A,True,AH,https://www.ah.nl/producten/product/wi403752,2026-08-04,AH Halfvolle kwark,zuivel-eieren
425567,694382,Danoontje Knijpyoghurt aardbei,Danoontje,zuivel-eieren,"Zuivel, eieren",Yoghurt tussendoortjes,0.99,0.99,,,,,70 g,prijs per kg €14.14,False,,,,,B,True,AH,https://www.ah.nl/producten/product/wi425567,2026-08-04,Danoontje Knijpyoghurt aardbei,zuivel-eieren
548937,0,Danoontje Knijpyoghurt aardbei 5-pack,Danoontje,zuivel-eieren,"Zuivel, eieren",Yoghurt tussendoortjes,4.7,4.95,5.0,5% volume voordeel,,,5 stuks,,True,AHOO,5% volume voordeel,2026-08-04,2999-12-31,,True,AH,https://www.ah.nl/producten/product/wi548937,2026-08-04,Danoontje Knijpyoghurt aardbei 5-pack,zuivel-eieren
609406,0,Campina Halfvolle yoghurt 6-pack,Campina,zuivel-eieren,"Zuivel, eieren",Halfvolle yoghurt,10.21,11.34,10.0,10% volume voordeel,,,6 stuks,,True,AHOO,10% volume voordeel,2026-08-04,2999-12-31,,True,AH,https://www.ah.nl/producten/product/wi609406,2026-08-04,Campina Halfvolle yoghurt 6-pack,zuivel-eieren
1109,54073,AH Volle koffiemelk,AH,zuivel-eieren,"Zuivel, eieren",Koffiemelk,0.99,0.99,,,,,463 ml,prijs per liter €2.14,False,,,,,E,True,AH,https://www.ah.nl/producten/product/wi1109,2026-08-04,AH Volle koffiemelk,zuivel-eieren
617979,0,AH Creme fraiche light 15% vet 2-pack,AH,zuivel-eieren,"Zuivel, eieren",Creme fraiche,2.7,2.78,3.0,3% volume voordeel,,,2 stuks,,True,AHOO,3% volume voordeel,2026-08-04,2999-12-31,,True,AH,https://www.ah.nl/producten/product/wi617979,2026-08-04,AH Creme fraiche light 15% vet 2-pack,zuivel-eieren
161932,629848,AH Kokosmelk,AH,zuivel-eieren,"Zuivel, eieren",Kokosmelk,1.35,1.35,,,,,200 ml,prijs per liter €6.75,False,,,,,D,True,AH,https://www.ah.nl/producten/product/wi161932,2026-08-04,AH Kokosmelk,zuivel-eieren
425564,694379,Arla Biologisch skyr naturel yoghurt,Arla,zuivel-eieren,"Zuivel, eieren",Skyr naturel,2.59,2.59,,,,,450 g,prijs per kg €5.76,False,,,,,A,True,AH,https://www.ah.nl/producten/product/wi425564,2026-08-04,Arla Biologisch skyr naturel yoghurt,zuivel-eieren
396393,847732,AH Biologisch Volle kwark,AH Biologisch,zuivel-eieren,"Zuivel, eieren",Volle kwark,1.89,1.89,,,,,500 g,prijs per kg €3.78,False,,,,,C,True,AH,https://www.ah.nl/producten/product/wi396393,2026-08-04,AH Biologisch Volle kwark,zuivel-eieren
585910,30742,AH Magere kwark met magere yoghurt vanille,AH,zuivel-eieren,"Zuivel, eieren",Kwark met smaak,1.59,1.59,,,,,500 g,prijs per kg €3.18,False,,,,,,True,AH,https://www.ah.nl/producten/product/wi585910,2026-08-04,AH Magere kwark met magere yoghurt vanille,zuivel-eieren
585909,30741,AH Magere kwark met magere yoghurt aardbei,AH,zuivel-eieren,"Zuivel, eieren",Kwark met smaak,1.59,1.59,,,,,500 g,prijs per kg €3.18,False,,,,,,True,AH,https://www.ah.nl/producten/product/wi585909,2026-08-04,AH Magere kwark met magere yoghurt aardbei,zuivel-eieren
96643,540177,AH Magere yoghurt,AH,zuivel-eieren,"Zuivel, eieren",Magere yoghurt,1.39,1.39,,,,,1 l,prijs per liter €1.39,False,,,,,A,True,AH,https://www.ah.nl/producten/product/wi96643,2026-08-04,AH Magere yoghurt,zuivel-eieren
457983,647871,Arla Skyr naturel yoghurt 0% vet XL,Arla,zuivel-eieren,"Zuivel, eieren",Skyr naturel,3.99,3.99,,,,,1 kg,prijs per kg €3.99,False,,,,,A,True,AH,https://www.ah.nl/producten/product/wi457983,2026-08-04,Arla Skyr naturel yoghurt 0% vet XL,zuivel-eieren
574107,0,"Campina Halfvolle Melk 1,5L pakket 2-pack",Campina,zuivel-eieren,"Zuivel, eieren",Halfvolle melk,3.59,3.78,5.0,5% volume voordeel,,,2 stuks,,True,AHOO,5% volume voordeel,2026-08-04,2999-12-31,,True,AH,https://www.ah.nl/producten/product/wi574107,2026-08-04,"Campina Halfvolle Melk 1,5L pakket 2-pack",zuivel-eieren
608510,0,Optimel Drinkyoghurt mango passievrucht 4-pack,Optimel,zuivel-eieren,"Zuivel, eieren","Drinkyoghurt, ontbijtdranken",7.16,7.96,10.0,10% volume voordeel,,,4 stuks,,True,AHOO,10% volume voordeel,2026-08-04,2999-12-31,,True,AH,https://www.ah.nl/producten/product/wi608510,2026-08-04,Optimel Drinkyoghurt mango passievrucht 4-pack,zuivel-eieren
617980,0,AH Creme fraiche light 15% vet 4-pack,AH,zuivel-eieren,"Zuivel, eieren",Creme fraiche,5.0,5.56,10.0,10% volume voordeel,,,4 stuks,,True,AHOO,10% volume voordeel,2026-08-04,2999-12-31,,True,AH,https://www.ah.nl/producten/product/wi617980,2026-08-04,AH Creme fraiche light 15% vet 4-pack,zuivel-eieren
609355,0,Arla Biologisch skyr naturel yoghurt 4-pack,Arla,zuivel-eieren,"Zuivel, eieren",Skyr naturel,9.32,10.36,10.0,10% volume voordeel,,,4 stuks,,True,AHOO,10% volume voordeel,2026-08-04,2999-12-31,,True,AH,https://www.ah.nl/producten/product/wi609355,2026-08-04,Arla Biologisch skyr naturel yoghurt 4-pack,zuivel-eieren
208278,804258,Campina Halfvolle melk voordeelpak,Campina,zuivel-eieren,"Zuivel, eieren",Halfvolle melk,2.69,2.69,,,,,"2,4 l",prijs per liter €1.12,False,,,,,B,True,AH,https://www.ah.nl/producten/product/wi208278,2026-08-04,Campina Halfvolle melk voordeelpak,zuivel-eieren
594657,0,Arla Biologisch skyr naturel yoghurt 2-pack,Arla,zuivel-eieren,"Zuivel, eieren",Skyr naturel,4.92,5.18,5.0,5% volume voordeel,,,2 stuks,,True,AHOO,5% volume voordeel,2026-08-04,2999-12-31,,True,AH,https://www.ah.nl/producten/product/wi594657,2026-08-04,Arla Biologisch skyr naturel yoghurt 2-pack,zuivel-eieren
349195,751664,Arla Biologisch volle melk,Arla,zuivel-eieren,"Zuivel, eieren",Volle melk,1.99,1.99,,,,,1 l,prijs per liter €1.99,False,,,,,C,True,AH,https://www.ah.nl/producten/product/wi349195,2026-08-04,Arla Biologisch volle melk,zuivel-eieren
33691,27506,AH Halfvolle melk,AH,zuivel-eieren,"Zuivel, eieren",Halfvolle melk,0.79,0.79,,,,,"0,5 l",prijs per liter €1.58,False,,,,,B,True,AH,https://www.ah.nl/producten/product/wi33691,2026-08-04,AH Halfvolle melk,zuivel-eieren
570722,11073,Melkunie Breaker zero aardbei yoghurt,Melkunie,zuivel-eieren,"Zuivel, eieren",Yoghurt tussendoortjes,1.69,1.69,,,,,200 g,prijs per kg €8.45,False,,,,,B,True,AH,https://www.ah.nl/producten/product/wi570722,2026-08-04,Melkunie Breaker zero aardbei yoghurt,zuivel-eieren
370580,835772,Arla Skyr naturel yoghurt 0% vet,Arla,zuivel-eieren,"Zuivel, eieren",Skyr naturel,1.99,1.99,,,,,450 g,prijs per kg €4.42,False,,,,,A,True,AH,https://www.ah.nl/producten/product/wi370580,2026-08-04,Arla Skyr naturel yoghurt 0% vet,zuivel-eieren
609677,0,Campina Magere milde kwark naturel 4-pack,Campina,zuivel-eieren,"Zuivel, eieren",Magere kwark,7.16,7.96,10.0,10% volume voordeel,,,4 stuks,,True,AHOO,10% volume voordeel,2026-08-04,2999-12-31,,True,AH,https://www.ah.nl/producten/product/wi609677,2026-08-04,Campina Magere milde kwark naturel 4-pack,zuivel-eieren
585999,30360,AH Biologisch Yoghurt Griekse stijl 2%,AH Biologisch,zuivel-eieren,"Zuivel, eieren",Griekse yoghurt,2.89,2.89,,,,,1 kg,prijs per kg €2.89,False,,,,,A,True,AH,https://www.ah.nl/producten/product/wi585999,2026-08-04,AH Biologisch Yoghurt Griekse stijl 2%,zuivel-eieren
594562,43314,AH Halvarine 100% plantaardig,AH,zuivel-eieren,"Zuivel, eieren",Plantaardige boter,0.58,0.58,,,,,500 g,prijs per kg €1.16,False,,,,,C,True,AH,https://www.ah.nl/producten/product/wi594562,2026-08-04,AH Halvarine 100% plantaardig,zuivel-eieren
440374,76365,Optimel Drinkyoghurt aardbei,Optimel,zuivel-eieren,"Zuivel, eieren","Drinkyoghurt, ontbijtdranken",1.99,1.99,,,,,1 l,prijs per liter €1.99,False,,,,,B,True,AH,https://www.ah.nl/producten/product/wi440374,2026-08-04,Optimel Drinkyoghurt aardbei,zuivel-eieren
582868,0,Arla Biologisch volle melk 1L 3-pack,Arla,zuivel-eieren,"Zuivel, eieren",Volle melk,5.67,5.97,5.0,5% volume voordeel,,,3 stuks,,True,AHOO,5% volume voordeel,2026-08-04,2999-12-31,,True,AH,https://www.ah.nl/producten/product/wi582868,2026-08-04,Arla Biologisch volle melk 1L 3-pack,zuivel-eieren
590371,0,Arla Skyr naturel yoghurt 0% fat XL 2-pack,Arla,zuivel-eieren,"Zuivel, eieren",Skyr naturel,7.58,7.98,5.0,5% volume voordeel,,,2 stuks,,True,AHOO,5% volume voordeel,2026-08-04,2999-12-31,,True,AH,https://www.ah.nl/producten/product/wi590371,2026-08-04,Arla Skyr naturel yoghurt 0% fat XL 2-pack,zuivel-eieren
608086,64911,Mars Karamel chocolade ice bar,Mars,zuivel-eieren,Diepvries,Room handijs,4.39,4.39,,,,,5 stuks,,False,,,,,D,True,AH,https://www.ah.nl/producten/product/wi608086,2026-08-04,Mars Karamel chocolade ice bar,zuivel-eieren
196145,790149,De Zaanse Hoeve Roomtoetje vanille,De Zaanse Hoeve,zuivel-eieren,"Zuivel, eieren",Luxe toetjes,0.35,0.35,,,,,200 g,prijs per kg €1.75,False,,,,,C,True,AH,https://www.ah.nl/producten/product/wi196145,2026-08-04,De Zaanse Hoeve Roomtoetje vanille,zuivel-eieren
609665,0,Arla Biologisch volle melk 4-pack,Arla,zuivel-eieren,"Zuivel, eieren",Volle melk,7.16,7.96,10.0,10% volume voordeel,,,4 stuks,,True,AHOO,10% volume voordeel,2026-08-04,2999-12-31,,True,AH,https://www.ah.nl/producten/product/wi609665,2026-08-04,Arla Biologisch volle melk 4-pack,zuivel-eieren
447765,528009,AH Yoghurtdrink aardbeismaak,AH,zuivel-eieren,"Zuivel, eieren","Drinkyoghurt, ontbijtdranken",1.05,1.05,,,,,1 l,prijs per liter €1.05,False,,,,,C,True,AH,https://www.ah.nl/producten/product/wi447765,2026-08-04,AH Yoghurtdrink aardbeismaak,zuivel-eieren
509634,722534,AH Slagroom,AH,zuivel-eieren,"Zuivel, eieren",Slagroom,1.79,1.79,,,,,"0,5 l",prijs per liter €3.58,False,,,,,D,True,AH,https://www.ah.nl/producten/product/wi509634,2026-08-04,AH Slagroom,zuivel-eieren
613774,0,Mars Karamel chocolade ice bar 2-pack,Mars,zuivel-eieren,Diepvries,Room handijs,7.9,8.78,10.0,10% volume voordeel,,,2 stuks,,True,AHOO,10% volume voordeel,2026-08-04,2999-12-31,,True,AH,https://www.ah.nl/producten/product/wi613774,2026-08-04,Mars Karamel chocolade ice bar 2-pack,zuivel-eieren
475115,727863,AH Slagroom spuitbus,AH,zuivel-eieren,"Zuivel, eieren",Slagroom,1.49,1.49,,,,,250 g,prijs per kg €5.96,False,,,,,E,True,AH,https://www.ah.nl/producten/product/wi475115,2026-08-04,AH Slagroom spuitbus,zuivel-eieren
608501,0,Optimel Drinkyoghurt aardbei 2-pack,Optimel,zuivel-eieren,"Zuivel, eieren","Drinkyoghurt, ontbijtdranken",3.78,3.98,5.0,5% volume voordeel,,,2 stuks,,True,AHOO,5% volume voordeel,2026-08-04,2999-12-31,,True,AH,https://www.ah.nl/producten/product/wi608501,2026-08-04,Optimel Drinkyoghurt aardbei 2-pack,zuivel-eieren
440366,76312,Arla Biologisch kefir naturel,Arla,zuivel-eieren,"Zuivel, eieren","Probiotica, kefir, gut health drinks",2.39,2.39,,,,,1 l,prijs per liter €2.39,False,,,,,B,True,AH,https://www.ah.nl/producten/product/wi440366,2026-08-04,Arla Biologisch kefir naturel,zuivel-eieren
49816,503972,Blue Band Goede start met calcium,Blue Band,zuivel-eieren,"Zuivel, eieren",Halvarine,1.99,1.99,,,,,500 g,prijs per kg €3.98,False,,,,,C,True,AH,https://www.ah.nl/producten/product/wi49816,2026-08-04,Blue Band Goede start met calcium,zuivel-eieren
403286,851044,Arla Skyr vanille yoghurt 0% vet,Arla,zuivel-eieren,"Zuivel, eieren",Skyr met smaak,2.19,2.19,,,,,450 g,prijs per kg €4.87,False,,,,,A,True,AH,https://www.ah.nl/producten/product/wi403286,2026-08-04,Arla Skyr vanille yoghurt 0% vet,zuivel-eieren
574103,0,"Campina Halfvolle Melk 2,4l 2-pack",Campina,zuivel-eieren,"Zuivel, eieren",Halfvolle melk,5.11,5.38,5.0,5% volume voordeel,,,2 stuks,,True,AHOO,5% volume voordeel,2026-08-04,2999-12-31,,True,AH,https://www.ah.nl/producten/product/wi574103,2026-08-04,"Campina Halfvolle Melk 2,4l 2-pack",zuivel-eieren
625801,0,Blue Band Goede start met calcium 2-pack,Blue Band,zuivel-eieren,"Zuivel, eieren",Halvarine,3.78,3.98,5.0,5% volume voordeel,,,2 stuks,,True,AHOO,5% volume voordeel,2026-08-04,2999-12-31,,True,AH,https://www.ah.nl/producten/product/wi625801,2026-08-04,Blue Band Goede start met calcium 2-pack,zuivel-eieren
613775,0,Mars Karamel chocolade ice bar 3-pack,Mars,zuivel-eieren,Diepvries,Room handijs,11.19,13.17,15.0,15% volume voordeel,,,3 stuks,,True,AHOO,15% volume voordeel,2026-08-04,2999-12-31,,True,AH,https://www.ah.nl/producten/product/wi613775,2026-08-04,Mars Karamel chocolade ice bar 3-pack,zuivel-eieren
570721,11072,Melkunie Breaker zero banaan yoghurt,Melkunie,zuivel-eieren,"Zuivel, eieren",Yoghurt tussendoortjes,1.69,1.69,,,,,200 g,prijs per kg €8.45,False,,,,,B,True,AH,https://www.ah.nl/producten/product/wi570721,2026-08-04,Melkunie Breaker zero banaan yoghurt,zuivel-eieren
604807,0,Melkunie Breaker zero banaan yoghurt 6-pack,Melkunie,zuivel-eieren,"Zuivel, eieren",Yoghurt tussendoortjes,9.13,10.14,10.0,10% volume voordeel,,,6 stuks,,True,AHOO,10% volume voordeel,2026-08-04,2999-12-31,,True,AH,https://www.ah.nl/producten/product/wi604807,2026-08-04,Melkunie Breaker zero banaan yoghurt 6-pack,zuivel-eieren
609389,0,Arla Skyr naturel yoghurt 0% vet 4-pack,Arla,zuivel-eieren,"Zuivel, eieren",Skyr naturel,7.16,7.96,10.0,10% volume voordeel,,,4 stuks,,True,AHOO,10% volume voordeel,2026-08-04,2999-12-31,,True,AH,https://www.ah.nl/producten/product/wi609389,2026-08-04,Arla Skyr naturel yoghurt 0% vet 4-pack,zuivel-eieren
594655,0,Arla Biologisch kefir naturel 2-pack,Arla,zuivel-eieren,"Zuivel, eieren","Probiotica, kefir, gut health drinks",4.54,4.78,5.0,5% volume voordeel,,,2 stuks,,True,AHOO,5% volume voordeel,2026-08-04,2999-12-31,,True,AH,https://www.ah.nl/producten/product/wi594655,2026-08-04,Arla Biologisch kefir naturel 2-pack,zuivel-eieren
594670,0,Melkunie Breaker zero aardbei yoghurt 4-pack,Melkunie,zuivel-eieren,"Zuivel, eieren",Yoghurt tussendoortjes,6.42,6.76,5.0,5% volume voordeel,,,4 stuks,,True,AHOO,5% volume voordeel,2026-08-04,2999-12-31,,True,AH,https://www.ah.nl/producten/product/wi594670,2026-08-04,Melkunie Breaker zero aardbei yoghurt 4-pack,zuivel-eieren
625824,0,Blue Band Goede start met calcium 4-pack,Blue Band,zuivel-eieren,"Zuivel, eieren",Halvarine,7.16,7.96,10.0,10% volume voordeel,,,4 stuks,,True,AHOO,10% volume voordeel,2026-08-04,2999-12-31,,True,AH,https://www.ah.nl/producten/product/wi625824,2026-08-04,Blue Band Goede start met calcium 4-pack,zuivel-eieren
3869,99375,AH Sour cream,AH,zuivel-eieren,"Zuivel, eieren",Zure room,1.19,1.19,,,,,125 g,prijs per kg €9.52,False,,,,,D,True,AH,https://www.ah.nl/producten/product/wi3869,2026-08-04,AH Sour cream,zuivel-eieren
609417,0,Campina Magere milde kwark naturel 2-pack,Campina,zuivel-eieren,"Zuivel, eieren",Magere kwark,3.78,3.98,5.0,5% volume voordeel,,,2 stuks,,True,AHOO,5% volume voordeel,2026-08-04,2999-12-31,,True,AH,https://www.ah.nl/producten/product/wi609417,2026-08-04,Campina Magere milde kwark naturel 2-pack,zuivel-eieren
121656,575366,AH Halfvolle yoghurt,AH,zuivel-eieren,"Zuivel, eieren",Halfvolle yoghurt,1.49,1.49,,,,,1 l,prijs per liter €1.49,False,,,,,A,True,AH,https://www.ah.nl/producten/product/wi121656,2026-08-04,AH Halfvolle yoghurt,zuivel-eieren
590377,0,Arla Skyr naturel yoghurt 0% fat 3-pack,Arla,zuivel-eieren,"Zuivel, eieren",Skyr naturel,5.67,5.97,5.0,5% volume voordeel,,,3 stuks,,True,AHOO,5% volume voordeel,2026-08-04,2999-12-31,,True,AH,https://www.ah.nl/producten/product/wi590377,2026-08-04,Arla Skyr naturel yoghurt 0% fat 3-pack,zuivel-eieren
103004,543258,Optimel Magere kwark aardbei,Optimel,zuivel-eieren,"Zuivel, eieren",Kwark met smaak,2.39,2.39,,,,,500 g,prijs per kg €4.78,False,,,,,A,True,AH,https://www.ah.nl/producten/product/wi103004,2026-08-04,Optimel Magere kwark aardbei,zuivel-eieren
575467,16916,Dodoni Griekse yoghurt 5% vet,Dodoni,zuivel-eieren,"Zuivel, eieren",Griekse yoghurt,4.99,4.99,,,,,1 kg,prijs per kg €4.99,False,,,,,B,True,AH,https://www.ah.nl/producten/product/wi575467,2026-08-04,Dodoni Griekse yoghurt 5% vet,zuivel-eieren
34471,28747,AH Slagroom houdbaar,AH,zuivel-eieren,"Zuivel, eieren",Slagroom,0.99,0.99,,,,,200 ml,prijs per liter €4.95,False,,,,,D,True,AH,https://www.ah.nl/producten/product/wi34471,2026-08-04,AH Slagroom houdbaar,zuivel-eieren
233759,821355,Den Eelder Boeren karnemelk,Den Eelder,zuivel-eieren,"Zuivel, eieren",Karnemelk,1.79,1.79,,,,,1 l,prijs per liter €1.79,False,,,,,B,True,AH,https://www.ah.nl/producten/product/wi233759,2026-08-04,Den Eelder Boeren karnemelk,zuivel-eieren
520087,49609,Melkunie Breaker stracciatella yoghurt,Melkunie,zuivel-eieren,"Zuivel, eieren",Yoghurt tussendoortjes,1.69,1.69,,,,,200 g,prijs per kg €8.45,False,,,,,C,True,AH,https://www.ah.nl/producten/product/wi520087,2026-08-04,Melkunie Breaker stracciatella yoghurt,zuivel-eieren
609353,0,Arla Biologisch kefir naturel 4-pack,Arla,zuivel-eieren,"Zuivel, eieren","Probiotica, kefir, gut health drinks",8.6,9.56,10.0,10% volume voordeel,,,4 stuks,,True,AHOO,10% volume voordeel,2026-08-04,2999-12-31,,True,AH,https://www.ah.nl/producten/product/wi609353,2026-08-04,Arla Biologisch kefir naturel 4-pack,zuivel-eieren
437046,60851,AH Ah choco mix,AH,zuivel-eieren,Diepvries,Room handijs,2.45,2.45,,,,,8 stuks,,False,,,,,E,True,AH,https://www.ah.nl/producten/product/wi437046,2026-08-04,AH Ah choco mix,zuivel-eieren
373908,27504,AH Halfvolle yoghurt vanillesmaak,AH,zuivel-eieren,"Zuivel, eieren",Halfvolle yoghurt,1.79,1.79,,,,,1 l,prijs per liter €1.79,False,,,,,C,True,AH,https://www.ah.nl/producten/product/wi373908,2026-08-04,AH Halfvolle yoghurt vanillesmaak,zuivel-eieren
429777,28423,Campina Magere milde kwark naturel voordeelpak,Campina,zuivel-eieren,"Zuivel, eieren",Magere kwark,3.49,3.49,,,,,1 kg,prijs per kg €3.49,False,,,,,A,True,AH,https://www.ah.nl/producten/product/wi429777,2026-08-04,Campina Magere milde kwark naturel voordeelpak,zuivel-eieren
196146,790151,De Zaanse Hoeve Roomtoetje chocolade,De Zaanse Hoeve,zuivel-eieren,"Zuivel, eieren",Luxe toetjes,0.35,0.35,,,,,200 g,prijs per kg €1.75,False,,,,,C,True,AH,https://www.ah.nl/producten/product/wi196146,2026-08-04,De Zaanse Hoeve Roomtoetje chocolade,zuivel-eieren
195877,598929,De Zaanse Hoeve Chocoladevla,De Zaanse Hoeve,zuivel-eieren,"Zuivel, eieren",Chocolade vla,1.35,1.35,,,,,1 l,prijs per liter €1.35,False,,,,,C,True,AH,https://www.ah.nl/producten/product/wi195877,2026-08-04,De Zaanse Hoeve Chocoladevla,zuivel-eieren
118131,540175,AH Vanillevla,AH,zuivel-eieren,"Zuivel, eieren",Vanillevla,1.59,1.59,,,,,1 l,prijs per liter €1.59,False,,,,,C,True,AH,https://www.ah.nl/producten/product/wi118131,2026-08-04,AH Vanillevla,zuivel-eieren
127224,581636,AH Biologisch Magere melk,AH Biologisch,zuivel-eieren,"Zuivel, eieren",Magere melk,1.29,1.29,,,,,1 l,prijs per liter €1.29,False,,,,,B,True,AH,https://www.ah.nl/producten/product/wi127224,2026-08-04,AH Biologisch Magere melk,zuivel-eieren
575060,0,Melkunie Breaker straciatella yoghurt 4-pack,Melkunie,zuivel-eieren,"Zuivel, eieren",Yoghurt tussendoortjes,6.42,6.76,5.0,5% volume voordeel,,,4 stuks,,True,AHOO,5% volume voordeel,2026-08-04,2999-12-31,,True,AH,https://www.ah.nl/producten/product/wi575060,2026-08-04,Melkunie Breaker straciatella yoghurt 4-pack,zuivel-eieren
451124,574647,Ben & Jerry's Cookie dough,Ben & Jerry's,zuivel-eieren,Diepvries,Roomijs pints,2.39,2.39,,1 + 1 gratis,,1.0,100 ml,normale prijs per liter €23.90,True,AH,1 + 1 gratis,2026-08-03,2026-08-09,E,True,AH,https://www.ah.nl/producten/product/wi451124,2026-08-04,Ben & Jerry's Cookie dough,zuivel-eieren
614284,0,Ben & Jerry's Cookie dough 3-pack,Ben & Jerry's,zuivel-eieren,Diepvries,Roomijs pints,4.78,7.17,33.3,pakketkorting,,,3 stuks,,True,AHOO,,2026-08-04,2026-08-09,,True,AH,https://www.ah.nl/producten/product/wi614284,2026-08-04,Ben & Jerry's Cookie dough 3-pack,zuivel-eieren
437124,65501,Arla Lactofree magere kwark naturel,Arla,zuivel-eieren,"Zuivel, eieren",Lactosevrije yoghurt en kwark,2.19,2.19,,,,,450 g,prijs per kg €4.87,False,,,,,A,True,AH,https://www.ah.nl/producten/product/wi437124,2026-08-04,Arla Lactofree magere kwark naturel,zuivel-eieren
469664,721424,AH Lactosevrij verse halfvolle melkdrank,AH,zuivel-eieren,"Zuivel, eieren",Lactosevrije melk,1.59,1.59,,,,,1 l,prijs per liter €1.59,False,,,,,B,True,AH,https://www.ah.nl/producten/product/wi469664,2026-08-04,AH Lactosevrij verse halfvolle melkdrank,zuivel-eieren
608502,0,Optimel Drinkyoghurt aardbei 4-pack,Optimel,zuivel-eieren,"Zuivel, eieren","Drinkyoghurt, ontbijtdranken",7.16,7.96,10.0,10% volume voordeel,,,4 stuks,,True,AHOO,10% volume voordeel,2026-08-04,2999-12-31,,True,AH,https://www.ah.nl/producten/product/wi608502,2026-08-04,Optimel Drinkyoghurt aardbei 4-pack,zuivel-eieren
604806,0,Melkunie Breaker zero aardbei yoghurt 6-pack,Melkunie,zuivel-eieren,"Zuivel, eieren",Yoghurt tussendoortjes,9.13,10.14,10.0,10% volume voordeel,,,6 stuks,,True,AHOO,10% volume voordeel,2026-08-04,2999-12-31,,True,AH,https://www.ah.nl/producten/product/wi604806,2026-08-04,Melkunie Breaker zero aardbei yoghurt 6-pack,zuivel-eieren
609392,0,Arla Skyr vanille yoghurt 0% vet 4-pack,Arla,zuivel-eieren,"Zuivel, eieren",Skyr met smaak,7.88,8.76,10.0,10% volume voordeel,,,4 stuks,,True,AHOO,10% volume voordeel,2026-08-04,2999-12-31,,True,AH,https://www.ah.nl/producten/product/wi609392,2026-08-04,Arla Skyr vanille yoghurt 0% vet 4-pack,zuivel-eieren
607356,63710,Becel Light voordeelpak,Becel,zuivel-eieren,"Zuivel, eieren",Margarine,3.75,3.75,,,,,550 g,prijs per kg €6.82,False,,,,,C,True,AH,https://www.ah.nl/producten/product/wi607356,2026-08-04,Becel Light voordeelpak,zuivel-eieren
625819,0,Becel Light voordeelpak 3-pack,Becel,zuivel-eieren,"Zuivel, eieren",Margarine,9.56,11.25,15.0,15% volume voordeel,,,3 stuks,,True,AHOO,15% volume voordeel,2026-08-04,2999-12-31,,True,AH,https://www.ah.nl/producten/product/wi625819,2026-08-04,Becel Light voordeelpak 3-pack,zuivel-eieren
213013,805594,Blije Kip eieren Biologische eieren,Blije Kip eieren,zuivel-eieren,"Zuivel, eieren",Vrije uitloop eieren,5.99,5.99,,,,,10 stuks,,False,,,,,A,True,AH,https://www.ah.nl/producten/product/wi213013,2026-08-04,Blije Kip eieren Biologische eieren,zuivel-eieren
212525,807628,Arla Lactofree halfvolle yoghurt lactosevrij,Arla,zuivel-eieren,"Zuivel, eieren",Lactosevrije yoghurt en kwark,2.39,2.39,,,,,1 l,prijs per liter €2.39,False,,,,,A,True,AH,https://www.ah.nl/producten/product/wi212525,2026-08-04,Arla Lactofree halfvolle yoghurt lactosevrij,zuivel-eieren
474625,727636,Almhof Choco met echte slagroom original,Almhof,zuivel-eieren,"Zuivel, eieren","Chocolademousse, pudding",1.19,1.59,25.0,25% korting,,,180 g,normale prijs per kg €8.83,True,AH,25% korting,2026-08-03,2026-08-09,D,True,AH,https://www.ah.nl/producten/product/wi474625,2026-08-04,Almhof Choco met echte slagroom original,zuivel-eieren
121581,575365,Optimel Drinkyoghurt aardbei-kers,Optimel,zuivel-eieren,"Zuivel, eieren","Drinkyoghurt, ontbijtdranken",1.99,1.99,,,,,1 l,prijs per liter €1.99,False,,,,,B,True,AH,https://www.ah.nl/producten/product/wi121581,2026-08-04,Optimel Drinkyoghurt aardbei-kers,zuivel-eieren
221096,815635,Campina Volle yoghurt,Campina,zuivel-eieren,"Zuivel, eieren",Volle yoghurt,1.95,1.95,,,,,1 l,prijs per liter €1.95,False,,,,,B,True,AH,https://www.ah.nl/producten/product/wi221096,2026-08-04,Campina Volle yoghurt,zuivel-eieren
614752,0,Arla Skyr vanille yoghurt 0% vet 3-pack,Arla,zuivel-eieren,"Zuivel, eieren",Skyr met smaak,6.24,6.57,5.0,5% volume voordeel,,,3 stuks,,True,AHOO,5% volume voordeel,2026-08-04,2999-12-31,,True,AH,https://www.ah.nl/producten/product/wi614752,2026-08-04,Arla Skyr vanille yoghurt 0% vet 3-pack,zuivel-eieren
2465,45802,Chocomel Vol,Chocomel,zuivel-eieren,"Zuivel, eieren",Chocolademelk,2.49,2.49,,,,,1 l,prijs per liter €2.49,False,,,,,E,True,AH,https://www.ah.nl/producten/product/wi2465,2026-08-04,Chocomel Vol,zuivel-eieren
609404,0,Campina Halfvolle melk voordeelverpakking 4-pack,Campina,zuivel-eieren,"Zuivel, eieren",Halfvolle melk,6.8,7.56,10.0,10% volume voordeel,,,4 stuks,,True,AHOO,10% volume voordeel,2026-08-04,2999-12-31,,True,AH,https://www.ah.nl/producten/product/wi609404,2026-08-04,Campina Halfvolle melk voordeelverpakking 4-pack,zuivel-eieren
221095,815633,Campina Magere yoghurt,Campina,zuivel-eieren,"Zuivel, eieren",Magere yoghurt,1.69,1.69,,,,,1 l,prijs per liter €1.69,False,,,,,A,True,AH,https://www.ah.nl/producten/product/wi221095,2026-08-04,Campina Magere yoghurt,zuivel-eieren
216244,809753,Melkunie Breaker banaan yoghurt,Melkunie,zuivel-eieren,"Zuivel, eieren",Yoghurt tussendoortjes,1.59,1.59,,,,,200 g,prijs per kg €7.95,False,,,,,C,True,AH,https://www.ah.nl/producten/product/wi216244,2026-08-04,Melkunie Breaker banaan yoghurt,zuivel-eieren
594662,0,Melkunie Breaker banaan yoghurt 4-pack,Melkunie,zuivel-eieren,"Zuivel, eieren",Yoghurt tussendoortjes,6.04,6.36,5.0,5% volume voordeel,,,4 stuks,,True,AHOO,5% volume voordeel,2026-08-04,2999-12-31,,True,AH,https://www.ah.nl/producten/product/wi594662,2026-08-04,Melkunie Breaker banaan yoghurt 4-pack,zuivel-eieren
96644,540178,AH Karnemelk,AH,zuivel-eieren,"Zuivel, eieren",Karnemelk,1.19,1.19,,,,,1 l,prijs per liter €1.19,False,,,,,B,True,AH,https://www.ah.nl/producten/product/wi96644,2026-08-04,AH Karnemelk,zuivel-eieren
3826,1855,Blue Band Halvarine palmolievrij voordeelpak,Blue Band,zuivel-eieren,"Zuivel, eieren",Halvarine,2.19,2.19,,,,,500 g,prijs per kg €4.38,False,,,,,C,True,AH,https://www.ah.nl/producten/product/wi3826,2026-08-04,Blue Band Halvarine palmolievrij voordeelpak,zuivel-eieren
61760,521008,Optimel Drinkyoghurt limoen,Optimel,zuivel-eieren,"Zuivel, eieren","Drinkyoghurt, ontbijtdranken",1.99,1.99,,,,,1 l,prijs per liter €1.99,False,,,,,B,True,AH,https://www.ah.nl/producten/product/wi61760,2026-08-04,Optimel Drinkyoghurt limoen,zuivel-eieren
609424,0,Campina Volle yoghurt 3-pack,Campina,zuivel-eieren,"Zuivel, eieren",Volle yoghurt,5.56,5.85,5.0,5% volume voordeel,,,3 stuks,,True,AHOO,5% volume voordeel,2026-08-04,2999-12-31,,True,AH,https://www.ah.nl/producten/product/wi609424,2026-08-04,Campina Volle yoghurt 3-pack,zuivel-eieren
625800,0,Blue Band Halvarine palmolievrij voordeelpak 2pack,Blue Band,zuivel-eieren,"Zuivel, eieren",Halvarine,4.16,4.38,5.0,5% volume voordeel,,,2 stuks,,True,AHOO,5% volume voordeel,2026-08-04,2999-12-31,,True,AH,https://www.ah.nl/producten/product/wi625800,2026-08-04,Blue Band Halvarine palmolievrij voordeelpak 2pack,zuivel-eieren
609390,0,Arla Skyr naturel yoghurt 0% vet XL 4-pack,Arla,zuivel-eieren,"Zuivel, eieren",Skyr naturel,14.36,15.96,10.0,10% volume voordeel,,,4 stuks,,True,AHOO,10% volume voordeel,2026-08-04,2999-12-31,,True,AH,https://www.ah.nl/producten/product/wi609390,2026-08-04,Arla Skyr naturel yoghurt 0% vet XL 4-pack,zuivel-eieren
1502,551435,Campina Dubbelvla chocolade vanille smaak,Campina,zuivel-eieren,"Zuivel, eieren","Dubbelvla, vlaflip",2.29,2.29,,,,,1 l,prijs per liter €2.29,False,,,,,C,True,AH,https://www.ah.nl/producten/product/wi1502,2026-08-04,Campina Dubbelvla chocolade vanille smaak,zuivel-eieren
183173,752381,AH Opschuimmelk,AH,zuivel-eieren,"Zuivel, eieren",Houdbare melk,1.99,1.99,,,,,1 l,prijs per liter €1.99,False,,,,,C,True,AH,https://www.ah.nl/producten/product/wi183173,2026-08-04,AH Opschuimmelk,zuivel-eieren
509632,721232,AH Kookzuivel,AH,zuivel-eieren,"Zuivel, eieren",Kookroom,0.99,0.99,,,,,250 ml,prijs per liter €3.96,False,,,,,D,True,AH,https://www.ah.nl/producten/product/wi509632,2026-08-04,AH Kookzuivel,zuivel-eieren
587372,0,Campina Magere yoghurt 1L 3-pack,Campina,zuivel-eieren,"Zuivel, eieren",Magere yoghurt,4.82,5.07,5.0,5% volume voordeel,,,3 stuks,,True,AHOO,5% volume voordeel,2026-08-04,2999-12-31,,True,AH,https://www.ah.nl/producten/product/wi587372,2026-08-04,Campina Magere yoghurt 1L 3-pack,zuivel-eieren
608503,0,Optimel Drinkyoghurt aardbei-kers 2-pack,Optimel,zuivel-eieren,"Zuivel, eieren","Drinkyoghurt, ontbijtdranken",3.78,3.98,5.0,5% volume voordeel,,,2 stuks,,True,AHOO,5% volume voordeel,2026-08-04,2999-12-31,,True,AH,https://www.ah.nl/producten/product/wi608503,2026-08-04,Optimel Drinkyoghurt aardbei-kers 2-pack,zuivel-eieren
625823,0,Blue Band Halvarine palmolievrij voordeelpak 4pack,Blue Band,zuivel-eieren,"Zuivel, eieren",Halvarine,7.88,8.76,10.0,10% volume voordeel,,,4 stuks,,True,AHOO,10% volume voordeel,2026-08-04,2999-12-31,,True,AH,https://www.ah.nl/producten/product/wi625823,2026-08-04,Blue Band Halvarine palmolievrij voordeelpak 4pack,zuivel-eieren
608089,64917,Snickers Karamel pinda ice bar,Snickers,zuivel-eieren,Diepvries,Room handijs,4.39,4.39,,,,,5 stuks,,False,,,,,E,True,AH,https://www.ah.nl/producten/product/wi608089,2026-08-04,Snickers Karamel pinda ice bar,zuivel-eieren
614410,0,Snickers Karamel pinda ice bar 2-pack,Snickers,zuivel-eieren,Diepvries,Room handijs,7.9,8.78,10.0,10% volume voordeel,,,2 stuks,,True,AHOO,10% volume voordeel,2026-08-04,2999-12-31,,True,AH,https://www.ah.nl/producten/product/wi614410,2026-08-04,Snickers Karamel pinda ice bar 2-pack,zuivel-eieren
130184,590142,AH Volle kwark,AH,zuivel-eieren,"Zuivel, eieren",Volle kwark,1.79,1.79,,,,,500 g,prijs per kg €3.58,False,,,,,C,True,AH,https://www.ah.nl/producten/product/wi130184,2026-08-04,AH Volle kwark,zuivel-eieren
194067,751585,AH Drinkyoghurt banaan kiwismaak,AH,zuivel-eieren,"Zuivel, eieren","Drinkyoghurt, ontbijtdranken",1.39,1.39,,,,,1 l,prijs per liter €1.39,False,,,,,B,True,AH,https://www.ah.nl/producten/product/wi194067,2026-08-04,AH Drinkyoghurt banaan kiwismaak,zuivel-eieren
195879,600590,De Zaanse Hoeve Rijstdessert vanille,De Zaanse Hoeve,zuivel-eieren,"Zuivel, eieren",Pap,0.79,0.79,,,,,200 g,prijs per kg €3.95,False,,,,,C,True,AH,https://www.ah.nl/producten/product/wi195879,2026-08-04,De Zaanse Hoeve Rijstdessert vanille,zuivel-eieren
127231,581905,AH Biologisch Eieren S M L,AH Biologisch,zuivel-eieren,"Zuivel, eieren",Vrije uitloop eieren,2.79,2.79,,,,,6 stuks,,False,,,,,A,True,AH,https://www.ah.nl/producten/product/wi127231,2026-08-04,AH Biologisch Eieren S M L,zuivel-eieren
537094,57850,Kalverliefde Biologische halfvolle melk,Kalverliefde,zuivel-eieren,"Zuivel, eieren",Halfvolle melk,2.39,2.39,,,,,1 l,prijs per liter €2.39,False,,,,,B,True,AH,https://www.ah.nl/producten/product/wi537094,2026-08-04,Kalverliefde Biologische halfvolle melk,zuivel-eieren
567552,0,AH Biologisch Eieren S M L 3-pack,AH Biologisch,zuivel-eieren,"Zuivel, eieren",Vrije uitloop eieren,27.0,27.84,3.0,3% volume voordeel,,,3 stuks,,True,AHOO,3% volume voordeel,2026-08-04,2999-12-31,,True,AH,https://www.ah.nl/producten/product/wi567552,2026-08-04,AH Biologisch Eieren S M L 3-pack,zuivel-eieren
617992,0,AH Biologisch Eieren S M L 4-pack,AH Biologisch,zuivel-eieren,"Zuivel, eieren",Vrije uitloop eieren,10.6,11.16,5.0,5% volume voordeel,,,4 stuks,,True,AHOO,5% volume voordeel,2026-08-04,2999-12-31,,True,AH,https://www.ah.nl/producten/product/wi617992,2026-08-04,AH Biologisch Eieren S M L 4-pack,zuivel-eieren
587370,0,Campina Magere kwark naturel 1kg 2-pack,Campina,zuivel-eieren,"Zuivel, eieren",Magere kwark,6.63,6.98,5.0,5% volume voordeel,,,2 stuks,,True,AHOO,5% volume voordeel,2026-08-04,2999-12-31,,True,AH,https://www.ah.nl/producten/product/wi587370,2026-08-04,Campina Magere kwark naturel 1kg 2-pack,zuivel-eieren
33658,13822,AH Verse scharreleieren S M,AH,zuivel-eieren,"Zuivel, eieren",Scharreleieren,3.99,3.99,,,,,10 stuks,,False,,,,,A,True,AH,https://www.ah.nl/producten/product/wi33658,2026-08-04,AH Verse scharreleieren S M,zuivel-eieren
387974,845354,Campina Magere milde kwark met vleugje vanille,Campina,zuivel-eieren,"Zuivel, eieren",Kwark met smaak,1.99,1.99,,,,,500 g,prijs per kg €3.98,False,,,,,A,True,AH,https://www.ah.nl/producten/product/wi387974,2026-08-04,Campina Magere milde kwark met vleugje vanille,zuivel-eieren
567393,0,AH Verse scharreleieren S M 3-pack,AH,zuivel-eieren,"Zuivel, eieren",Scharreleieren,11.37,11.97,5.0,5% volume voordeel,,,3 stuks,,True,AHOO,5% volume voordeel,2026-08-04,2999-12-31,,True,AH,https://www.ah.nl/producten/product/wi567393,2026-08-04,AH Verse scharreleieren S M 3-pack,zuivel-eieren
604699,0,Arla Lactofree halfvolle yoghurt 2-pack,Arla,zuivel-eieren,"Zuivel, eieren",Lactosevrije yoghurt en kwark,4.54,4.78,5.0,5% volume voordeel,,,2 stuks,,True,AHOO,5% volume voordeel,2026-08-04,2999-12-31,,True,AH,https://www.ah.nl/producten/product/wi604699,2026-08-04,Arla Lactofree halfvolle yoghurt 2-pack,zuivel-eieren
130270,591181,AH Houdbare halfvolle melk 6-pack,AH,zuivel-eieren,"Zuivel, eieren",Melk drinkpakjes,1.35,1.35,,,,,6 x 200 ml,prijs per liter €1.13,False,,,,,B,True,AH,https://www.ah.nl/producten/product/wi130270,2026-08-04,AH Houdbare halfvolle melk 6-pack,zuivel-eieren
608507,0,Optimel Drinkyoghurt limoen 2-pack,Optimel,zuivel-eieren,"Zuivel, eieren","Drinkyoghurt, ontbijtdranken",3.78,3.98,5.0,5% volume voordeel,,,2 stuks,,True,AHOO,5% volume voordeel,2026-08-04,2999-12-31,,True,AH,https://www.ah.nl/producten/product/wi608507,2026-08-04,Optimel Drinkyoghurt limoen 2-pack,zuivel-eieren
474591,727484,Arla Biologisch volle melk,Arla,zuivel-eieren,"Zuivel, eieren",Volle melk,2.69,2.69,,,,,"1,5 l",prijs per liter €1.79,False,,,,,C,True,AH,https://www.ah.nl/producten/product/wi474591,2026-08-04,Arla Biologisch volle melk,zuivel-eieren
609425,0,Campina Volle yoghurt 6-pack,Campina,zuivel-eieren,"Zuivel, eieren",Volle yoghurt,10.53,11.7,10.0,10% volume voordeel,,,6 stuks,,True,AHOO,10% volume voordeel,2026-08-04,2999-12-31,,True,AH,https://www.ah.nl/producten/product/wi609425,2026-08-04,Campina Volle yoghurt 6-pack,zuivel-eieren
567029,0,Optimel Kwark Aardbei 2-pack,Optimel,zuivel-eieren,"Zuivel, eieren",Kwark met smaak,4.54,4.78,5.0,5% volume voordeel,,,2 stuks,,True,AHOO,5% volume voordeel,2026-08-04,2999-12-31,,True,AH,https://www.ah.nl/producten/product/wi567029,2026-08-04,Optimel Kwark Aardbei 2-pack,zuivel-eieren
609371,0,Arla Lactofree magere kwark 4-pack,Arla,zuivel-eieren,"Zuivel, eieren",Lactosevrije yoghurt en kwark,7.88,8.76,10.0,10% volume voordeel,,,4 stuks,,True,AHOO,10% volume voordeel,2026-08-04,2999-12-31,,True,AH,https://www.ah.nl/producten/product/wi609371,2026-08-04,Arla Lactofree magere kwark 4-pack,zuivel-eieren
475117,727865,AH Kookroom 20%,AH,zuivel-eieren,"Zuivel, eieren",Kookroom,0.99,0.99,,,,,200 ml,prijs per liter €4.95,False,,,,,D,True,AH,https://www.ah.nl/producten/product/wi475117,2026-08-04,AH Kookroom 20%,zuivel-eieren
608408,0,Chocomel Vol 3-pack,Chocomel,zuivel-eieren,"Zuivel, eieren",Chocolademelk,6.72,7.47,10.0,10% volume voordeel,,,3 stuks,,True,AHOO,10% volume voordeel,2026-08-04,2999-12-31,,True,AH,https://www.ah.nl/producten/product/wi608408,2026-08-04,Chocomel Vol 3-pack,zuivel-eieren
608441,0,Campina Dubbelvla chocolade vanille smaak 2-pack,Campina,zuivel-eieren,"Zuivel, eieren","Dubbelvla, vlaflip",4.35,4.58,5.0,5% volume voordeel,,,2 stuks,,True,AHOO,5% volume voordeel,2026-08-04,2999-12-31,,True,AH,https://www.ah.nl/producten/product/wi608441,2026-08-04,Campina Dubbelvla chocolade vanille smaak 2-pack,zuivel-eieren
187533,597746,Almhof Volle kwark spaanse sinaasappel,Almhof,zuivel-eieren,"Zuivel, eieren",Kwark met smaak,2.24,2.99,25.0,25% korting,,,500 g,normale prijs per kg €5.98,True,AH,25% korting,2026-08-03,2026-08-09,C,True,AH,https://www.ah.nl/producten/product/wi187533,2026-08-04,Almhof Volle kwark spaanse sinaasappel,zuivel-eieren
556294,75659,AH Protein mousse chocoladesmaak,AH,zuivel-eieren,"Zuivel, eieren",High Protein Mousses,1.45,1.45,,,,,200 g,prijs per kg €7.25,False,,,,,A,True,AH,https://www.ah.nl/producten/product/wi556294,2026-08-04,AH Protein mousse chocoladesmaak,zuivel-eieren
745,56775,AH Ah chantilly,AH,zuivel-eieren,Diepvries,Roomijs bekertjes,3.99,3.99,,,,,8 stuks,,False,,,,,E,True,AH,https://www.ah.nl/producten/product/wi745,2026-08-04,AH Ah chantilly,zuivel-eieren
421592,693408,Vifit Goedemorgen kiwi aardbei banaan,Vifit,zuivel-eieren,"Zuivel, eieren","Drinkyoghurt, ontbijtdranken",1.69,1.69,,,,,400 ml,prijs per liter €4.23,False,,,,,C,True,AH,https://www.ah.nl/producten/product/wi421592,2026-08-04,Vifit Goedemorgen kiwi aardbei banaan,zuivel-eieren
209828,805380,Arla Lactofree halfvolle melk,Arla,zuivel-eieren,"Zuivel, eieren",Lactosevrije melk,1.95,1.95,,,,,1 l,prijs per liter €1.95,False,,,,,B,True,AH,https://www.ah.nl/producten/product/wi209828,2026-08-04,Arla Lactofree halfvolle melk,zuivel-eieren
438678,702136,AH Yoghurt Griekse stijl,AH,zuivel-eieren,"Zuivel, eieren",Griekse yoghurt,0.79,0.79,,,,,150 g,prijs per kg €5.27,False,,,,,C,True,AH,https://www.ah.nl/producten/product/wi438678,2026-08-04,AH Yoghurt Griekse stijl,zuivel-eieren
575465,16914,Dodoni Griekse yoghurt 0% vet,Dodoni,zuivel-eieren,"Zuivel, eieren",Griekse yoghurt,4.95,4.95,,,,,1 kg,prijs per kg €4.95,False,,,,,A,True,AH,https://www.ah.nl/producten/product/wi575465,2026-08-04,Dodoni Griekse yoghurt 0% vet,zuivel-eieren
608504,0,Optimel Drinkyoghurt aardbei-kers 4-pack,Optimel,zuivel-eieren,"Zuivel, eieren","Drinkyoghurt, ontbijtdranken",7.16,7.96,10.0,10% volume voordeel,,,4 stuks,,True,AHOO,10% volume voordeel,2026-08-04,2999-12-31,,True,AH,https://www.ah.nl/producten/product/wi608504,2026-08-04,Optimel Drinkyoghurt aardbei-kers 4-pack,zuivel-eieren
407049,825249,Arla Biologisch halfvolle melk,Arla,zuivel-eieren,"Zuivel, eieren",Halfvolle melk,2.39,2.39,,,,,"1,5 l",prijs per liter €1.59,False,,,,,B,True,AH,https://www.ah.nl/producten/product/wi407049,2026-08-04,Arla Biologisch halfvolle melk,zuivel-eieren
609664,0,Arla Biologisch halfvolle melk 4-pack,Arla,zuivel-eieren,"Zuivel, eieren",Halfvolle melk,8.6,9.56,10.0,10% volume voordeel,,,4 stuks,,True,AHOO,10% volume voordeel,2026-08-04,2999-12-31,,True,AH,https://www.ah.nl/producten/product/wi609664,2026-08-04,Arla Biologisch halfvolle melk 4-pack,zuivel-eieren
171805,768178,Optimel Drinkyoghurt framboos voordeelpak,Optimel,zuivel-eieren,"Zuivel, eieren","Drinkyoghurt, ontbijtdranken",2.79,2.79,,,,,"1,5 l",prijs per liter €1.86,False,,,,,B,True,AH,https://www.ah.nl/producten/product/wi171805,2026-08-04,Optimel Drinkyoghurt framboos voordeelpak,zuivel-eieren
2455,535677,Campina Echte slagroom,Campina,zuivel-eieren,"Zuivel, eieren",Slagroom,1.99,1.99,,,,,250 g,prijs per kg €7.96,False,,,,,E,True,AH,https://www.ah.nl/producten/product/wi2455,2026-08-04,Campina Echte slagroom,zuivel-eieren
418209,689683,Natuurfarm de Boed Maïs scharreleieren M L,Natuurfarm de Boed,zuivel-eieren,"Zuivel, eieren",Scharreleieren,8.49,8.49,,,,,30 stuks,,False,,,,,A,True,AH,https://www.ah.nl/producten/product/wi418209,2026-08-04,Natuurfarm de Boed Maïs scharreleieren M L,zuivel-eieren
226519,815621,Ola Cornetto classico mini,Ola,zuivel-eieren,Diepvries,Roomijs bekertjes,3.69,3.69,,,,,6 x 60 ml,,False,,,,,E,True,AH,https://www.ah.nl/producten/product/wi226519,2026-08-04,Ola Cornetto classico mini,zuivel-eieren
614225,0,Ola Cornetto classico mini 3-pack,Ola,zuivel-eieren,Diepvries,Roomijs bekertjes,9.96,11.07,10.0,10% volume voordeel,,,3 stuks,,True,AHOO,10% volume voordeel,2026-08-04,2999-12-31,,True,AH,https://www.ah.nl/producten/product/wi614225,2026-08-04,Ola Cornetto classico mini 3-pack,zuivel-eieren
121614,548259,Danio Romige kwark stracciatella,Danio,zuivel-eieren,"Zuivel, eieren",Kwark met smaak,2.99,2.99,,,,,450 g,prijs per kg €6.64,False,,,,,C,True,AH,https://www.ah.nl/producten/product/wi121614,2026-08-04,Danio Romige kwark stracciatella,zuivel-eieren
607856,0,Danio Romige kwark stracciatella 2-pack,Danio,zuivel-eieren,"Zuivel, eieren",Kwark met smaak,5.68,5.98,5.0,5% volume voordeel,,,2 stuks,,True,AHOO,5% volume voordeel,2026-08-04,2999-12-31,,True,AH,https://www.ah.nl/producten/product/wi607856,2026-08-04,Danio Romige kwark stracciatella 2-pack,zuivel-eieren
585849,30368,"Campina High protein Greek yoghurt 1,5% fat",Campina,zuivel-eieren,"Zuivel, eieren",Griekse yoghurt,3.69,3.69,,,,,1 kg,prijs per kg €3.69,False,,,,,A,True,AH,https://www.ah.nl/producten/product/wi585849,2026-08-04,"Campina High protein Greek yoghurt 1,5% fat",zuivel-eieren
520130,748064,Arla Lactofree Griekse stijl yoghurt,Arla,zuivel-eieren,"Zuivel, eieren",Griekse yoghurt,2.19,2.19,,,,,450 g,prijs per kg €4.87,False,,,,,C,True,AH,https://www.ah.nl/producten/product/wi520130,2026-08-04,Arla Lactofree Griekse stijl yoghurt,zuivel-eieren
583323,26317,AH Lactosevrije yoghurt Griekse stijl 5%,AH,zuivel-eieren,"Zuivel, eieren",Lactosevrije yoghurt en kwark,1.99,1.99,,,,,500 g,prijs per kg €3.98,False,,,,,C,True,AH,https://www.ah.nl/producten/product/wi583323,2026-08-04,AH Lactosevrije yoghurt Griekse stijl 5%,zuivel-eieren
608442,0,Campina Dubbelvla chocolade vanille smaak 3-pack,Campina,zuivel-eieren,"Zuivel, eieren","Dubbelvla, vlaflip",6.18,6.87,10.0,10% volume voordeel,,,3 stuks,,True,AHOO,10% volume voordeel,2026-08-04,2999-12-31,,True,AH,https://www.ah.nl/producten/product/wi608442,2026-08-04,Campina Dubbelvla chocolade vanille smaak 3-pack,zuivel-eieren
609418,0,Campina Magere yoghurt 6-pack,Campina,zuivel-eieren,"Zuivel, eieren",Magere yoghurt,9.13,10.14,10.0,10% volume voordeel,,,6 stuks,,True,AHOO,10% volume voordeel,2026-08-04,2999-12-31,,True,AH,https://www.ah.nl/producten/product/wi609418,2026-08-04,Campina Magere yoghurt 6-pack,zuivel-eieren
608508,0,Optimel Drinkyoghurt limoen 4-pack,Optimel,zuivel-eieren,"Zuivel, eieren","Drinkyoghurt, ontbijtdranken",7.16,7.96,10.0,10% volume voordeel,,,4 stuks,,True,AHOO,10% volume voordeel,2026-08-04,2999-12-31,,True,AH,https://www.ah.nl/producten/product/wi608508,2026-08-04,Optimel Drinkyoghurt limoen 4-pack,zuivel-eieren
479760,733797,Natuurfarm de Boed 10 scharrel eieren S M L,Natuurfarm de Boed,zuivel-eieren,"Zuivel, eieren",Scharreleieren,3.79,3.79,,,,,10 stuks,,False,,,,,A,True,AH,https://www.ah.nl/producten/product/wi479760,2026-08-04,Natuurfarm de Boed 10 scharrel eieren S M L,zuivel-eieren
515787,735934,Arla Lactofree halfvolle melk,Arla,zuivel-eieren,"Zuivel, eieren",Lactosevrije melk,2.79,2.79,,,,,"1,5 l",prijs per liter €1.86,False,,,,,B,True,AH,https://www.ah.nl/producten/product/wi515787,2026-08-04,Arla Lactofree halfvolle melk,zuivel-eieren
608409,0,Chocomel Vol 6-pack,Chocomel,zuivel-eieren,"Zuivel, eieren",Chocolademelk,12.7,14.94,15.0,15% volume voordeel,,,6 stuks,,True,AHOO,15% volume voordeel,2026-08-04,2999-12-31,,True,AH,https://www.ah.nl/producten/product/wi608409,2026-08-04,Chocomel Vol 6-pack,zuivel-eieren
609666,0,Arla Biologisch volle melk 4-pack,Arla,zuivel-eieren,"Zuivel, eieren",Volle melk,9.68,10.76,10.0,10% volume voordeel,,,4 stuks,,True,AHOO,10% volume voordeel,2026-08-04,2999-12-31,,True,AH,https://www.ah.nl/producten/product/wi609666,2026-08-04,Arla Biologisch volle melk 4-pack,zuivel-eieren
609367,0,Arla Lactofree halfvolle yoghurt 4-pack,Arla,zuivel-eieren,"Zuivel, eieren",Lactosevrije yoghurt en kwark,8.6,9.56,10.0,10% volume voordeel,,,4 stuks,,True,AHOO,10% volume voordeel,2026-08-04,2999-12-31,,True,AH,https://www.ah.nl/producten/product/wi609367,2026-08-04,Arla Lactofree halfvolle yoghurt 4-pack,zuivel-eieren
605269,59036,"Campina High protein yoghurt Greek style 1,5%",Campina,zuivel-eieren,"Zuivel, eieren",Griekse yoghurt,2.09,2.09,,,,,450 g,prijs per kg €4.64,False,,,,,A,True,AH,https://www.ah.nl/producten/product/wi605269,2026-08-04,"Campina High protein yoghurt Greek style 1,5%",zuivel-eieren
209567,803997,Ola Cornetto classico,Ola,zuivel-eieren,Diepvries,Roomijs bekertjes,4.29,4.29,,,,, 6 x 90 ml,,False,,,,,E,True,AH,https://www.ah.nl/producten/product/wi209567,2026-08-04,Ola Cornetto classico,zuivel-eieren
575066,0,Melkunie Breaker straciatella yoghurt 6-pack,Melkunie,zuivel-eieren,"Zuivel, eieren",Yoghurt tussendoortjes,9.13,10.14,10.0,10% volume voordeel,,,per stuk,,True,AHOO,10% volume voordeel,2026-08-04,2999-12-31,,True,AH,https://www.ah.nl/producten/product/wi575066,2026-08-04,Melkunie Breaker straciatella yoghurt 6-pack,zuivel-eieren
614747,0,Arla Lactofree Griekse stijl yoghurt 3-pack,Arla,zuivel-eieren,"Zuivel, eieren",Griekse yoghurt,6.24,6.57,5.0,5% volume voordeel,,,3 stuks,,True,AHOO,5% volume voordeel,2026-08-04,2999-12-31,,True,AH,https://www.ah.nl/producten/product/wi614747,2026-08-04,Arla Lactofree Griekse stijl yoghurt 3-pack,zuivel-eieren
615092,72923, Magere Franse kwark naturel,,zuivel-eieren,"Zuivel, eieren",Magere kwark,2.49,2.49,,,,,1 kg,prijs per kg €2.49,False,,,,,A,True,AH,https://www.ah.nl/producten/product/wi615092,2026-08-04, Magere Franse kwark naturel,zuivel-eieren
167126,643265,AH Sunniez sinaasappel,AH,zuivel-eieren,Diepvries,Room handijs,2.29,2.29,,,,,9 stuks,,False,,,,,C,True,AH,https://www.ah.nl/producten/product/wi167126,2026-08-04,AH Sunniez sinaasappel,zuivel-eieren
425572,694387,AH Skyr IJslandse stijl,AH,zuivel-eieren,"Zuivel, eieren",Skyr naturel,1.59,1.59,,,,,500 g,prijs per kg €3.18,False,,,,,A,True,AH,https://www.ah.nl/producten/product/wi425572,2026-08-04,AH Skyr IJslandse stijl,zuivel-eieren
188173,624587,Magnum Mini classic almond white,Magnum,zuivel-eieren,Diepvries,Room handijs,8.99,8.99,,,,,10 stuks,,False,,,,,E,True,AH,https://www.ah.nl/producten/product/wi188173,2026-08-04,Magnum Mini classic almond white,zuivel-eieren
614251,0,Magnum Mini classic almond white 3-pk,Magnum,zuivel-eieren,Diepvries,Room handijs,24.27,26.97,10.0,10% volume voordeel,,,3 stuks,,True,AHOO,10% volume voordeel,2026-08-04,2999-12-31,,True,AH,https://www.ah.nl/producten/product/wi614251,2026-08-04,Magnum Mini classic almond white 3-pk,zuivel-eieren
608443,0,Campina Echte slagroom 2-pack,Campina,zuivel-eieren,"Zuivel, eieren",Slagroom,3.78,3.98,5.0,5% volume voordeel,,,2 stuks,,True,AHOO,5% volume voordeel,2026-08-04,2999-12-31,,True,AH,https://www.ah.nl/producten/product/wi608443,2026-08-04,Campina Echte slagroom 2-pack,zuivel-eieren
63842,512423,Almhof Roomyoghurt perzik maracuja,Almhof,zuivel-eieren,"Zuivel, eieren",Vruchten yoghurt,1.94,2.59,25.0,25% korting,,,500 g,normale prijs per kg €5.18,True,AH,25% korting,2026-08-03,2026-08-09,C,True,AH,https://www.ah.nl/producten/product/wi63842,2026-08-04,Almhof Roomyoghurt perzik maracuja,zuivel-eieren
186724,751658,Optimel Drinkyoghurt limited edition,Optimel,zuivel-eieren,"Zuivel, eieren","Drinkyoghurt, ontbijtdranken",2.29,2.29,,,,,1 l,prijs per liter €2.29,False,,,,,B,True,AH,https://www.ah.nl/producten/product/wi186724,2026-08-04,Optimel Drinkyoghurt limited edition,zuivel-eieren
168926,751668,Arla Biologisch karnemelk,Arla,zuivel-eieren,"Zuivel, eieren",Karnemelk,1.69,1.69,,,,,1 l,prijs per liter €1.69,False,,,,,B,True,AH,https://www.ah.nl/producten/product/wi168926,2026-08-04,Arla Biologisch karnemelk,zuivel-eieren
594705,0,Arla Biologisch volle melk 3-pack,Arla,zuivel-eieren,"Zuivel, eieren",Volle melk,7.67,8.07,5.0,5% volume voordeel,,,3 stuks,,True,AHOO,5% volume voordeel,2026-08-04,2999-12-31,,True,AH,https://www.ah.nl/producten/product/wi594705,2026-08-04,Arla Biologisch volle melk 3-pack,zuivel-eieren
208300,804257,Campina Halfvolle melk,Campina,zuivel-eieren,"Zuivel, eieren",Halfvolle melk,1.49,1.49,,,,,1 l,prijs per liter €1.49,False,,,,,B,True,AH,https://www.ah.nl/producten/product/wi208300,2026-08-04,Campina Halfvolle melk,zuivel-eieren
609370,0,Arla Lactofree magere kwark 3-pack,Arla,zuivel-eieren,"Zuivel, eieren",Lactosevrije yoghurt en kwark,6.24,6.57,5.0,5% volume voordeel,,,3 stuks,,True,AHOO,5% volume voordeel,2026-08-04,2999-12-31,,True,AH,https://www.ah.nl/producten/product/wi609370,2026-08-04,Arla Lactofree magere kwark 3-pack,zuivel-eieren
595155,43263,Melkunie Breaker zero peach,Melkunie,zuivel-eieren,"Zuivel, eieren",Yoghurt tussendoortjes,1.69,1.69,,,,,200 g,prijs per kg €8.45,False,,,,,B,True,AH,https://www.ah.nl/producten/product/wi595155,2026-08-04,Melkunie Breaker zero peach,zuivel-eieren
209354,804913,Zuivelhoeve Boer'n muesli aardbei,Zuivelhoeve,zuivel-eieren,"Zuivel, eieren",Yoghurt tussendoortjes,1.89,1.89,,,,,170 g,prijs per kg €11.12,False,,,,,B,True,AH,https://www.ah.nl/producten/product/wi209354,2026-08-04,Zuivelhoeve Boer'n muesli aardbei,zuivel-eieren
447720,521662,AH Chocolademelk halfvol,AH,zuivel-eieren,"Zuivel, eieren",Chocolademelk,0.85,0.85,,,,,1 l,prijs per liter €0.85,False,,,,,C,True,AH,https://www.ah.nl/producten/product/wi447720,2026-08-04,AH Chocolademelk halfvol,zuivel-eieren
608445,0,"Campina halfvolle melk 2,4L can 4-pack",Campina,zuivel-eieren,"Zuivel, eieren",Halfvolle melk,9.68,10.76,10.0,10% volume voordeel,,,4 stuks,,True,AHOO,10% volume voordeel,2026-08-04,2999-12-31,,True,AH,https://www.ah.nl/producten/product/wi608445,2026-08-04,"Campina halfvolle melk 2,4L can 4-pack",zuivel-eieren
609667,0,Arla Lactofree halfvolle melk 2-pack,Arla,zuivel-eieren,"Zuivel, eieren",Lactosevrije melk,3.7,3.9,5.0,5% volume voordeel,,,2 stuks,,True,AHOO,5% volume voordeel,2026-08-04,2999-12-31,,True,AH,https://www.ah.nl/producten/product/wi609667,2026-08-04,Arla Lactofree halfvolle melk 2-pack,zuivel-eieren
60060,521236,AH Biologisch Creme fraiche,AH Biologisch,zuivel-eieren,"Zuivel, eieren",Creme fraiche,1.49,1.49,,,,,125 ml,prijs per liter €11.92,False,,,,,D,True,AH,https://www.ah.nl/producten/product/wi60060,2026-08-04,AH Biologisch Creme fraiche,zuivel-eieren
609560,0,Optimel Drinkyoghurt limited edition 2-pack,Optimel,zuivel-eieren,"Zuivel, eieren","Drinkyoghurt, ontbijtdranken",4.35,4.58,5.0,5% volume voordeel,,,2 stuks,,True,AHOO,5% volume voordeel,2026-08-04,2999-12-31,,True,AH,https://www.ah.nl/producten/product/wi609560,2026-08-04,Optimel Drinkyoghurt limited edition 2-pack,zuivel-eieren
617976,0,AH Biologisch Creme fraiche 2-pack,AH Biologisch,zuivel-eieren,"Zuivel, eieren",Creme fraiche,2.86,2.98,4.0,4% volume voordeel,,,2 stuks,,True,AHOO,4% volume voordeel,2026-08-04,2999-12-31,,True,AH,https://www.ah.nl/producten/product/wi617976,2026-08-04,AH Biologisch Creme fraiche 2-pack,zuivel-eieren
192847,579535,Campina Zacht en luchtig framboos smaak,Campina,zuivel-eieren,"Zuivel, eieren",Fruitvla,2.49,2.49,,,,,1 l,prijs per liter €2.49,False,,,,,C,True,AH,https://www.ah.nl/producten/product/wi192847,2026-08-04,Campina Zacht en luchtig framboos smaak,zuivel-eieren
608400,0,Campina Magere milde kwark naturel 4-pack,Campina,zuivel-eieren,"Zuivel, eieren",Magere kwark,12.56,13.96,10.0,10% volume voordeel,,,4 stuks,,True,AHOO,10% volume voordeel,2026-08-04,2999-12-31,,True,AH,https://www.ah.nl/producten/product/wi608400,2026-08-04,Campina Magere milde kwark naturel 4-pack,zuivel-eieren
577719,0,AH Biologisch Creme fraiche 3-pack,AH Biologisch,zuivel-eieren,"Zuivel, eieren",Creme fraiche,4.11,4.47,8.0,8% volume voordeel,,,3 stuks,,True,AHOO,8% volume voordeel,2026-08-04,2999-12-31,,True,AH,https://www.ah.nl/producten/product/wi577719,2026-08-04,AH Biologisch Creme fraiche 3-pack,zuivel-eieren
567537,5769,Isey Skyr perzik,Isey,zuivel-eieren,"Zuivel, eieren",Skyr met smaak,1.89,1.89,,,,,140 g,prijs per kg €13.50,False,,,,,A,True,AH,https://www.ah.nl/producten/product/wi567537,2026-08-04,Isey Skyr perzik,zuivel-eieren
129668,588678,Campina Vlaflip vanille,Campina,zuivel-eieren,"Zuivel, eieren","Dubbelvla, vlaflip",2.49,2.49,,,,,1 l,prijs per liter €2.49,False,,,,,B,True,AH,https://www.ah.nl/producten/product/wi129668,2026-08-04,Campina Vlaflip vanille,zuivel-eieren
412578,856024,AH Yoghurt Griekse stijl,AH,zuivel-eieren,"Zuivel, eieren",Griekse yoghurt,2.29,2.29,,,,,600 g,prijs per kg €3.82,False,,,,,C,True,AH,https://www.ah.nl/producten/product/wi412578,2026-08-04,AH Yoghurt Griekse stijl,zuivel-eieren
604650,0,Arla Biologisch karnemelk 2-pack,Arla,zuivel-eieren,"Zuivel, eieren",Karnemelk,3.21,3.38,5.0,5% volume voordeel,,,2 stuks,,True,AHOO,5% volume voordeel,2026-08-04,2999-12-31,,True,AH,https://www.ah.nl/producten/product/wi604650,2026-08-04,Arla Biologisch karnemelk 2-pack,zuivel-eieren
163665,593350,AH Super kwarksnack aardbei,AH,zuivel-eieren,"Zuivel, eieren",Kindertoetjes,1.99,1.99,,,,,4 x 90 g,prijs per kg €5.53,False,,,,,B,True,AH,https://www.ah.nl/producten/product/wi163665,2026-08-04,AH Super kwarksnack aardbei,zuivel-eieren
609669,0,Arla Lactofree halfvolle melk 4-pack,Arla,zuivel-eieren,"Zuivel, eieren",Lactosevrije melk,7.02,7.8,10.0,10% volume voordeel,,,4 stuks,,True,AHOO,10% volume voordeel,2026-08-04,2999-12-31,,True,AH,https://www.ah.nl/producten/product/wi609669,2026-08-04,Arla Lactofree halfvolle melk 4-pack,zuivel-eieren
415705,687127,AH Kefir naturel,AH,zuivel-eieren,"Zuivel, eieren","Probiotica, kefir, gut health drinks",1.35,1.35,,,,,1 l,prijs per liter €1.35,False,,,,,B,True,AH,https://www.ah.nl/producten/product/wi415705,2026-08-04,AH Kefir naturel,zuivel-eieren
608511,0,Optimel Magere kwark aardbei 4-pack,Optimel,zuivel-eieren,"Zuivel, eieren",Kwark met smaak,8.6,9.56,10.0,10% volume voordeel,,,4 stuks,,True,AHOO,10% volume voordeel,2026-08-04,2999-12-31,,True,AH,https://www.ah.nl/producten/product/wi608511,2026-08-04,Optimel Magere kwark aardbei 4-pack,zuivel-eieren
442228,84632,Friesche Vlag Latte opschuimmelk,Friesche Vlag,zuivel-eieren,"Zuivel, eieren",Koffiemelk,2.19,2.19,,,,,1 l,prijs per liter €2.19,False,,,,,C,True,AH,https://www.ah.nl/producten/product/wi442228,2026-08-04,Friesche Vlag Latte opschuimmelk,zuivel-eieren
609558,0,Optimel Drinkyoghurt framboos voordeelpak 2-pack,Optimel,zuivel-eieren,"Zuivel, eieren","Drinkyoghurt, ontbijtdranken",5.3,5.58,5.0,5% volume voordeel,,,2 stuks,,True,AHOO,5% volume voordeel,2026-08-04,2999-12-31,,True,AH,https://www.ah.nl/producten/product/wi609558,2026-08-04,Optimel Drinkyoghurt framboos voordeelpak 2-pack,zuivel-eieren
437125,65508,Optimel Magere kwark vanille,Optimel,zuivel-eieren,"Zuivel, eieren",Kwark met smaak,2.39,2.39,,,,,500 g,prijs per kg €4.78,False,,,,,A,True,AH,https://www.ah.nl/producten/product/wi437125,2026-08-04,Optimel Magere kwark vanille,zuivel-eieren
558307,58493,AH Biologisch Grasboter makkelijk smeerbaar ongezouten,AH Biologisch,zuivel-eieren,"Zuivel, eieren",Ongezouten roomboter,3.49,3.49,,,,,250 g,prijs per kg €13.96,False,,,,,E,True,AH,https://www.ah.nl/producten/product/wi558307,2026-08-04,AH Biologisch Grasboter makkelijk smeerbaar ongezouten,zuivel-eieren
607354,63708,Becel Original voordeelpak,Becel,zuivel-eieren,"Zuivel, eieren",Margarine,3.79,3.79,,,,,550 g,prijs per kg €6.89,False,,,,,C,True,AH,https://www.ah.nl/producten/product/wi607354,2026-08-04,Becel Original voordeelpak,zuivel-eieren
625818,0,Becel Original voordeelpak 3-pack,Becel,zuivel-eieren,"Zuivel, eieren",Margarine,9.66,11.37,15.0,15% volume voordeel,,,3 stuks,,True,AHOO,15% volume voordeel,2026-08-04,2999-12-31,,True,AH,https://www.ah.nl/producten/product/wi625818,2026-08-04,Becel Original voordeelpak 3-pack,zuivel-eieren
212539,807769,Arla Biologisch milde halfvolle yoghurt,Arla,zuivel-eieren,"Zuivel, eieren",Halfvolle yoghurt,1.99,1.99,,,,,1 l,prijs per liter €1.99,False,,,,,A,True,AH,https://www.ah.nl/producten/product/wi212539,2026-08-04,Arla Biologisch milde halfvolle yoghurt,zuivel-eieren
620021,0,AH Biologisch Grasboter makkelijk smeerbaar ongezo 2pk,AH Biologisch,zuivel-eieren,"Zuivel, eieren",Ongezouten roomboter,6.77,6.98,3.0,3% volume voordeel,,,2 stuks,,True,AHOO,3% volume voordeel,2026-08-04,2999-12-31,,True,AH,https://www.ah.nl/producten/product/wi620021,2026-08-04,AH Biologisch Grasboter makkelijk smeerbaar ongezo 2pk,zuivel-eieren
620023,0,AH Biologisch Grasboter makkelijk smeerbaar ongezo 5pk,AH Biologisch,zuivel-eieren,"Zuivel, eieren",Ongezouten roomboter,15.7,17.45,10.0,10% volume voordeel,,,5 stuks,,True,AHOO,10% volume voordeel,2026-08-04,2999-12-31,,True,AH,https://www.ah.nl/producten/product/wi620023,2026-08-04,AH Biologisch Grasboter makkelijk smeerbaar ongezo 5pk,zuivel-eieren
608448,0,"Campina High protein yogh Greek style 1,5% 4pck",Campina,zuivel-eieren,"Zuivel, eieren",Griekse yoghurt,7.11,8.36,15.0,15% volume voordeel,,,4 stuks,,True,AHOO,15% volume voordeel,2026-08-04,2999-12-31,,True,AH,https://www.ah.nl/producten/product/wi608448,2026-08-04,"Campina High protein yogh Greek style 1,5% 4pck",zuivel-eieren
620022,0,AH Biologisch Grasboter makkelijk smeerbaar ongezo 3pk,AH Biologisch,zuivel-eieren,"Zuivel, eieren",Ongezouten roomboter,9.95,10.47,5.0,5% volume voordeel,,,3 stuks,,True,AHOO,5% volume voordeel,2026-08-04,2999-12-31,,True,AH,https://www.ah.nl/producten/product/wi620022,2026-08-04,AH Biologisch Grasboter makkelijk smeerbaar ongezo 3pk,zuivel-eieren
575463,16912,Dodoni Griekse yoghurt 0% vet,Dodoni,zuivel-eieren,"Zuivel, eieren",Griekse yoghurt,2.69,2.69,,,,,500 g,prijs per kg €5.38,False,,,,,A,True,AH,https://www.ah.nl/producten/product/wi575463,2026-08-04,Dodoni Griekse yoghurt 0% vet,zuivel-eieren
609675,0,Campina Magere milde kwark vanille 2-pack,Campina,zuivel-eieren,"Zuivel, eieren",Kwark met smaak,3.78,3.98,5.0,5% volume voordeel,,,2 stuks,,True,AHOO,5% volume voordeel,2026-08-04,2999-12-31,,True,AH,https://www.ah.nl/producten/product/wi609675,2026-08-04,Campina Magere milde kwark vanille 2-pack,zuivel-eieren
194068,790143,De Zaanse Hoeve Kinderkwark,De Zaanse Hoeve,zuivel-eieren,"Zuivel, eieren",Kindertoetjes,0.99,0.99,,,,,300 g,prijs per kg €3.30,False,,,,,B,True,AH,https://www.ah.nl/producten/product/wi194068,2026-08-04,De Zaanse Hoeve Kinderkwark,zuivel-eieren
469187,721113,Campina Griekse stijl yoghurt,Campina,zuivel-eieren,"Zuivel, eieren",Griekse yoghurt,3.49,3.49,,,,,1 kg,prijs per kg €3.49,False,,,,,C,True,AH,https://www.ah.nl/producten/product/wi469187,2026-08-04,Campina Griekse stijl yoghurt,zuivel-eieren
498204,805084,Campina Yoghurt Griekse stijl 2%,Campina,zuivel-eieren,"Zuivel, eieren",Griekse yoghurt,3.39,3.39,,,,,1 kg,prijs per kg €3.39,False,,,,,B,True,AH,https://www.ah.nl/producten/product/wi498204,2026-08-04,Campina Yoghurt Griekse stijl 2%,zuivel-eieren
608397,0,"Campina Hgh prot yoghurt Greek style 1,5% 2-pack",Campina,zuivel-eieren,"Zuivel, eieren",Griekse yoghurt,3.76,4.18,10.0,10% volume voordeel,,,2 stuks,,True,AHOO,10% volume voordeel,2026-08-04,2999-12-31,,True,AH,https://www.ah.nl/producten/product/wi608397,2026-08-04,"Campina Hgh prot yoghurt Greek style 1,5% 2-pack",zuivel-eieren
33664,74633,Natuurfarm de Boed Mais-scharreleieren L,Natuurfarm de Boed,zuivel-eieren,"Zuivel, eieren",Mais eieren,3.99,3.99,,,,,10 stuks,,False,,,,,A,True,AH,https://www.ah.nl/producten/product/wi33664,2026-08-04,Natuurfarm de Boed Mais-scharreleieren L,zuivel-eieren
448315,708858,AH Lactosevrije houdbare volle melk,AH,zuivel-eieren,"Zuivel, eieren",Lactosevrije melk,1.49,1.49,,,,,1 l,prijs per liter €1.49,False,,,,,C,True,AH,https://www.ah.nl/producten/product/wi448315,2026-08-04,AH Lactosevrije houdbare volle melk,zuivel-eieren
609352,0,Arla Biologisch karnemelk 4-pack,Arla,zuivel-eieren,"Zuivel, eieren",Karnemelk,6.08,6.76,10.0,10% volume voordeel,,,4 stuks,,True,AHOO,10% volume voordeel,2026-08-04,2999-12-31,,True,AH,https://www.ah.nl/producten/product/wi609352,2026-08-04,Arla Biologisch karnemelk 4-pack,zuivel-eieren
193236,795918,AH Roomboter ongezouten,AH,zuivel-eieren,"Zuivel, eieren",Ongezouten roomboter,2.59,2.59,,,,,250 g,prijs per kg €10.36,False,,,,,E,True,AH,https://www.ah.nl/producten/product/wi193236,2026-08-04,AH Roomboter ongezouten,zuivel-eieren
214654,809776,Becel Original vloeibaar voordeelfles,Becel,zuivel-eieren,"Zuivel, eieren",Bak- en braadboter,4.65,4.65,,,,,"0,75 l",prijs per liter €6.20,False,,,,,B,True,AH,https://www.ah.nl/producten/product/wi214654,2026-08-04,Becel Original vloeibaar voordeelfles,zuivel-eieren
587374,0,Campina Zacht en luchtig framboos 2-pack,Campina,zuivel-eieren,"Zuivel, eieren",Fruitvla,4.73,4.98,5.0,5% volume voordeel,,,2 stuks,,True,AHOO,5% volume voordeel,2026-08-04,2999-12-31,,True,AH,https://www.ah.nl/producten/product/wi587374,2026-08-04,Campina Zacht en luchtig framboos 2-pack,zuivel-eieren
565332,3491,Melkunie Breaker vanille yoghurt,Melkunie,zuivel-eieren,"Zuivel, eieren",Yoghurt tussendoortjes,1.59,1.59,,,,,200 g,prijs per kg €7.95,False,,,,,C,True,AH,https://www.ah.nl/producten/product/wi565332,2026-08-04,Melkunie Breaker vanille yoghurt,zuivel-eieren
609561,0,Optimel Drinkyoghurt limited edition 4-pack,Optimel,zuivel-eieren,"Zuivel, eieren","Drinkyoghurt, ontbijtdranken",8.24,9.16,10.0,10% volume voordeel,,,4 stuks,,True,AHOO,10% volume voordeel,2026-08-04,2999-12-31,,True,AH,https://www.ah.nl/producten/product/wi609561,2026-08-04,Optimel Drinkyoghurt limited edition 4-pack,zuivel-eieren
570914,11406,De Zaanse Hoeve Yoghurt Griekse stijl vanillesmaak,De Zaanse Hoeve,zuivel-eieren,"Zuivel, eieren",Griekse yoghurt,2.15,2.15,,,,,1 kg,prijs per kg €2.15,False,,,,,B,True,AH,https://www.ah.nl/producten/product/wi570914,2026-08-04,De Zaanse Hoeve Yoghurt Griekse stijl vanillesmaak,zuivel-eieren
33710,27507,AH Volle melk,AH,zuivel-eieren,"Zuivel, eieren",Volle melk,0.95,0.95,,,,,"0,5 l",prijs per liter €1.90,False,,,,,C,True,AH,https://www.ah.nl/producten/product/wi33710,2026-08-04,AH Volle melk,zuivel-eieren
594654,0,Arla Biologisch halfvolle yoghurt 2-pack,Arla,zuivel-eieren,"Zuivel, eieren",Halfvolle yoghurt,3.78,3.98,5.0,5% volume voordeel,,,2 stuks,,True,AHOO,5% volume voordeel,2026-08-04,2999-12-31,,True,AH,https://www.ah.nl/producten/product/wi594654,2026-08-04,Arla Biologisch halfvolle yoghurt 2-pack,zuivel-eieren
608462,0,Campina Vlaflip vanille 2-pack,Campina,zuivel-eieren,"Zuivel, eieren","Dubbelvla, vlaflip",4.73,4.98,5.0,5% volume voordeel,,,2 stuks,,True,AHOO,5% volume voordeel,2026-08-04,2999-12-31,,True,AH,https://www.ah.nl/producten/product/wi608462,2026-08-04,Campina Vlaflip vanille 2-pack,zuivel-eieren
134982,586044,Campina Vla vanille smaak,Campina,zuivel-eieren,"Zuivel, eieren",Vanillevla,1.99,1.99,,,,,1 l,prijs per liter €1.99,False,,,,,C,True,AH,https://www.ah.nl/producten/product/wi134982,2026-08-04,Campina Vla vanille smaak,zuivel-eieren
615683,0,Zuivelhoeve Boer'n muesli aardbei 4-pack,Zuivelhoeve,zuivel-eieren,"Zuivel, eieren",Yoghurt tussendoortjes,6.8,7.56,10.0,10% volume voordeel,,,4 stuks,,True,AHOO,10% volume voordeel,2026-08-04,2999-12-31,,True,AH,https://www.ah.nl/producten/product/wi615683,2026-08-04,Zuivelhoeve Boer'n muesli aardbei 4-pack,zuivel-eieren
593116,0,"Campina  Griekse yoghurt 1,5% 1kg 2-pack",Campina,zuivel-eieren,"Zuivel, eieren",Griekse yoghurt,7.01,7.38,5.0,5% volume voordeel,,,2 stuks,,True,AHOO,5% volume voordeel,2026-08-04,2999-12-31,,True,AH,https://www.ah.nl/producten/product/wi593116,2026-08-04,"Campina  Griekse yoghurt 1,5% 1kg 2-pack",zuivel-eieren
407975,853221,Campina Volle milde kwark,Campina,zuivel-eieren,"Zuivel, eieren",Volle kwark,2.29,2.29,,,,,500 g,prijs per kg €4.58,False,,,,,C,True,AH,https://www.ah.nl/producten/product/wi407975,2026-08-04,Campina Volle milde kwark,zuivel-eieren
609676,0,Campina Magere milde kwark vanille 4-pack,Campina,zuivel-eieren,"Zuivel, eieren",Kwark met smaak,7.16,7.96,10.0,10% volume voordeel,,,4 stuks,,True,AHOO,10% volume voordeel,2026-08-04,2999-12-31,,True,AH,https://www.ah.nl/producten/product/wi609676,2026-08-04,Campina Magere milde kwark vanille 4-pack,zuivel-eieren
67681,510031,Danio Romige kwark perzik,Danio,zuivel-eieren,"Zuivel, eieren",Kwark met smaak,2.99,2.99,,,,,450 g,prijs per kg €6.64,False,,,,,B,True,AH,https://www.ah.nl/producten/product/wi67681,2026-08-04,Danio Romige kwark perzik,zuivel-eieren
609402,0,Campina Halfvolle melk 3-pack,Campina,zuivel-eieren,"Zuivel, eieren",Halfvolle melk,4.25,4.47,5.0,5% volume voordeel,,,3 stuks,,True,AHOO,5% volume voordeel,2026-08-04,2999-12-31,,True,AH,https://www.ah.nl/producten/product/wi609402,2026-08-04,Campina Halfvolle melk 3-pack,zuivel-eieren
228639,821412,AH Yoghurt Griekse stijl 0% vet,AH,zuivel-eieren,"Zuivel, eieren",Griekse yoghurt,1.69,1.69,,,,,500 g,prijs per kg €3.38,False,,,,,A,True,AH,https://www.ah.nl/producten/product/wi228639,2026-08-04,AH Yoghurt Griekse stijl 0% vet,zuivel-eieren
476433,729760,Flower Farm Smeren zonder palmolie,Flower Farm,zuivel-eieren,"Zuivel, eieren",Margarine,3.49,3.49,,,,,375 g,prijs per kg €9.31,False,,,,,C,True,AH,https://www.ah.nl/producten/product/wi476433,2026-08-04,Flower Farm Smeren zonder palmolie,zuivel-eieren
568676,0,Melkunie Breaker vanille yoghurt 4-pack,Melkunie,zuivel-eieren,"Zuivel, eieren",Yoghurt tussendoortjes,6.04,6.36,5.0,5% volume voordeel,,,4 stuks,,True,AHOO,5% volume voordeel,2026-08-04,2999-12-31,,True,AH,https://www.ah.nl/producten/product/wi568676,2026-08-04,Melkunie Breaker vanille yoghurt 4-pack,zuivel-eieren
474626,727685,Almhof Choco met echte slagroom wit-vanille,Almhof,zuivel-eieren,"Zuivel, eieren","Chocolademousse, pudding",1.19,1.59,25.0,25% korting,,,180 g,normale prijs per kg €8.83,True,AH,25% korting,2026-08-03,2026-08-09,D,True,AH,https://www.ah.nl/producten/product/wi474626,2026-08-04,Almhof Choco met echte slagroom wit-vanille,zuivel-eieren
609668,0,Arla Lactofree halfvolle melk 2-pack,Arla,zuivel-eieren,"Zuivel, eieren",Lactosevrije melk,5.3,5.58,5.0,5% volume voordeel,,,2 stuks,,True,AHOO,5% volume voordeel,2026-08-04,2999-12-31,,True,AH,https://www.ah.nl/producten/product/wi609668,2026-08-04,Arla Lactofree halfvolle melk 2-pack,zuivel-eieren
167913,751741,Arla Biologisch vanille yoghurt halfvol,Arla,zuivel-eieren,"Zuivel, eieren",Vanille yoghurt,2.39,2.39,,,,,1 l,prijs per liter €2.39,False,,,,,B,True,AH,https://www.ah.nl/producten/product/wi167913,2026-08-04,Arla Biologisch vanille yoghurt halfvol,zuivel-eieren
209479,787936,Hertog Ijssalon mini drie chocolades,Hertog,zuivel-eieren,Diepvries,Roomijs pints,1.99,1.99,,,,,200 ml,prijs per liter €9.95,False,,,,,D,True,AH,https://www.ah.nl/producten/product/wi209479,2026-08-04,Hertog Ijssalon mini drie chocolades,zuivel-eieren
46794,100200,Friesche Vlag Halvamel,Friesche Vlag,zuivel-eieren,"Zuivel, eieren",Koffiemelk,0.79,0.79,,,,,10 x 7 ml,prijs per liter €11.29,False,,,,,E,True,AH,https://www.ah.nl/producten/product/wi46794,2026-08-04,Friesche Vlag Halvamel,zuivel-eieren
447728,521937,AH Chocolademelk zonder toegevoegde suiker,AH,zuivel-eieren,"Zuivel, eieren",Chocolademelk,0.89,0.89,,,,,1 l,prijs per liter €0.89,False,,,,,C,True,AH,https://www.ah.nl/producten/product/wi447728,2026-08-04,AH Chocolademelk zonder toegevoegde suiker,zuivel-eieren
127490,581972,AH Terra Plantaardig smeerbaar light,AH Terra,zuivel-eieren,"Zuivel, eieren",Plantaardige boter,1.79,1.79,,,,,500 g,prijs per kg €3.58,False,,,,,C,True,AH,https://www.ah.nl/producten/product/wi127490,2026-08-04,AH Terra Plantaardig smeerbaar light,zuivel-eieren
575718,0,Campina Griekse stijl yoghurt 1kg 2-pack,Campina,zuivel-eieren,"Zuivel, eieren",Griekse yoghurt,6.63,6.98,5.0,5% volume voordeel,,,2 stuks,,True,AHOO,5% volume voordeel,2026-08-04,2999-12-31,,True,AH,https://www.ah.nl/producten/product/wi575718,2026-08-04,Campina Griekse stijl yoghurt 1kg 2-pack,zuivel-eieren
514733,24400,AH Bak en braad,AH,zuivel-eieren,"Zuivel, eieren",Bak- en braadboter,2.35,2.35,,,,,"0,75 l",prijs per liter €3.13,False,,,,,B,True,AH,https://www.ah.nl/producten/product/wi514733,2026-08-04,AH Bak en braad,zuivel-eieren
609364,0,Arla Lactofree Griekse stijl yoghurt 4-pack,Arla,zuivel-eieren,"Zuivel, eieren",Griekse yoghurt,8.76,8.76,,pakket,,,4 stuks,,False,,,,,,True,AH,https://www.ah.nl/producten/product/wi609364,2026-08-04,Arla Lactofree Griekse stijl yoghurt 4-pack,zuivel-eieren
476559,729810,Isey Skyr vanille,Isey,zuivel-eieren,"Zuivel, eieren",Skyr tussendoortjes,1.89,1.89,,,,,140 g,prijs per kg €13.50,False,,,,,A,True,AH,https://www.ah.nl/producten/product/wi476559,2026-08-04,Isey Skyr vanille,zuivel-eieren
601274,0,Melkunie Breaker zero perzik 4-pack,Melkunie,zuivel-eieren,"Zuivel, eieren",Yoghurt tussendoortjes,6.42,6.76,5.0,5% volume voordeel,,,4 stuks,,True,AHOO,5% volume voordeel,2026-08-04,2999-12-31,,True,AH,https://www.ah.nl/producten/product/wi601274,2026-08-04,Melkunie Breaker zero perzik 4-pack,zuivel-eieren
609351,0,Arla Biologisch halfvolle yoghurt 4-pack,Arla,zuivel-eieren,"Zuivel, eieren",Halfvolle yoghurt,7.16,7.96,10.0,10% volume voordeel,,,4 stuks,,True,AHOO,10% volume voordeel,2026-08-04,2999-12-31,,True,AH,https://www.ah.nl/producten/product/wi609351,2026-08-04,Arla Biologisch halfvolle yoghurt 4-pack,zuivel-eieren
615239,0,Arla Biologisch vanille yoghurt halfvol 2-pck,Arla,zuivel-eieren,"Zuivel, eieren",Vanille yoghurt,4.54,4.78,5.0,5% volume voordeel,,,2 stuks,,True,AHOO,5% volume voordeel,2026-08-04,2999-12-31,,True,AH,https://www.ah.nl/producten/product/wi615239,2026-08-04,Arla Biologisch vanille yoghurt halfvol 2-pck,zuivel-eieren
607360,63714,Blue Band Vloeibaar voordeelpak,Blue Band,zuivel-eieren,"Zuivel, eieren",Bak- en braadboter,3.49,3.49,,,,,"0,7 l",prijs per liter €4.99,False,,,,,C,True,AH,https://www.ah.nl/producten/product/wi607360,2026-08-04,Blue Band Vloeibaar voordeelpak,zuivel-eieren
587377,0,Vifit Goedemorgen kiwi 400ml 3-pack,Vifit,zuivel-eieren,"Zuivel, eieren","Drinkyoghurt, ontbijtdranken",4.82,5.07,5.0,5% volume voordeel,,,3 stuks,,True,AHOO,5% volume voordeel,2026-08-04,2999-12-31,,True,AH,https://www.ah.nl/producten/product/wi587377,2026-08-04,Vifit Goedemorgen kiwi 400ml 3-pack,zuivel-eieren
609356,0,Arla Bio vanille yoghurt halfvol 4-pack,Arla,zuivel-eieren,"Zuivel, eieren",Vanille yoghurt,8.6,9.56,10.0,10% volume voordeel,,,4 stuks,,True,AHOO,10% volume voordeel,2026-08-04,2999-12-31,,True,AH,https://www.ah.nl/producten/product/wi609356,2026-08-04,Arla Bio vanille yoghurt halfvol 4-pack,zuivel-eieren
609670,0,Arla Lactofree halfvolle melk 4-pack,Arla,zuivel-eieren,"Zuivel, eieren",Lactosevrije melk,10.04,11.16,10.0,10% volume voordeel,,,4 stuks,,True,AHOO,10% volume voordeel,2026-08-04,2999-12-31,,True,AH,https://www.ah.nl/producten/product/wi609670,2026-08-04,Arla Lactofree halfvolle melk 4-pack,zuivel-eieren
575460,16908,AH Magere yoghurt perzik,AH,zuivel-eieren,"Zuivel, eieren",Vruchten yoghurt,1.45,1.45,,,,,1 l,prijs per liter €1.45,False,,,,,B,True,AH,https://www.ah.nl/producten/product/wi575460,2026-08-04,AH Magere yoghurt perzik,zuivel-eieren
575535,16930,Optimel Proteïne drinkyoghurt aardbei banaan,Optimel,zuivel-eieren,"Zuivel, eieren",High protein drinks,2.49,2.49,,,,,1 l,prijs per liter €2.49,False,,,,,C,True,AH,https://www.ah.nl/producten/product/wi575535,2026-08-04,Optimel Proteïne drinkyoghurt aardbei banaan,zuivel-eieren
515726,21137,Danoontje Knijpyoghurt banaan,Danoontje,zuivel-eieren,"Zuivel, eieren",Yoghurt tussendoortjes,0.99,0.99,,,,,70 g,prijs per kg €14.14,False,,,,,B,True,AH,https://www.ah.nl/producten/product/wi515726,2026-08-04,Danoontje Knijpyoghurt banaan,zuivel-eieren
568180,0,Danoontje Knijpyoghurt banaan 5-pack,Danoontje,zuivel-eieren,"Zuivel, eieren",Yoghurt tussendoortjes,4.7,4.95,5.0,5% volume voordeel,,,5 stuks,,True,AHOO,5% volume voordeel,2026-08-04,2999-12-31,,True,AH,https://www.ah.nl/producten/product/wi568180,2026-08-04,Danoontje Knijpyoghurt banaan 5-pack,zuivel-eieren
615682,0,Zuivelhoeve Boer'n muesli aardbei 3-pack,Zuivelhoeve,zuivel-eieren,"Zuivel, eieren",Yoghurt tussendoortjes,5.39,5.67,5.0,5% volume voordeel,,,3 stuks,,True,AHOO,5% volume voordeel,2026-08-04,2999-12-31,,True,AH,https://www.ah.nl/producten/product/wi615682,2026-08-04,Zuivelhoeve Boer'n muesli aardbei 3-pack,zuivel-eieren
68022,535015,Campina Vla slagroom vanille smaak,Campina,zuivel-eieren,"Zuivel, eieren",Vanillevla,2.49,2.49,,,,,1 l,prijs per liter €2.49,False,,,,,C,True,AH,https://www.ah.nl/producten/product/wi68022,2026-08-04,Campina Vla slagroom vanille smaak,zuivel-eieren
575464,16913,Dodoni Griekse yoghurt 0% vet,Dodoni,zuivel-eieren,"Zuivel, eieren",Griekse yoghurt,1.29,1.29,,,,,170 g,prijs per kg €7.59,False,,,,,A,True,AH,https://www.ah.nl/producten/product/wi575464,2026-08-04,Dodoni Griekse yoghurt 0% vet,zuivel-eieren
585911,30743,AH Magere kwark mager yoghurt stracciatella,AH,zuivel-eieren,"Zuivel, eieren",Kwark met smaak,1.69,1.69,,,,,500 g,prijs per kg €3.38,False,,,,,,True,AH,https://www.ah.nl/producten/product/wi585911,2026-08-04,AH Magere kwark mager yoghurt stracciatella,zuivel-eieren
609403,0,Campina Halfvolle melk 6-pack,Campina,zuivel-eieren,"Zuivel, eieren",Halfvolle melk,8.05,8.94,10.0,10% volume voordeel,,,6 stuks,,True,AHOO,10% volume voordeel,2026-08-04,2999-12-31,,True,AH,https://www.ah.nl/producten/product/wi609403,2026-08-04,Campina Halfvolle melk 6-pack,zuivel-eieren
384052,843121,Almhof Hoekje choco balls naturel yoghurt,Almhof,zuivel-eieren,"Zuivel, eieren",Luxe toetjes,1.12,1.49,25.0,25% korting,,,150 g,normale prijs per kg €9.93,True,AH,25% korting,2026-08-03,2026-08-09,C,True,AH,https://www.ah.nl/producten/product/wi384052,2026-08-04,Almhof Hoekje choco balls naturel yoghurt,zuivel-eieren
609426,0,Campina Yoghurt Griekse stijl 2% 2-pack,Campina,zuivel-eieren,"Zuivel, eieren",Griekse yoghurt,6.44,6.78,5.0,5% volume voordeel,,,2 stuks,,True,AHOO,5% volume voordeel,2026-08-04,2999-12-31,,True,AH,https://www.ah.nl/producten/product/wi609426,2026-08-04,Campina Yoghurt Griekse stijl 2% 2-pack,zuivel-eieren
550133,586238,Zuivelhoeve Boer'n yoghurt aardbei,Zuivelhoeve,zuivel-eieren,"Zuivel, eieren",Vanille yoghurt,2.99,2.99,,,,,750 g,prijs per kg €3.99,False,,,,,B,True,AH,https://www.ah.nl/producten/product/wi550133,2026-08-04,Zuivelhoeve Boer'n yoghurt aardbei,zuivel-eieren
162681,631745,Magnum Mini almond,Magnum,zuivel-eieren,Diepvries,Room handijs,5.99,5.99,,,,,6 stuks,,False,,,,,E,True,AH,https://www.ah.nl/producten/product/wi162681,2026-08-04,Magnum Mini almond,zuivel-eieren
614249,0,Magnum Mini almond 3-pack,Magnum,zuivel-eieren,Diepvries,Room handijs,16.17,17.97,10.0,10% volume voordeel,,,3 stuks,,True,AHOO,10% volume voordeel,2026-08-04,2999-12-31,,True,AH,https://www.ah.nl/producten/product/wi614249,2026-08-04,Magnum Mini almond 3-pack,zuivel-eieren
608463,0,Campina Vlaflip vanille 3-pack,Campina,zuivel-eieren,"Zuivel, eieren","Dubbelvla, vlaflip",6.72,7.47,10.0,10% volume voordeel,,,3 stuks,,True,AHOO,10% volume voordeel,2026-08-04,2999-12-31,,True,AH,https://www.ah.nl/producten/product/wi608463,2026-08-04,Campina Vlaflip vanille 3-pack,zuivel-eieren
438670,702102,AH Lactosevrije magere kwark,AH,zuivel-eieren,"Zuivel, eieren",Lactosevrije yoghurt en kwark,1.99,1.99,,,,,500 g,prijs per kg €3.98,False,,,,,A,True,AH,https://www.ah.nl/producten/product/wi438670,2026-08-04,AH Lactosevrije magere kwark,zuivel-eieren
502935,791027,"AH Kookzuivel 7,2%",AH,zuivel-eieren,"Zuivel, eieren",Kookroom,0.99,0.99,,,,,200 ml,prijs per liter €4.95,False,,,,,D,True,AH,https://www.ah.nl/producten/product/wi502935,2026-08-04,"AH Kookzuivel 7,2%",zuivel-eieren
604808,0,Melkunie Breaker zero peach 6-pack,Melkunie,zuivel-eieren,"Zuivel, eieren",Yoghurt tussendoortjes,9.13,10.14,10.0,10% volume voordeel,,,6 stuks,,True,AHOO,10% volume voordeel,2026-08-04,2999-12-31,,True,AH,https://www.ah.nl/producten/product/wi604808,2026-08-04,Melkunie Breaker zero peach 6-pack,zuivel-eieren
575712,0,Optimel magere kwark vanille 2-pack	,Optimel,zuivel-eieren,"Zuivel, eieren",Kwark met smaak,4.54,4.78,5.0,5% volume voordeel,,,2 stuks,,True,AHOO,5% volume voordeel,2026-08-04,2999-12-31,,True,AH,https://www.ah.nl/producten/product/wi575712,2026-08-04,Optimel magere kwark vanille 2-pack	,zuivel-eieren
608444,0,Campina Echte slagroom 4-pack,Campina,zuivel-eieren,"Zuivel, eieren",Slagroom,7.16,7.96,10.0,10% volume voordeel,,,4 stuks,,True,AHOO,10% volume voordeel,2026-08-04,2999-12-31,,True,AH,https://www.ah.nl/producten/product/wi608444,2026-08-04,Campina Echte slagroom 4-pack,zuivel-eieren
585938,30830,Optimel Proteine extra framboos aardbei,Optimel,zuivel-eieren,"Zuivel, eieren","Drinkyoghurt, ontbijtdranken",1.79,1.79,,,,,330 ml,prijs per liter €5.42,False,,,,,C,True,AH,https://www.ah.nl/producten/product/wi585938,2026-08-04,Optimel Proteine extra framboos aardbei,zuivel-eieren
609140,0,Optimel Proteine drinkyoghurt aardbei banaan 2pk,Optimel,zuivel-eieren,"Zuivel, eieren",High protein drinks,4.48,4.98,10.0,10% volume voordeel,,,2 stuks,,True,AHOO,10% volume voordeel,2026-08-04,2999-12-31,,True,AH,https://www.ah.nl/producten/product/wi609140,2026-08-04,Optimel Proteine drinkyoghurt aardbei banaan 2pk,zuivel-eieren
520116,678945,Isey Skyr lemon cheesecake,Isey,zuivel-eieren,"Zuivel, eieren",Skyr met smaak,1.89,1.89,,,,,170 g,prijs per kg €11.12,False,,,,,A,True,AH,https://www.ah.nl/producten/product/wi520116,2026-08-04,Isey Skyr lemon cheesecake,zuivel-eieren
447732,522102,AH Chocolademelk classic,AH,zuivel-eieren,"Zuivel, eieren",Chocolademelk,0.95,0.95,,,,,1 l,prijs per liter €0.95,False,,,,,D,True,AH,https://www.ah.nl/producten/product/wi447732,2026-08-04,AH Chocolademelk classic,zuivel-eieren
575364,16907,AH Magere yoghurt aardbei,AH,zuivel-eieren,"Zuivel, eieren",Vruchten yoghurt,1.49,1.49,,,,,1 l,prijs per liter €1.49,False,,,,,B,True,AH,https://www.ah.nl/producten/product/wi575364,2026-08-04,AH Magere yoghurt aardbei,zuivel-eieren
407970,853211,Alpro Plantaardige kwark naturel,Alpro,zuivel-eieren,"Vegetarisch, vegan en plantaardig","Plantaardige kwark, vla",2.49,2.49,,,,,400 g,prijs per kg €6.23,False,,,,,A,True,AH,https://www.ah.nl/producten/product/wi407970,2026-08-04,Alpro Plantaardige kwark naturel,zuivel-eieren
593697,0,Alpro Plantaardige kwark naturel 2-pack,Alpro,zuivel-eieren,"Vegetarisch, vegan en plantaardig","Plantaardige kwark, vla",4.73,4.98,5.0,5% volume voordeel,,,2 stuks,,True,AHOO,5% volume voordeel,2026-08-04,2999-12-31,,True,AH,https://www.ah.nl/producten/product/wi593697,2026-08-04,Alpro Plantaardige kwark naturel 2-pack,zuivel-eieren
172761,768488,Lurpak Smeerbaar ongezouten,Lurpak,zuivel-eieren,"Zuivel, eieren",Ongezouten roomboter,2.95,2.95,,,,,250 g,prijs per kg €11.80,False,,,,,D,True,AH,https://www.ah.nl/producten/product/wi172761,2026-08-04,Lurpak Smeerbaar ongezouten,zuivel-eieren
580683,0,Campina Vanille Vla 1L 3-pack,Campina,zuivel-eieren,"Zuivel, eieren",Vanillevla,5.37,5.97,10.0,10% volume voordeel,,,3 stuks,,True,AHOO,10% volume voordeel,2026-08-04,2999-12-31,,True,AH,https://www.ah.nl/producten/product/wi580683,2026-08-04,Campina Vanille Vla 1L 3-pack,zuivel-eieren
605270,59037,Campina High protein yoghurt Greek style 5%,Campina,zuivel-eieren,"Zuivel, eieren",Griekse yoghurt,2.19,2.19,,,,,450 g,prijs per kg €4.87,False,,,,,B,True,AH,https://www.ah.nl/producten/product/wi605270,2026-08-04,Campina High protein yoghurt Greek style 5%,zuivel-eieren
3017,89118,Fristi Rood fruitsmaak,Fristi,zuivel-eieren,"Zuivel, eieren","Drinkyoghurt, ontbijtdranken",2.19,2.19,,,,,1 l,prijs per liter €2.19,False,,,,,C,True,AH,https://www.ah.nl/producten/product/wi3017,2026-08-04,Fristi Rood fruitsmaak,zuivel-eieren
575462,16911,Dodoni Griekse yoghurt 5% vet,Dodoni,zuivel-eieren,"Zuivel, eieren",Griekse yoghurt,2.79,2.79,,,,,500 g,prijs per kg €5.58,False,,,,,B,True,AH,https://www.ah.nl/producten/product/wi575462,2026-08-04,Dodoni Griekse yoghurt 5% vet,zuivel-eieren
609559,0,Optimel Drinkyoghurt framboos voordeelpak 4-pack,Optimel,zuivel-eieren,"Zuivel, eieren","Drinkyoghurt, ontbijtdranken",10.04,11.16,10.0,10% volume voordeel,,,4 stuks,,True,AHOO,10% volume voordeel,2026-08-04,2999-12-31,,True,AH,https://www.ah.nl/producten/product/wi609559,2026-08-04,Optimel Drinkyoghurt framboos voordeelpak 4-pack,zuivel-eieren
608459,0,Campina Vla slagroom vanille smaak 2-pack,Campina,zuivel-eieren,"Zuivel, eieren",Vanillevla,4.73,4.98,5.0,5% volume voordeel,,,2 stuks,,True,AHOO,5% volume voordeel,2026-08-04,2999-12-31,,True,AH,https://www.ah.nl/producten/product/wi608459,2026-08-04,Campina Vla slagroom vanille smaak 2-pack,zuivel-eieren
609144,0,Optimel Proteine extra framboos aardbei 4-pack,Optimel,zuivel-eieren,"Zuivel, eieren","Drinkyoghurt, ontbijtdranken",6.44,7.16,10.0,10% volume voordeel,,,4 stuks,,True,AHOO,10% volume voordeel,2026-08-04,2999-12-31,,True,AH,https://www.ah.nl/producten/product/wi609144,2026-08-04,Optimel Proteine extra framboos aardbei 4-pack,zuivel-eieren
556289,664480,AH Protein kwark met yoghurt framboos,AH,zuivel-eieren,"Zuivel, eieren",High protein kwark tussendoortjes,1.39,1.39,,,,,200 g,prijs per kg €6.95,False,,,,,A,True,AH,https://www.ah.nl/producten/product/wi556289,2026-08-04,AH Protein kwark met yoghurt framboos,zuivel-eieren
608470,0,Campina Zacht en luchtig framboos smaak 3-pack,Campina,zuivel-eieren,"Zuivel, eieren",Fruitvla,6.72,7.47,10.0,10% volume voordeel,,,3 stuks,,True,AHOO,10% volume voordeel,2026-08-04,2999-12-31,,True,AH,https://www.ah.nl/producten/product/wi608470,2026-08-04,Campina Zacht en luchtig framboos smaak 3-pack,zuivel-eieren
515697,672920,Ben & Jerry's Chocolate fudge brownie,Ben & Jerry's,zuivel-eieren,Diepvries,Roomijs pints,2.39,2.39,,1 + 1 gratis,,1.0,100 ml,normale prijs per liter €23.90,True,AH,1 + 1 gratis,2026-08-03,2026-08-09,E,True,AH,https://www.ah.nl/producten/product/wi515697,2026-08-04,Ben & Jerry's Chocolate fudge brownie,zuivel-eieren
590452,0,Ben & Jerry's Chocolate fudge brownie 3-pack,Ben & Jerry's,zuivel-eieren,Diepvries,Roomijs pints,2.39,4.78,50.0,pakketkorting,,,3 stuks,,True,AHOO,,2026-08-04,2026-08-09,,True,AH,https://www.ah.nl/producten/product/wi590452,2026-08-04,Ben & Jerry's Chocolate fudge brownie 3-pack,zuivel-eieren
606090,60552,Optimel Drinkyoghurt vezels framboos bosbes,Optimel,zuivel-eieren,"Zuivel, eieren","Drinkyoghurt, ontbijtdranken",2.19,2.19,,,,,1 l,prijs per liter €2.19,False,,,,,B,True,AH,https://www.ah.nl/producten/product/wi606090,2026-08-04,Optimel Drinkyoghurt vezels framboos bosbes,zuivel-eieren
608461,0,Campina Vla vanille smaak 2-pack,Campina,zuivel-eieren,"Zuivel, eieren",Vanillevla,3.78,3.98,5.0,5% volume voordeel,,,2 stuks,,True,AHOO,5% volume voordeel,2026-08-04,2999-12-31,,True,AH,https://www.ah.nl/producten/product/wi608461,2026-08-04,Campina Vla vanille smaak 2-pack,zuivel-eieren
609481,0,Lurpak Smeerbaar ongezouten 2-pack,Lurpak,zuivel-eieren,"Zuivel, eieren",Ongezouten roomboter,5.6,5.9,5.0,5% volume voordeel,,,2 stuks,,True,AHOO,5% volume voordeel,2026-08-04,2999-12-31,,True,AH,https://www.ah.nl/producten/product/wi609481,2026-08-04,Lurpak Smeerbaar ongezouten 2-pack,zuivel-eieren
188379,787935,Hertog Ijssalon mini pecan karamel vanille,Hertog,zuivel-eieren,Diepvries,Roomijs pints,1.95,1.95,,,,,200 ml,prijs per liter €9.75,False,,,,,D,True,AH,https://www.ah.nl/producten/product/wi188379,2026-08-04,Hertog Ijssalon mini pecan karamel vanille,zuivel-eieren
193676,795911,Friesche Vlag Halvamel,Friesche Vlag,zuivel-eieren,"Zuivel, eieren",Koffiemelk,1.75,1.75,,,,,455 ml,prijs per liter €3.85,False,,,,,E,True,AH,https://www.ah.nl/producten/product/wi193676,2026-08-04,Friesche Vlag Halvamel,zuivel-eieren
520217,613159,Müller Mullermilk banaan smaak,Müller,zuivel-eieren,"Zuivel, eieren","Drinkyoghurt, ontbijtdranken",1.42,1.89,25.0,25% korting,,,378 ml,normale prijs per liter €5.00,True,AH,25% korting,2026-08-03,2026-08-09,D,True,AH,https://www.ah.nl/producten/product/wi520217,2026-08-04,Müller Mullermilk banaan smaak,zuivel-eieren
67683,510033,Danio Romige kwark vanille,Danio,zuivel-eieren,"Zuivel, eieren",Kwark met smaak,2.99,2.99,,,,,450 g,prijs per kg €6.64,False,,,,,B,True,AH,https://www.ah.nl/producten/product/wi67683,2026-08-04,Danio Romige kwark vanille,zuivel-eieren
595149,43255,Almhof Yoghurt mousse aardbei,Almhof,zuivel-eieren,"Zuivel, eieren",Luxe toetjes,1.34,1.79,25.0,25% korting,,,2 x 95 g,normale prijs per kg €9.42,True,AH,25% korting,2026-08-03,2026-08-09,C,True,AH,https://www.ah.nl/producten/product/wi595149,2026-08-04,Almhof Yoghurt mousse aardbei,zuivel-eieren
438174,702163,Zuivelhoeve Boer'n yoghurt vanille & muesli,Zuivelhoeve,zuivel-eieren,"Zuivel, eieren",Yoghurt tussendoortjes,1.89,1.89,,,,,170 g,prijs per kg €11.12,False,,,,,B,True,AH,https://www.ah.nl/producten/product/wi438174,2026-08-04,Zuivelhoeve Boer'n yoghurt vanille & muesli,zuivel-eieren
474966,727544,Arla Lactofree volle melk,Arla,zuivel-eieren,"Zuivel, eieren",Lactosevrije melk,1.99,1.99,,,,,1 l,prijs per liter €1.99,False,,,,,B,True,AH,https://www.ah.nl/producten/product/wi474966,2026-08-04,Arla Lactofree volle melk,zuivel-eieren
560685,77962,AH Zeezoutboter,AH,zuivel-eieren,"Zuivel, eieren",Gezouten roomboter,1.15,1.15,,,,,100 g,prijs per kg €11.50,False,,,,,E,True,AH,https://www.ah.nl/producten/product/wi560685,2026-08-04,AH Zeezoutboter,zuivel-eieren
187554,781271,Campina Oranje vla sinaasappelsmaak,Campina,zuivel-eieren,"Zuivel, eieren",Fruitvla,2.49,2.49,,,,,1 l,prijs per liter €2.49,False,,,,,C,True,AH,https://www.ah.nl/producten/product/wi187554,2026-08-04,Campina Oranje vla sinaasappelsmaak,zuivel-eieren
2466,42779,Chocomel Halfvol,Chocomel,zuivel-eieren,"Zuivel, eieren",Chocolademelk,2.69,2.69,,,,,1 l,prijs per liter €2.69,False,,,,,B,True,AH,https://www.ah.nl/producten/product/wi2466,2026-08-04,Chocomel Halfvol,zuivel-eieren
608395,0,"Campina High prot Greek yoghurt 1,5% fat 4-pack",Campina,zuivel-eieren,"Zuivel, eieren",Griekse yoghurt,12.55,14.76,15.0,15% volume voordeel,,,4 stuks,,True,AHOO,15% volume voordeel,2026-08-04,2999-12-31,,True,AH,https://www.ah.nl/producten/product/wi608395,2026-08-04,"Campina High prot Greek yoghurt 1,5% fat 4-pack",zuivel-eieren
609428,0,Campina Zacht en luchtig chocolade hzelnt 2-pack,Campina,zuivel-eieren,"Zuivel, eieren",Fruitvla,4.73,4.98,5.0,5% volume voordeel,,,2 stuks,,True,AHOO,5% volume voordeel,2026-08-04,2999-12-31,,True,AH,https://www.ah.nl/producten/product/wi609428,2026-08-04,Campina Zacht en luchtig chocolade hzelnt 2-pack,zuivel-eieren
608424,0,Optimel Protein drinkyoghurt aardbei banaan 4pck,Optimel,zuivel-eieren,"Zuivel, eieren",High protein drinks,8.47,9.96,15.0,15% volume voordeel,,,4 stuks,,True,AHOO,15% volume voordeel,2026-08-04,2999-12-31,,True,AH,https://www.ah.nl/producten/product/wi608424,2026-08-04,Optimel Protein drinkyoghurt aardbei banaan 4pck,zuivel-eieren
177476,768104,AH Magere yoghurt,AH,zuivel-eieren,"Zuivel, eieren",Magere yoghurt,1.99,1.99,,,,,"1,5 l",prijs per liter €1.33,False,,,,,A,True,AH,https://www.ah.nl/producten/product/wi177476,2026-08-04,AH Magere yoghurt,zuivel-eieren
592089,40552,AH Biologisch Kokosmelk light 6% vet,AH Biologisch,zuivel-eieren,"Zuivel, eieren",Kokosmelk,1.19,1.19,,,,,200 ml,prijs per liter €5.95,False,,,,,D,True,AH,https://www.ah.nl/producten/product/wi592089,2026-08-04,AH Biologisch Kokosmelk light 6% vet,zuivel-eieren
210993,806313,AH Karnemelk,AH,zuivel-eieren,"Zuivel, eieren",Karnemelk,1.69,1.69,,,,,"1,5 l",prijs per liter €1.13,False,,,,,B,True,AH,https://www.ah.nl/producten/product/wi210993,2026-08-04,AH Karnemelk,zuivel-eieren
556288,787083,AH Protein kwark met yoghurt perzik passie,AH,zuivel-eieren,"Zuivel, eieren",High protein kwark tussendoortjes,1.39,1.39,,,,,200 g,prijs per kg €6.95,False,,,,,A,True,AH,https://www.ah.nl/producten/product/wi556288,2026-08-04,AH Protein kwark met yoghurt perzik passie,zuivel-eieren
67828,535294,Chocomel Vol 0% suiker toegevoegd,Chocomel,zuivel-eieren,"Zuivel, eieren",Chocolademelk,2.69,2.69,,,,,1 l,prijs per liter €2.69,False,,,,,C,True,AH,https://www.ah.nl/producten/product/wi67828,2026-08-04,Chocomel Vol 0% suiker toegevoegd,zuivel-eieren
609133,0,Optimel Drinkyoghurt vezels frambos bl bes 2pck,Optimel,zuivel-eieren,"Zuivel, eieren","Drinkyoghurt, ontbijtdranken",3.94,4.38,10.0,10% volume voordeel,,,2 stuks,,True,AHOO,10% volume voordeel,2026-08-04,2999-12-31,,True,AH,https://www.ah.nl/producten/product/wi609133,2026-08-04,Optimel Drinkyoghurt vezels frambos bl bes 2pck,zuivel-eieren
621698,0,AH Biologisch Kokosmelk light 6% vet 3-pack,AH Biologisch,zuivel-eieren,"Zuivel, eieren",Kokosmelk,3.21,3.57,10.0,10% volume voordeel,,,3 stuks,,True,AHOO,10% volume voordeel,2026-08-04,2999-12-31,,True,AH,https://www.ah.nl/producten/product/wi621698,2026-08-04,AH Biologisch Kokosmelk light 6% vet 3-pack,zuivel-eieren
395069,846741,Alpro Mild & creamy kokosnoot,Alpro,zuivel-eieren,"Vegetarisch, vegan en plantaardig",Plantaardige yoghurt met smaak,2.99,2.99,,,,,750 g,prijs per kg €3.99,False,,,,,A,True,AH,https://www.ah.nl/producten/product/wi395069,2026-08-04,Alpro Mild & creamy kokosnoot,zuivel-eieren
604673,0,Alpro Mild & creamy kokosnoot 2-pack,Alpro,zuivel-eieren,"Vegetarisch, vegan en plantaardig",Plantaardige yoghurt met smaak,5.68,5.98,5.0,5% volume voordeel,,,2 stuks,,True,AHOO,5% volume voordeel,2026-08-04,2999-12-31,,True,AH,https://www.ah.nl/producten/product/wi604673,2026-08-04,Alpro Mild & creamy kokosnoot 2-pack,zuivel-eieren
609429,0,Campina Zacht en luchtig chocolade hzelnt 3-pack,Campina,zuivel-eieren,"Zuivel, eieren",Fruitvla,6.72,7.47,10.0,10% volume voordeel,,,3 stuks,,True,AHOO,10% volume voordeel,2026-08-04,2999-12-31,,True,AH,https://www.ah.nl/producten/product/wi609429,2026-08-04,Campina Zacht en luchtig chocolade hzelnt 3-pack,zuivel-eieren
609145,0,Optimel Proteine extra framboos aardbei 8-pack,Optimel,zuivel-eieren,"Zuivel, eieren","Drinkyoghurt, ontbijtdranken",12.17,14.32,15.0,15% volume voordeel,,,8 stuks,,True,AHOO,15% volume voordeel,2026-08-04,2999-12-31,,True,AH,https://www.ah.nl/producten/product/wi609145,2026-08-04,Optimel Proteine extra framboos aardbei 8-pack,zuivel-eieren
621697,0,AH Biologisch Kokosmelk light 6% vet 2-pack,AH Biologisch,zuivel-eieren,"Zuivel, eieren",Kokosmelk,2.26,2.38,5.0,5% volume voordeel,,,2 stuks,,True,AHOO,5% volume voordeel,2026-08-04,2999-12-31,,True,AH,https://www.ah.nl/producten/product/wi621697,2026-08-04,AH Biologisch Kokosmelk light 6% vet 2-pack,zuivel-eieren
224719,817794,Optimel Drinkyoghurt mango passievrucht voordeel,Optimel,zuivel-eieren,"Zuivel, eieren","Drinkyoghurt, ontbijtdranken",2.79,2.79,,,,,"1,5 l",prijs per liter €1.86,False,,,,,B,True,AH,https://www.ah.nl/producten/product/wi224719,2026-08-04,Optimel Drinkyoghurt mango passievrucht voordeel,zuivel-eieren
475136,728306,Danio Romige kwark kers,Danio,zuivel-eieren,"Zuivel, eieren",Kwark met smaak,2.99,2.99,,,,,450 g,prijs per kg €6.64,False,,,,,C,True,AH,https://www.ah.nl/producten/product/wi475136,2026-08-04,Danio Romige kwark kers,zuivel-eieren
608525,0,Vifit Goedemorgen kiwi aardbei banaan 6-pack,Vifit,zuivel-eieren,"Zuivel, eieren","Drinkyoghurt, ontbijtdranken",9.13,10.14,10.0,10% volume voordeel,,,6 stuks,,True,AHOO,10% volume voordeel,2026-08-04,2999-12-31,,True,AH,https://www.ah.nl/producten/product/wi608525,2026-08-04,Vifit Goedemorgen kiwi aardbei banaan 6-pack,zuivel-eieren
365872,832883,Starbucks Cappuccino ijskoffie,Starbucks,zuivel-eieren,"Koffie, thee",IJskoffie,1.99,1.99,,,,,220 ml,prijs per liter €9.05,False,,,,,D,True,AH,https://www.ah.nl/producten/product/wi365872,2026-08-04,Starbucks Cappuccino ijskoffie,zuivel-eieren
608398,0,Campina hgh prot yoghurt Greek style 5% 2-pack,Campina,zuivel-eieren,"Zuivel, eieren",Griekse yoghurt,3.94,4.38,10.0,10% volume voordeel,,,2 stuks,,True,AHOO,10% volume voordeel,2026-08-04,2999-12-31,,True,AH,https://www.ah.nl/producten/product/wi608398,2026-08-04,Campina hgh prot yoghurt Greek style 5% 2-pack,zuivel-eieren
33721,807696,Almhof Volle kwark vanille,Almhof,zuivel-eieren,"Zuivel, eieren",Kwark met smaak,2.24,2.99,25.0,25% korting,,,500 g,normale prijs per kg €5.98,True,AH,25% korting,2026-08-03,2026-08-09,C,True,AH,https://www.ah.nl/producten/product/wi33721,2026-08-04,Almhof Volle kwark vanille,zuivel-eieren
419846,691540,Arla Biologisch volle yoghurt,Arla,zuivel-eieren,"Zuivel, eieren",Volle yoghurt,1.99,1.99,,,,,1 l,prijs per liter €1.99,False,,,,,B,True,AH,https://www.ah.nl/producten/product/wi419846,2026-08-04,Arla Biologisch volle yoghurt,zuivel-eieren
609132,0,"Campina High protein yogh Greek style 1,5% 4pack",Campina,zuivel-eieren,"Zuivel, eieren",Griekse yoghurt,7.45,8.76,15.0,15% volume voordeel,,,4 stuks,,True,AHOO,15% volume voordeel,2026-08-04,2999-12-31,,True,AH,https://www.ah.nl/producten/product/wi609132,2026-08-04,"Campina High protein yogh Greek style 1,5% 4pack",zuivel-eieren
3834,1849,"Blue Band Voor koken, bakken en braden",Blue Band,zuivel-eieren,"Zuivel, eieren",Bak- en braadboter,1.99,1.99,,,,,250 g,prijs per kg €7.96,False,,,,,E,True,AH,https://www.ah.nl/producten/product/wi3834,2026-08-04,"Blue Band Voor koken, bakken en braden",zuivel-eieren
63843,512424,Almhof Roomyoghurt aardbei,Almhof,zuivel-eieren,"Zuivel, eieren",Vruchten yoghurt,1.94,2.59,25.0,25% korting,,,500 g,normale prijs per kg €5.18,True,AH,25% korting,2026-08-03,2026-08-09,C,True,AH,https://www.ah.nl/producten/product/wi63843,2026-08-04,Almhof Roomyoghurt aardbei,zuivel-eieren
419859,691592,Pur Natur Biologische yoghurt,Pur Natur,zuivel-eieren,"Zuivel, eieren",Volle yoghurt,3.69,3.69,,,,,1 kg,prijs per kg €3.69,False,,,,,B,True,AH,https://www.ah.nl/producten/product/wi419859,2026-08-04,Pur Natur Biologische yoghurt,zuivel-eieren
575470,16919,Isey Skyr framboos-granaatappel,Isey,zuivel-eieren,"Zuivel, eieren",Skyr met smaak,1.89,1.89,,,,,140 g,prijs per kg €13.50,False,,,,,A,True,AH,https://www.ah.nl/producten/product/wi575470,2026-08-04,Isey Skyr framboos-granaatappel,zuivel-eieren
575466,16915,Dodoni Griekse yoghurt 5% vet,Dodoni,zuivel-eieren,"Zuivel, eieren",Griekse yoghurt,1.49,1.49,,,,,170 g,prijs per kg €8.76,False,,,,,B,True,AH,https://www.ah.nl/producten/product/wi575466,2026-08-04,Dodoni Griekse yoghurt 5% vet,zuivel-eieren
419867,691610,Almhof Volle kwark aardbei,Almhof,zuivel-eieren,"Zuivel, eieren",Kwark met smaak,2.24,2.99,25.0,25% korting,,,500 g,normale prijs per kg €5.98,True,AH,25% korting,2026-08-03,2026-08-09,C,True,AH,https://www.ah.nl/producten/product/wi419867,2026-08-04,Almhof Volle kwark aardbei,zuivel-eieren
448363,542670,Arla Skyr aardbei yoghurt 0% vet,Arla,zuivel-eieren,"Zuivel, eieren",Skyr met smaak,2.19,2.19,,,,,450 g,prijs per kg €4.87,False,,,,,A,True,AH,https://www.ah.nl/producten/product/wi448363,2026-08-04,Arla Skyr aardbei yoghurt 0% vet,zuivel-eieren
518443,699387,Alpro Mild & creamy naturel,Alpro,zuivel-eieren,"Vegetarisch, vegan en plantaardig",Plantaardige yoghurt naturel,2.89,2.89,,,,,755 g,prijs per kg €3.83,False,,,,,A,True,AH,https://www.ah.nl/producten/product/wi518443,2026-08-04,Alpro Mild & creamy naturel,zuivel-eieren
604674,0,Alpro Mild & creamy naturel 2-pack,Alpro,zuivel-eieren,"Vegetarisch, vegan en plantaardig",Plantaardige yoghurt naturel,5.49,5.78,5.0,5% volume voordeel,,,2 stuks,,True,AHOO,5% volume voordeel,2026-08-04,2999-12-31,,True,AH,https://www.ah.nl/producten/product/wi604674,2026-08-04,Alpro Mild & creamy naturel 2-pack,zuivel-eieren
575714,0,Friesche Vlag Latte 1L 3-pack,Friesche Vlag,zuivel-eieren,"Zuivel, eieren",Koffiemelk,6.24,6.57,5.0,5% volume voordeel,,,3 stuks,,True,AHOO,5% volume voordeel,2026-08-04,2999-12-31,,True,AH,https://www.ah.nl/producten/product/wi575714,2026-08-04,Friesche Vlag Latte 1L 3-pack,zuivel-eieren
615691,0,Zuivelhoeve Boer'n yoghurt vanille & muesli 4-pack,Zuivelhoeve,zuivel-eieren,"Zuivel, eieren",Yoghurt tussendoortjes,6.8,7.56,10.0,10% volume voordeel,,,4 stuks,,True,AHOO,10% volume voordeel,2026-08-04,2999-12-31,,True,AH,https://www.ah.nl/producten/product/wi615691,2026-08-04,Zuivelhoeve Boer'n yoghurt vanille & muesli 4-pack,zuivel-eieren
173998,768581,Blije Kip eieren Biologische eieren,Blije Kip eieren,zuivel-eieren,"Zuivel, eieren",Vrije uitloop eieren,3.99,3.99,,,,,6 stuks,,False,,,,,A,True,AH,https://www.ah.nl/producten/product/wi173998,2026-08-04,Blije Kip eieren Biologische eieren,zuivel-eieren
498199,804881,HiPRO Protein drink aardbei framboos,HiPRO,zuivel-eieren,"Zuivel, eieren",High protein drinks,2.39,2.39,,,,,300 ml,prijs per liter €7.97,False,,,,,A,True,AH,https://www.ah.nl/producten/product/wi498199,2026-08-04,HiPRO Protein drink aardbei framboos,zuivel-eieren
548940,0,HiPRO Protein drink framboos aardbei 5-pack,HiPRO,zuivel-eieren,"Zuivel, eieren",High protein drinks,11.35,11.95,5.0,5% volume voordeel,,,5 stuks,,True,AHOO,5% volume voordeel,2026-08-04,2999-12-31,,True,AH,https://www.ah.nl/producten/product/wi548940,2026-08-04,HiPRO Protein drink framboos aardbei 5-pack,zuivel-eieren
220748,815559,Alpro Amandeldrink geroosterd zonder suikers,Alpro,zuivel-eieren,"Vegetarisch, vegan en plantaardig","Amandel, cashewdrink",3.19,3.19,,,,,1 l,prijs per liter €3.19,False,,,,,B,True,AH,https://www.ah.nl/producten/product/wi220748,2026-08-04,Alpro Amandeldrink geroosterd zonder suikers,zuivel-eieren
564600,0,Alpro Amandeldrink zonder suikers 4-pack,Alpro,zuivel-eieren,"Vegetarisch, vegan en plantaardig","Amandel, cashewdrink",12.12,12.76,5.0,5% volume voordeel,,,4 stuks,,True,AHOO,5% volume voordeel,2026-08-04,2999-12-31,,True,AH,https://www.ah.nl/producten/product/wi564600,2026-08-04,Alpro Amandeldrink zonder suikers 4-pack,zuivel-eieren
608404,0,Chocomel Halfvol 3-pack,Chocomel,zuivel-eieren,"Zuivel, eieren",Chocolademelk,7.26,8.07,10.0,10% volume voordeel,,,3 stuks,,True,AHOO,10% volume voordeel,2026-08-04,2999-12-31,,True,AH,https://www.ah.nl/producten/product/wi608404,2026-08-04,Chocomel Halfvol 3-pack,zuivel-eieren
161001,622771,Blije Kip eieren Vrije uitloop buitenei,Blije Kip eieren,zuivel-eieren,"Zuivel, eieren",Vrije uitloop eieren,4.79,4.79,,,,,10 stuks,,False,,,,,A,True,AH,https://www.ah.nl/producten/product/wi161001,2026-08-04,Blije Kip eieren Vrije uitloop buitenei,zuivel-eieren
609482,0,Lurpak Smeerbaar ongezouten 4-pack,Lurpak,zuivel-eieren,"Zuivel, eieren",Ongezouten roomboter,10.62,11.8,10.0,10% volume voordeel,,,4 stuks,,True,AHOO,10% volume voordeel,2026-08-04,2999-12-31,,True,AH,https://www.ah.nl/producten/product/wi609482,2026-08-04,Lurpak Smeerbaar ongezouten 4-pack,zuivel-eieren
609423,0,Campina Volle milde kwark 4-pack,Campina,zuivel-eieren,"Zuivel, eieren",Volle kwark,8.24,9.16,10.0,10% volume voordeel,,,4 stuks,,True,AHOO,10% volume voordeel,2026-08-04,2999-12-31,,True,AH,https://www.ah.nl/producten/product/wi609423,2026-08-04,Campina Volle milde kwark 4-pack,zuivel-eieren
608460,0,Campina Vla slagroom vanille smaak 3-pack,Campina,zuivel-eieren,"Zuivel, eieren",Vanillevla,6.72,7.47,10.0,10% volume voordeel,,,3 stuks,,True,AHOO,10% volume voordeel,2026-08-04,2999-12-31,,True,AH,https://www.ah.nl/producten/product/wi608460,2026-08-04,Campina Vla slagroom vanille smaak 3-pack,zuivel-eieren
609357,0,Arla Biologisch volle yoghurt 2-pack,Arla,zuivel-eieren,"Zuivel, eieren",Volle yoghurt,3.78,3.98,5.0,5% volume voordeel,,,2 stuks,,True,AHOO,5% volume voordeel,2026-08-04,2999-12-31,,True,AH,https://www.ah.nl/producten/product/wi609357,2026-08-04,Arla Biologisch volle yoghurt 2-pack,zuivel-eieren
112217,564193,Optimel Magere vla vanille,Optimel,zuivel-eieren,"Zuivel, eieren",Vanillevla,2.49,2.49,,,,,1 l,prijs per liter €2.49,False,,,,,A,True,AH,https://www.ah.nl/producten/product/wi112217,2026-08-04,Optimel Magere vla vanille,zuivel-eieren
609358,0,Arla Biologisch volle yoghurt 4-pack,Arla,zuivel-eieren,"Zuivel, eieren",Volle yoghurt,7.16,7.96,10.0,10% volume voordeel,,,4 stuks,,True,AHOO,10% volume voordeel,2026-08-04,2999-12-31,,True,AH,https://www.ah.nl/producten/product/wi609358,2026-08-04,Arla Biologisch volle yoghurt 4-pack,zuivel-eieren
608487,0,Friesche Vlag Latte opschuimmelk 5-pack,Friesche Vlag,zuivel-eieren,"Zuivel, eieren",Koffiemelk,9.85,10.95,10.0,10% volume voordeel,,,5 stuks,,True,AHOO,10% volume voordeel,2026-08-04,2999-12-31,,True,AH,https://www.ah.nl/producten/product/wi608487,2026-08-04,Friesche Vlag Latte opschuimmelk 5-pack,zuivel-eieren
609427,0,Campina Yoghurt Griekse stijl 2% 4-pack,Campina,zuivel-eieren,"Zuivel, eieren",Griekse yoghurt,12.2,13.56,10.0,10% volume voordeel,,,4 stuks,,True,AHOO,10% volume voordeel,2026-08-04,2999-12-31,,True,AH,https://www.ah.nl/producten/product/wi609427,2026-08-04,Campina Yoghurt Griekse stijl 2% 4-pack,zuivel-eieren
216246,809755,Melkunie Breaker perzik yoghurt zonnebloempitten,Melkunie,zuivel-eieren,"Zuivel, eieren",Yoghurt tussendoortjes,1.59,1.59,,,,,200 g,prijs per kg €7.95,False,,,,,C,True,AH,https://www.ah.nl/producten/product/wi216246,2026-08-04,Melkunie Breaker perzik yoghurt zonnebloempitten,zuivel-eieren
509606,741297,Isey Skyr aardbei witte chocolade,Isey,zuivel-eieren,"Zuivel, eieren",Skyr naturel,2.99,2.99,,,,,400 g,prijs per kg €7.48,False,,,,,A,True,AH,https://www.ah.nl/producten/product/wi509606,2026-08-04,Isey Skyr aardbei witte chocolade,zuivel-eieren
609579,0,Starbucks Cappuccino ijskoffie 6-pack,Starbucks,zuivel-eieren,"Koffie, thee",IJskoffie,10.75,11.94,10.0,10% volume voordeel,,,6 stuks,,True,AHOO,10% volume voordeel,2026-08-04,2999-12-31,,True,AH,https://www.ah.nl/producten/product/wi609579,2026-08-04,Starbucks Cappuccino ijskoffie 6-pack,zuivel-eieren
614753,0,Isey Skyr aardbei witte chocolade 3-pack,Isey,zuivel-eieren,"Zuivel, eieren",Skyr naturel,7.18,8.97,20.0,20% volume voordeel,,,3 stuks,,True,AHOO,20% volume voordeel,2026-08-04,2999-12-31,,True,AH,https://www.ah.nl/producten/product/wi614753,2026-08-04,Isey Skyr aardbei witte chocolade 3-pack,zuivel-eieren
580335,0,Chocomel 0% suiker 1L 3-pack,Chocomel,zuivel-eieren,"Zuivel, eieren",Chocolademelk,7.26,8.07,10.0,10% volume voordeel,,,3 stuks,,True,AHOO,10% volume voordeel,2026-08-04,2999-12-31,,True,AH,https://www.ah.nl/producten/product/wi580335,2026-08-04,Chocomel 0% suiker 1L 3-pack,zuivel-eieren
449942,565252,AH Biologisch Kokosmelk,AH Biologisch,zuivel-eieren,"Zuivel, eieren",Kokosmelk,1.69,1.69,,,,,200 ml,prijs per liter €8.45,False,,,,,D,True,AH,https://www.ah.nl/producten/product/wi449942,2026-08-04,AH Biologisch Kokosmelk,zuivel-eieren
578588,0,AH Biologisch Kokosmelk 3-pack,AH Biologisch,zuivel-eieren,"Zuivel, eieren",Kokosmelk,4.56,5.07,10.0,10% volume voordeel,,,3 stuks,,True,AHOO,10% volume voordeel,2026-08-04,2999-12-31,,True,AH,https://www.ah.nl/producten/product/wi578588,2026-08-04,AH Biologisch Kokosmelk 3-pack,zuivel-eieren
216367,805902,AH Rondeel eieren M L,AH,zuivel-eieren,"Zuivel, eieren",Rondeeleieren,4.29,4.29,,,,,10 stuks,,False,,,,,A,True,AH,https://www.ah.nl/producten/product/wi216367,2026-08-04,AH Rondeel eieren M L,zuivel-eieren
429644,697273,Magnum Classic,Magnum,zuivel-eieren,Diepvries,Room handijs,6.99,6.99,,,,,6 stuks,,False,,,,,E,True,AH,https://www.ah.nl/producten/product/wi429644,2026-08-04,Magnum Classic,zuivel-eieren
614244,0,Magnum Classic 3-pck,Magnum,zuivel-eieren,Diepvries,Room handijs,18.87,20.97,10.0,10% volume voordeel,,,3 stuks,,True,AHOO,10% volume voordeel,2026-08-04,2999-12-31,,True,AH,https://www.ah.nl/producten/product/wi614244,2026-08-04,Magnum Classic 3-pck,zuivel-eieren
575715,0,Friesche Vlag Halvamel 3-pack,Friesche Vlag,zuivel-eieren,"Zuivel, eieren",Koffiemelk,4.99,5.25,5.0,5% volume voordeel,,,3 stuks,,True,AHOO,5% volume voordeel,2026-08-04,2999-12-31,,True,AH,https://www.ah.nl/producten/product/wi575715,2026-08-04,Friesche Vlag Halvamel 3-pack,zuivel-eieren
195024,798462,Starbucks Caramel macchiato ijskoffie,Starbucks,zuivel-eieren,"Koffie, thee",IJskoffie,1.99,1.99,,,,,220 ml,prijs per liter €9.05,False,,,,,C,True,AH,https://www.ah.nl/producten/product/wi195024,2026-08-04,Starbucks Caramel macchiato ijskoffie,zuivel-eieren
192596,794068,Magnum Mini classic,Magnum,zuivel-eieren,Diepvries,Room handijs,5.99,5.99,,,,,6 stuks,,False,,,,,E,True,AH,https://www.ah.nl/producten/product/wi192596,2026-08-04,Magnum Mini classic,zuivel-eieren
614250,0,Magnum Mini classic 3-pack,Magnum,zuivel-eieren,Diepvries,Room handijs,16.17,17.97,10.0,10% volume voordeel,,,3 stuks,,True,AHOO,10% volume voordeel,2026-08-04,2999-12-31,,True,AH,https://www.ah.nl/producten/product/wi614250,2026-08-04,Magnum Mini classic 3-pack,zuivel-eieren
163522,633220,Ola Split,Ola,zuivel-eieren,Diepvries,Room handijs,5.49,5.49,,,,,9 stuks,,False,,,,,C,True,AH,https://www.ah.nl/producten/product/wi163522,2026-08-04,Ola Split,zuivel-eieren
614232,0,Ola Split 3-pack,Ola,zuivel-eieren,Diepvries,Room handijs,14.82,16.47,10.0,10% volume voordeel,,,3 stuks,,True,AHOO,10% volume voordeel,2026-08-04,2999-12-31,,True,AH,https://www.ah.nl/producten/product/wi614232,2026-08-04,Ola Split 3-pack,zuivel-eieren
46745,99373,AH Creme fraiche 30% vet,AH,zuivel-eieren,"Zuivel, eieren",Creme fraiche,1.79,1.79,,,,,200 g,prijs per kg €8.95,False,,,,,D,True,AH,https://www.ah.nl/producten/product/wi46745,2026-08-04,AH Creme fraiche 30% vet,zuivel-eieren
217306,807598,AH Kruidenboter met knoflook,AH,zuivel-eieren,"Zuivel, eieren",Kruidenboter,1.9967,2.49,19.8,3 voor 5.99,5.99,3.0,95 g,normale prijs per kg €26.21,True,AH,3 VOOR 5.99,2026-08-03,2026-08-09,E,True,AH,https://www.ah.nl/producten/product/wi217306,2026-08-04,AH Kruidenboter met knoflook,zuivel-eieren
419839,691523,AH Yoghurt Griekse stijl 10% vet,AH,zuivel-eieren,"Zuivel, eieren",Griekse yoghurt,1.99,1.99,,,,,500 g,prijs per kg €3.98,False,,,,,C,True,AH,https://www.ah.nl/producten/product/wi419839,2026-08-04,AH Yoghurt Griekse stijl 10% vet,zuivel-eieren
493100,748037,Melkunie Breaker cheesecake framboos yoghurt,Melkunie,zuivel-eieren,"Zuivel, eieren",Yoghurt tussendoortjes,1.69,1.69,,,,,200 g,prijs per kg €8.45,False,,,,,C,True,AH,https://www.ah.nl/producten/product/wi493100,2026-08-04,Melkunie Breaker cheesecake framboos yoghurt,zuivel-eieren
469258,500639,Campina Langlekker magere melk 0% vet,Campina,zuivel-eieren,"Zuivel, eieren",Houdbare melk,1.69,1.69,,,,,1 l,prijs per liter €1.69,False,,,,,B,True,AH,https://www.ah.nl/producten/product/wi469258,2026-08-04,Campina Langlekker magere melk 0% vet,zuivel-eieren
609134,0,Optimel Drinkyoghurt vezels frambos bl bes 4pck,Optimel,zuivel-eieren,"Zuivel, eieren","Drinkyoghurt, ontbijtdranken",7.45,8.76,15.0,15% volume voordeel,,,4 stuks,,True,AHOO,15% volume voordeel,2026-08-04,2999-12-31,,True,AH,https://www.ah.nl/producten/product/wi609134,2026-08-04,Optimel Drinkyoghurt vezels frambos bl bes 4pck,zuivel-eieren
609422,0,Campina Volle milde kwark 2-pack,Campina,zuivel-eieren,"Zuivel, eieren",Volle kwark,4.35,4.58,5.0,5% volume voordeel,,,2 stuks,,True,AHOO,5% volume voordeel,2026-08-04,2999-12-31,,True,AH,https://www.ah.nl/producten/product/wi609422,2026-08-04,Campina Volle milde kwark 2-pack,zuivel-eieren
609377,0,Arla Lactofree volle melk 4-pack,Arla,zuivel-eieren,"Zuivel, eieren",Lactosevrije melk,7.16,7.96,10.0,10% volume voordeel,,,4 stuks,,True,AHOO,10% volume voordeel,2026-08-04,2999-12-31,,True,AH,https://www.ah.nl/producten/product/wi609377,2026-08-04,Arla Lactofree volle melk 4-pack,zuivel-eieren
608484,0,Friesche Vlag Halvamel 5-pack7ml,Friesche Vlag,zuivel-eieren,"Zuivel, eieren",Koffiemelk,3.55,3.95,10.0,10% volume voordeel,,,5 stuks,,True,AHOO,10% volume voordeel,2026-08-04,2999-12-31,,True,AH,https://www.ah.nl/producten/product/wi608484,2026-08-04,Friesche Vlag Halvamel 5-pack7ml,zuivel-eieren
122553,575726,Croma Bakken en braden,Croma,zuivel-eieren,"Zuivel, eieren",Bak- en braadboter,1.99,1.99,,,,,250 g,prijs per kg €7.96,False,,,,,E,True,AH,https://www.ah.nl/producten/product/wi122553,2026-08-04,Croma Bakken en braden,zuivel-eieren
191621,794430,AH Biologisch Verse slagroom,AH Biologisch,zuivel-eieren,"Zuivel, eieren",Slagroom,1.49,1.49,,,,,250 ml,prijs per liter €5.96,False,,,,,D,True,AH,https://www.ah.nl/producten/product/wi191621,2026-08-04,AH Biologisch Verse slagroom,zuivel-eieren
571957,13164,Magnum Mini double caramel & billionaire,Magnum,zuivel-eieren,Diepvries,Room handijs,6.99,6.99,,,,,6 stuks,,False,,,,,E,True,AH,https://www.ah.nl/producten/product/wi571957,2026-08-04,Magnum Mini double caramel & billionaire,zuivel-eieren
614253,0,Magnum Mini double caramel & billionaire 3-pack,Magnum,zuivel-eieren,Diepvries,Room handijs,18.87,20.97,10.0,10% volume voordeel,,,3 stuks,,True,AHOO,10% volume voordeel,2026-08-04,2999-12-31,,True,AH,https://www.ah.nl/producten/product/wi614253,2026-08-04,Magnum Mini double caramel & billionaire 3-pack,zuivel-eieren
615690,0,Zuivelhoeve Boer'n yoghurt vanille & muesli 3-pack,Zuivelhoeve,zuivel-eieren,"Zuivel, eieren",Yoghurt tussendoortjes,5.39,5.67,5.0,5% volume voordeel,,,3 stuks,,True,AHOO,5% volume voordeel,2026-08-04,2999-12-31,,True,AH,https://www.ah.nl/producten/product/wi615690,2026-08-04,Zuivelhoeve Boer'n yoghurt vanille & muesli 3-pack,zuivel-eieren
429613,697206,De Zaanse Hoeve Roomboter gezouten,De Zaanse Hoeve,zuivel-eieren,"Zuivel, eieren",Gezouten roomboter,1.45,1.45,,,,,250 g,prijs per kg €5.80,False,,,,,E,True,AH,https://www.ah.nl/producten/product/wi429613,2026-08-04,De Zaanse Hoeve Roomboter gezouten,zuivel-eieren
130176,583740,Almhof Roomyoghurt Spaanse sinaasappel,Almhof,zuivel-eieren,"Zuivel, eieren",Vruchten yoghurt,1.94,2.59,25.0,25% korting,,,500 g,normale prijs per kg €5.18,True,AH,25% korting,2026-08-03,2026-08-09,C,True,AH,https://www.ah.nl/producten/product/wi130176,2026-08-04,Almhof Roomyoghurt Spaanse sinaasappel,zuivel-eieren
442938,89763,AH Biologisch Eieren S M L,AH Biologisch,zuivel-eieren,"Zuivel, eieren",Vrije uitloop eieren,1.89,1.89,,,,,4 stuks,,False,,,,,A,True,AH,https://www.ah.nl/producten/product/wi442938,2026-08-04,AH Biologisch Eieren S M L,zuivel-eieren
609383,0,Arla Skyr aardbei yoghurt 0% vet 4-pack,Arla,zuivel-eieren,"Zuivel, eieren",Skyr met smaak,7.88,8.76,10.0,10% volume voordeel,,,4 stuks,,True,AHOO,10% volume voordeel,2026-08-04,2999-12-31,,True,AH,https://www.ah.nl/producten/product/wi609383,2026-08-04,Arla Skyr aardbei yoghurt 0% vet 4-pack,zuivel-eieren
617812,0,AH Biologisch Eieren S M L 3-pack,AH Biologisch,zuivel-eieren,"Zuivel, eieren",Vrije uitloop eieren,5.5,5.67,3.0,3% volume voordeel,,,3 stuks,,True,AHOO,3% volume voordeel,2026-08-04,2999-12-31,,True,AH,https://www.ah.nl/producten/product/wi617812,2026-08-04,AH Biologisch Eieren S M L 3-pack,zuivel-eieren
48307,27551,Campina Grasboter ongezouten roomboter,Campina,zuivel-eieren,"Zuivel, eieren",Ongezouten roomboter,3.39,3.39,,,,,250 g,prijs per kg €13.56,False,,,,,E,True,AH,https://www.ah.nl/producten/product/wi48307,2026-08-04,Campina Grasboter ongezouten roomboter,zuivel-eieren
233528,821359,Den Eelder Boeren vanillevla,Den Eelder,zuivel-eieren,"Zuivel, eieren",Vanillevla,2.39,2.39,,,,,1 l,prijs per liter €2.39,False,,,,,C,True,AH,https://www.ah.nl/producten/product/wi233528,2026-08-04,Den Eelder Boeren vanillevla,zuivel-eieren
493085,748015,Almhof Choco met echte slagroom karamel,Almhof,zuivel-eieren,"Zuivel, eieren",Luxe toetjes,1.19,1.59,25.0,25% korting,,,180 g,normale prijs per kg €8.83,True,AH,25% korting,2026-08-03,2026-08-09,D,True,AH,https://www.ah.nl/producten/product/wi493085,2026-08-04,Almhof Choco met echte slagroom karamel,zuivel-eieren
67680,510027,Danio Romige kwark aardbei,Danio,zuivel-eieren,"Zuivel, eieren",Kwark met smaak,2.99,2.99,,,,,450 g,prijs per kg €6.64,False,,,,,B,True,AH,https://www.ah.nl/producten/product/wi67680,2026-08-04,Danio Romige kwark aardbei,zuivel-eieren
609578,0,Starbucks Cappuccino ijskoffie 4-pack,Starbucks,zuivel-eieren,"Koffie, thee",IJskoffie,7.56,7.96,5.0,5% volume voordeel,,,4 stuks,,True,AHOO,5% volume voordeel,2026-08-04,2999-12-31,,True,AH,https://www.ah.nl/producten/product/wi609578,2026-08-04,Starbucks Cappuccino ijskoffie 4-pack,zuivel-eieren
212584,579536,Campina Zacht & luchtig vanille smaak,Campina,zuivel-eieren,"Zuivel, eieren",Vanillevla,2.49,2.49,,,,,1 l,prijs per liter €2.49,False,,,,,C,True,AH,https://www.ah.nl/producten/product/wi212584,2026-08-04,Campina Zacht & luchtig vanille smaak,zuivel-eieren
493103,748040,Melkunie Protein chocolade shake,Melkunie,zuivel-eieren,"Zuivel, eieren",High protein drinks,1.69,1.69,,,,,250 ml,prijs per liter €6.76,False,,,,,C,True,AH,https://www.ah.nl/producten/product/wi493103,2026-08-04,Melkunie Protein chocolade shake,zuivel-eieren
617814,0,AH Biologisch Eieren S M L 4-pack,AH Biologisch,zuivel-eieren,"Zuivel, eieren",Vrije uitloop eieren,7.18,7.56,5.0,5% volume voordeel,,,4 stuks,,True,AHOO,5% volume voordeel,2026-08-04,2999-12-31,,True,AH,https://www.ah.nl/producten/product/wi617814,2026-08-04,AH Biologisch Eieren S M L 4-pack,zuivel-eieren
166359,628692,Optimel Magere kwark appel kaneel,Optimel,zuivel-eieren,"Zuivel, eieren",Kwark met smaak,2.39,2.39,,,,,500 g,prijs per kg €4.78,False,,,,,A,True,AH,https://www.ah.nl/producten/product/wi166359,2026-08-04,Optimel Magere kwark appel kaneel,zuivel-eieren
614748,0,Arla Skyr aardbei yoghurt 0% vet 3-pack,Arla,zuivel-eieren,"Zuivel, eieren",Skyr met smaak,6.24,6.57,5.0,5% volume voordeel,,,3 stuks,,True,AHOO,5% volume voordeel,2026-08-04,2999-12-31,,True,AH,https://www.ah.nl/producten/product/wi614748,2026-08-04,Arla Skyr aardbei yoghurt 0% vet 3-pack,zuivel-eieren
57425,513883,Vifit Drinkyoghurt rode vruchten,Vifit,zuivel-eieren,"Zuivel, eieren","Drinkyoghurt, ontbijtdranken",1.59,1.59,,,,,500 ml,prijs per liter €3.18,False,,,,,B,True,AH,https://www.ah.nl/producten/product/wi57425,2026-08-04,Vifit Drinkyoghurt rode vruchten,zuivel-eieren
474460,727000,Hertog Ijssalon mini koffie royaal,Hertog,zuivel-eieren,Diepvries,Roomijs pints,1.99,1.99,,,,,200 ml,prijs per liter €9.95,False,,,,,D,True,AH,https://www.ah.nl/producten/product/wi474460,2026-08-04,Hertog Ijssalon mini koffie royaal,zuivel-eieren
498202,805007,Optimel Magere kwark stracciatella,Optimel,zuivel-eieren,"Zuivel, eieren",Kwark met smaak,2.39,2.39,,,,,500 g,prijs per kg €4.78,False,,,,,A,True,AH,https://www.ah.nl/producten/product/wi498202,2026-08-04,Optimel Magere kwark stracciatella,zuivel-eieren
575713,0,Fristi 1L voordeelpakket 3-pack,Fristi,zuivel-eieren,"Zuivel, eieren","Drinkyoghurt, ontbijtdranken",6.24,6.57,5.0,5% volume voordeel,,,3 stuks,,True,AHOO,5% volume voordeel,2026-08-04,2999-12-31,,True,AH,https://www.ah.nl/producten/product/wi575713,2026-08-04,Fristi 1L voordeelpakket 3-pack,zuivel-eieren
606745,62805,Koopmans Kwarkcake appelkaneel,Koopmans,bakkerij,Bakkerij,Cakemix,2.69,2.69,,,,,400 g,prijs per kg €6.73,False,,,,,C,True,AH,https://www.ah.nl/producten/product/wi606745,2026-08-04,Koopmans Kwarkcake appelkaneel,bakkerij
606744,62803,Dr. Oetker Deco kit magic,Dr. Oetker,bakkerij,Bakkerij,Bakdecoratie,3.49,3.49,,,,,168 g,prijs per kg €20.77,False,,,,,E,True,AH,https://www.ah.nl/producten/product/wi606744,2026-08-04,Dr. Oetker Deco kit magic,bakkerij
32494,568325,AH Extra lang lekker zaans witte bol 10st,AH,bakkerij,Bakkerij,Verse bolletjes,1.99,1.99,,,,,10 stuks,,False,,,,,B,True,AH,https://www.ah.nl/producten/product/wi32494,2026-08-04,AH Extra lang lekker zaans witte bol 10st,bakkerij
523365,605868,AH Extra lang lekker tijger volkoren heel,AH,bakkerij,Bakkerij,Extra lang lekker en waldkorn volkoren,1.35,1.35,,,,,per stuk,,False,,,,,A,True,AH,https://www.ah.nl/producten/product/wi523365,2026-08-04,AH Extra lang lekker tijger volkoren heel,bakkerij
446412,707729,AH Tijger volkoren heel,AH,bakkerij,Bakkerij,Bakkersbrood volkoren,1.99,1.99,,,,,per stuk,prijs per kg €2.49,False,,,,,A,True,AH,https://www.ah.nl/producten/product/wi446412,2026-08-04,AH Tijger volkoren heel,bakkerij
596890,45277,Dr. Oetker Just for me brownie mini cake,Dr. Oetker,bakkerij,Bakkerij,Cakemix,2.29,2.29,,,,,70 g,prijs per kg €32.71,False,,,,,D,True,AH,https://www.ah.nl/producten/product/wi596890,2026-08-04,Dr. Oetker Just for me brownie mini cake,bakkerij
569994,10623,AH Kaiserbroodjes,AH,bakkerij,Bakkerij,"Afbakbroodjes wit, mix",0.55,0.55,,,,,4 stuks,,False,,,,,,True,AH,https://www.ah.nl/producten/product/wi569994,2026-08-04,AH Kaiserbroodjes,bakkerij
73,44858,AH Franse baguettes,AH,bakkerij,Bakkerij,Stokbrood en ciabatta,0.69,0.69,,,,,2 stuks,,False,,,,,C,True,AH,https://www.ah.nl/producten/product/wi73,2026-08-04,AH Franse baguettes,bakkerij
487022,742362,AH Rond volkoren heel,AH,bakkerij,Bakkerij,Bakkersbrood volkoren,1.89,1.89,,,,,per stuk,,False,,,,,A,True,AH,https://www.ah.nl/producten/product/wi487022,2026-08-04,AH Rond volkoren heel,bakkerij
112339,507869,AH Extra lang lekker tijger bruin heel,AH,bakkerij,Bakkerij,Extra lang lekker bruin,1.35,1.35,,,,,per stuk,,False,,,,,B,True,AH,https://www.ah.nl/producten/product/wi112339,2026-08-04,AH Extra lang lekker tijger bruin heel,bakkerij
582990,25958,AH Extra lang lekker Zaans volkoren heel,AH,bakkerij,Bakkerij,Extra lang lekker en waldkorn volkoren,1.89,1.89,,,,,per stuk,,False,,,,,A,True,AH,https://www.ah.nl/producten/product/wi582990,2026-08-04,AH Extra lang lekker Zaans volkoren heel,bakkerij
582991,25959,AH Extra lang lekker Zaans volkoren half,AH,bakkerij,Bakkerij,Extra lang lekker en waldkorn volkoren,0.99,0.99,,,,,per stuk,,False,,,,,A,True,AH,https://www.ah.nl/producten/product/wi582991,2026-08-04,AH Extra lang lekker Zaans volkoren half,bakkerij
439816,703397,AH Extra lang lekker zaans volkoren bol 10s,AH,bakkerij,Bakkerij,Verse bolletjes,1.99,1.99,,,,,10 stuks,,False,,,,,A,True,AH,https://www.ah.nl/producten/product/wi439816,2026-08-04,AH Extra lang lekker zaans volkoren bol 10s,bakkerij
446406,707723,AH Les pains boulogne heel,AH,bakkerij,Bakkerij,Bakkersbrood volkoren,2.39,2.39,,,,,per stuk,prijs per kg €2.99,False,,,,,A,True,AH,https://www.ah.nl/producten/product/wi446406,2026-08-04,AH Les pains boulogne heel,bakkerij
589882,36313,AH Extra lang lekker volkoren heel,AH,bakkerij,Bakkerij,Extra lang lekker en waldkorn volkoren,0.99,0.99,,,,,per stuk,,False,,,,,A,True,AH,https://www.ah.nl/producten/product/wi589882,2026-08-04,AH Extra lang lekker volkoren heel,bakkerij
446408,707725,AH Les pains triomphe heel,AH,bakkerij,Bakkerij,Bakkersbrood wit,2.39,2.39,,,,,per stuk,prijs per kg €2.99,False,,,,,A,True,AH,https://www.ah.nl/producten/product/wi446408,2026-08-04,AH Les pains triomphe heel,bakkerij
562106,393,AH Tijger tarwe maïs heel,AH,bakkerij,Bakkerij,"Meergranen, maïsbrood",1.99,1.99,,,,,per stuk,,False,,,,,B,True,AH,https://www.ah.nl/producten/product/wi562106,2026-08-04,AH Tijger tarwe maïs heel,bakkerij
1625,32307,AH Beschuit volkoren,AH,bakkerij,Bakkerij,Beschuit,0.75,0.75,,,,,140 g,prijs per kg €5.36,False,,,,,A,True,AH,https://www.ah.nl/producten/product/wi1625,2026-08-04,AH Beschuit volkoren,bakkerij
497624,802613,AH Extra lang lekker mini rozijnenbollen,AH,bakkerij,Bakkerij,Krentenbollen en mueslibollen,1.99,1.99,,,,,9 stuks,,False,,,,,D,True,AH,https://www.ah.nl/producten/product/wi497624,2026-08-04,AH Extra lang lekker mini rozijnenbollen,bakkerij
582995,25963,AH Extra lang lekker zaans witte bollen 6st,AH,bakkerij,Bakkerij,Verse bolletjes,1.59,1.59,,,,,6 stuks,,False,,,,,B,True,AH,https://www.ah.nl/producten/product/wi582995,2026-08-04,AH Extra lang lekker zaans witte bollen 6st,bakkerij
199378,567787,AH Schnittbroodjes,AH,bakkerij,Bakkerij,"Afbakbroodjes wit, mix",0.99,0.99,,,,,300 g,prijs per kg €3.30,False,,,,,C,True,AH,https://www.ah.nl/producten/product/wi199378,2026-08-04,AH Schnittbroodjes,bakkerij
596719,45656,AH Extra lang lekker waldkorn volkoren heel,AH,bakkerij,Bakkerij,Extra lang lekker en waldkorn volkoren,2.59,2.59,,,,,per stuk,,False,,,,,A,True,AH,https://www.ah.nl/producten/product/wi596719,2026-08-04,AH Extra lang lekker waldkorn volkoren heel,bakkerij
446405,707722,AH Les pains bastille heel,AH,bakkerij,Bakkerij,Bakkersbrood volkoren,1.79,2.39,25.1,voor 1.79,1.79,,per stuk,normale prijs per kg €2.99,True,AH,VOOR 1.79,2026-08-03,2026-08-09,A,True,AH,https://www.ah.nl/producten/product/wi446405,2026-08-04,AH Les pains bastille heel,bakkerij
485689,740772,AH Les pains boulogne half,AH,bakkerij,Bakkerij,Bakkersbrood volkoren,1.29,1.29,,,,,per stuk,,False,,,,,A,True,AH,https://www.ah.nl/producten/product/wi485689,2026-08-04,AH Les pains boulogne half,bakkerij
600958,51448,AH Biologisch Frans stokbrood wit,AH Biologisch,bakkerij,Bakkerij,"Afbakbroodjes wit, mix",1.39,1.39,,,,,per stuk,,False,,,,,C,True,AH,https://www.ah.nl/producten/product/wi600958,2026-08-04,AH Biologisch Frans stokbrood wit,bakkerij
523355,98969,AH Extra lang lekker tijger volkoren half,AH,bakkerij,Bakkerij,Extra lang lekker en waldkorn volkoren,0.75,0.75,,,,,per stuk,,False,,,,,A,True,AH,https://www.ah.nl/producten/product/wi523355,2026-08-04,AH Extra lang lekker tijger volkoren half,bakkerij
2432,527935,LU Mini crackers olijfolie & oregano,LU,bakkerij,Bakkerij,Toast crackers,2.19,2.19,,,,,250 g,prijs per kg €8.76,False,,,,,E,True,AH,https://www.ah.nl/producten/product/wi2432,2026-08-04,LU Mini crackers olijfolie & oregano,bakkerij
387906,845205,Wasa Volkoren,Wasa,bakkerij,Bakkerij,Knackebrod,1.75,1.75,,,,,260 g,prijs per kg €6.73,False,,,,,A,True,AH,https://www.ah.nl/producten/product/wi387906,2026-08-04,Wasa Volkoren,bakkerij
569850,9269,AH Luxe kaiserbroodjes,AH,bakkerij,Bakkerij,"Afbakbroodjes wit, mix",0.99,0.99,,,,,4 stuks,,False,,,,,,True,AH,https://www.ah.nl/producten/product/wi569850,2026-08-04,AH Luxe kaiserbroodjes,bakkerij
498340,804202,AH Flatbread,AH,bakkerij,Bakkerij,"Pitabroodjes, flatbread, bao buns",2.29,2.29,,,,,210 g,prijs per kg €10.90,False,,,,,C,True,AH,https://www.ah.nl/producten/product/wi498340,2026-08-04,AH Flatbread,bakkerij
53734,507897,AH Extra lang lekker tijger bruin half,AH,bakkerij,Bakkerij,Extra lang lekker bruin,0.75,0.75,,,,,per stuk,,False,,,,,B,True,AH,https://www.ah.nl/producten/product/wi53734,2026-08-04,AH Extra lang lekker tijger bruin half,bakkerij
478210,731914,AH Luxe hamburger broodjes,AH,bakkerij,Bakkerij,Hamburgerbroodjes,1.99,1.99,,,,,4 stuks,,False,,,,,C,True,AH,https://www.ah.nl/producten/product/wi478210,2026-08-04,AH Luxe hamburger broodjes,bakkerij
600702,51446,AH Eiwitrijk flatbread,AH,bakkerij,Bakkerij,"Pitabroodjes, flatbread, bao buns",2.49,2.49,,,,,4 stuks,,False,,,,,B,True,AH,https://www.ah.nl/producten/product/wi600702,2026-08-04,AH Eiwitrijk flatbread,bakkerij
477554,730833,Bolletje Echte beschuit,Bolletje,bakkerij,Bakkerij,Beschuit,0.94,0.94,,,,,13 stuks,,False,,,,,B,True,AH,https://www.ah.nl/producten/product/wi477554,2026-08-04,Bolletje Echte beschuit,bakkerij
596720,45655,AH Extra lang lekker waldkorn volkoren half,AH,bakkerij,Bakkerij,Extra lang lekker en waldkorn volkoren,1.39,1.39,,,,,per stuk,,False,,,,,A,True,AH,https://www.ah.nl/producten/product/wi596720,2026-08-04,AH Extra lang lekker waldkorn volkoren half,bakkerij
598366,0,AH Luxe hamburger broodjes 3-pack,AH,bakkerij,Bakkerij,Hamburgerbroodjes,5.67,5.97,5.0,5% volume voordeel,,,3 stuks,,True,AHOO,5% volume voordeel,2026-08-04,2999-12-31,,True,AH,https://www.ah.nl/producten/product/wi598366,2026-08-04,AH Luxe hamburger broodjes 3-pack,bakkerij
611528,0,LU Mini crackers olijfolie & oregano 2-pack,LU,bakkerij,Bakkerij,Toast crackers,4.16,4.38,5.0,5% volume voordeel,,,2 stuks,,True,AHOO,5% volume voordeel,2026-08-04,2999-12-31,,True,AH,https://www.ah.nl/producten/product/wi611528,2026-08-04,LU Mini crackers olijfolie & oregano 2-pack,bakkerij
200583,568369,AH Extra lang lekker rozijnen krentenbollen,AH,bakkerij,Bakkerij,Krentenbollen en mueslibollen,2.49,2.49,,,,,10 stuks,,False,,,,,C,True,AH,https://www.ah.nl/producten/product/wi200583,2026-08-04,AH Extra lang lekker rozijnen krentenbollen,bakkerij
582994,25962,AH Extra lang lekker rozijnen krentenbollen,AH,bakkerij,Bakkerij,Krentenbollen en mueslibollen,1.49,1.49,,,,,6 stuks,,False,,,,,C,True,AH,https://www.ah.nl/producten/product/wi582994,2026-08-04,AH Extra lang lekker rozijnen krentenbollen,bakkerij
572388,0,LU Mini crackers olijfolie & oregano 3-pack,LU,bakkerij,Bakkerij,Toast crackers,5.91,6.57,10.0,10% volume voordeel,,,3 stuks,,True,AHOO,10% volume voordeel,2026-08-04,2999-12-31,,True,AH,https://www.ah.nl/producten/product/wi572388,2026-08-04,LU Mini crackers olijfolie & oregano 3-pack,bakkerij
31584,537010,AH Ciabatta,AH,bakkerij,Bakkerij,Stokbrood en ciabatta,0.89,0.89,,,,,250 g,prijs per kg €3.56,False,,,,,C,True,AH,https://www.ah.nl/producten/product/wi31584,2026-08-04,AH Ciabatta,bakkerij
232390,825234,AH Witte pistolets,AH,bakkerij,Bakkerij,"Afbakbroodjes wit, mix",1.59,1.59,,,,,4 stuks,,False,,,,,C,True,AH,https://www.ah.nl/producten/product/wi232390,2026-08-04,AH Witte pistolets,bakkerij
536153,594436,AH Biologisch Meergranen landbollen,AH Biologisch,bakkerij,Bakkerij,"Afbakbroodjes wit, mix",1.99,1.99,,,,,280 g,prijs per kg €7.11,False,,,,,C,True,AH,https://www.ah.nl/producten/product/wi536153,2026-08-04,AH Biologisch Meergranen landbollen,bakkerij
455672,68734,AH Knäckebröd volkoren,AH,bakkerij,Bakkerij,Knackebrod,1.29,1.29,,,,,375 g,prijs per kg €3.44,False,,,,,A,True,AH,https://www.ah.nl/producten/product/wi455672,2026-08-04,AH Knäckebröd volkoren,bakkerij
618803,0,AH Luxe hamburger broodjes 2-pack,AH,bakkerij,Bakkerij,Hamburgerbroodjes,3.86,3.98,3.0,3% volume voordeel,,,2 stuks,,True,AHOO,3% volume voordeel,2026-08-04,2999-12-31,,True,AH,https://www.ah.nl/producten/product/wi618803,2026-08-04,AH Luxe hamburger broodjes 2-pack,bakkerij
582996,25964,AH Extra lang lekker zaans volkoren bol 6st,AH,bakkerij,Bakkerij,Verse bolletjes,1.59,1.59,,,,,6 stuks,,False,,,,,A,True,AH,https://www.ah.nl/producten/product/wi582996,2026-08-04,AH Extra lang lekker zaans volkoren bol 6st,bakkerij
485691,740774,AH Tijger volkoren half,AH,bakkerij,Bakkerij,Bakkersbrood volkoren,1.09,1.09,,,,,per stuk,,False,,,,,A,True,AH,https://www.ah.nl/producten/product/wi485691,2026-08-04,AH Tijger volkoren half,bakkerij
50856,64307,AH Extra lang lekker casino wit half,AH,bakkerij,Bakkerij,Extra lang lekker wit,0.85,0.85,,,,,per stuk,,False,,,,,C,True,AH,https://www.ah.nl/producten/product/wi50856,2026-08-04,AH Extra lang lekker casino wit half,bakkerij
200582,568368,AH Extra lang lekker zaans bruine bol 10st,AH,bakkerij,Bakkerij,Verse bolletjes,1.99,1.99,,,,,10 stuks,,False,,,,,A,True,AH,https://www.ah.nl/producten/product/wi200582,2026-08-04,AH Extra lang lekker zaans bruine bol 10st,bakkerij
221858,815437,AH Pita broodjes,AH,bakkerij,Bakkerij,"Pitabroodjes, flatbread, bao buns",0.79,0.79,,,,,10 stuks,,False,,,,,C,True,AH,https://www.ah.nl/producten/product/wi221858,2026-08-04,AH Pita broodjes,bakkerij
1628,44853,AH Roomboter croissants,AH,bakkerij,Bakkerij,Croissants,1.49,1.49,,,,,4 stuks,,False,,,,,E,True,AH,https://www.ah.nl/producten/product/wi1628,2026-08-04,AH Roomboter croissants,bakkerij
562107,394,AH Tijger tarwe maïs half,AH,bakkerij,Bakkerij,"Meergranen, maïsbrood",1.09,1.09,,,,,per stuk,,False,,,,,B,True,AH,https://www.ah.nl/producten/product/wi562107,2026-08-04,AH Tijger tarwe maïs half,bakkerij
590306,35888,AH Liefde & Passie Biologisch OerDesem blond gesneden,AH Liefde & Passie,bakkerij,Bakkerij,Desembrood wit,3.29,3.29,,,,,per stuk,,False,,,,,C,True,AH,https://www.ah.nl/producten/product/wi590306,2026-08-04,AH Liefde & Passie Biologisch OerDesem blond gesneden,bakkerij
128919,534345,AH Brabantse eierkoeken,AH,bakkerij,Bakkerij,Eierkoeken,2.39,2.39,,,,,4 stuks,,False,,,,,D,True,AH,https://www.ah.nl/producten/product/wi128919,2026-08-04,AH Brabantse eierkoeken,bakkerij
485699,740782,AH Vloerbrood volkoren heel,AH,bakkerij,Bakkerij,Bakkersbrood volkoren,2.69,2.69,,,,,per stuk,,False,,,,,A,True,AH,https://www.ah.nl/producten/product/wi485699,2026-08-04,AH Vloerbrood volkoren heel,bakkerij
478433,732148,AH Volkoren bollen,AH,bakkerij,Bakkerij,Afbakbroodjes volkoren,1.49,1.49,,,,,2 stuks,,False,,,,,A,True,AH,https://www.ah.nl/producten/product/wi478433,2026-08-04,AH Volkoren bollen,bakkerij
564552,2327,AH Hamburger broodjes,AH,bakkerij,Bakkerij,Hamburgerbroodjes,1.99,1.99,,,,,6 stuks,,False,,,,,C,True,AH,https://www.ah.nl/producten/product/wi564552,2026-08-04,AH Hamburger broodjes,bakkerij
598350,0,AH Brabantse eierkoeken 3-pack,AH,bakkerij,Bakkerij,Eierkoeken,6.81,7.17,5.0,5% volume voordeel,,,3 stuks,,True,AHOO,5% volume voordeel,2026-08-04,2999-12-31,,True,AH,https://www.ah.nl/producten/product/wi598350,2026-08-04,AH Brabantse eierkoeken 3-pack,bakkerij
112336,64306,AH Extra lang lekker casino wit heel,AH,bakkerij,Bakkerij,Extra lang lekker wit,1.49,1.49,,,,,per stuk,,False,,,,,C,True,AH,https://www.ah.nl/producten/product/wi112336,2026-08-04,AH Extra lang lekker casino wit heel,bakkerij
490856,745375,AH Liefde & Passie Spelt gesneden,AH Liefde & Passie,bakkerij,Bakkerij,Speltbrood,3.19,3.19,,,,,per stuk,,False,,,,,C,True,AH,https://www.ah.nl/producten/product/wi490856,2026-08-04,AH Liefde & Passie Spelt gesneden,bakkerij
598411,0,AH Liefde & Passie Spelt gesneden 4-pack,AH Liefde & Passie,bakkerij,Bakkerij,Speltbrood,10.21,12.76,20.0,20% volume voordeel,,,4 stuks,,True,AHOO,20% volume voordeel,2026-08-04,2999-12-31,,True,AH,https://www.ah.nl/producten/product/wi598411,2026-08-04,AH Liefde & Passie Spelt gesneden 4-pack,bakkerij
62912,527938,LU Mini crackers naturel,LU,bakkerij,Bakkerij,Toast crackers,2.29,2.29,,,,,250 g,prijs per kg €9.16,False,,,,,D,True,AH,https://www.ah.nl/producten/product/wi62912,2026-08-04,LU Mini crackers naturel,bakkerij
617946,0,AH Brabantse eierkoeken 2-pack,AH,bakkerij,Bakkerij,Eierkoeken,4.64,4.78,3.0,3% volume voordeel,,,2 stuks,,True,AHOO,3% volume voordeel,2026-08-04,2999-12-31,,True,AH,https://www.ah.nl/producten/product/wi617946,2026-08-04,AH Brabantse eierkoeken 2-pack,bakkerij
221857,815380,AH Witte pita's,AH,bakkerij,Bakkerij,"Pitabroodjes, flatbread, bao buns",0.89,0.89,,,,,5 stuks,,False,,,,,C,True,AH,https://www.ah.nl/producten/product/wi221857,2026-08-04,AH Witte pita's,bakkerij
446410,707727,AH Tijger wit heel,AH,bakkerij,Bakkerij,Bakkersbrood wit,1.99,1.99,,,,,per stuk,prijs per kg €2.49,False,,,,,C,True,AH,https://www.ah.nl/producten/product/wi446410,2026-08-04,AH Tijger wit heel,bakkerij
36783,44370,AH Tarwebloem,AH,bakkerij,Bakkerij,Tarwebloem,0.85,0.85,,,,,1 kg,prijs per kg €0.85,False,,,,,A,True,AH,https://www.ah.nl/producten/product/wi36783,2026-08-04,AH Tarwebloem,bakkerij
617947,0,AH Brabantse eierkoeken 4-pack,AH,bakkerij,Bakkerij,Eierkoeken,8.6,9.56,10.0,10% volume voordeel,,,4 stuks,,True,AHOO,10% volume voordeel,2026-08-04,2999-12-31,,True,AH,https://www.ah.nl/producten/product/wi617947,2026-08-04,AH Brabantse eierkoeken 4-pack,bakkerij
442765,22731,Bolletje Volkoren beschuit,Bolletje,bakkerij,Bakkerij,Beschuit,1.09,1.09,,,,,13 stuks,,False,,,,,A,True,AH,https://www.ah.nl/producten/product/wi442765,2026-08-04,Bolletje Volkoren beschuit,bakkerij
200973,64318,AH Extra lang lekker tijger wit heel,AH,bakkerij,Bakkerij,Extra lang lekker wit,1.35,1.35,,,,,per stuk,,False,,,,,C,True,AH,https://www.ah.nl/producten/product/wi200973,2026-08-04,AH Extra lang lekker tijger wit heel,bakkerij
232389,825229,AH Bruine pistolets,AH,bakkerij,Bakkerij,Afbakbroodjes bruin,1.59,1.59,,,,,4 stuks,,False,,,,,B,True,AH,https://www.ah.nl/producten/product/wi232389,2026-08-04,AH Bruine pistolets,bakkerij
598358,0,AH Hamburger broodjes 3-pack,AH,bakkerij,Bakkerij,Hamburgerbroodjes,5.67,5.97,5.0,5% volume voordeel,,,3 stuks,,True,AHOO,5% volume voordeel,2026-08-04,2999-12-31,,True,AH,https://www.ah.nl/producten/product/wi598358,2026-08-04,AH Hamburger broodjes 3-pack,bakkerij
32655,509080,AH Mini crackers naturel,AH,bakkerij,Bakkerij,Toast crackers,1.49,1.49,,,,,250 g,prijs per kg €5.96,False,,,,,D,True,AH,https://www.ah.nl/producten/product/wi32655,2026-08-04,AH Mini crackers naturel,bakkerij
187619,788657,Van Gilse Poedersuiker,Van Gilse,bakkerij,"Maaltijden, salades","Suiker, poedersuiker",1.09,1.09,,,,,250 g,prijs per kg €4.36,False,,,,,E,True,AH,https://www.ah.nl/producten/product/wi187619,2026-08-04,Van Gilse Poedersuiker,bakkerij
562110,397,AH Vloerbrood waldkorn,AH,bakkerij,Bakkerij,Bakkersbrood volkoren,2.69,2.69,,,,,per stuk,,False,,,,,A,True,AH,https://www.ah.nl/producten/product/wi562110,2026-08-04,AH Vloerbrood waldkorn,bakkerij
36136,64319,AH Extra lang lekker tijger wit half,AH,bakkerij,Bakkerij,Extra lang lekker wit,0.75,0.75,,,,,per stuk,,False,,,,,C,True,AH,https://www.ah.nl/producten/product/wi36136,2026-08-04,AH Extra lang lekker tijger wit half,bakkerij
416967,688330,AH Glutenvrij Brood donker meerzaden half,AH Glutenvrij,glutenvrij,Bakkerij,Glutenvrij brood,3.59,3.59,,,,,480 g,,False,,,,,A,True,AH,https://www.ah.nl/producten/product/wi416967,2026-08-04,AH Glutenvrij Brood donker meerzaden half,glutenvrij
617455,0,AH Glutenvrij Brood donker meerzaden half 2-pack,AH Glutenvrij,glutenvrij,Bakkerij,Glutenvrij brood,7.04,7.18,2.0,2% volume voordeel,,,2 stuks,,True,AHOO,2% volume voordeel,2026-08-04,2999-12-31,,True,AH,https://www.ah.nl/producten/product/wi617455,2026-08-04,AH Glutenvrij Brood donker meerzaden half 2-pack,glutenvrij
568283,0,AH Glutenvrij Brood donker meerzaden half 3-pack,AH Glutenvrij,glutenvrij,Bakkerij,Glutenvrij brood,10.55,10.77,2.0,2% volume voordeel,,,3 stuks,,True,AHOO,2% volume voordeel,2026-08-04,2999-12-31,,True,AH,https://www.ah.nl/producten/product/wi568283,2026-08-04,AH Glutenvrij Brood donker meerzaden half 3-pack,glutenvrij
617456,0,AH Glutenvrij Brood donker meerzaden half 4-pack,AH Glutenvrij,glutenvrij,Bakkerij,Glutenvrij brood,14.07,14.36,2.0,2% volume voordeel,,,4 stuks,,True,AHOO,2% volume voordeel,2026-08-04,2999-12-31,,True,AH,https://www.ah.nl/producten/product/wi617456,2026-08-04,AH Glutenvrij Brood donker meerzaden half 4-pack,glutenvrij
416957,688280,AH Glutenvrij Brood licht meerzaden half,AH Glutenvrij,glutenvrij,Bakkerij,Glutenvrij brood,3.59,3.59,,,,,480 g,,False,,,,,A,True,AH,https://www.ah.nl/producten/product/wi416957,2026-08-04,AH Glutenvrij Brood licht meerzaden half,glutenvrij
617457,0,AH Glutenvrij Brood licht meerzaden half 2-pack,AH Glutenvrij,glutenvrij,Bakkerij,Glutenvrij brood,7.04,7.18,2.0,2% volume voordeel,,,2 stuks,,True,AHOO,2% volume voordeel,2026-08-04,2999-12-31,,True,AH,https://www.ah.nl/producten/product/wi617457,2026-08-04,AH Glutenvrij Brood licht meerzaden half 2-pack,glutenvrij
617459,0,AH Glutenvrij Brood licht meerzaden half 4-pack,AH Glutenvrij,glutenvrij,Bakkerij,Glutenvrij brood,14.07,14.36,2.0,2% volume voordeel,,,4 stuks,,True,AHOO,2% volume voordeel,2026-08-04,2999-12-31,,True,AH,https://www.ah.nl/producten/product/wi617459,2026-08-04,AH Glutenvrij Brood licht meerzaden half 4-pack,glutenvrij
617458,0,AH Glutenvrij Brood licht meerzaden half 3-pack,AH Glutenvrij,glutenvrij,Bakkerij,Glutenvrij brood,10.55,10.77,2.0,2% volume voordeel,,,3 stuks,,True,AHOO,2% volume voordeel,2026-08-04,2999-12-31,,True,AH,https://www.ah.nl/producten/product/wi617458,2026-08-04,AH Glutenvrij Brood licht meerzaden half 3-pack,glutenvrij
419899,691529,Wasa Glutenvrij en lactosevrij classic,Wasa,glutenvrij,Bakkerij,"Glutenvrije crackers, knackebrod",3.99,3.99,,,,,240 g,prijs per kg €16.63,False,,,,,C,True,AH,https://www.ah.nl/producten/product/wi419899,2026-08-04,Wasa Glutenvrij en lactosevrij classic,glutenvrij
497604,802569,AH Glutenvrij Witte bollen,AH Glutenvrij,glutenvrij,Bakkerij,Glutenvrij brood,1.79,1.79,,,,,2 stuks,,False,,,,,C,True,AH,https://www.ah.nl/producten/product/wi497604,2026-08-04,AH Glutenvrij Witte bollen,glutenvrij
228420,820389,Schär Meesterbakker classic glutenvrij,Schär,glutenvrij,Bakkerij,Glutenvrij brood,3.29,3.29,,,,,300 g,prijs per kg €10.97,False,,,,,A,True,AH,https://www.ah.nl/producten/product/wi228420,2026-08-04,Schär Meesterbakker classic glutenvrij,glutenvrij
388651,848195,Eat Natural Protein packed repen pinda's & chocolade,Eat Natural,glutenvrij,Glutenvrij,Glutenvrije repen,3.39,3.39,,,,,3 x 40g,prijs per kg €28.25,False,,,,,D,True,AH,https://www.ah.nl/producten/product/wi388651,2026-08-04,Eat Natural Protein packed repen pinda's & chocolade,glutenvrij
401986,850534,Dr. Oetker Ristorante pizza salami glutenvrij,Dr. Oetker,glutenvrij,Glutenvrij,Glutenvrije pizza,4.99,4.99,,,,,315 g,prijs per kg €15.84,False,,,,,D,True,AH,https://www.ah.nl/producten/product/wi401986,2026-08-04,Dr. Oetker Ristorante pizza salami glutenvrij,glutenvrij
401987,850536,Dr. Oetker Ristorante pizza mozzarella glutenvrij,Dr. Oetker,glutenvrij,Glutenvrij,Glutenvrije pizza,4.99,4.99,,,,,370 g,prijs per kg €13.49,False,,,,,C,True,AH,https://www.ah.nl/producten/product/wi401987,2026-08-04,Dr. Oetker Ristorante pizza mozzarella glutenvrij,glutenvrij
587882,33166,AH Glutenvrij Mini crackers,AH Glutenvrij,glutenvrij,Bakkerij,"Glutenvrije crackers, knackebrod",1.99,1.99,,,,,200 g,prijs per kg €9.95,False,,,,,D,True,AH,https://www.ah.nl/producten/product/wi587882,2026-08-04,AH Glutenvrij Mini crackers,glutenvrij
621356,0,AH Glutenvrij Mini crackers 3-pack,AH Glutenvrij,glutenvrij,Bakkerij,"Glutenvrije crackers, knackebrod",,,,,,,3 stuks,,False,,,,,,True,AH,https://www.ah.nl/producten/product/wi621356,2026-08-04,AH Glutenvrij Mini crackers 3-pack,glutenvrij
621357,0,AH Glutenvrij Mini crackers 4-pack,AH Glutenvrij,glutenvrij,Bakkerij,"Glutenvrije crackers, knackebrod",,,,,,,4 stuks,,False,,,,,,True,AH,https://www.ah.nl/producten/product/wi621357,2026-08-04,AH Glutenvrij Mini crackers 4-pack,glutenvrij
621358,0,AH Glutenvrij Mini crackers 6-pack,AH Glutenvrij,glutenvrij,Bakkerij,"Glutenvrije crackers, knackebrod",,,,,,,6 stuks,,False,,,,,,True,AH,https://www.ah.nl/producten/product/wi621358,2026-08-04,AH Glutenvrij Mini crackers 6-pack,glutenvrij
456008,69188,Wasa Sesame & sea salt glutenvrij,Wasa,glutenvrij,Bakkerij,"Glutenvrije crackers, knackebrod",4.49,4.49,,,,,240 g,prijs per kg €18.71,False,,,,,C,True,AH,https://www.ah.nl/producten/product/wi456008,2026-08-04,Wasa Sesame & sea salt glutenvrij,glutenvrij
407789,853052,AH Glutenvrij Volkoren havermout,AH Glutenvrij,glutenvrij,Glutenvrij,Glutenvrije havermout en pap,2.89,2.89,,,,,450 g,prijs per kg €6.42,False,,,,,A,True,AH,https://www.ah.nl/producten/product/wi407789,2026-08-04,AH Glutenvrij Volkoren havermout,glutenvrij
587626,32677,AH Glutenvrij Crackers zaden,AH Glutenvrij,glutenvrij,Bakkerij,"Glutenvrije crackers, knackebrod",2.99,2.99,,,,,175 g,prijs per kg €17.09,False,,,,,A,True,AH,https://www.ah.nl/producten/product/wi587626,2026-08-04,AH Glutenvrij Crackers zaden,glutenvrij
494410,748783,AH Glutenvrij Mueslireep chocolade,AH Glutenvrij,glutenvrij,Glutenvrij,Glutenvrije repen,2.39,2.39,,,,,125 g,prijs per kg €19.12,False,,,,,E,True,AH,https://www.ah.nl/producten/product/wi494410,2026-08-04,AH Glutenvrij Mueslireep chocolade,glutenvrij
228422,820392,Schär Meesterbakker mehrkorn glutenvrij,Schär,glutenvrij,Bakkerij,Glutenvrij brood,3.29,3.29,,,,,300 g,prijs per kg €10.97,False,,,,,B,True,AH,https://www.ah.nl/producten/product/wi228422,2026-08-04,Schär Meesterbakker mehrkorn glutenvrij,glutenvrij
579000,0,AH Glutenvrij Volkoren havermout 2-pack,AH Glutenvrij,glutenvrij,Glutenvrij,Glutenvrije havermout en pap,5.61,5.78,3.0,3% volume voordeel,,,2 stuks,,True,AHOO,3% volume voordeel,2026-08-04,2999-12-31,,True,AH,https://www.ah.nl/producten/product/wi579000,2026-08-04,AH Glutenvrij Volkoren havermout 2-pack,glutenvrij
188968,525221,Eat Natural Fruit & nut bars amandel & abrikoos,Eat Natural,glutenvrij,Glutenvrij,Glutenvrije repen,3.39,3.39,,,,,3 x 40g,prijs per kg €28.25,False,,,,,E,True,AH,https://www.ah.nl/producten/product/wi188968,2026-08-04,Eat Natural Fruit & nut bars amandel & abrikoos,glutenvrij
589582,36302,AH Glutenvrij Wit brood half,AH Glutenvrij,glutenvrij,Bakkerij,Glutenvrij brood,3.59,3.59,,,,,per stuk,,False,,,,,A,True,AH,https://www.ah.nl/producten/product/wi589582,2026-08-04,AH Glutenvrij Wit brood half,glutenvrij
621402,0,AH Glutenvrij Wit brood half 2-pack,AH Glutenvrij,glutenvrij,Bakkerij,Glutenvrij brood,,,2.0,2% volume voordeel,,,2 stuks,,True,AH,2% volume voordeel,,,,True,AH,https://www.ah.nl/producten/product/wi621402,2026-08-04,AH Glutenvrij Wit brood half 2-pack,glutenvrij
621403,0,AH Glutenvrij Wit brood half 3-pack,AH Glutenvrij,glutenvrij,Bakkerij,Glutenvrij brood,,,2.0,2% volume voordeel,,,3 stuks,,True,AH,2% volume voordeel,,,,True,AH,https://www.ah.nl/producten/product/wi621403,2026-08-04,AH Glutenvrij Wit brood half 3-pack,glutenvrij
621404,0,AH Glutenvrij Wit brood half 4-pack,AH Glutenvrij,glutenvrij,Bakkerij,Glutenvrij brood,,,2.0,2% volume voordeel,,,4 stuks,,True,AH,2% volume voordeel,,,,True,AH,https://www.ah.nl/producten/product/wi621404,2026-08-04,AH Glutenvrij Wit brood half 4-pack,glutenvrij
619045,0,AH Glutenvrij Mueslireep chocolade 2-pack,AH Glutenvrij,glutenvrij,Glutenvrij,Glutenvrije repen,4.64,4.78,3.0,3% volume voordeel,,,2 stuks,,True,AHOO,3% volume voordeel,2026-08-04,2999-12-31,,True,AH,https://www.ah.nl/producten/product/wi619045,2026-08-04,AH Glutenvrij Mueslireep chocolade 2-pack,glutenvrij
494240,748785,AH Glutenvrij Vezelrijk knäckebröd,AH Glutenvrij,glutenvrij,Bakkerij,"Glutenvrije crackers, knackebrod",2.99,2.99,,,,,230 g,prijs per kg €13.00,False,,,,,D,True,AH,https://www.ah.nl/producten/product/wi494240,2026-08-04,AH Glutenvrij Vezelrijk knäckebröd,glutenvrij
619047,0,AH Glutenvrij Mueslireep chocolade 4-pack,AH Glutenvrij,glutenvrij,Glutenvrij,Glutenvrije repen,8.8,9.56,8.0,8% volume voordeel,,,4 stuks,,True,AHOO,8% volume voordeel,2026-08-04,2999-12-31,,True,AH,https://www.ah.nl/producten/product/wi619047,2026-08-04,AH Glutenvrij Mueslireep chocolade 4-pack,glutenvrij
619046,0,AH Glutenvrij Mueslireep chocolade 3-pack,AH Glutenvrij,glutenvrij,Glutenvrij,Glutenvrije repen,6.81,7.17,5.0,5% volume voordeel,,,3 stuks,,True,AHOO,5% volume voordeel,2026-08-04,2999-12-31,,True,AH,https://www.ah.nl/producten/product/wi619046,2026-08-04,AH Glutenvrij Mueslireep chocolade 3-pack,glutenvrij
587888,33169,AH Glutenvrij Wraps,AH Glutenvrij,glutenvrij,Glutenvrij,Glutenvrije wraps,3.29,3.29,,,,,180 g,prijs per kg €18.28,False,,,,,C,True,AH,https://www.ah.nl/producten/product/wi587888,2026-08-04,AH Glutenvrij Wraps,glutenvrij
550449,606924,AH Glutenvrij Italiaanse bol,AH Glutenvrij,glutenvrij,Bakkerij,"Glutenvrije bolletjes, broodjes, croissants",2.99,2.99,,,,,2 stuks,,False,,,,,C,True,AH,https://www.ah.nl/producten/product/wi550449,2026-08-04,AH Glutenvrij Italiaanse bol,glutenvrij
228421,820391,Schär Meesterbakker vital glutenvrij,Schär,glutenvrij,Bakkerij,Glutenvrij brood,3.39,3.39,,,,,350 g,prijs per kg €9.69,False,,,,,B,True,AH,https://www.ah.nl/producten/product/wi228421,2026-08-04,Schär Meesterbakker vital glutenvrij,glutenvrij
143673,81631,Tuc Tuc paprika,Tuc,borrel-chips-snacks,"Borrel, chips, snacks",Zoute sticks,1.35,1.35,,,,,100 g,prijs per kg €13.50,False,,,,,E,True,AH,https://www.ah.nl/producten/product/wi143673,2026-08-04,Tuc Tuc paprika,borrel-chips-snacks
35001,48703,Tuc Bacon,Tuc,borrel-chips-snacks,"Borrel, chips, snacks",Zoute sticks,1.39,1.39,,,,,100 g,prijs per kg €13.90,False,,,,,E,True,AH,https://www.ah.nl/producten/product/wi35001,2026-08-04,Tuc Bacon,borrel-chips-snacks
239019,830900,Garlan Verse roomkaas met knoflook & kruiden,Garlan,borrel-chips-snacks,Kaas,Roomkaas,1.29,1.29,,,,,150 g,prijs per kg €8.60,False,,,,,D,True,AH,https://www.ah.nl/producten/product/wi239019,2026-08-04,Garlan Verse roomkaas met knoflook & kruiden,borrel-chips-snacks
217297,807589,AH Groene pesto,AH,borrel-chips-snacks,"Borrel, chips, snacks",Pesto (vers),1.9967,2.99,33.2,3 voor 5.99,5.99,3.0,90 g,normale prijs per kg €33.22,True,AH,3 VOOR 5.99,2026-08-03,2026-08-09,D,True,AH,https://www.ah.nl/producten/product/wi217297,2026-08-04,AH Groene pesto,borrel-chips-snacks
123142,576899,Galbani Mozzarella,Galbani,borrel-chips-snacks,Kaas,Mozzarella,1.75,1.75,,,,,225 g,prijs per kg €14.00,False,,,,,C,True,AH,https://www.ah.nl/producten/product/wi123142,2026-08-04,Galbani Mozzarella,borrel-chips-snacks
584983,28144,Lay's Mega box 20-pack,Lay's,borrel-chips-snacks,"Borrel, chips, snacks",Uitdeelzakjes chips,7.99,7.99,,,,,20 stuks,,False,,,,,D,True,AH,https://www.ah.nl/producten/product/wi584983,2026-08-04,Lay's Mega box 20-pack,borrel-chips-snacks
614547,0,Salakis Mozzarella 125g 2-pack,Salakis,borrel-chips-snacks,Kaas,Mozzarella,2.97,3.5,15.0,15% volume voordeel,,,2 stuks,,True,AHOO,15% volume voordeel,2026-08-04,2999-12-31,,True,AH,https://www.ah.nl/producten/product/wi614547,2026-08-04,Salakis Mozzarella 125g 2-pack,borrel-chips-snacks
526381,29033,Lay's Naturel,Lay's,borrel-chips-snacks,"Borrel, chips, snacks",Naturel chips,2.19,2.19,,,,,200 g,prijs per kg €10.95,False,,,,,D,True,AH,https://www.ah.nl/producten/product/wi526381,2026-08-04,Lay's Naturel,borrel-chips-snacks
614362,0,Lay's Naturel 3-pack,Lay's,borrel-chips-snacks,"Borrel, chips, snacks",Naturel chips,5.91,6.57,10.0,10% volume voordeel,,,3 stuks,,True,AHOO,10% volume voordeel,2026-08-04,2999-12-31,,True,AH,https://www.ah.nl/producten/product/wi614362,2026-08-04,Lay's Naturel 3-pack,borrel-chips-snacks
163826,623176,Galbani Mozzarella mini,Galbani,borrel-chips-snacks,Kaas,Mozzarella,2.89,2.89,,,,,260 g,prijs per kg €19.27,False,,,,,C,True,AH,https://www.ah.nl/producten/product/wi163826,2026-08-04,Galbani Mozzarella mini,borrel-chips-snacks
615565,0,Galbani Mozzarella mini 2-pack,Galbani,borrel-chips-snacks,Kaas,Mozzarella,5.49,5.78,5.0,5% volume voordeel,,,2 stuks,,True,AHOO,5% volume voordeel,2026-08-04,2999-12-31,,True,AH,https://www.ah.nl/producten/product/wi615565,2026-08-04,Galbani Mozzarella mini 2-pack,borrel-chips-snacks
526382,29857,Lay's Paprika,Lay's,borrel-chips-snacks,"Borrel, chips, snacks",Paprika chips,2.19,2.19,,,,,200 g,prijs per kg €10.95,False,,,,,C,True,AH,https://www.ah.nl/producten/product/wi526382,2026-08-04,Lay's Paprika,borrel-chips-snacks
614363,0,Lay's Paprika 3-pack,Lay's,borrel-chips-snacks,"Borrel, chips, snacks",Paprika chips,5.91,6.57,10.0,10% volume voordeel,,,3 stuks,,True,AHOO,10% volume voordeel,2026-08-04,2999-12-31,,True,AH,https://www.ah.nl/producten/product/wi614363,2026-08-04,Lay's Paprika 3-pack,borrel-chips-snacks
516968,44372,Lay's Max paprika,Lay's,borrel-chips-snacks,"Borrel, chips, snacks",Smaakvarianten chips,1.99,1.99,,,,,185 g,prijs per kg €10.76,False,,,,,D,True,AH,https://www.ah.nl/producten/product/wi516968,2026-08-04,Lay's Max paprika,borrel-chips-snacks
614356,0,Lay's Max paprika 2-pack,Lay's,borrel-chips-snacks,"Borrel, chips, snacks",Smaakvarianten chips,3.78,3.98,5.0,5% volume voordeel,,,2 stuks,,True,AHOO,5% volume voordeel,2026-08-04,2999-12-31,,True,AH,https://www.ah.nl/producten/product/wi614356,2026-08-04,Lay's Max paprika 2-pack,borrel-chips-snacks
195370,796240,AH Italiaanse mozzarella,AH,borrel-chips-snacks,Kaas,Mozzarella,1.69,1.69,,,,,228 g,prijs per kg €13.52,False,,,,,,True,AH,https://www.ah.nl/producten/product/wi195370,2026-08-04,AH Italiaanse mozzarella,borrel-chips-snacks
526385,30920,Lay's Naturel value pack,Lay's,borrel-chips-snacks,"Borrel, chips, snacks",Naturel chips,2.245,2.69,16.5,2 voor 4.49,4.49,2.0,300 g,normale prijs per kg €8.97,True,AH,2 voor 4.49,2026-08-03,2026-08-09,D,True,AH,https://www.ah.nl/producten/product/wi526385,2026-08-04,Lay's Naturel value pack,borrel-chips-snacks
601035,0,Lay's Naturel value pack 2-pack,Lay's,borrel-chips-snacks,"Borrel, chips, snacks",Naturel chips,4.49,5.38,16.5,pakketkorting,,,2 stuks,,True,AHOO,,2026-08-04,2026-08-09,,True,AH,https://www.ah.nl/producten/product/wi601035,2026-08-04,Lay's Naturel value pack 2-pack,borrel-chips-snacks
229807,823390,Lay's Bugles nacho cheese,Lay's,borrel-chips-snacks,"Borrel, chips, snacks",Vormpjes chips,2.25,2.25,,,,,125 g,prijs per kg €18.00,False,,,,,D,True,AH,https://www.ah.nl/producten/product/wi229807,2026-08-04,Lay's Bugles nacho cheese,borrel-chips-snacks
614348,0,Lay's Bugles nacho cheese 3-pack,Lay's,borrel-chips-snacks,"Borrel, chips, snacks",Vormpjes chips,6.07,6.75,10.0,10% volume voordeel,,,3 stuks,,True,AHOO,10% volume voordeel,2026-08-04,2999-12-31,,True,AH,https://www.ah.nl/producten/product/wi614348,2026-08-04,Lay's Bugles nacho cheese 3-pack,borrel-chips-snacks
526386,30923,Lay's Paprika flavour value pack,Lay's,borrel-chips-snacks,"Borrel, chips, snacks",Paprika chips,2.245,2.69,16.5,2 voor 4.49,4.49,2.0,300 g,normale prijs per kg €8.97,True,AH,2 voor 4.49,2026-08-03,2026-08-09,C,True,AH,https://www.ah.nl/producten/product/wi526386,2026-08-04,Lay's Paprika flavour value pack,borrel-chips-snacks
601036,0,Lay's Paprika flavour value pack 2-pack,Lay's,borrel-chips-snacks,"Borrel, chips, snacks",Paprika chips,4.49,5.38,16.5,pakketkorting,,,2 stuks,,True,AHOO,,2026-08-04,2026-08-09,,True,AH,https://www.ah.nl/producten/product/wi601036,2026-08-04,Lay's Paprika flavour value pack 2-pack,borrel-chips-snacks
448457,47368,AH Chips naturel,AH,borrel-chips-snacks,"Borrel, chips, snacks",Naturel chips,0.95,0.95,,,,,250 g,prijs per kg €3.80,False,,,,,D,True,AH,https://www.ah.nl/producten/product/wi448457,2026-08-04,AH Chips naturel,borrel-chips-snacks
516967,44369,Lay's Max naturel,Lay's,borrel-chips-snacks,"Borrel, chips, snacks",Smaakvarianten chips,1.99,1.99,,,,,185 g,prijs per kg €10.76,False,,,,,C,True,AH,https://www.ah.nl/producten/product/wi516967,2026-08-04,Lay's Max naturel,borrel-chips-snacks
614354,0,Lay's Max naturel 2-pack,Lay's,borrel-chips-snacks,"Borrel, chips, snacks",Smaakvarianten chips,3.78,3.98,5.0,5% volume voordeel,,,2 stuks,,True,AHOO,5% volume voordeel,2026-08-04,2999-12-31,,True,AH,https://www.ah.nl/producten/product/wi614354,2026-08-04,Lay's Max naturel 2-pack,borrel-chips-snacks
170655,760028,AH Groene pesto,AH,borrel-chips-snacks,"Borrel, chips, snacks",Pesto in pot,1.15,1.15,,,,,190 g,prijs per kg €6.05,False,,,,,D,True,AH,https://www.ah.nl/producten/product/wi170655,2026-08-04,AH Groene pesto,borrel-chips-snacks
574349,15316,Lay's Max naturel,Lay's,borrel-chips-snacks,"Borrel, chips, snacks",Naturel chips,2.245,2.99,24.9,2 voor 4.49,4.49,2.0,275 g,normale prijs per kg €10.87,True,AH,2 voor 4.49,2026-08-03,2026-08-09,D,True,AH,https://www.ah.nl/producten/product/wi574349,2026-08-04,Lay's Max naturel,borrel-chips-snacks
614355,0,Lay's Max naturel 275 gr 2-pack,Lay's,borrel-chips-snacks,"Borrel, chips, snacks",Naturel chips,4.49,5.98,24.9,pakketkorting,,,2 stuks,,True,AHOO,,2026-08-04,2026-08-09,,True,AH,https://www.ah.nl/producten/product/wi614355,2026-08-04,Lay's Max naturel 275 gr 2-pack,borrel-chips-snacks
574596,15872,Lay's Max paprika,Lay's,borrel-chips-snacks,"Borrel, chips, snacks",Paprika chips,2.245,2.99,24.9,2 voor 4.49,4.49,2.0,275 g,normale prijs per kg €10.87,True,AH,2 voor 4.49,2026-08-03,2026-08-09,D,True,AH,https://www.ah.nl/producten/product/wi574596,2026-08-04,Lay's Max paprika,borrel-chips-snacks
614357,0,Lay's Max paprika 275 gr 2-pack,Lay's,borrel-chips-snacks,"Borrel, chips, snacks",Paprika chips,4.49,5.98,24.9,pakketkorting,,,2 stuks,,True,AHOO,,2026-08-04,2026-08-09,,True,AH,https://www.ah.nl/producten/product/wi614357,2026-08-04,Lay's Max paprika 275 gr 2-pack,borrel-chips-snacks
560692,737348,AH Burrata 50+,AH,borrel-chips-snacks,Kaas,Burrata,2.19,2.19,,,,,250 g,prijs per kg €17.52,False,,,,,D,True,AH,https://www.ah.nl/producten/product/wi560692,2026-08-04,AH Burrata 50+,borrel-chips-snacks
387615,845115,Cheetos Nibb-it sticks,Cheetos,borrel-chips-snacks,"Borrel, chips, snacks",Vormpjes chips,2.09,2.09,,,,,110 g,prijs per kg €19.00,False,,,,,D,True,AH,https://www.ah.nl/producten/product/wi387615,2026-08-04,Cheetos Nibb-it sticks,borrel-chips-snacks
448475,535486,AH Ribbelchips naturel,AH,borrel-chips-snacks,"Borrel, chips, snacks",Naturel chips,1.25,1.25,,,,,250 g,prijs per kg €5.00,False,,,,,D,True,AH,https://www.ah.nl/producten/product/wi448475,2026-08-04,AH Ribbelchips naturel,borrel-chips-snacks
384175,842512,Philadelphia Philadelphia original,Philadelphia,borrel-chips-snacks,Kaas,Roomkaas,2.99,2.99,,,,,200 g,prijs per kg €14.95,False,,,,,D,True,AH,https://www.ah.nl/producten/product/wi384175,2026-08-04,Philadelphia Philadelphia original,borrel-chips-snacks
448430,530412,Bolletje Zoute pepsels,Bolletje,borrel-chips-snacks,"Borrel, chips, snacks",Pretzels,1.29,1.29,,,,,180 g,prijs per kg €7.17,False,,,,,E,True,AH,https://www.ah.nl/producten/product/wi448430,2026-08-04,Bolletje Zoute pepsels,borrel-chips-snacks
2226,80364,AH Tomatenpuree,AH,pasta-rijst-wereldkeuken,"Pasta, rijst, wereldkeuken",Tomatenpuree,0.49,0.49,,,,,70 g,prijs per kg €7.00,False,,,,,A,True,AH,https://www.ah.nl/producten/product/wi2226,2026-08-04,AH Tomatenpuree,pasta-rijst-wereldkeuken
582864,25443,AH Tortilla volkoren wraps medium,AH,pasta-rijst-wereldkeuken,"Pasta, rijst, wereldkeuken","Taco, tortilla, wrap, burrito",0.95,0.95,,,,,320 g,prijs per kg €2.97,False,,,,,A,True,AH,https://www.ah.nl/producten/product/wi582864,2026-08-04,AH Tortilla volkoren wraps medium,pasta-rijst-wereldkeuken
481844,736631,AH Tomaten passata gezeefd,AH,pasta-rijst-wereldkeuken,"Pasta, rijst, wereldkeuken","Gezeefde tomaten, frito, passata",0.75,0.75,,,,,500 g,prijs per kg €1.50,False,,,,,A,True,AH,https://www.ah.nl/producten/product/wi481844,2026-08-04,AH Tomaten passata gezeefd,pasta-rijst-wereldkeuken
140637,611758,AH Tortilla naturel wraps large 6 stuks,AH,pasta-rijst-wereldkeuken,"Pasta, rijst, wereldkeuken","Taco, tortilla, wrap, burrito",0.95,0.95,,,,,370 g,prijs per kg €2.57,False,,,,,C,True,AH,https://www.ah.nl/producten/product/wi140637,2026-08-04,AH Tortilla naturel wraps large 6 stuks,pasta-rijst-wereldkeuken
462470,715079,AH Italiaanse grana padano 32+ stuk,AH,pasta-rijst-wereldkeuken,Kaas,"Parmezaanse kaas, grano padano, pecorino",3.65,3.65,,,,,200 g,prijs per kg €18.25,False,,,,,D,True,AH,https://www.ah.nl/producten/product/wi462470,2026-08-04,AH Italiaanse grana padano 32+ stuk,pasta-rijst-wereldkeuken
197585,624781,AH Basmatirijst,AH,pasta-rijst-wereldkeuken,"Pasta, rijst, wereldkeuken",Basmatirijst,1.89,1.89,,,,,1 kg,prijs per kg €1.89,False,,,,,B,True,AH,https://www.ah.nl/producten/product/wi197585,2026-08-04,AH Basmatirijst,pasta-rijst-wereldkeuken
490540,744648,AH Kroepoek naturel,AH,pasta-rijst-wereldkeuken,"Pasta, rijst, wereldkeuken",Kroepoek,1.09,1.09,,,,,100 g,prijs per kg €10.90,False,,,,,D,True,AH,https://www.ah.nl/producten/product/wi490540,2026-08-04,AH Kroepoek naturel,pasta-rijst-wereldkeuken
400471,849725,AH Biologisch Italiaanse parmigiano reggiano,AH Biologisch,pasta-rijst-wereldkeuken,Kaas,"Parmezaanse kaas, grano padano, pecorino",1.99,1.99,,,,,40 g,prijs per kg €49.75,False,,,,,,True,AH,https://www.ah.nl/producten/product/wi400471,2026-08-04,AH Biologisch Italiaanse parmigiano reggiano,pasta-rijst-wereldkeuken
619218,0,AH Biologisch Italiaanse parmigiano reggiano 2-pack,AH Biologisch,pasta-rijst-wereldkeuken,Kaas,"Parmezaanse kaas, grano padano, pecorino",3.78,3.98,5.0,5% volume voordeel,,,2 stuks,,True,AHOO,5% volume voordeel,2026-08-04,2999-12-31,,True,AH,https://www.ah.nl/producten/product/wi619218,2026-08-04,AH Biologisch Italiaanse parmigiano reggiano 2-pack,pasta-rijst-wereldkeuken
3527,80365,AH Tomatenpuree,AH,pasta-rijst-wereldkeuken,"Pasta, rijst, wereldkeuken",Tomatenpuree,0.69,0.69,,,,,140 g,prijs per kg €4.93,False,,,,,A,True,AH,https://www.ah.nl/producten/product/wi3527,2026-08-04,AH Tomatenpuree,pasta-rijst-wereldkeuken
619219,0,AH Biologisch Italiaanse parmigiano reggiano 3-pack,AH Biologisch,pasta-rijst-wereldkeuken,Kaas,"Parmezaanse kaas, grano padano, pecorino",5.55,5.97,7.0,7% volume voordeel,,,3 stuks,,True,AHOO,7% volume voordeel,2026-08-04,2999-12-31,,True,AH,https://www.ah.nl/producten/product/wi619219,2026-08-04,AH Biologisch Italiaanse parmigiano reggiano 3-pack,pasta-rijst-wereldkeuken
619220,0,AH Biologisch Italiaanse parmigiano reggiano 4-pack,AH Biologisch,pasta-rijst-wereldkeuken,Kaas,"Parmezaanse kaas, grano padano, pecorino",7.32,7.96,8.0,8% volume voordeel,,,4 stuks,,True,AHOO,8% volume voordeel,2026-08-04,2999-12-31,,True,AH,https://www.ah.nl/producten/product/wi619220,2026-08-04,AH Biologisch Italiaanse parmigiano reggiano 4-pack,pasta-rijst-wereldkeuken
613286,69747,AH Mozzarella light,AH,pasta-rijst-wereldkeuken,Kaas,Mozzarella,0.99,0.99,,,,,200 g,prijs per kg €7.92,False,,,,,B,True,AH,https://www.ah.nl/producten/product/wi613286,2026-08-04,AH Mozzarella light,pasta-rijst-wereldkeuken
378632,839779,Heinz Tomato frito original,Heinz,pasta-rijst-wereldkeuken,"Pasta, rijst, wereldkeuken","Gezeefde tomaten, frito, passata",1.39,1.39,,,,,350 g,prijs per kg €3.97,False,,,,,A,True,AH,https://www.ah.nl/producten/product/wi378632,2026-08-04,Heinz Tomato frito original,pasta-rijst-wereldkeuken
435163,46007,AH Pizzadeeg,AH,pasta-rijst-wereldkeuken,"Maaltijden, salades",Pizzabodem (vers),1.99,1.99,,,,,260 g,prijs per kg €7.65,False,,,,,C,True,AH,https://www.ah.nl/producten/product/wi435163,2026-08-04,AH Pizzadeeg,pasta-rijst-wereldkeuken
410944,855015,AH Verse gnocchi,AH,pasta-rijst-wereldkeuken,"Maaltijden, salades",Verse pasta,2.99,2.99,,,,,400 g,prijs per kg €7.48,False,,,,,C,True,AH,https://www.ah.nl/producten/product/wi410944,2026-08-04,AH Verse gnocchi,pasta-rijst-wereldkeuken
598385,0,AH Verse gnocchi 2-pack,AH,pasta-rijst-wereldkeuken,"Maaltijden, salades",Verse pasta,5.74,5.98,4.0,4% volume voordeel,,,2 stuks,,True,AHOO,4% volume voordeel,2026-08-04,2999-12-31,,True,AH,https://www.ah.nl/producten/product/wi598385,2026-08-04,AH Verse gnocchi 2-pack,pasta-rijst-wereldkeuken
612292,0,Heinz Tomato frito original 3-pack,Heinz,pasta-rijst-wereldkeuken,"Pasta, rijst, wereldkeuken","Gezeefde tomaten, frito, passata",3.75,4.17,10.0,10% volume voordeel,,,3 stuks,,True,AHOO,10% volume voordeel,2026-08-04,2999-12-31,,True,AH,https://www.ah.nl/producten/product/wi612292,2026-08-04,Heinz Tomato frito original 3-pack,pasta-rijst-wereldkeuken
617763,0,AH Pizzadeeg 2-pack,AH,pasta-rijst-wereldkeuken,"Maaltijden, salades",Pizzabodem (vers),3.82,3.98,4.0,4% volume voordeel,,,2 stuks,,True,AHOO,4% volume voordeel,2026-08-04,2999-12-31,,True,AH,https://www.ah.nl/producten/product/wi617763,2026-08-04,AH Pizzadeeg 2-pack,pasta-rijst-wereldkeuken
617764,0,AH Pizzadeeg 3-pack,AH,pasta-rijst-wereldkeuken,"Maaltijden, salades",Pizzabodem (vers),5.55,5.97,7.0,7% volume voordeel,,,3 stuks,,True,AHOO,7% volume voordeel,2026-08-04,2999-12-31,,True,AH,https://www.ah.nl/producten/product/wi617764,2026-08-04,AH Pizzadeeg 3-pack,pasta-rijst-wereldkeuken
468009,719493,AH Fusilli volkoren,AH,pasta-rijst-wereldkeuken,"Pasta, rijst, wereldkeuken","Fusilli, casarecce",1.25,1.25,,,,,500 g,prijs per kg €2.50,False,,,,,A,True,AH,https://www.ah.nl/producten/product/wi468009,2026-08-04,AH Fusilli volkoren,pasta-rijst-wereldkeuken
167781,644613,Conimex Kroepoek naturel,Conimex,pasta-rijst-wereldkeuken,"Pasta, rijst, wereldkeuken",Kroepoek,1.69,1.69,,,,,73 g,prijs per kg €23.15,False,,,,,E,True,AH,https://www.ah.nl/producten/product/wi167781,2026-08-04,Conimex Kroepoek naturel,pasta-rijst-wereldkeuken
612294,0,Heinz Tomato frito original 6-pack,Heinz,pasta-rijst-wereldkeuken,"Pasta, rijst, wereldkeuken","Gezeefde tomaten, frito, passata",7.09,8.34,15.0,15% volume voordeel,,,6 stuks,,True,AHOO,15% volume voordeel,2026-08-04,2999-12-31,,True,AH,https://www.ah.nl/producten/product/wi612294,2026-08-04,Heinz Tomato frito original 6-pack,pasta-rijst-wereldkeuken
133397,622080,Mars Minimix repen uitdeelzak,Mars,koek-snoep-chocolade,"Koek, snoep, chocolade",Candybars minis,5.99,5.99,,,,,500 g,prijs per kg €11.98,False,,,,,E,True,AH,https://www.ah.nl/producten/product/wi133397,2026-08-04,Mars Minimix repen uitdeelzak,koek-snoep-chocolade
599874,50850,Extra Refresh tropical,Extra,koek-snoep-chocolade,"Koek, snoep, chocolade",Kauwgom in pot,3.49,3.49,,,,,67 g,prijs per kg €52.09,False,,,,,B,True,AH,https://www.ah.nl/producten/product/wi599874,2026-08-04,Extra Refresh tropical,koek-snoep-chocolade
142548,616021,AH Roomboter stroopwafels,AH,koek-snoep-chocolade,"Koek, snoep, chocolade",Stroopwafels,2.19,2.19,,,,,12 stuks,,False,,,,,E,True,AH,https://www.ah.nl/producten/product/wi142548,2026-08-04,AH Roomboter stroopwafels,koek-snoep-chocolade
480030,734239,AH Zaans huisje melkchocolade,AH,koek-snoep-chocolade,"Koek, snoep, chocolade",Koekjes met chocolade,1.49,1.49,,,,,125 g,prijs per kg €11.92,False,,,,,E,True,AH,https://www.ah.nl/producten/product/wi480030,2026-08-04,AH Zaans huisje melkchocolade,koek-snoep-chocolade
3640,7918,LU Bastogne original,LU,koek-snoep-chocolade,"Koek, snoep, chocolade",Alledaagse koeken,2.15,2.15,,,,,260 g,prijs per kg €8.27,False,,,,,E,True,AH,https://www.ah.nl/producten/product/wi3640,2026-08-04,LU Bastogne original,koek-snoep-chocolade
606545,0,M&M'S & Maltesers Chocolade pakket,M&M'S,koek-snoep-chocolade,"Koek, snoep, chocolade",Chocolade bites,6.28,6.98,10.0,10% pakketkorting,,,per pakket,,True,AHOO,10% pakketkorting,2026-08-04,2999-12-31,,True,AH,https://www.ah.nl/producten/product/wi606545,2026-08-04,M&M'S & Maltesers Chocolade pakket,koek-snoep-chocolade
165965,637044,Oreo Original,Oreo,koek-snoep-chocolade,"Koek, snoep, chocolade",Koekjes met chocolade,1.15,1.15,,,,,154 g,prijs per kg €7.47,False,,,,,E,True,AH,https://www.ah.nl/producten/product/wi165965,2026-08-04,Oreo Original,koek-snoep-chocolade
605387,60036,AH Stroopwafels,AH,koek-snoep-chocolade,"Koek, snoep, chocolade",Stroopwafels,0.69,0.69,,,,,390 g,prijs per kg €1.77,False,,,,,E,True,AH,https://www.ah.nl/producten/product/wi605387,2026-08-04,AH Stroopwafels,koek-snoep-chocolade
378850,839074,AH Penny wafels,AH,koek-snoep-chocolade,"Koek, snoep, chocolade",Wafels,0.85,0.85,,,,,150 g,prijs per kg €5.67,False,,,,,E,True,AH,https://www.ah.nl/producten/product/wi378850,2026-08-04,AH Penny wafels,koek-snoep-chocolade
573535,0,LU Bastogne original 3-pack,LU,koek-snoep-chocolade,"Koek, snoep, chocolade",Alledaagse koeken,5.8,6.45,10.0,10% volume voordeel,,,3 stuks,,True,AHOO,10% volume voordeel,2026-08-04,2999-12-31,,True,AH,https://www.ah.nl/producten/product/wi573535,2026-08-04,LU Bastogne original 3-pack,koek-snoep-chocolade
611525,0,LU Bastogne original 2-pack,LU,koek-snoep-chocolade,"Koek, snoep, chocolade",Alledaagse koeken,4.08,4.3,5.0,5% volume voordeel,,,2 stuks,,True,AHOO,5% volume voordeel,2026-08-04,2999-12-31,,True,AH,https://www.ah.nl/producten/product/wi611525,2026-08-04,LU Bastogne original 2-pack,koek-snoep-chocolade
572362,0,Oreo Original koekjes 3-pack,Oreo,koek-snoep-chocolade,"Koek, snoep, chocolade",Koekjes met chocolade,3.21,3.45,7.0,7% volume voordeel,,,3 stuks,,True,AHOO,7% volume voordeel,2026-08-04,2999-12-31,,True,AH,https://www.ah.nl/producten/product/wi572362,2026-08-04,Oreo Original koekjes 3-pack,koek-snoep-chocolade
611556,0,Oreo Original 2-pack,Oreo,koek-snoep-chocolade,"Koek, snoep, chocolade",Koekjes met chocolade,2.18,2.3,5.0,5% volume voordeel,,,2 stuks,,True,AHOO,5% volume voordeel,2026-08-04,2999-12-31,,True,AH,https://www.ah.nl/producten/product/wi611556,2026-08-04,Oreo Original 2-pack,koek-snoep-chocolade
611557,0,Oreo Original 6-pack,Oreo,koek-snoep-chocolade,"Koek, snoep, chocolade",Koekjes met chocolade,6.21,6.9,10.0,10% volume voordeel,,,6 stuks,,True,AHOO,10% volume voordeel,2026-08-04,2999-12-31,,True,AH,https://www.ah.nl/producten/product/wi611557,2026-08-04,Oreo Original 6-pack,koek-snoep-chocolade
1035,17677,AH Lange vingers,AH,koek-snoep-chocolade,"Koek, snoep, chocolade",Lange vingers,1.59,1.59,,,,,200 g,prijs per kg €7.95,False,,,,,D,True,AH,https://www.ah.nl/producten/product/wi1035,2026-08-04,AH Lange vingers,koek-snoep-chocolade
1408,38456,Milka Chocoladereep alpenmelk,Milka,koek-snoep-chocolade,"Koek, snoep, chocolade",Melkchocolade,1.49,1.49,,,,,90 g,prijs per kg €16.56,False,,,,,E,True,AH,https://www.ah.nl/producten/product/wi1408,2026-08-04,Milka Chocoladereep alpenmelk,koek-snoep-chocolade
173733,768031,AH Roomboter custardcakes,AH,koek-snoep-chocolade,"Koek, snoep, chocolade",Cake,1.65,1.65,,,,,240 g,prijs per kg €6.88,False,,,,,E,True,AH,https://www.ah.nl/producten/product/wi173733,2026-08-04,AH Roomboter custardcakes,koek-snoep-chocolade
167428,643603,Hero B'tween mueslireep melkchocolade,Hero,koek-snoep-chocolade,Tussendoortjes,Mueslirepen,2.45,2.45,,,,,6 x 25 g,prijs per kg €16.33,False,,,,,,True,AH,https://www.ah.nl/producten/product/wi167428,2026-08-04,Hero B'tween mueslireep melkchocolade,koek-snoep-chocolade
396924,847928,AH Rozijnen zongedroogd,AH,koek-snoep-chocolade,Bakkerij,Rozijnen,3.89,3.89,,,,,750 g,prijs per kg €5.19,False,,,,,D,True,AH,https://www.ah.nl/producten/product/wi396924,2026-08-04,AH Rozijnen zongedroogd,koek-snoep-chocolade
168718,751928,Verkade Nizza kokos,Verkade,koek-snoep-chocolade,"Koek, snoep, chocolade",Theebiscuits,1.89,1.89,,,,,240 g,prijs per kg €7.88,False,,,,,E,True,AH,https://www.ah.nl/producten/product/wi168718,2026-08-04,Verkade Nizza kokos,koek-snoep-chocolade
3453,11057,Koopmans Mix voor pannenkoeken origineel,Koopmans,koek-snoep-chocolade,Bakkerij,Pannenkoekenmix,1.09,1.09,,,,,400 g,prijs per kg €2.73,False,,,,,C,True,AH,https://www.ah.nl/producten/product/wi3453,2026-08-04,Koopmans Mix voor pannenkoeken origineel,koek-snoep-chocolade
413082,856351,AH Biologisch Medjoul dadels,AH Biologisch,koek-snoep-chocolade,"Fruit, verse sappen",Vijgen en dadels,3.99,3.99,,,,,225 g,prijs per kg €17.73,False,,,,,C,True,AH,https://www.ah.nl/producten/product/wi413082,2026-08-04,AH Biologisch Medjoul dadels,koek-snoep-chocolade
142571,616518,AH Roze koeken mini,AH,koek-snoep-chocolade,"Koek, snoep, chocolade",Alledaagse koeken,1.19,1.19,,,,,210 g,prijs per kg €5.67,False,,,,,E,True,AH,https://www.ah.nl/producten/product/wi142571,2026-08-04,AH Roze koeken mini,koek-snoep-chocolade
127297,565947,Knoppers Melk Hazelnootwafel,Knoppers,koek-snoep-chocolade,"Koek, snoep, chocolade",Wafels,1.59,1.59,,,,,5 x 25 g,prijs per kg €12.72,False,,,,,,True,AH,https://www.ah.nl/producten/product/wi127297,2026-08-04,Knoppers Melk Hazelnootwafel,koek-snoep-chocolade
606529,0,Mars Minimix repen uitdeelzak 2-pack,Mars,koek-snoep-chocolade,"Koek, snoep, chocolade",Candybars minis,11.38,11.98,5.0,5% volume voordeel,,,2 stuks,,True,AHOO,5% volume voordeel,2026-08-04,2999-12-31,,True,AH,https://www.ah.nl/producten/product/wi606529,2026-08-04,Mars Minimix repen uitdeelzak 2-pack,koek-snoep-chocolade
615256,0,Verkade Nizza kokos 2-pack,Verkade,koek-snoep-chocolade,"Koek, snoep, chocolade",Theebiscuits,3.59,3.78,5.0,5% volume voordeel,,,2 stuks,,True,AHOO,5% volume voordeel,2026-08-04,2999-12-31,,True,AH,https://www.ah.nl/producten/product/wi615256,2026-08-04,Verkade Nizza kokos 2-pack,koek-snoep-chocolade
611536,0,Milka Chocoladereep alpenmelk 2-pack,Milka,koek-snoep-chocolade,"Koek, snoep, chocolade",Melkchocolade,2.83,2.98,5.0,5% volume voordeel,,,2 stuks,,True,AHOO,5% volume voordeel,2026-08-04,2999-12-31,,True,AH,https://www.ah.nl/producten/product/wi611536,2026-08-04,Milka Chocoladereep alpenmelk 2-pack,koek-snoep-chocolade
46865,96232,AH Digestive,AH,koek-snoep-chocolade,"Koek, snoep, chocolade",Alledaagse koeken,0.95,0.95,,,,,400 g,prijs per kg €2.38,False,,,,,D,True,AH,https://www.ah.nl/producten/product/wi46865,2026-08-04,AH Digestive,koek-snoep-chocolade
196282,504065,AH Reep puur,AH,koek-snoep-chocolade,"Koek, snoep, chocolade",Pure chocolade repen,0.95,0.95,,,,,100 g,prijs per kg €9.50,False,,,,,E,True,AH,https://www.ah.nl/producten/product/wi196282,2026-08-04,AH Reep puur,koek-snoep-chocolade
606531,0,Mars Minimix repen uitdeelzak 4-pack,Mars,koek-snoep-chocolade,"Koek, snoep, chocolade",Candybars minis,20.37,23.96,15.0,15% volume voordeel,,,4 stuks,,True,AHOO,15% volume voordeel,2026-08-04,2999-12-31,,True,AH,https://www.ah.nl/producten/product/wi606531,2026-08-04,Mars Minimix repen uitdeelzak 4-pack,koek-snoep-chocolade
517311,698043,AH Roomboter kano's,AH,koek-snoep-chocolade,"Koek, snoep, chocolade",Gevulde koeken,1.55,1.55,,,,,270 g,prijs per kg €5.74,False,,,,,E,True,AH,https://www.ah.nl/producten/product/wi517311,2026-08-04,AH Roomboter kano's,koek-snoep-chocolade
435940,700399,AH Reep witte chocolade,AH,koek-snoep-chocolade,"Koek, snoep, chocolade",Witte chocolade repen,0.99,0.99,,,,,100 g,prijs per kg €9.90,False,,,,,E,True,AH,https://www.ah.nl/producten/product/wi435940,2026-08-04,AH Reep witte chocolade,koek-snoep-chocolade
611539,0,Milka Chocoladereep alpenmelk 6-pack,Milka,koek-snoep-chocolade,"Koek, snoep, chocolade",Melkchocolade,8.05,8.94,10.0,10% volume voordeel,,,6 stuks,,True,AHOO,10% volume voordeel,2026-08-04,2999-12-31,,True,AH,https://www.ah.nl/producten/product/wi611539,2026-08-04,Milka Chocoladereep alpenmelk 6-pack,koek-snoep-chocolade
569845,10118,M&M'S Pinda melk chocolade,M&M'S,koek-snoep-chocolade,"Koek, snoep, chocolade",Chocolade bites,3.69,3.69,,,,,200 g,prijs per kg €18.45,False,,,,,E,True,AH,https://www.ah.nl/producten/product/wi569845,2026-08-04,M&M'S Pinda melk chocolade,koek-snoep-chocolade
615257,0,Verkade Nizza kokos 3-pack,Verkade,koek-snoep-chocolade,"Koek, snoep, chocolade",Theebiscuits,5.1,5.67,10.0,10% volume voordeel,,,3 stuks,,True,AHOO,10% volume voordeel,2026-08-04,2999-12-31,,True,AH,https://www.ah.nl/producten/product/wi615257,2026-08-04,Verkade Nizza kokos 3-pack,koek-snoep-chocolade
611537,0,Milka Chocoladereep alpenmelk 3-pack,Milka,koek-snoep-chocolade,"Koek, snoep, chocolade",Melkchocolade,4.16,4.47,7.0,7% volume voordeel,,,3 stuks,,True,AHOO,7% volume voordeel,2026-08-04,2999-12-31,,True,AH,https://www.ah.nl/producten/product/wi611537,2026-08-04,Milka Chocoladereep alpenmelk 3-pack,koek-snoep-chocolade
603848,57403,"Peijnenburg Tussendoor+ granen, pitten & fruit",Peijnenburg,tussendoortjes,"Ontbijtgranen, beleg",Ontbijtkoekrepen,2.69,2.69,,,,,4 stuks,,False,,,,,A,True,AH,https://www.ah.nl/producten/product/wi603848,2026-08-04,"Peijnenburg Tussendoor+ granen, pitten & fruit",tussendoortjes
382538,842149,AH Biologisch Maiswafels met zeezout,AH Biologisch,tussendoortjes,"Ontbijtgranen, beleg",Maiswafels,0.99,0.99,,,,,130 g,prijs per kg €7.62,False,,,,,B,True,AH,https://www.ah.nl/producten/product/wi382538,2026-08-04,AH Biologisch Maiswafels met zeezout,tussendoortjes
566960,5076,Nakd. Protein bars caramel,Nakd.,tussendoortjes,Tussendoortjes,Proteïnerepen,3.79,3.79,,,,,3 stuks,,False,,,,,C,True,AH,https://www.ah.nl/producten/product/wi566960,2026-08-04,Nakd. Protein bars caramel,tussendoortjes
502389,813914,AH Biologisch Snoepgroente tomaat,AH Biologisch,tussendoortjes,"Groente, aardappelen",Snoepgroente,3.99,3.99,,,,,400 g,prijs per kg €9.98,False,,,,,A,True,AH,https://www.ah.nl/producten/product/wi502389,2026-08-04,AH Biologisch Snoepgroente tomaat,tussendoortjes
388475,844475,AH Verse granaatappelpitjes,AH,tussendoortjes,"Fruit, verse sappen",Fruitsalade,1.6667,2.49,33.1,3 voor 5.00,5.0,3.0,90 g,normale prijs per kg €27.67,True,AH,3 voor 5.00,2026-08-03,2026-08-09,A,True,AH,https://www.ah.nl/producten/product/wi388475,2026-08-04,AH Verse granaatappelpitjes,tussendoortjes
502289,818887,AH Snoepgroente paprikamix,AH,tussendoortjes,"Groente, aardappelen",Snoepgroente,1.6667,2.29,27.2,3 voor 5.00,5.0,3.0,175 g,normale prijs per kg €13.09,True,AH,3 voor 5.00,2026-08-03,2026-08-09,A,True,AH,https://www.ah.nl/producten/product/wi502289,2026-08-04,AH Snoepgroente paprikamix,tussendoortjes
465601,714549,AH Snoepgroente tomaat,AH,tussendoortjes,"Groente, aardappelen",Snoepgroente,5.99,5.99,,,,,1 kg,prijs per kg €5.99,False,,,,,A,True,AH,https://www.ah.nl/producten/product/wi465601,2026-08-04,AH Snoepgroente tomaat,tussendoortjes
518107,69687,AH Biologisch Dunne maïswafels met zeezout,AH Biologisch,tussendoortjes,"Ontbijtgranen, beleg",Maiswafels,1.49,1.49,,,,,100 g,prijs per kg €14.90,False,,,,,B,True,AH,https://www.ah.nl/producten/product/wi518107,2026-08-04,AH Biologisch Dunne maïswafels met zeezout,tussendoortjes
168655,751957,Zonnatura Maïswafels,Zonnatura,tussendoortjes,"Ontbijtgranen, beleg",Maiswafels,1.19,1.19,,,,,100 g,prijs per kg €11.90,False,,,,,B,True,AH,https://www.ah.nl/producten/product/wi168655,2026-08-04,Zonnatura Maïswafels,tussendoortjes
619411,0,AH Biologisch Dunne maÃ¯swafels met zeezout 4-pack,AH Biologisch,tussendoortjes,"Ontbijtgranen, beleg",Maiswafels,5.72,5.96,4.0,4% volume voordeel,,,4 stuks,,True,AHOO,4% volume voordeel,2026-08-04,2999-12-31,,True,AH,https://www.ah.nl/producten/product/wi619411,2026-08-04,AH Biologisch Dunne maÃ¯swafels met zeezout 4-pack,tussendoortjes
490798,745271,AH Snoepgroente komkommer,AH,tussendoortjes,"Groente, aardappelen",Snoepgroente,3.39,3.39,,,,,400 g,prijs per kg €8.48,False,,,,,A,True,AH,https://www.ah.nl/producten/product/wi490798,2026-08-04,AH Snoepgroente komkommer,tussendoortjes
619409,0,AH Biologisch Dunne maÃ¯swafels met zeezout 2-pack,AH Biologisch,tussendoortjes,"Ontbijtgranen, beleg",Maiswafels,2.92,2.98,2.0,2% volume voordeel,,,2 stuks,,True,AHOO,2% volume voordeel,2026-08-04,2999-12-31,,True,AH,https://www.ah.nl/producten/product/wi619409,2026-08-04,AH Biologisch Dunne maÃ¯swafels met zeezout 2-pack,tussendoortjes
619410,0,AH Biologisch Dunne maÃ¯swafels met zeezout 3-pack,AH Biologisch,tussendoortjes,"Ontbijtgranen, beleg",Maiswafels,4.34,4.47,3.0,3% volume voordeel,,,3 stuks,,True,AHOO,3% volume voordeel,2026-08-04,2999-12-31,,True,AH,https://www.ah.nl/producten/product/wi619410,2026-08-04,AH Biologisch Dunne maÃ¯swafels met zeezout 3-pack,tussendoortjes
544086,63427,AH Verse mango,AH,tussendoortjes,"Fruit, verse sappen",Fruitsalade,1.6667,2.49,33.1,3 voor 5.00,5.0,3.0,120 g,normale prijs per kg €20.75,True,AH,3 voor 5.00,2026-08-03,2026-08-09,A,True,AH,https://www.ah.nl/producten/product/wi544086,2026-08-04,AH Verse mango,tussendoortjes
133713,563952,AH Verse ananas stukjes,AH,tussendoortjes,"Fruit, verse sappen",Fruitsalade,2.89,2.89,,,,,250 g,prijs per kg €11.56,False,,,,,A,True,AH,https://www.ah.nl/producten/product/wi133713,2026-08-04,AH Verse ananas stukjes,tussendoortjes
520805,886718,AH Snoepgroente tomatenmix,AH,tussendoortjes,"Groente, aardappelen",Snoepgroente,1.6667,2.29,27.2,3 voor 5.00,5.0,3.0,250 g,normale prijs per kg €9.16,True,AH,3 voor 5.00,2026-08-03,2026-08-09,A,True,AH,https://www.ah.nl/producten/product/wi520805,2026-08-04,AH Snoepgroente tomatenmix,tussendoortjes
477439,730841,AH Dunne maiswafels kaas 4-pack,AH,tussendoortjes,"Ontbijtgranen, beleg",Maiswafels,1.35,1.35,,,,,104 g,prijs per kg €12.98,False,,,,,C,True,AH,https://www.ah.nl/producten/product/wi477439,2026-08-04,AH Dunne maiswafels kaas 4-pack,tussendoortjes
166806,642658,AH Dikke rijstwafels meergranen,AH,tussendoortjes,"Ontbijtgranen, beleg",Rijstwafels,1.19,1.19,,,,,120 g,prijs per kg €9.92,False,,,,,B,True,AH,https://www.ah.nl/producten/product/wi166806,2026-08-04,AH Dikke rijstwafels meergranen,tussendoortjes
604302,57935,AH Dunne linzenwafels paprika smaak 4-pack,AH,tussendoortjes,"Ontbijtgranen, beleg","Linzenwafels, kikkererwtwafels",2.19,2.19,,,,,4 stuks,,False,,,,,A,True,AH,https://www.ah.nl/producten/product/wi604302,2026-08-04,AH Dunne linzenwafels paprika smaak 4-pack,tussendoortjes
217848,812700,AH Ontbijtkoek naturel gesneden,AH,tussendoortjes,"Ontbijtgranen, beleg",Ontbijtkoek (gesneden),1.45,1.45,,,,,485 g,prijs per kg €2.99,False,,,,,D,True,AH,https://www.ah.nl/producten/product/wi217848,2026-08-04,AH Ontbijtkoek naturel gesneden,tussendoortjes
435427,46885,AH Snoepgroente worteltjes,AH,tussendoortjes,"Groente, aardappelen",Snoepgroente,2.99,2.99,,,,,650 g,prijs per kg €4.60,False,,,,,A,True,AH,https://www.ah.nl/producten/product/wi435427,2026-08-04,AH Snoepgroente worteltjes,tussendoortjes
622456,0,AH Dunne linzenwafel paprika smaak 4x 2pack,AH,tussendoortjes,"Ontbijtgranen, beleg","Linzenwafels, kikkererwtwafels",4.29,4.38,2.0,2% volume voordeel,,,2 stuks,,True,AHOO,2% volume voordeel,2026-08-04,2999-12-31,,True,AH,https://www.ah.nl/producten/product/wi622456,2026-08-04,AH Dunne linzenwafel paprika smaak 4x 2pack,tussendoortjes
622458,0,AH Dunne linzenwafels paprika smaak 4x 4pck,AH,tussendoortjes,"Ontbijtgranen, beleg","Linzenwafels, kikkererwtwafels",8.41,8.76,4.0,4% volume voordeel,,,4 stuks,,True,AHOO,4% volume voordeel,2026-08-04,2999-12-31,,True,AH,https://www.ah.nl/producten/product/wi622458,2026-08-04,AH Dunne linzenwafels paprika smaak 4x 4pck,tussendoortjes
611526,0,LU Mini crackers naturel 2-pack,LU,tussendoortjes,Bakkerij,Toast crackers,4.35,4.58,5.0,5% volume voordeel,,,2 stuks,,True,AHOO,5% volume voordeel,2026-08-04,2999-12-31,,True,AH,https://www.ah.nl/producten/product/wi611526,2026-08-04,LU Mini crackers naturel 2-pack,tussendoortjes
622457,0,AH Dunne linzenwafels paprika smaak 4x 3pck,AH,tussendoortjes,"Ontbijtgranen, beleg","Linzenwafels, kikkererwtwafels",6.37,6.57,3.0,3% volume voordeel,,,3 stuks,,True,AHOO,3% volume voordeel,2026-08-04,2999-12-31,,True,AH,https://www.ah.nl/producten/product/wi622457,2026-08-04,AH Dunne linzenwafels paprika smaak 4x 3pck,tussendoortjes
517892,70008,AH Dunne maïswafels melkchocolade 4-pack,AH,tussendoortjes,"Ontbijtgranen, beleg",Maiswafels,2.19,2.19,,,,,136 g,prijs per kg €16.10,False,,,,,E,True,AH,https://www.ah.nl/producten/product/wi517892,2026-08-04,AH Dunne maïswafels melkchocolade 4-pack,tussendoortjes
614420,72056,Knorr Good noodles kip,Knorr,tussendoortjes,"Soepen, sauzen, kruiden, olie",Noedelsoep kip,0.59,1.19,50.0,50% korting,,,70 g,normale prijs per kg €17.00,True,AH,50% korting,2026-08-03,2026-08-09,C,True,AH,https://www.ah.nl/producten/product/wi614420,2026-08-04,Knorr Good noodles kip,tussendoortjes
624122,0,Knorr Good noodles kip 6-pack,Knorr,tussendoortjes,"Soepen, sauzen, kruiden, olie",Noedelsoep kip,3.57,7.14,50.0,pakketkorting,,,6 stuks,,True,AHOO,,2026-08-04,2026-08-09,,True,AH,https://www.ah.nl/producten/product/wi624122,2026-08-04,Knorr Good noodles kip 6-pack,tussendoortjes
624120,0,Knorr Good noodles kip 4-pack,Knorr,tussendoortjes,"Soepen, sauzen, kruiden, olie",Noedelsoep kip,2.38,4.76,50.0,pakketkorting,,,4 stuks,,True,AHOO,,2026-08-04,2026-08-09,,True,AH,https://www.ah.nl/producten/product/wi624120,2026-08-04,Knorr Good noodles kip 4-pack,tussendoortjes
217850,812702,AH Ontbijtkoek volkoren gesneden,AH,tussendoortjes,"Ontbijtgranen, beleg",Ontbijtkoek (gesneden),1.39,1.39,,,,,485 g,prijs per kg €2.87,False,,,,,D,True,AH,https://www.ah.nl/producten/product/wi217850,2026-08-04,AH Ontbijtkoek volkoren gesneden,tussendoortjes
624118,0,Knorr Good noodles kip 2-pack,Knorr,tussendoortjes,"Soepen, sauzen, kruiden, olie",Noedelsoep kip,1.19,2.38,50.0,pakketkorting,,,2 stuks,,True,AHOO,,2026-08-04,2026-08-09,,True,AH,https://www.ah.nl/producten/product/wi624118,2026-08-04,Knorr Good noodles kip 2-pack,tussendoortjes
584737,0,LU Mini crackers naturel 3-pack,LU,tussendoortjes,Bakkerij,Toast crackers,6.18,6.87,10.0,10% volume voordeel,,,3 stuks,,True,AHOO,10% volume voordeel,2026-08-04,2999-12-31,,True,AH,https://www.ah.nl/producten/product/wi584737,2026-08-04,LU Mini crackers naturel 3-pack,tussendoortjes
382537,842148,AH Biologisch Maiswafels met zeezout langwerpig,AH Biologisch,tussendoortjes,"Ontbijtgranen, beleg",Maiswafels,1.49,1.49,,,,,130 g,prijs per kg €11.46,False,,,,,C,True,AH,https://www.ah.nl/producten/product/wi382537,2026-08-04,AH Biologisch Maiswafels met zeezout langwerpig,tussendoortjes
619406,0,AH Dunne maiswafels melkchocolade 4x 2-pack,AH,tussendoortjes,"Ontbijtgranen, beleg",Maiswafels,4.29,4.38,2.0,2% volume voordeel,,,2 stuks,,True,AHOO,2% volume voordeel,2026-08-04,2999-12-31,,True,AH,https://www.ah.nl/producten/product/wi619406,2026-08-04,AH Dunne maiswafels melkchocolade 4x 2-pack,tussendoortjes
136785,607322,AH Luchtige crackers naturel,AH,tussendoortjes,Bakkerij,Crackers,1.35,1.35,,,,,250 g,prijs per kg €5.40,False,,,,,A,True,AH,https://www.ah.nl/producten/product/wi136785,2026-08-04,AH Luchtige crackers naturel,tussendoortjes
619408,0,AH Dunne maiswafels melkchocolade 4x 4-pack,AH,tussendoortjes,"Ontbijtgranen, beleg",Maiswafels,8.41,8.76,4.0,4% volume voordeel,,,4 stuks,,True,AHOO,4% volume voordeel,2026-08-04,2999-12-31,,True,AH,https://www.ah.nl/producten/product/wi619408,2026-08-04,AH Dunne maiswafels melkchocolade 4x 4-pack,tussendoortjes
611527,0,LU Mini crackers naturel 4-pack,LU,tussendoortjes,Bakkerij,Toast crackers,8.06,9.16,12.0,12% volume voordeel,,,4 stuks,,True,AHOO,12% volume voordeel,2026-08-04,2999-12-31,,True,AH,https://www.ah.nl/producten/product/wi611527,2026-08-04,LU Mini crackers naturel 4-pack,tussendoortjes
619407,0,AH Dunne maiswafels melkchocolade 4x 3-pack,AH,tussendoortjes,"Ontbijtgranen, beleg",Maiswafels,6.37,6.57,3.0,3% volume voordeel,,,3 stuks,,True,AHOO,3% volume voordeel,2026-08-04,2999-12-31,,True,AH,https://www.ah.nl/producten/product/wi619407,2026-08-04,AH Dunne maiswafels melkchocolade 4x 3-pack,tussendoortjes
114389,547231,Liga Cracotte vezelrijk,Liga,tussendoortjes,Bakkerij,Crackers,2.19,2.19,,,,,250 g,prijs per kg €8.76,False,,,,,C,True,AH,https://www.ah.nl/producten/product/wi114389,2026-08-04,Liga Cracotte vezelrijk,tussendoortjes
387920,845281,Wasa Vezelrijk,Wasa,tussendoortjes,Bakkerij,Knackebrod,1.99,1.99,,,,,300 g,prijs per kg €6.63,False,,,,,A,True,AH,https://www.ah.nl/producten/product/wi387920,2026-08-04,Wasa Vezelrijk,tussendoortjes
606909,62287,Knorr Good noodles kip,Knorr,tussendoortjes,"Soepen, sauzen, kruiden, olie",Noedelsoep kip,1.09,2.19,50.0,50% korting,,,65 g,normale prijs per kg €33.69,True,AH,50% korting,2026-08-03,2026-08-09,C,True,AH,https://www.ah.nl/producten/product/wi606909,2026-08-04,Knorr Good noodles kip,tussendoortjes
624119,0,Knorr Good noodles kip 4pack,Knorr,tussendoortjes,"Soepen, sauzen, kruiden, olie",Noedelsoep kip,4.38,8.76,50.0,pakketkorting,,,4 stuks,,True,AHOO,,2026-08-04,2026-08-09,,True,AH,https://www.ah.nl/producten/product/wi624119,2026-08-04,Knorr Good noodles kip 4pack,tussendoortjes
624121,0,Knorr Good noodles kip 6pack,Knorr,tussendoortjes,"Soepen, sauzen, kruiden, olie",Noedelsoep kip,6.57,13.14,50.0,pakketkorting,,,6 stuks,,True,AHOO,,2026-08-04,2026-08-09,,True,AH,https://www.ah.nl/producten/product/wi624121,2026-08-04,Knorr Good noodles kip 6pack,tussendoortjes
624117,0,Knorr Good noodles kip 2pack,Knorr,tussendoortjes,"Soepen, sauzen, kruiden, olie",Noedelsoep kip,2.19,4.38,50.0,pakketkorting,,,2 stuks,,True,AHOO,,2026-08-04,2026-08-09,,True,AH,https://www.ah.nl/producten/product/wi624117,2026-08-04,Knorr Good noodles kip 2pack,tussendoortjes
572389,0,Liga Cracotte vezelrijk,Liga,tussendoortjes,Bakkerij,Crackers,6.24,6.57,5.0,5% volume voordeel,,,3 stuks,,True,AHOO,5% volume voordeel,2026-08-04,2999-12-31,,True,AH,https://www.ah.nl/producten/product/wi572389,2026-08-04,Liga Cracotte vezelrijk,tussendoortjes
457697,647616,Snelle Jelle Kruidkoek naturel 5-pack,Snelle Jelle,tussendoortjes,"Ontbijtgranen, beleg",Ontbijtkoekrepen,2.89,2.89,,,,,5 stuks,prijs per kg €8.89,False,,,,,D,True,AH,https://www.ah.nl/producten/product/wi457697,2026-08-04,Snelle Jelle Kruidkoek naturel 5-pack,tussendoortjes
607910,0,Snelle Jelle Kruidkoek naturel 10-pack,Snelle Jelle,tussendoortjes,"Ontbijtgranen, beleg",Ontbijtkoekrepen,5.2,5.78,10.0,10% volume voordeel,,,2 stuks,,True,AHOO,10% volume voordeel,2026-08-04,2999-12-31,,True,AH,https://www.ah.nl/producten/product/wi607910,2026-08-04,Snelle Jelle Kruidkoek naturel 10-pack,tussendoortjes
611523,0,Liga Cracotte vezelrijk 5-pack,Liga,tussendoortjes,Bakkerij,Crackers,9.85,10.95,10.0,10% volume voordeel,,,5 stuks,,True,AHOO,10% volume voordeel,2026-08-04,2999-12-31,,True,AH,https://www.ah.nl/producten/product/wi611523,2026-08-04,Liga Cracotte vezelrijk 5-pack,tussendoortjes
509423,725718,AH Snoepgroente pitloze paprika rood,AH,tussendoortjes,"Groente, aardappelen",Snoepgroente,1.6667,2.29,27.2,3 voor 5.00,5.0,3.0,175 g,normale prijs per kg €13.09,True,AH,3 voor 5.00,2026-08-03,2026-08-09,A,True,AH,https://www.ah.nl/producten/product/wi509423,2026-08-04,AH Snoepgroente pitloze paprika rood,tussendoortjes
130084,101806,Yum Yum Chicken flavour instant noodles,Yum Yum,tussendoortjes,"Soepen, sauzen, kruiden, olie",Noedelsoep kip,0.65,0.65,,,,,60 g,prijs per kg €10.83,False,,,,,C,True,AH,https://www.ah.nl/producten/product/wi130084,2026-08-04,Yum Yum Chicken flavour instant noodles,tussendoortjes
465600,714548,AH Snoepgroente komkommer,AH,tussendoortjes,"Groente, aardappelen",Snoepgroente,3.99,5.79,31.1,voor 3.99,3.99,,700 g,normale prijs per kg €8.27,True,AH,VOOR 3.99,2026-08-03,2026-08-09,A,True,AH,https://www.ah.nl/producten/product/wi465600,2026-08-04,AH Snoepgroente komkommer,tussendoortjes
477560,730842,AH Dunne maiswafels sour cream 4-pack,AH,tussendoortjes,"Ontbijtgranen, beleg",Maiswafels,1.35,1.35,,,,,104 g,prijs per kg €12.98,False,,,,,C,True,AH,https://www.ah.nl/producten/product/wi477560,2026-08-04,AH Dunne maiswafels sour cream 4-pack,tussendoortjes
387907,845208,Wasa Sesam,Wasa,tussendoortjes,Bakkerij,Knackebrod,1.65,1.65,,,,,250 g,prijs per kg €6.60,False,,,,,A,True,AH,https://www.ah.nl/producten/product/wi387907,2026-08-04,Wasa Sesam,tussendoortjes
456237,615409,AH Biologisch Maiswafels lijnzaad,AH Biologisch,tussendoortjes,"Ontbijtgranen, beleg",Maiswafels,1.65,1.65,,,,,150 g,prijs per kg €11.00,False,,,,,B,True,AH,https://www.ah.nl/producten/product/wi456237,2026-08-04,AH Biologisch Maiswafels lijnzaad,tussendoortjes
3771,7912,Liga Evergreen krenten,Liga,tussendoortjes,Tussendoortjes,Fruitbiscuit en melkbiscuit,2.89,2.89,,,,,225 g,prijs per kg €12.84,False,,,,,C,True,AH,https://www.ah.nl/producten/product/wi3771,2026-08-04,Liga Evergreen krenten,tussendoortjes
520300,591685,AH Verse meloenmix,AH,tussendoortjes,"Fruit, verse sappen",Fruitsalade,1.6667,2.49,33.1,3 voor 5.00,5.0,3.0,150 g,normale prijs per kg €16.60,True,AH,3 voor 5.00,2026-08-03,2026-08-09,A,True,AH,https://www.ah.nl/producten/product/wi520300,2026-08-04,AH Verse meloenmix,tussendoortjes
513521,14404,Snack a Jacks Smokey barbecue paprika,Snack a Jacks,tussendoortjes,"Ontbijtgranen, beleg",Rijstwafels,2.39,2.39,,,,,103 g,prijs per kg €23.20,False,,,,,C,True,AH,https://www.ah.nl/producten/product/wi513521,2026-08-04,Snack a Jacks Smokey barbecue paprika,tussendoortjes
567265,5514,Gran Pavesi Le sfoglie classiche,Gran Pavesi,tussendoortjes,Bakkerij,Toast crackers,2.85,2.85,,,,,180 g,prijs per kg €15.83,False,,,,,D,True,AH,https://www.ah.nl/producten/product/wi567265,2026-08-04,Gran Pavesi Le sfoglie classiche,tussendoortjes
520318,886443,AH Verse ananas,AH,tussendoortjes,"Fruit, verse sappen",Fruitsalade,1.6667,2.49,33.1,3 voor 5.00,5.0,3.0,150 g,normale prijs per kg €16.60,True,AH,3 voor 5.00,2026-08-03,2026-08-09,A,True,AH,https://www.ah.nl/producten/product/wi520318,2026-08-04,AH Verse ananas,tussendoortjes
491167,745533,AH Snoepgroente tomatenmix,AH,tussendoortjes,"Groente, aardappelen",Snoepgroente,2.99,2.99,,,,,400 g,prijs per kg €7.48,False,,,,,A,True,AH,https://www.ah.nl/producten/product/wi491167,2026-08-04,AH Snoepgroente tomatenmix,tussendoortjes
225345,819622,Barber Cream crackers,Barber,tussendoortjes,Bakkerij,Toast crackers,1.79,1.79,,,,,300 g,prijs per kg €5.97,False,,,,,D,True,AH,https://www.ah.nl/producten/product/wi225345,2026-08-04,Barber Cream crackers,tussendoortjes
614421,72057,Knorr Good noodles groente,Knorr,tussendoortjes,"Soepen, sauzen, kruiden, olie",Noedelsoep groenten,0.59,1.19,50.0,50% korting,,,70 g,normale prijs per kg €17.00,True,AH,50% korting,2026-08-03,2026-08-09,C,True,AH,https://www.ah.nl/producten/product/wi614421,2026-08-04,Knorr Good noodles groente,tussendoortjes
407188,852795,AH Fruitbiscuit bosvruchtensmaak,AH,tussendoortjes,Tussendoortjes,Fruitbiscuit en melkbiscuit,1.29,1.29,,,,,262 g,prijs per kg €4.92,False,,,,,C,True,AH,https://www.ah.nl/producten/product/wi407188,2026-08-04,AH Fruitbiscuit bosvruchtensmaak,tussendoortjes
389565,846463,LU Mini crackers zout,LU,tussendoortjes,Bakkerij,Toast crackers,2.29,2.29,,,,,250 g,prijs per kg €9.16,False,,,,,E,True,AH,https://www.ah.nl/producten/product/wi389565,2026-08-04,LU Mini crackers zout,tussendoortjes
3631,46117,Liga Cracotte naturel,Liga,tussendoortjes,Bakkerij,Crackers,2.19,2.19,,,,,250 g,prijs per kg €8.76,False,,,,,D,True,AH,https://www.ah.nl/producten/product/wi3631,2026-08-04,Liga Cracotte naturel,tussendoortjes
624113,0,Knorr Good noodles groente 6-pack,Knorr,tussendoortjes,"Soepen, sauzen, kruiden, olie",Noedelsoep groenten,3.57,7.14,50.0,pakketkorting,,,6 stuks,,True,AHOO,,2026-08-04,2026-08-09,,True,AH,https://www.ah.nl/producten/product/wi624113,2026-08-04,Knorr Good noodles groente 6-pack,tussendoortjes
544525,50312,AH Kruidkoekreep naturel 6-pack,AH,tussendoortjes,"Ontbijtgranen, beleg",Ontbijtkoekrepen,1.25,1.25,,,,,390 g,prijs per kg €3.21,False,,,,,D,True,AH,https://www.ah.nl/producten/product/wi544525,2026-08-04,AH Kruidkoekreep naturel 6-pack,tussendoortjes
624111,0,Knorr Good noodles groente 4-pack,Knorr,tussendoortjes,"Soepen, sauzen, kruiden, olie",Noedelsoep groenten,2.38,4.76,50.0,pakketkorting,,,4 stuks,,True,AHOO,,2026-08-04,2026-08-09,,True,AH,https://www.ah.nl/producten/product/wi624111,2026-08-04,Knorr Good noodles groente 4-pack,tussendoortjes
407185,852792,AH Fruitbiscuit appelsmaak,AH,tussendoortjes,Tussendoortjes,Fruitbiscuit en melkbiscuit,1.29,1.29,,,,,262 g,prijs per kg €4.92,False,,,,,C,True,AH,https://www.ah.nl/producten/product/wi407185,2026-08-04,AH Fruitbiscuit appelsmaak,tussendoortjes
624109,0,Knorr Good noodles groente 2-pack,Knorr,tussendoortjes,"Soepen, sauzen, kruiden, olie",Noedelsoep groenten,1.19,2.38,50.0,pakketkorting,,,2 stuks,,True,AHOO,,2026-08-04,2026-08-09,,True,AH,https://www.ah.nl/producten/product/wi624109,2026-08-04,Knorr Good noodles groente 2-pack,tussendoortjes
518742,597225,Hero B'tween mueslireep zero melkchocolade,Hero,tussendoortjes,Tussendoortjes,Mueslirepen,2.45,2.45,,,,,120 g,prijs per kg €20.42,False,,,,,,True,AH,https://www.ah.nl/producten/product/wi518742,2026-08-04,Hero B'tween mueslireep zero melkchocolade,tussendoortjes
563579,795,Bolletje Crackers protein low carb,Bolletje,tussendoortjes,Bakkerij,Crackers,2.99,2.99,,,,,190 g,prijs per kg €15.74,False,,,,,A,True,AH,https://www.ah.nl/producten/product/wi563579,2026-08-04,Bolletje Crackers protein low carb,tussendoortjes
544527,589086,AH Kruidkoekreep zero 5-pack,AH,tussendoortjes,"Ontbijtgranen, beleg",Ontbijtkoekrepen,1.19,1.19,,,,,210 g,prijs per kg €5.67,False,,,,,A,True,AH,https://www.ah.nl/producten/product/wi544527,2026-08-04,AH Kruidkoekreep zero 5-pack,tussendoortjes
388479,844479,AH Verse mango sticks grootverpakking,AH,tussendoortjes,"Fruit, verse sappen",Fruitsalade,4.89,4.89,,,,,360 g,prijs per kg €13.58,False,,,,,A,True,AH,https://www.ah.nl/producten/product/wi388479,2026-08-04,AH Verse mango sticks grootverpakking,tussendoortjes
572372,0,Liga Evergreen krenten 3-pack,Liga,tussendoortjes,Tussendoortjes,Fruitbiscuit en melkbiscuit,7.8,8.67,10.0,10% volume voordeel,,,3 stuks,,True,AHOO,10% volume voordeel,2026-08-04,2999-12-31,,True,AH,https://www.ah.nl/producten/product/wi572372,2026-08-04,Liga Evergreen krenten 3-pack,tussendoortjes
594137,42619,AH Verse watermeloen,AH,tussendoortjes,"Fruit, verse sappen",Fruitsalade,1.6667,2.49,33.1,3 voor 5.00,5.0,3.0,150 g,normale prijs per kg €16.60,True,AH,3 voor 5.00,2026-08-03,2026-08-09,,True,AH,https://www.ah.nl/producten/product/wi594137,2026-08-04,AH Verse watermeloen,tussendoortjes
611524,0,Liga Evergreen krenten 2-pack,Liga,tussendoortjes,Tussendoortjes,Fruitbiscuit en melkbiscuit,5.49,5.78,5.0,5% volume voordeel,,,2 stuks,,True,AHOO,5% volume voordeel,2026-08-04,2999-12-31,,True,AH,https://www.ah.nl/producten/product/wi611524,2026-08-04,Liga Evergreen krenten 2-pack,tussendoortjes
611529,0,LU Mini crackers zout 2-pack,LU,tussendoortjes,Bakkerij,Toast crackers,4.35,4.58,5.0,5% volume voordeel,,,2 stuks,,True,AHOO,5% volume voordeel,2026-08-04,2999-12-31,,True,AH,https://www.ah.nl/producten/product/wi611529,2026-08-04,LU Mini crackers zout 2-pack,tussendoortjes
30182,80996,AH Haverkoekjes naturel,AH,tussendoortjes,Tussendoortjes,Haverrepen,1.19,1.19,,,,,300 g,prijs per kg €3.97,False,,,,,D,True,AH,https://www.ah.nl/producten/product/wi30182,2026-08-04,AH Haverkoekjes naturel,tussendoortjes
619282,0,AH Verse mango sticks grootverpakking 2-pck,AH,tussendoortjes,"Fruit, verse sappen",Fruitsalade,9.58,9.78,2.0,2% volume voordeel,,,2 stuks,,True,AHOO,2% volume voordeel,2026-08-04,2999-12-31,,True,AH,https://www.ah.nl/producten/product/wi619282,2026-08-04,AH Verse mango sticks grootverpakking 2-pck,tussendoortjes
619284,0,AH Verse mango sticks grootverpakking 4-pk,AH,tussendoortjes,"Fruit, verse sappen",Fruitsalade,18.58,19.56,5.0,5% volume voordeel,,,4 stuks,,True,AHOO,5% volume voordeel,2026-08-04,2999-12-31,,True,AH,https://www.ah.nl/producten/product/wi619284,2026-08-04,AH Verse mango sticks grootverpakking 4-pk,tussendoortjes
619283,0,AH Verse mango sticks grootverpakking 3-pck,AH,tussendoortjes,"Fruit, verse sappen",Fruitsalade,14.23,14.67,3.0,3% volume voordeel,,,3 stuks,,True,AHOO,3% volume voordeel,2026-08-04,2999-12-31,,True,AH,https://www.ah.nl/producten/product/wi619283,2026-08-04,AH Verse mango sticks grootverpakking 3-pck,tussendoortjes
457696,647569,Hero B'tween mueslireep zero witte chocolade,Hero,tussendoortjes,Tussendoortjes,Mueslirepen,2.39,2.39,,,,,120 g,prijs per kg €19.92,False,,,,,,True,AH,https://www.ah.nl/producten/product/wi457696,2026-08-04,Hero B'tween mueslireep zero witte chocolade,tussendoortjes
615741,0,Hero B'tween mueslireep zero wit chocolad 3pk,Hero,tussendoortjes,Tussendoortjes,Mueslirepen,6.81,7.17,5.0,5% volume voordeel,,,3 stuks,,True,AHOO,5% volume voordeel,2026-08-04,2999-12-31,,True,AH,https://www.ah.nl/producten/product/wi615741,2026-08-04,Hero B'tween mueslireep zero wit chocolad 3pk,tussendoortjes
615655,73206,AH Snoepgroente pitloze paprika rood,AH,tussendoortjes,"Groente, aardappelen",Snoepgroente,3.29,3.29,,,,,300 g,prijs per kg €10.97,False,,,,,A,True,AH,https://www.ah.nl/producten/product/wi615655,2026-08-04,AH Snoepgroente pitloze paprika rood,tussendoortjes
594987,0,LU Mini crackers zout 3-pack,LU,tussendoortjes,Bakkerij,Toast crackers,6.18,6.87,10.0,10% volume voordeel,,,3 stuks,,True,AHOO,10% volume voordeel,2026-08-04,2999-12-31,,True,AH,https://www.ah.nl/producten/product/wi594987,2026-08-04,LU Mini crackers zout 3-pack,tussendoortjes
509517,727421,AH Protein maiswafels,AH,tussendoortjes,"Ontbijtgranen, beleg",Maiswafels,1.49,1.49,,,,,60 g,prijs per kg €24.83,False,,,,,B,True,AH,https://www.ah.nl/producten/product/wi509517,2026-08-04,AH Protein maiswafels,tussendoortjes
223367,815581,Starbucks Caffè latte no added sugar ijskoffie,Starbucks,tussendoortjes,"Koffie, thee",IJskoffie,1.99,1.99,,,,,220 ml,prijs per liter €9.05,False,,,,,C,True,AH,https://www.ah.nl/producten/product/wi223367,2026-08-04,Starbucks Caffè latte no added sugar ijskoffie,tussendoortjes
551190,757752,AH Snoepgroente radijsmix,AH,tussendoortjes,"Groente, aardappelen",Snoepgroente,1.6667,2.19,23.9,3 voor 5.00,5.0,3.0,250 g,normale prijs per kg €8.76,True,AH,3 voor 5.00,2026-08-03,2026-08-09,A,True,AH,https://www.ah.nl/producten/product/wi551190,2026-08-04,AH Snoepgroente radijsmix,tussendoortjes
614638,72543,AH Biologisch Snoepgroente tomaat,AH Biologisch,tussendoortjes,"Groente, aardappelen",Snoepgroente,1.6667,2.19,23.9,3 voor 5.00,5.0,3.0,200 g,normale prijs per kg €10.95,True,AH,3 voor 5.00,2026-08-03,2026-08-09,A,True,AH,https://www.ah.nl/producten/product/wi614638,2026-08-04,AH Biologisch Snoepgroente tomaat,tussendoortjes
508488,715819,AH Minicrackers met zout,AH,tussendoortjes,Bakkerij,Toast crackers,1.49,1.49,,,,,250 g,prijs per kg €5.96,False,,,,,D,True,AH,https://www.ah.nl/producten/product/wi508488,2026-08-04,AH Minicrackers met zout,tussendoortjes
609583,0,Starbucks Caramel macchiato ijskoffie 6-pack,Starbucks,tussendoortjes,"Koffie, thee",IJskoffie,10.75,11.94,10.0,10% volume voordeel,,,6 stuks,,True,AHOO,10% volume voordeel,2026-08-04,2999-12-31,,True,AH,https://www.ah.nl/producten/product/wi609583,2026-08-04,Starbucks Caramel macchiato ijskoffie 6-pack,tussendoortjes
594680,0,Starbucks Caramel macchiato 2-pack,Starbucks,tussendoortjes,"Koffie, thee",IJskoffie,3.78,3.98,5.0,5% volume voordeel,,,2 stuks,,True,AHOO,5% volume voordeel,2026-08-04,2999-12-31,,True,AH,https://www.ah.nl/producten/product/wi594680,2026-08-04,Starbucks Caramel macchiato 2-pack,tussendoortjes
609575,0,Starbucks Caffé latte gst ijskoffie 6-pack,Starbucks,tussendoortjes,"Koffie, thee",IJskoffie,10.75,11.94,10.0,10% volume voordeel,,,6 stuks,,True,AHOO,10% volume voordeel,2026-08-04,2999-12-31,,True,AH,https://www.ah.nl/producten/product/wi609575,2026-08-04,Starbucks Caffé latte gst ijskoffie 6-pack,tussendoortjes
594669,0,Melkunie perzik yoghurt zonnebloempitten 4-pack,Melkunie,tussendoortjes,"Zuivel, eieren",Yoghurt tussendoortjes,6.04,6.36,5.0,5% volume voordeel,,,4 stuks,,True,AHOO,5% volume voordeel,2026-08-04,2999-12-31,,True,AH,https://www.ah.nl/producten/product/wi594669,2026-08-04,Melkunie perzik yoghurt zonnebloempitten 4-pack,tussendoortjes
609582,0,Starbucks Caramel macchiato ijskoffie 4-pack,Starbucks,tussendoortjes,"Koffie, thee",IJskoffie,7.56,7.96,5.0,5% volume voordeel,,,4 stuks,,True,AHOO,5% volume voordeel,2026-08-04,2999-12-31,,True,AH,https://www.ah.nl/producten/product/wi609582,2026-08-04,Starbucks Caramel macchiato ijskoffie 4-pack,tussendoortjes
207320,801322,AH Fruitbiscuit yoghurt bosvruchtensmaak,AH,tussendoortjes,Tussendoortjes,Fruitbiscuit en melkbiscuit,1.49,1.49,,,,,182 g,prijs per kg €8.19,False,,,,,D,True,AH,https://www.ah.nl/producten/product/wi207320,2026-08-04,AH Fruitbiscuit yoghurt bosvruchtensmaak,tussendoortjes
504934,834676,Yum Yum Chicken 5-pack,Yum Yum,tussendoortjes,"Soepen, sauzen, kruiden, olie",Noedelsoep kip,2.99,2.99,,,,,5 x 60 g,prijs per kg €9.97,False,,,,,C,True,AH,https://www.ah.nl/producten/product/wi504934,2026-08-04,Yum Yum Chicken 5-pack,tussendoortjes
604309,57944,AH Dunne linzenwafels sourcream smaak 4pack,AH,tussendoortjes,"Ontbijtgranen, beleg","Linzenwafels, kikkererwtwafels",2.19,2.19,,,,,4 stuks,,False,,,,,C,True,AH,https://www.ah.nl/producten/product/wi604309,2026-08-04,AH Dunne linzenwafels sourcream smaak 4pack,tussendoortjes
503341,826690,Danoontje Knijpyoghurt appel en aardbei,Danoontje,tussendoortjes,"Zuivel, eieren",Yoghurt tussendoortjes,0.99,0.99,,,,,70 g,prijs per kg €14.14,False,,,,,A,True,AH,https://www.ah.nl/producten/product/wi503341,2026-08-04,Danoontje Knijpyoghurt appel en aardbei,tussendoortjes
581563,0,Danoontje Knijpyoghurt appel en aardbei 5-pack,Danoontje,tussendoortjes,"Zuivel, eieren",Yoghurt tussendoortjes,4.7,4.95,5.0,5% volume voordeel,,,5 stuks,,True,AHOO,5% volume voordeel,2026-08-04,2999-12-31,,True,AH,https://www.ah.nl/producten/product/wi581563,2026-08-04,Danoontje Knijpyoghurt appel en aardbei 5-pack,tussendoortjes
611522,0,Liga Cracotte naturel 5-pack,Liga,tussendoortjes,Bakkerij,Crackers,9.85,10.95,10.0,10% volume voordeel,,,5 stuks,,True,AHOO,10% volume voordeel,2026-08-04,2999-12-31,,True,AH,https://www.ah.nl/producten/product/wi611522,2026-08-04,Liga Cracotte naturel 5-pack,tussendoortjes
609574,0,Starbucks Caffé latte gst ijskoffie 4-pack,Starbucks,tussendoortjes,"Koffie, thee",IJskoffie,7.16,7.96,10.0,10% volume voordeel,,,4 stuks,,True,AHOO,10% volume voordeel,2026-08-04,2999-12-31,,True,AH,https://www.ah.nl/producten/product/wi609574,2026-08-04,Starbucks Caffé latte gst ijskoffie 4-pack,tussendoortjes
619530,0,AH Protein maiswafels 4-pack,AH,tussendoortjes,"Ontbijtgranen, beleg",Maiswafels,5.72,5.96,4.0,4% volume voordeel,,,4 stuks,,True,AHOO,4% volume voordeel,2026-08-04,2999-12-31,,True,AH,https://www.ah.nl/producten/product/wi619530,2026-08-04,AH Protein maiswafels 4-pack,tussendoortjes
588198,33491,Nescafé Cappuccino,Nescafé,tussendoortjes,"Koffie, thee",IJskoffie,1.99,1.99,,,,,250 ml,prijs per liter €7.96,False,,,,,C,True,AH,https://www.ah.nl/producten/product/wi588198,2026-08-04,Nescafé Cappuccino,tussendoortjes
197492,797297,AH Verse meloenmix,AH,tussendoortjes,"Fruit, verse sappen",Fruitsalade,2.99,2.99,,,,,225 g,prijs per kg €13.29,False,,,,,A,True,AH,https://www.ah.nl/producten/product/wi197492,2026-08-04,AH Verse meloenmix,tussendoortjes
560850,35192,AH Protein bar white choco pinda karamel,AH,tussendoortjes,Tussendoortjes,Proteïnerepen,1.59,1.59,,,,,55 g,prijs per kg €28.91,False,,,,,D,True,AH,https://www.ah.nl/producten/product/wi560850,2026-08-04,AH Protein bar white choco pinda karamel,tussendoortjes
599562,49420,AH Proteïne reep witte choco pistache,AH,tussendoortjes,Tussendoortjes,Proteïnerepen,1.35,1.35,,,,,50 g,prijs per kg €27.00,False,,,,,C,True,AH,https://www.ah.nl/producten/product/wi599562,2026-08-04,AH Proteïne reep witte choco pistache,tussendoortjes
622459,0,AH Dunne linzenwafel sourcream smaak 4x 2pk,AH,tussendoortjes,"Ontbijtgranen, beleg","Linzenwafels, kikkererwtwafels",4.29,4.38,2.0,2% volume voordeel,,,2 stuks,,True,AHOO,2% volume voordeel,2026-08-04,2999-12-31,,True,AH,https://www.ah.nl/producten/product/wi622459,2026-08-04,AH Dunne linzenwafel sourcream smaak 4x 2pk,tussendoortjes
594667,0,Melkunie cheesecake framboos yoghurt 4-pack,Melkunie,tussendoortjes,"Zuivel, eieren",Yoghurt tussendoortjes,6.42,6.76,5.0,5% volume voordeel,,,4 stuks,,True,AHOO,5% volume voordeel,2026-08-04,2999-12-31,,True,AH,https://www.ah.nl/producten/product/wi594667,2026-08-04,Melkunie cheesecake framboos yoghurt 4-pack,tussendoortjes
619528,0,AH Protein maiswafels 2-pack,AH,tussendoortjes,"Ontbijtgranen, beleg",Maiswafels,2.92,2.98,2.0,2% volume voordeel,,,2 stuks,,True,AHOO,2% volume voordeel,2026-08-04,2999-12-31,,True,AH,https://www.ah.nl/producten/product/wi619528,2026-08-04,AH Protein maiswafels 2-pack,tussendoortjes
622461,0,AH Dunne linzenwafel sourcream smaak 4x 4pk,AH,tussendoortjes,"Ontbijtgranen, beleg","Linzenwafels, kikkererwtwafels",8.41,8.76,4.0,4% volume voordeel,,,4 stuks,,True,AHOO,4% volume voordeel,2026-08-04,2999-12-31,,True,AH,https://www.ah.nl/producten/product/wi622461,2026-08-04,AH Dunne linzenwafel sourcream smaak 4x 4pk,tussendoortjes
560851,596429,AH Protein bar melk choco pinda karamel,AH,tussendoortjes,Tussendoortjes,Proteïnerepen,1.59,1.59,,,,,55 g,prijs per kg €28.91,False,,,,,D,True,AH,https://www.ah.nl/producten/product/wi560851,2026-08-04,AH Protein bar melk choco pinda karamel,tussendoortjes
622460,0,AH Dunne linzenwafel sourcream smaak 4x 3pk,AH,tussendoortjes,"Ontbijtgranen, beleg","Linzenwafels, kikkererwtwafels",6.37,6.57,3.0,3% volume voordeel,,,3 stuks,,True,AHOO,3% volume voordeel,2026-08-04,2999-12-31,,True,AH,https://www.ah.nl/producten/product/wi622460,2026-08-04,AH Dunne linzenwafel sourcream smaak 4x 3pk,tussendoortjes
619529,0,AH Protein maiswafels 3-pack,AH,tussendoortjes,"Ontbijtgranen, beleg",Maiswafels,4.34,4.47,3.0,3% volume voordeel,,,3 stuks,,True,AHOO,3% volume voordeel,2026-08-04,2999-12-31,,True,AH,https://www.ah.nl/producten/product/wi619529,2026-08-04,AH Protein maiswafels 3-pack,tussendoortjes
614189,72098,AH Snoepgroente delicious red,AH,tussendoortjes,"Groente, aardappelen",Snoepgroente,2.99,2.99,,,,,270 g,prijs per kg €11.07,False,,,,,A,True,AH,https://www.ah.nl/producten/product/wi614189,2026-08-04,AH Snoepgroente delicious red,tussendoortjes
482917,737914,Bolletje Lichte crackers volkoren,Bolletje,tussendoortjes,Bakkerij,Crackers,2.29,2.29,,,,,190 g,prijs per kg €12.05,False,,,,,A,True,AH,https://www.ah.nl/producten/product/wi482917,2026-08-04,Bolletje Lichte crackers volkoren,tussendoortjes
604805,0,Melkunie Breaker perzik yoghurt zonnebloem 6-pack,Melkunie,tussendoortjes,"Zuivel, eieren",Yoghurt tussendoortjes,8.59,9.54,10.0,10% volume voordeel,,,6 stuks,,True,AHOO,10% volume voordeel,2026-08-04,2999-12-31,,True,AH,https://www.ah.nl/producten/product/wi604805,2026-08-04,Melkunie Breaker perzik yoghurt zonnebloem 6-pack,tussendoortjes
455671,68627,AH Knäckebröd pompoenpit,AH,tussendoortjes,Bakkerij,Knackebrod,1.75,1.75,,,,,265 g,prijs per kg €6.60,False,,,,,B,True,AH,https://www.ah.nl/producten/product/wi455671,2026-08-04,AH Knäckebröd pompoenpit,tussendoortjes
607934,0,Nescafé Cappuccino 12-pack,Nescafé,tussendoortjes,"Koffie, thee",IJskoffie,21.49,23.88,10.0,10% volume voordeel,,,12 stuks,,True,AHOO,10% volume voordeel,2026-08-04,2999-12-31,,True,AH,https://www.ah.nl/producten/product/wi607934,2026-08-04,Nescafé Cappuccino 12-pack,tussendoortjes
589073,35297,Trek Protein oat bars biscoff,Trek,tussendoortjes,Tussendoortjes,Proteïnerepen,3.79,3.79,,,,,3 stuks,,False,,,,,E,True,AH,https://www.ah.nl/producten/product/wi589073,2026-08-04,Trek Protein oat bars biscoff,tussendoortjes
604800,0,Melkunie Breaker cheesecake fram. yoghurt 6-pack,Melkunie,tussendoortjes,"Zuivel, eieren",Yoghurt tussendoortjes,9.13,10.14,10.0,10% volume voordeel,,,6 stuks,,True,AHOO,10% volume voordeel,2026-08-04,2999-12-31,,True,AH,https://www.ah.nl/producten/product/wi604800,2026-08-04,Melkunie Breaker cheesecake fram. yoghurt 6-pack,tussendoortjes
607935,0,Nescafé Cappuccino 4-pack,Nescafé,tussendoortjes,"Koffie, thee",IJskoffie,7.72,7.96,3.0,3% volume voordeel,,,4 stuks,,True,AHOO,3% volume voordeel,2026-08-04,2999-12-31,,True,AH,https://www.ah.nl/producten/product/wi607935,2026-08-04,Nescafé Cappuccino 4-pack,tussendoortjes
607980,0,Nescafé Cappuccino 6-pack,Nescafé,tussendoortjes,"Koffie, thee",IJskoffie,11.22,11.94,6.0,6% volume voordeel,,,6 stuks,,True,AHOO,6% volume voordeel,2026-08-04,2999-12-31,,True,AH,https://www.ah.nl/producten/product/wi607980,2026-08-04,Nescafé Cappuccino 6-pack,tussendoortjes
585861,30673,HiPRO Protein bar caramel,HiPRO,tussendoortjes,Tussendoortjes,Proteïnerepen,1.99,1.99,,,,,45 g,prijs per kg €44.22,False,,,,,C,True,AH,https://www.ah.nl/producten/product/wi585861,2026-08-04,HiPRO Protein bar caramel,tussendoortjes
607861,0,HiPRO Protein bar caramel 2-pack,HiPRO,tussendoortjes,Tussendoortjes,Proteïnerepen,3.78,3.98,5.0,5% volume voordeel,,,2 stuks,,True,AHOO,5% volume voordeel,2026-08-04,2999-12-31,,True,AH,https://www.ah.nl/producten/product/wi607861,2026-08-04,HiPRO Protein bar caramel 2-pack,tussendoortjes
376943,838584,Wasa Delicate crackers sea salt,Wasa,tussendoortjes,Bakkerij,Toast crackers,2.99,2.99,,,,,180 g,prijs per kg €16.61,False,,,,,D,True,AH,https://www.ah.nl/producten/product/wi376943,2026-08-04,Wasa Delicate crackers sea salt,tussendoortjes
575059,0,Melkunie Breaker vanille yoghurt 6-pack,Melkunie,tussendoortjes,"Zuivel, eieren",Yoghurt tussendoortjes,8.59,9.54,10.0,10% volume voordeel,,,6 stuks,,True,AHOO,10% volume voordeel,2026-08-04,2999-12-31,,True,AH,https://www.ah.nl/producten/product/wi575059,2026-08-04,Melkunie Breaker vanille yoghurt 6-pack,tussendoortjes
550217,80987,Isey Skyr mandarin pie,Isey,tussendoortjes,"Zuivel, eieren",Skyr tussendoortjes,1.89,1.89,,,,,170 g,prijs per kg €11.12,False,,,,,A,True,AH,https://www.ah.nl/producten/product/wi550217,2026-08-04,Isey Skyr mandarin pie,tussendoortjes
513519,13763,Bolletje Volkoren knäckebröd vezelrijk,Bolletje,tussendoortjes,Bakkerij,Knackebrod,1.99,1.99,,,,,265 g,prijs per kg €7.51,False,,,,,A,True,AH,https://www.ah.nl/producten/product/wi513519,2026-08-04,Bolletje Volkoren knäckebröd vezelrijk,tussendoortjes
556757,81563,AH Verse watermeloen,AH,tussendoortjes,"Fruit, verse sappen",Fruitsalade,2.75,2.75,,,,,200 g,prijs per kg €13.75,False,,,,,A,True,AH,https://www.ah.nl/producten/product/wi556757,2026-08-04,AH Verse watermeloen,tussendoortjes
167430,643605,Hero B'tween mueslireep kokos & chocolade,Hero,tussendoortjes,Tussendoortjes,Mueslirepen,2.45,2.45,,,,,6 x 25 g,prijs per kg €16.33,False,,,,,,True,AH,https://www.ah.nl/producten/product/wi167430,2026-08-04,Hero B'tween mueslireep kokos & chocolade,tussendoortjes
586041,31156,AH Verse galia meloen,AH,tussendoortjes,"Fruit, verse sappen",Fruitsalade,1.6667,2.49,33.1,3 voor 5.00,5.0,3.0,150 g,normale prijs per kg €16.60,True,AH,3 voor 5.00,2026-08-03,2026-08-09,A,True,AH,https://www.ah.nl/producten/product/wi586041,2026-08-04,AH Verse galia meloen,tussendoortjes
450907,573858,McVitie's Digestives original,McVitie's,tussendoortjes,Tussendoortjes,Haverrepen,1.99,2.19,9.1,voor 1.99,1.99,,400 g,normale prijs per kg €5.48,True,AH,VOOR 1.99,2026-08-03,2026-08-09,E,True,AH,https://www.ah.nl/producten/product/wi450907,2026-08-04,McVitie's Digestives original,tussendoortjes
603462,55752,Knorr Cup-a-soup champignon crème,Knorr,tussendoortjes,"Soepen, sauzen, kruiden, olie",Kopsoep,0.99,1.99,50.0,50% korting,,,51 g,normale prijs per kg €39.02,True,AH,50% korting,2026-08-03,2026-08-09,C,True,AH,https://www.ah.nl/producten/product/wi603462,2026-08-04,Knorr Cup-a-soup champignon crème,tussendoortjes
61739,535037,Danio Luchtige kwark aardbei vanille,Danio,tussendoortjes,"Zuivel, eieren",Kwark tussendoortjes,1.99,1.99,,,,,2 x 125 g,prijs per kg €7.96,False,,,,,C,True,AH,https://www.ah.nl/producten/product/wi61739,2026-08-04,Danio Luchtige kwark aardbei vanille,tussendoortjes
513523,14415,Snack a Jacks Cheeky cheese flavour,Snack a Jacks,tussendoortjes,"Ontbijtgranen, beleg",Rijstwafels,2.49,2.49,,,,,104 g,prijs per kg €23.94,False,,,,,C,True,AH,https://www.ah.nl/producten/product/wi513523,2026-08-04,Snack a Jacks Cheeky cheese flavour,tussendoortjes
593719,0,Danio kwark aardbei vanille 2-pack,Danio,tussendoortjes,"Zuivel, eieren",Kwark tussendoortjes,3.78,3.98,5.0,5% volume voordeel,,,2 stuks,,True,AHOO,5% volume voordeel,2026-08-04,2999-12-31,,True,AH,https://www.ah.nl/producten/product/wi593719,2026-08-04,Danio kwark aardbei vanille 2-pack,tussendoortjes
367545,833917,Mitsuba Sea salt crispy rice crackers,Mitsuba,tussendoortjes,Bakkerij,Toast crackers,2.19,2.19,,,,,100 g,prijs per kg €21.90,False,,,,,D,True,AH,https://www.ah.nl/producten/product/wi367545,2026-08-04,Mitsuba Sea salt crispy rice crackers,tussendoortjes
599565,49423,AH Proteine repen melk choco salted karamel,AH,tussendoortjes,Tussendoortjes,Proteïnerepen,2.99,2.99,,,,,135 g,prijs per kg €22.15,False,,,,,D,True,AH,https://www.ah.nl/producten/product/wi599565,2026-08-04,AH Proteine repen melk choco salted karamel,tussendoortjes
593400,39536,AH IJskoffie cappuccino proteine,AH,tussendoortjes,"Koffie, thee",IJskoffie,0.89,0.89,,,,,250 ml,prijs per liter €3.56,False,,,,,C,True,AH,https://www.ah.nl/producten/product/wi593400,2026-08-04,AH IJskoffie cappuccino proteine,tussendoortjes
505208,840064,AH Mueslireep chocolade zero,AH,tussendoortjes,Tussendoortjes,Haverrepen,1.79,1.79,,,,,150 g,prijs per kg €11.93,False,,,,,A,True,AH,https://www.ah.nl/producten/product/wi505208,2026-08-04,AH Mueslireep chocolade zero,tussendoortjes
237275,830169,Zuivelhoeve Boer'n muesli bosvruchten,Zuivelhoeve,tussendoortjes,"Zuivel, eieren",Yoghurt tussendoortjes,1.89,1.89,,,,,170 g,prijs per kg €11.12,False,,,,,B,True,AH,https://www.ah.nl/producten/product/wi237275,2026-08-04,Zuivelhoeve Boer'n muesli bosvruchten,tussendoortjes
439279,72482,Bolletje Oerknäck waldkorn,Bolletje,tussendoortjes,Bakkerij,Knackebrod,2.49,2.49,,,,,300 g,prijs per kg €8.30,False,,,,,A,True,AH,https://www.ah.nl/producten/product/wi439279,2026-08-04,Bolletje Oerknäck waldkorn,tussendoortjes
451646,564269,Zuivelhoeve Boer'n yoghurt naturel & muesli,Zuivelhoeve,tussendoortjes,"Zuivel, eieren",Yoghurt tussendoortjes,1.89,1.89,,,,,170 g,prijs per kg €11.12,False,,,,,B,True,AH,https://www.ah.nl/producten/product/wi451646,2026-08-04,Zuivelhoeve Boer'n yoghurt naturel & muesli,tussendoortjes
216245,809754,Melkunie Breaker kers yoghurt zonnebloempitten,Melkunie,tussendoortjes,"Zuivel, eieren",Yoghurt tussendoortjes,1.59,1.59,,,,,200 g,prijs per kg €7.95,False,,,,,C,True,AH,https://www.ah.nl/producten/product/wi216245,2026-08-04,Melkunie Breaker kers yoghurt zonnebloempitten,tussendoortjes
603460,55750,Knorr Cup-a-soup champignon crème 10-pack,Knorr,tussendoortjes,"Soepen, sauzen, kruiden, olie",Kopsoep,3.09,6.19,50.0,50% korting,,,170 g,normale prijs per kg €36.41,True,AH,50% korting,2026-08-03,2026-08-09,C,True,AH,https://www.ah.nl/producten/product/wi603460,2026-08-04,Knorr Cup-a-soup champignon crème 10-pack,tussendoortjes
608699,0,Knorr Cup-a-soup champignoncrème 2-pack,Knorr,tussendoortjes,"Soepen, sauzen, kruiden, olie",Kopsoep,1.99,3.98,50.0,pakketkorting,,,2 stuks,,True,AHOO,,2026-08-04,2026-08-09,,True,AH,https://www.ah.nl/producten/product/wi608699,2026-08-04,Knorr Cup-a-soup champignoncrème 2-pack,tussendoortjes
232295,824949,Mitsuba Wasabi crispy rice crackers,Mitsuba,tussendoortjes,Bakkerij,Toast crackers,2.19,2.19,,,,,100 g,prijs per kg €21.90,False,,,,,D,True,AH,https://www.ah.nl/producten/product/wi232295,2026-08-04,Mitsuba Wasabi crispy rice crackers,tussendoortjes
169758,752122,Wasa Delicate crisp rosemary & salt,Wasa,tussendoortjes,Bakkerij,Crackers,2.59,2.59,,,,,190 g,prijs per kg €13.63,False,,,,,D,True,AH,https://www.ah.nl/producten/product/wi169758,2026-08-04,Wasa Delicate crisp rosemary & salt,tussendoortjes
606910,62288,Knorr Good noodles groente,Knorr,tussendoortjes,"Soepen, sauzen, kruiden, olie",Noedelsoep groenten,1.09,2.19,50.0,50% korting,,,65 g,normale prijs per kg €33.69,True,AH,50% korting,2026-08-03,2026-08-09,C,True,AH,https://www.ah.nl/producten/product/wi606910,2026-08-04,Knorr Good noodles groente,tussendoortjes
588172,33431,Sultana Fruitbiscuit bosvruchten,Sultana,tussendoortjes,Tussendoortjes,Fruitbiscuit en melkbiscuit,1.99,2.79,28.7,voor 1.99,1.99,,218 g,normale prijs per kg €12.80,True,AH,VOOR 1.99,2026-08-03,2026-08-09,D,True,AH,https://www.ah.nl/producten/product/wi588172,2026-08-04,Sultana Fruitbiscuit bosvruchten,tussendoortjes
598982,48000,Knorr Cup-a-soup tomaat,Knorr,tussendoortjes,"Soepen, sauzen, kruiden, olie",Kopsoep,0.99,1.99,50.0,50% korting,,,54 g,normale prijs per kg €36.85,True,AH,50% korting,2026-08-03,2026-08-09,C,True,AH,https://www.ah.nl/producten/product/wi598982,2026-08-04,Knorr Cup-a-soup tomaat,tussendoortjes
607933,0,Trek Protein oat bars biscoff 4-pack,Trek,tussendoortjes,Tussendoortjes,Proteïnerepen,12.89,15.16,15.0,15% volume voordeel,,,4 stuks,,True,AHOO,15% volume voordeel,2026-08-04,2999-12-31,,True,AH,https://www.ah.nl/producten/product/wi607933,2026-08-04,Trek Protein oat bars biscoff 4-pack,tussendoortjes
517283,550837,AH Biologisch Haverkoekjes naturel,AH Biologisch,tussendoortjes,Tussendoortjes,Haverrepen,1.49,1.49,,,,,300 g,prijs per kg €4.97,False,,,,,D,True,AH,https://www.ah.nl/producten/product/wi517283,2026-08-04,AH Biologisch Haverkoekjes naturel,tussendoortjes
132032,594307,Liga Milkbreak melk,Liga,tussendoortjes,Tussendoortjes,Fruitbiscuit en melkbiscuit,3.19,3.19,,,,,245 g,prijs per kg €13.02,False,,,,,D,True,AH,https://www.ah.nl/producten/product/wi132032,2026-08-04,Liga Milkbreak melk,tussendoortjes
563725,769,Peijnenburg Ontbijtkoek naturel gesneden,Peijnenburg,tussendoortjes,"Ontbijtgranen, beleg",Ontbijtkoek (gesneden),2.99,2.99,,,,,550 g,prijs per kg €5.44,False,,,,,D,True,AH,https://www.ah.nl/producten/product/wi563725,2026-08-04,Peijnenburg Ontbijtkoek naturel gesneden,tussendoortjes
598985,48005,Knorr Cup-a-soup kip,Knorr,tussendoortjes,"Soepen, sauzen, kruiden, olie",Kopsoep,0.99,1.99,50.0,50% korting,,,36 g,normale prijs per kg €55.28,True,AH,50% korting,2026-08-03,2026-08-09,C,True,AH,https://www.ah.nl/producten/product/wi598985,2026-08-04,Knorr Cup-a-soup kip,tussendoortjes
608701,0,Knorr Cup-a-soup champignoncrème 6-pack,Knorr,tussendoortjes,"Soepen, sauzen, kruiden, olie",Kopsoep,5.97,11.94,50.0,pakketkorting,,,6 stuks,,True,AHOO,,2026-08-04,2026-08-09,,True,AH,https://www.ah.nl/producten/product/wi608701,2026-08-04,Knorr Cup-a-soup champignoncrème 6-pack,tussendoortjes
608700,0,Knorr Cup-a-soup champignoncrème 4-pack,Knorr,tussendoortjes,"Soepen, sauzen, kruiden, olie",Kopsoep,3.98,7.96,50.0,pakketkorting,,,4 stuks,,True,AHOO,,2026-08-04,2026-08-09,,True,AH,https://www.ah.nl/producten/product/wi608700,2026-08-04,Knorr Cup-a-soup champignoncrème 4-pack,tussendoortjes
594142,42621,AH Verse cantaloupe meloen,AH,tussendoortjes,"Fruit, verse sappen",Fruitsalade,1.6667,2.49,33.1,3 voor 5.00,5.0,3.0,150 g,normale prijs per kg €16.60,True,AH,3 voor 5.00,2026-08-03,2026-08-09,,True,AH,https://www.ah.nl/producten/product/wi594142,2026-08-04,AH Verse cantaloupe meloen,tussendoortjes
607932,0,Trek Protein oat bars biscoff 2-pack,Trek,tussendoortjes,Tussendoortjes,Proteïnerepen,6.82,7.58,10.0,10% volume voordeel,,,2 stuks,,True,AHOO,10% volume voordeel,2026-08-04,2999-12-31,,True,AH,https://www.ah.nl/producten/product/wi607932,2026-08-04,Trek Protein oat bars biscoff 2-pack,tussendoortjes
575472,16921,Danio Luchtige kwark perzik passievrucht,Danio,tussendoortjes,"Zuivel, eieren",Kwark tussendoortjes,1.99,1.99,,,,,250 g,prijs per kg €7.96,False,,,,,C,True,AH,https://www.ah.nl/producten/product/wi575472,2026-08-04,Danio Luchtige kwark perzik passievrucht,tussendoortjes
595573,0,Danio kwark perzik passievrucht 2-pack,Danio,tussendoortjes,"Zuivel, eieren",Kwark tussendoortjes,3.78,3.98,5.0,5% volume voordeel,,,2 stuks,,True,AHOO,5% volume voordeel,2026-08-04,2999-12-31,,True,AH,https://www.ah.nl/producten/product/wi595573,2026-08-04,Danio kwark perzik passievrucht 2-pack,tussendoortjes
624112,0,Knorr Good noodles groente 6pack,Knorr,tussendoortjes,"Soepen, sauzen, kruiden, olie",Noedelsoep groenten,6.57,13.14,50.0,pakketkorting,,,6 stuks,,True,AHOO,,2026-08-04,2026-08-09,,True,AH,https://www.ah.nl/producten/product/wi624112,2026-08-04,Knorr Good noodles groente 6pack,tussendoortjes
518063,613621,AH Biologisch Stevige crackers volkoren,AH Biologisch,tussendoortjes,Bakkerij,Crackers,1.99,1.99,,,,,200 g,prijs per kg €9.95,False,,,,,B,True,AH,https://www.ah.nl/producten/product/wi518063,2026-08-04,AH Biologisch Stevige crackers volkoren,tussendoortjes
513518,13682,Bolletje Luchtig knäckebröd sesam,Bolletje,tussendoortjes,Bakkerij,Knackebrod,1.69,1.69,,,,,240 g,prijs per kg €7.04,False,,,,,A,True,AH,https://www.ah.nl/producten/product/wi513518,2026-08-04,Bolletje Luchtig knäckebröd sesam,tussendoortjes
614428,0,Mars & Snickers chocolade ijsjes pakket,Mars,diepvries,Diepvries,Room handijs,7.02,8.78,20.0,20% pakketkorting,,,per pakket,,True,AHOO,20% pakketkorting,2026-08-04,2999-12-31,,True,AH,https://www.ah.nl/producten/product/wi614428,2026-08-04,Mars & Snickers chocolade ijsjes pakket,diepvries
506779,688933,Häagen-Dazs Vanilla,Häagen-Dazs,diepvries,Diepvries,Roomijs pints,6.99,6.99,,,,,460 ml,prijs per liter €15.20,False,,,,,D,True,AH,https://www.ah.nl/producten/product/wi506779,2026-08-04,Häagen-Dazs Vanilla,diepvries
212118,622404,AH IJsblokjes,AH,diepvries,Diepvries,IJsblokjes,0.99,0.99,,,,,1 kg,prijs per kg €0.99,False,,,,,A,True,AH,https://www.ah.nl/producten/product/wi212118,2026-08-04,AH IJsblokjes,diepvries
195093,796712,AH Airfryer ovenfriet,AH,diepvries,Diepvries,Friet (oven),1.19,1.19,,,,,750 g,prijs per kg €1.59,False,,,,,B,True,AH,https://www.ah.nl/producten/product/wi195093,2026-08-04,AH Airfryer ovenfriet,diepvries
209562,803962,Ola Raket,Ola,diepvries,Diepvries,Waterijs,3.85,3.85,,,,,12 stuks,,False,,,,,C,True,AH,https://www.ah.nl/producten/product/wi209562,2026-08-04,Ola Raket,diepvries
474131,726981,Häagen-Dazs Cookies & cream,Häagen-Dazs,diepvries,Diepvries,Roomijs pints,6.99,6.99,,,,,460 ml,prijs per liter €15.20,False,,,,,E,True,AH,https://www.ah.nl/producten/product/wi474131,2026-08-04,Häagen-Dazs Cookies & cream,diepvries
139097,608245,AH Perenijsjes,AH,diepvries,Diepvries,Waterijs,1.55,1.55,,,,,12 stuks,,False,,,,,C,True,AH,https://www.ah.nl/producten/product/wi139097,2026-08-04,AH Perenijsjes,diepvries
226367,640429,AH Broccoliroosjes,AH,diepvries,Diepvries,Broccoli (diepvries),1.49,1.49,,,,,450 g,prijs per kg €3.31,False,,,,,A,True,AH,https://www.ah.nl/producten/product/wi226367,2026-08-04,AH Broccoliroosjes,diepvries
514003,7923,Dr. Oetker Ristorante pizza salami,Dr. Oetker,diepvries,Diepvries,Pizza (dunne bodem),3.15,3.15,,,,,320 g,prijs per kg €9.84,False,,,,,D,True,AH,https://www.ah.nl/producten/product/wi514003,2026-08-04,Dr. Oetker Ristorante pizza salami,diepvries
167127,643266,AH 4 kleuren ijsjes,AH,diepvries,Diepvries,Waterijs,0.99,0.99,,,,,8 stuks,,False,,,,,C,True,AH,https://www.ah.nl/producten/product/wi167127,2026-08-04,AH 4 kleuren ijsjes,diepvries
788,6423,AH Tuinerwten fijn,AH,diepvries,Diepvries,"Tuinerwten, velderwten (diepvries)",0.99,0.99,,,,,450 g,prijs per kg €2.20,False,,,,,A,True,AH,https://www.ah.nl/producten/product/wi788,2026-08-04,AH Tuinerwten fijn,diepvries
409995,854206,AH Biologisch Sperziebonen,AH Biologisch,diepvries,Diepvries,Sperziebonen (diepvries),1.35,1.35,,,,,450 g,prijs per kg €3.00,False,,,,,A,True,AH,https://www.ah.nl/producten/product/wi409995,2026-08-04,AH Biologisch Sperziebonen,diepvries
167129,643310,AH Aardbei ijsjes met vitamine c,AH,diepvries,Diepvries,Waterijs,1.69,1.69,,,,,12 stuks,,False,,,,,C,True,AH,https://www.ah.nl/producten/product/wi167129,2026-08-04,AH Aardbei ijsjes met vitamine c,diepvries
602116,54628,AH Mango Ijsjes,AH,diepvries,Diepvries,Waterijs,1.99,1.99,,,,,12 stuks,,False,,,,,C,True,AH,https://www.ah.nl/producten/product/wi602116,2026-08-04,AH Mango Ijsjes,diepvries
514005,7946,Dr. Oetker Ristorante pizza margherita,Dr. Oetker,diepvries,Diepvries,Pizza (dunne bodem),3.89,3.89,,,,,295 g,prijs per kg €13.19,False,,,,,D,True,AH,https://www.ah.nl/producten/product/wi514005,2026-08-04,Dr. Oetker Ristorante pizza margherita,diepvries
409997,854218,AH Biologisch Bladspinazie deelblokjes,AH Biologisch,diepvries,Diepvries,Spinazie (diepvries),1.39,1.39,,,,,450 g,prijs per kg €3.09,False,,,,,A,True,AH,https://www.ah.nl/producten/product/wi409997,2026-08-04,AH Biologisch Bladspinazie deelblokjes,diepvries
409994,854203,AH Biologisch Tuinerwten,AH Biologisch,diepvries,Diepvries,"Tuinerwten, velderwten (diepvries)",1.59,1.59,,,,,450 g,prijs per kg €3.53,False,,,,,,True,AH,https://www.ah.nl/producten/product/wi409994,2026-08-04,AH Biologisch Tuinerwten,diepvries
376520,837921,AH Zakje met zomerfruit,AH,diepvries,Diepvries,Fruitmix (diepvries),5.55,5.55,,,,,1 kg,prijs per kg €5.55,False,,,,,A,True,AH,https://www.ah.nl/producten/product/wi376520,2026-08-04,AH Zakje met zomerfruit,diepvries
429606,697191,Nestlé Pirulo watermelon,Nestlé,diepvries,Diepvries,Waterijs,2.99,3.99,25.0,25% korting,,,5 stuks,,True,AH,25% korting,2026-08-03,2026-08-09,C,True,AH,https://www.ah.nl/producten/product/wi429606,2026-08-04,Nestlé Pirulo watermelon,diepvries
533328,797679,AH Biologisch Broccoliroosjes,AH Biologisch,diepvries,Diepvries,Broccoli (diepvries),2.29,2.29,,,,,400 g,prijs per kg €5.73,False,,,,,A,True,AH,https://www.ah.nl/producten/product/wi533328,2026-08-04,AH Biologisch Broccoliroosjes,diepvries
429057,696700,AH Saté ajam,AH,diepvries,Diepvries,Sate (diepvries),1.75,1.75,,,,,160 g,prijs per kg €10.94,False,,,,,D,True,AH,https://www.ah.nl/producten/product/wi429057,2026-08-04,AH Saté ajam,diepvries
445512,707469,AH Zakje met mangostukjes,AH,diepvries,Diepvries,"Mango, ananas (diepvries)",5.99,5.99,,,,,1 kg,prijs per kg €5.99,False,,,,,A,True,AH,https://www.ah.nl/producten/product/wi445512,2026-08-04,AH Zakje met mangostukjes,diepvries
397800,848309,Aviko Supercrunch airfryer pommes frites,Aviko,diepvries,Diepvries,Friet (oven),2.245,2.49,9.8,2 voor 4.49,4.49,2.0,750 g,normale prijs per kg €3.32,True,AH,2 voor 4.49,2026-08-03,2026-08-09,B,True,AH,https://www.ah.nl/producten/product/wi397800,2026-08-04,Aviko Supercrunch airfryer pommes frites,diepvries
513999,7827,Dr. Oetker Ristorante pizza mozzarella,Dr. Oetker,diepvries,Diepvries,Pizza (dunne bodem),3.09,3.09,,,,,355 g,prijs per kg €8.70,False,,,,,C,True,AH,https://www.ah.nl/producten/product/wi513999,2026-08-04,Dr. Oetker Ristorante pizza mozzarella,diepvries
471466,582091,AH Roomboter croissants,AH,diepvries,Bakkerij,Diepvries croissants,3.39,3.39,,,,,4 stuks,,False,,,,,E,True,AH,https://www.ah.nl/producten/product/wi471466,2026-08-04,AH Roomboter croissants,diepvries
514008,8092,Dr. Oetker Ristorante pizza salami mozzarella pesto,Dr. Oetker,diepvries,Diepvries,Pizza (dunne bodem),3.89,3.89,,,,,360 g,prijs per kg €10.81,False,,,,,D,True,AH,https://www.ah.nl/producten/product/wi514008,2026-08-04,Dr. Oetker Ristorante pizza salami mozzarella pesto,diepvries
62761,524664,Dr. Oetker Big Americans pizza Texas,Dr. Oetker,diepvries,Diepvries,Pizza (dikke bodem),4.99,4.99,,,,,435 g,prijs per kg €11.47,False,,,,,D,True,AH,https://www.ah.nl/producten/product/wi62761,2026-08-04,Dr. Oetker Big Americans pizza Texas,diepvries
226498,809188,AH Sperziebonen gebroken,AH,diepvries,Diepvries,Sperziebonen (diepvries),1.19,1.19,,,,,450 g,prijs per kg €2.64,False,,,,,A,True,AH,https://www.ah.nl/producten/product/wi226498,2026-08-04,AH Sperziebonen gebroken,diepvries
226440,786925,Iglo Spinazie à la crème,Iglo,diepvries,Diepvries,Spinazie (diepvries),2.29,2.29,,,,,750 g,prijs per kg €3.05,False,,,,,A,True,AH,https://www.ah.nl/producten/product/wi226440,2026-08-04,Iglo Spinazie à la crème,diepvries
514806,33805,AH Terra Gepelde edamame boontjes,AH Terra,diepvries,Diepvries,Edamame bonen (diepvries),2.49,2.49,,,,,450 g,prijs per kg €5.53,False,,,,,A,True,AH,https://www.ah.nl/producten/product/wi514806,2026-08-04,AH Terra Gepelde edamame boontjes,diepvries
169184,752060,Aviko Supercrunch originals Franse friet,Aviko,diepvries,Diepvries,Friet (frituur),2.245,2.49,9.8,2 voor 4.49,4.49,2.0,750 g,normale prijs per kg €3.32,True,AH,2 voor 4.49,2026-08-03,2026-08-09,B,True,AH,https://www.ah.nl/producten/product/wi169184,2026-08-04,Aviko Supercrunch originals Franse friet,diepvries
164070,631848,AH Doosje met mangostukjes,AH,diepvries,Diepvries,"Mango, ananas (diepvries)",1.99,1.99,,,,,250 g,prijs per kg €7.96,False,,,,,A,True,AH,https://www.ah.nl/producten/product/wi164070,2026-08-04,AH Doosje met mangostukjes,diepvries
568226,0,AH Doosje met mangostukjes 3-pack,AH,diepvries,Diepvries,"Mango, ananas (diepvries)",5.73,5.97,4.0,4% volume voordeel,,,3 stuks,,True,AHOO,4% volume voordeel,2026-08-04,2999-12-31,,True,AH,https://www.ah.nl/producten/product/wi568226,2026-08-04,AH Doosje met mangostukjes 3-pack,diepvries
618731,0,AH Roomboter croissants 2-pack,AH,diepvries,Bakkerij,Diepvries croissants,6.58,6.78,3.0,3% volume voordeel,,,2 stuks,,True,AHOO,3% volume voordeel,2026-08-04,2999-12-31,,True,AH,https://www.ah.nl/producten/product/wi618731,2026-08-04,AH Roomboter croissants 2-pack,diepvries
618732,0,AH Roomboter croissants 4-pack,AH,diepvries,Bakkerij,Diepvries croissants,12.2,13.56,10.0,10% volume voordeel,,,4 stuks,,True,AHOO,10% volume voordeel,2026-08-04,2999-12-31,,True,AH,https://www.ah.nl/producten/product/wi618732,2026-08-04,AH Roomboter croissants 4-pack,diepvries
585152,29790,AH Gyoza kip,AH,diepvries,Diepvries,Borrelmix (oven),2.99,2.99,,,,,240 g,prijs per kg €12.46,False,,,,,C,True,AH,https://www.ah.nl/producten/product/wi585152,2026-08-04,AH Gyoza kip,diepvries
164157,576171,Wagner Piccolinis mini pizza salami,Wagner,diepvries,Diepvries,Mini pizza's,3.69,3.69,,,,,270 g,prijs per kg €13.67,False,,,,,C,True,AH,https://www.ah.nl/producten/product/wi164157,2026-08-04,Wagner Piccolinis mini pizza salami,diepvries
777,6441,AH Spinazie à la creme,AH,diepvries,Diepvries,Spinazie (diepvries),0.89,0.89,,,,,450 g,prijs per kg €1.98,False,,,,,A,True,AH,https://www.ah.nl/producten/product/wi777,2026-08-04,AH Spinazie à la creme,diepvries
474188,726833,Aviko Supercrunch airfryer dunne friet,Aviko,diepvries,Diepvries,Friet (oven),2.245,2.69,16.5,2 voor 4.49,4.49,2.0,750 g,normale prijs per kg €3.59,True,AH,2 voor 4.49,2026-08-03,2026-08-09,B,True,AH,https://www.ah.nl/producten/product/wi474188,2026-08-04,Aviko Supercrunch airfryer dunne friet,diepvries
582492,25170,AH Zoete aardappelblokjes,AH,diepvries,Diepvries,Aardappelpartjes (diepvries),1.69,1.69,,,,,450 g,prijs per kg €3.76,False,,,,,A,True,AH,https://www.ah.nl/producten/product/wi582492,2026-08-04,AH Zoete aardappelblokjes,diepvries
173078,767810,Ola Calippo supermix,Ola,diepvries,Diepvries,Waterijs,4.49,4.49,,,,,5 stuks,,False,,,,,C,True,AH,https://www.ah.nl/producten/product/wi173078,2026-08-04,Ola Calippo supermix,diepvries
429604,697189,Nestlé Kaktus,Nestlé,diepvries,Diepvries,Waterijs,2.99,3.99,25.0,25% korting,,,9 stuks,,True,AH,25% korting,2026-08-03,2026-08-09,C,True,AH,https://www.ah.nl/producten/product/wi429604,2026-08-04,Nestlé Kaktus,diepvries
420327,692058,AH Oven kroket,AH,diepvries,Diepvries,Kroket (oven),2.39,2.39,,,,,320 g,prijs per kg €7.47,False,,,,,D,True,AH,https://www.ah.nl/producten/product/wi420327,2026-08-04,AH Oven kroket,diepvries
417059,688263,AH Zakje met aardbeien,AH,diepvries,Diepvries,Aardbeien (diepvries),4.65,4.65,,,,,1 kg,prijs per kg €4.65,False,,,,,A,True,AH,https://www.ah.nl/producten/product/wi417059,2026-08-04,AH Zakje met aardbeien,diepvries
582311,25126,AH Nasi bami groente,AH,diepvries,Diepvries,Groentemix (diepvries),1.59,1.59,,,,,450 g,prijs per kg €3.53,False,,,,,A,True,AH,https://www.ah.nl/producten/product/wi582311,2026-08-04,AH Nasi bami groente,diepvries
425194,693291,AH Biologisch Doosje met wilde blauwe bessen,AH Biologisch,diepvries,Diepvries,Blauwe bessen (diepvries),3.29,3.29,,,,,250 g,prijs per kg €13.16,False,,,,,A,True,AH,https://www.ah.nl/producten/product/wi425194,2026-08-04,AH Biologisch Doosje met wilde blauwe bessen,diepvries
514065,9114,Dr. Oetker Ristorante pizza quattro formaggi,Dr. Oetker,diepvries,Diepvries,Pizza (dunne bodem),3.89,3.89,,,,,340 g,prijs per kg €11.44,False,,,,,D,True,AH,https://www.ah.nl/producten/product/wi514065,2026-08-04,Dr. Oetker Ristorante pizza quattro formaggi,diepvries
513996,6231,Dr. Oetker Ristorante pizza hawaii,Dr. Oetker,diepvries,Diepvries,Pizza (dunne bodem),3.09,3.09,,,,,355 g,prijs per kg €8.70,False,,,,,C,True,AH,https://www.ah.nl/producten/product/wi513996,2026-08-04,Dr. Oetker Ristorante pizza hawaii,diepvries
513998,7816,Dr. Oetker Ristorante pizza tonno,Dr. Oetker,diepvries,Diepvries,Pizza (dunne bodem),3.15,3.15,,,,,355 g,prijs per kg €8.87,False,,,,,C,True,AH,https://www.ah.nl/producten/product/wi513998,2026-08-04,Dr. Oetker Ristorante pizza tonno,diepvries
112579,564435,Ola Festini peer,Ola,diepvries,Diepvries,Waterijs,4.39,4.39,,,,,12 stuks,,False,,,,,C,True,AH,https://www.ah.nl/producten/product/wi112579,2026-08-04,Ola Festini peer,diepvries
614228,0,Ola Festini peer 3-pack,Ola,diepvries,Diepvries,Waterijs,11.85,13.17,10.0,10% volume voordeel,,,3 stuks,,True,AHOO,10% volume voordeel,2026-08-04,2999-12-31,,True,AH,https://www.ah.nl/producten/product/wi614228,2026-08-04,Ola Festini peer 3-pack,diepvries
617651,0,AH Biologisch Doosje met wilde blauwe bessen 2-pack,AH Biologisch,diepvries,Diepvries,Blauwe bessen (diepvries),6.45,6.58,2.0,2% volume voordeel,,,2 stuks,,True,AHOO,2% volume voordeel,2026-08-04,2999-12-31,,True,AH,https://www.ah.nl/producten/product/wi617651,2026-08-04,AH Biologisch Doosje met wilde blauwe bessen 2-pack,diepvries
617653,0,AH Biologisch Doosje met wilde blauwe bessen 4-pack,AH Biologisch,diepvries,Diepvries,Blauwe bessen (diepvries),12.37,13.16,6.0,6% volume voordeel,,,4 stuks,,True,AHOO,6% volume voordeel,2026-08-04,2999-12-31,,True,AH,https://www.ah.nl/producten/product/wi617653,2026-08-04,AH Biologisch Doosje met wilde blauwe bessen 4-pack,diepvries
232379,825137,Kwekkeboom Oven & airfryer rundvlees croquetten,Kwekkeboom,diepvries,Diepvries,Kroket (oven),4.59,4.59,,,,,280 g,prijs per kg €16.39,False,,,,,D,True,AH,https://www.ah.nl/producten/product/wi232379,2026-08-04,Kwekkeboom Oven & airfryer rundvlees croquetten,diepvries
486429,741250,Iglo Spinazie à la crème,Iglo,diepvries,Diepvries,Spinazie (diepvries),1.59,1.59,,,,,500 g,prijs per kg €3.18,False,,,,,A,True,AH,https://www.ah.nl/producten/product/wi486429,2026-08-04,Iglo Spinazie à la crème,diepvries
617652,0,AH Biologisch Doosje met wilde blauwe bessen 3-pack,AH Biologisch,diepvries,Diepvries,Blauwe bessen (diepvries),9.48,9.87,4.0,4% volume voordeel,,,3 stuks,,True,AHOO,4% volume voordeel,2026-08-04,2999-12-31,,True,AH,https://www.ah.nl/producten/product/wi617652,2026-08-04,AH Biologisch Doosje met wilde blauwe bessen 3-pack,diepvries
576009,17394,Coca-Cola Zero sugar 20-pack,Coca-Cola,frisdrank-sappen-water,"Frisdrank, sappen, water","Cola zero, suikervrij, light",11.85,11.85,,,,,"20 x 0,25 l",prijs per liter €2.37,False,,,,,C,True,AH,https://www.ah.nl/producten/product/wi576009,2026-08-04,Coca-Cola Zero sugar 20-pack,frisdrank-sappen-water
520712,63342,Spa Fruit peach pear,Spa,frisdrank-sappen-water,"Frisdrank, sappen, water",Fruitwater,2.49,2.49,,,,,"1,25 l",prijs per liter €1.99,False,,,,,D,True,AH,https://www.ah.nl/producten/product/wi520712,2026-08-04,Spa Fruit peach pear,frisdrank-sappen-water
137739,606983,Coca-Cola Zero sugar,Coca-Cola,frisdrank-sappen-water,"Frisdrank, sappen, water","Cola zero, suikervrij, light",2.39,2.39,,,,,"1,5 l",prijs per liter €1.59,False,,,,,C,True,AH,https://www.ah.nl/producten/product/wi137739,2026-08-04,Coca-Cola Zero sugar,frisdrank-sappen-water
572502,0,Coca-Cola Zero sugar 4-pack,Coca-Cola,frisdrank-sappen-water,"Frisdrank, sappen, water","Cola zero, suikervrij, light",8.27,9.56,13.0,13.5% volume voordeel,,,4 stuks,,True,AHOO,13.5% volume voordeel,2026-08-04,2999-12-31,,True,AH,https://www.ah.nl/producten/product/wi572502,2026-08-04,Coca-Cola Zero sugar 4-pack,frisdrank-sappen-water
616709,0,"Coca-Cola Coca Cola Zero 1,5L 6-pack",Coca-Cola,frisdrank-sappen-water,"Frisdrank, sappen, water","Cola zero, suikervrij, light",12.19,14.34,15.0,15% volume voordeel,,,6 stuks,,True,AHOO,15% volume voordeel,2026-08-04,2999-12-31,,True,AH,https://www.ah.nl/producten/product/wi616709,2026-08-04,"Coca-Cola Coca Cola Zero 1,5L 6-pack",frisdrank-sappen-water
48352,607025,Hero Cassis zero,Hero,frisdrank-sappen-water,"Frisdrank, sappen, water",Cassis,2.69,2.69,,,,,"1,25 l",prijs per liter €2.15,False,,,,,C,True,AH,https://www.ah.nl/producten/product/wi48352,2026-08-04,Hero Cassis zero,frisdrank-sappen-water
2800,593459,Coca-Cola Original taste,Coca-Cola,frisdrank-sappen-water,"Frisdrank, sappen, water",Cola regular,2.39,2.39,,,,,"1,5 l",prijs per liter €1.59,False,,,,,E,True,AH,https://www.ah.nl/producten/product/wi2800,2026-08-04,Coca-Cola Original taste,frisdrank-sappen-water
573407,0,Coca-Cola Original taste 4-pack,Coca-Cola,frisdrank-sappen-water,"Frisdrank, sappen, water",Cola regular,8.27,9.56,13.0,13.5% volume voordeel,,,4 stuks,,True,AHOO,13.5% volume voordeel,2026-08-04,2999-12-31,,True,AH,https://www.ah.nl/producten/product/wi573407,2026-08-04,Coca-Cola Original taste 4-pack,frisdrank-sappen-water
476710,729916,AH Cola no sugar,AH,frisdrank-sappen-water,"Frisdrank, sappen, water","Cola zero, suikervrij, light",0.95,0.95,,,,,"1,5 l",prijs per liter €0.63,False,,,,,C,True,AH,https://www.ah.nl/producten/product/wi476710,2026-08-04,AH Cola no sugar,frisdrank-sappen-water
137741,606985,Coca-Cola Zero sugar,Coca-Cola,frisdrank-sappen-water,"Frisdrank, sappen, water","Cola zero, suikervrij, light",2.29,2.29,,1 + 1 gratis,,1.0,1 l,normale prijs per liter €2.29,True,AH,1 + 1 gratis,2026-08-03,2026-08-09,C,True,AH,https://www.ah.nl/producten/product/wi137741,2026-08-04,Coca-Cola Zero sugar,frisdrank-sappen-water
618377,0,Coca-Cola Zero sugar 4pk,Coca-Cola,frisdrank-sappen-water,"Frisdrank, sappen, water","Cola zero, suikervrij, light",4.58,9.16,50.0,pakketkorting,,,4 stuks,,True,AHOO,,2026-08-04,2026-08-09,,True,AH,https://www.ah.nl/producten/product/wi618377,2026-08-04,Coca-Cola Zero sugar 4pk,frisdrank-sappen-water
616731,0,Coca-Cola Zero sugar 10-pack,Coca-Cola,frisdrank-sappen-water,"Frisdrank, sappen, water","Cola zero, suikervrij, light",11.45,22.9,50.0,pakketkorting,,,10 stuks,,True,AHOO,,2026-08-04,2026-08-09,,True,AH,https://www.ah.nl/producten/product/wi616731,2026-08-04,Coca-Cola Zero sugar 10-pack,frisdrank-sappen-water
616735,0,Coca-Cola Zero sugar 5-pack,Coca-Cola,frisdrank-sappen-water,"Frisdrank, sappen, water","Cola zero, suikervrij, light",6.87,11.45,40.0,pakketkorting,,,5 stuks,,True,AHOO,,2026-08-04,2026-08-09,,True,AH,https://www.ah.nl/producten/product/wi616735,2026-08-04,Coca-Cola Zero sugar 5-pack,frisdrank-sappen-water
476713,729921,Coca-Cola Zero sugar 8-pack,Coca-Cola,frisdrank-sappen-water,"Frisdrank, sappen, water","Cola zero, suikervrij, light",4.75,4.75,,,,,"8 x 0,25 l",prijs per liter €2.38,False,,,,,C,True,AH,https://www.ah.nl/producten/product/wi476713,2026-08-04,Coca-Cola Zero sugar 8-pack,frisdrank-sappen-water
375004,837504,Lipton Ice tea green,Lipton,frisdrank-sappen-water,"Frisdrank, sappen, water",Ice tea green,2.99,2.99,,,,,"1,5 l",prijs per liter €1.99,False,,,,,D,True,AH,https://www.ah.nl/producten/product/wi375004,2026-08-04,Lipton Ice tea green,frisdrank-sappen-water
616722,0,Coca-Cola Regular 6-pack,Coca-Cola,frisdrank-sappen-water,"Frisdrank, sappen, water",Cola regular,12.91,14.34,10.0,10% volume voordeel,,,6 stuks,,True,AHOO,10% volume voordeel,2026-08-04,2999-12-31,,True,AH,https://www.ah.nl/producten/product/wi616722,2026-08-04,Coca-Cola Regular 6-pack,frisdrank-sappen-water
605795,0,Coca-Cola Zero sugar 24-pack,Coca-Cola,frisdrank-sappen-water,"Frisdrank, sappen, water","Cola zero, suikervrij, light",12.82,14.25,10.0,10% volume voordeel,,,3 stuks,,True,AHOO,10% volume voordeel,2026-08-04,2999-12-31,,True,AH,https://www.ah.nl/producten/product/wi605795,2026-08-04,Coca-Cola Zero sugar 24-pack,frisdrank-sappen-water
130874,593448,Coca-Cola Original taste,Coca-Cola,frisdrank-sappen-water,"Frisdrank, sappen, water",Cola regular,2.29,2.29,,1 + 1 gratis,,1.0,1 l,normale prijs per liter €2.29,True,AH,1 + 1 gratis,2026-08-03,2026-08-09,E,True,AH,https://www.ah.nl/producten/product/wi130874,2026-08-04,Coca-Cola Original taste,frisdrank-sappen-water
608748,0,Lipton Ice tea green 1.5L 6-pack,Lipton,frisdrank-sappen-water,"Frisdrank, sappen, water",Ice tea green,15.25,17.94,15.0,15% volume voordeel,,,6 stuks,,True,AHOO,15% volume voordeel,2026-08-04,2999-12-31,,True,AH,https://www.ah.nl/producten/product/wi608748,2026-08-04,Lipton Ice tea green 1.5L 6-pack,frisdrank-sappen-water
608746,0,Lipton Ice tea green 1.5L 4-pack,Lipton,frisdrank-sappen-water,"Frisdrank, sappen, water",Ice tea green,10.76,11.96,10.0,10% volume voordeel,,,4 stuks,,True,AHOO,10% volume voordeel,2026-08-04,2999-12-31,,True,AH,https://www.ah.nl/producten/product/wi608746,2026-08-04,Lipton Ice tea green 1.5L 4-pack,frisdrank-sappen-water
123416,577176,AH Mineraalwater koolzuurvrij 6-pack,AH,frisdrank-sappen-water,"Frisdrank, sappen, water",Koolzuurvrij water,2.29,2.29,,,,,"6 x 0,5 l",prijs per liter €0.76,False,,,,,,True,AH,https://www.ah.nl/producten/product/wi123416,2026-08-04,AH Mineraalwater koolzuurvrij 6-pack,frisdrank-sappen-water
608744,0,Lipton Ice tea green 1.5L 2-pack,Lipton,frisdrank-sappen-water,"Frisdrank, sappen, water",Ice tea green,5.68,5.98,5.0,5% volume voordeel,,,2 stuks,,True,AHOO,5% volume voordeel,2026-08-04,2999-12-31,,True,AH,https://www.ah.nl/producten/product/wi608744,2026-08-04,Lipton Ice tea green 1.5L 2-pack,frisdrank-sappen-water
415185,686633,AH Ice tea green koolzuurvrij,AH,frisdrank-sappen-water,"Frisdrank, sappen, water",Ice tea green,1.25,1.25,,,,,"1,5 l",prijs per liter €0.83,False,,,,,C,True,AH,https://www.ah.nl/producten/product/wi415185,2026-08-04,AH Ice tea green koolzuurvrij,frisdrank-sappen-water
616736,0,Coca-Cola Zero sugar 40-pack,Coca-Cola,frisdrank-sappen-water,"Frisdrank, sappen, water","Cola zero, suikervrij, light",20.19,23.75,15.0,15% volume voordeel,,,5 stuks,,True,AHOO,15% volume voordeel,2026-08-04,2999-12-31,,True,AH,https://www.ah.nl/producten/product/wi616736,2026-08-04,Coca-Cola Zero sugar 40-pack,frisdrank-sappen-water
616714,0,Coca-Cola Original taste 10-pack,Coca-Cola,frisdrank-sappen-water,"Frisdrank, sappen, water",Cola regular,11.45,22.9,50.0,pakketkorting,,,10 stuks,,True,AHOO,,2026-08-04,2026-08-09,,True,AH,https://www.ah.nl/producten/product/wi616714,2026-08-04,Coca-Cola Original taste 10-pack,frisdrank-sappen-water
485568,740420,AH Appelsap,AH,frisdrank-sappen-water,"Frisdrank, sappen, water",Appelsap en perensap,1.69,1.69,,,,,"1,5 l",prijs per liter €1.13,False,,,,,C,True,AH,https://www.ah.nl/producten/product/wi485568,2026-08-04,AH Appelsap,frisdrank-sappen-water
616715,0,Coca-Cola Original taste 6-pack,Coca-Cola,frisdrank-sappen-water,"Frisdrank, sappen, water",Cola regular,6.87,13.74,50.0,pakketkorting,,,6 stuks,,True,AHOO,,2026-08-04,2026-08-09,,True,AH,https://www.ah.nl/producten/product/wi616715,2026-08-04,Coca-Cola Original taste 6-pack,frisdrank-sappen-water
569283,9552,Bar-le-Duc Mineraalwater koolzuurhoudend,Bar-le-Duc,frisdrank-sappen-water,"Frisdrank, sappen, water",Koolzuurhoudend water,0.85,0.85,,,,,"1,5 l",prijs per liter €0.57,False,,,,,A,True,AH,https://www.ah.nl/producten/product/wi569283,2026-08-04,Bar-le-Duc Mineraalwater koolzuurhoudend,frisdrank-sappen-water
371500,836558,AH Bruisend mineraalwater citroen,AH,frisdrank-sappen-water,"Frisdrank, sappen, water",Water met smaak,1.09,1.09,,,,,"1,5 l",prijs per liter €0.73,False,,,,,B,True,AH,https://www.ah.nl/producten/product/wi371500,2026-08-04,AH Bruisend mineraalwater citroen,frisdrank-sappen-water
63922,607072,AH Cola regular,AH,frisdrank-sappen-water,"Frisdrank, sappen, water",Cola regular,0.95,0.95,,,,,"1,5 l",prijs per liter €0.63,False,,,,,E,True,AH,https://www.ah.nl/producten/product/wi63922,2026-08-04,AH Cola regular,frisdrank-sappen-water
477062,730721,Pepsi Zero sugar,Pepsi,frisdrank-sappen-water,"Frisdrank, sappen, water","Cola zero, suikervrij, light",2.29,2.29,,,,,1 l,prijs per liter €2.29,False,,,,,C,True,AH,https://www.ah.nl/producten/product/wi477062,2026-08-04,Pepsi Zero sugar,frisdrank-sappen-water
614663,0,Pepsi Zero sugar 4-pack,Pepsi,frisdrank-sappen-water,"Frisdrank, sappen, water","Cola zero, suikervrij, light",8.24,9.16,10.0,10% volume voordeel,,,4 stuks,,True,AHOO,10% volume voordeel,2026-08-04,2999-12-31,,True,AH,https://www.ah.nl/producten/product/wi614663,2026-08-04,Pepsi Zero sugar 4-pack,frisdrank-sappen-water
614664,0,Pepsi Zero sugar 6-pack,Pepsi,frisdrank-sappen-water,"Frisdrank, sappen, water","Cola zero, suikervrij, light",11.68,13.74,15.0,15% volume voordeel,,,6 stuks,,True,AHOO,15% volume voordeel,2026-08-04,2999-12-31,,True,AH,https://www.ah.nl/producten/product/wi614664,2026-08-04,Pepsi Zero sugar 6-pack,frisdrank-sappen-water
177570,779454,Lipton Ice tea sparkling original,Lipton,frisdrank-sappen-water,"Frisdrank, sappen, water",Ice tea regular,2.99,2.99,,,,,"1,5 l",prijs per liter €1.99,False,,,,,D,True,AH,https://www.ah.nl/producten/product/wi177570,2026-08-04,Lipton Ice tea sparkling original,frisdrank-sappen-water
519034,886057,Lipton Ice tea green zero sugar,Lipton,frisdrank-sappen-water,"Frisdrank, sappen, water",Ice tea zero,3.69,3.69,,,,,"1,5 l",prijs per liter €2.46,False,,,,,C,True,AH,https://www.ah.nl/producten/product/wi519034,2026-08-04,Lipton Ice tea green zero sugar,frisdrank-sappen-water
477060,730719,Coca-Cola Original taste 8-pack,Coca-Cola,frisdrank-sappen-water,"Frisdrank, sappen, water",Cola regular,5.29,5.29,,,,,"8 x 0,25 l",prijs per liter €2.65,False,,,,,E,True,AH,https://www.ah.nl/producten/product/wi477060,2026-08-04,Coca-Cola Original taste 8-pack,frisdrank-sappen-water
614662,0,Pepsi Zero sugar 10-pack,Pepsi,frisdrank-sappen-water,"Frisdrank, sappen, water","Cola zero, suikervrij, light",18.32,22.9,20.0,20% volume voordeel,,,10 stuks,,True,AHOO,20% volume voordeel,2026-08-04,2999-12-31,,True,AH,https://www.ah.nl/producten/product/wi614662,2026-08-04,Pepsi Zero sugar 10-pack,frisdrank-sappen-water
605793,0,Coca-Cola Original taste 24-pack,Coca-Cola,frisdrank-sappen-water,"Frisdrank, sappen, water",Cola regular,14.28,15.87,10.0,10% volume voordeel,,,3 stuks,,True,AHOO,10% volume voordeel,2026-08-04,2999-12-31,,True,AH,https://www.ah.nl/producten/product/wi605793,2026-08-04,Coca-Cola Original taste 24-pack,frisdrank-sappen-water
608758,0,Lipton Ice tea sparkling original 4-pack,Lipton,frisdrank-sappen-water,"Frisdrank, sappen, water",Ice tea regular,10.76,11.96,10.0,10% volume voordeel,,,4 stuks,,True,AHOO,10% volume voordeel,2026-08-04,2999-12-31,,True,AH,https://www.ah.nl/producten/product/wi608758,2026-08-04,Lipton Ice tea sparkling original 4-pack,frisdrank-sappen-water
451111,572214,Liefmans On the rocks 4-pack,Liefmans,bier-wijn-aperitieven,"Bier, wijn, aperitieven","Rosé bier, fruitbier",5.84,7.79,25.0,25% korting,,,"4 x 0,25 l",normale prijs per liter €7.79,True,AH,25% korting,2026-08-03,2026-08-09,,True,AH,https://www.ah.nl/producten/product/wi451111,2026-08-04,Liefmans On the rocks 4-pack,bier-wijn-aperitieven
500334,816029,Duvel 666 4-pack,Duvel,bier-wijn-aperitieven,"Bier, wijn, aperitieven",Blond bier,6.37,8.49,25.0,25% korting,,," 4 x 0,33 l",normale prijs per liter €6.43,True,AH,25% korting,2026-08-03,2026-08-09,,True,AH,https://www.ah.nl/producten/product/wi500334,2026-08-04,Duvel 666 4-pack,bier-wijn-aperitieven
222563,816815,Amstel Radler citroen 0.0 6-pack,Amstel,bier-wijn-aperitieven,"Bier, wijn, aperitieven","Alcoholvrij wit, weizen, radler",6.49,6.49,,1 + 1 gratis,,1.0,"6 x 0,33 l",normale prijs per liter €3.28,True,AH,1 + 1 gratis,2026-08-03,2026-08-09,C,True,AH,https://www.ah.nl/producten/product/wi222563,2026-08-04,Amstel Radler citroen 0.0 6-pack,bier-wijn-aperitieven
600733,0,Amstel Amstel Radler citroen 0.0 6-pack 8-pack,Amstel,bier-wijn-aperitieven,"Bier, wijn, aperitieven","Alcoholvrij wit, weizen, radler",25.96,51.92,50.0,pakketkorting,,,8 stuks,,True,AHOO,,2026-08-04,2026-08-09,,True,AH,https://www.ah.nl/producten/product/wi600733,2026-08-04,Amstel Amstel Radler citroen 0.0 6-pack 8-pack,bier-wijn-aperitieven
238802,828378,Grolsch Radler citroen alcoholvrij 0.0 6-pack,Grolsch,bier-wijn-aperitieven,"Bier, wijn, aperitieven","Alcoholvrij wit, weizen, radler",5.29,5.29,,,,,"6 x 0,3 l",prijs per liter €2.94,False,,,,,C,True,AH,https://www.ah.nl/producten/product/wi238802,2026-08-04,Grolsch Radler citroen alcoholvrij 0.0 6-pack,bier-wijn-aperitieven
615431,72529,Grolsch Cal 6-pack,Grolsch,bier-wijn-aperitieven,"Bier, wijn, aperitieven",Pils blik,6.85,6.85,,,,,"1,98 l",prijs per liter €3.46,False,,,,,,True,AH,https://www.ah.nl/producten/product/wi615431,2026-08-04,Grolsch Cal 6-pack,bier-wijn-aperitieven
611328,0,Grolsch Radler citroen alcoholvrij 0.0 18-pack,Grolsch,bier-wijn-aperitieven,"Bier, wijn, aperitieven","Alcoholvrij wit, weizen, radler",14.28,15.87,10.0,10% volume voordeel,,,3 stuks,,True,AHOO,10% volume voordeel,2026-08-04,2999-12-31,,True,AH,https://www.ah.nl/producten/product/wi611328,2026-08-04,Grolsch Radler citroen alcoholvrij 0.0 18-pack,bier-wijn-aperitieven
611329,0,Grolsch Radler citroen alcoholvrij 0.0 30-pack,Grolsch,bier-wijn-aperitieven,"Bier, wijn, aperitieven","Alcoholvrij wit, weizen, radler",22.48,26.45,15.0,15% volume voordeel,,,5 stuks,,True,AHOO,15% volume voordeel,2026-08-04,2999-12-31,,True,AH,https://www.ah.nl/producten/product/wi611329,2026-08-04,Grolsch Radler citroen alcoholvrij 0.0 30-pack,bier-wijn-aperitieven
222510,816813,Amstel Radler citroen 0.0% 6-pack,Amstel,bier-wijn-aperitieven,"Bier, wijn, aperitieven","Alcoholvrij wit, weizen, radler",5.99,5.99,,1 + 1 gratis,,1.0,"6 x 0,3 l",normale prijs per liter €3.33,True,AH,1 + 1 gratis,2026-08-03,2026-08-09,C,True,AH,https://www.ah.nl/producten/product/wi222510,2026-08-04,Amstel Radler citroen 0.0% 6-pack,bier-wijn-aperitieven
606634,0,Amstel Radler citroen 0.0%12-pack,Amstel,bier-wijn-aperitieven,"Bier, wijn, aperitieven","Alcoholvrij wit, weizen, radler",5.99,11.98,50.0,pakketkorting,,,2 stuks,,True,AHOO,,2026-08-04,2026-08-09,,True,AH,https://www.ah.nl/producten/product/wi606634,2026-08-04,Amstel Radler citroen 0.0%12-pack,bier-wijn-aperitieven
228280,820730,Saint Louis De provence rosé,Saint Louis,bier-wijn-aperitieven,"Bier, wijn, aperitieven",Droge rosé,6.99,6.99,,,,,"0,75 l",prijs per liter €9.32,False,,,,,,True,AH,https://www.ah.nl/producten/product/wi228280,2026-08-04,Saint Louis De provence rosé,bier-wijn-aperitieven
584742,0,Saint Louis De provence rose 6 flessen,Saint Louis,bier-wijn-aperitieven,"Bier, wijn, aperitieven",Droge rosé,37.75,41.94,10.0,10% volume voordeel,,,6 stuks,,True,AHOO,10% volume voordeel,2026-08-04,2999-12-31,,True,AH,https://www.ah.nl/producten/product/wi584742,2026-08-04,Saint Louis De provence rose 6 flessen,bier-wijn-aperitieven
566588,4706,Vandestreek Playground non alcoholic IPA,Vandestreek,bier-wijn-aperitieven,"Bier, wijn, aperitieven",Alcoholvrij IPA,2.19,2.19,,,,,330 ml,prijs per liter €6.64,False,,,,,C,True,AH,https://www.ah.nl/producten/product/wi566588,2026-08-04,Vandestreek Playground non alcoholic IPA,bier-wijn-aperitieven
615888,0,Saint Louis Saint Louis Provence Rosé 4 flessen,Saint Louis,bier-wijn-aperitieven,"Bier, wijn, aperitieven",Droge rosé,26.56,27.96,5.0,5% volume voordeel,,,4 stuks,,True,AHOO,5% volume voordeel,2026-08-04,2999-12-31,,True,AH,https://www.ah.nl/producten/product/wi615888,2026-08-04,Saint Louis Saint Louis Provence Rosé 4 flessen,bier-wijn-aperitieven
516627,46619,Corona Cero 0.0 alcoholvrij bier 6-pack,Corona,bier-wijn-aperitieven,"Bier, wijn, aperitieven","Alcoholvrij wit, weizen, radler",9.49,9.49,,,,,"6 x 0,33 l",prijs per liter €4.79,False,,,,,C,True,AH,https://www.ah.nl/producten/product/wi516627,2026-08-04,Corona Cero 0.0 alcoholvrij bier 6-pack,bier-wijn-aperitieven
610142,0,Corona Cero 0.0 alcoholvrij bier 18-pack,Corona,bier-wijn-aperitieven,"Bier, wijn, aperitieven","Alcoholvrij wit, weizen, radler",24.2,28.47,15.0,15% volume voordeel,,,3 stuks,,True,AHOO,15% volume voordeel,2026-08-04,2999-12-31,,True,AH,https://www.ah.nl/producten/product/wi610142,2026-08-04,Corona Cero 0.0 alcoholvrij bier 18-pack,bier-wijn-aperitieven
611748,0,Corona Cero 0.0 alcoholvrij bier 30-pack,Corona,bier-wijn-aperitieven,"Bier, wijn, aperitieven","Alcoholvrij wit, weizen, radler",37.96,47.45,20.0,20% volume voordeel,,,5 stuks,,True,AHOO,20% volume voordeel,2026-08-04,2999-12-31,,True,AH,https://www.ah.nl/producten/product/wi611748,2026-08-04,Corona Cero 0.0 alcoholvrij bier 30-pack,bier-wijn-aperitieven
396207,847557,Settesoli Pinot grigio blush rosé,Settesoli,bier-wijn-aperitieven,"Bier, wijn, aperitieven",Droge rosé,4.49,5.99,25.0,€1.50 euro korting,,,"0,75 l",normale prijs per liter €7.99,True,AH,1.50 EURO KORTING,2026-08-03,2026-08-09,,True,AH,https://www.ah.nl/producten/product/wi396207,2026-08-04,Settesoli Pinot grigio blush rosé,bier-wijn-aperitieven
586377,0,Settesoli Pinot grigio blush rosé 6 flessen,Settesoli,bier-wijn-aperitieven,"Bier, wijn, aperitieven",Droge rosé,26.94,35.94,25.0,pakketkorting,,,6 stuks,,True,AHOO,,2026-08-04,2026-08-09,,True,AH,https://www.ah.nl/producten/product/wi586377,2026-08-04,Settesoli Pinot grigio blush rosé 6 flessen,bier-wijn-aperitieven
482639,737544,Grange de Malivet Chardonnay wooded,Grange de Malivet,bier-wijn-aperitieven,"Bier, wijn, aperitieven",Chardonnay (Vol en droog),6.65,6.65,,,,,"0,75 l",prijs per liter €8.87,False,,,,,,True,AH,https://www.ah.nl/producten/product/wi482639,2026-08-04,Grange de Malivet Chardonnay wooded,bier-wijn-aperitieven
586717,0,Grange de Malivet Chardonnay wooded 6 flessen,Grange de Malivet,bier-wijn-aperitieven,"Bier, wijn, aperitieven",Chardonnay (Fris en droog),35.91,39.9,10.0,10% volume voordeel,,,6 stuks,,True,AHOO,10% volume voordeel,2026-08-04,2999-12-31,,True,AH,https://www.ah.nl/producten/product/wi586717,2026-08-04,Grange de Malivet Chardonnay wooded 6 flessen,bier-wijn-aperitieven
571813,14095,Texels Skuumkoppe 0.0 speciaalbier 6-pack,Texels,bier-wijn-aperitieven,"Bier, wijn, aperitieven","Alcoholvrij wit, weizen, radler",9.39,9.39,,,,,"6 x 0,3 l",prijs per liter €5.22,False,,,,,C,True,AH,https://www.ah.nl/producten/product/wi571813,2026-08-04,Texels Skuumkoppe 0.0 speciaalbier 6-pack,bier-wijn-aperitieven
616349,0,Settesoli Settesoli PG Blush Rosé 4 flessen,Settesoli,bier-wijn-aperitieven,"Bier, wijn, aperitieven",Droge rosé,17.96,23.96,25.0,pakketkorting,,,4 stuks,,True,AHOO,,2026-08-04,2026-08-09,,True,AH,https://www.ah.nl/producten/product/wi616349,2026-08-04,Settesoli Settesoli PG Blush Rosé 4 flessen,bier-wijn-aperitieven
435814,700320,AH Excellent Selectie prosecco,AH Excellent,bier-wijn-aperitieven,"Bier, wijn, aperitieven",Prosecco droog,7.99,7.99,,,,,"0,75 l",prijs per liter €10.65,False,,,,,,True,AH,https://www.ah.nl/producten/product/wi435814,2026-08-04,AH Excellent Selectie prosecco,bier-wijn-aperitieven
615768,0,Texels Skuumkoppe 0.0 speciaalbier 12-pack,Texels,bier-wijn-aperitieven,"Bier, wijn, aperitieven","Alcoholvrij wit, weizen, radler",17.84,18.78,5.0,5% volume voordeel,,,2 stuks,,True,AHOO,5% volume voordeel,2026-08-04,2999-12-31,,True,AH,https://www.ah.nl/producten/product/wi615768,2026-08-04,Texels Skuumkoppe 0.0 speciaalbier 12-pack,bier-wijn-aperitieven
594988,0,Texels Skuumkoppe 0.0 speciaalbier 12-pack,Texels,bier-wijn-aperitieven,"Bier, wijn, aperitieven","Alcoholvrij wit, weizen, radler",17.84,18.78,5.0,5% volume voordeel,,,2 stuks,,True,AHOO,5% volume voordeel,2026-08-04,2999-12-31,,True,AH,https://www.ah.nl/producten/product/wi594988,2026-08-04,Texels Skuumkoppe 0.0 speciaalbier 12-pack,bier-wijn-aperitieven
96577,543391,Hertog Jan Pilsener bier 6-pack,Hertog Jan,bier-wijn-aperitieven,"Bier, wijn, aperitieven",Pils blik,5.49,7.32,25.0,25% korting,,,6 x 33 cl,normale prijs per liter €3.70,True,AH,25% korting,2026-08-03,2026-08-09,,True,AH,https://www.ah.nl/producten/product/wi96577,2026-08-04,Hertog Jan Pilsener bier 6-pack,bier-wijn-aperitieven
163546,626435,Settesoli Pinot grigio,Settesoli,bier-wijn-aperitieven,"Bier, wijn, aperitieven",Pinot Grigio (Fris en droog),4.49,5.99,25.0,€1.50 euro korting,,,"0,75 l",normale prijs per liter €7.99,True,AH,1.50 EURO KORTING,2026-08-03,2026-08-09,,True,AH,https://www.ah.nl/producten/product/wi163546,2026-08-04,Settesoli Pinot grigio,bier-wijn-aperitieven
471354,723681,Hertog Jan 0.0 Alcoholvrij bier 6-pack,Hertog Jan,bier-wijn-aperitieven,"Bier, wijn, aperitieven",Alcoholvrij pils,4.99,4.99,,1 + 1 gratis,,1.0,"6 x 0,3 l",normale prijs per liter €2.77,True,AH,1 + 1 gratis,2026-08-03,2026-08-09,B,True,AH,https://www.ah.nl/producten/product/wi471354,2026-08-04,Hertog Jan 0.0 Alcoholvrij bier 6-pack,bier-wijn-aperitieven
460649,675079,Leffe Blond 0.0% 6-pack,Leffe,bier-wijn-aperitieven,"Bier, wijn, aperitieven","Alcoholvrij blond, dubbel, tripel",4.99,6.65,25.0,25% korting,,,6 x 0.30 l,normale prijs per liter €3.69,True,AH,25% korting,2026-08-03,2026-08-09,C,True,AH,https://www.ah.nl/producten/product/wi460649,2026-08-04,Leffe Blond 0.0% 6-pack,bier-wijn-aperitieven
584728,0,Settesoli Pinot grigio 6 flessen,Settesoli,bier-wijn-aperitieven,"Bier, wijn, aperitieven",Pinot Grigio (Fris en droog),26.94,35.94,25.0,pakketkorting,,,6 stuks,,True,AHOO,,2026-08-04,2026-08-09,,True,AH,https://www.ah.nl/producten/product/wi584728,2026-08-04,Settesoli Pinot grigio 6 flessen,bier-wijn-aperitieven
591521,0,AH Excellent Selectie Prosecco 6 flessen,AH Excellent,bier-wijn-aperitieven,"Bier, wijn, aperitieven",Prosecco droog,43.15,47.94,10.0,10% volume voordeel,,,6 stuks,,True,AHOO,10% volume voordeel,2026-08-04,2999-12-31,,True,AH,https://www.ah.nl/producten/product/wi591521,2026-08-04,AH Excellent Selectie Prosecco 6 flessen,bier-wijn-aperitieven
225279,818528,Mesta Verdejo organic wine,Mesta,bier-wijn-aperitieven,"Bier, wijn, aperitieven",Verdejo (Fris en droog),5.49,5.49,,,,,"0,75 l",prijs per liter €7.32,False,,,,,,True,AH,https://www.ah.nl/producten/product/wi225279,2026-08-04,Mesta Verdejo organic wine,bier-wijn-aperitieven
615849,0,Grange de Malivet Grange de Malivet Chardonnay 4 flessen,Grange de Malivet,bier-wijn-aperitieven,"Bier, wijn, aperitieven",Chardonnay (Vol en droog),25.27,26.6,5.0,5% volume voordeel,,,4 stuks,,True,AHOO,5% volume voordeel,2026-08-04,2999-12-31,,True,AH,https://www.ah.nl/producten/product/wi615849,2026-08-04,Grange de Malivet Grange de Malivet Chardonnay 4 flessen,bier-wijn-aperitieven
575711,0,AH Excellent Selectie Prosecco 6 flessen,AH Excellent,bier-wijn-aperitieven,"Bier, wijn, aperitieven",Prosecco droog,43.15,47.94,10.0,10% volume voordeel,,,6 stuks,,True,AHOO,10% volume voordeel,2026-08-04,2999-12-31,,True,AH,https://www.ah.nl/producten/product/wi575711,2026-08-04,AH Excellent Selectie Prosecco 6 flessen,bier-wijn-aperitieven
610152,0,Leffe Blond 0.0% 12-pack,Leffe,bier-wijn-aperitieven,"Bier, wijn, aperitieven","Alcoholvrij blond, dubbel, tripel",9.97,13.3,25.0,pakketkorting,,,2 stuks,,True,AHOO,,2026-08-04,2026-08-09,,True,AH,https://www.ah.nl/producten/product/wi610152,2026-08-04,Leffe Blond 0.0% 12-pack,bier-wijn-aperitieven
570710,11381,Hey you Rosé,Hey you,bier-wijn-aperitieven,"Bier, wijn, aperitieven",Droge rosé,3.99,4.99,20.0,€1.00 euro korting,,,"0,75 l",normale prijs per liter €6.65,True,AH,1 euro korting,2026-08-03,2026-08-09,,True,AH,https://www.ah.nl/producten/product/wi570710,2026-08-04,Hey you Rosé,bier-wijn-aperitieven
590462,36601,Royal Club Pink grapefruit 0% suiker,Royal Club,bier-wijn-aperitieven,"Frisdrank, sappen, water",Craft en speciaal fris,2.49,2.49,,,,,1 l,prijs per liter €2.49,False,,,,,C,True,AH,https://www.ah.nl/producten/product/wi590462,2026-08-04,Royal Club Pink grapefruit 0% suiker,bier-wijn-aperitieven
80101,779716,Heineken Premium pilsener 6-pack,Heineken,bier-wijn-aperitieven,"Bier, wijn, aperitieven",Pils blik,6.65,6.65,,,,,"6 x 0,33 l",prijs per liter €3.36,False,,,,,,True,AH,https://www.ah.nl/producten/product/wi80101,2026-08-04,Heineken Premium pilsener 6-pack,bier-wijn-aperitieven
584608,0,Mesta Verdejo organic wine 6 flessen,Mesta,bier-wijn-aperitieven,"Bier, wijn, aperitieven",Verdejo (Fris en droog),29.65,32.94,10.0,10% volume voordeel,,,6 stuks,,True,AHOO,10% volume voordeel,2026-08-04,2999-12-31,,True,AH,https://www.ah.nl/producten/product/wi584608,2026-08-04,Mesta Verdejo organic wine 6 flessen,bier-wijn-aperitieven
606648,0,Heineken Pilsener 12-pack,Heineken,bier-wijn-aperitieven,"Bier, wijn, aperitieven",Pils blik,12.63,13.3,5.0,5% volume voordeel,,,2 stuks,,True,AHOO,5% volume voordeel,2026-08-04,2999-12-31,,True,AH,https://www.ah.nl/producten/product/wi606648,2026-08-04,Heineken Pilsener 12-pack,bier-wijn-aperitieven
478476,732292,YAYA Kombucha yuzu,YAYA,bier-wijn-aperitieven,"Frisdrank, sappen, water",Kombucha,2.39,2.39,,,,,330 ml,prijs per liter €7.24,False,,,,,C,True,AH,https://www.ah.nl/producten/product/wi478476,2026-08-04,YAYA Kombucha yuzu,bier-wijn-aperitieven
586707,0,Hey you Rosé 6 flessen,Hey you,bier-wijn-aperitieven,"Bier, wijn, aperitieven",Droge rosé,23.94,29.94,20.0,pakketkorting,,,6 stuks,,True,AHOO,,2026-08-04,2026-08-09,,True,AH,https://www.ah.nl/producten/product/wi586707,2026-08-04,Hey you Rosé 6 flessen,bier-wijn-aperitieven
409165,853880,Heineken Premium pilsener 0.0 6-pack,Heineken,bier-wijn-aperitieven,"Bier, wijn, aperitieven",Alcoholvrij pils,6.65,6.65,,,,,"6 x 0,33 l",prijs per liter €3.36,False,,,,,B,True,AH,https://www.ah.nl/producten/product/wi409165,2026-08-04,Heineken Premium pilsener 0.0 6-pack,bier-wijn-aperitieven
458921,668941,AH Biologisch Pinot grigio,AH Biologisch,bier-wijn-aperitieven,"Bier, wijn, aperitieven",Pinot Grigio (Fris en droog),4.99,4.99,,,,,"0,75 l",prijs per liter €6.65,False,,,,,,True,AH,https://www.ah.nl/producten/product/wi458921,2026-08-04,AH Biologisch Pinot grigio,bier-wijn-aperitieven
606649,0,Heineken Premium pilsener 0.0 12-pack,Heineken,bier-wijn-aperitieven,"Bier, wijn, aperitieven",Alcoholvrij pils,12.63,13.3,5.0,5% volume voordeel,,,2 stuks,,True,AHOO,5% volume voordeel,2026-08-04,2999-12-31,,True,AH,https://www.ah.nl/producten/product/wi606649,2026-08-04,Heineken Premium pilsener 0.0 12-pack,bier-wijn-aperitieven
610153,0,Leffe Blond 0.0% 24-pack,Leffe,bier-wijn-aperitieven,"Bier, wijn, aperitieven","Alcoholvrij blond, dubbel, tripel",19.95,26.6,25.0,pakketkorting,,,4 stuks,,True,AHOO,,2026-08-04,2026-08-09,,True,AH,https://www.ah.nl/producten/product/wi610153,2026-08-04,Leffe Blond 0.0% 24-pack,bier-wijn-aperitieven
617582,0,AH Biologisch Pinot grigio 6 flessen,AH Biologisch,bier-wijn-aperitieven,"Bier, wijn, aperitieven",Pinot Grigio (Fris en droog),26.95,29.94,10.0,10% volume voordeel,,,6 stuks,,True,AHOO,10% volume voordeel,2026-08-04,2999-12-31,,True,AH,https://www.ah.nl/producten/product/wi617582,2026-08-04,AH Biologisch Pinot grigio 6 flessen,bier-wijn-aperitieven
614582,0,Royal Club Pink grapefruit 0% suiker 4-pack,Royal Club,bier-wijn-aperitieven,"Frisdrank, sappen, water",Craft en speciaal fris,8.96,9.96,10.0,10% volume voordeel,,,4 stuks,,True,AHOO,10% volume voordeel,2026-08-04,2999-12-31,,True,AH,https://www.ah.nl/producten/product/wi614582,2026-08-04,Royal Club Pink grapefruit 0% suiker 4-pack,bier-wijn-aperitieven
617581,0,AH Biologisch Pinot grigio 4 flessen,AH Biologisch,bier-wijn-aperitieven,"Bier, wijn, aperitieven",Pinot Grigio (Fris en droog),18.96,19.96,5.0,5% volume voordeel,,,4 stuks,,True,AHOO,5% volume voordeel,2026-08-04,2999-12-31,,True,AH,https://www.ah.nl/producten/product/wi617581,2026-08-04,AH Biologisch Pinot grigio 4 flessen,bier-wijn-aperitieven
591212,38191,Stëlz Hard iced tea 12-pack,Stëlz,bier-wijn-aperitieven,"Bier, wijn, aperitieven",Seltzers,22.49,22.49,,,,,"12 x 0,25 l",prijs per liter €7.50,False,,,,,,True,AH,https://www.ah.nl/producten/product/wi591212,2026-08-04,Stëlz Hard iced tea 12-pack,bier-wijn-aperitieven
612705,0,Stelz Hard iced tea 24-pack,Stelz,bier-wijn-aperitieven,"Bier, wijn, aperitieven",Seltzers,33.73,44.98,25.0,25% volume voordeel,,,2 stuks,,True,AHOO,25% volume voordeel,2026-08-04,2999-12-31,,True,AH,https://www.ah.nl/producten/product/wi612705,2026-08-04,Stelz Hard iced tea 24-pack,bier-wijn-aperitieven
518871,557746,Royal Club Rose lemonade 0% suiker,Royal Club,bier-wijn-aperitieven,"Frisdrank, sappen, water",Craft en speciaal fris,2.49,2.49,,,,,1 l,prijs per liter €2.49,False,,,,,C,True,AH,https://www.ah.nl/producten/product/wi518871,2026-08-04,Royal Club Rose lemonade 0% suiker,bier-wijn-aperitieven
614578,0,Royal Club Pink grapefruit 0% suiker 10-pack,Royal Club,bier-wijn-aperitieven,"Frisdrank, sappen, water",Craft en speciaal fris,19.92,24.9,20.0,20% volume voordeel,,,10 stuks,,True,AHOO,20% volume voordeel,2026-08-04,2999-12-31,,True,AH,https://www.ah.nl/producten/product/wi614578,2026-08-04,Royal Club Pink grapefruit 0% suiker 10-pack,bier-wijn-aperitieven
616037,0,AH Excellent Prosecco 4 flessen,AH Excellent,bier-wijn-aperitieven,"Bier, wijn, aperitieven",Prosecco droog,30.36,31.96,5.0,5% volume voordeel,,,4 stuks,,True,AHOO,5% volume voordeel,2026-08-04,2999-12-31,,True,AH,https://www.ah.nl/producten/product/wi616037,2026-08-04,AH Excellent Prosecco 4 flessen,bier-wijn-aperitieven
614583,0,Royal Club Pink grapefruit 0% suiker 6-pack,Royal Club,bier-wijn-aperitieven,"Frisdrank, sappen, water",Craft en speciaal fris,12.7,14.94,15.0,15% volume voordeel,,,6 stuks,,True,AHOO,15% volume voordeel,2026-08-04,2999-12-31,,True,AH,https://www.ah.nl/producten/product/wi614583,2026-08-04,Royal Club Pink grapefruit 0% suiker 6-pack,bier-wijn-aperitieven
489167,742787,Brouwers Premium bier 6-pack,Brouwers,bier-wijn-aperitieven,"Bier, wijn, aperitieven",Pils blik,3.19,3.19,,,,,"6 x 0,33 l",prijs per liter €1.61,False,,,,,,True,AH,https://www.ah.nl/producten/product/wi489167,2026-08-04,Brouwers Premium bier 6-pack,bier-wijn-aperitieven
160809,627616,Lindeman's South africa sauvignon blanc chardonnay,Lindeman's,bier-wijn-aperitieven,"Bier, wijn, aperitieven",Sauvignon Blanc (Fris en droog),5.29,5.29,,,,,"0,75 l",prijs per liter €7.05,False,,,,,,True,AH,https://www.ah.nl/producten/product/wi160809,2026-08-04,Lindeman's South africa sauvignon blanc chardonnay,bier-wijn-aperitieven
614537,0,Royal Club Rose lemonade 0% suiker 4-pack,Royal Club,bier-wijn-aperitieven,"Frisdrank, sappen, water",Craft en speciaal fris,8.96,9.96,10.0,10% volume voordeel,,,4 stuks,,True,AHOO,10% volume voordeel,2026-08-04,2999-12-31,,True,AH,https://www.ah.nl/producten/product/wi614537,2026-08-04,Royal Club Rose lemonade 0% suiker 4-pack,bier-wijn-aperitieven
170811,757617,Corona Extra bier 6-pack,Corona,bier-wijn-aperitieven,"Bier, wijn, aperitieven",Mexicaans bier,9.99,9.99,,,,,"6 x 0,33 l",prijs per liter €5.05,False,,,,,,True,AH,https://www.ah.nl/producten/product/wi170811,2026-08-04,Corona Extra bier 6-pack,bier-wijn-aperitieven
584746,0,Lindeman's South africa chardonnay 6 flessen,Lindeman's,bier-wijn-aperitieven,"Bier, wijn, aperitieven",Sauvignon Blanc (Fris en droog),28.57,31.74,10.0,10% volume voordeel,,,6 stuks,,True,AHOO,10% volume voordeel,2026-08-04,2999-12-31,,True,AH,https://www.ah.nl/producten/product/wi584746,2026-08-04,Lindeman's South africa chardonnay 6 flessen,bier-wijn-aperitieven
584140,26777,Kult Water kefir yuzu & mandarin,Kult,bier-wijn-aperitieven,"Frisdrank, sappen, water",Craft en speciaal fris,2.29,2.29,,,,,330 ml,prijs per liter €6.94,False,,,,,C,True,AH,https://www.ah.nl/producten/product/wi584140,2026-08-04,Kult Water kefir yuzu & mandarin,bier-wijn-aperitieven
614533,0,Royal Club Rose lemonade 0% suiker 10-pack,Royal Club,bier-wijn-aperitieven,"Frisdrank, sappen, water",Craft en speciaal fris,19.92,24.9,20.0,20% volume voordeel,,,10 stuks,,True,AHOO,20% volume voordeel,2026-08-04,2999-12-31,,True,AH,https://www.ah.nl/producten/product/wi614533,2026-08-04,Royal Club Rose lemonade 0% suiker 10-pack,bier-wijn-aperitieven
623965,0,Corona Extra bier 12-pack,Corona,bier-wijn-aperitieven,"Bier, wijn, aperitieven",Mexicaans bier,15.98,19.98,20.0,20% volume voordeel,,,2 stuks,,True,AHOO,20% volume voordeel,2026-08-04,2999-12-31,,True,AH,https://www.ah.nl/producten/product/wi623965,2026-08-04,Corona Extra bier 12-pack,bier-wijn-aperitieven
623966,0,Corona Extra bier 24-pack,Corona,bier-wijn-aperitieven,"Bier, wijn, aperitieven",Mexicaans bier,29.97,39.96,25.0,25% volume voordeel,,,4 stuks,,True,AHOO,25% volume voordeel,2026-08-04,2999-12-31,,True,AH,https://www.ah.nl/producten/product/wi623966,2026-08-04,Corona Extra bier 24-pack,bier-wijn-aperitieven
460092,712903,Liefmans On the rocks 0.0 4-pack,Liefmans,bier-wijn-aperitieven,"Bier, wijn, aperitieven","Alcoholvrij wit, weizen, radler",4.49,5.99,25.0,25% korting,,,"4 x 0,25 l",normale prijs per liter €5.99,True,AH,25% korting,2026-08-03,2026-08-09,D,True,AH,https://www.ah.nl/producten/product/wi460092,2026-08-04,Liefmans On the rocks 0.0 4-pack,bier-wijn-aperitieven
614538,0,Royal Club Rose lemonade 0% suiker 6-pack,Royal Club,bier-wijn-aperitieven,"Frisdrank, sappen, water",Craft en speciaal fris,12.7,14.94,15.0,15% volume voordeel,,,6 stuks,,True,AHOO,15% volume voordeel,2026-08-04,2999-12-31,,True,AH,https://www.ah.nl/producten/product/wi614538,2026-08-04,Royal Club Rose lemonade 0% suiker 6-pack,bier-wijn-aperitieven
616298,0,Mesta Mesta Verdejo Organic 4 flessen,Mesta,bier-wijn-aperitieven,"Bier, wijn, aperitieven",Verdejo (Fris en droog),20.86,21.96,5.0,5% volume voordeel,,,4 stuks,,True,AHOO,5% volume voordeel,2026-08-04,2999-12-31,,True,AH,https://www.ah.nl/producten/product/wi616298,2026-08-04,Mesta Mesta Verdejo Organic 4 flessen,bier-wijn-aperitieven
623905,0,Liefmans Liefmans On the rocks 0.0 8-pack,Liefmans,bier-wijn-aperitieven,"Bier, wijn, aperitieven","Alcoholvrij wit, weizen, radler",8.98,11.98,25.0,pakketkorting,,,2 stuks,,True,AHOO,,2026-08-04,2026-08-09,,True,AH,https://www.ah.nl/producten/product/wi623905,2026-08-04,Liefmans Liefmans On the rocks 0.0 8-pack,bier-wijn-aperitieven
616348,0,Settesoli Settesoli Pinot grigio 4 flessen,Settesoli,bier-wijn-aperitieven,"Bier, wijn, aperitieven",Pinot Grigio (Fris en droog),17.96,23.96,25.0,pakketkorting,,,4 stuks,,True,AHOO,,2026-08-04,2026-08-09,,True,AH,https://www.ah.nl/producten/product/wi616348,2026-08-04,Settesoli Settesoli Pinot grigio 4 flessen,bier-wijn-aperitieven
460362,712912,Brand IPA 0.0 6-pack,Brand,bier-wijn-aperitieven,"Bier, wijn, aperitieven",Alcoholvrij IPA,9.19,9.19,,,,,"6 x 0,3 l",prijs per liter €5.11,False,,,,,C,True,AH,https://www.ah.nl/producten/product/wi460362,2026-08-04,Brand IPA 0.0 6-pack,bier-wijn-aperitieven
591857,0,Brand IPA 0.0 speciaalbier 2-pack,Brand,bier-wijn-aperitieven,"Bier, wijn, aperitieven",Alcoholvrij IPA,17.46,18.38,5.0,5% volume voordeel,,,2 stuks,,True,AHOO,5% volume voordeel,2026-08-04,2999-12-31,,True,AH,https://www.ah.nl/producten/product/wi591857,2026-08-04,Brand IPA 0.0 speciaalbier 2-pack,bier-wijn-aperitieven
623946,0,Liefmans Liefmans On the rocks 0.0 16-pack,Liefmans,bier-wijn-aperitieven,"Bier, wijn, aperitieven","Alcoholvrij wit, weizen, radler",17.97,23.96,25.0,pakketkorting,,,4 stuks,,True,AHOO,,2026-08-04,2026-08-09,,True,AH,https://www.ah.nl/producten/product/wi623946,2026-08-04,Liefmans Liefmans On the rocks 0.0 16-pack,bier-wijn-aperitieven
386562,844100,Desperados Original beer 6-pack,Desperados,bier-wijn-aperitieven,"Bier, wijn, aperitieven",Mexicaans bier,9.99,9.99,,,,,"6 x 0,33 l",prijs per liter €5.05,False,,,,,,True,AH,https://www.ah.nl/producten/product/wi386562,2026-08-04,Desperados Original beer 6-pack,bier-wijn-aperitieven
591858,0,Desperados Original bier 12-pack,Desperados,bier-wijn-aperitieven,"Bier, wijn, aperitieven",Mexicaans bier,17.98,19.98,10.0,10% volume voordeel,,,2 stuks,,True,AHOO,10% volume voordeel,2026-08-04,2999-12-31,,True,AH,https://www.ah.nl/producten/product/wi591858,2026-08-04,Desperados Original bier 12-pack,bier-wijn-aperitieven
434440,41056,Biodermal Gevoelige huid zonnespray spf30,Biodermal,drogisterij,Drogisterij,Zonnebrandspray,36.49,36.49,,1 + 1 gratis,,1.0,175 ml,normale prijs per liter €208.51,True,AH,1 + 1 gratis,2026-08-03,2026-08-09,,True,AH,https://www.ah.nl/producten/product/wi434440,2026-08-04,Biodermal Gevoelige huid zonnespray spf30,drogisterij
485121,26970,Syoss Shampoo volume,Syoss,drogisterij,Drogisterij,Volume shampoo en glans shampoo,7.49,7.49,,,,,440 ml,prijs per liter €17.02,False,,,,,,True,AH,https://www.ah.nl/producten/product/wi485121,2026-08-04,Syoss Shampoo volume,drogisterij
211047,806464,Aquafresh Fresh & minty bescherming tandpasta,Aquafresh,drogisterij,Drogisterij,Tandpasta frisse adem,2.39,2.39,,,,,75 ml,prijs per liter €31.87,False,,,,,,True,AH,https://www.ah.nl/producten/product/wi211047,2026-08-04,Aquafresh Fresh & minty bescherming tandpasta,drogisterij
611908,0,Aquafresh Fresh & minty bescherming tandpasta 2pck,Aquafresh,drogisterij,Drogisterij,Tandpasta frisse adem,4.06,4.78,15.0,15% volume voordeel,,,2 stuks,,True,AHOO,15% volume voordeel,2026-08-04,2999-12-31,,True,AH,https://www.ah.nl/producten/product/wi611908,2026-08-04,Aquafresh Fresh & minty bescherming tandpasta 2pck,drogisterij
611909,0,Aquafresh Fresh & minty bescherming tandpasta 4pck,Aquafresh,drogisterij,Drogisterij,Tandpasta frisse adem,7.65,9.56,20.0,20% volume voordeel,,,4 stuks,,True,AHOO,20% volume voordeel,2026-08-04,2999-12-31,,True,AH,https://www.ah.nl/producten/product/wi611909,2026-08-04,Aquafresh Fresh & minty bescherming tandpasta 4pck,drogisterij
569394,32419,Gliss Conditioner liquid silk,Gliss,drogisterij,Drogisterij,Conditioner,6.99,6.99,,,,,200 ml,prijs per liter €34.95,False,,,,,,True,AH,https://www.ah.nl/producten/product/wi569394,2026-08-04,Gliss Conditioner liquid silk,drogisterij
611910,0,Aquafresh Fresh & minty bescherming tandpasta 6pck,Aquafresh,drogisterij,Drogisterij,Tandpasta frisse adem,10.75,14.34,25.0,25% volume voordeel,,,6 stuks,,True,AHOO,25% volume voordeel,2026-08-04,2999-12-31,,True,AH,https://www.ah.nl/producten/product/wi611910,2026-08-04,Aquafresh Fresh & minty bescherming tandpasta 6pck,drogisterij
553430,579424,Prodent Cool mint tandpasta,Prodent,drogisterij,Drogisterij,Tandpasta frisse adem,1.85,1.85,,1 + 1 gratis,,1.0,75 ml,normale prijs per liter €24.67,True,AH,1 + 1 gratis,2026-08-03,2026-08-09,,True,AH,https://www.ah.nl/producten/product/wi553430,2026-08-04,Prodent Cool mint tandpasta,drogisterij
590443,0,Prodent Cool mint tandpasta 4-pack,Prodent,drogisterij,Drogisterij,Tandpasta frisse adem,3.7,7.4,50.0,pakketkorting,,,4 stuks,,True,AHOO,,2026-08-04,2026-08-09,,True,AH,https://www.ah.nl/producten/product/wi590443,2026-08-04,Prodent Cool mint tandpasta 4-pack,drogisterij
608767,0,Prodent Cool mint tandpasta 2-pack,Prodent,drogisterij,Drogisterij,Tandpasta frisse adem,1.85,3.7,50.0,pakketkorting,,,2 stuks,,True,AHOO,,2026-08-04,2026-08-09,,True,AH,https://www.ah.nl/producten/product/wi608767,2026-08-04,Prodent Cool mint tandpasta 2-pack,drogisterij
608768,0,Prodent Cool mint tandpasta 6-pack,Prodent,drogisterij,Drogisterij,Tandpasta frisse adem,5.55,11.1,50.0,pakketkorting,,,6 stuks,,True,AHOO,,2026-08-04,2026-08-09,,True,AH,https://www.ah.nl/producten/product/wi608768,2026-08-04,Prodent Cool mint tandpasta 6-pack,drogisterij
600499,51926,Care Almond soft hand soap,Care,drogisterij,Drogisterij,Vloeibare zeep,1.15,1.15,,,,,"0,5 l",prijs per liter €2.30,False,,,,,,True,AH,https://www.ah.nl/producten/product/wi600499,2026-08-04,Care Almond soft hand soap,drogisterij
600132,51721,Care Cotton pads,Care,drogisterij,Drogisterij,Watten & wattenstaafjes,0.85,0.85,,,,,140 stuks,,False,,,,,,True,AH,https://www.ah.nl/producten/product/wi600132,2026-08-04,Care Cotton pads,drogisterij
600133,51722,Care Cotton buds,Care,drogisterij,Drogisterij,Watten & wattenstaafjes,0.95,0.95,,,,,300 stuks,,False,,,,,,True,AH,https://www.ah.nl/producten/product/wi600133,2026-08-04,Care Cotton buds,drogisterij
600492,51918,Care Almond soft hand soap refill,Care,drogisterij,Drogisterij,Vloeibare zeep,1.05,1.05,,,,,"0,5 l",prijs per liter €2.10,False,,,,,,True,AH,https://www.ah.nl/producten/product/wi600492,2026-08-04,Care Almond soft hand soap refill,drogisterij
177112,771759,Elmex Junior tandpasta 5-12 jaar,Elmex,drogisterij,Drogisterij,Kindertandpasta,3.75,3.75,,1 + 1 gratis,,1.0,75 ml,normale prijs per liter €50.00,True,AH,1 + 1 gratis,2026-08-03,2026-08-09,,True,AH,https://www.ah.nl/producten/product/wi177112,2026-08-04,Elmex Junior tandpasta 5-12 jaar,drogisterij
172058,110202156, Wattenstaafjes hout,,drogisterij,Drogisterij,Watten & wattenstaafjes,0.69,0.69,,,,,100 stuks,,False,,,,,,True,ETOS,https://www.ah.nl/producten/product/wi172058,2026-08-04, Wattenstaafjes hout,drogisterij
384970,844653,Oral-B 3D White luxe perfection tandpasta,Oral-B,drogisterij,Drogisterij,Tandpasta witte tanden,5.49,5.49,,1 + 1 gratis,,1.0,75 ml,normale prijs per liter €73.20,True,AH,1 + 1 gratis,2026-08-03,2026-08-09,,True,AH,https://www.ah.nl/producten/product/wi384970,2026-08-04,Oral-B 3D White luxe perfection tandpasta,drogisterij
605870,0,Oral-B 3D White luxe perfection 4-pack,Oral-B,drogisterij,Drogisterij,Tandpasta witte tanden,10.98,21.96,50.0,pakketkorting,,,4 stuks,,True,AHOO,,2026-08-04,2026-08-09,,True,AH,https://www.ah.nl/producten/product/wi605870,2026-08-04,Oral-B 3D White luxe perfection 4-pack,drogisterij
623028,0,Oral-B 3D White luxe perfection tandpasta 2pack,Oral-B,drogisterij,Drogisterij,Tandpasta witte tanden,5.49,10.98,50.0,pakketkorting,,,2 stuks,,True,AHOO,,2026-08-04,2026-08-09,,True,AH,https://www.ah.nl/producten/product/wi623028,2026-08-04,Oral-B 3D White luxe perfection tandpasta 2pack,drogisterij
623029,0,Oral-B 3D White luxe perfection tandpasta 6pack,Oral-B,drogisterij,Drogisterij,Tandpasta witte tanden,16.47,32.94,50.0,pakketkorting,,,6 stuks,,True,AHOO,,2026-08-04,2026-08-09,,True,AH,https://www.ah.nl/producten/product/wi623029,2026-08-04,Oral-B 3D White luxe perfection tandpasta 6pack,drogisterij
80823,587108,Dove Original deodorant spray,Dove,drogisterij,Drogisterij,Deospray vrouwen,4.99,4.99,,1 + 1 gratis,,1.0,150 ml,normale prijs per liter €33.27,True,AH,1 + 1 gratis,2026-08-03,2026-08-09,,True,AH,https://www.ah.nl/producten/product/wi80823,2026-08-04,Dove Original deodorant spray,drogisterij
608662,0,Dove Original deodorant spray 2-pack,Dove,drogisterij,Drogisterij,Deospray vrouwen,4.99,9.98,50.0,pakketkorting,,,2 stuks,,True,AHOO,,2026-08-04,2026-08-09,,True,AH,https://www.ah.nl/producten/product/wi608662,2026-08-04,Dove Original deodorant spray 2-pack,drogisterij
608664,0,Dove Original deodorant spray 6-pack,Dove,drogisterij,Drogisterij,Deospray vrouwen,14.97,29.94,50.0,pakketkorting,,,6 stuks,,True,AHOO,,2026-08-04,2026-08-09,,True,AH,https://www.ah.nl/producten/product/wi608664,2026-08-04,Dove Original deodorant spray 6-pack,drogisterij
608663,0,Dove Original deodorant spray 4-pack,Dove,drogisterij,Drogisterij,Deospray vrouwen,9.98,19.96,50.0,pakketkorting,,,4 stuks,,True,AHOO,,2026-08-04,2026-08-09,,True,AH,https://www.ah.nl/producten/product/wi608663,2026-08-04,Dove Original deodorant spray 4-pack,drogisterij
209280,804353,Prodent Tandpasta freshgel,Prodent,drogisterij,Drogisterij,Tandpasta frisse adem,2.55,2.55,,1 + 1 gratis,,1.0,75 ml,normale prijs per liter €34.00,True,AH,1 + 1 gratis,2026-08-03,2026-08-09,,True,AH,https://www.ah.nl/producten/product/wi209280,2026-08-04,Prodent Tandpasta freshgel,drogisterij
224830,818327,Dove Men+care clean comfort deodorant spray,Dove,drogisterij,Drogisterij,Deospray mannen,5.39,5.39,,1 + 1 gratis,,1.0,150 ml,normale prijs per liter €35.93,True,AH,1 + 1 gratis,2026-08-03,2026-08-09,,True,AH,https://www.ah.nl/producten/product/wi224830,2026-08-04,Dove Men+care clean comfort deodorant spray,drogisterij
177757,644718,Unicura Balans antibacterieel handzeep,Unicura,drogisterij,Drogisterij,Vloeibare zeep,3.09,3.09,,,,,250 ml,prijs per liter €12.36,False,,,,,,True,AH,https://www.ah.nl/producten/product/wi177757,2026-08-04,Unicura Balans antibacterieel handzeep,drogisterij
608643,0,Dove Men+care clean comfort deodorant 6-pack,Dove,drogisterij,Drogisterij,Deospray mannen,16.17,32.34,50.0,pakketkorting,,,6 stuks,,True,AHOO,,2026-08-04,2026-08-09,,True,AH,https://www.ah.nl/producten/product/wi608643,2026-08-04,Dove Men+care clean comfort deodorant 6-pack,drogisterij
187203,111183364,Etos Ovale maxi wattenschijfjes,Etos,drogisterij,Drogisterij,Watten & wattenstaafjes,0.95,0.95,,,,,50 stuks,,False,,,,,,True,ETOS,https://www.ah.nl/producten/product/wi187203,2026-08-04,Etos Ovale maxi wattenschijfjes,drogisterij
608641,0,Dove Men+care clean comfort deodorant 2-pack,Dove,drogisterij,Drogisterij,Deospray mannen,5.39,10.78,50.0,pakketkorting,,,2 stuks,,True,AHOO,,2026-08-04,2026-08-09,,True,AH,https://www.ah.nl/producten/product/wi608641,2026-08-04,Dove Men+care clean comfort deodorant 2-pack,drogisterij
608642,0,Dove Men+care clean comfort deodorant 4-pack,Dove,drogisterij,Drogisterij,Deospray mannen,10.78,21.56,50.0,pakketkorting,,,4 stuks,,True,AHOO,,2026-08-04,2026-08-09,,True,AH,https://www.ah.nl/producten/product/wi608642,2026-08-04,Dove Men+care clean comfort deodorant 4-pack,drogisterij
608772,0,Prodent Tandpasta freshgel 2-pack,Prodent,drogisterij,Drogisterij,Tandpasta frisse adem,2.55,5.1,50.0,pakketkorting,,,2 stuks,,True,AHOO,,2026-08-04,2026-08-09,,True,AH,https://www.ah.nl/producten/product/wi608772,2026-08-04,Prodent Tandpasta freshgel 2-pack,drogisterij
608773,0,Prodent Tandpasta freshgel 4-pack,Prodent,drogisterij,Drogisterij,Tandpasta frisse adem,5.1,10.2,50.0,pakketkorting,,,4 stuks,,True,AHOO,,2026-08-04,2026-08-09,,True,AH,https://www.ah.nl/producten/product/wi608773,2026-08-04,Prodent Tandpasta freshgel 4-pack,drogisterij
608774,0,Prodent Tandpasta freshgel 6-pack,Prodent,drogisterij,Drogisterij,Tandpasta frisse adem,7.65,15.3,50.0,pakketkorting,,,6 stuks,,True,AHOO,,2026-08-04,2026-08-09,,True,AH,https://www.ah.nl/producten/product/wi608774,2026-08-04,Prodent Tandpasta freshgel 6-pack,drogisterij
42616,581866,Gillette Gevoelige huid scheergel,Gillette,drogisterij,Drogisterij,Scheerschuim en scheergel,3.55,3.55,,,,,200 ml,prijs per liter €17.75,False,,,,,,True,AH,https://www.ah.nl/producten/product/wi42616,2026-08-04,Gillette Gevoelige huid scheergel,drogisterij
586592,0,Gillette Gevoelige huid scheergel 4-pack,Gillette,drogisterij,Drogisterij,Tandpasta gevoelige tanden,8.52,14.2,40.0,40% volume voordeel,,,4 stuks,,True,AHOO,40% volume voordeel,2026-08-04,2999-12-31,,True,AH,https://www.ah.nl/producten/product/wi586592,2026-08-04,Gillette Gevoelige huid scheergel 4-pack,drogisterij
406458,852354,Elmex Sensitive tandpasta,Elmex,drogisterij,Drogisterij,Tandpasta gevoelige tanden,3.49,3.49,,1 + 1 gratis,,1.0,75 ml,normale prijs per liter €46.53,True,AH,1 + 1 gratis,2026-08-03,2026-08-09,,True,AH,https://www.ah.nl/producten/product/wi406458,2026-08-04,Elmex Sensitive tandpasta,drogisterij
417953,689228,Parodontax Original tandpasta,Parodontax,drogisterij,Drogisterij,Tandpasta sterke tanden,5.55,5.55,,,,,75 ml,prijs per liter €74.00,False,,,,,,True,AH,https://www.ah.nl/producten/product/wi417953,2026-08-04,Parodontax Original tandpasta,drogisterij
595195,43814,Andrélon Iedere dag shampoo,Andrélon,drogisterij,Drogisterij,Shampoo alle haartypes,6.45,6.45,,1 + 1 gratis,,1.0,400 ml,normale prijs per liter €16.13,True,AH,1 + 1 gratis,2026-08-03,2026-08-09,,True,AH,https://www.ah.nl/producten/product/wi595195,2026-08-04,Andrélon Iedere dag shampoo,drogisterij
611971,0,Parodontax Original tandpasta 2-pack,Parodontax,drogisterij,Drogisterij,Tandpasta sterke tanden,9.99,11.1,10.0,10% volume voordeel,,,2 stuks,,True,AHOO,10% volume voordeel,2026-08-04,2999-12-31,,True,AH,https://www.ah.nl/producten/product/wi611971,2026-08-04,Parodontax Original tandpasta 2-pack,drogisterij
608546,0,Andrélon Iedere dag shampoo 2-pack,Andrélon,drogisterij,Drogisterij,Shampoo alle haartypes,6.45,12.9,50.0,pakketkorting,,,2 stuks,,True,AHOO,,2026-08-04,2026-08-09,,True,AH,https://www.ah.nl/producten/product/wi608546,2026-08-04,Andrélon Iedere dag shampoo 2-pack,drogisterij
608548,0,Andrélon Iedere dag shampoo 6-pack,Andrélon,drogisterij,Drogisterij,Shampoo alle haartypes,51.12,102.24,50.0,pakketkorting,,,6 stuks,,True,AHOO,,2026-08-04,2026-08-09,,True,AH,https://www.ah.nl/producten/product/wi608548,2026-08-04,Andrélon Iedere dag shampoo 6-pack,drogisterij
608547,0,Andrélon Iedere dag shampoo 4-pack,Andrélon,drogisterij,Drogisterij,Shampoo alle haartypes,34.08,68.16,50.0,pakketkorting,,,4 stuks,,True,AHOO,,2026-08-04,2026-08-09,,True,AH,https://www.ah.nl/producten/product/wi608547,2026-08-04,Andrélon Iedere dag shampoo 4-pack,drogisterij
613383,0,Unicura Balans antibacterieel handzeep 4-pack,Unicura,drogisterij,Drogisterij,Vloeibare zeep,8.65,12.36,30.0,30% volume voordeel,,,4 stuks,,True,AHOO,30% volume voordeel,2026-08-04,2999-12-31,,True,AH,https://www.ah.nl/producten/product/wi613383,2026-08-04,Unicura Balans antibacterieel handzeep 4-pack,drogisterij
600501,51928,Care Mint hygiene hand soap,Care,drogisterij,Drogisterij,Vloeibare zeep,1.15,1.15,,,,,"0,5 l",prijs per liter €2.30,False,,,,,,True,AH,https://www.ah.nl/producten/product/wi600501,2026-08-04,Care Mint hygiene hand soap,drogisterij
611972,0,Parodontax Original tandpasta 4-pack,Parodontax,drogisterij,Drogisterij,Tandpasta sterke tanden,18.87,22.2,15.0,15% volume voordeel,,,4 stuks,,True,AHOO,15% volume voordeel,2026-08-04,2999-12-31,,True,AH,https://www.ah.nl/producten/product/wi611972,2026-08-04,Parodontax Original tandpasta 4-pack,drogisterij
476232,728650,Care Inlegkruisjes long,Care,drogisterij,Drogisterij,Inlegkruisjes,1.05,1.05,,,,,32 stuks,,False,,,,,,True,AH,https://www.ah.nl/producten/product/wi476232,2026-08-04,Care Inlegkruisjes long,drogisterij
550545,586021,Oral-B Pro-expert intense reiniging tandpasta,Oral-B,drogisterij,Drogisterij,Tandpasta sterke tanden,4.89,4.89,,1 + 1 gratis,,1.0,75 ml,normale prijs per liter €65.20,True,AH,1 + 1 gratis,2026-08-03,2026-08-09,,True,AH,https://www.ah.nl/producten/product/wi550545,2026-08-04,Oral-B Pro-expert intense reiniging tandpasta,drogisterij
611973,0,Parodontax Original tandpasta 6-pack,Parodontax,drogisterij,Drogisterij,Tandpasta sterke tanden,26.64,33.3,20.0,20% volume voordeel,,,6 stuks,,True,AHOO,20% volume voordeel,2026-08-04,2999-12-31,,True,AH,https://www.ah.nl/producten/product/wi611973,2026-08-04,Parodontax Original tandpasta 6-pack,drogisterij
605878,0,Oral-B Pro-expert reiniging tandpasta 4-pack,Oral-B,drogisterij,Drogisterij,Tandpasta sterke tanden,9.78,19.56,50.0,pakketkorting,,,4 stuks,,True,AHOO,,2026-08-04,2026-08-09,,True,AH,https://www.ah.nl/producten/product/wi605878,2026-08-04,Oral-B Pro-expert reiniging tandpasta 4-pack,drogisterij
623036,0,Oral-B Pro-expert inten reiniging tandpasta 2pk,Oral-B,drogisterij,Drogisterij,Tandpasta sterke tanden,4.89,9.78,50.0,pakketkorting,,,2 stuks,,True,AHOO,,2026-08-04,2026-08-09,,True,AH,https://www.ah.nl/producten/product/wi623036,2026-08-04,Oral-B Pro-expert inten reiniging tandpasta 2pk,drogisterij
623037,0,Oral-B Pro-expert inten reiniging tandpasta 6pk,Oral-B,drogisterij,Drogisterij,Tandpasta sterke tanden,14.67,29.34,50.0,pakketkorting,,,6 stuks,,True,AHOO,,2026-08-04,2026-08-09,,True,AH,https://www.ah.nl/producten/product/wi623037,2026-08-04,Oral-B Pro-expert inten reiniging tandpasta 6pk,drogisterij
595228,43860,Andrélon Oil & care conditioner,Andrélon,drogisterij,Drogisterij,Conditioner,4.99,4.99,,1 + 1 gratis,,1.0,200 ml,normale prijs per liter €24.95,True,AH,1 + 1 gratis,2026-08-03,2026-08-09,,True,AH,https://www.ah.nl/producten/product/wi595228,2026-08-04,Andrélon Oil & care conditioner,drogisterij
608558,0,Andrélon Oil & care conditioner 2-pack,Andrélon,drogisterij,Drogisterij,Conditioner,4.99,9.98,50.0,pakketkorting,,,2 stuks,,True,AHOO,,2026-08-04,2026-08-09,,True,AH,https://www.ah.nl/producten/product/wi608558,2026-08-04,Andrélon Oil & care conditioner 2-pack,drogisterij
608559,0,Andrélon Oil & care conditioner 4-pack,Andrélon,drogisterij,Drogisterij,Conditioner,9.98,19.96,50.0,pakketkorting,,,4 stuks,,True,AHOO,,2026-08-04,2026-08-09,,True,AH,https://www.ah.nl/producten/product/wi608559,2026-08-04,Andrélon Oil & care conditioner 4-pack,drogisterij
600500,51927,Care Lemon kitchen hand soap,Care,drogisterij,Drogisterij,Vloeibare zeep,1.15,1.15,,,,,"0,5 l",prijs per liter €2.30,False,,,,,,True,AH,https://www.ah.nl/producten/product/wi600500,2026-08-04,Care Lemon kitchen hand soap,drogisterij
608560,0,Andrélon Oil & care conditioner 6-pack,Andrélon,drogisterij,Drogisterij,Conditioner,14.97,29.94,50.0,pakketkorting,,,6 stuks,,True,AHOO,,2026-08-04,2026-08-09,,True,AH,https://www.ah.nl/producten/product/wi608560,2026-08-04,Andrélon Oil & care conditioner 6-pack,drogisterij
176354,640072,Dove Men+care clean comfort douchegel,Dove,drogisterij,Drogisterij,Douchegel voor mannen,5.99,5.99,,1 + 1 gratis,,1.0,400 ml,normale prijs per liter €14.98,True,AH,1 + 1 gratis,2026-08-03,2026-08-09,,True,AH,https://www.ah.nl/producten/product/wi176354,2026-08-04,Dove Men+care clean comfort douchegel,drogisterij
608649,0,Dove Men+care clean comfort 400ML 6-pack,Dove,drogisterij,Drogisterij,Douchegel voor mannen,17.97,35.94,50.0,pakketkorting,,,6 stuks,,True,AHOO,,2026-08-04,2026-08-09,,True,AH,https://www.ah.nl/producten/product/wi608649,2026-08-04,Dove Men+care clean comfort 400ML 6-pack,drogisterij
608645,0,Dove Men+care clean comfort 400ML 2-pack,Dove,drogisterij,Drogisterij,Douchegel voor mannen,5.99,11.98,50.0,pakketkorting,,,2 stuks,,True,AHOO,,2026-08-04,2026-08-09,,True,AH,https://www.ah.nl/producten/product/wi608645,2026-08-04,Dove Men+care clean comfort 400ML 2-pack,drogisterij
608647,0,Dove Men+care clean comfort 400ML 4-pack,Dove,drogisterij,Drogisterij,Douchegel voor mannen,11.98,23.96,50.0,pakketkorting,,,4 stuks,,True,AHOO,,2026-08-04,2026-08-09,,True,AH,https://www.ah.nl/producten/product/wi608647,2026-08-04,Dove Men+care clean comfort 400ML 4-pack,drogisterij
175606,795830,Jordan Dental sticks fluoride mint extra thin,Jordan,drogisterij,Drogisterij,Tandenstokers,1.74,3.49,50.0,50% korting,,,105 stuks,,True,AH,50% korting,2026-08-03,2026-08-09,,True,AH,https://www.ah.nl/producten/product/wi175606,2026-08-04,Jordan Dental sticks fluoride mint extra thin,drogisterij
214641,809687,Sensodyne Fresh mint tandpasta,Sensodyne,drogisterij,Drogisterij,Tandpasta frisse adem,4.29,4.29,,,,,75 ml,prijs per liter €57.20,False,,,,,,True,AH,https://www.ah.nl/producten/product/wi214641,2026-08-04,Sensodyne Fresh mint tandpasta,drogisterij
177111,771757,Elmex Anti-cariës 0-5 jaar tandpasta,Elmex,drogisterij,Drogisterij,Kindertandpasta,3.99,3.99,,1 + 1 gratis,,1.0,75 ml,normale prijs per liter €53.20,True,AH,1 + 1 gratis,2026-08-03,2026-08-09,,True,AH,https://www.ah.nl/producten/product/wi177111,2026-08-04,Elmex Anti-cariës 0-5 jaar tandpasta,drogisterij
56949,538267,Palmolive Naturals melk & amandel,Palmolive,drogisterij,Drogisterij,Vloeibare zeep,2.65,2.65,,,,,300 ml,prijs per liter €8.83,False,,,,,,True,AH,https://www.ah.nl/producten/product/wi56949,2026-08-04,Palmolive Naturals melk & amandel,drogisterij
600770,0,Unicura Balans antibacterieel handzeep 6-pack,Unicura,drogisterij,Drogisterij,Vloeibare zeep,11.12,18.54,40.0,40% volume voordeel,,,6 stuks,,True,AHOO,40% volume voordeel,2026-08-04,2999-12-31,,True,AH,https://www.ah.nl/producten/product/wi600770,2026-08-04,Unicura Balans antibacterieel handzeep 6-pack,drogisterij
220545,734947,NIVEA Reinigingsdoekjes droge/gevoelige huid,NIVEA,drogisterij,Drogisterij,Gezichtsreiniging vrouwen,4.99,4.99,,,,,25 stuks,,False,,,,,,True,AH,https://www.ah.nl/producten/product/wi220545,2026-08-04,NIVEA Reinigingsdoekjes droge/gevoelige huid,drogisterij
616645,0,Unicura Balans antibacterieel handzeep 2-pack,Unicura,drogisterij,Drogisterij,Vloeibare zeep,4.94,6.18,20.0,20% volume voordeel,,,2 stuks,,True,AHOO,20% volume voordeel,2026-08-04,2999-12-31,,True,AH,https://www.ah.nl/producten/product/wi616645,2026-08-04,Unicura Balans antibacterieel handzeep 2-pack,drogisterij
612010,0,Sensodyne Fresh mint tandpasta 2-pack,Sensodyne,drogisterij,Drogisterij,Tandpasta frisse adem,7.72,8.58,10.0,10% volume voordeel,,,2 stuks,,True,AHOO,10% volume voordeel,2026-08-04,2999-12-31,,True,AH,https://www.ah.nl/producten/product/wi612010,2026-08-04,Sensodyne Fresh mint tandpasta 2-pack,drogisterij
611163,0,NIVEA Reinigingsdoekje droge/gevoelig huid 2pk,NIVEA,drogisterij,Drogisterij,Gezichtsreiniging vrouwen,8.48,9.98,15.0,15% volume voordeel,,,2 stuks,,True,AHOO,15% volume voordeel,2026-08-04,2999-12-31,,True,AH,https://www.ah.nl/producten/product/wi611163,2026-08-04,NIVEA Reinigingsdoekje droge/gevoelig huid 2pk,drogisterij
115590,818320,Axe Dark temptation deodorant bodyspray,Axe,drogisterij,Drogisterij,Deospray mannen,6.59,6.59,,1 + 1 gratis,,1.0,150 ml,normale prijs per liter €43.93,True,AH,1 + 1 gratis,2026-08-03,2026-08-09,,True,AH,https://www.ah.nl/producten/product/wi115590,2026-08-04,Axe Dark temptation deodorant bodyspray,drogisterij
612011,0,Sensodyne Fresh mint tandpasta 4-pack,Sensodyne,drogisterij,Drogisterij,Tandpasta frisse adem,14.59,17.16,15.0,15% volume voordeel,,,4 stuks,,True,AHOO,15% volume voordeel,2026-08-04,2999-12-31,,True,AH,https://www.ah.nl/producten/product/wi612011,2026-08-04,Sensodyne Fresh mint tandpasta 4-pack,drogisterij
612012,0,Sensodyne Fresh mint tandpasta 6-pack,Sensodyne,drogisterij,Drogisterij,Tandpasta frisse adem,20.59,25.74,20.0,20% volume voordeel,,,6 stuks,,True,AHOO,20% volume voordeel,2026-08-04,2999-12-31,,True,AH,https://www.ah.nl/producten/product/wi612012,2026-08-04,Sensodyne Fresh mint tandpasta 6-pack,drogisterij
477776,731510,Colgate Triple action extra whitening tandpasta,Colgate,drogisterij,Drogisterij,Tandpasta witte tanden,2.69,2.69,,,,,75 ml,prijs per liter €35.87,False,,,,,,True,AH,https://www.ah.nl/producten/product/wi477776,2026-08-04,Colgate Triple action extra whitening tandpasta,drogisterij
611164,0,NIVEA Reinigingsdoekje droge/gevoelig huid 4pk,NIVEA,drogisterij,Drogisterij,Gezichtsreiniging vrouwen,14.97,19.96,25.0,25% volume voordeel,,,4 stuks,,True,AHOO,25% volume voordeel,2026-08-04,2999-12-31,,True,AH,https://www.ah.nl/producten/product/wi611164,2026-08-04,NIVEA Reinigingsdoekje droge/gevoelig huid 4pk,drogisterij
608603,0,Axe Dark temptation deodorant spray 2-pack,Axe,drogisterij,Drogisterij,Deospray mannen,6.59,13.18,50.0,pakketkorting,,,2 stuks,,True,AHOO,,2026-08-04,2026-08-09,,True,AH,https://www.ah.nl/producten/product/wi608603,2026-08-04,Axe Dark temptation deodorant spray 2-pack,drogisterij
611165,0,NIVEA Reinigingsdoekje droge/gevoelig huid 6pk,NIVEA,drogisterij,Drogisterij,Gezichtsreiniging vrouwen,19.46,29.94,35.0,35% volume voordeel,,,6 stuks,,True,AHOO,35% volume voordeel,2026-08-04,2999-12-31,,True,AH,https://www.ah.nl/producten/product/wi611165,2026-08-04,NIVEA Reinigingsdoekje droge/gevoelig huid 6pk,drogisterij
46191,95372,Care Ultra normaal maandverband,Care,drogisterij,Drogisterij,Maandverband,0.85,0.85,,,,,16 stuks,,False,,,,,,True,AH,https://www.ah.nl/producten/product/wi46191,2026-08-04,Care Ultra normaal maandverband,drogisterij
608605,0,Axe Dark temptation deodorant spray 6-pack,Axe,drogisterij,Drogisterij,Deospray mannen,19.77,39.54,50.0,pakketkorting,,,6 stuks,,True,AHOO,,2026-08-04,2026-08-09,,True,AH,https://www.ah.nl/producten/product/wi608605,2026-08-04,Axe Dark temptation deodorant spray 6-pack,drogisterij
600498,51924,Care Mint hygiene hand soap refill,Care,drogisterij,Drogisterij,Vloeibare zeep,1.05,1.05,,,,,"0,5 l",prijs per liter €2.10,False,,,,,,True,AH,https://www.ah.nl/producten/product/wi600498,2026-08-04,Care Mint hygiene hand soap refill,drogisterij
608604,0,Axe Dark temptation deodorant spray 4-pack,Axe,drogisterij,Drogisterij,Deospray mannen,13.18,26.36,50.0,pakketkorting,,,4 stuks,,True,AHOO,,2026-08-04,2026-08-09,,True,AH,https://www.ah.nl/producten/product/wi608604,2026-08-04,Axe Dark temptation deodorant spray 4-pack,drogisterij
211048,806465,Aquafresh Tandsteen controle tandpasta,Aquafresh,drogisterij,Drogisterij,Tandpasta sterke tanden,2.59,2.59,,,,,75 ml,prijs per liter €34.53,False,,,,,,True,AH,https://www.ah.nl/producten/product/wi211048,2026-08-04,Aquafresh Tandsteen controle tandpasta,drogisterij
616606,0,Colgate Triple action extra white tandpasta 2pk,Colgate,drogisterij,Drogisterij,Tandpasta witte tanden,4.3,5.38,20.0,20% volume voordeel,,,2 stuks,,True,AHOO,20% volume voordeel,2026-08-04,2999-12-31,,True,AH,https://www.ah.nl/producten/product/wi616606,2026-08-04,Colgate Triple action extra white tandpasta 2pk,drogisterij
502176,13056,Always Ultra secure night extra maandverband,Always,drogisterij,Drogisterij,Maandverband,2.89,2.89,,2 + 1 gratis,,2.0,8 stuks,,True,AH,2 + 1 gratis,2026-08-03,2026-08-09,,True,AH,https://www.ah.nl/producten/product/wi502176,2026-08-04,Always Ultra secure night extra maandverband,drogisterij
551113,659643,Oral-B Pro-expert bescherming tandpasta,Oral-B,drogisterij,Drogisterij,Tandpasta sterke tanden,4.89,4.89,,1 + 1 gratis,,1.0,75 ml,normale prijs per liter €65.20,True,AH,1 + 1 gratis,2026-08-03,2026-08-09,,True,AH,https://www.ah.nl/producten/product/wi551113,2026-08-04,Oral-B Pro-expert bescherming tandpasta,drogisterij
565655,0,Oral-B Pro-expert tandpasta 4-pack,Oral-B,drogisterij,Drogisterij,Tandpasta sterke tanden,9.78,19.56,50.0,pakketkorting,,,4 stuks,,True,AHOO,,2026-08-04,2026-08-09,,True,AH,https://www.ah.nl/producten/product/wi565655,2026-08-04,Oral-B Pro-expert tandpasta 4-pack,drogisterij
600980,51496,Care Inlegkruisje extra long,Care,drogisterij,Drogisterij,Inlegkruisjes,1.19,1.19,,,,,30 stuks,,False,,,,,,True,AH,https://www.ah.nl/producten/product/wi600980,2026-08-04,Care Inlegkruisje extra long,drogisterij
616607,0,Colgate Triple action extra white tandpasta 4pk,Colgate,drogisterij,Drogisterij,Tandpasta witte tanden,7.53,10.76,30.0,30% volume voordeel,,,4 stuks,,True,AHOO,30% volume voordeel,2026-08-04,2999-12-31,,True,AH,https://www.ah.nl/producten/product/wi616607,2026-08-04,Colgate Triple action extra white tandpasta 4pk,drogisterij
209101,804104,Always Daily prot extra long inlegkruisjes,Always,drogisterij,Drogisterij,Inlegkruisjes,2.99,2.99,,2 + 1 gratis,,2.0,22 stuks,,True,AH,2 + 1 gratis,2026-08-03,2026-08-09,,True,AH,https://www.ah.nl/producten/product/wi209101,2026-08-04,Always Daily prot extra long inlegkruisjes,drogisterij
600497,51923,Care Cherry blossom heavenly hand soap,Care,drogisterij,Drogisterij,Vloeibare zeep,1.99,1.99,,,,,300 ml,prijs per liter €6.63,False,,,,,,True,AH,https://www.ah.nl/producten/product/wi600497,2026-08-04,Care Cherry blossom heavenly hand soap,drogisterij
616608,0,Colgate Triple action extra white tandpasta 6pk,Colgate,drogisterij,Drogisterij,Tandpasta witte tanden,9.68,16.14,40.0,40% volume voordeel,,,6 stuks,,True,AHOO,40% volume voordeel,2026-08-04,2999-12-31,,True,AH,https://www.ah.nl/producten/product/wi616608,2026-08-04,Colgate Triple action extra white tandpasta 6pk,drogisterij
191611,794302,Demak'Up Expert ronde wattenschijfjes,Demak'Up,drogisterij,Drogisterij,Watten & wattenstaafjes,2.59,2.59,,,,,108 stuks,,False,,,,,,True,AH,https://www.ah.nl/producten/product/wi191611,2026-08-04,Demak'Up Expert ronde wattenschijfjes,drogisterij
600495,51921,Care Botanical sage energizing hand soap,Care,drogisterij,Drogisterij,Vloeibare zeep,1.99,1.99,,,,,300 ml,prijs per liter €6.63,False,,,,,,True,AH,https://www.ah.nl/producten/product/wi600495,2026-08-04,Care Botanical sage energizing hand soap,drogisterij
601116,0,Always Maandverband Night Extra 4-pack,Always,drogisterij,Drogisterij,Maandverband,8.67,11.56,25.0,pakketkorting,,,4 stuks,,True,AHOO,,2026-08-04,2026-08-09,,True,AH,https://www.ah.nl/producten/product/wi601116,2026-08-04,Always Maandverband Night Extra 4-pack,drogisterij
611917,0,Aquafresh Tandsteen controle tandpasta 2-pack,Aquafresh,drogisterij,Drogisterij,Tandpasta sterke tanden,4.4,5.18,15.0,15% volume voordeel,,,2 stuks,,True,AHOO,15% volume voordeel,2026-08-04,2999-12-31,,True,AH,https://www.ah.nl/producten/product/wi611917,2026-08-04,Aquafresh Tandsteen controle tandpasta 2-pack,drogisterij
595200,43826,Andrélon Oil & care shampoo,Andrélon,drogisterij,Drogisterij,Herstellende shampoo,6.89,6.89,,1 + 1 gratis,,1.0,250 ml,normale prijs per liter €27.56,True,AH,1 + 1 gratis,2026-08-03,2026-08-09,,True,AH,https://www.ah.nl/producten/product/wi595200,2026-08-04,Andrélon Oil & care shampoo,drogisterij
608561,0,Andrélon Oil & care shampoo 2-pack,Andrélon,drogisterij,Drogisterij,Herstellende shampoo,22.58,45.16,50.0,pakketkorting,,,2 stuks,,True,AHOO,,2026-08-04,2026-08-09,,True,AH,https://www.ah.nl/producten/product/wi608561,2026-08-04,Andrélon Oil & care shampoo 2-pack,drogisterij
128990,586589,Care Maandverband ultra night met vleugels,Care,drogisterij,Drogisterij,Maandverband,0.75,0.75,,,,,10 stuks,,False,,,,,,True,AH,https://www.ah.nl/producten/product/wi128990,2026-08-04,Care Maandverband ultra night met vleugels,drogisterij
571246,12323,Dove Deeply nourishing douchegel,Dove,drogisterij,Drogisterij,Douchegel alle huidtypes,9.79,9.79,,1 + 1 gratis,,1.0,400 ml,normale prijs per liter €24.48,True,AH,1 + 1 gratis,2026-08-03,2026-08-09,,True,AH,https://www.ah.nl/producten/product/wi571246,2026-08-04,Dove Deeply nourishing douchegel,drogisterij
601102,0,Always Dailies Protect Extra Long 4-pack,Always,drogisterij,Drogisterij,Inlegkruisjes,8.97,11.96,25.0,pakketkorting,,,4 stuks,,True,AHOO,,2026-08-04,2026-08-09,,True,AH,https://www.ah.nl/producten/product/wi601102,2026-08-04,Always Dailies Protect Extra Long 4-pack,drogisterij
608562,0,Andrélon Oil & care shampoo 4-pack,Andrélon,drogisterij,Drogisterij,Herstellende shampoo,45.16,90.32,50.0,pakketkorting,,,4 stuks,,True,AHOO,,2026-08-04,2026-08-09,,True,AH,https://www.ah.nl/producten/product/wi608562,2026-08-04,Andrélon Oil & care shampoo 4-pack,drogisterij
608563,0,Andrélon Oil & care shampoo 6-pack,Andrélon,drogisterij,Drogisterij,Herstellende shampoo,67.74,135.48,50.0,pakketkorting,,,6 stuks,,True,AHOO,,2026-08-04,2026-08-09,,True,AH,https://www.ah.nl/producten/product/wi608563,2026-08-04,Andrélon Oil & care shampoo 6-pack,drogisterij
608629,0,Dove Deeply nourishing douchegel 2-pack,Dove,drogisterij,Drogisterij,Douchegel alle huidtypes,16.08,32.16,50.0,pakketkorting,,,2 stuks,,True,AHOO,,2026-08-04,2026-08-09,,True,AH,https://www.ah.nl/producten/product/wi608629,2026-08-04,Dove Deeply nourishing douchegel 2-pack,drogisterij
200281,795810,Colgate Caries protection tandpasta,Colgate,drogisterij,Drogisterij,Tandpasta sterke tanden,2.39,2.39,,,,,75 ml,prijs per liter €31.87,False,,,,,,True,AH,https://www.ah.nl/producten/product/wi200281,2026-08-04,Colgate Caries protection tandpasta,drogisterij
608630,0,Dove Deeply nourishing douchegel 4-pack,Dove,drogisterij,Drogisterij,Douchegel alle huidtypes,32.16,64.32,50.0,pakketkorting,,,4 stuks,,True,AHOO,,2026-08-04,2026-08-09,,True,AH,https://www.ah.nl/producten/product/wi608630,2026-08-04,Dove Deeply nourishing douchegel 4-pack,drogisterij
608631,0,Dove Deeply nourishing douchegel 6-pack,Dove,drogisterij,Drogisterij,Douchegel alle huidtypes,48.24,96.48,50.0,pakketkorting,,,6 stuks,,True,AHOO,,2026-08-04,2026-08-09,,True,AH,https://www.ah.nl/producten/product/wi608631,2026-08-04,Dove Deeply nourishing douchegel 6-pack,drogisterij
611918,0,Aquafresh Tandsteen controle tandpasta 4-pack,Aquafresh,drogisterij,Drogisterij,Tandpasta sterke tanden,8.29,10.36,20.0,20% volume voordeel,,,4 stuks,,True,AHOO,20% volume voordeel,2026-08-04,2999-12-31,,True,AH,https://www.ah.nl/producten/product/wi611918,2026-08-04,Aquafresh Tandsteen controle tandpasta 4-pack,drogisterij
177113,771760,Elmex Anti-cariës tandpasta,Elmex,drogisterij,Drogisterij,Tandpasta sterke tanden,4.29,4.29,,1 + 1 gratis,,1.0,75 ml,normale prijs per liter €57.20,True,AH,1 + 1 gratis,2026-08-03,2026-08-09,,True,AH,https://www.ah.nl/producten/product/wi177113,2026-08-04,Elmex Anti-cariës tandpasta,drogisterij
611919,0,Aquafresh Tandsteen controle tandpasta 6-pack,Aquafresh,drogisterij,Drogisterij,Tandpasta sterke tanden,11.65,15.54,25.0,25% volume voordeel,,,6 stuks,,True,AHOO,25% volume voordeel,2026-08-04,2999-12-31,,True,AH,https://www.ah.nl/producten/product/wi611919,2026-08-04,Aquafresh Tandsteen controle tandpasta 6-pack,drogisterij
622891,0,Always Ultra secure night extr maandverband 2pk,Always,drogisterij,Drogisterij,Maandverband,4.91,5.78,15.0,15% volume voordeel,,,2 stuks,,True,AH,15% volume voordeel,,,,True,AH,https://www.ah.nl/producten/product/wi622891,2026-08-04,Always Ultra secure night extr maandverband 2pk,drogisterij
600131,51720,Care Cotton pads maxi,Care,drogisterij,Drogisterij,Watten & wattenstaafjes,1.09,1.09,,,,,50 stuks,,False,,,,,,True,AH,https://www.ah.nl/producten/product/wi600131,2026-08-04,Care Cotton pads maxi,drogisterij
622892,0,Always Ultra secure night extr maandverband 6pk,Always,drogisterij,Drogisterij,Maandverband,11.56,17.34,33.3,pakketkorting,,,6 stuks,,True,AHOO,,2026-08-04,2026-08-09,,True,AH,https://www.ah.nl/producten/product/wi622892,2026-08-04,Always Ultra secure night extr maandverband 6pk,drogisterij
197268,802262,Sensodyne Repair & protect whitening tandpasta,Sensodyne,drogisterij,Drogisterij,Tandpasta gevoelige tanden,7.99,7.99,,,,,75 ml,prijs per liter €106.53,False,,,,,,True,AH,https://www.ah.nl/producten/product/wi197268,2026-08-04,Sensodyne Repair & protect whitening tandpasta,drogisterij
429663,697258,Dove Invisible care deodorant spray,Dove,drogisterij,Drogisterij,Deospray vrouwen,6.69,6.69,,1 + 1 gratis,,1.0,150 ml,normale prijs per liter €44.60,True,AH,1 + 1 gratis,2026-08-03,2026-08-09,,True,AH,https://www.ah.nl/producten/product/wi429663,2026-08-04,Dove Invisible care deodorant spray,drogisterij
591843,0,Colgate Anti-Caries Tandpasta 4-pack,Colgate,drogisterij,Drogisterij,Tandpasta sterke tanden,6.69,9.56,30.0,30% volume voordeel,,,4 stuks,,True,AHOO,30% volume voordeel,2026-08-04,2999-12-31,,True,AH,https://www.ah.nl/producten/product/wi591843,2026-08-04,Colgate Anti-Caries Tandpasta 4-pack,drogisterij
622983,0,Always Daily prot extra long inlegkruisjes 2pck,Always,drogisterij,Drogisterij,Inlegkruisjes,5.08,5.98,15.0,15% volume voordeel,,,2 stuks,,True,AH,15% volume voordeel,,,,True,AH,https://www.ah.nl/producten/product/wi622983,2026-08-04,Always Daily prot extra long inlegkruisjes 2pck,drogisterij
428694,40084,L'Oréal Paris Elvive Dream lengths shampoo,L'Oréal Paris Elvive,drogisterij,Drogisterij,Shampoo alle haartypes,7.59,7.59,,,,,250 ml,prijs per liter €30.36,False,,,,,,True,AH,https://www.ah.nl/producten/product/wi428694,2026-08-04,L'Oréal Paris Elvive Dream lengths shampoo,drogisterij
429156,18232,GUM Soft-Picks Regular,GUM,drogisterij,Drogisterij,Tandenstokers,3.79,7.59,50.0,50% korting,,,50 stuks,,True,AH,50% korting,2026-08-03,2026-08-09,,True,AH,https://www.ah.nl/producten/product/wi429156,2026-08-04,GUM Soft-Picks Regular,drogisterij
575955,17241,Prodent Tandpasta Mario kids 0-6 jaar,Prodent,drogisterij,Drogisterij,Kindertandpasta,3.19,3.19,,1 + 1 gratis,,1.0,75 ml,normale prijs per liter €42.53,True,AH,1 + 1 gratis,2026-08-03,2026-08-09,,True,AH,https://www.ah.nl/producten/product/wi575955,2026-08-04,Prodent Tandpasta Mario kids 0-6 jaar,drogisterij
612414,0,L'Oréal Paris Elvive Dream lengths shampoo 2-pack,L'Oréal Paris Elvive,drogisterij,Drogisterij,Shampoo alle haartypes,12.9,15.18,15.0,15% volume voordeel,,,2 stuks,,True,AHOO,15% volume voordeel,2026-08-04,2999-12-31,,True,AH,https://www.ah.nl/producten/product/wi612414,2026-08-04,L'Oréal Paris Elvive Dream lengths shampoo 2-pack,drogisterij
625544,0,Prodent Tandpasta Mario kids 0-6 jaar 2-pack,Prodent,drogisterij,Drogisterij,Kindertandpasta,3.19,6.38,50.0,pakketkorting,,,2 stuks,,True,AHOO,,2026-08-04,2026-08-09,,True,AH,https://www.ah.nl/producten/product/wi625544,2026-08-04,Prodent Tandpasta Mario kids 0-6 jaar 2-pack,drogisterij
42878,68912,Oral-B Essential floss,Oral-B,drogisterij,Drogisterij,Flosdraad,1.24,2.49,50.0,50% korting,,,per stuk,,True,AH,50% korting,2026-08-03,2026-08-09,,True,AH,https://www.ah.nl/producten/product/wi42878,2026-08-04,Oral-B Essential floss,drogisterij
428695,40346,L'Oréal Paris Elvive Conditioner dream lengths,L'Oréal Paris Elvive,drogisterij,Drogisterij,Conditioner,7.59,7.59,,,,,200 ml,prijs per liter €37.95,False,,,,,,True,AH,https://www.ah.nl/producten/product/wi428695,2026-08-04,L'Oréal Paris Elvive Conditioner dream lengths,drogisterij
608635,0,Dove Invisible care deodorant spray 2-pack,Dove,drogisterij,Drogisterij,Deospray vrouwen,6.69,13.38,50.0,pakketkorting,,,2 stuks,,True,AHOO,,2026-08-04,2026-08-09,,True,AH,https://www.ah.nl/producten/product/wi608635,2026-08-04,Dove Invisible care deodorant spray 2-pack,drogisterij
612411,0,L'Oréal Paris Elvive Conditioner dream lengths 2-pack,L'Oréal Paris Elvive,drogisterij,Drogisterij,Conditioner,12.9,15.18,15.0,15% volume voordeel,,,2 stuks,,True,AHOO,15% volume voordeel,2026-08-04,2999-12-31,,True,AH,https://www.ah.nl/producten/product/wi612411,2026-08-04,L'Oréal Paris Elvive Conditioner dream lengths 2-pack,drogisterij
553431,672963,Prodent Menthol power tandpasta,Prodent,drogisterij,Drogisterij,Tandpasta frisse adem,2.75,2.75,,1 + 1 gratis,,1.0,75 ml,normale prijs per liter €36.67,True,AH,1 + 1 gratis,2026-08-03,2026-08-09,,True,AH,https://www.ah.nl/producten/product/wi553431,2026-08-04,Prodent Menthol power tandpasta,drogisterij
600964,51497,Care Ultra normal maandverband met vleugels,Care,drogisterij,Drogisterij,Maandverband,0.95,0.95,,,,,16 stuks,,False,,,,,,True,AH,https://www.ah.nl/producten/product/wi600964,2026-08-04,Care Ultra normal maandverband met vleugels,drogisterij
600155,51750,Care Sensitive cleansing wipes 0%,Care,drogisterij,Drogisterij,Gezichtsreiniging vrouwen,1.49,1.49,,,,,25 stuks,,False,,,,,,True,AH,https://www.ah.nl/producten/product/wi600155,2026-08-04,Care Sensitive cleansing wipes 0%,drogisterij
608636,0,Dove Invisible care deodorant spray 4-pack,Dove,drogisterij,Drogisterij,Deospray vrouwen,13.38,26.76,50.0,pakketkorting,,,4 stuks,,True,AHOO,,2026-08-04,2026-08-09,,True,AH,https://www.ah.nl/producten/product/wi608636,2026-08-04,Dove Invisible care deodorant spray 4-pack,drogisterij
612415,0,L'Oréal Paris Elvive Dream lengths shampoo 4-pack,L'Oréal Paris Elvive,drogisterij,Drogisterij,Shampoo alle haartypes,22.77,30.36,25.0,25% volume voordeel,,,4 stuks,,True,AHOO,25% volume voordeel,2026-08-04,2999-12-31,,True,AH,https://www.ah.nl/producten/product/wi612415,2026-08-04,L'Oréal Paris Elvive Dream lengths shampoo 4-pack,drogisterij
612416,0,L'Oréal Paris Elvive Dream lengths shampoo 6-pack,L'Oréal Paris Elvive,drogisterij,Drogisterij,Shampoo alle haartypes,27.32,45.54,40.0,40% volume voordeel,,,6 stuks,,True,AHOO,40% volume voordeel,2026-08-04,2999-12-31,,True,AH,https://www.ah.nl/producten/product/wi612416,2026-08-04,L'Oréal Paris Elvive Dream lengths shampoo 6-pack,drogisterij
616602,0,Colgate Caries protection tandpasta 2-pack,Colgate,drogisterij,Drogisterij,Tandpasta sterke tanden,3.82,4.78,20.0,20% volume voordeel,,,2 stuks,,True,AHOO,20% volume voordeel,2026-08-04,2999-12-31,,True,AH,https://www.ah.nl/producten/product/wi616602,2026-08-04,Colgate Caries protection tandpasta 2-pack,drogisterij
625545,0,Prodent Tandpasta Mario kids 0-6 jaar 4-pack,Prodent,drogisterij,Drogisterij,Kindertandpasta,6.38,12.76,50.0,pakketkorting,,,4 stuks,,True,AHOO,,2026-08-04,2026-08-09,,True,AH,https://www.ah.nl/producten/product/wi625545,2026-08-04,Prodent Tandpasta Mario kids 0-6 jaar 4-pack,drogisterij
625546,0,Prodent Tandpasta Mario kids 0-6 jaar 6-pack,Prodent,drogisterij,Drogisterij,Kindertandpasta,9.57,19.14,50.0,pakketkorting,,,6 stuks,,True,AHOO,,2026-08-04,2026-08-09,,True,AH,https://www.ah.nl/producten/product/wi625546,2026-08-04,Prodent Tandpasta Mario kids 0-6 jaar 6-pack,drogisterij
612412,0,L'Oréal Paris Elvive Conditioner dream lengths 4-pack,L'Oréal Paris Elvive,drogisterij,Drogisterij,Conditioner,22.77,30.36,25.0,25% volume voordeel,,,4 stuks,,True,AHOO,25% volume voordeel,2026-08-04,2999-12-31,,True,AH,https://www.ah.nl/producten/product/wi612412,2026-08-04,L'Oréal Paris Elvive Conditioner dream lengths 4-pack,drogisterij
612413,0,L'Oréal Paris Elvive Conditioner dream lengths 6-pack,L'Oréal Paris Elvive,drogisterij,Drogisterij,Conditioner,27.32,45.54,40.0,40% volume voordeel,,,6 stuks,,True,AHOO,40% volume voordeel,2026-08-04,2999-12-31,,True,AH,https://www.ah.nl/producten/product/wi612413,2026-08-04,L'Oréal Paris Elvive Conditioner dream lengths 6-pack,drogisterij
608637,0,Dove Invisible care deodorant spray 6-pack,Dove,drogisterij,Drogisterij,Deospray vrouwen,20.07,40.14,50.0,pakketkorting,,,6 stuks,,True,AHOO,,2026-08-04,2026-08-09,,True,AH,https://www.ah.nl/producten/product/wi608637,2026-08-04,Dove Invisible care deodorant spray 6-pack,drogisterij
616633,0,Colgate Caries protection tandpasta 6-pack,Colgate,drogisterij,Drogisterij,Tandpasta sterke tanden,8.6,14.34,40.0,40% volume voordeel,,,6 stuks,,True,AHOO,40% volume voordeel,2026-08-04,2999-12-31,,True,AH,https://www.ah.nl/producten/product/wi616633,2026-08-04,Colgate Caries protection tandpasta 6-pack,drogisterij
622984,0,Always Daily prot extra long inlegkruisjes 6pck,Always,drogisterij,Drogisterij,Inlegkruisjes,11.96,17.94,33.3,pakketkorting,,,6 stuks,,True,AHOO,,2026-08-04,2026-08-09,,True,AH,https://www.ah.nl/producten/product/wi622984,2026-08-04,Always Daily prot extra long inlegkruisjes 6pck,drogisterij
612049,0,Sensodyne Repair & protect whitening tandpasta 2pk,Sensodyne,drogisterij,Drogisterij,Tandpasta gevoelige tanden,14.38,15.98,10.0,10% volume voordeel,,,2 stuks,,True,AHOO,10% volume voordeel,2026-08-04,2999-12-31,,True,AH,https://www.ah.nl/producten/product/wi612049,2026-08-04,Sensodyne Repair & protect whitening tandpasta 2pk,drogisterij
608769,0,Prodent Menthol power tandpasta 2-pack,Prodent,drogisterij,Drogisterij,Tandpasta frisse adem,2.75,5.5,50.0,pakketkorting,,,2 stuks,,True,AHOO,,2026-08-04,2026-08-09,,True,AH,https://www.ah.nl/producten/product/wi608769,2026-08-04,Prodent Menthol power tandpasta 2-pack,drogisterij
460875,713466,Loving Blends Honinggoud shampoo,Loving Blends,drogisterij,Drogisterij,Herstellende shampoo,6.19,6.19,,,,,300 ml,prijs per liter €20.63,False,,,,,,True,AH,https://www.ah.nl/producten/product/wi460875,2026-08-04,Loving Blends Honinggoud shampoo,drogisterij
127798,593375,Dove Invisible dry deodorant spray,Dove,drogisterij,Drogisterij,Deospray vrouwen,6.69,6.69,,1 + 1 gratis,,1.0,150 ml,normale prijs per liter €44.60,True,AH,1 + 1 gratis,2026-08-03,2026-08-09,,True,AH,https://www.ah.nl/producten/product/wi127798,2026-08-04,Dove Invisible dry deodorant spray,drogisterij
539558,74243,Head & Shoulders Classic shampoo,Head & Shoulders,drogisterij,Drogisterij,Shampoo gevoelige huid en anti-roos shampoo,6.99,6.99,,1 + 1 gratis,,1.0,250 ml,normale prijs per liter €27.96,True,AH,1 + 1 gratis,2026-08-03,2026-08-09,,True,AH,https://www.ah.nl/producten/product/wi539558,2026-08-04,Head & Shoulders Classic shampoo,drogisterij
608771,0,Prodent Menthol power tandpasta 6-pack,Prodent,drogisterij,Drogisterij,Tandpasta frisse adem,8.25,16.5,50.0,pakketkorting,,,6 stuks,,True,AHOO,,2026-08-04,2026-08-09,,True,AH,https://www.ah.nl/producten/product/wi608771,2026-08-04,Prodent Menthol power tandpasta 6-pack,drogisterij
610189,0,Demak'Up Expert ronde wattenschijfjes 2-pack,Demak'Up,drogisterij,Drogisterij,Watten & wattenstaafjes,4.92,5.18,5.0,5% volume voordeel,,,2 stuks,,True,AHOO,5% volume voordeel,2026-08-04,2999-12-31,,True,AH,https://www.ah.nl/producten/product/wi610189,2026-08-04,Demak'Up Expert ronde wattenschijfjes 2-pack,drogisterij
612050,0,Sensodyne Repair & protect whitening tandpasta 4pk,Sensodyne,drogisterij,Drogisterij,Tandpasta gevoelige tanden,27.17,31.96,15.0,15% volume voordeel,,,4 stuks,,True,AHOO,15% volume voordeel,2026-08-04,2999-12-31,,True,AH,https://www.ah.nl/producten/product/wi612050,2026-08-04,Sensodyne Repair & protect whitening tandpasta 4pk,drogisterij
553082,684038,Sanex Zero% hydrating douchegel alle huidtypes,Sanex,drogisterij,Drogisterij,Douchegel alle huidtypes,6.49,6.49,,,,,400 ml,prijs per liter €16.23,False,,,,,,True,AH,https://www.ah.nl/producten/product/wi553082,2026-08-04,Sanex Zero% hydrating douchegel alle huidtypes,drogisterij
595199,43825,Andrélon Men hair & body shampoo,Andrélon,drogisterij,Drogisterij,Mannen shampoo,6.45,6.45,,1 + 1 gratis,,1.0,400 ml,normale prijs per liter €16.13,True,AH,1 + 1 gratis,2026-08-03,2026-08-09,,True,AH,https://www.ah.nl/producten/product/wi595199,2026-08-04,Andrélon Men hair & body shampoo,drogisterij
608549,0,Andrélon Men hair & body shampoo 2-pack,Andrélon,drogisterij,Drogisterij,Mannen shampoo,6.45,12.9,50.0,pakketkorting,,,2 stuks,,True,AHOO,,2026-08-04,2026-08-09,,True,AH,https://www.ah.nl/producten/product/wi608549,2026-08-04,Andrélon Men hair & body shampoo 2-pack,drogisterij
612466,0,Loving Blends Honinggoud shampoo 2-pack,Loving Blends,drogisterij,Drogisterij,Herstellende shampoo,10.52,12.38,15.0,15% volume voordeel,,,2 stuks,,True,AHOO,15% volume voordeel,2026-08-04,2999-12-31,,True,AH,https://www.ah.nl/producten/product/wi612466,2026-08-04,Loving Blends Honinggoud shampoo 2-pack,drogisterij
612467,0,Loving Blends Honinggoud shampoo 4-pack,Loving Blends,drogisterij,Drogisterij,Herstellende shampoo,18.57,24.76,25.0,25% volume voordeel,,,4 stuks,,True,AHOO,25% volume voordeel,2026-08-04,2999-12-31,,True,AH,https://www.ah.nl/producten/product/wi612467,2026-08-04,Loving Blends Honinggoud shampoo 4-pack,drogisterij
608770,0,Prodent Menthol power tandpasta 4-pack,Prodent,drogisterij,Drogisterij,Tandpasta frisse adem,5.5,11.0,50.0,pakketkorting,,,4 stuks,,True,AHOO,,2026-08-04,2026-08-09,,True,AH,https://www.ah.nl/producten/product/wi608770,2026-08-04,Prodent Menthol power tandpasta 4-pack,drogisterij
612051,0,Sensodyne Repair & protect whitening tandpasta 6pk,Sensodyne,drogisterij,Drogisterij,Tandpasta gevoelige tanden,38.35,47.94,20.0,20% volume voordeel,,,6 stuks,,True,AHOO,20% volume voordeel,2026-08-04,2999-12-31,,True,AH,https://www.ah.nl/producten/product/wi612051,2026-08-04,Sensodyne Repair & protect whitening tandpasta 6pk,drogisterij
154784,767865,Always Ultra day normal maandverband,Always,drogisterij,Drogisterij,Maandverband,2.89,2.89,,2 + 1 gratis,,2.0,15 stuks,,True,AH,2 + 1 gratis,2026-08-03,2026-08-09,,True,AH,https://www.ah.nl/producten/product/wi154784,2026-08-04,Always Ultra day normal maandverband,drogisterij
612468,0,Loving Blends Honinggoud shampoo 6-pack,Loving Blends,drogisterij,Drogisterij,Herstellende shampoo,22.28,37.14,40.0,40% volume voordeel,,,6 stuks,,True,AHOO,40% volume voordeel,2026-08-04,2999-12-31,,True,AH,https://www.ah.nl/producten/product/wi612468,2026-08-04,Loving Blends Honinggoud shampoo 6-pack,drogisterij
608640,0,Dove Invisible dry deodorant spray 6-pack,Dove,drogisterij,Drogisterij,Deospray vrouwen,20.07,40.14,50.0,pakketkorting,,,6 stuks,,True,AHOO,,2026-08-04,2026-08-09,,True,AH,https://www.ah.nl/producten/product/wi608640,2026-08-04,Dove Invisible dry deodorant spray 6-pack,drogisterij
221543,816230,Palmolive Elke dag met kamille-extract shampoo,Palmolive,drogisterij,Drogisterij,Shampoo alle haartypes,2.19,2.19,,,,,350 ml,prijs per liter €6.26,False,,,,,,True,AH,https://www.ah.nl/producten/product/wi221543,2026-08-04,Palmolive Elke dag met kamille-extract shampoo,drogisterij
608550,0,Andrélon Men hair & body shampoo 4-pack,Andrélon,drogisterij,Drogisterij,Mannen shampoo,12.9,25.8,50.0,pakketkorting,,,4 stuks,,True,AHOO,,2026-08-04,2026-08-09,,True,AH,https://www.ah.nl/producten/product/wi608550,2026-08-04,Andrélon Men hair & body shampoo 4-pack,drogisterij
608551,0,Andrélon Men hair & body shampoo 6-pack,Andrélon,drogisterij,Drogisterij,Mannen shampoo,19.35,38.7,50.0,pakketkorting,,,6 stuks,,True,AHOO,,2026-08-04,2026-08-09,,True,AH,https://www.ah.nl/producten/product/wi608551,2026-08-04,Andrélon Men hair & body shampoo 6-pack,drogisterij
608638,0,Dove Invisible dry deodorant spray 2-pack,Dove,drogisterij,Drogisterij,Deospray vrouwen,6.69,13.38,50.0,pakketkorting,,,2 stuks,,True,AHOO,,2026-08-04,2026-08-09,,True,AH,https://www.ah.nl/producten/product/wi608638,2026-08-04,Dove Invisible dry deodorant spray 2-pack,drogisterij
608639,0,Dove Invisible dry deodorant spray 4-pack,Dove,drogisterij,Drogisterij,Deospray vrouwen,13.38,26.76,50.0,pakketkorting,,,4 stuks,,True,AHOO,,2026-08-04,2026-08-09,,True,AH,https://www.ah.nl/producten/product/wi608639,2026-08-04,Dove Invisible dry deodorant spray 4-pack,drogisterij
83285,596316,NIVEA Pearl & beauty anti transpirant spray,NIVEA,drogisterij,Drogisterij,Deospray vrouwen,5.79,5.79,,,,,150 ml,prijs per liter €38.60,False,,,,,,True,AH,https://www.ah.nl/producten/product/wi83285,2026-08-04,NIVEA Pearl & beauty anti transpirant spray,drogisterij
600112,51687,Care Cherry blossom shower gel,Care,drogisterij,Drogisterij,Douchegel alle huidtypes,1.99,1.99,,,,,300 ml,prijs per liter €6.63,False,,,,,,True,AH,https://www.ah.nl/producten/product/wi600112,2026-08-04,Care Cherry blossom shower gel,drogisterij
604515,0,Care Sensitive cleansing wipes 0% 4-pack,Care,drogisterij,Drogisterij,Gezichtsreiniging vrouwen,5.36,5.96,10.0,10% volume voordeel,,,4 stuks,,True,AHOO,10% volume voordeel,2026-08-04,2999-12-31,,True,AH,https://www.ah.nl/producten/product/wi604515,2026-08-04,Care Sensitive cleansing wipes 0% 4-pack,drogisterij
616624,0,Sanex Zero% hydra douchegel alle huidtypes 2pk,Sanex,drogisterij,Drogisterij,Douchegel alle huidtypes,10.38,12.98,20.0,20% volume voordeel,,,2 stuks,,True,AHOO,20% volume voordeel,2026-08-04,2999-12-31,,True,AH,https://www.ah.nl/producten/product/wi616624,2026-08-04,Sanex Zero% hydra douchegel alle huidtypes 2pk,drogisterij
512070,880982,Marcel's Green Soap Handzeep orange & jasmin navulling,Marcel's Green Soap,drogisterij,Drogisterij,Vloeibare zeep,5.29,5.29,,,,,"0,5 l",prijs per liter €10.58,False,,,,,,True,AH,https://www.ah.nl/producten/product/wi512070,2026-08-04,Marcel's Green Soap Handzeep orange & jasmin navulling,drogisterij
623959,0,Marcel's Green Soap Handzeep orange & jasmin navul 3pack,Marcel's Green Soap,drogisterij,Drogisterij,Vloeibare zeep,11.9,15.87,25.0,25% volume voordeel,,,3 stuks,,True,AHOO,25% volume voordeel,2026-08-04,2999-12-31,,True,AH,https://www.ah.nl/producten/product/wi623959,2026-08-04,Marcel's Green Soap Handzeep orange & jasmin navul 3pack,drogisterij
601114,0,Always Maandverband Ultra Normal 4-pack,Always,drogisterij,Drogisterij,Maandverband,8.67,11.56,25.0,pakketkorting,,,4 stuks,,True,AHOO,,2026-08-04,2026-08-09,,True,AH,https://www.ah.nl/producten/product/wi601114,2026-08-04,Always Maandverband Ultra Normal 4-pack,drogisterij
616626,0,Sanex Zero% hydra douchegel alle huidtypes 6pk,Sanex,drogisterij,Drogisterij,Douchegel alle huidtypes,23.36,38.94,40.0,40% volume voordeel,,,6 stuks,,True,AHOO,40% volume voordeel,2026-08-04,2999-12-31,,True,AH,https://www.ah.nl/producten/product/wi616626,2026-08-04,Sanex Zero% hydra douchegel alle huidtypes 6pk,drogisterij
611147,0,NIVEA Pearl/beauty anti transpirant spray 2pk,NIVEA,drogisterij,Drogisterij,Deospray vrouwen,9.84,11.58,15.0,15% volume voordeel,,,2 stuks,,True,AHOO,15% volume voordeel,2026-08-04,2999-12-31,,True,AH,https://www.ah.nl/producten/product/wi611147,2026-08-04,NIVEA Pearl/beauty anti transpirant spray 2pk,drogisterij
616625,0,Sanex Zero% hydra douchegel alle huidtypes 4pk,Sanex,drogisterij,Drogisterij,Douchegel alle huidtypes,18.17,25.96,30.0,30% volume voordeel,,,4 stuks,,True,AHOO,30% volume voordeel,2026-08-04,2999-12-31,,True,AH,https://www.ah.nl/producten/product/wi616625,2026-08-04,Sanex Zero% hydra douchegel alle huidtypes 4pk,drogisterij
600496,51922,Care Lemon kitchen hand soap refill,Care,drogisterij,Drogisterij,Vloeibare zeep,1.05,1.05,,,,,"0,5 l",prijs per liter €2.10,False,,,,,,True,AH,https://www.ah.nl/producten/product/wi600496,2026-08-04,Care Lemon kitchen hand soap refill,drogisterij
188624,789644,L'Oréal Paris Elvive Color-vive shampoo,L'Oréal Paris Elvive,drogisterij,Drogisterij,Shampoo gekleurd haar,7.59,7.59,,,,,250 ml,prijs per liter €30.36,False,,,,,,True,AH,https://www.ah.nl/producten/product/wi188624,2026-08-04,L'Oréal Paris Elvive Color-vive shampoo,drogisterij
612408,0,L'Oréal Paris Elvive Color-vive shampoo 2-pack,L'Oréal Paris Elvive,drogisterij,Drogisterij,Shampoo gekleurd haar,12.9,15.18,15.0,15% volume voordeel,,,2 stuks,,True,AHOO,15% volume voordeel,2026-08-04,2999-12-31,,True,AH,https://www.ah.nl/producten/product/wi612408,2026-08-04,L'Oréal Paris Elvive Color-vive shampoo 2-pack,drogisterij
87585,610652,NIVEA Crème soft douchecrème,NIVEA,drogisterij,Drogisterij,Douchecreme,4.69,4.69,,,,,250 ml,prijs per liter €18.76,False,,,,,,True,AH,https://www.ah.nl/producten/product/wi87585,2026-08-04,NIVEA Crème soft douchecrème,drogisterij
209097,804094,Always Dailies normal fresh scent inlegkruisjes,Always,drogisterij,Drogisterij,Inlegkruisjes,2.99,2.99,,2 + 1 gratis,,2.0,30 stuks,,True,AH,2 + 1 gratis,2026-08-03,2026-08-09,,True,AH,https://www.ah.nl/producten/product/wi209097,2026-08-04,Always Dailies normal fresh scent inlegkruisjes,drogisterij
575954,17240,Prodent Tandpasta Mario junior 6-13 jaar,Prodent,drogisterij,Drogisterij,Kindertandpasta,3.29,3.29,,1 + 1 gratis,,1.0,75 ml,normale prijs per liter €43.87,True,AH,1 + 1 gratis,2026-08-03,2026-08-09,,True,AH,https://www.ah.nl/producten/product/wi575954,2026-08-04,Prodent Tandpasta Mario junior 6-13 jaar,drogisterij
595201,43827,Andrélon Perfecte krul shampoo,Andrélon,drogisterij,Drogisterij,Shampoo voor gekruld haar,6.55,6.55,,1 + 1 gratis,,1.0,250 ml,normale prijs per liter €26.20,True,AH,1 + 1 gratis,2026-08-03,2026-08-09,,True,AH,https://www.ah.nl/producten/product/wi595201,2026-08-04,Andrélon Perfecte krul shampoo,drogisterij
611148,0,NIVEA Pearl/beauty anti transpirant spray 4pk,NIVEA,drogisterij,Drogisterij,Deospray vrouwen,16.21,23.16,30.0,30% volume voordeel,,,4 stuks,,True,AHOO,30% volume voordeel,2026-08-04,2999-12-31,,True,AH,https://www.ah.nl/producten/product/wi611148,2026-08-04,NIVEA Pearl/beauty anti transpirant spray 4pk,drogisterij
624827,0,Andrélon Perfecte krul shampoo 2pack,Andrélon,drogisterij,Drogisterij,Shampoo voor gekruld haar,6.55,13.1,50.0,pakketkorting,,,2 stuks,,True,AHOO,,2026-08-04,2026-08-09,,True,AH,https://www.ah.nl/producten/product/wi624827,2026-08-04,Andrélon Perfecte krul shampoo 2pack,drogisterij
624829,0,Andrélon Perfecte krul shampoo 4pack,Andrélon,drogisterij,Drogisterij,Shampoo voor gekruld haar,13.1,26.2,50.0,pakketkorting,,,4 stuks,,True,AHOO,,2026-08-04,2026-08-09,,True,AH,https://www.ah.nl/producten/product/wi624829,2026-08-04,Andrélon Perfecte krul shampoo 4pack,drogisterij
624831,0,Andrélon Perfecte krul shampoo 6pack,Andrélon,drogisterij,Drogisterij,Shampoo voor gekruld haar,19.65,39.3,50.0,pakketkorting,,,6 stuks,,True,AHOO,,2026-08-04,2026-08-09,,True,AH,https://www.ah.nl/producten/product/wi624831,2026-08-04,Andrélon Perfecte krul shampoo 6pack,drogisterij
625541,0,Prodent Tandpasta Mario junior 6-13 jaar 2-pack,Prodent,drogisterij,Drogisterij,Kindertandpasta,3.29,6.58,50.0,pakketkorting,,,2 stuks,,True,AHOO,,2026-08-04,2026-08-09,,True,AH,https://www.ah.nl/producten/product/wi625541,2026-08-04,Prodent Tandpasta Mario junior 6-13 jaar 2-pack,drogisterij
612409,0,L'Oréal Paris Elvive Color-vive shampoo 4-pack,L'Oréal Paris Elvive,drogisterij,Drogisterij,Shampoo gekleurd haar,22.77,30.36,25.0,25% volume voordeel,,,4 stuks,,True,AHOO,25% volume voordeel,2026-08-04,2999-12-31,,True,AH,https://www.ah.nl/producten/product/wi612409,2026-08-04,L'Oréal Paris Elvive Color-vive shampoo 4-pack,drogisterij
612410,0,L'Oréal Paris Elvive Color-vive shampoo 6-pack,L'Oréal Paris Elvive,drogisterij,Drogisterij,Shampoo gekleurd haar,27.32,45.54,40.0,40% volume voordeel,,,6 stuks,,True,AHOO,40% volume voordeel,2026-08-04,2999-12-31,,True,AH,https://www.ah.nl/producten/product/wi612410,2026-08-04,L'Oréal Paris Elvive Color-vive shampoo 6-pack,drogisterij
625542,0,Prodent Tandpasta Mario junior 6-13 jaar 4-pack,Prodent,drogisterij,Drogisterij,Kindertandpasta,6.58,13.16,50.0,pakketkorting,,,4 stuks,,True,AHOO,,2026-08-04,2026-08-09,,True,AH,https://www.ah.nl/producten/product/wi625542,2026-08-04,Prodent Tandpasta Mario junior 6-13 jaar 4-pack,drogisterij
625543,0,Prodent Tandpasta Mario junior 6-13 jaar 6-pack,Prodent,drogisterij,Drogisterij,Kindertandpasta,9.87,19.74,50.0,pakketkorting,,,6 stuks,,True,AHOO,,2026-08-04,2026-08-09,,True,AH,https://www.ah.nl/producten/product/wi625543,2026-08-04,Prodent Tandpasta Mario junior 6-13 jaar 6-pack,drogisterij
611149,0,NIVEA Pearl/beauty anti transpirant spray 6pk,NIVEA,drogisterij,Drogisterij,Deospray vrouwen,20.84,34.74,40.0,40% volume voordeel,,,6 stuks,,True,AHOO,40% volume voordeel,2026-08-04,2999-12-31,,True,AH,https://www.ah.nl/producten/product/wi611149,2026-08-04,NIVEA Pearl/beauty anti transpirant spray 6pk,drogisterij
80961,587109,Dove Go fresh cucumber anti-transpirant spray,Dove,drogisterij,Drogisterij,Deospray vrouwen,5.59,5.59,,1 + 1 gratis,,1.0,150 ml,normale prijs per liter €37.27,True,AH,1 + 1 gratis,2026-08-03,2026-08-09,,True,AH,https://www.ah.nl/producten/product/wi80961,2026-08-04,Dove Go fresh cucumber anti-transpirant spray,drogisterij
183464,779756,Sensodyne Repair & protect tandpasta,Sensodyne,drogisterij,Drogisterij,Tandpasta gevoelige tanden,7.99,7.99,,,,,75 ml,prijs per liter €106.53,False,,,,,,True,AH,https://www.ah.nl/producten/product/wi183464,2026-08-04,Sensodyne Repair & protect tandpasta,drogisterij
166821,643850,Syoss Spray max hold,Syoss,drogisterij,Drogisterij,Haarspray en anti-klit spray,7.99,7.99,,,,,300 ml,prijs per liter €26.63,False,,,,,,True,AH,https://www.ah.nl/producten/product/wi166821,2026-08-04,Syoss Spray max hold,drogisterij
608632,0,Dove fresh cucumber anti-transpirant 2-pack,Dove,drogisterij,Drogisterij,Deospray vrouwen,5.59,11.18,50.0,pakketkorting,,,2 stuks,,True,AHOO,,2026-08-04,2026-08-09,,True,AH,https://www.ah.nl/producten/product/wi608632,2026-08-04,Dove fresh cucumber anti-transpirant 2-pack,drogisterij
622130,0,Care Cherry blossom shower gel 2-pack,Care,drogisterij,Drogisterij,Douchegel alle huidtypes,3.78,3.98,5.0,5% volume voordeel,,,2 stuks,,True,AHOO,5% volume voordeel,2026-08-04,2999-12-31,,True,AH,https://www.ah.nl/producten/product/wi622130,2026-08-04,Care Cherry blossom shower gel 2-pack,drogisterij
406070,120220462,Etos Handzeep hygiene navul,Etos,drogisterij,Drogisterij,Vloeibare zeep,2.49,2.49,,,,,1000 ml,prijs per liter €2.49,False,,,,,,True,ETOS,https://www.ah.nl/producten/product/wi406070,2026-08-04,Etos Handzeep hygiene navul,drogisterij
601101,0,Always Dailies Fresh Normal 4-pack,Always,drogisterij,Drogisterij,Inlegkruisjes,8.97,11.96,25.0,pakketkorting,,,4 stuks,,True,AHOO,,2026-08-04,2026-08-09,,True,AH,https://www.ah.nl/producten/product/wi601101,2026-08-04,Always Dailies Fresh Normal 4-pack,drogisterij
551111,673400,Oral-B Pro-expert gevoeligheid tandpasta,Oral-B,drogisterij,Drogisterij,Tandpasta gevoelig tandvlees,4.89,4.89,,1 + 1 gratis,,1.0,75 ml,normale prijs per liter €65.20,True,AH,1 + 1 gratis,2026-08-03,2026-08-09,,True,AH,https://www.ah.nl/producten/product/wi551111,2026-08-04,Oral-B Pro-expert gevoeligheid tandpasta,drogisterij
605877,0,Oral-B Pro-expert gevoeligheid tandpasta 4-pack,Oral-B,drogisterij,Drogisterij,Tandpasta gevoelig tandvlees,9.78,19.56,50.0,pakketkorting,,,4 stuks,,True,AHOO,,2026-08-04,2026-08-09,,True,AH,https://www.ah.nl/producten/product/wi605877,2026-08-04,Oral-B Pro-expert gevoeligheid tandpasta 4-pack,drogisterij
608633,0,Dove fresh cucumber anti-transpirant 4-pack,Dove,drogisterij,Drogisterij,Deospray vrouwen,11.18,22.36,50.0,pakketkorting,,,4 stuks,,True,AHOO,,2026-08-04,2026-08-09,,True,AH,https://www.ah.nl/producten/product/wi608633,2026-08-04,Dove fresh cucumber anti-transpirant 4-pack,drogisterij
622132,0,Care Cherry blossom shower gel 4-pack,Care,drogisterij,Drogisterij,Douchegel alle huidtypes,7.16,7.96,10.0,10% volume voordeel,,,4 stuks,,True,AHOO,10% volume voordeel,2026-08-04,2999-12-31,,True,AH,https://www.ah.nl/producten/product/wi622132,2026-08-04,Care Cherry blossom shower gel 4-pack,drogisterij
42442,644955,Vaseline Petroleum jelly original,Vaseline,drogisterij,Drogisterij,Bodycreme en bodybutter,3.49,3.49,,1 + 1 gratis,,1.0,100 ML,normale prijs per liter €34.90,True,AH,1 + 1 gratis,2026-08-03,2026-08-09,,True,AH,https://www.ah.nl/producten/product/wi42442,2026-08-04,Vaseline Petroleum jelly original,drogisterij
200282,795809,Colgate Fresh gel fluoride tandpasta,Colgate,drogisterij,Drogisterij,Tandpasta frisse adem,2.39,2.39,,,,,75 ml,prijs per liter €31.87,False,,,,,,True,AH,https://www.ah.nl/producten/product/wi200282,2026-08-04,Colgate Fresh gel fluoride tandpasta,drogisterij
595291,0,NIVEA Creme soft douchecreme 4-pack,NIVEA,drogisterij,Drogisterij,Douchecreme,13.13,18.76,30.0,30% volume voordeel,,,4 stuks,,True,AHOO,30% volume voordeel,2026-08-04,2999-12-31,,True,AH,https://www.ah.nl/producten/product/wi595291,2026-08-04,NIVEA Creme soft douchecreme 4-pack,drogisterij
610946,0,NIVEA Creme soft douchecreme 2-pack,NIVEA,drogisterij,Drogisterij,Douchecreme,7.97,9.38,15.0,15% volume voordeel,,,2 stuks,,True,AHOO,15% volume voordeel,2026-08-04,2999-12-31,,True,AH,https://www.ah.nl/producten/product/wi610946,2026-08-04,NIVEA Creme soft douchecreme 2-pack,drogisterij
623004,0,Always Ultra day normal maandverband 2-pack,Always,drogisterij,Drogisterij,Maandverband,4.91,5.78,15.0,15% volume voordeel,,,2 stuks,,True,AH,15% volume voordeel,,,,True,AH,https://www.ah.nl/producten/product/wi623004,2026-08-04,Always Ultra day normal maandverband 2-pack,drogisterij
625618,0,Vaseline Petroleum jelly original 2-pack,Vaseline,drogisterij,Drogisterij,Bodycreme en bodybutter,3.49,6.98,50.0,pakketkorting,,,2 stuks,,True,AHOO,,2026-08-04,2026-08-09,,True,AH,https://www.ah.nl/producten/product/wi625618,2026-08-04,Vaseline Petroleum jelly original 2-pack,drogisterij
179751,767871,Always Ultra day long wings maandverband,Always,drogisterij,Drogisterij,Maandverband,2.89,2.89,,2 + 1 gratis,,2.0,11 stuks,,True,AH,2 + 1 gratis,2026-08-03,2026-08-09,,True,AH,https://www.ah.nl/producten/product/wi179751,2026-08-04,Always Ultra day long wings maandverband,drogisterij
610190,0,Demak'Up Expert ronde wattenschijfjes 4-pack,Demak'Up,drogisterij,Drogisterij,Watten & wattenstaafjes,9.32,10.36,10.0,10% volume voordeel,,,4 stuks,,True,AHOO,10% volume voordeel,2026-08-04,2999-12-31,,True,AH,https://www.ah.nl/producten/product/wi610190,2026-08-04,Demak'Up Expert ronde wattenschijfjes 4-pack,drogisterij
595229,43861,Andrélon Perfecte krul conditioner,Andrélon,drogisterij,Drogisterij,Conditioner,5.55,5.55,,1 + 1 gratis,,1.0,200 ml,normale prijs per liter €27.75,True,AH,1 + 1 gratis,2026-08-03,2026-08-09,,True,AH,https://www.ah.nl/producten/product/wi595229,2026-08-04,Andrélon Perfecte krul conditioner,drogisterij
608564,0,Andrélon Perfecte krul conditioner 2-pack,Andrélon,drogisterij,Drogisterij,Conditioner,5.55,11.1,50.0,pakketkorting,,,2 stuks,,True,AHOO,,2026-08-04,2026-08-09,,True,AH,https://www.ah.nl/producten/product/wi608564,2026-08-04,Andrélon Perfecte krul conditioner 2-pack,drogisterij
608634,0,Dove fresh cucumber anti-transpirant 6-pack,Dove,drogisterij,Drogisterij,Deospray vrouwen,16.77,33.54,50.0,pakketkorting,,,6 stuks,,True,AHOO,,2026-08-04,2026-08-09,,True,AH,https://www.ah.nl/producten/product/wi608634,2026-08-04,Dove fresh cucumber anti-transpirant 6-pack,drogisterij
610947,0,NIVEA Creme soft douchecreme 6-pack,NIVEA,drogisterij,Drogisterij,Douchecreme,16.88,28.14,40.0,40% volume voordeel,,,6 stuks,,True,AHOO,40% volume voordeel,2026-08-04,2999-12-31,,True,AH,https://www.ah.nl/producten/product/wi610947,2026-08-04,NIVEA Creme soft douchecreme 6-pack,drogisterij
623034,0,Oral-B Pro-expert gevoeligheid tandpasta 2-pack,Oral-B,drogisterij,Drogisterij,Tandpasta gevoelig tandvlees,4.89,9.78,50.0,pakketkorting,,,2 stuks,,True,AHOO,,2026-08-04,2026-08-09,,True,AH,https://www.ah.nl/producten/product/wi623034,2026-08-04,Oral-B Pro-expert gevoeligheid tandpasta 2-pack,drogisterij
623035,0,Oral-B Pro-expert gevoeligheid tandpasta 6-pack,Oral-B,drogisterij,Drogisterij,Tandpasta gevoelig tandvlees,14.67,29.34,50.0,pakketkorting,,,6 stuks,,True,AHOO,,2026-08-04,2026-08-09,,True,AH,https://www.ah.nl/producten/product/wi623035,2026-08-04,Oral-B Pro-expert gevoeligheid tandpasta 6-pack,drogisterij
625619,0,Vaseline Petroleum jelly original 4-pack,Vaseline,drogisterij,Drogisterij,Bodycreme en bodybutter,6.98,13.96,50.0,pakketkorting,,,4 stuks,,True,AHOO,,2026-08-04,2026-08-09,,True,AH,https://www.ah.nl/producten/product/wi625619,2026-08-04,Vaseline Petroleum jelly original 4-pack,drogisterij
625620,0,Vaseline Petroleum jelly original 6-pack,Vaseline,drogisterij,Drogisterij,Bodycreme en bodybutter,10.47,20.94,50.0,pakketkorting,,,6 stuks,,True,AHOO,,2026-08-04,2026-08-09,,True,AH,https://www.ah.nl/producten/product/wi625620,2026-08-04,Vaseline Petroleum jelly original 6-pack,drogisterij
622987,0,Always Dailies norml fresh scent inlegkruis 2pk,Always,drogisterij,Drogisterij,Inlegkruisjes,5.08,5.98,15.0,15% volume voordeel,,,2 stuks,,True,AH,15% volume voordeel,,,,True,AH,https://www.ah.nl/producten/product/wi622987,2026-08-04,Always Dailies norml fresh scent inlegkruis 2pk,drogisterij
88040,622218,Rexona Men cobalt dry anti-transpirant spray,Rexona,drogisterij,Drogisterij,Deospray mannen,6.29,6.29,,1 + 1 gratis,,1.0,150 ml,normale prijs per liter €41.93,True,AH,1 + 1 gratis,2026-08-03,2026-08-09,,True,AH,https://www.ah.nl/producten/product/wi88040,2026-08-04,Rexona Men cobalt dry anti-transpirant spray,drogisterij
622131,0,Care Cherry blossom shower gel 3-pack,Care,drogisterij,Drogisterij,Douchegel alle huidtypes,5.49,5.97,8.0,8% volume voordeel,,,3 stuks,,True,AHOO,8% volume voordeel,2026-08-04,2999-12-31,,True,AH,https://www.ah.nl/producten/product/wi622131,2026-08-04,Care Cherry blossom shower gel 3-pack,drogisterij
608565,0,Andrélon Perfecte krul conditioner 4-pack,Andrélon,drogisterij,Drogisterij,Conditioner,11.1,22.2,50.0,pakketkorting,,,4 stuks,,True,AHOO,,2026-08-04,2026-08-09,,True,AH,https://www.ah.nl/producten/product/wi608565,2026-08-04,Andrélon Perfecte krul conditioner 4-pack,drogisterij
608566,0,Andrélon Perfecte krul conditioner 6-pack,Andrélon,drogisterij,Drogisterij,Conditioner,16.65,33.3,50.0,pakketkorting,,,6 stuks,,True,AHOO,,2026-08-04,2026-08-09,,True,AH,https://www.ah.nl/producten/product/wi608566,2026-08-04,Andrélon Perfecte krul conditioner 6-pack,drogisterij
601112,0,Always Maandverband Long Wings 4-pack,Always,drogisterij,Drogisterij,Maandverband,8.67,11.56,25.0,pakketkorting,,,4 stuks,,True,AHOO,,2026-08-04,2026-08-09,,True,AH,https://www.ah.nl/producten/product/wi601112,2026-08-04,Always Maandverband Long Wings 4-pack,drogisterij
610191,0,Demak'Up Expert ronde wattenschijfjes 6-pack,Demak'Up,drogisterij,Drogisterij,Watten & wattenstaafjes,12.43,15.54,20.0,20% volume voordeel,,,6 stuks,,True,AHOO,20% volume voordeel,2026-08-04,2999-12-31,,True,AH,https://www.ah.nl/producten/product/wi610191,2026-08-04,Demak'Up Expert ronde wattenschijfjes 6-pack,drogisterij
67626,87187,Gillette Series gevoelige huid scheerschuim,Gillette,drogisterij,Drogisterij,Scheerschuim en scheergel,4.09,4.09,,,,,250 ml,prijs per liter €16.36,False,,,,,,True,AH,https://www.ah.nl/producten/product/wi67626,2026-08-04,Gillette Series gevoelige huid scheerschuim,drogisterij
586593,0,Gillette Series gevoelige huid scheerschuim 4-pck,Gillette,drogisterij,Drogisterij,Scheerschuim en scheergel,9.82,16.36,40.0,40% volume voordeel,,,4 stuks,,True,AHOO,40% volume voordeel,2026-08-04,2999-12-31,,True,AH,https://www.ah.nl/producten/product/wi586593,2026-08-04,Gillette Series gevoelige huid scheerschuim 4-pck,drogisterij
608781,0,Rexona Men cobalt dry anti-transpirant 2-pack,Rexona,drogisterij,Drogisterij,Deospray mannen,6.29,12.58,50.0,pakketkorting,,,2 stuks,,True,AHOO,,2026-08-04,2026-08-09,,True,AH,https://www.ah.nl/producten/product/wi608781,2026-08-04,Rexona Men cobalt dry anti-transpirant 2-pack,drogisterij
608782,0,Rexona Men cobalt dry anti-transpirant 4-pack,Rexona,drogisterij,Drogisterij,Deospray mannen,12.58,25.16,50.0,pakketkorting,,,4 stuks,,True,AHOO,,2026-08-04,2026-08-09,,True,AH,https://www.ah.nl/producten/product/wi608782,2026-08-04,Rexona Men cobalt dry anti-transpirant 4-pack,drogisterij
623005,0,Always Ultra day normal maandverband 6-pack,Always,drogisterij,Drogisterij,Maandverband,11.56,17.34,33.3,pakketkorting,,,6 stuks,,True,AHOO,,2026-08-04,2026-08-09,,True,AH,https://www.ah.nl/producten/product/wi623005,2026-08-04,Always Ultra day normal maandverband 6-pack,drogisterij
564844,2600,Oral-B 3D white express whitening tandpasta,Oral-B,drogisterij,Drogisterij,Tandpasta witte tanden,5.49,5.49,,1 + 1 gratis,,1.0,75 ml,normale prijs per liter €73.20,True,AH,1 + 1 gratis,2026-08-03,2026-08-09,,True,AH,https://www.ah.nl/producten/product/wi564844,2026-08-04,Oral-B 3D white express whitening tandpasta,drogisterij
190220,792943,NIVEA Men sport fresh effect shower gel,NIVEA,drogisterij,Drogisterij,Douchegel voor mannen,5.69,5.69,,,,,250 ml,prijs per liter €22.76,False,,,,,,True,AH,https://www.ah.nl/producten/product/wi190220,2026-08-04,NIVEA Men sport fresh effect shower gel,drogisterij
387798,845225,Tena Lights sensitive long inlegkruisjes,Tena,drogisterij,Drogisterij,Incontinentie inlegkruisjes,3.89,3.89,,,,,20 stuks,,False,,,,,,True,AH,https://www.ah.nl/producten/product/wi387798,2026-08-04,Tena Lights sensitive long inlegkruisjes,drogisterij
605869,0,Oral-B 3D white express whitening 4-pack,Oral-B,drogisterij,Drogisterij,Tandpasta witte tanden,10.98,21.96,50.0,pakketkorting,,,4 stuks,,True,AHOO,,2026-08-04,2026-08-09,,True,AH,https://www.ah.nl/producten/product/wi605869,2026-08-04,Oral-B 3D white express whitening 4-pack,drogisterij
612046,0,Sensodyne Repair & protect tandpasta 2-pack,Sensodyne,drogisterij,Drogisterij,Tandpasta gevoelige tanden,14.38,15.98,10.0,10% volume voordeel,,,2 stuks,,True,AHOO,10% volume voordeel,2026-08-04,2999-12-31,,True,AH,https://www.ah.nl/producten/product/wi612046,2026-08-04,Sensodyne Repair & protect tandpasta 2-pack,drogisterij
608783,0,Rexona Men cobalt dry anti-transpirant 6-pack,Rexona,drogisterij,Drogisterij,Deospray mannen,18.87,37.74,50.0,pakketkorting,,,6 stuks,,True,AHOO,,2026-08-04,2026-08-09,,True,AH,https://www.ah.nl/producten/product/wi608783,2026-08-04,Rexona Men cobalt dry anti-transpirant 6-pack,drogisterij
612047,0,Sensodyne Repair & protect tandpasta 4-pack,Sensodyne,drogisterij,Drogisterij,Tandpasta gevoelige tanden,27.17,31.96,15.0,15% volume voordeel,,,4 stuks,,True,AHOO,15% volume voordeel,2026-08-04,2999-12-31,,True,AH,https://www.ah.nl/producten/product/wi612047,2026-08-04,Sensodyne Repair & protect tandpasta 4-pack,drogisterij
622921,0,Oral-B 3D white express whitening tandpasta 2pk,Oral-B,drogisterij,Drogisterij,Tandpasta witte tanden,5.49,10.98,50.0,pakketkorting,,,2 stuks,,True,AHOO,,2026-08-04,2026-08-09,,True,AH,https://www.ah.nl/producten/product/wi622921,2026-08-04,Oral-B 3D white express whitening tandpasta 2pk,drogisterij
622988,0,Always Dailies norml fresh scent inlegkruis 6pk,Always,drogisterij,Drogisterij,Inlegkruisjes,11.96,17.94,33.3,pakketkorting,,,6 stuks,,True,AHOO,,2026-08-04,2026-08-09,,True,AH,https://www.ah.nl/producten/product/wi622988,2026-08-04,Always Dailies norml fresh scent inlegkruis 6pk,drogisterij
600494,51920,Care Cherry blossom hand soap refill,Care,drogisterij,Drogisterij,Vloeibare zeep,2.99,2.99,,,,,"0,5 l",prijs per liter €5.98,False,,,,,,True,AH,https://www.ah.nl/producten/product/wi600494,2026-08-04,Care Cherry blossom hand soap refill,drogisterij
611116,0,NIVEA Men sport fresh effect shower gel 2-pack,NIVEA,drogisterij,Drogisterij,Douchegel voor mannen,9.67,11.38,15.0,15% volume voordeel,,,2 stuks,,True,AHOO,15% volume voordeel,2026-08-04,2999-12-31,,True,AH,https://www.ah.nl/producten/product/wi611116,2026-08-04,NIVEA Men sport fresh effect shower gel 2-pack,drogisterij
622922,0,Oral-B 3D white express whitening tandpasta 6pk,Oral-B,drogisterij,Drogisterij,Tandpasta witte tanden,16.47,32.94,50.0,pakketkorting,,,6 stuks,,True,AHOO,,2026-08-04,2026-08-09,,True,AH,https://www.ah.nl/producten/product/wi622922,2026-08-04,Oral-B 3D white express whitening tandpasta 6pk,drogisterij
174312,110734339,Etos Dames wegwerpmesjes 4-blads,Etos,drogisterij,Drogisterij,Scheermesjes - vrouwen,2.99,2.99,,2 + 1 gratis,,2.0,4 stuks,,True,ETOO,2 + 1 gratis,2026-07-27,2026-08-09,,True,ETOS,https://www.ah.nl/producten/product/wi174312,2026-08-04,Etos Dames wegwerpmesjes 4-blads,drogisterij
209136,805266,Always Dailies normal inlegkruisjes,Always,drogisterij,Drogisterij,Inlegkruisjes,2.99,2.99,,2 + 1 gratis,,2.0,30 stuks,,True,AH,2 + 1 gratis,2026-08-03,2026-08-09,,True,AH,https://www.ah.nl/producten/product/wi209136,2026-08-04,Always Dailies normal inlegkruisjes,drogisterij
224832,818323,Axe Africa deodorant bodyspray,Axe,drogisterij,Drogisterij,Deospray mannen,7.49,7.49,,1 + 1 gratis,,1.0,150 ml,normale prijs per liter €49.93,True,AH,1 + 1 gratis,2026-08-03,2026-08-09,,True,AH,https://www.ah.nl/producten/product/wi224832,2026-08-04,Axe Africa deodorant bodyspray,drogisterij
49503,89782,Libresse Ultra regular maandverband,Libresse,drogisterij,Drogisterij,Maandverband,2.89,2.89,,,,,16 stuks,,False,,,,,,True,AH,https://www.ah.nl/producten/product/wi49503,2026-08-04,Libresse Ultra regular maandverband,drogisterij
553091,746306,Sanex Expert skin health sensitive douchegel,Sanex,drogisterij,Drogisterij,Douchegel alle huidtypes,6.49,6.49,,,,,400 ml,prijs per liter €16.23,False,,,,,,True,AH,https://www.ah.nl/producten/product/wi553091,2026-08-04,Sanex Expert skin health sensitive douchegel,drogisterij
595299,0,NIVEA Men sport fresh effect shower gel 4-pack,NIVEA,drogisterij,Drogisterij,Douchegel voor mannen,15.93,22.76,30.0,30% volume voordeel,,,4 stuks,,True,AHOO,30% volume voordeel,2026-08-04,2999-12-31,,True,AH,https://www.ah.nl/producten/product/wi595299,2026-08-04,NIVEA Men sport fresh effect shower gel 4-pack,drogisterij
56062,610671,NIVEA Shower oil,NIVEA,drogisterij,Drogisterij,Doucheolie,7.99,7.99,,,,,200 ml,prijs per liter €39.95,False,,,,,,True,AH,https://www.ah.nl/producten/product/wi56062,2026-08-04,NIVEA Shower oil,drogisterij
80635,767918,Always Ultra day normal wings maandverband,Always,drogisterij,Drogisterij,Maandverband,2.89,2.89,,2 + 1 gratis,,2.0,13 stuks,,True,AH,2 + 1 gratis,2026-08-03,2026-08-09,,True,AH,https://www.ah.nl/producten/product/wi80635,2026-08-04,Always Ultra day normal wings maandverband,drogisterij
611177,0,NIVEA Shower oil 2-pack,NIVEA,drogisterij,Drogisterij,Doucheolie,13.58,15.98,15.0,15% volume voordeel,,,2 stuks,,True,AHOO,15% volume voordeel,2026-08-04,2999-12-31,,True,AH,https://www.ah.nl/producten/product/wi611177,2026-08-04,NIVEA Shower oil 2-pack,drogisterij
612048,0,Sensodyne Repair & protect tandpasta 6-pack,Sensodyne,drogisterij,Drogisterij,Tandpasta gevoelige tanden,38.35,47.94,20.0,20% volume voordeel,,,6 stuks,,True,AHOO,20% volume voordeel,2026-08-04,2999-12-31,,True,AH,https://www.ah.nl/producten/product/wi612048,2026-08-04,Sensodyne Repair & protect tandpasta 6-pack,drogisterij
608567,0,Axe Africa deodorant bodyspray 2-pack,Axe,drogisterij,Drogisterij,Deospray mannen,7.49,14.98,50.0,pakketkorting,,,2 stuks,,True,AHOO,,2026-08-04,2026-08-09,,True,AH,https://www.ah.nl/producten/product/wi608567,2026-08-04,Axe Africa deodorant bodyspray 2-pack,drogisterij
608568,0,Axe Africa deodorant bodyspray 4-pack,Axe,drogisterij,Drogisterij,Deospray mannen,14.98,29.96,50.0,pakketkorting,,,4 stuks,,True,AHOO,,2026-08-04,2026-08-09,,True,AH,https://www.ah.nl/producten/product/wi608568,2026-08-04,Axe Africa deodorant bodyspray 4-pack,drogisterij
224836,818331,Dove Men+care extra fresh deodorant spray,Dove,drogisterij,Drogisterij,Deospray mannen,4.75,4.75,,1 + 1 gratis,,1.0,150 ml,normale prijs per liter €31.67,True,AH,1 + 1 gratis,2026-08-03,2026-08-09,,True,AH,https://www.ah.nl/producten/product/wi224836,2026-08-04,Dove Men+care extra fresh deodorant spray,drogisterij
611117,0,NIVEA Men sport fresh effect shower gel 6-pack,NIVEA,drogisterij,Drogisterij,Douchegel voor mannen,20.48,34.14,40.0,40% volume voordeel,,,6 stuks,,True,AHOO,40% volume voordeel,2026-08-04,2999-12-31,,True,AH,https://www.ah.nl/producten/product/wi611117,2026-08-04,NIVEA Men sport fresh effect shower gel 6-pack,drogisterij
623002,0,Always Ultra day long wings maandverband 2-pack,Always,drogisterij,Drogisterij,Maandverband,4.91,5.78,15.0,15% volume voordeel,,,2 stuks,,True,AH,15% volume voordeel,,,,True,AH,https://www.ah.nl/producten/product/wi623002,2026-08-04,Always Ultra day long wings maandverband 2-pack,drogisterij
185074,780960,Dove Men+care invisible dry deodorant spray,Dove,drogisterij,Drogisterij,Deospray mannen,6.69,6.69,,1 + 1 gratis,,1.0,150 ml,normale prijs per liter €44.60,True,AH,1 + 1 gratis,2026-08-03,2026-08-09,,True,AH,https://www.ah.nl/producten/product/wi185074,2026-08-04,Dove Men+care invisible dry deodorant spray,drogisterij
191413,793767,Rexona Maxpro confidence stick,Rexona,drogisterij,Drogisterij,Deostick vrouwen,9.99,9.99,,1 + 1 gratis,,1.0,45 ml,normale prijs per liter €222.00,True,AH,1 + 1 gratis,2026-08-03,2026-08-09,,True,AH,https://www.ah.nl/producten/product/wi191413,2026-08-04,Rexona Maxpro confidence stick,drogisterij
569560,0,Rexona Maxpro confidence stick 2-pack,Rexona,drogisterij,Drogisterij,Deostick vrouwen,9.99,19.98,50.0,pakketkorting,,,2 stuks,,True,AHOO,,2026-08-04,2026-08-09,,True,AH,https://www.ah.nl/producten/product/wi569560,2026-08-04,Rexona Maxpro confidence stick 2-pack,drogisterij
575961,17248,Oral-B Pro junior tandpasta 6-12 jaar,Oral-B,drogisterij,Drogisterij,Kindertandpasta,3.49,3.49,,1 + 1 gratis,,1.0,75 ml,normale prijs per liter €46.53,True,AH,1 + 1 gratis,2026-08-03,2026-08-09,,True,AH,https://www.ah.nl/producten/product/wi575961,2026-08-04,Oral-B Pro junior tandpasta 6-12 jaar,drogisterij
605874,0,Oral-B B Pro junior tandpasta 6-12 jaar 4-pack,Oral-B,drogisterij,Drogisterij,Kindertandpasta,6.98,13.96,50.0,pakketkorting,,,4 stuks,,True,AHOO,,2026-08-04,2026-08-09,,True,AH,https://www.ah.nl/producten/product/wi605874,2026-08-04,Oral-B B Pro junior tandpasta 6-12 jaar 4-pack,drogisterij
608653,0,Dove Men+care invisible dry deodorant 2-pack,Dove,drogisterij,Drogisterij,Deospray mannen,6.69,13.38,50.0,pakketkorting,,,2 stuks,,True,AHOO,,2026-08-04,2026-08-09,,True,AH,https://www.ah.nl/producten/product/wi608653,2026-08-04,Dove Men+care invisible dry deodorant 2-pack,drogisterij
625574,0,Rexona Maxpro confidence stick 4-pack,Rexona,drogisterij,Drogisterij,Deostick vrouwen,19.98,39.96,50.0,pakketkorting,,,4 stuks,,True,AHOO,,2026-08-04,2026-08-09,,True,AH,https://www.ah.nl/producten/product/wi625574,2026-08-04,Rexona Maxpro confidence stick 4-pack,drogisterij
625575,0,Rexona Maxpro confidence stick 6-pack,Rexona,drogisterij,Drogisterij,Deostick vrouwen,29.97,59.94,50.0,pakketkorting,,,6 stuks,,True,AHOO,,2026-08-04,2026-08-09,,True,AH,https://www.ah.nl/producten/product/wi625575,2026-08-04,Rexona Maxpro confidence stick 6-pack,drogisterij
600488,51907,Care Sensitive shaving gel,Care,drogisterij,Drogisterij,Scheerschuim en scheergel,1.39,1.39,,,,,200 ml,prijs per liter €6.95,False,,,,,,True,AH,https://www.ah.nl/producten/product/wi600488,2026-08-04,Care Sensitive shaving gel,drogisterij
601100,0,Always Dailies Fresh Normal 0% 4-pack,Always,drogisterij,Drogisterij,Inlegkruisjes,8.97,11.96,25.0,pakketkorting,,,4 stuks,,True,AHOO,,2026-08-04,2026-08-09,,True,AH,https://www.ah.nl/producten/product/wi601100,2026-08-04,Always Dailies Fresh Normal 0% 4-pack,drogisterij
608569,0,Axe Africa deodorant bodyspray 6-pack,Axe,drogisterij,Drogisterij,Deospray mannen,22.47,44.94,50.0,pakketkorting,,,6 stuks,,True,AHOO,,2026-08-04,2026-08-09,,True,AH,https://www.ah.nl/producten/product/wi608569,2026-08-04,Axe Africa deodorant bodyspray 6-pack,drogisterij
611178,0,NIVEA Shower oil 4-pack,NIVEA,drogisterij,Drogisterij,Doucheolie,22.37,31.96,30.0,30% volume voordeel,,,4 stuks,,True,AHOO,30% volume voordeel,2026-08-04,2999-12-31,,True,AH,https://www.ah.nl/producten/product/wi611178,2026-08-04,NIVEA Shower oil 4-pack,drogisterij
611179,0,NIVEA Shower oil 6-pack,NIVEA,drogisterij,Drogisterij,Doucheolie,28.76,47.94,40.0,40% volume voordeel,,,6 stuks,,True,AHOO,40% volume voordeel,2026-08-04,2999-12-31,,True,AH,https://www.ah.nl/producten/product/wi611179,2026-08-04,NIVEA Shower oil 6-pack,drogisterij
622292,0,Care Sensitive cleansing wipes 0% 2-pack,Care,drogisterij,Drogisterij,Gezichtsreiniging vrouwen,2.89,2.98,3.0,3% volume voordeel,,,2 stuks,,True,AHOO,3% volume voordeel,2026-08-04,2999-12-31,,True,AH,https://www.ah.nl/producten/product/wi622292,2026-08-04,Care Sensitive cleansing wipes 0% 2-pack,drogisterij
595204,43833,Andrélon Kokos volume boost shampoo,Andrélon,drogisterij,Drogisterij,Volume shampoo en glans shampoo,6.45,6.45,,1 + 1 gratis,,1.0,250 ml,normale prijs per liter €25.80,True,AH,1 + 1 gratis,2026-08-03,2026-08-09,,True,AH,https://www.ah.nl/producten/product/wi595204,2026-08-04,Andrélon Kokos volume boost shampoo,drogisterij
608654,0,Dove Men+care invisible dry deodorant 4-pack,Dove,drogisterij,Drogisterij,Deospray mannen,13.38,26.76,50.0,pakketkorting,,,4 stuks,,True,AHOO,,2026-08-04,2026-08-09,,True,AH,https://www.ah.nl/producten/product/wi608654,2026-08-04,Dove Men+care invisible dry deodorant 4-pack,drogisterij
608655,0,Dove Men+care invisible dry deodorant 6-pack,Dove,drogisterij,Drogisterij,Deospray mannen,20.07,40.14,50.0,pakketkorting,,,6 stuks,,True,AHOO,,2026-08-04,2026-08-09,,True,AH,https://www.ah.nl/producten/product/wi608655,2026-08-04,Dove Men+care invisible dry deodorant 6-pack,drogisterij
610500,0,Tena Lights sensitive long inlegkruisjes 2pck,Tena,drogisterij,Drogisterij,Incontinentie inlegkruisjes,7.39,7.78,5.0,5% volume voordeel,,,2 stuks,,True,AHOO,5% volume voordeel,2026-08-04,2999-12-31,,True,AH,https://www.ah.nl/producten/product/wi610500,2026-08-04,Tena Lights sensitive long inlegkruisjes 2pck,drogisterij
624782,0,Andrélon Kokos volume boost shampoo 2-pack,Andrélon,drogisterij,Drogisterij,Volume shampoo en glans shampoo,6.45,12.9,50.0,pakketkorting,,,2 stuks,,True,AHOO,,2026-08-04,2026-08-09,,True,AH,https://www.ah.nl/producten/product/wi624782,2026-08-04,Andrélon Kokos volume boost shampoo 2-pack,drogisterij
624783,0,Andrélon Kokos volume boost shampoo 4-pack,Andrélon,drogisterij,Drogisterij,Volume shampoo en glans shampoo,12.9,25.8,50.0,pakketkorting,,,4 stuks,,True,AHOO,,2026-08-04,2026-08-09,,True,AH,https://www.ah.nl/producten/product/wi624783,2026-08-04,Andrélon Kokos volume boost shampoo 4-pack,drogisterij
624784,0,Andrélon Kokos volume boost shampoo 6-pack,Andrélon,drogisterij,Drogisterij,Volume shampoo en glans shampoo,19.35,38.7,50.0,pakketkorting,,,6 stuks,,True,AHOO,,2026-08-04,2026-08-09,,True,AH,https://www.ah.nl/producten/product/wi624784,2026-08-04,Andrélon Kokos volume boost shampoo 6-pack,drogisterij
188625,789631,L'Oréal Paris Elvive Color-vive conditioner,L'Oréal Paris Elvive,drogisterij,Drogisterij,Conditioner,7.59,7.59,,,,,200 ml,prijs per liter €37.95,False,,,,,,True,AH,https://www.ah.nl/producten/product/wi188625,2026-08-04,L'Oréal Paris Elvive Color-vive conditioner,drogisterij
214397,809688,Sensodyne Gentle whitening tandpasta,Sensodyne,drogisterij,Drogisterij,Tandpasta witte tanden,5.99,5.99,,,,,75 ml,prijs per liter €79.87,False,,,,,,True,AH,https://www.ah.nl/producten/product/wi214397,2026-08-04,Sensodyne Gentle whitening tandpasta,drogisterij
374638,852276,Tena Discreet protect maxi night maandverband,Tena,drogisterij,Drogisterij,Incontinentieverband,4.89,4.89,,,,,6 stuks,,False,,,,,,True,AH,https://www.ah.nl/producten/product/wi374638,2026-08-04,Tena Discreet protect maxi night maandverband,drogisterij
600487,51906,Care Shaving gel,Care,drogisterij,Drogisterij,Scheerschuim en scheergel,1.39,1.39,,,,,200 ml,prijs per liter €6.95,False,,,,,,True,AH,https://www.ah.nl/producten/product/wi600487,2026-08-04,Care Shaving gel,drogisterij
601115,0,Always Maandverband Normal Wings 4-pak,Always,drogisterij,Drogisterij,Maandverband,8.67,11.56,25.0,pakketkorting,,,4 stuks,,True,AHOO,,2026-08-04,2026-08-09,,True,AH,https://www.ah.nl/producten/product/wi601115,2026-08-04,Always Maandverband Normal Wings 4-pak,drogisterij
612405,0,L'Oréal Paris Elvive Color-vive conditioner 2-pack,L'Oréal Paris Elvive,drogisterij,Drogisterij,Conditioner,12.9,15.18,15.0,15% volume voordeel,,,2 stuks,,True,AHOO,15% volume voordeel,2026-08-04,2999-12-31,,True,AH,https://www.ah.nl/producten/product/wi612405,2026-08-04,L'Oréal Paris Elvive Color-vive conditioner 2-pack,drogisterij
610501,0,Tena Lights sensitive long inlegkruisjes 4pck,Tena,drogisterij,Drogisterij,Incontinentie inlegkruisjes,13.23,15.56,15.0,15% volume voordeel,,,4 stuks,,True,AHOO,15% volume voordeel,2026-08-04,2999-12-31,,True,AH,https://www.ah.nl/producten/product/wi610501,2026-08-04,Tena Lights sensitive long inlegkruisjes 4pck,drogisterij
622923,0,Oral-B Pro junior tandpasta 6-12 jaar 2-pack,Oral-B,drogisterij,Drogisterij,Kindertandpasta,3.49,6.98,50.0,pakketkorting,,,2 stuks,,True,AHOO,,2026-08-04,2026-08-09,,True,AH,https://www.ah.nl/producten/product/wi622923,2026-08-04,Oral-B Pro junior tandpasta 6-12 jaar 2-pack,drogisterij
622924,0,Oral-B Pro junior tandpasta 6-12 jaar 6-pack,Oral-B,drogisterij,Drogisterij,Kindertandpasta,10.47,20.94,50.0,pakketkorting,,,6 stuks,,True,AHOO,,2026-08-04,2026-08-09,,True,AH,https://www.ah.nl/producten/product/wi622924,2026-08-04,Oral-B Pro junior tandpasta 6-12 jaar 6-pack,drogisterij
623003,0,Always Ultra day long wings maandverband 6-pack,Always,drogisterij,Drogisterij,Maandverband,11.56,17.34,33.3,pakketkorting,,,6 stuks,,True,AHOO,,2026-08-04,2026-08-09,,True,AH,https://www.ah.nl/producten/product/wi623003,2026-08-04,Always Ultra day long wings maandverband 6-pack,drogisterij
473805,725985,Zendium Classic,Zendium,drogisterij,Drogisterij,Tandpasta witte tanden,4.99,4.99,,1 + 1 gratis,,1.0,75 ml,normale prijs per liter €66.53,True,AH,1 + 1 gratis,2026-08-03,2026-08-09,,True,AH,https://www.ah.nl/producten/product/wi473805,2026-08-04,Zendium Classic,drogisterij
612406,0,L'Oréal Paris Elvive Color-vive conditioner 4-pack,L'Oréal Paris Elvive,drogisterij,Drogisterij,Conditioner,22.77,30.36,25.0,25% volume voordeel,,,4 stuks,,True,AHOO,25% volume voordeel,2026-08-04,2999-12-31,,True,AH,https://www.ah.nl/producten/product/wi612406,2026-08-04,L'Oréal Paris Elvive Color-vive conditioner 4-pack,drogisterij
612407,0,L'Oréal Paris Elvive Color-vive conditioner 6-pack,L'Oréal Paris Elvive,drogisterij,Drogisterij,Conditioner,27.32,45.54,40.0,40% volume voordeel,,,6 stuks,,True,AHOO,40% volume voordeel,2026-08-04,2999-12-31,,True,AH,https://www.ah.nl/producten/product/wi612407,2026-08-04,L'Oréal Paris Elvive Color-vive conditioner 6-pack,drogisterij
610502,0,Tena Lights sensitive long inlegkruisjes 6pck,Tena,drogisterij,Drogisterij,Incontinentie inlegkruisjes,17.5,23.34,25.0,25% volume voordeel,,,6 stuks,,True,AHOO,25% volume voordeel,2026-08-04,2999-12-31,,True,AH,https://www.ah.nl/producten/product/wi610502,2026-08-04,Tena Lights sensitive long inlegkruisjes 6pck,drogisterij
611717,68057,o.b. Pro Comfort Advanced Normal 32,o.b.,drogisterij,Drogisterij,Tampons,5.99,5.99,,,,,32 stuks,,False,,,,,,True,AH,https://www.ah.nl/producten/product/wi611717,2026-08-04,o.b. Pro Comfort Advanced Normal 32,drogisterij
625622,0,Zendium Classic 4-pack,Zendium,drogisterij,Drogisterij,Tandpasta witte tanden,9.98,19.96,50.0,pakketkorting,,,4 stuks,,True,AHOO,,2026-08-04,2026-08-09,,True,AH,https://www.ah.nl/producten/product/wi625622,2026-08-04,Zendium Classic 4-pack,drogisterij
600503,51932,Care Nail polish remover zonder aceton,Care,drogisterij,Drogisterij,Nagelverzorging,1.29,1.29,,,,,150 ml,prijs per liter €8.60,False,,,,,,True,AH,https://www.ah.nl/producten/product/wi600503,2026-08-04,Care Nail polish remover zonder aceton,drogisterij
608650,0,Dove Men+care extra fresh deodorant 2-pack,Dove,drogisterij,Drogisterij,Deospray mannen,4.75,9.5,50.0,pakketkorting,,,2 stuks,,True,AHOO,,2026-08-04,2026-08-09,,True,AH,https://www.ah.nl/producten/product/wi608650,2026-08-04,Dove Men+care extra fresh deodorant 2-pack,drogisterij
608651,0,Dove Men+care extra fresh deodorant 4-pack,Dove,drogisterij,Drogisterij,Deospray mannen,9.5,19.0,50.0,pakketkorting,,,4 stuks,,True,AHOO,,2026-08-04,2026-08-09,,True,AH,https://www.ah.nl/producten/product/wi608651,2026-08-04,Dove Men+care extra fresh deodorant 4-pack,drogisterij
150881,622390,Dove Original anti-transpirant roller,Dove,drogisterij,Drogisterij,Deoroller vrouwen,5.79,5.79,,1 + 1 gratis,,1.0,50 ml,normale prijs per liter €115.80,True,AH,1 + 1 gratis,2026-08-03,2026-08-09,,True,AH,https://www.ah.nl/producten/product/wi150881,2026-08-04,Dove Original anti-transpirant roller,drogisterij
595226,43858,Andrélon Levendig lang conditioner,Andrélon,drogisterij,Drogisterij,Conditioner,6.89,6.89,,1 + 1 gratis,,1.0,200 ml,normale prijs per liter €34.45,True,AH,1 + 1 gratis,2026-08-03,2026-08-09,,True,AH,https://www.ah.nl/producten/product/wi595226,2026-08-04,Andrélon Levendig lang conditioner,drogisterij
622985,0,Always Dailies normal inlegkruisjes 2-pack,Always,drogisterij,Drogisterij,Inlegkruisjes,5.08,5.98,15.0,15% volume voordeel,,,2 stuks,,True,AH,15% volume voordeel,,,,True,AH,https://www.ah.nl/producten/product/wi622985,2026-08-04,Always Dailies normal inlegkruisjes 2-pack,drogisterij
624791,0,Andrélon Levendig lang conditioner 2-pack,Andrélon,drogisterij,Drogisterij,Conditioner,6.89,13.78,50.0,pakketkorting,,,2 stuks,,True,AHOO,,2026-08-04,2026-08-09,,True,AH,https://www.ah.nl/producten/product/wi624791,2026-08-04,Andrélon Levendig lang conditioner 2-pack,drogisterij
624792,0,Andrélon Levendig lang conditioner 4-pack,Andrélon,drogisterij,Drogisterij,Conditioner,13.78,27.56,50.0,pakketkorting,,,4 stuks,,True,AHOO,,2026-08-04,2026-08-09,,True,AH,https://www.ah.nl/producten/product/wi624792,2026-08-04,Andrélon Levendig lang conditioner 4-pack,drogisterij
624793,0,Andrélon Levendig lang conditioner 6-pack,Andrélon,drogisterij,Drogisterij,Conditioner,20.67,41.34,50.0,pakketkorting,,,6 stuks,,True,AHOO,,2026-08-04,2026-08-09,,True,AH,https://www.ah.nl/producten/product/wi624793,2026-08-04,Andrélon Levendig lang conditioner 6-pack,drogisterij
625062,0,Dove Original anti-transpirant roller 2-pack,Dove,drogisterij,Drogisterij,Deoroller vrouwen,5.79,11.58,50.0,pakketkorting,,,2 stuks,,True,AHOO,,2026-08-04,2026-08-09,,True,AH,https://www.ah.nl/producten/product/wi625062,2026-08-04,Dove Original anti-transpirant roller 2-pack,drogisterij
625063,0,Dove Original anti-transpirant roller 4-pack,Dove,drogisterij,Drogisterij,Deoroller vrouwen,11.58,23.16,50.0,pakketkorting,,,4 stuks,,True,AHOO,,2026-08-04,2026-08-09,,True,AH,https://www.ah.nl/producten/product/wi625063,2026-08-04,Dove Original anti-transpirant roller 4-pack,drogisterij
625064,0,Dove Original anti-transpirant roller 6-pack,Dove,drogisterij,Drogisterij,Deoroller vrouwen,17.37,34.74,50.0,pakketkorting,,,6 stuks,,True,AHOO,,2026-08-04,2026-08-09,,True,AH,https://www.ah.nl/producten/product/wi625064,2026-08-04,Dove Original anti-transpirant roller 6-pack,drogisterij
625621,0,Zendium Classic 2-pack,Zendium,drogisterij,Drogisterij,Tandpasta witte tanden,4.99,9.98,50.0,pakketkorting,,,2 stuks,,True,AHOO,,2026-08-04,2026-08-09,,True,AH,https://www.ah.nl/producten/product/wi625621,2026-08-04,Zendium Classic 2-pack,drogisterij
233340,855643,NIVEA Double effect oogmake-up remover,NIVEA,drogisterij,Drogisterij,Oog make-up remover,8.19,8.19,,,,,125 ml,prijs per liter €65.52,False,,,,,,True,AH,https://www.ah.nl/producten/product/wi233340,2026-08-04,NIVEA Double effect oogmake-up remover,drogisterij
595192,43811,Andrélon 2in1 shampoo + conditioner,Andrélon,drogisterij,Drogisterij,2 in 1 shampoo,7.39,7.39,,1 + 1 gratis,,1.0,400 ml,normale prijs per liter €18.48,True,AH,1 + 1 gratis,2026-08-03,2026-08-09,,True,AH,https://www.ah.nl/producten/product/wi595192,2026-08-04,Andrélon 2in1 shampoo + conditioner,drogisterij
608543,0,Andrélon 2in1 shampoo + conditioner 2-pack,Andrélon,drogisterij,Drogisterij,2 in 1 shampoo,17.98,35.96,50.0,pakketkorting,,,2 stuks,,True,AHOO,,2026-08-04,2026-08-09,,True,AH,https://www.ah.nl/producten/product/wi608543,2026-08-04,Andrélon 2in1 shampoo + conditioner 2-pack,drogisterij
483240,561248,Oral-B Pro precision clean opzetborstels,Oral-B,drogisterij,Drogisterij,Opzetborstels,23.99,23.99,,,,,4 stuks,,False,,,,,,True,AH,https://www.ah.nl/producten/product/wi483240,2026-08-04,Oral-B Pro precision clean opzetborstels,drogisterij
623006,0,Always Ultra day normal wings maandverband 2pk,Always,drogisterij,Drogisterij,Maandverband,4.91,5.78,15.0,15% volume voordeel,,,2 stuks,,True,AH,15% volume voordeel,,,,True,AH,https://www.ah.nl/producten/product/wi623006,2026-08-04,Always Ultra day normal wings maandverband 2pk,drogisterij
625623,0,Zendium Classic 6-pack,Zendium,drogisterij,Drogisterij,Tandpasta witte tanden,14.97,29.94,50.0,pakketkorting,,,6 stuks,,True,AHOO,,2026-08-04,2026-08-09,,True,AH,https://www.ah.nl/producten/product/wi625623,2026-08-04,Zendium Classic 6-pack,drogisterij
549628,97261,Dettol Handzeep hypoallergenic sensitive,Dettol,drogisterij,Drogisterij,Vloeibare zeep,2.99,2.99,,,,,250 ml,prijs per liter €11.96,False,,,,,,True,AH,https://www.ah.nl/producten/product/wi549628,2026-08-04,Dettol Handzeep hypoallergenic sensitive,drogisterij
608544,0,Andrélon 2in1 shampoo + conditioner 4-pack,Andrélon,drogisterij,Drogisterij,2 in 1 shampoo,35.96,71.92,50.0,pakketkorting,,,4 stuks,,True,AHOO,,2026-08-04,2026-08-09,,True,AH,https://www.ah.nl/producten/product/wi608544,2026-08-04,Andrélon 2in1 shampoo + conditioner 4-pack,drogisterij
608545,0,Andrélon 2in1 shampoo + conditioner 6-pack,Andrélon,drogisterij,Drogisterij,2 in 1 shampoo,53.94,107.88,50.0,pakketkorting,,,6 stuks,,True,AHOO,,2026-08-04,2026-08-09,,True,AH,https://www.ah.nl/producten/product/wi608545,2026-08-04,Andrélon 2in1 shampoo + conditioner 6-pack,drogisterij
571252,12329,Dove Nourishing silk douchegel,Dove,drogisterij,Drogisterij,Douchegel alle huidtypes,9.79,9.79,,1 + 1 gratis,,1.0,400 ml,normale prijs per liter €24.48,True,AH,1 + 1 gratis,2026-08-03,2026-08-09,,True,AH,https://www.ah.nl/producten/product/wi571252,2026-08-04,Dove Nourishing silk douchegel,drogisterij
608659,0,Dove Nourishing silk douchegel 2-pack,Dove,drogisterij,Drogisterij,Douchegel alle huidtypes,15.78,31.56,50.0,pakketkorting,,,2 stuks,,True,AHOO,,2026-08-04,2026-08-09,,True,AH,https://www.ah.nl/producten/product/wi608659,2026-08-04,Dove Nourishing silk douchegel 2-pack,drogisterij
622293,0,Care Sensitive cleansing wipes 0% 3-pack,Care,drogisterij,Drogisterij,Gezichtsreiniging vrouwen,4.25,4.47,5.0,5% volume voordeel,,,3 stuks,,True,AHOO,5% volume voordeel,2026-08-04,2999-12-31,,True,AH,https://www.ah.nl/producten/product/wi622293,2026-08-04,Care Sensitive cleansing wipes 0% 3-pack,drogisterij
159476,625355,Libresse Dailies fresh regular inlegkruisjes,Libresse,drogisterij,Drogisterij,Inlegkruisjes,2.89,2.89,,,,,32 stuks,,False,,,,,,True,AH,https://www.ah.nl/producten/product/wi159476,2026-08-04,Libresse Dailies fresh regular inlegkruisjes,drogisterij
610955,0,NIVEA Double effect oogmake-up remover 2-pack,NIVEA,drogisterij,Drogisterij,Oog make-up remover,13.92,16.38,15.0,15% volume voordeel,,,2 stuks,,True,AHOO,15% volume voordeel,2026-08-04,2999-12-31,,True,AH,https://www.ah.nl/producten/product/wi610955,2026-08-04,NIVEA Double effect oogmake-up remover 2-pack,drogisterij
608660,0,Dove Nourishing silk douchegel 4-pack,Dove,drogisterij,Drogisterij,Douchegel alle huidtypes,31.56,63.12,50.0,pakketkorting,,,4 stuks,,True,AHOO,,2026-08-04,2026-08-09,,True,AH,https://www.ah.nl/producten/product/wi608660,2026-08-04,Dove Nourishing silk douchegel 4-pack,drogisterij
608661,0,Dove Nourishing silk douchegel 6-pack,Dove,drogisterij,Drogisterij,Douchegel alle huidtypes,47.34,94.68,50.0,pakketkorting,,,6 stuks,,True,AHOO,,2026-08-04,2026-08-09,,True,AH,https://www.ah.nl/producten/product/wi608661,2026-08-04,Dove Nourishing silk douchegel 6-pack,drogisterij
539289,42244,Always Organic cotton normal maandverband,Always,drogisterij,Drogisterij,Maandverband,3.09,3.09,,2 + 1 gratis,,2.0,11 stuks,,True,AH,2 + 1 gratis,2026-08-03,2026-08-09,,True,AH,https://www.ah.nl/producten/product/wi539289,2026-08-04,Always Organic cotton normal maandverband,drogisterij
384124,843177,Colgate Triple action medium tandenborstels,Colgate,drogisterij,Drogisterij,Medium en hard tandenborstel,1.74,3.49,50.0,50% korting,,,4 stuks,,True,AH,50% korting,2026-08-03,2026-08-09,,True,AH,https://www.ah.nl/producten/product/wi384124,2026-08-04,Colgate Triple action medium tandenborstels,drogisterij
571484,120754042,Etos Sensitive baby & kids lotion SPF 50+,Etos,drogisterij,Drogisterij,Zonnebrand baby en kind,9.49,9.49,,2e Halve Prijs,,2.0,200 ml,normale prijs per liter €47.45,True,ETOO,2e Halve Prijs,2026-07-27,2026-08-09,,True,ETOS,https://www.ah.nl/producten/product/wi571484,2026-08-04,Etos Sensitive baby & kids lotion SPF 50+,drogisterij
612016,0,Sensodyne Gentle whitening tandpasta 2-pack,Sensodyne,drogisterij,Drogisterij,Tandpasta witte tanden,10.78,11.98,10.0,10% volume voordeel,,,2 stuks,,True,AHOO,10% volume voordeel,2026-08-04,2999-12-31,,True,AH,https://www.ah.nl/producten/product/wi612016,2026-08-04,Sensodyne Gentle whitening tandpasta 2-pack,drogisterij
622986,0,Always Dailies normal inlegkruisjes 6-pack,Always,drogisterij,Drogisterij,Inlegkruisjes,11.96,17.94,33.3,pakketkorting,,,6 stuks,,True,AHOO,,2026-08-04,2026-08-09,,True,AH,https://www.ah.nl/producten/product/wi622986,2026-08-04,Always Dailies normal inlegkruisjes 6-pack,drogisterij
610957,0,NIVEA Double effect oogmake-up remover 4-pack,NIVEA,drogisterij,Drogisterij,Oog make-up remover,21.29,32.76,35.0,35% volume voordeel,,,4 stuks,,True,AHOO,35% volume voordeel,2026-08-04,2999-12-31,,True,AH,https://www.ah.nl/producten/product/wi610957,2026-08-04,NIVEA Double effect oogmake-up remover 4-pack,drogisterij
60518,771724,Rexona Ultra dry cotton anti-transpirant spray,Rexona,drogisterij,Drogisterij,Deospray vrouwen,6.29,6.29,,1 + 1 gratis,,1.0,150 ml,normale prijs per liter €41.93,True,AH,1 + 1 gratis,2026-08-03,2026-08-09,,True,AH,https://www.ah.nl/producten/product/wi60518,2026-08-04,Rexona Ultra dry cotton anti-transpirant spray,drogisterij
113549,768017,Jordan Dental sticks,Jordan,drogisterij,Drogisterij,Tandenstokers,1.74,3.49,50.0,50% korting,,,100 stuks,,True,AH,50% korting,2026-08-03,2026-08-09,,True,AH,https://www.ah.nl/producten/product/wi113549,2026-08-04,Jordan Dental sticks,drogisterij
123464,643492,Rexona Maxpro clean anti-transpirant stick,Rexona,drogisterij,Drogisterij,Deostick vrouwen,9.99,9.99,,1 + 1 gratis,,1.0,45 ml,normale prijs per liter €222.00,True,AH,1 + 1 gratis,2026-08-03,2026-08-09,,True,AH,https://www.ah.nl/producten/product/wi123464,2026-08-04,Rexona Maxpro clean anti-transpirant stick,drogisterij
608778,0,Rexona Maxpro clean anti-transp stick 2-pack,Rexona,drogisterij,Drogisterij,Deostick vrouwen,9.99,19.98,50.0,pakketkorting,,,2 stuks,,True,AHOO,,2026-08-04,2026-08-09,,True,AH,https://www.ah.nl/producten/product/wi608778,2026-08-04,Rexona Maxpro clean anti-transp stick 2-pack,drogisterij
608790,0,Rexona Ultra dry cotton anti-transpirant 2-pack,Rexona,drogisterij,Drogisterij,Deospray vrouwen,6.29,12.58,50.0,pakketkorting,,,2 stuks,,True,AHOO,,2026-08-04,2026-08-09,,True,AH,https://www.ah.nl/producten/product/wi608790,2026-08-04,Rexona Ultra dry cotton anti-transpirant 2-pack,drogisterij
623007,0,Always Ultra day normal wings maandverband 6pk,Always,drogisterij,Drogisterij,Maandverband,11.56,17.34,33.3,pakketkorting,,,6 stuks,,True,AHOO,,2026-08-04,2026-08-09,,True,AH,https://www.ah.nl/producten/product/wi623007,2026-08-04,Always Ultra day normal wings maandverband 6pk,drogisterij
601107,0,Always Maandverband Cotton Normal 4-pack,Always,drogisterij,Drogisterij,Maandverband,9.27,12.36,25.0,pakketkorting,,,4 stuks,,True,AHOO,,2026-08-04,2026-08-09,,True,AH,https://www.ah.nl/producten/product/wi601107,2026-08-04,Always Maandverband Cotton Normal 4-pack,drogisterij
177758,644720,Unicura Balans anti bacterieel handzeep navul,Unicura,drogisterij,Drogisterij,Vloeibare zeep,2.99,2.99,,,,,250 ml,prijs per liter €11.96,False,,,,,,True,AH,https://www.ah.nl/producten/product/wi177758,2026-08-04,Unicura Balans anti bacterieel handzeep navul,drogisterij
209090,804071,Always Daily protect long inlegkruisjes,Always,drogisterij,Drogisterij,Inlegkruisjes,2.99,2.99,,2 + 1 gratis,,2.0,26 stuks,,True,AH,2 + 1 gratis,2026-08-03,2026-08-09,,True,AH,https://www.ah.nl/producten/product/wi209090,2026-08-04,Always Daily protect long inlegkruisjes,drogisterij
194855,795972,Steradent Kunstgebit reiniger triple action plus,Steradent,drogisterij,Drogisterij,Gebitsreiniging tabletten en tongschrapers,2.59,2.59,,,,,30 stuks,,False,,,,,,True,AH,https://www.ah.nl/producten/product/wi194855,2026-08-04,Steradent Kunstgebit reiniger triple action plus,drogisterij
460888,713507,Loving Blends Honinggoud conditioner,Loving Blends,drogisterij,Drogisterij,Conditioner,6.19,6.19,,,,,250 ml,prijs per liter €24.76,False,,,,,,True,AH,https://www.ah.nl/producten/product/wi460888,2026-08-04,Loving Blends Honinggoud conditioner,drogisterij
610956,0,NIVEA Double effect oogmake-up remover 3-pack,NIVEA,drogisterij,Drogisterij,Oog make-up remover,18.43,24.57,25.0,25% volume voordeel,,,3 stuks,,True,AHOO,25% volume voordeel,2026-08-04,2999-12-31,,True,AH,https://www.ah.nl/producten/product/wi610956,2026-08-04,NIVEA Double effect oogmake-up remover 3-pack,drogisterij
612463,0,Loving Blends Honinggoud conditioner 2-pack,Loving Blends,drogisterij,Drogisterij,Conditioner,10.52,12.38,15.0,15% volume voordeel,,,2 stuks,,True,AHOO,15% volume voordeel,2026-08-04,2999-12-31,,True,AH,https://www.ah.nl/producten/product/wi612463,2026-08-04,Loving Blends Honinggoud conditioner 2-pack,drogisterij
512055,721995,Marcel's Green Soap Handzeep lavender & rosemary navulling,Marcel's Green Soap,drogisterij,Drogisterij,Vloeibare zeep,5.29,5.29,,,,,500 ml,prijs per liter €10.58,False,,,,,,True,AH,https://www.ah.nl/producten/product/wi512055,2026-08-04,Marcel's Green Soap Handzeep lavender & rosemary navulling,drogisterij
608779,0,Rexona Maxpro clean anti-transp stick 4-pack,Rexona,drogisterij,Drogisterij,Deostick vrouwen,19.98,39.96,50.0,pakketkorting,,,4 stuks,,True,AHOO,,2026-08-04,2026-08-09,,True,AH,https://www.ah.nl/producten/product/wi608779,2026-08-04,Rexona Maxpro clean anti-transp stick 4-pack,drogisterij
608780,0,Rexona Maxpro clean anti-transp stick 6-pack,Rexona,drogisterij,Drogisterij,Deostick vrouwen,29.97,59.94,50.0,pakketkorting,,,6 stuks,,True,AHOO,,2026-08-04,2026-08-09,,True,AH,https://www.ah.nl/producten/product/wi608780,2026-08-04,Rexona Maxpro clean anti-transp stick 6-pack,drogisterij
608791,0,Rexona Ultra dry cotton anti-transpirant 4-pack,Rexona,drogisterij,Drogisterij,Deospray vrouwen,12.58,25.16,50.0,pakketkorting,,,4 stuks,,True,AHOO,,2026-08-04,2026-08-09,,True,AH,https://www.ah.nl/producten/product/wi608791,2026-08-04,Rexona Ultra dry cotton anti-transpirant 4-pack,drogisterij
608792,0,Rexona Ultra dry cotton anti-transpirant 6-pack,Rexona,drogisterij,Drogisterij,Deospray vrouwen,18.87,37.74,50.0,pakketkorting,,,6 stuks,,True,AHOO,,2026-08-04,2026-08-09,,True,AH,https://www.ah.nl/producten/product/wi608792,2026-08-04,Rexona Ultra dry cotton anti-transpirant 6-pack,drogisterij
623958,0,Marcel's Green Soap Handzeep lavender & rosemary n 3pack,Marcel's Green Soap,drogisterij,Drogisterij,Vloeibare zeep,11.9,15.87,25.0,25% volume voordeel,,,3 stuks,,True,AHOO,25% volume voordeel,2026-08-04,2999-12-31,,True,AH,https://www.ah.nl/producten/product/wi623958,2026-08-04,Marcel's Green Soap Handzeep lavender & rosemary n 3pack,drogisterij
121036,575294,NIVEA Men cool kick anti transpirant spray,NIVEA,drogisterij,Drogisterij,Deospray mannen,5.79,5.79,,,,,150 ml,prijs per liter €38.60,False,,,,,,True,AH,https://www.ah.nl/producten/product/wi121036,2026-08-04,NIVEA Men cool kick anti transpirant spray,drogisterij
512466,747163,L'Oréal Paris Elvive Hyaluron plump hydraterende shampoo,L'Oréal Paris Elvive,drogisterij,Drogisterij,Shampoo alle haartypes,7.59,7.59,,,,,250 ml,prijs per liter €30.36,False,,,,,,True,AH,https://www.ah.nl/producten/product/wi512466,2026-08-04,L'Oréal Paris Elvive Hyaluron plump hydraterende shampoo,drogisterij
612437,0,L'Oréal Paris Elvive Hyaluron plump hydraterende s 2-pack,L'Oréal Paris Elvive,drogisterij,Drogisterij,Shampoo alle haartypes,12.9,15.18,15.0,15% volume voordeel,,,2 stuks,,True,AHOO,15% volume voordeel,2026-08-04,2999-12-31,,True,AH,https://www.ah.nl/producten/product/wi612437,2026-08-04,L'Oréal Paris Elvive Hyaluron plump hydraterende s 2-pack,drogisterij
612464,0,Loving Blends Honinggoud conditioner 4-pack,Loving Blends,drogisterij,Drogisterij,Conditioner,18.57,24.76,25.0,25% volume voordeel,,,4 stuks,,True,AHOO,25% volume voordeel,2026-08-04,2999-12-31,,True,AH,https://www.ah.nl/producten/product/wi612464,2026-08-04,Loving Blends Honinggoud conditioner 4-pack,drogisterij
612465,0,Loving Blends Honinggoud conditioner 6-pack,Loving Blends,drogisterij,Drogisterij,Conditioner,22.28,37.14,40.0,40% volume voordeel,,,6 stuks,,True,AHOO,40% volume voordeel,2026-08-04,2999-12-31,,True,AH,https://www.ah.nl/producten/product/wi612465,2026-08-04,Loving Blends Honinggoud conditioner 6-pack,drogisterij
188630,789623,L'Oréal Paris Elvive Multivitamines 2in1 verzorgende shampoo,L'Oréal Paris Elvive,drogisterij,Drogisterij,2 in 1 shampoo,7.59,7.59,,,,,250 ml,prijs per liter €30.36,False,,,,,,True,AH,https://www.ah.nl/producten/product/wi188630,2026-08-04,L'Oréal Paris Elvive Multivitamines 2in1 verzorgende shampoo,drogisterij
612017,0,Sensodyne Gentle whitening tandpasta 4-pack,Sensodyne,drogisterij,Drogisterij,Tandpasta witte tanden,20.37,23.96,15.0,15% volume voordeel,,,4 stuks,,True,AHOO,15% volume voordeel,2026-08-04,2999-12-31,,True,AH,https://www.ah.nl/producten/product/wi612017,2026-08-04,Sensodyne Gentle whitening tandpasta 4-pack,drogisterij
614105,0,L'Oréal Paris Elvive Multivitamines 2in1 verzorgen 2-pack,L'Oréal Paris Elvive,drogisterij,Drogisterij,2 in 1 shampoo,12.9,15.18,15.0,15% volume voordeel,,,2 stuks,,True,AHOO,15% volume voordeel,2026-08-04,2999-12-31,,True,AH,https://www.ah.nl/producten/product/wi614105,2026-08-04,L'Oréal Paris Elvive Multivitamines 2in1 verzorgen 2-pack,drogisterij
216565,816239,Studio Line Invisi Fix gel super strong,Studio Line,drogisterij,Drogisterij,Gel,6.99,6.99,,,,,150 ml,prijs per liter €46.60,False,,,,,,True,AH,https://www.ah.nl/producten/product/wi216565,2026-08-04,Studio Line Invisi Fix gel super strong,drogisterij
612438,0,L'Oréal Paris Elvive Hyaluron plump hydraterende s 4-pack,L'Oréal Paris Elvive,drogisterij,Drogisterij,Shampoo alle haartypes,22.77,30.36,25.0,25% volume voordeel,,,4 stuks,,True,AHOO,25% volume voordeel,2026-08-04,2999-12-31,,True,AH,https://www.ah.nl/producten/product/wi612438,2026-08-04,L'Oréal Paris Elvive Hyaluron plump hydraterende s 4-pack,drogisterij
612439,0,L'Oréal Paris Elvive Hyaluron plump hydraterende s 6-pack,L'Oréal Paris Elvive,drogisterij,Drogisterij,Shampoo alle haartypes,27.32,45.54,40.0,40% volume voordeel,,,6 stuks,,True,AHOO,40% volume voordeel,2026-08-04,2999-12-31,,True,AH,https://www.ah.nl/producten/product/wi612439,2026-08-04,L'Oréal Paris Elvive Hyaluron plump hydraterende s 6-pack,drogisterij
91896,589139,Fa Pink passion deodorant spray,Fa,drogisterij,Drogisterij,Deospray vrouwen,4.49,4.49,,,,,150 ml,prijs per liter €29.93,False,,,,,,True,AH,https://www.ah.nl/producten/product/wi91896,2026-08-04,Fa Pink passion deodorant spray,drogisterij
601103,0,Always Dailies Protect Long 0% 4-pack,Always,drogisterij,Drogisterij,Inlegkruisjes,8.97,11.96,25.0,pakketkorting,,,4 stuks,,True,AHOO,,2026-08-04,2026-08-09,,True,AH,https://www.ah.nl/producten/product/wi601103,2026-08-04,Always Dailies Protect Long 0% 4-pack,drogisterij
612018,0,Sensodyne Gentle whitening tandpasta 6-pack,Sensodyne,drogisterij,Drogisterij,Tandpasta witte tanden,28.75,35.94,20.0,20% volume voordeel,,,6 stuks,,True,AHOO,20% volume voordeel,2026-08-04,2999-12-31,,True,AH,https://www.ah.nl/producten/product/wi612018,2026-08-04,Sensodyne Gentle whitening tandpasta 6-pack,drogisterij
611009,0,NIVEA Men cool kick anti transpirant spray 2pk,NIVEA,drogisterij,Drogisterij,Deospray mannen,9.84,11.58,15.0,15% volume voordeel,,,2 stuks,,True,AHOO,15% volume voordeel,2026-08-04,2999-12-31,,True,AH,https://www.ah.nl/producten/product/wi611009,2026-08-04,NIVEA Men cool kick anti transpirant spray 2pk,drogisterij
611010,0,NIVEA Men cool kick anti transpirant spray 4pk,NIVEA,drogisterij,Drogisterij,Deospray mannen,16.21,23.16,30.0,30% volume voordeel,,,4 stuks,,True,AHOO,30% volume voordeel,2026-08-04,2999-12-31,,True,AH,https://www.ah.nl/producten/product/wi611010,2026-08-04,NIVEA Men cool kick anti transpirant spray 4pk,drogisterij
610475,0,Tena Discreet protect max nght mndverband 6pk,Tena,drogisterij,Drogisterij,Incontinentieverband,22.0,29.34,25.0,25% volume voordeel,,,6 stuks,,True,AHOO,25% volume voordeel,2026-08-04,2999-12-31,,True,AH,https://www.ah.nl/producten/product/wi610475,2026-08-04,Tena Discreet protect max nght mndverband 6pk,drogisterij
614106,0,L'Oréal Paris Elvive Multivitamines 2in1 verzorgen 4-pack,L'Oréal Paris Elvive,drogisterij,Drogisterij,2 in 1 shampoo,22.77,30.36,25.0,25% volume voordeel,,,4 stuks,,True,AHOO,25% volume voordeel,2026-08-04,2999-12-31,,True,AH,https://www.ah.nl/producten/product/wi614106,2026-08-04,L'Oréal Paris Elvive Multivitamines 2in1 verzorgen 4-pack,drogisterij
614112,0,L'Oréal Paris Elvive Multivitamines 2in1 verzorgen 6-pack,L'Oréal Paris Elvive,drogisterij,Drogisterij,2 in 1 shampoo,27.32,45.54,40.0,40% volume voordeel,,,6 stuks,,True,AHOO,40% volume voordeel,2026-08-04,2999-12-31,,True,AH,https://www.ah.nl/producten/product/wi614112,2026-08-04,L'Oréal Paris Elvive Multivitamines 2in1 verzorgen 6-pack,drogisterij
212792,807541,Palmolive Hygiene-plus sensitive handzeep,Palmolive,drogisterij,Drogisterij,Vloeibare zeep,3.29,3.29,,,,,300 ml,prijs per liter €10.97,False,,,,,,True,AH,https://www.ah.nl/producten/product/wi212792,2026-08-04,Palmolive Hygiene-plus sensitive handzeep,drogisterij
565712,5152,NIVEA Men dry impact deodorant spray,NIVEA,drogisterij,Drogisterij,Deospray mannen,5.69,5.69,,,,,150 ml,prijs per liter €37.93,False,,,,,,True,AH,https://www.ah.nl/producten/product/wi565712,2026-08-04,NIVEA Men dry impact deodorant spray,drogisterij
612502,0,Studio Line Invisi Fix gel super strong 6-pack,Studio Line,drogisterij,Drogisterij,Gel,25.16,41.94,40.0,40% volume voordeel,,,6 stuks,,True,AHOO,40% volume voordeel,2026-08-04,2999-12-31,,True,AH,https://www.ah.nl/producten/product/wi612502,2026-08-04,Studio Line Invisi Fix gel super strong 6-pack,drogisterij
370878,835969,Sensodyne Proglasur daily protection tandpasta,Sensodyne,drogisterij,Drogisterij,Tandpasta gevoelige tanden,6.29,6.29,,,,,75 ml,prijs per liter €83.87,False,,,,,,True,AH,https://www.ah.nl/producten/product/wi370878,2026-08-04,Sensodyne Proglasur daily protection tandpasta,drogisterij
489045,743455,Libresse All fluid protection extra long,Libresse,drogisterij,Drogisterij,Inlegkruisjes,2.89,2.89,,,,,20 stuks,,False,,,,,,True,AH,https://www.ah.nl/producten/product/wi489045,2026-08-04,Libresse All fluid protection extra long,drogisterij
611011,0,NIVEA Men cool kick anti transpirant spray 6pk,NIVEA,drogisterij,Drogisterij,Deospray mannen,20.84,34.74,40.0,40% volume voordeel,,,6 stuks,,True,AHOO,40% volume voordeel,2026-08-04,2999-12-31,,True,AH,https://www.ah.nl/producten/product/wi611011,2026-08-04,NIVEA Men cool kick anti transpirant spray 6pk,drogisterij
612500,0,Studio Line Invisi Fix gel super strong 2-pack,Studio Line,drogisterij,Drogisterij,Gel,11.88,13.98,15.0,15% volume voordeel,,,2 stuks,,True,AHOO,15% volume voordeel,2026-08-04,2999-12-31,,True,AH,https://www.ah.nl/producten/product/wi612500,2026-08-04,Studio Line Invisi Fix gel super strong 2-pack,drogisterij
622931,0,Always Organic cotton normal maandverband 2-pck,Always,drogisterij,Drogisterij,Maandverband,5.25,6.18,15.0,15% volume voordeel,,,2 stuks,,True,AH,15% volume voordeel,,,,True,AH,https://www.ah.nl/producten/product/wi622931,2026-08-04,Always Organic cotton normal maandverband 2-pck,drogisterij
42587,54768,Fa Men sport deodorant spray,Fa,drogisterij,Drogisterij,Deospray mannen,4.19,4.19,,,,,150 ml,prijs per liter €27.93,False,,,,,,True,AH,https://www.ah.nl/producten/product/wi42587,2026-08-04,Fa Men sport deodorant spray,drogisterij
220346,69176,NIVEA Sensitive reinigingsdoekjes,NIVEA,drogisterij,Drogisterij,Gezichtsreiniging vrouwen,4.99,4.99,,,,,25 stuks,,False,,,,,,True,AH,https://www.ah.nl/producten/product/wi220346,2026-08-04,NIVEA Sensitive reinigingsdoekjes,drogisterij
485120,884392,Syoss Keratin shampoo,Syoss,drogisterij,Drogisterij,Shampoo alle haartypes,7.49,7.49,,,,,440 ml,prijs per liter €17.02,False,,,,,,True,AH,https://www.ah.nl/producten/product/wi485120,2026-08-04,Syoss Keratin shampoo,drogisterij
610473,0,Tena Discreet protect max nght mndverband 2pk,Tena,drogisterij,Drogisterij,Incontinentieverband,9.29,9.78,5.0,5% volume voordeel,,,2 stuks,,True,AHOO,5% volume voordeel,2026-08-04,2999-12-31,,True,AH,https://www.ah.nl/producten/product/wi610473,2026-08-04,Tena Discreet protect max nght mndverband 2pk,drogisterij
56118,511244,Dove Beauty cream bar,Dove,drogisterij,Drogisterij,Blok zeep,6.49,6.49,,1 + 1 gratis,,1.0,360 g,normale prijs per kg €18.03,True,AH,1 + 1 gratis,2026-08-03,2026-08-09,,True,AH,https://www.ah.nl/producten/product/wi56118,2026-08-04,Dove Beauty cream bar,drogisterij
192522,794303,Demak'Up Sensitive rond wattenschijfjes,Demak'Up,drogisterij,Drogisterij,Watten & wattenstaafjes,2.49,2.49,,,,,64 stuks,,False,,,,,,True,AH,https://www.ah.nl/producten/product/wi192522,2026-08-04,Demak'Up Sensitive rond wattenschijfjes,drogisterij
600136,51715,Care Care peach volume shampoo,Care,drogisterij,Drogisterij,Shampoo alle haartypes,0.69,0.69,,,,,"0,5 l",prijs per liter €1.38,False,,,,,,True,AH,https://www.ah.nl/producten/product/wi600136,2026-08-04,Care Care peach volume shampoo,drogisterij
625486,0,Dove Beauty cream bar 2-pack,Dove,drogisterij,Drogisterij,Blok zeep,6.49,12.98,50.0,pakketkorting,,,2 stuks,,True,AHOO,,2026-08-04,2026-08-09,,True,AH,https://www.ah.nl/producten/product/wi625486,2026-08-04,Dove Beauty cream bar 2-pack,drogisterij
67595,61557,Kotex Maandverband maxi nacht,Kotex,drogisterij,Drogisterij,Maandverband,1.89,1.89,,,,,10 stuks,,False,,,,,,True,AH,https://www.ah.nl/producten/product/wi67595,2026-08-04,Kotex Maandverband maxi nacht,drogisterij
218217,811111,AH Discreet incontinentieverband extra,AH,drogisterij,Drogisterij,Incontinentieverband,1.79,1.79,,,,,10 stuks,,False,,,,,,True,AH,https://www.ah.nl/producten/product/wi218217,2026-08-04,AH Discreet incontinentieverband extra,drogisterij
399873,688941,Elmex Sensitive professional repair & prevent,Elmex,drogisterij,Drogisterij,Tandpasta gevoelige tanden,7.69,7.69,,1 + 1 gratis,,1.0,75 ml,normale prijs per liter €102.53,True,AH,1 + 1 gratis,2026-08-03,2026-08-09,,True,AH,https://www.ah.nl/producten/product/wi399873,2026-08-04,Elmex Sensitive professional repair & prevent,drogisterij
610474,0,Tena Discreet protect max nght mndverband 4pk,Tena,drogisterij,Drogisterij,Incontinentieverband,16.63,19.56,15.0,15% volume voordeel,,,4 stuks,,True,AHOO,15% volume voordeel,2026-08-04,2999-12-31,,True,AH,https://www.ah.nl/producten/product/wi610474,2026-08-04,Tena Discreet protect max nght mndverband 4pk,drogisterij
406459,852356,Elmex Sensitive professional tandpasta,Elmex,drogisterij,Drogisterij,Tandpasta gevoelige tanden,7.49,7.49,,1 + 1 gratis,,1.0,75 ml,normale prijs per liter €99.87,True,AH,1 + 1 gratis,2026-08-03,2026-08-09,,True,AH,https://www.ah.nl/producten/product/wi406459,2026-08-04,Elmex Sensitive professional tandpasta,drogisterij
611056,0,NIVEA Men dry impact deodorant spray 6-pack,NIVEA,drogisterij,Drogisterij,Deospray mannen,20.48,34.14,40.0,40% volume voordeel,,,6 stuks,,True,AHOO,40% volume voordeel,2026-08-04,2999-12-31,,True,AH,https://www.ah.nl/producten/product/wi611056,2026-08-04,NIVEA Men dry impact deodorant spray 6-pack,drogisterij
612501,0,Studio Line Invisi Fix gel super strong 4-pack,Studio Line,drogisterij,Drogisterij,Gel,20.97,27.96,25.0,25% volume voordeel,,,4 stuks,,True,AHOO,25% volume voordeel,2026-08-04,2999-12-31,,True,AH,https://www.ah.nl/producten/product/wi612501,2026-08-04,Studio Line Invisi Fix gel super strong 4-pack,drogisterij
622932,0,Always Organic cotton normal maandverband 6-pck,Always,drogisterij,Drogisterij,Maandverband,12.36,18.54,33.3,pakketkorting,,,6 stuks,,True,AHOO,,2026-08-04,2026-08-09,,True,AH,https://www.ah.nl/producten/product/wi622932,2026-08-04,Always Organic cotton normal maandverband 6-pck,drogisterij
625487,0,Dove Beauty cream bar 4-pack,Dove,drogisterij,Drogisterij,Blok zeep,12.98,25.96,50.0,pakketkorting,,,4 stuks,,True,AHOO,,2026-08-04,2026-08-09,,True,AH,https://www.ah.nl/producten/product/wi625487,2026-08-04,Dove Beauty cream bar 4-pack,drogisterij
625488,0,Dove Beauty cream bar 6-pack,Dove,drogisterij,Drogisterij,Blok zeep,19.47,38.94,50.0,pakketkorting,,,6 stuks,,True,AHOO,,2026-08-04,2026-08-09,,True,AH,https://www.ah.nl/producten/product/wi625488,2026-08-04,Dove Beauty cream bar 6-pack,drogisterij
46198,95341,Care Tampons super,Care,drogisterij,Drogisterij,Tampons,1.59,1.59,,,,,32 stuks,,False,,,,,,True,AH,https://www.ah.nl/producten/product/wi46198,2026-08-04,Care Tampons super,drogisterij
512072,881037,Marcel's Green Soap Handzeep sandalwood & cardamom navulling,Marcel's Green Soap,drogisterij,Drogisterij,Vloeibare zeep,5.29,5.29,,,,,500 ml,prijs per liter €10.58,False,,,,,,True,AH,https://www.ah.nl/producten/product/wi512072,2026-08-04,Marcel's Green Soap Handzeep sandalwood & cardamom navulling,drogisterij
622998,0,Always Daily protect long inlegkruisjes 2-pack,Always,drogisterij,Drogisterij,Inlegkruisjes,5.08,5.98,15.0,15% volume voordeel,,,2 stuks,,True,AH,15% volume voordeel,,,,True,AH,https://www.ah.nl/producten/product/wi622998,2026-08-04,Always Daily protect long inlegkruisjes 2-pack,drogisterij
623960,0,Marcel's Green Soap Handzeep sandalwood & cardamom 3pack,Marcel's Green Soap,drogisterij,Drogisterij,Vloeibare zeep,11.9,15.87,25.0,25% volume voordeel,,,3 stuks,,True,AHOO,25% volume voordeel,2026-08-04,2999-12-31,,True,AH,https://www.ah.nl/producten/product/wi623960,2026-08-04,Marcel's Green Soap Handzeep sandalwood & cardamom 3pack,drogisterij
175066,771744,NIVEA Black & white original deodorant spray,NIVEA,drogisterij,Drogisterij,Deospray vrouwen,6.59,6.59,,,,,150 ml,prijs per liter €43.93,False,,,,,,True,AH,https://www.ah.nl/producten/product/wi175066,2026-08-04,NIVEA Black & white original deodorant spray,drogisterij
595296,0,NIVEA Men dry impact deodorant spray 4-pack,NIVEA,drogisterij,Drogisterij,Deospray mannen,15.93,22.76,30.0,30% volume voordeel,,,4 stuks,,True,AHOO,30% volume voordeel,2026-08-04,2999-12-31,,True,AH,https://www.ah.nl/producten/product/wi595296,2026-08-04,NIVEA Men dry impact deodorant spray 4-pack,drogisterij
610899,0,NIVEA Black & white org deodorant spray 2-pack,NIVEA,drogisterij,Drogisterij,Deospray vrouwen,11.2,13.18,15.0,15% volume voordeel,,,2 stuks,,True,AHOO,15% volume voordeel,2026-08-04,2999-12-31,,True,AH,https://www.ah.nl/producten/product/wi610899,2026-08-04,NIVEA Black & white org deodorant spray 2-pack,drogisterij
598841,47454,Glade Geurstokjes sandalwood & jasmine,Glade,koken-tafelen-vrije-tijd,"Koken, tafelen, vrije tijd",Geurstokjes,6.99,6.99,,,,,per stuk,,False,,,,,,True,AH,https://www.ah.nl/producten/product/wi598841,2026-08-04,Glade Geurstokjes sandalwood & jasmine,koken-tafelen-vrije-tijd
604988,58879,Glade Geurglas I love you,Glade,koken-tafelen-vrije-tijd,"Koken, tafelen, vrije tijd",Geurkaarsen,8.79,8.79,,,,,per stuk,,False,,,,,,True,AH,https://www.ah.nl/producten/product/wi604988,2026-08-04,Glade Geurglas I love you,koken-tafelen-vrije-tijd
475849,728813,AH Kartonnen beker wit,AH,koken-tafelen-vrije-tijd,"Koken, tafelen, vrije tijd",Wegwerpbekers,1.99,1.99,,,,,30 stuks,,False,,,,,,True,AH,https://www.ah.nl/producten/product/wi475849,2026-08-04,AH Kartonnen beker wit,koken-tafelen-vrije-tijd
624,545646,AH Servetten 2-laags 33x33 cm wit,AH,koken-tafelen-vrije-tijd,"Koken, tafelen, vrije tijd",Servetten,1.99,1.99,,,,,50 stuks,,False,,,,,,True,AH,https://www.ah.nl/producten/product/wi624,2026-08-04,AH Servetten 2-laags 33x33 cm wit,koken-tafelen-vrije-tijd
434870,699316,AH Bord 23 cm,AH,koken-tafelen-vrije-tijd,"Koken, tafelen, vrije tijd",Wegwerpborden,1.99,1.99,,,,,20 stuks,,False,,,,,,True,AH,https://www.ah.nl/producten/product/wi434870,2026-08-04,AH Bord 23 cm,koken-tafelen-vrije-tijd
516909,40349,Glade Geurstokjes mind,Glade,koken-tafelen-vrije-tijd,"Koken, tafelen, vrije tijd",Geurstokjes,9.99,9.99,,,,,per stuk,,False,,,,,,True,AH,https://www.ah.nl/producten/product/wi516909,2026-08-04,Glade Geurstokjes mind,koken-tafelen-vrije-tijd
480624,734831,AH Donatie Voedselbanken Nederland 1 euro,AH,koken-tafelen-vrije-tijd,"Koken, tafelen, vrije tijd",Donaties,1.0,1.0,,,,,per stuk,,False,,,,,,True,AH,https://www.ah.nl/producten/product/wi480624,2026-08-04,AH Donatie Voedselbanken Nederland 1 euro,koken-tafelen-vrije-tijd
473597,725739,AH Houten vork,AH,koken-tafelen-vrije-tijd,"Koken, tafelen, vrije tijd",Bestek,1.39,1.39,,,,,20 stuks,,False,,,,,,True,AH,https://www.ah.nl/producten/product/wi473597,2026-08-04,AH Houten vork,koken-tafelen-vrije-tijd
514507,24643,AH Rietjes,AH,koken-tafelen-vrije-tijd,"Koken, tafelen, vrije tijd",Wegwerpbekers,1.29,1.29,,,,,10 stuks,,False,,,,,,True,AH,https://www.ah.nl/producten/product/wi514507,2026-08-04,AH Rietjes,koken-tafelen-vrije-tijd
196807,607132,"AH AAA 1,5V batterijen",AH,koken-tafelen-vrije-tijd,"Koken, tafelen, vrije tijd",AAA batterijen,1.95,1.95,,,,,8 stuks,,False,,,,,,True,AH,https://www.ah.nl/producten/product/wi196807,2026-08-04,"AH AAA 1,5V batterijen",koken-tafelen-vrije-tijd
414011,856793,AH Sateprikkers bamboe 20cm,AH,koken-tafelen-vrije-tijd,"Koken, tafelen, vrije tijd","Prikkers, touw",1.19,1.19,,,,,100 stuks,,False,,,,,,True,AH,https://www.ah.nl/producten/product/wi414011,2026-08-04,AH Sateprikkers bamboe 20cm,koken-tafelen-vrije-tijd
473600,725742,AH Roerstaafje hout,AH,koken-tafelen-vrije-tijd,"Koken, tafelen, vrije tijd",Bestek,0.99,0.99,,,,,100 stuks,,False,,,,,,True,AH,https://www.ah.nl/producten/product/wi473600,2026-08-04,AH Roerstaafje hout,koken-tafelen-vrije-tijd
413922,856775,AH Cocktailprikkers 200 stuks,AH,koken-tafelen-vrije-tijd,"Koken, tafelen, vrije tijd","Prikkers, touw",1.99,1.99,,,,,2 stuks,,False,,,,,,True,AH,https://www.ah.nl/producten/product/wi413922,2026-08-04,AH Cocktailprikkers 200 stuks,koken-tafelen-vrije-tijd
441449,83040,Canon Printpapier,Canon,koken-tafelen-vrije-tijd,"Koken, tafelen, vrije tijd",Papierwaren,6.49,6.49,,,,,500 stuks,,False,,,,,,True,AH,https://www.ah.nl/producten/product/wi441449,2026-08-04,Canon Printpapier,koken-tafelen-vrije-tijd
478508,732454,AH Bierglazen 300ml,AH,koken-tafelen-vrije-tijd,"Koken, tafelen, vrije tijd",Wegwerpbekers,1.99,1.99,,,,,20 stuks,,False,,,,,,True,AH,https://www.ah.nl/producten/product/wi478508,2026-08-04,AH Bierglazen 300ml,koken-tafelen-vrije-tijd
473599,725741,AH Houten mes,AH,koken-tafelen-vrije-tijd,"Koken, tafelen, vrije tijd",Bestek,1.39,1.39,,,,,20 stuks,,False,,,,,,True,AH,https://www.ah.nl/producten/product/wi473599,2026-08-04,AH Houten mes,koken-tafelen-vrije-tijd
466213,716847,AH Elektronische aanstekers,AH,koken-tafelen-vrije-tijd,"Koken, tafelen, vrije tijd","Lucifers, aanstekers",1.29,1.29,,,,,3 stuks,,False,,,,,,True,AH,https://www.ah.nl/producten/product/wi466213,2026-08-04,AH Elektronische aanstekers,koken-tafelen-vrije-tijd
166525,640856,"AH AA alkaline 1,5V mignon lange levensduur",AH,koken-tafelen-vrije-tijd,"Koken, tafelen, vrije tijd",AA batterijen,6.99,6.99,,,,,8 stuks,,False,,,,,,True,AH,https://www.ah.nl/producten/product/wi166525,2026-08-04,"AH AA alkaline 1,5V mignon lange levensduur",koken-tafelen-vrije-tijd
598498,0,"AH AA alkaline 1,5V mignon 4-pack",AH,koken-tafelen-vrije-tijd,"Koken, tafelen, vrije tijd",AA batterijen,23.77,27.96,15.0,15% volume voordeel,,,4 stuks,,True,AHOO,15% volume voordeel,2026-08-04,2999-12-31,,True,AH,https://www.ah.nl/producten/product/wi598498,2026-08-04,"AH AA alkaline 1,5V mignon 4-pack",koken-tafelen-vrije-tijd
409036,853932,AH Aanmaakblokjes bruin,AH,koken-tafelen-vrije-tijd,"Koken, tafelen, vrije tijd",Houtskool,1.99,1.99,,,,,56 stuks,,False,,,,,,True,AH,https://www.ah.nl/producten/product/wi409036,2026-08-04,AH Aanmaakblokjes bruin,koken-tafelen-vrije-tijd
434869,699315,AH Gebaksbord 15 cm,AH,koken-tafelen-vrije-tijd,"Koken, tafelen, vrije tijd",Wegwerpborden,1.79,1.79,,,,,20 stuks,,False,,,,,,True,AH,https://www.ah.nl/producten/product/wi434869,2026-08-04,AH Gebaksbord 15 cm,koken-tafelen-vrije-tijd
514606,884359,AH Servet donkerblauw,AH,koken-tafelen-vrije-tijd,"Koken, tafelen, vrije tijd",Servetten,1.89,1.89,,,,,20 stuks,,False,,,,,,True,AH,https://www.ah.nl/producten/product/wi514606,2026-08-04,AH Servet donkerblauw,koken-tafelen-vrije-tijd
212958,806343,Hoomark 3-pak Inpakpapier,Hoomark,koken-tafelen-vrije-tijd,"Koken, tafelen, vrije tijd",Cadeauverpakking,1.79,1.79,,,,,3 stuks,,False,,,,,,True,AH,https://www.ah.nl/producten/product/wi212958,2026-08-04,Hoomark 3-pak Inpakpapier,koken-tafelen-vrije-tijd
597555,0,AH Elektronische aanstekers 2-pack,AH,koken-tafelen-vrije-tijd,"Koken, tafelen, vrije tijd","Lucifers, aanstekers",2.48,2.58,4.0,4% volume voordeel,,,2 stuks,,True,AHOO,4% volume voordeel,2026-08-04,2999-12-31,,True,AH,https://www.ah.nl/producten/product/wi597555,2026-08-04,AH Elektronische aanstekers 2-pack,koken-tafelen-vrije-tijd
598075,0,AH Servet donkerblauw 4-pack,AH,koken-tafelen-vrije-tijd,"Koken, tafelen, vrije tijd",Servetten,6.8,7.56,10.0,10% volume voordeel,,,4 stuks,,True,AHOO,10% volume voordeel,2026-08-04,2999-12-31,,True,AH,https://www.ah.nl/producten/product/wi598075,2026-08-04,AH Servet donkerblauw 4-pack,koken-tafelen-vrije-tijd
200726,787450,AH Aansteker flex,AH,koken-tafelen-vrije-tijd,"Koken, tafelen, vrije tijd","Lucifers, aanstekers",1.99,1.99,,,,,per stuk,,False,,,,,,True,AH,https://www.ah.nl/producten/product/wi200726,2026-08-04,AH Aansteker flex,koken-tafelen-vrije-tijd
597523,0,AH Aansteker flex 2-pack,AH,koken-tafelen-vrije-tijd,"Koken, tafelen, vrije tijd","Lucifers, aanstekers",3.82,3.98,4.0,4% volume voordeel,,,2 stuks,,True,AHOO,4% volume voordeel,2026-08-04,2999-12-31,,True,AH,https://www.ah.nl/producten/product/wi597523,2026-08-04,AH Aansteker flex 2-pack,koken-tafelen-vrije-tijd
606578,62073,AH BBQ disposable bekers,AH,koken-tafelen-vrije-tijd,"Koken, tafelen, vrije tijd",Wegwerpbekers,2.49,2.49,,BONUS,,,40 stuks,,True,AH,BONUS,2026-04-20,2026-08-30,,True,AH,https://www.ah.nl/producten/product/wi606578,2026-08-04,AH BBQ disposable bekers,koken-tafelen-vrije-tijd
155427,593663,AH Kaarsen aansteker,AH,koken-tafelen-vrije-tijd,"Koken, tafelen, vrije tijd","Lucifers, aanstekers",1.99,1.99,,,,,2 stuks,,False,,,,,,True,AH,https://www.ah.nl/producten/product/wi155427,2026-08-04,AH Kaarsen aansteker,koken-tafelen-vrije-tijd
514523,25594,AH Servet blad 33cm,AH,koken-tafelen-vrije-tijd,"Koken, tafelen, vrije tijd",Servetten,1.99,1.99,,,,,20 stuks,,False,,,,,,True,AH,https://www.ah.nl/producten/product/wi514523,2026-08-04,AH Servet blad 33cm,koken-tafelen-vrije-tijd
597989,0,AH Kaarsen aansteker 2-pack,AH,koken-tafelen-vrije-tijd,"Koken, tafelen, vrije tijd","Lucifers, aanstekers",3.82,3.98,4.0,4% volume voordeel,,,2 stuks,,True,AHOO,4% volume voordeel,2026-08-04,2999-12-31,,True,AH,https://www.ah.nl/producten/product/wi597989,2026-08-04,AH Kaarsen aansteker 2-pack,koken-tafelen-vrije-tijd
556854,584153,AH Kom rond wit bagasse 500ml,AH,koken-tafelen-vrije-tijd,"Koken, tafelen, vrije tijd","Kommen, schaaltjes",1.89,1.89,,,,,12 stuks,,False,,,,,,True,AH,https://www.ah.nl/producten/product/wi556854,2026-08-04,AH Kom rond wit bagasse 500ml,koken-tafelen-vrije-tijd
590369,37180,De zwaluw Lucifers 4-pack,De zwaluw,koken-tafelen-vrije-tijd,"Koken, tafelen, vrije tijd","Lucifers, aanstekers",1.75,1.75,,,,,4 stuks,,False,,,,,,True,AH,https://www.ah.nl/producten/product/wi590369,2026-08-04,De zwaluw Lucifers 4-pack,koken-tafelen-vrije-tijd
514529,27012,AH Servet earthy champ,AH,koken-tafelen-vrije-tijd,"Koken, tafelen, vrije tijd",Servetten,1.89,1.89,,,,,20 stuks,,False,,,,,,True,AH,https://www.ah.nl/producten/product/wi514529,2026-08-04,AH Servet earthy champ,koken-tafelen-vrije-tijd
225996,792988,AH Wijnglas facet,AH,koken-tafelen-vrije-tijd,"Koken, tafelen, vrije tijd",Wegwerpbekers,2.79,2.79,,,,,10 stuks,,False,,,,,,True,AH,https://www.ah.nl/producten/product/wi225996,2026-08-04,AH Wijnglas facet,koken-tafelen-vrije-tijd
494812,750131,Pokon Compact potgrond,Pokon,koken-tafelen-vrije-tijd,"Koken, tafelen, vrije tijd",Planten en plantverzorging,4.49,4.49,,,,,10 l,prijs per liter €0.45,False,,,,,,True,AH,https://www.ah.nl/producten/product/wi494812,2026-08-04,Pokon Compact potgrond,koken-tafelen-vrije-tijd
114143,558595,Varta Longlife power AA alkaline batterijen,Varta,koken-tafelen-vrije-tijd,"Koken, tafelen, vrije tijd",AA batterijen,5.69,5.69,,,,,4 stuks,,False,,,,,,True,AH,https://www.ah.nl/producten/product/wi114143,2026-08-04,Varta Longlife power AA alkaline batterijen,koken-tafelen-vrije-tijd
598076,0,AH Servet earthy champ 4-pack,AH,koken-tafelen-vrije-tijd,"Koken, tafelen, vrije tijd",Servetten,6.8,7.56,10.0,10% volume voordeel,,,4 stuks,,True,AHOO,10% volume voordeel,2026-08-04,2999-12-31,,True,AH,https://www.ah.nl/producten/product/wi598076,2026-08-04,AH Servet earthy champ 4-pack,koken-tafelen-vrije-tijd
128488,554847,AH Aluminium grillschaal,AH,koken-tafelen-vrije-tijd,"Koken, tafelen, vrije tijd",Aluminium schaal,1.19,1.19,,,,,2 stuks,,False,,,,,,True,AH,https://www.ah.nl/producten/product/wi128488,2026-08-04,AH Aluminium grillschaal,koken-tafelen-vrije-tijd
80159,544288,De zwaluw Lucifers extra lang,De zwaluw,koken-tafelen-vrije-tijd,"Koken, tafelen, vrije tijd","Lucifers, aanstekers",1.59,1.59,,,,,45 stuks,,False,,,,,,True,AH,https://www.ah.nl/producten/product/wi80159,2026-08-04,De zwaluw Lucifers extra lang,koken-tafelen-vrije-tijd
191755,792971,AH Servetten wit 3-laags,AH,koken-tafelen-vrije-tijd,"Koken, tafelen, vrije tijd",Servetten,1.05,1.05,,,,,20 stuks,,False,,,,,,True,AH,https://www.ah.nl/producten/product/wi191755,2026-08-04,AH Servetten wit 3-laags,koken-tafelen-vrije-tijd
485315,740666,AH Donatie Rode Kruis 1 euro,AH,koken-tafelen-vrije-tijd,"Koken, tafelen, vrije tijd",Donaties,1.0,1.0,,,,,per stuk,,False,,,,,,True,AH,https://www.ah.nl/producten/product/wi485315,2026-08-04,AH Donatie Rode Kruis 1 euro,koken-tafelen-vrije-tijd
559022,562736,AH Aanmaakblokjes wit,AH,koken-tafelen-vrije-tijd,"Koken, tafelen, vrije tijd",Aanmaakblokjes,1.99,1.99,,,,,48 stuks,,False,,,,,,True,AH,https://www.ah.nl/producten/product/wi559022,2026-08-04,AH Aanmaakblokjes wit,koken-tafelen-vrije-tijd
514502,24507,AH Bellenblaas,AH,koken-tafelen-vrije-tijd,"Koken, tafelen, vrije tijd",Feestversiering en traktatie,0.89,0.89,,,,,per stuk,,False,,,,,,True,AH,https://www.ah.nl/producten/product/wi514502,2026-08-04,AH Bellenblaas,koken-tafelen-vrije-tijd
598074,0,AH Servet blad 33cm 4-pack,AH,koken-tafelen-vrije-tijd,"Koken, tafelen, vrije tijd",Servetten,7.16,7.96,10.0,10% volume voordeel,,,4 stuks,,True,AHOO,10% volume voordeel,2026-08-04,2999-12-31,,True,AH,https://www.ah.nl/producten/product/wi598074,2026-08-04,AH Servet blad 33cm 4-pack,koken-tafelen-vrije-tijd
136831,607127,AH Alkaline AA batterijen,AH,koken-tafelen-vrije-tijd,"Koken, tafelen, vrije tijd",AA batterijen,4.29,4.29,,,,,4 stuks,,False,,,,,,True,AH,https://www.ah.nl/producten/product/wi136831,2026-08-04,AH Alkaline AA batterijen,koken-tafelen-vrije-tijd
598430,0,AH Alkaline AA batterijen 4-pack,AH,koken-tafelen-vrije-tijd,"Koken, tafelen, vrije tijd",AA batterijen,14.59,17.16,15.0,15% volume voordeel,,,4 stuks,,True,AHOO,15% volume voordeel,2026-08-04,2999-12-31,,True,AH,https://www.ah.nl/producten/product/wi598430,2026-08-04,AH Alkaline AA batterijen 4-pack,koken-tafelen-vrije-tijd
618576,0,AH Elektronische aanstekers 3-pack,AH,koken-tafelen-vrije-tijd,"Koken, tafelen, vrije tijd","Lucifers, aanstekers",3.56,3.87,8.0,8% volume voordeel,,,3 stuks,,True,AHOO,8% volume voordeel,2026-08-04,2999-12-31,,True,AH,https://www.ah.nl/producten/product/wi618576,2026-08-04,AH Elektronische aanstekers 3-pack,koken-tafelen-vrije-tijd
618577,0,AH Elektronische aanstekers 4-pack,AH,koken-tafelen-vrije-tijd,"Koken, tafelen, vrije tijd","Lucifers, aanstekers",4.54,5.16,12.0,12% volume voordeel,,,4 stuks,,True,AHOO,12% volume voordeel,2026-08-04,2999-12-31,,True,AH,https://www.ah.nl/producten/product/wi618577,2026-08-04,AH Elektronische aanstekers 4-pack,koken-tafelen-vrije-tijd
436005,43974,AH Papieren cupcake vorm,AH,koken-tafelen-vrije-tijd,"Koken, tafelen, vrije tijd",Bakvormen en accessoires,1.79,1.79,,,,,100 stuks,,False,,,,,,True,AH,https://www.ah.nl/producten/product/wi436005,2026-08-04,AH Papieren cupcake vorm,koken-tafelen-vrije-tijd
114142,558600,Varta Longlife power AAA alkaline batterijen,Varta,koken-tafelen-vrije-tijd,"Koken, tafelen, vrije tijd",AAA batterijen,5.69,5.69,,,,,4 stuks,,False,,,,,,True,AH,https://www.ah.nl/producten/product/wi114142,2026-08-04,Varta Longlife power AAA alkaline batterijen,koken-tafelen-vrije-tijd
410425,854785,AH Sategrill alumunium,AH,koken-tafelen-vrije-tijd,"Koken, tafelen, vrije tijd",Aluminium schaal,1.99,1.99,,BONUS,,,4 stuks,,True,AH,BONUS,2026-04-20,2026-08-30,,True,AH,https://www.ah.nl/producten/product/wi410425,2026-08-04,AH Sategrill alumunium,koken-tafelen-vrije-tijd
619570,0,AH Servet donkerblauw 2-pack,AH,koken-tafelen-vrije-tijd,"Koken, tafelen, vrije tijd",Servetten,3.67,3.78,3.0,3% volume voordeel,,,2 stuks,,True,AHOO,3% volume voordeel,2026-08-04,2999-12-31,,True,AH,https://www.ah.nl/producten/product/wi619570,2026-08-04,AH Servet donkerblauw 2-pack,koken-tafelen-vrije-tijd
165036,626875,AH Theelichten 8 uur,AH,koken-tafelen-vrije-tijd,"Koken, tafelen, vrije tijd",Theelichten,4.99,4.99,,,,,40 stuks,,False,,,,,,True,AH,https://www.ah.nl/producten/product/wi165036,2026-08-04,AH Theelichten 8 uur,koken-tafelen-vrije-tijd
434996,699410,AH Party cups,AH,koken-tafelen-vrije-tijd,"Koken, tafelen, vrije tijd",Wegwerpbekers,2.59,2.59,,,,,15 stuks,,False,,,,,,True,AH,https://www.ah.nl/producten/product/wi434996,2026-08-04,AH Party cups,koken-tafelen-vrije-tijd
590243,36441,AH Servet dahlia,AH,koken-tafelen-vrije-tijd,"Koken, tafelen, vrije tijd",Servetten,1.99,1.99,,,,,20 stuks,,False,,,,,,True,AH,https://www.ah.nl/producten/product/wi590243,2026-08-04,AH Servet dahlia,koken-tafelen-vrije-tijd
619571,0,AH Servet donkerblauw 3-pack,AH,koken-tafelen-vrije-tijd,"Koken, tafelen, vrije tijd",Servetten,5.39,5.67,5.0,5% volume voordeel,,,3 stuks,,True,AHOO,5% volume voordeel,2026-08-04,2999-12-31,,True,AH,https://www.ah.nl/producten/product/wi619571,2026-08-04,AH Servet donkerblauw 3-pack,koken-tafelen-vrije-tijd
413931,856785,AH Tapasprikker 9 cm,AH,koken-tafelen-vrije-tijd,"Koken, tafelen, vrije tijd","Prikkers, touw",2.19,2.19,,,,,70 stuks,,False,,,,,,True,AH,https://www.ah.nl/producten/product/wi413931,2026-08-04,AH Tapasprikker 9 cm,koken-tafelen-vrije-tijd
434821,699259,AH Glas facet 240 ml,AH,koken-tafelen-vrije-tijd,"Koken, tafelen, vrije tijd",Wegwerpbekers,3.99,3.99,,,,,10 stuks,,False,,,,,,True,AH,https://www.ah.nl/producten/product/wi434821,2026-08-04,AH Glas facet 240 ml,koken-tafelen-vrije-tijd
410430,854790,Lokkii Instant BBQ,Lokkii,koken-tafelen-vrije-tijd,"Koken, tafelen, vrije tijd",BBQ tools,3.89,3.89,,BONUS,,,per stuk,,True,AH,BONUS,2026-04-20,2026-08-30,,True,AH,https://www.ah.nl/producten/product/wi410430,2026-08-04,Lokkii Instant BBQ,koken-tafelen-vrije-tijd
556853,72746,AH Bord rond wit bagasse 260mm,AH,koken-tafelen-vrije-tijd,"Koken, tafelen, vrije tijd",Wegwerpborden,2.69,2.69,,,,,12 stuks,,False,,,,,,True,AH,https://www.ah.nl/producten/product/wi556853,2026-08-04,AH Bord rond wit bagasse 260mm,koken-tafelen-vrije-tijd
598429,0,AH Lokkii Instant BBQ 2-pack,AH,koken-tafelen-vrije-tijd,"Koken, tafelen, vrije tijd",BBQ tools,7.39,7.78,5.0,pakketkorting,,,2 stuks,,True,AHOO,5% volume voordeel,2026-08-04,2026-08-30,,True,AH,https://www.ah.nl/producten/product/wi598429,2026-08-04,AH Lokkii Instant BBQ 2-pack,koken-tafelen-vrije-tijd
619568,0,AH Servet blad 33cm 2-pack,AH,koken-tafelen-vrije-tijd,"Koken, tafelen, vrije tijd",Servetten,3.86,3.98,3.0,3% volume voordeel,,,2 stuks,,True,AHOO,3% volume voordeel,2026-08-04,2999-12-31,,True,AH,https://www.ah.nl/producten/product/wi619568,2026-08-04,AH Servet blad 33cm 2-pack,koken-tafelen-vrije-tijd
594559,42809,Duracell Plus AAA-alkaline batterijen MN2400,Duracell,koken-tafelen-vrije-tijd,"Koken, tafelen, vrije tijd",AAA batterijen,11.69,11.69,,,,,6 stuks,,False,,,,,,True,AH,https://www.ah.nl/producten/product/wi594559,2026-08-04,Duracell Plus AAA-alkaline batterijen MN2400,koken-tafelen-vrije-tijd
589514,35163,24Basics Duct tape 10 meter x 50mm,24Basics,koken-tafelen-vrije-tijd,"Koken, tafelen, vrije tijd",Schrijfwaren en plakband,2.99,2.99,,,,,per stuk,,False,,,,,,True,AH,https://www.ah.nl/producten/product/wi589514,2026-08-04,24Basics Duct tape 10 meter x 50mm,koken-tafelen-vrije-tijd
612071,68328,AH Citronella geurkaars,AH,koken-tafelen-vrije-tijd,"Koken, tafelen, vrije tijd",Geurkaarsen,2.49,2.49,,,,,per stuk,,False,,,,,,True,AH,https://www.ah.nl/producten/product/wi612071,2026-08-04,AH Citronella geurkaars,koken-tafelen-vrije-tijd
589528,35197,24Basics Verpakkingstape transparant 66mx50mm,24Basics,koken-tafelen-vrije-tijd,"Koken, tafelen, vrije tijd",Schrijfwaren en plakband,3.49,3.49,,,,,per stuk,,False,,,,,,True,AH,https://www.ah.nl/producten/product/wi589528,2026-08-04,24Basics Verpakkingstape transparant 66mx50mm,koken-tafelen-vrije-tijd
514254,7723,AH Vlaggenlijn 6 meter,AH,koken-tafelen-vrije-tijd,"Koken, tafelen, vrije tijd",Feestversiering en traktatie,0.99,0.99,,,,,per stuk,,False,,,,,,True,AH,https://www.ah.nl/producten/product/wi514254,2026-08-04,AH Vlaggenlijn 6 meter,koken-tafelen-vrije-tijd
585212,29823,AH Bakje blad,AH,koken-tafelen-vrije-tijd,"Koken, tafelen, vrije tijd","Kommen, schaaltjes",1.99,1.99,,,,,8 stuks,,False,,,,,,True,AH,https://www.ah.nl/producten/product/wi585212,2026-08-04,AH Bakje blad,koken-tafelen-vrije-tijd
598059,0,AH Party cups 4-pack,AH,koken-tafelen-vrije-tijd,"Koken, tafelen, vrije tijd",Wegwerpbekers,9.32,10.36,10.0,10% volume voordeel,,,4 stuks,,True,AHOO,10% volume voordeel,2026-08-04,2999-12-31,,True,AH,https://www.ah.nl/producten/product/wi598059,2026-08-04,AH Party cups 4-pack,koken-tafelen-vrije-tijd
598424,0,AH Servet dahlia 4-pack,AH,koken-tafelen-vrije-tijd,"Koken, tafelen, vrije tijd",Servetten,7.16,7.96,10.0,10% volume voordeel,,,4 stuks,,True,AHOO,10% volume voordeel,2026-08-04,2999-12-31,,True,AH,https://www.ah.nl/producten/product/wi598424,2026-08-04,AH Servet dahlia 4-pack,koken-tafelen-vrije-tijd
206871,798570,AH Champagneglas plastic,AH,koken-tafelen-vrije-tijd,"Koken, tafelen, vrije tijd",Wegwerpbekers,3.59,3.59,,,,,6 stuks,,False,,,,,,True,AH,https://www.ah.nl/producten/product/wi206871,2026-08-04,AH Champagneglas plastic,koken-tafelen-vrije-tijd
606580,62077,AH Disposable bord,AH,koken-tafelen-vrije-tijd,"Koken, tafelen, vrije tijd",Wegwerpborden,3.79,3.79,,BONUS,,,20 stuks,,True,AH,BONUS,2026-04-20,2026-08-30,,True,AH,https://www.ah.nl/producten/product/wi606580,2026-08-04,AH Disposable bord,koken-tafelen-vrije-tijd
619572,0,AH Servet earthy champ 2-pack,AH,koken-tafelen-vrije-tijd,"Koken, tafelen, vrije tijd",Servetten,3.67,3.78,3.0,3% volume voordeel,,,2 stuks,,True,AHOO,3% volume voordeel,2026-08-04,2999-12-31,,True,AH,https://www.ah.nl/producten/product/wi619572,2026-08-04,AH Servet earthy champ 2-pack,koken-tafelen-vrije-tijd
614164,0,Duracell Plus AAA-alkaline batterijen MN2400 2-pk,Duracell,koken-tafelen-vrije-tijd,"Koken, tafelen, vrije tijd",AAA batterijen,18.7,23.38,20.0,20% volume voordeel,,,2 stuks,,True,AHOO,20% volume voordeel,2026-08-04,2999-12-31,,True,AH,https://www.ah.nl/producten/product/wi614164,2026-08-04,Duracell Plus AAA-alkaline batterijen MN2400 2-pk,koken-tafelen-vrije-tijd
619569,0,AH Servet blad 33cm 3-pack,AH,koken-tafelen-vrije-tijd,"Koken, tafelen, vrije tijd",Servetten,5.67,5.97,5.0,5% volume voordeel,,,3 stuks,,True,AHOO,5% volume voordeel,2026-08-04,2999-12-31,,True,AH,https://www.ah.nl/producten/product/wi619569,2026-08-04,AH Servet blad 33cm 3-pack,koken-tafelen-vrije-tijd
619573,0,AH Servet earthy champ 3-pack,AH,koken-tafelen-vrije-tijd,"Koken, tafelen, vrije tijd",Servetten,5.39,5.67,5.0,5% volume voordeel,,,3 stuks,,True,AHOO,5% volume voordeel,2026-08-04,2999-12-31,,True,AH,https://www.ah.nl/producten/product/wi619573,2026-08-04,AH Servet earthy champ 3-pack,koken-tafelen-vrije-tijd
136833,607129,AH C alkaline batterijen,AH,koken-tafelen-vrije-tijd,"Koken, tafelen, vrije tijd",9V batterijen en overige batterijen,1.99,1.99,,,,,2 stuks,,False,,,,,,True,AH,https://www.ah.nl/producten/product/wi136833,2026-08-04,AH C alkaline batterijen,koken-tafelen-vrije-tijd
514520,25494,AH Bord blad 15cm,AH,koken-tafelen-vrije-tijd,"Koken, tafelen, vrije tijd",Wegwerpborden,1.49,1.49,,,,,10 stuks,,False,,,,,,True,AH,https://www.ah.nl/producten/product/wi514520,2026-08-04,AH Bord blad 15cm,koken-tafelen-vrije-tijd
598843,47466,Glade Geurstokjes clean linen,Glade,koken-tafelen-vrije-tijd,"Koken, tafelen, vrije tijd",Geurstokjes,6.99,6.99,,,,,per stuk,,False,,,,,,True,AH,https://www.ah.nl/producten/product/wi598843,2026-08-04,Glade Geurstokjes clean linen,koken-tafelen-vrije-tijd
514515,25380,AH Beker blad,AH,koken-tafelen-vrije-tijd,"Koken, tafelen, vrije tijd",Wegwerpbekers,1.99,1.99,,,,,12 stuks,,False,,,,,,True,AH,https://www.ah.nl/producten/product/wi514515,2026-08-04,AH Beker blad,koken-tafelen-vrije-tijd
583043,26025,AH Schaar,AH,koken-tafelen-vrije-tijd,"Koken, tafelen, vrije tijd","Schaar, rasp, kaasschaaf",2.99,2.99,,,,,per stuk,,False,,,,,,True,AH,https://www.ah.nl/producten/product/wi583043,2026-08-04,AH Schaar,koken-tafelen-vrije-tijd
590244,36442,AH Servet ruit,AH,koken-tafelen-vrije-tijd,"Koken, tafelen, vrije tijd",Servetten,1.99,1.99,,,,,20 stuks,,False,,,,,,True,AH,https://www.ah.nl/producten/product/wi590244,2026-08-04,AH Servet ruit,koken-tafelen-vrije-tijd
594557,42808,Duracell Plus AA-alkaline batterijen MN1500,Duracell,koken-tafelen-vrije-tijd,"Koken, tafelen, vrije tijd",AA batterijen,11.69,11.69,,,,,6 stuks,,False,,,,,,True,AH,https://www.ah.nl/producten/product/wi594557,2026-08-04,Duracell Plus AA-alkaline batterijen MN1500,koken-tafelen-vrije-tijd
136835,607131,AH 9V alkaline batterijen,AH,koken-tafelen-vrije-tijd,"Koken, tafelen, vrije tijd",9V batterijen en overige batterijen,1.55,1.55,,,,,per stuk,,False,,,,,,True,AH,https://www.ah.nl/producten/product/wi136835,2026-08-04,AH 9V alkaline batterijen,koken-tafelen-vrije-tijd
514494,22958,AH Ballonnen gekleurd,AH,koken-tafelen-vrije-tijd,"Koken, tafelen, vrije tijd",Feestversiering en traktatie,2.99,2.99,,,,,50 stuks,,False,,,,,,True,AH,https://www.ah.nl/producten/product/wi514494,2026-08-04,AH Ballonnen gekleurd,koken-tafelen-vrije-tijd
598513,0,AH Bakje blad 4-pack,AH,koken-tafelen-vrije-tijd,"Koken, tafelen, vrije tijd","Kommen, schaaltjes",7.16,7.96,10.0,10% volume voordeel,,,4 stuks,,True,AHOO,10% volume voordeel,2026-08-04,2999-12-31,,True,AH,https://www.ah.nl/producten/product/wi598513,2026-08-04,AH Bakje blad 4-pack,koken-tafelen-vrije-tijd
587103,32604,AH Lepel herbruikbaar,AH,koken-tafelen-vrije-tijd,"Koken, tafelen, vrije tijd",Bestek,2.99,2.99,,,,,10 stuks,,False,,,,,,True,AH,https://www.ah.nl/producten/product/wi587103,2026-08-04,AH Lepel herbruikbaar,koken-tafelen-vrije-tijd
598072,0,AH Schaar 2-pack,AH,koken-tafelen-vrije-tijd,"Koken, tafelen, vrije tijd","Schaar, rasp, kaasschaaf",5.68,5.98,5.0,5% volume voordeel,,,2 stuks,,True,AHOO,5% volume voordeel,2026-08-04,2999-12-31,,True,AH,https://www.ah.nl/producten/product/wi598072,2026-08-04,AH Schaar 2-pack,koken-tafelen-vrije-tijd
598425,0,AH Servet ruit 4-pack,AH,koken-tafelen-vrije-tijd,"Koken, tafelen, vrije tijd",Servetten,7.16,7.96,10.0,10% volume voordeel,,,4 stuks,,True,AHOO,10% volume voordeel,2026-08-04,2999-12-31,,True,AH,https://www.ah.nl/producten/product/wi598425,2026-08-04,AH Servet ruit 4-pack,koken-tafelen-vrije-tijd
194597,795636,Loctite Seconde lijm,Loctite,koken-tafelen-vrije-tijd,"Koken, tafelen, vrije tijd","Hobby, vrije tijd",4.99,4.99,,,,,3 g,,False,,,,,,True,AH,https://www.ah.nl/producten/product/wi194597,2026-08-04,Loctite Seconde lijm,koken-tafelen-vrije-tijd
556666,98287,AH Cocktailprikkers bamboe,AH,koken-tafelen-vrije-tijd,"Koken, tafelen, vrije tijd","Prikkers, touw",2.19,2.19,,,,,50 stuks,,False,,,,,,True,AH,https://www.ah.nl/producten/product/wi556666,2026-08-04,AH Cocktailprikkers bamboe,koken-tafelen-vrije-tijd
614165,0,Duracell Plus AAA-alkaline batterijen MN2400 3-pk,Duracell,koken-tafelen-vrije-tijd,"Koken, tafelen, vrije tijd",AAA batterijen,24.55,35.07,30.0,30% volume voordeel,,,3 stuks,,True,AHOO,30% volume voordeel,2026-08-04,2999-12-31,,True,AH,https://www.ah.nl/producten/product/wi614165,2026-08-04,Duracell Plus AAA-alkaline batterijen MN2400 3-pk,koken-tafelen-vrije-tijd
614200,0,Duracell Plus AA-alkaline batterij MN1500 2-pck,Duracell,koken-tafelen-vrije-tijd,"Koken, tafelen, vrije tijd",AA batterijen,18.7,23.38,20.0,20% volume voordeel,,,2 stuks,,True,AHOO,20% volume voordeel,2026-08-04,2999-12-31,,True,AH,https://www.ah.nl/producten/product/wi614200,2026-08-04,Duracell Plus AA-alkaline batterij MN1500 2-pck,koken-tafelen-vrije-tijd
441112,704737,AH Elektronische aansteker F2 turbo,AH,koken-tafelen-vrije-tijd,"Koken, tafelen, vrije tijd","Lucifers, aanstekers",1.69,1.69,,,,,2 stuks,,False,,,,,,True,AH,https://www.ah.nl/producten/product/wi441112,2026-08-04,AH Elektronische aansteker F2 turbo,koken-tafelen-vrije-tijd
114146,809372,Varta Longlife power 9V alkaline batterijen,Varta,koken-tafelen-vrije-tijd,"Koken, tafelen, vrije tijd",9V batterijen en overige batterijen,3.99,3.99,,,,,per stuk,,False,,,,,,True,AH,https://www.ah.nl/producten/product/wi114146,2026-08-04,Varta Longlife power 9V alkaline batterijen,koken-tafelen-vrije-tijd
514517,25412,AH Servet jungle 33cm,AH,koken-tafelen-vrije-tijd,"Koken, tafelen, vrije tijd",Servetten,1.99,1.99,,,,,20 stuks,,False,,,,,,True,AH,https://www.ah.nl/producten/product/wi514517,2026-08-04,AH Servet jungle 33cm,koken-tafelen-vrije-tijd
621729,0,AH Servet dahlia 2-pack,AH,koken-tafelen-vrije-tijd,"Koken, tafelen, vrije tijd",Servetten,3.86,3.98,3.0,3% volume voordeel,,,2 stuks,,True,AHOO,3% volume voordeel,2026-08-04,2999-12-31,,True,AH,https://www.ah.nl/producten/product/wi621729,2026-08-04,AH Servet dahlia 2-pack,koken-tafelen-vrije-tijd
514518,25414,AH Bakje blad,AH,koken-tafelen-vrije-tijd,"Koken, tafelen, vrije tijd","Kommen, schaaltjes",1.99,1.99,,,,,8 stuks,,False,,,,,,True,AH,https://www.ah.nl/producten/product/wi514518,2026-08-04,AH Bakje blad,koken-tafelen-vrije-tijd
598406,0,AH Lepel herbruikbaar 4-pack,AH,koken-tafelen-vrije-tijd,"Koken, tafelen, vrije tijd",Bestek,10.76,11.96,10.0,10% volume voordeel,,,4 stuks,,True,AHOO,10% volume voordeel,2026-08-04,2999-12-31,,True,AH,https://www.ah.nl/producten/product/wi598406,2026-08-04,AH Lepel herbruikbaar 4-pack,koken-tafelen-vrije-tijd
620004,0,AH Cocktailprikkers bamboe 4-pack,AH,koken-tafelen-vrije-tijd,"Koken, tafelen, vrije tijd","Prikkers, touw",7.88,8.76,10.0,10% volume voordeel,,,4 stuks,,True,AHOO,10% volume voordeel,2026-08-04,2999-12-31,,True,AH,https://www.ah.nl/producten/product/wi620004,2026-08-04,AH Cocktailprikkers bamboe 4-pack,koken-tafelen-vrije-tijd
413935,856789,AH Tapasprikkers 18 cm,AH,koken-tafelen-vrije-tijd,"Koken, tafelen, vrije tijd","Prikkers, touw",1.99,1.99,,,,,50 stuks,,False,,,,,,True,AH,https://www.ah.nl/producten/product/wi413935,2026-08-04,AH Tapasprikkers 18 cm,koken-tafelen-vrije-tijd
597535,0,AH Beker blad 2-pack,AH,koken-tafelen-vrije-tijd,"Koken, tafelen, vrije tijd",Wegwerpbekers,3.86,3.98,3.0,3% volume voordeel,,,2 stuks,,True,AHOO,3% volume voordeel,2026-08-04,2999-12-31,,True,AH,https://www.ah.nl/producten/product/wi597535,2026-08-04,AH Beker blad 2-pack,koken-tafelen-vrije-tijd
598093,0,AH Tapasprikkers 18 cm 2-pack,AH,koken-tafelen-vrije-tijd,"Koken, tafelen, vrije tijd","Prikkers, touw",3.78,3.98,5.0,5% volume voordeel,,,2 stuks,,True,AHOO,5% volume voordeel,2026-08-04,2999-12-31,,True,AH,https://www.ah.nl/producten/product/wi598093,2026-08-04,AH Tapasprikkers 18 cm 2-pack,koken-tafelen-vrije-tijd
598844,47467,Glade Geurstokjes vanilla blossom,Glade,koken-tafelen-vrije-tijd,"Koken, tafelen, vrije tijd",Geurstokjes,6.99,6.99,,,,,per stuk,,False,,,,,,True,AH,https://www.ah.nl/producten/product/wi598844,2026-08-04,Glade Geurstokjes vanilla blossom,koken-tafelen-vrije-tijd
620003,0,AH Cocktailprikkers bamboe 3-pack,AH,koken-tafelen-vrije-tijd,"Koken, tafelen, vrije tijd","Prikkers, touw",6.04,6.57,8.0,8% volume voordeel,,,3 stuks,,True,AHOO,8% volume voordeel,2026-08-04,2999-12-31,,True,AH,https://www.ah.nl/producten/product/wi620003,2026-08-04,AH Cocktailprikkers bamboe 3-pack,koken-tafelen-vrije-tijd
614201,0,Duracell Plus AA-alkaline batterij MN1500 3-pck,Duracell,koken-tafelen-vrije-tijd,"Koken, tafelen, vrije tijd",AA batterijen,24.55,35.07,30.0,30% volume voordeel,,,3 stuks,,True,AHOO,30% volume voordeel,2026-08-04,2999-12-31,,True,AH,https://www.ah.nl/producten/product/wi614201,2026-08-04,Duracell Plus AA-alkaline batterij MN1500 3-pck,koken-tafelen-vrije-tijd
617816,0,AH Elektronische aansteker F2 turbo 2-pack,AH,koken-tafelen-vrije-tijd,"Koken, tafelen, vrije tijd","Lucifers, aanstekers",3.24,3.38,4.0,4% volume voordeel,,,2 stuks,,True,AHOO,4% volume voordeel,2026-08-04,2999-12-31,,True,AH,https://www.ah.nl/producten/product/wi617816,2026-08-04,AH Elektronische aansteker F2 turbo 2-pack,koken-tafelen-vrije-tijd
617818,0,AH Elektronische aansteker F2 turbo 4-pack,AH,koken-tafelen-vrije-tijd,"Koken, tafelen, vrije tijd","Lucifers, aanstekers",5.95,6.76,12.0,12% volume voordeel,,,4 stuks,,True,AHOO,12% volume voordeel,2026-08-04,2999-12-31,,True,AH,https://www.ah.nl/producten/product/wi617818,2026-08-04,AH Elektronische aansteker F2 turbo 4-pack,koken-tafelen-vrije-tijd
620002,0,AH Cocktailprikkers bamboe 2-pack,AH,koken-tafelen-vrije-tijd,"Koken, tafelen, vrije tijd","Prikkers, touw",4.16,4.38,5.0,5% volume voordeel,,,2 stuks,,True,AHOO,5% volume voordeel,2026-08-04,2999-12-31,,True,AH,https://www.ah.nl/producten/product/wi620002,2026-08-04,AH Cocktailprikkers bamboe 2-pack,koken-tafelen-vrije-tijd
621730,0,AH Servet dahlia 3-pack,AH,koken-tafelen-vrije-tijd,"Koken, tafelen, vrije tijd",Servetten,5.67,5.97,5.0,5% volume voordeel,,,3 stuks,,True,AHOO,5% volume voordeel,2026-08-04,2999-12-31,,True,AH,https://www.ah.nl/producten/product/wi621730,2026-08-04,AH Servet dahlia 3-pack,koken-tafelen-vrije-tijd
480924,735086,AH Knoopcel 2032,AH,koken-tafelen-vrije-tijd,"Koken, tafelen, vrije tijd",Knoopcelbatterijen,6.99,6.99,,,,,5 stuks,,False,,,,,,True,AH,https://www.ah.nl/producten/product/wi480924,2026-08-04,AH Knoopcel 2032,koken-tafelen-vrije-tijd
597542,0,AH Bord blad 15cm 2-pack,AH,koken-tafelen-vrije-tijd,"Koken, tafelen, vrije tijd",Wegwerpborden,2.89,2.98,3.0,3% volume voordeel,,,2 stuks,,True,AHOO,3% volume voordeel,2026-08-04,2999-12-31,,True,AH,https://www.ah.nl/producten/product/wi597542,2026-08-04,AH Bord blad 15cm 2-pack,koken-tafelen-vrije-tijd
598077,0,AH Servet jungle 33cm 2-pack,AH,koken-tafelen-vrije-tijd,"Koken, tafelen, vrije tijd",Servetten,3.86,3.98,3.0,3% volume voordeel,,,2 stuks,,True,AHOO,3% volume voordeel,2026-08-04,2999-12-31,,True,AH,https://www.ah.nl/producten/product/wi598077,2026-08-04,AH Servet jungle 33cm 2-pack,koken-tafelen-vrije-tijd
566377,3762,AH Theelichten maxi 10 uur,AH,koken-tafelen-vrije-tijd,"Koken, tafelen, vrije tijd",Theelichten,2.99,2.99,,,,,12 stuks,,False,,,,,,True,AH,https://www.ah.nl/producten/product/wi566377,2026-08-04,AH Theelichten maxi 10 uur,koken-tafelen-vrije-tijd
514516,25410,AH Bord jungle 22cm,AH,koken-tafelen-vrije-tijd,"Koken, tafelen, vrije tijd",Wegwerpborden,1.99,1.99,,,,,10 stuks,,False,,,,,,True,AH,https://www.ah.nl/producten/product/wi514516,2026-08-04,AH Bord jungle 22cm,koken-tafelen-vrije-tijd
597531,0,AH Bakje blad 4-pack,AH,koken-tafelen-vrije-tijd,"Koken, tafelen, vrije tijd","Kommen, schaaltjes",7.16,7.96,10.0,10% volume voordeel,,,4 stuks,,True,AHOO,10% volume voordeel,2026-08-04,2999-12-31,,True,AH,https://www.ah.nl/producten/product/wi597531,2026-08-04,AH Bakje blad 4-pack,koken-tafelen-vrije-tijd
598000,0,AH Knoopcel 2032 4-pack,AH,koken-tafelen-vrije-tijd,"Koken, tafelen, vrije tijd",Knoopcelbatterijen,23.77,27.96,15.0,15% volume voordeel,,,4 stuks,,True,AHOO,15% volume voordeel,2026-08-04,2999-12-31,,True,AH,https://www.ah.nl/producten/product/wi598000,2026-08-04,AH Knoopcel 2032 4-pack,koken-tafelen-vrije-tijd
142805,568809, Linda,,koken-tafelen-vrije-tijd,"Koken, tafelen, vrije tijd",Tijdschriften,7.95,7.95,,,,,per stuk,,False,,,,,,True,AH,https://www.ah.nl/producten/product/wi142805,2026-08-04, Linda,koken-tafelen-vrije-tijd
617817,0,AH Elektronische aansteker F2 turbo 3-pack,AH,koken-tafelen-vrije-tijd,"Koken, tafelen, vrije tijd","Lucifers, aanstekers",4.66,5.07,8.0,8% volume voordeel,,,3 stuks,,True,AHOO,8% volume voordeel,2026-08-04,2999-12-31,,True,AH,https://www.ah.nl/producten/product/wi617817,2026-08-04,AH Elektronische aansteker F2 turbo 3-pack,koken-tafelen-vrije-tijd
620995,0,AH Schaar 3-pack,AH,koken-tafelen-vrije-tijd,"Koken, tafelen, vrije tijd","Schaar, rasp, kaasschaaf",8.25,8.97,8.0,8% volume voordeel,,,3 stuks,,True,AHOO,8% volume voordeel,2026-08-04,2999-12-31,,True,AH,https://www.ah.nl/producten/product/wi620995,2026-08-04,AH Schaar 3-pack,koken-tafelen-vrije-tijd
621731,0,AH Servet ruit 2-pack,AH,koken-tafelen-vrije-tijd,"Koken, tafelen, vrije tijd",Servetten,3.86,3.98,3.0,3% volume voordeel,,,2 stuks,,True,AHOO,3% volume voordeel,2026-08-04,2999-12-31,,True,AH,https://www.ah.nl/producten/product/wi621731,2026-08-04,AH Servet ruit 2-pack,koken-tafelen-vrije-tijd
514522,25521,AH Beker blad,AH,koken-tafelen-vrije-tijd,"Koken, tafelen, vrije tijd",Wegwerpbekers,1.99,1.99,,,,,12 stuks,,False,,,,,,True,AH,https://www.ah.nl/producten/product/wi514522,2026-08-04,AH Beker blad,koken-tafelen-vrije-tijd
617761,0,AH Party cups 2-pack,AH,koken-tafelen-vrije-tijd,"Koken, tafelen, vrije tijd",Wegwerpbekers,5.02,5.18,3.0,3% volume voordeel,,,2 stuks,,True,AHOO,3% volume voordeel,2026-08-04,2999-12-31,,True,AH,https://www.ah.nl/producten/product/wi617761,2026-08-04,AH Party cups 2-pack,koken-tafelen-vrije-tijd
618791,0,AH Knoopcel 2032 2-pack,AH,koken-tafelen-vrije-tijd,"Koken, tafelen, vrije tijd",Knoopcelbatterijen,13.28,13.98,5.0,5% volume voordeel,,,2 stuks,,True,AHOO,5% volume voordeel,2026-08-04,2999-12-31,,True,AH,https://www.ah.nl/producten/product/wi618791,2026-08-04,AH Knoopcel 2032 2-pack,koken-tafelen-vrije-tijd
80586,843271,Bic M10 original balpennen blauw,Bic,koken-tafelen-vrije-tijd,"Koken, tafelen, vrije tijd",Schrijfwaren en plakband,4.99,4.99,,,,,4 stuks,,False,,,,,,True,AH,https://www.ah.nl/producten/product/wi80586,2026-08-04,Bic M10 original balpennen blauw,koken-tafelen-vrije-tijd
196910,640857,"AH Micro AAA alkaline 1,5V LR03",AH,koken-tafelen-vrije-tijd,"Koken, tafelen, vrije tijd",AAA batterijen,6.79,6.79,,,,,8 stuks,,False,,,,,,True,AH,https://www.ah.nl/producten/product/wi196910,2026-08-04,"AH Micro AAA alkaline 1,5V LR03",koken-tafelen-vrije-tijd
514506,24634,AH Kaarsjes,AH,koken-tafelen-vrije-tijd,"Koken, tafelen, vrije tijd",Taartversiering,0.99,0.99,,,,,24 stuks,,False,,,,,,True,AH,https://www.ah.nl/producten/product/wi514506,2026-08-04,AH Kaarsjes,koken-tafelen-vrije-tijd
556852,737663,AH Bord rond wit bagasse 180mm,AH,koken-tafelen-vrije-tijd,"Koken, tafelen, vrije tijd",Wegwerpborden,1.89,1.89,,,,,12 stuks,,False,,,,,,True,AH,https://www.ah.nl/producten/product/wi556852,2026-08-04,AH Bord rond wit bagasse 180mm,koken-tafelen-vrije-tijd
597561,0,"AH Micro AAA alkaline 1,5V LR03 4-pack",AH,koken-tafelen-vrije-tijd,"Koken, tafelen, vrije tijd",AAA batterijen,23.09,27.16,15.0,15% volume voordeel,,,4 stuks,,True,AHOO,15% volume voordeel,2026-08-04,2999-12-31,,True,AH,https://www.ah.nl/producten/product/wi597561,2026-08-04,"AH Micro AAA alkaline 1,5V LR03 4-pack",koken-tafelen-vrije-tijd
142807,578321, Tvfilm,,koken-tafelen-vrije-tijd,"Koken, tafelen, vrije tijd",Tijdschriften,2.74,2.74,,,,,per stuk,,False,,,,,,True,AH,https://www.ah.nl/producten/product/wi142807,2026-08-04, Tvfilm,koken-tafelen-vrije-tijd
587102,32603,AH Mes herbruikbaar,AH,koken-tafelen-vrije-tijd,"Koken, tafelen, vrije tijd",Bestek,2.99,2.99,,,,,10 stuks,,False,,,,,,True,AH,https://www.ah.nl/producten/product/wi587102,2026-08-04,AH Mes herbruikbaar,koken-tafelen-vrije-tijd
618792,0,AH Knoopcel 2032 3-pack,AH,koken-tafelen-vrije-tijd,"Koken, tafelen, vrije tijd",Knoopcelbatterijen,18.87,20.97,10.0,10% volume voordeel,,,3 stuks,,True,AHOO,10% volume voordeel,2026-08-04,2999-12-31,,True,AH,https://www.ah.nl/producten/product/wi618792,2026-08-04,AH Knoopcel 2032 3-pack,koken-tafelen-vrije-tijd
619380,0,AH Beker blad 4-pack,AH,koken-tafelen-vrije-tijd,"Koken, tafelen, vrije tijd",Wegwerpbekers,7.16,7.96,10.0,10% volume voordeel,,,4 stuks,,True,AHOO,10% volume voordeel,2026-08-04,2999-12-31,,True,AH,https://www.ah.nl/producten/product/wi619380,2026-08-04,AH Beker blad 4-pack,koken-tafelen-vrije-tijd
620996,0,AH Schaar 4-pack,AH,koken-tafelen-vrije-tijd,"Koken, tafelen, vrije tijd","Schaar, rasp, kaasschaaf",10.76,11.96,10.0,10% volume voordeel,,,4 stuks,,True,AHOO,10% volume voordeel,2026-08-04,2999-12-31,,True,AH,https://www.ah.nl/producten/product/wi620996,2026-08-04,AH Schaar 4-pack,koken-tafelen-vrije-tijd
617762,0,AH Party cups 3-pack,AH,koken-tafelen-vrije-tijd,"Koken, tafelen, vrije tijd",Wegwerpbekers,7.38,7.77,5.0,5% volume voordeel,,,3 stuks,,True,AHOO,5% volume voordeel,2026-08-04,2999-12-31,,True,AH,https://www.ah.nl/producten/product/wi617762,2026-08-04,AH Party cups 3-pack,koken-tafelen-vrije-tijd
621732,0,AH Servet ruit 3-pack,AH,koken-tafelen-vrije-tijd,"Koken, tafelen, vrije tijd",Servetten,5.67,5.97,5.0,5% volume voordeel,,,3 stuks,,True,AHOO,5% volume voordeel,2026-08-04,2999-12-31,,True,AH,https://www.ah.nl/producten/product/wi621732,2026-08-04,AH Servet ruit 3-pack,koken-tafelen-vrije-tijd
146668,88838, Varia 3* bundel,,koken-tafelen-vrije-tijd,"Koken, tafelen, vrije tijd",Puzzelboekjes,5.25,5.25,,,,,per stuk,,False,,,,,,True,AH,https://www.ah.nl/producten/product/wi146668,2026-08-04, Varia 3* bundel,koken-tafelen-vrije-tijd
441067,704701,AH Houtwol brandt schoon & geurloos,AH,koken-tafelen-vrije-tijd,"Koken, tafelen, vrije tijd",Aanmaakblokjes,4.99,4.99,,,,,40 stuks,,False,,,,,,True,AH,https://www.ah.nl/producten/product/wi441067,2026-08-04,AH Houtwol brandt schoon & geurloos,koken-tafelen-vrije-tijd
514521,25496,AH Bord blad 22cm,AH,koken-tafelen-vrije-tijd,"Koken, tafelen, vrije tijd",Wegwerpborden,1.99,1.99,,,,,10 stuks,,False,,,,,,True,AH,https://www.ah.nl/producten/product/wi514521,2026-08-04,AH Bord blad 22cm,koken-tafelen-vrije-tijd
437371,63138,Duracell 2032 Lithium-knoopcelbatterijen CR2032,Duracell,koken-tafelen-vrije-tijd,"Koken, tafelen, vrije tijd",Knoopcelbatterijen,9.99,9.99,,,,,4 stuks,,False,,,,,,True,AH,https://www.ah.nl/producten/product/wi437371,2026-08-04,Duracell 2032 Lithium-knoopcelbatterijen CR2032,koken-tafelen-vrije-tijd
514577,29072,Curver Smart fresh bewaardoos rechthoekig 1l,Curver,koken-tafelen-vrije-tijd,"Koken, tafelen, vrije tijd",Bewaardozen en diepvriesdozen,3.69,3.69,,,,,per stuk,,False,,,,,,True,AH,https://www.ah.nl/producten/product/wi514577,2026-08-04,Curver Smart fresh bewaardoos rechthoekig 1l,koken-tafelen-vrije-tijd
556497,710999,AH Theedoeken grijs,AH,koken-tafelen-vrije-tijd,"Koken, tafelen, vrije tijd",Keukentextiel,4.99,4.99,,,,,per set,,False,,,,,,True,AH,https://www.ah.nl/producten/product/wi556497,2026-08-04,AH Theedoeken grijs,koken-tafelen-vrije-tijd
589524,35198,24Basics Lijmstift 2-pack,24Basics,koken-tafelen-vrije-tijd,"Koken, tafelen, vrije tijd","Hobby, vrije tijd",2.49,2.49,,,,,2 stuks,,False,,,,,,True,AH,https://www.ah.nl/producten/product/wi589524,2026-08-04,24Basics Lijmstift 2-pack,koken-tafelen-vrije-tijd
597544,0,AH Bord jungle 22cm 2-pack,AH,koken-tafelen-vrije-tijd,"Koken, tafelen, vrije tijd",Wegwerpborden,3.86,3.98,3.0,3% volume voordeel,,,2 stuks,,True,AHOO,3% volume voordeel,2026-08-04,2999-12-31,,True,AH,https://www.ah.nl/producten/product/wi597544,2026-08-04,AH Bord jungle 22cm 2-pack,koken-tafelen-vrije-tijd
614152,0,Duracell 2032 Lithium-knoopcelbatterij CR2032 2pk,Duracell,koken-tafelen-vrije-tijd,"Koken, tafelen, vrije tijd",Knoopcelbatterijen,15.98,19.98,20.0,20% volume voordeel,,,2 stuks,,True,AHOO,20% volume voordeel,2026-08-04,2999-12-31,,True,AH,https://www.ah.nl/producten/product/wi614152,2026-08-04,Duracell 2032 Lithium-knoopcelbatterij CR2032 2pk,koken-tafelen-vrije-tijd
621044,0,AH Bakje blad 2-pack,AH,koken-tafelen-vrije-tijd,"Koken, tafelen, vrije tijd","Kommen, schaaltjes",3.86,3.98,3.0,3% volume voordeel,,,2 stuks,,True,AHOO,3% volume voordeel,2026-08-04,2999-12-31,,True,AH,https://www.ah.nl/producten/product/wi621044,2026-08-04,AH Bakje blad 2-pack,koken-tafelen-vrije-tijd
621073,0,AH Lepel herbruikbaar 2-pack,AH,koken-tafelen-vrije-tijd,"Koken, tafelen, vrije tijd",Bestek,5.8,5.98,3.0,3% volume voordeel,,,2 stuks,,True,AHOO,3% volume voordeel,2026-08-04,2999-12-31,,True,AH,https://www.ah.nl/producten/product/wi621073,2026-08-04,AH Lepel herbruikbaar 2-pack,koken-tafelen-vrije-tijd
384516,843327,Edding Permanent marker zwart,Edding,koken-tafelen-vrije-tijd,"Koken, tafelen, vrije tijd",Schrijfwaren en plakband,3.49,3.49,,,,,per stuk,,False,,,,,,True,AH,https://www.ah.nl/producten/product/wi384516,2026-08-04,Edding Permanent marker zwart,koken-tafelen-vrije-tijd
580258,23813,AH Koekenpan easy chef 28cm,AH,koken-tafelen-vrije-tijd,"Koken, tafelen, vrije tijd",Koekenpannen,19.99,19.99,,,,,per stuk,,False,,,,,,True,AH,https://www.ah.nl/producten/product/wi580258,2026-08-04,AH Koekenpan easy chef 28cm,koken-tafelen-vrije-tijd
617445,0,AH Tapasprikkers 18 cm 3-pack,AH,koken-tafelen-vrije-tijd,"Koken, tafelen, vrije tijd","Prikkers, touw",5.49,5.97,8.0,8% volume voordeel,,,3 stuks,,True,AHOO,8% volume voordeel,2026-08-04,2999-12-31,,True,AH,https://www.ah.nl/producten/product/wi617445,2026-08-04,AH Tapasprikkers 18 cm 3-pack,koken-tafelen-vrije-tijd
617446,0,AH Tapasprikkers 18 cm 4-pack,AH,koken-tafelen-vrije-tijd,"Koken, tafelen, vrije tijd","Prikkers, touw",7.16,7.96,10.0,10% volume voordeel,,,4 stuks,,True,AHOO,10% volume voordeel,2026-08-04,2999-12-31,,True,AH,https://www.ah.nl/producten/product/wi617446,2026-08-04,AH Tapasprikkers 18 cm 4-pack,koken-tafelen-vrije-tijd
619382,0,AH Bord blad 15cm 4-pack,AH,koken-tafelen-vrije-tijd,"Koken, tafelen, vrije tijd",Wegwerpborden,5.36,5.96,10.0,10% volume voordeel,,,4 stuks,,True,AHOO,10% volume voordeel,2026-08-04,2999-12-31,,True,AH,https://www.ah.nl/producten/product/wi619382,2026-08-04,AH Bord blad 15cm 4-pack,koken-tafelen-vrije-tijd
619575,0,AH Servet jungle 33cm 4-pack,AH,koken-tafelen-vrije-tijd,"Koken, tafelen, vrije tijd",Servetten,7.16,7.96,10.0,10% volume voordeel,,,4 stuks,,True,AHOO,10% volume voordeel,2026-08-04,2999-12-31,,True,AH,https://www.ah.nl/producten/product/wi619575,2026-08-04,AH Servet jungle 33cm 4-pack,koken-tafelen-vrije-tijd
620909,0,AH Koekenpan easy chef 28cm 2-pack,AH,koken-tafelen-vrije-tijd,"Koken, tafelen, vrije tijd",Koekenpannen,38.38,39.98,4.0,4% volume voordeel,,,2 stuks,,True,AHOO,4% volume voordeel,2026-08-04,2999-12-31,,True,AH,https://www.ah.nl/producten/product/wi620909,2026-08-04,AH Koekenpan easy chef 28cm 2-pack,koken-tafelen-vrije-tijd
621045,0,AH Bakje blad 3-pack,AH,koken-tafelen-vrije-tijd,"Koken, tafelen, vrije tijd","Kommen, schaaltjes",5.67,5.97,5.0,5% volume voordeel,,,3 stuks,,True,AHOO,5% volume voordeel,2026-08-04,2999-12-31,,True,AH,https://www.ah.nl/producten/product/wi621045,2026-08-04,AH Bakje blad 3-pack,koken-tafelen-vrije-tijd
621074,0,AH Lepel herbruikbaar 3-pack,AH,koken-tafelen-vrije-tijd,"Koken, tafelen, vrije tijd",Bestek,8.52,8.97,5.0,5% volume voordeel,,,3 stuks,,True,AHOO,5% volume voordeel,2026-08-04,2999-12-31,,True,AH,https://www.ah.nl/producten/product/wi621074,2026-08-04,AH Lepel herbruikbaar 3-pack,koken-tafelen-vrije-tijd
142787,29093, Libelle,,koken-tafelen-vrije-tijd,"Koken, tafelen, vrije tijd",Tijdschriften,5.99,5.99,,,,,per stuk,,False,,,,,,True,AH,https://www.ah.nl/producten/product/wi142787,2026-08-04, Libelle,koken-tafelen-vrije-tijd
514262,14535,AH Cocktail prikker,AH,koken-tafelen-vrije-tijd,"Koken, tafelen, vrije tijd","Prikkers, touw",0.99,0.99,,,,,8 stuks,,False,,,,,,True,AH,https://www.ah.nl/producten/product/wi514262,2026-08-04,AH Cocktail prikker,koken-tafelen-vrije-tijd
545166,654018,AH Theelichten 6 uur,AH,koken-tafelen-vrije-tijd,"Koken, tafelen, vrije tijd",Theelichten,4.59,4.59,,,,,50 stuks,,False,,,,,,True,AH,https://www.ah.nl/producten/product/wi545166,2026-08-04,AH Theelichten 6 uur,koken-tafelen-vrije-tijd
598418,0,AH Mes herbruikbaar 4-pack,AH,koken-tafelen-vrije-tijd,"Koken, tafelen, vrije tijd",Bestek,10.76,11.96,10.0,10% volume voordeel,,,4 stuks,,True,AHOO,10% volume voordeel,2026-08-04,2999-12-31,,True,AH,https://www.ah.nl/producten/product/wi598418,2026-08-04,AH Mes herbruikbaar 4-pack,koken-tafelen-vrije-tijd
598842,47465,Glade Geurstokjes relaxing zen,Glade,koken-tafelen-vrije-tijd,"Koken, tafelen, vrije tijd",Geurstokjes,6.99,6.99,,,,,per stuk,,False,,,,,,True,AH,https://www.ah.nl/producten/product/wi598842,2026-08-04,Glade Geurstokjes relaxing zen,koken-tafelen-vrije-tijd
619379,0,AH Beker blad 3-pack,AH,koken-tafelen-vrije-tijd,"Koken, tafelen, vrije tijd",Wegwerpbekers,5.67,5.97,5.0,5% volume voordeel,,,3 stuks,,True,AHOO,5% volume voordeel,2026-08-04,2999-12-31,,True,AH,https://www.ah.nl/producten/product/wi619379,2026-08-04,AH Beker blad 3-pack,koken-tafelen-vrije-tijd
142791,29102, Donald duck,,koken-tafelen-vrije-tijd,"Koken, tafelen, vrije tijd",Tijdschriften,4.3,4.3,,,,,per stuk,,False,,,,,,True,AH,https://www.ah.nl/producten/product/wi142791,2026-08-04, Donald duck,koken-tafelen-vrije-tijd
413841,856695,AH Bindtouw rood,AH,koken-tafelen-vrije-tijd,"Koken, tafelen, vrije tijd","Prikkers, touw",2.69,2.69,,,,,per stuk,,False,,,,,,True,AH,https://www.ah.nl/producten/product/wi413841,2026-08-04,AH Bindtouw rood,koken-tafelen-vrije-tijd
481834,736610,Duracell Plus 9V-alkaline batterijen 6LR61,Duracell,koken-tafelen-vrije-tijd,"Koken, tafelen, vrije tijd",9V batterijen en overige batterijen,7.99,7.99,,,,,per stuk,,False,,,,,,True,AH,https://www.ah.nl/producten/product/wi481834,2026-08-04,Duracell Plus 9V-alkaline batterijen 6LR61,koken-tafelen-vrije-tijd
514253,7390,AH Papieren uitdeelzakjes,AH,koken-tafelen-vrije-tijd,"Koken, tafelen, vrije tijd",Feestversiering en traktatie,1.69,1.69,,,,,8 stuks,,False,,,,,,True,AH,https://www.ah.nl/producten/product/wi514253,2026-08-04,AH Papieren uitdeelzakjes,koken-tafelen-vrije-tijd
556848,619541,AH Shot glaasjes,AH,koken-tafelen-vrije-tijd,"Koken, tafelen, vrije tijd",Wegwerpbekers,1.69,1.69,,,,,24 stuks,,False,,,,,,True,AH,https://www.ah.nl/producten/product/wi556848,2026-08-04,AH Shot glaasjes,koken-tafelen-vrije-tijd
597543,0,AH Bord blad 22cm 2-pack,AH,koken-tafelen-vrije-tijd,"Koken, tafelen, vrije tijd",Wegwerpborden,3.86,3.98,3.0,3% volume voordeel,,,2 stuks,,True,AHOO,3% volume voordeel,2026-08-04,2999-12-31,,True,AH,https://www.ah.nl/producten/product/wi597543,2026-08-04,AH Bord blad 22cm 2-pack,koken-tafelen-vrije-tijd
597775,46386,Blue Home Eierkoker,Blue Home,koken-tafelen-vrije-tijd,"Koken, tafelen, vrije tijd","Keukenmachines, blenders en staafmixers",13.49,13.49,,,,,per stuk,,False,,,,,,True,AH,https://www.ah.nl/producten/product/wi597775,2026-08-04,Blue Home Eierkoker,koken-tafelen-vrije-tijd
617327,0,AH Bindtouw rood 2-pack,AH,koken-tafelen-vrije-tijd,"Koken, tafelen, vrije tijd","Prikkers, touw",5.11,5.38,5.0,5% volume voordeel,,,2 stuks,,True,AHOO,5% volume voordeel,2026-08-04,2999-12-31,,True,AH,https://www.ah.nl/producten/product/wi617327,2026-08-04,AH Bindtouw rood 2-pack,koken-tafelen-vrije-tijd
619381,0,AH Bord blad 15cm 3-pack,AH,koken-tafelen-vrije-tijd,"Koken, tafelen, vrije tijd",Wegwerpborden,4.25,4.47,5.0,5% volume voordeel,,,3 stuks,,True,AHOO,5% volume voordeel,2026-08-04,2999-12-31,,True,AH,https://www.ah.nl/producten/product/wi619381,2026-08-04,AH Bord blad 15cm 3-pack,koken-tafelen-vrije-tijd
620910,0,AH Koekenpan easy chef 28cm 3-pack,AH,koken-tafelen-vrije-tijd,"Koken, tafelen, vrije tijd",Koekenpannen,56.97,59.97,5.0,5% volume voordeel,,,3 stuks,,True,AHOO,5% volume voordeel,2026-08-04,2999-12-31,,True,AH,https://www.ah.nl/producten/product/wi620910,2026-08-04,AH Koekenpan easy chef 28cm 3-pack,koken-tafelen-vrije-tijd
620911,0,AH Koekenpan easy chef 28cm 4-pack,AH,koken-tafelen-vrije-tijd,"Koken, tafelen, vrije tijd",Koekenpannen,74.36,79.96,7.0,7% volume voordeel,,,4 stuks,,True,AHOO,7% volume voordeel,2026-08-04,2999-12-31,,True,AH,https://www.ah.nl/producten/product/wi620911,2026-08-04,AH Koekenpan easy chef 28cm 4-pack,koken-tafelen-vrije-tijd
2856,13906,AH Haardblok,AH,koken-tafelen-vrije-tijd,"Koken, tafelen, vrije tijd",Haardhout,2.69,2.69,,,,,per stuk,,False,,,,,,True,AH,https://www.ah.nl/producten/product/wi2856,2026-08-04,AH Haardblok,koken-tafelen-vrije-tijd
598426,0,AH Theedoeken grijs 2-pack,AH,koken-tafelen-vrije-tijd,"Koken, tafelen, vrije tijd",Keukentextiel,9.68,9.98,3.0,3% volume voordeel,,,2 stuks,,True,AHOO,3% volume voordeel,2026-08-04,2999-12-31,,True,AH,https://www.ah.nl/producten/product/wi598426,2026-08-04,AH Theedoeken grijs 2-pack,koken-tafelen-vrije-tijd
612620,68331,AH Citronella geurkaarsen in blik,AH,koken-tafelen-vrije-tijd,"Koken, tafelen, vrije tijd",Geurkaarsen,2.79,2.79,,,,,per stuk,,False,,,,,,True,AH,https://www.ah.nl/producten/product/wi612620,2026-08-04,AH Citronella geurkaarsen in blik,koken-tafelen-vrije-tijd
614153,0,Duracell 2032 Lithium-knoopcelbatterij CR2032 3pk,Duracell,koken-tafelen-vrije-tijd,"Koken, tafelen, vrije tijd",Knoopcelbatterijen,20.98,29.97,30.0,30% volume voordeel,,,3 stuks,,True,AHOO,30% volume voordeel,2026-08-04,2999-12-31,,True,AH,https://www.ah.nl/producten/product/wi614153,2026-08-04,Duracell 2032 Lithium-knoopcelbatterij CR2032 3pk,koken-tafelen-vrije-tijd
41468,23442,Farmlight Lampolie helder,Farmlight,koken-tafelen-vrije-tijd,"Koken, tafelen, vrije tijd",Buitenkaarsen en lampolie,3.79,3.79,,,,,1 l,prijs per liter €3.79,False,,,,,,True,AH,https://www.ah.nl/producten/product/wi41468,2026-08-04,Farmlight Lampolie helder,koken-tafelen-vrije-tijd
136832,607128,AH AAA alkaline batterijen,AH,koken-tafelen-vrije-tijd,"Koken, tafelen, vrije tijd",AAA batterijen,3.99,3.99,,,,,4 stuks,,False,,,,,,True,AH,https://www.ah.nl/producten/product/wi136832,2026-08-04,AH AAA alkaline batterijen,koken-tafelen-vrije-tijd
413813,856665,"AH Bewaardoos 1,2 l vierkant",AH,koken-tafelen-vrije-tijd,"Koken, tafelen, vrije tijd",Bewaardozen en diepvriesdozen,3.99,3.99,,,,,3 stuks,,False,,,,,,True,AH,https://www.ah.nl/producten/product/wi413813,2026-08-04,"AH Bewaardoos 1,2 l vierkant",koken-tafelen-vrije-tijd
589536,35226,24Basics Wit papier 80gram,24Basics,koken-tafelen-vrije-tijd,"Koken, tafelen, vrije tijd",Papierwaren,2.69,2.69,,,,,100 stuks,,False,,,,,,True,AH,https://www.ah.nl/producten/product/wi589536,2026-08-04,24Basics Wit papier 80gram,koken-tafelen-vrije-tijd
598079,0,AH Shot glaasjes 4-pack,AH,koken-tafelen-vrije-tijd,"Koken, tafelen, vrije tijd",Wegwerpbekers,6.08,6.76,10.0,10% volume voordeel,,,4 stuks,,True,AHOO,10% volume voordeel,2026-08-04,2999-12-31,,True,AH,https://www.ah.nl/producten/product/wi598079,2026-08-04,AH Shot glaasjes 4-pack,koken-tafelen-vrije-tijd
617328,0,AH Bindtouw rood 3-pack,AH,koken-tafelen-vrije-tijd,"Koken, tafelen, vrije tijd","Prikkers, touw",7.42,8.07,8.0,8% volume voordeel,,,3 stuks,,True,AHOO,8% volume voordeel,2026-08-04,2999-12-31,,True,AH,https://www.ah.nl/producten/product/wi617328,2026-08-04,AH Bindtouw rood 3-pack,koken-tafelen-vrije-tijd
617329,0,AH Bindtouw rood 4-pack,AH,koken-tafelen-vrije-tijd,"Koken, tafelen, vrije tijd","Prikkers, touw",9.68,10.76,10.0,10% volume voordeel,,,4 stuks,,True,AHOO,10% volume voordeel,2026-08-04,2999-12-31,,True,AH,https://www.ah.nl/producten/product/wi617329,2026-08-04,AH Bindtouw rood 4-pack,koken-tafelen-vrije-tijd
619574,0,AH Servet jungle 33cm 3-pack,AH,koken-tafelen-vrije-tijd,"Koken, tafelen, vrije tijd",Servetten,5.67,5.97,5.0,5% volume voordeel,,,3 stuks,,True,AHOO,5% volume voordeel,2026-08-04,2999-12-31,,True,AH,https://www.ah.nl/producten/product/wi619574,2026-08-04,AH Servet jungle 33cm 3-pack,koken-tafelen-vrije-tijd
484885,739855,AH Kaars cijfer 1 kleur,AH,koken-tafelen-vrije-tijd,"Koken, tafelen, vrije tijd",Taartversiering,0.99,0.99,,,,,per stuk,,False,,,,,,True,AH,https://www.ah.nl/producten/product/wi484885,2026-08-04,AH Kaars cijfer 1 kleur,koken-tafelen-vrije-tijd
580257,23811,AH Koekenpan easy chef 24cm,AH,koken-tafelen-vrije-tijd,"Koken, tafelen, vrije tijd",Koekenpannen,14.99,14.99,,,,,per stuk,,False,,,,,,True,AH,https://www.ah.nl/producten/product/wi580257,2026-08-04,AH Koekenpan easy chef 24cm,koken-tafelen-vrije-tijd
580449,23625,Bolsius Theelichten 8 uur,Bolsius,koken-tafelen-vrije-tijd,"Koken, tafelen, vrije tijd",Theelichten,8.49,8.49,,,,,45 stuks,,False,,,,,,True,AH,https://www.ah.nl/producten/product/wi580449,2026-08-04,Bolsius Theelichten 8 uur,koken-tafelen-vrije-tijd
614162,0,Duracell Plus 9V-alkaline batterijen 6LR61 2-pack,Duracell,koken-tafelen-vrije-tijd,"Koken, tafelen, vrije tijd",9V batterijen en overige batterijen,12.78,15.98,20.0,20% volume voordeel,,,2 stuks,,True,AHOO,20% volume voordeel,2026-08-04,2999-12-31,,True,AH,https://www.ah.nl/producten/product/wi614162,2026-08-04,Duracell Plus 9V-alkaline batterijen 6LR61 2-pack,koken-tafelen-vrije-tijd
619370,0,AH Bakje blad 3-pack,AH,koken-tafelen-vrije-tijd,"Koken, tafelen, vrije tijd","Kommen, schaaltjes",5.67,5.97,5.0,5% volume voordeel,,,3 stuks,,True,AHOO,5% volume voordeel,2026-08-04,2999-12-31,,True,AH,https://www.ah.nl/producten/product/wi619370,2026-08-04,AH Bakje blad 3-pack,koken-tafelen-vrije-tijd
620906,0,AH Koekenpan easy chef 24cm 2-pack,AH,koken-tafelen-vrije-tijd,"Koken, tafelen, vrije tijd",Koekenpannen,28.78,29.98,4.0,4% volume voordeel,,,2 stuks,,True,AHOO,4% volume voordeel,2026-08-04,2999-12-31,,True,AH,https://www.ah.nl/producten/product/wi620906,2026-08-04,AH Koekenpan easy chef 24cm 2-pack,koken-tafelen-vrije-tijd
142788,29094, Margriet,,koken-tafelen-vrije-tijd,"Koken, tafelen, vrije tijd",Tijdschriften,5.6,5.6,,,,,per stuk,,False,,,,,,True,AH,https://www.ah.nl/producten/product/wi142788,2026-08-04, Margriet,koken-tafelen-vrije-tijd
413942,856797,AH Beukenhouten pollepels,AH,koken-tafelen-vrije-tijd,"Koken, tafelen, vrije tijd","Spatels, lepels, stampers",1.99,1.99,,,,,2 stuks,,False,,,,,,True,AH,https://www.ah.nl/producten/product/wi413942,2026-08-04,AH Beukenhouten pollepels,koken-tafelen-vrije-tijd
505873,851455,Greenminds Enveloppen zelfklevend c6,Greenminds,koken-tafelen-vrije-tijd,"Koken, tafelen, vrije tijd",Papierwaren,1.89,1.89,,,,,50 stuks,,False,,,,,,True,AH,https://www.ah.nl/producten/product/wi505873,2026-08-04,Greenminds Enveloppen zelfklevend c6,koken-tafelen-vrije-tijd
514524,25645,AH Tafellaken blad 138x220cm,AH,koken-tafelen-vrije-tijd,"Koken, tafelen, vrije tijd",Tafelkleed,5.49,5.49,,,,,per stuk,,False,,,,,,True,AH,https://www.ah.nl/producten/product/wi514524,2026-08-04,AH Tafellaken blad 138x220cm,koken-tafelen-vrije-tijd
598089,0,AH Tafellaken blad 2-pack,AH,koken-tafelen-vrije-tijd,"Koken, tafelen, vrije tijd",Tafelkleed,10.65,10.98,3.0,3% volume voordeel,,,2 stuks,,True,AHOO,3% volume voordeel,2026-08-04,2999-12-31,,True,AH,https://www.ah.nl/producten/product/wi598089,2026-08-04,AH Tafellaken blad 2-pack,koken-tafelen-vrije-tijd
617326,0,"AH Bewaardoos 1,2 l vierkant 3-pack",AH,koken-tafelen-vrije-tijd,"Koken, tafelen, vrije tijd",Bewaardozen en diepvriesdozen,11.01,11.97,8.0,8% volume voordeel,,,3 stuks,,True,AHOO,8% volume voordeel,2026-08-04,2999-12-31,,True,AH,https://www.ah.nl/producten/product/wi617326,2026-08-04,"AH Bewaardoos 1,2 l vierkant 3-pack",koken-tafelen-vrije-tijd
617420,0,AH Beukenhouten pollepels 2-pack,AH,koken-tafelen-vrije-tijd,"Koken, tafelen, vrije tijd","Spatels, lepels, stampers",3.78,3.98,5.0,5% volume voordeel,,,2 stuks,,True,AHOO,5% volume voordeel,2026-08-04,2999-12-31,,True,AH,https://www.ah.nl/producten/product/wi617420,2026-08-04,AH Beukenhouten pollepels 2-pack,koken-tafelen-vrije-tijd
619369,0,AH Bakje blad 2-pack,AH,koken-tafelen-vrije-tijd,"Koken, tafelen, vrije tijd","Kommen, schaaltjes",3.86,3.98,3.0,3% volume voordeel,,,2 stuks,,True,AHOO,3% volume voordeel,2026-08-04,2999-12-31,,True,AH,https://www.ah.nl/producten/product/wi619369,2026-08-04,AH Bakje blad 2-pack,koken-tafelen-vrije-tijd
621079,0,AH Mes herbruikbaar 3-pack,AH,koken-tafelen-vrije-tijd,"Koken, tafelen, vrije tijd",Bestek,8.52,8.97,5.0,5% volume voordeel,,,3 stuks,,True,AHOO,5% volume voordeel,2026-08-04,2999-12-31,,True,AH,https://www.ah.nl/producten/product/wi621079,2026-08-04,AH Mes herbruikbaar 3-pack,koken-tafelen-vrije-tijd
142794,36200, Prive,,koken-tafelen-vrije-tijd,"Koken, tafelen, vrije tijd",Tijdschriften,4.69,4.69,,,,,per stuk,,False,,,,,,True,AH,https://www.ah.nl/producten/product/wi142794,2026-08-04, Prive,koken-tafelen-vrije-tijd
214269,804137,AH Cakevormpjes,AH,koken-tafelen-vrije-tijd,"Koken, tafelen, vrije tijd",Bakvormen en accessoires,1.89,1.89,,,,,48 stuks,,False,,,,,,True,AH,https://www.ah.nl/producten/product/wi214269,2026-08-04,AH Cakevormpjes,koken-tafelen-vrije-tijd
219890,815527, Pakket stapeltje geluk,,koken-tafelen-vrije-tijd,"Koken, tafelen, vrije tijd",Tijdschriften,12.5,12.5,,,,,pakket,,False,,,,,,True,AH,https://www.ah.nl/producten/product/wi219890,2026-08-04, Pakket stapeltje geluk,koken-tafelen-vrije-tijd
384439,843315,Design Group Wijnfleszak,Design Group,koken-tafelen-vrije-tijd,"Koken, tafelen, vrije tijd",Cadeauverpakking,0.99,0.99,,,,,per stuk,,False,,,,,,True,AH,https://www.ah.nl/producten/product/wi384439,2026-08-04,Design Group Wijnfleszak,koken-tafelen-vrije-tijd
413815,856667,AH Bewaardoos 0.45 liter vierkant,AH,koken-tafelen-vrije-tijd,"Koken, tafelen, vrije tijd",Bewaardozen en diepvriesdozen,3.29,3.29,,,,,4 stuks,,False,,,,,,True,AH,https://www.ah.nl/producten/product/wi413815,2026-08-04,AH Bewaardoos 0.45 liter vierkant,koken-tafelen-vrije-tijd
413816,856668,AH Bewaardoos 0.25ltr vierkant,AH,koken-tafelen-vrije-tijd,"Koken, tafelen, vrije tijd",Bewaardozen en diepvriesdozen,2.79,2.79,,,,,4 stuks,,False,,,,,,True,AH,https://www.ah.nl/producten/product/wi413816,2026-08-04,AH Bewaardoos 0.25ltr vierkant,koken-tafelen-vrije-tijd
413842,856697,AH Eiersnijder,AH,koken-tafelen-vrije-tijd,"Koken, tafelen, vrije tijd",Keukenaccessoires,2.49,2.49,,,,,per stuk,,False,,,,,,True,AH,https://www.ah.nl/producten/product/wi413842,2026-08-04,AH Eiersnijder,koken-tafelen-vrije-tijd
413850,856706,AH Maatbeker 1 liter,AH,koken-tafelen-vrije-tijd,"Koken, tafelen, vrije tijd",Keukenaccessoires,2.99,2.99,,,,,per stuk,,False,,,,,,True,AH,https://www.ah.nl/producten/product/wi413850,2026-08-04,AH Maatbeker 1 liter,koken-tafelen-vrije-tijd
413944,856799,AH Beukenhouten spatels 35cm,AH,koken-tafelen-vrije-tijd,"Koken, tafelen, vrije tijd","Spatels, lepels, stampers",1.99,1.99,,,,,2 stuks,,False,,,,,,True,AH,https://www.ah.nl/producten/product/wi413944,2026-08-04,AH Beukenhouten spatels 35cm,koken-tafelen-vrije-tijd
429136,696746,Ana Luz Tapasschaaltje 12cm,Ana Luz,koken-tafelen-vrije-tijd,"Koken, tafelen, vrije tijd","Kommen, schaaltjes",1.59,1.59,,,,,230 g,prijs per kg €6.91,False,,,,,,True,AH,https://www.ah.nl/producten/product/wi429136,2026-08-04,Ana Luz Tapasschaaltje 12cm,koken-tafelen-vrije-tijd
481837,736613,Duracell Plus C-alkaline batterijen MN1400,Duracell,koken-tafelen-vrije-tijd,"Koken, tafelen, vrije tijd",9V batterijen en overige batterijen,7.99,7.99,,,,,2 stuks,,False,,,,,,True,AH,https://www.ah.nl/producten/product/wi481837,2026-08-04,Duracell Plus C-alkaline batterijen MN1400,koken-tafelen-vrije-tijd
571723,0,AH bewaardoos 8x250ml 2-pack,AH,koken-tafelen-vrije-tijd,"Koken, tafelen, vrije tijd",Bewaardozen en diepvriesdozen,5.36,5.58,4.0,4% volume voordeel,,,2x 8 stuks,,True,AHOO,4% volume voordeel,2026-08-04,2999-12-31,,True,AH,https://www.ah.nl/producten/product/wi571723,2026-08-04,AH bewaardoos 8x250ml 2-pack,koken-tafelen-vrije-tijd
573828,15363,AH Donatie Voedselbanken Nederland 2euro 50,AH,koken-tafelen-vrije-tijd,"Koken, tafelen, vrije tijd",Donaties,2.5,2.5,,,,,per stuk,,False,,,,,,True,AH,https://www.ah.nl/producten/product/wi573828,2026-08-04,AH Donatie Voedselbanken Nederland 2euro 50,koken-tafelen-vrije-tijd
617323,0,AH Bewaardoos 0.45 liter vierkant 2-pack,AH,koken-tafelen-vrije-tijd,"Koken, tafelen, vrije tijd",Bewaardozen en diepvriesdozen,6.32,6.58,4.0,4% volume voordeel,,,2 stuks,,True,AHOO,4% volume voordeel,2026-08-04,2999-12-31,,True,AH,https://www.ah.nl/producten/product/wi617323,2026-08-04,AH Bewaardoos 0.45 liter vierkant 2-pack,koken-tafelen-vrije-tijd
617325,0,"AH Bewaardoos 1,2 l vierkant 2-pack",AH,koken-tafelen-vrije-tijd,"Koken, tafelen, vrije tijd",Bewaardozen en diepvriesdozen,7.66,7.98,4.0,4% volume voordeel,,,2 stuks,,True,AHOO,4% volume voordeel,2026-08-04,2999-12-31,,True,AH,https://www.ah.nl/producten/product/wi617325,2026-08-04,"AH Bewaardoos 1,2 l vierkant 2-pack",koken-tafelen-vrije-tijd
617380,0,AH Eiersnijder 2-pack,AH,koken-tafelen-vrije-tijd,"Koken, tafelen, vrije tijd",Keukenaccessoires,4.73,4.98,5.0,5% volume voordeel,,,2 stuks,,True,AHOO,5% volume voordeel,2026-08-04,2999-12-31,,True,AH,https://www.ah.nl/producten/product/wi617380,2026-08-04,AH Eiersnijder 2-pack,koken-tafelen-vrije-tijd
617381,0,AH Eiersnijder 3-pack,AH,koken-tafelen-vrije-tijd,"Koken, tafelen, vrije tijd",Keukenaccessoires,6.87,7.47,8.0,8% volume voordeel,,,3 stuks,,True,AHOO,8% volume voordeel,2026-08-04,2999-12-31,,True,AH,https://www.ah.nl/producten/product/wi617381,2026-08-04,AH Eiersnijder 3-pack,koken-tafelen-vrije-tijd
