id,hq_id,title,brand,scraped_aisle,main_category,sub_category,final_price,original_price,discount_pct,discount_label,deal_price,deal_count,unit,unit_price_description,is_bonus,discount_type,bonus_mechanism,bonus_start,bonus_end,nutriscore,available_online,shop_type,url,scraped_at,title_eng,aisle_eng
588085,33267,Boursin Plantaardig knoflook & fijne kruiden,Boursin,vegetarisch-vegan-en-plantaardig,"Vegetarisch, vegan en plantaardig",Plantaardige kaas voor de borrel,3.49,3.49,,,,,150 g,prijs per kg €23.27,False,,,,,D,True,AH,https://www.ah.nl/producten/product/wi588085,2026-08-03,Boursin Plantaardig knoflook & fijne kruiden,vegetarisch-vegan-en-plantaardig
445419,707247,Kips Vega paté vol en smeuig,Kips,vegetarisch-vegan-en-plantaardig,"Vegetarisch, vegan en plantaardig",Plantaardige vleeswaren,2.49,2.49,,,,,125 g,prijs per kg €19.92,False,,,,,E,True,AH,https://www.ah.nl/producten/product/wi445419,2026-08-03,Kips Vega paté vol en smeuig,vegetarisch-vegan-en-plantaardig
412158,855694,Oatly! Haver barista edition,Oatly!,vegetarisch-vegan-en-plantaardig,"Vegetarisch, vegan en plantaardig",Haverdrink,2.89,2.89,,,,,1 l,prijs per liter €2.89,False,,,,,D,True,AH,https://www.ah.nl/producten/product/wi412158,2026-08-03,Oatly! Haver barista edition,vegetarisch-vegan-en-plantaardig
611232,0,Oatly! Haver barista edition 4-pack,Oatly!,vegetarisch-vegan-en-plantaardig,"Vegetarisch, vegan en plantaardig",Haverdrink,10.98,11.56,5.0,5% volume voordeel,,,4 stuks,,True,AHOO,5% volume voordeel,2026-08-03,2999-12-31,,True,AH,https://www.ah.nl/producten/product/wi611232,2026-08-03,Oatly! Haver barista edition 4-pack,vegetarisch-vegan-en-plantaardig
565765,4557,AH Terra Plantaardige sojadrink ongezoet,AH Terra,vegetarisch-vegan-en-plantaardig,"Vegetarisch, vegan en plantaardig",Sojadrink,0.89,0.89,,,,,1 l,prijs per liter €0.89,False,,,,,B,True,AH,https://www.ah.nl/producten/product/wi565765,2026-08-03,AH Terra Vegetable soy drink unsweetened,vegetarisch-vegan-en-plantaardig
489288,742894,AH Terra Plantaardige smeerleverworst,AH Terra,vegetarisch-vegan-en-plantaardig,"Vegetarisch, vegan en plantaardig",Plantaardige vleeswaren,1.59,1.59,,,,,125 g,prijs per kg €12.72,False,,,,,C,True,AH,https://www.ah.nl/producten/product/wi489288,2026-08-03,AH Terra Vegetable spread liver sausage,vegetarisch-vegan-en-plantaardig
565766,4558,AH Terra Amandeldrink ongezoet,AH Terra,vegetarisch-vegan-en-plantaardig,"Vegetarisch, vegan en plantaardig","Amandel, cashewdrink",1.49,1.49,,,,,1 l,prijs per liter €1.49,False,,,,,B,True,AH,https://www.ah.nl/producten/product/wi565766,2026-08-03,AH Terra Amandeldrink ongezoet,vegetarisch-vegan-en-plantaardig
462463,714670,AH Terra Plantaardige haverdrink ongezoet,AH Terra,vegetarisch-vegan-en-plantaardig,"Vegetarisch, vegan en plantaardig",Haverdrink,1.35,1.35,,,,,1 l,prijs per liter €1.35,False,,,,,C,True,AH,https://www.ah.nl/producten/product/wi462463,2026-08-03,AH Terra Plantaardige haverdrink ongezoet,vegetarisch-vegan-en-plantaardig
438961,70493,AH Plantaardige hummus naturel,AH,vegetarisch-vegan-en-plantaardig,"Vegetarisch, vegan en plantaardig",Hummus naturel,1.29,1.29,,,,,200 g,prijs per kg €6.45,False,,,,,C,True,AH,https://www.ah.nl/producten/product/wi438961,2026-08-03,AH Plantaardige hummus naturel,vegetarisch-vegan-en-plantaardig
518423,87619,Alpro Mild & creamy zonder suikers,Alpro,vegetarisch-vegan-en-plantaardig,"Vegetarisch, vegan en plantaardig",Plantaardige yoghurt naturel,2.99,2.99,,,,,755 g,prijs per kg €3.96,False,,,,,A,True,AH,https://www.ah.nl/producten/product/wi518423,2026-08-03,Alpro Mild & creamy zonder suikers,vegetarisch-vegan-en-plantaardig
604676,0,Alpro Mild & creamy zonder suikers 2-pack,Alpro,vegetarisch-vegan-en-plantaardig,"Vegetarisch, vegan en plantaardig",Plantaardige yoghurt naturel,5.68,5.98,5.0,5% volume voordeel,,,2 stuks,,True,AHOO,5% volume voordeel,2026-08-03,2999-12-31,,True,AH,https://www.ah.nl/producten/product/wi604676,2026-08-03,Alpro Mild & creamy zonder suikers 2-pack,vegetarisch-vegan-en-plantaardig
461862,714665,Alpro Barista haver,Alpro,vegetarisch-vegan-en-plantaardig,"Vegetarisch, vegan en plantaardig",Haverdrink,2.79,2.79,,,,,1 l,prijs per liter €2.79,False,,,,,A,True,AH,https://www.ah.nl/producten/product/wi461862,2026-08-03,Alpro Barista oats,vegetarisch-vegan-en-plantaardig
568161,0,Alpro Barista haver 6-pack,Alpro,vegetarisch-vegan-en-plantaardig,"Vegetarisch, vegan en plantaardig",Haverdrink,15.07,16.74,10.0,10% volume voordeel,,,6 stuks,,True,AHOO,10% volume voordeel,2026-08-03,2999-12-31,,True,AH,https://www.ah.nl/producten/product/wi568161,2026-08-03,Alpro Barista haver 6-pack,vegetarisch-vegan-en-plantaardig
570848,11083,Alpro Barista kokos,Alpro,vegetarisch-vegan-en-plantaardig,"Vegetarisch, vegan en plantaardig",Kokosdrink,2.89,2.89,,,,,"0,75 l",prijs per liter €3.85,False,,,,,B,True,AH,https://www.ah.nl/producten/product/wi570848,2026-08-03,Alpro Barista kokos,vegetarisch-vegan-en-plantaardig
202746,520009,Maza Hoemoes,Maza,vegetarisch-vegan-en-plantaardig,"Vegetarisch, vegan en plantaardig",Hummus naturel,2.49,2.49,,,,,200 g,prijs per kg €12.45,False,,,,,C,True,AH,https://www.ah.nl/producten/product/wi202746,2026-08-03,Maza Hoemoes,vegetarisch-vegan-en-plantaardig
611390,0,Maza Hoemoes 4-pack,Maza,vegetarisch-vegan-en-plantaardig,"Vegetarisch, vegan en plantaardig",Hummus naturel,9.46,9.96,5.0,5% volume voordeel,,,4 stuks,,True,AHOO,5% volume voordeel,2026-08-03,2999-12-31,,True,AH,https://www.ah.nl/producten/product/wi611390,2026-08-03,Maza Hoemoes 4-pack,vegetarisch-vegan-en-plantaardig
572134,0,Alpro Barista kokosnoot 6-pack,Alpro,vegetarisch-vegan-en-plantaardig,"Vegetarisch, vegan en plantaardig",Kokosdrink,15.61,17.34,10.0,10% volume voordeel,,,6 stuks,,True,AHOO,10% volume voordeel,2026-08-03,2999-12-31,,True,AH,https://www.ah.nl/producten/product/wi572134,2026-08-03,Alpro Barista kokosnoot 6-pack,vegetarisch-vegan-en-plantaardig
565763,4555,AH Terra Plantaardige sojadrink,AH Terra,vegetarisch-vegan-en-plantaardig,"Vegetarisch, vegan en plantaardig",Sojadrink,0.65,0.65,,,,,1 l,prijs per liter €0.65,False,,,,,B,True,AH,https://www.ah.nl/producten/product/wi565763,2026-08-03,AH Terra Plantaardige sojadrink,vegetarisch-vegan-en-plantaardig
188227,789013,Alpro Sojadrink original,Alpro,vegetarisch-vegan-en-plantaardig,"Vegetarisch, vegan en plantaardig",Sojadrink,1.99,1.99,,,,,1 l,prijs per liter €1.99,False,,,,,A,True,AH,https://www.ah.nl/producten/product/wi188227,2026-08-03,Alpro Sojadrink original,vegetarisch-vegan-en-plantaardig
562392,0,Alpro Sojadrink original 4-pack,Alpro,vegetarisch-vegan-en-plantaardig,"Vegetarisch, vegan en plantaardig",Sojadrink,7.56,7.96,5.0,5% volume voordeel,,,4 stuks,,True,AHOO,5% volume voordeel,2026-08-03,2999-12-31,,True,AH,https://www.ah.nl/producten/product/wi562392,2026-08-03,Alpro Sojadrink original 4-pack,vegetarisch-vegan-en-plantaardig
572133,0,Alpro Barista kokosnoot 4-pack,Alpro,vegetarisch-vegan-en-plantaardig,"Vegetarisch, vegan en plantaardig",Kokosdrink,10.98,11.56,5.0,5% volume voordeel,,,4 stuks,,True,AHOO,5% volume voordeel,2026-08-03,2999-12-31,,True,AH,https://www.ah.nl/producten/product/wi572133,2026-08-03,Alpro Barista kokosnoot 4-pack,vegetarisch-vegan-en-plantaardig
570842,11074,AH Terra Plantaardige barista haver,AH Terra,vegetarisch-vegan-en-plantaardig,"Vegetarisch, vegan en plantaardig",Haverdrink,1.69,1.69,,,,,1 l,prijs per liter €1.69,False,,,,,C,True,AH,https://www.ah.nl/producten/product/wi570842,2026-08-03,AH Terra Plantaardige barista haver,vegetarisch-vegan-en-plantaardig
486626,742126,Alpro Variatie op kwark zonder suikers,Alpro,vegetarisch-vegan-en-plantaardig,"Vegetarisch, vegan en plantaardig","Plantaardige kwark, vla",2.49,2.49,,,,,400 g,prijs per kg €6.23,False,,,,,A,True,AH,https://www.ah.nl/producten/product/wi486626,2026-08-03,Alpro Variatie op kwark zonder suikers,vegetarisch-vegan-en-plantaardig
593710,0,Alpro Variatie op kwark zonder suikers 2-pack,Alpro,vegetarisch-vegan-en-plantaardig,"Vegetarisch, vegan en plantaardig","Plantaardige kwark, vla",4.73,4.98,5.0,5% volume voordeel,,,2 stuks,,True,AHOO,5% volume voordeel,2026-08-03,2999-12-31,,True,AH,https://www.ah.nl/producten/product/wi593710,2026-08-03,Alpro Variatie op kwark zonder suikers 2-pack,vegetarisch-vegan-en-plantaardig
570853,11080,Oatly! Biologische barista haver,Oatly!,vegetarisch-vegan-en-plantaardig,"Vegetarisch, vegan en plantaardig",Haverdrink,2.99,2.99,,,,,1 l,prijs per liter €2.99,False,,,,,D,True,AH,https://www.ah.nl/producten/product/wi570853,2026-08-03,Oatly! Biologische barista haver,vegetarisch-vegan-en-plantaardig
611231,0,Oatly! Bio barista haver 4-pack,Oatly!,vegetarisch-vegan-en-plantaardig,"Vegetarisch, vegan en plantaardig",Haverdrink,11.36,11.96,5.0,5% volume voordeel,,,4 stuks,,True,AHOO,5% volume voordeel,2026-08-03,2999-12-31,,True,AH,https://www.ah.nl/producten/product/wi611231,2026-08-03,Oatly! Bio barista haver 4-pack,vegetarisch-vegan-en-plantaardig
591341,38699,AH Terra Soja gurt,AH Terra,vegetarisch-vegan-en-plantaardig,"Vegetarisch, vegan en plantaardig",Plantaardige yoghurt naturel,1.79,1.79,,,,,1 l,prijs per liter €1.79,False,,,,,A,True,AH,https://www.ah.nl/producten/product/wi591341,2026-08-03,AH Terra Soja gurt,vegetarisch-vegan-en-plantaardig
445420,707248,Kips Vega smeerworst kleintje,Kips,vegetarisch-vegan-en-plantaardig,"Vegetarisch, vegan en plantaardig",Plantaardige vleeswaren,2.19,2.19,,,,,6 x 20 g,prijs per kg €18.25,False,,,,,D,True,AH,https://www.ah.nl/producten/product/wi445420,2026-08-03,Kips Vega smeerworst kleintje,vegetarisch-vegan-en-plantaardig
413077,856340,Maza Hoemoes less salt,Maza,vegetarisch-vegan-en-plantaardig,"Vegetarisch, vegan en plantaardig",Hummus naturel,2.49,2.49,,,,,200 g,prijs per kg €12.45,False,,,,,C,True,AH,https://www.ah.nl/producten/product/wi413077,2026-08-03,Maza Hoemoes less salt,vegetarisch-vegan-en-plantaardig
611394,0,Maza Hoemoes less salt 4-pack,Maza,vegetarisch-vegan-en-plantaardig,"Vegetarisch, vegan en plantaardig",Hummus naturel,9.46,9.96,5.0,5% volume voordeel,,,4 stuks,,True,AHOO,5% volume voordeel,2026-08-03,2999-12-31,,True,AH,https://www.ah.nl/producten/product/wi611394,2026-08-03,Maza Hoemoes less salt 4-pack,vegetarisch-vegan-en-plantaardig
196169,794356,Alpro Mild & creamy vanille smaak,Alpro,vegetarisch-vegan-en-plantaardig,"Vegetarisch, vegan en plantaardig",Plantaardige yoghurt met smaak,2.99,2.99,,,,,750 g,prijs per kg €3.99,False,,,,,A,True,AH,https://www.ah.nl/producten/product/wi196169,2026-08-03,Alpro Mild & creamy vanille smaak,vegetarisch-vegan-en-plantaardig
604675,0,Alpro Mild & creamy vanille smaak 2-pack,Alpro,vegetarisch-vegan-en-plantaardig,"Vegetarisch, vegan en plantaardig",Plantaardige yoghurt met smaak,5.68,5.98,5.0,5% volume voordeel,,,2 stuks,,True,AHOO,5% volume voordeel,2026-08-03,2999-12-31,,True,AH,https://www.ah.nl/producten/product/wi604675,2026-08-03,Alpro Mild & creamy vanille smaak 2-pack,vegetarisch-vegan-en-plantaardig
114698,535295,Alpro Sojadrink zonder suikers,Alpro,vegetarisch-vegan-en-plantaardig,"Vegetarisch, vegan en plantaardig",Sojadrink,1.99,1.99,,,,,1 l,prijs per liter €1.99,False,,,,,A,True,AH,https://www.ah.nl/producten/product/wi114698,2026-08-03,Alpro Sojadrink zonder suikers,vegetarisch-vegan-en-plantaardig
607847,0,Alpro Sojadrink zonder suikers 4-pack,Alpro,vegetarisch-vegan-en-plantaardig,"Vegetarisch, vegan en plantaardig",Sojadrink,7.56,7.96,5.0,5% volume voordeel,,,4 stuks,,True,AHOO,5% volume voordeel,2026-08-03,2999-12-31,,True,AH,https://www.ah.nl/producten/product/wi607847,2026-08-03,Alpro Sojadrink zonder suikers 4-pack,vegetarisch-vegan-en-plantaardig
580545,23253,AH Terra Plantaardige kipstukjes,AH Terra,vegetarisch-vegan-en-plantaardig,"Vegetarisch, vegan en plantaardig",Vegetarische stukjes,3.45,3.45,,,,,300 g,prijs per kg €11.50,False,,,,,B,True,AH,https://www.ah.nl/producten/product/wi580545,2026-08-03,AH Terra Plantaardige kipstukjes,vegetarisch-vegan-en-plantaardig
556299,594391,AH Terra Plantaardig kokos gurt ongezoet,AH Terra,vegetarisch-vegan-en-plantaardig,"Vegetarisch, vegan en plantaardig",Plantaardige yoghurt met smaak,1.99,1.99,,,,,500 g,prijs per kg €3.98,False,,,,,C,True,AH,https://www.ah.nl/producten/product/wi556299,2026-08-03,AH Terra Plantaardig kokos gurt ongezoet,vegetarisch-vegan-en-plantaardig
438962,70499,AH Plantaardige hummus pikant,AH,vegetarisch-vegan-en-plantaardig,"Vegetarisch, vegan en plantaardig",Hummus met smaakje,1.39,1.39,,,,,200 g,prijs per kg €6.95,False,,,,,C,True,AH,https://www.ah.nl/producten/product/wi438962,2026-08-03,AH Plantaardige hummus pikant,vegetarisch-vegan-en-plantaardig
54074,508672,AH Komkommer,AH,groente-aardappelen,"Groente, aardappelen",Komkommer,0.99,0.99,,,,,per stuk,,False,,,,,A,True,AH,https://www.ah.nl/producten/product/wi54074,2026-08-03,AH Komkommer,groente-aardappelen
4117,646784,AH Paprika rood,AH,groente-aardappelen,"Groente, aardappelen",Paprika,0.99,0.99,,,,,per stuk,,False,,,,,A,True,AH,https://www.ah.nl/producten/product/wi4117,2026-08-03,AH Paprika red,groente-aardappelen
4164,21003,AH Courgette,AH,groente-aardappelen,"Groente, aardappelen",Courgette,0.495,0.95,47.9,2 voor 0.99,0.99,2.0,per stuk,,True,AH,2 voor 0.99,2026-08-03,2026-08-09,A,True,AH,https://www.ah.nl/producten/product/wi4164,2026-08-03,AH Courgette,groente-aardappelen
101130,529604,AH Biologisch Komkommer,AH Biologisch,groente-aardappelen,"Groente, aardappelen",Komkommer,1.65,1.65,,,,,per stuk,,False,,,,,A,True,AH,https://www.ah.nl/producten/product/wi101130,2026-08-03,AH Biologisch Komkommer,groente-aardappelen
4177,582666,AH Broccoli,AH,groente-aardappelen,"Groente, aardappelen",Broccoli,1.35,1.35,,,,,500 g,prijs per kg €2.70,False,,,,,A,True,AH,https://www.ah.nl/producten/product/wi4177,2026-08-03,AH Broccoli,groente-aardappelen
41194,21006,AH Paprika mix,AH,groente-aardappelen,"Groente, aardappelen",Paprika,1.99,1.99,,,,,3 stuks,,False,,,,,A,True,AH,https://www.ah.nl/producten/product/wi41194,2026-08-03,AH Paprika mix,groente-aardappelen
169797,597702,AH Avocado,AH,groente-aardappelen,"Groente, aardappelen",Avocado,1.39,1.39,,,,,per stuk,,False,,,,,A,True,AH,https://www.ah.nl/producten/product/wi169797,2026-08-03,AH Avocado,groente-aardappelen
129400,571118,AH Avocado eetrijp,AH,groente-aardappelen,"Groente, aardappelen",Avocado,2.99,2.99,,,,,2 stuks,,False,,,,,A,True,AH,https://www.ah.nl/producten/product/wi129400,2026-08-03,AH Avocado eetrijp,groente-aardappelen
4137,36597,AH Cherrytomaten,AH,groente-aardappelen,"Groente, aardappelen",Tomaten,1.09,1.09,,,,,250 g,prijs per kg €4.36,False,,,,,A,True,AH,https://www.ah.nl/producten/product/wi4137,2026-08-03,AH Cherrytomaten,groente-aardappelen
471641,723890,AH Snoepgroente tomaat,AH,groente-aardappelen,"Groente, aardappelen",Snoepgroente,3.29,3.29,,,,,500 g,prijs per kg €6.58,False,,,,,A,True,AH,https://www.ah.nl/producten/product/wi471641,2026-08-03,AH Snoepgroente tomaat,groente-aardappelen
171425,767852,AH Prei,AH,groente-aardappelen,"Groente, aardappelen",Prei,0.75,0.75,,,,,per stuk,,False,,,,,A,True,AH,https://www.ah.nl/producten/product/wi171425,2026-08-03,AH Prei,groente-aardappelen
169813,599987,AH Bosui,AH,groente-aardappelen,"Groente, aardappelen",Ui,0.99,0.99,,,,,per bosje,,False,,,,,A,True,AH,https://www.ah.nl/producten/product/wi169813,2026-08-03,AH Bosui,groente-aardappelen
4180,809016,AH Aubergine,AH,groente-aardappelen,"Groente, aardappelen",Aubergine,0.99,0.99,,,,,per stuk,,False,,,,,A,True,AH,https://www.ah.nl/producten/product/wi4180,2026-08-03,AH Aubergine,groente-aardappelen
502305,819328,AH Snoepgroente komkommer,AH,groente-aardappelen,"Groente, aardappelen",Snoepgroente,1.6667,2.19,23.9,3 voor 5.00,5.0,3.0,230 g,normale prijs per kg €9.52,True,AH,3 voor 5.00,2026-08-03,2026-08-09,A,True,AH,https://www.ah.nl/producten/product/wi502305,2026-08-03,AH Snoepgroente komkommer,groente-aardappelen
111767,555634,AH Rucola,AH,groente-aardappelen,"Groente, aardappelen",Sla,1.09,1.09,,,,,85 g,prijs per kg €12.82,False,,,,,A,True,AH,https://www.ah.nl/producten/product/wi111767,2026-08-03,AH Rucola,groente-aardappelen
123865,526638,AH Sweet palermo rode puntpaprika,AH,groente-aardappelen,"Groente, aardappelen",Paprika,1.69,1.69,,,,,2 stuks,,False,,,,,A,True,AH,https://www.ah.nl/producten/product/wi123865,2026-08-03,AH Sweet palermo rode puntpaprika,groente-aardappelen
123864,501842,AH Tasty Tom trostomaten,AH,groente-aardappelen,"Groente, aardappelen",Tomaten,2.79,2.79,,,,,380 g,prijs per kg €7.34,False,,,,,A,True,AH,https://www.ah.nl/producten/product/wi123864,2026-08-03,AH Tasty Tom trostomaten,groente-aardappelen
193247,794420,AH Fijngesneden ijsbergsla,AH,groente-aardappelen,"Groente, aardappelen",Sla,0.99,0.99,,,,,100 g,prijs per kg €9.90,False,,,,,A,True,AH,https://www.ah.nl/producten/product/wi193247,2026-08-03,AH Fijngesneden ijsbergsla,groente-aardappelen
4183,20960,AH Bloemkool,AH,groente-aardappelen,"Groente, aardappelen",Bloemkool,1.29,1.99,35.2,voor 1.29,1.29,,per stuk,,True,AH,VOOR 1.29,2026-08-03,2026-08-09,A,True,AH,https://www.ah.nl/producten/product/wi4183,2026-08-03,AH Bloemkool,groente-aardappelen
165583,596488,AH Sweet cherry cherrytomaten,AH,groente-aardappelen,"Groente, aardappelen",Tomaten,2.99,2.99,,,,,250 g,prijs per kg €11.96,False,,,,,A,True,AH,https://www.ah.nl/producten/product/wi165583,2026-08-03,AH Sweet cherry cherry tomatoes,groente-aardappelen
238834,831963,AH Witlof,AH,groente-aardappelen,"Groente, aardappelen",Witlof en roodlof,2.29,2.29,,,,,4 stuks,,False,,,,,A,True,AH,https://www.ah.nl/producten/product/wi238834,2026-08-03,AH Witlof,groente-aardappelen
4099,20952,AH Ijsbergsla,AH,groente-aardappelen,"Groente, aardappelen",Sla,0.99,0.99,,,,,per stuk,,False,,,,,A,True,AH,https://www.ah.nl/producten/product/wi4099,2026-08-03,AH Ijsbergsla,groente-aardappelen
129684,583659,AH IJsbergsla,AH,groente-aardappelen,"Groente, aardappelen",Sla,1.09,1.09,,,,,200 g,prijs per kg €5.45,False,,,,,A,True,AH,https://www.ah.nl/producten/product/wi129684,2026-08-03,AH IJsbergsla,groente-aardappelen
611642,67842,AH Basilicum,AH,groente-aardappelen,"Groente, aardappelen",Verse kruiden,1.19,1.19,,,,,22 g,prijs per kg €54.09,False,,,,,A,True,AH,https://www.ah.nl/producten/product/wi611642,2026-08-03,AH Basilicum,groente-aardappelen
4088,582662,AH Tomaten,AH,groente-aardappelen,"Groente, aardappelen",Tomaten,1.79,1.79,,,,,500 g,prijs per kg €3.58,False,,,,,A,True,AH,https://www.ah.nl/producten/product/wi4088,2026-08-03,AH Tomaten,groente-aardappelen
185202,780552,AH Biologisch Courgette,AH Biologisch,groente-aardappelen,"Groente, aardappelen",Courgette,1.19,1.19,,,,,per stuk,,False,,,,,A,True,AH,https://www.ah.nl/producten/product/wi185202,2026-08-03,AH Biologisch Courgette,groente-aardappelen
389076,845953,AH Biologisch Trostomaten,AH Biologisch,groente-aardappelen,"Groente, aardappelen",Tomaten,2.99,2.99,,,,,500 g,prijs per kg €5.98,False,,,,,A,True,AH,https://www.ah.nl/producten/product/wi389076,2026-08-03,AH Biologisch Trostomaten,groente-aardappelen
198690,583615,AH Mini krieltjes,AH,groente-aardappelen,"Groente, aardappelen",Krieltjes geschild,1.19,1.19,,,,,600 g,prijs per kg €1.98,False,,,,,A,True,AH,https://www.ah.nl/producten/product/wi198690,2026-08-03,AH Mini potatoes,groente-aardappelen
4160,21023,AH Knoflook,AH,groente-aardappelen,"Groente, aardappelen",Knoflook,1.45,1.45,,,,,2 stuks,,False,,,,,A,True,AH,https://www.ah.nl/producten/product/wi4160,2026-08-03,AH Knoflook,groente-aardappelen
4169,21012,AH Witte champignons,AH,groente-aardappelen,"Groente, aardappelen",Champignons,1.25,1.25,,,,,250 g,prijs per kg €5.00,False,,,,,A,True,AH,https://www.ah.nl/producten/product/wi4169,2026-08-03,AH Witte champignons,groente-aardappelen
4102,582663,AH Sperziebonen,AH,groente-aardappelen,"Groente, aardappelen",Sperziebonen,2.49,2.49,,,,,500 g,prijs per kg €4.98,False,,,,,A,True,AH,https://www.ah.nl/producten/product/wi4102,2026-08-03,AH Sperziebonen,groente-aardappelen
4083,20988,AH Gele uien,AH,groente-aardappelen,"Groente, aardappelen",Ui,1.65,1.65,,,,,1 kg,prijs per kg €1.65,False,,,,,A,True,AH,https://www.ah.nl/producten/product/wi4083,2026-08-03,AH Gele uien,groente-aardappelen
104818,526617,AH Biologisch Gember,AH Biologisch,groente-aardappelen,"Groente, aardappelen",Gember en pepers,2.19,2.19,,,,,150 g,prijs per kg €14.60,False,,,,,A,True,AH,https://www.ah.nl/producten/product/wi104818,2026-08-03,AH Biologisch Gember,groente-aardappelen
128148,583663,AH Geschrapte worteltjes grootverpakking,AH,groente-aardappelen,"Groente, aardappelen",Wortel en peen,1.79,1.79,,,,,500 g,prijs per kg €3.58,False,,,,,A,True,AH,https://www.ah.nl/producten/product/wi128148,2026-08-03,AH Geschrapte worteltjes grootverpakking,groente-aardappelen
525254,747629,AH Mini krieltjes bistro,AH,groente-aardappelen,"Groente, aardappelen",Krieltjes geschild,0.89,1.09,18.3,voor 0.89,0.89,,450 g,normale prijs per kg €2.42,True,AH,VOOR 0.89,2026-08-03,2026-08-09,B,True,AH,https://www.ah.nl/producten/product/wi525254,2026-08-03,AH Mini krieltjes bistro,groente-aardappelen
394821,846713,AH Snoepgroente worteltjes,AH,groente-aardappelen,"Groente, aardappelen",Snoepgroente,0.99,0.99,,,,,150 g,prijs per kg €6.60,False,,,,,A,True,AH,https://www.ah.nl/producten/product/wi394821,2026-08-03,AH Snoepgroente worteltjes,groente-aardappelen
4004,646767,AH Rundergehakt,AH,vlees,Vlees,Rundergehakt,4.25,4.25,,,,,300 g,prijs per kg €14.17,False,,,,,C,True,AH,https://www.ah.nl/producten/product/wi4004,2026-08-03,AH Rundergehakt,vlees
533080,683624,AH Scharrel kipfilet blokjes,AH,vlees,Vlees,Kipfilet blokjes,5.49,5.49,,,,,300 g,prijs per kg €18.30,False,,,,,A,True,AH,https://www.ah.nl/producten/product/wi533080,2026-08-03,AH Scharrel kipfilet blokjes,vlees
619797,0,AH Scharrel kipfilet blokjes 3-pack,AH,vlees,Vlees,Kipfilet blokjes,16.14,16.47,2.0,2% volume voordeel,,,3 stuks,,True,AHOO,2% volume voordeel,2026-08-03,2999-12-31,,True,AH,https://www.ah.nl/producten/product/wi619797,2026-08-03,AH Scharrel kipfilet blokjes 3-pack,vlees
619798,0,AH Scharrel kipfilet blokjes 4-pack,AH,vlees,Vlees,Kipfilet blokjes,21.3,21.96,3.0,3% volume voordeel,,,4 stuks,,True,AHOO,3% volume voordeel,2026-08-03,2999-12-31,,True,AH,https://www.ah.nl/producten/product/wi619798,2026-08-03,AH Scharrel kipfilet blokjes 4-pack,vlees
619799,0,AH Scharrel kipfilet blokjes 6-pack,AH,vlees,Vlees,Kipfilet blokjes,31.29,32.94,5.0,5% volume voordeel,,,6 stuks,,True,AHOO,5% volume voordeel,2026-08-03,2999-12-31,,True,AH,https://www.ah.nl/producten/product/wi619799,2026-08-03,AH Scharrel kipfilet blokjes 6-pack,vlees
531875,803161,AH Scharrel krokante kipfiletschnitzel,AH,vlees,Vlees,Schnitzel (kip),3.99,3.99,,,,,250 g,prijs per kg €15.96,False,,,,,,True,AH,https://www.ah.nl/producten/product/wi531875,2026-08-03,AH Scharrel krokante kipfiletschnitzel,vlees
619728,0,AH Scharrel krokante kipfiletschnitzel 2-pk,AH,vlees,Vlees,Schnitzel (kip),7.74,7.98,3.0,3% volume voordeel,,,2 stuks,,True,AHOO,3% volume voordeel,2026-08-03,2999-12-31,,True,AH,https://www.ah.nl/producten/product/wi619728,2026-08-03,AH Scharrel krokante kipfiletschnitzel 2-pk,vlees
619729,0,AH Scharrel krokante kipfiletschnitzel 3-pk,AH,vlees,Vlees,Schnitzel (kip),11.37,11.97,5.0,5% volume voordeel,,,3 stuks,,True,AHOO,5% volume voordeel,2026-08-03,2999-12-31,,True,AH,https://www.ah.nl/producten/product/wi619729,2026-08-03,AH Scharrel krokante kipfiletschnitzel 3-pk,vlees
619730,0,AH Scharrel krokante kipfiletschnitzel 4-pk,AH,vlees,Vlees,Schnitzel (kip),14.68,15.96,8.0,8% volume voordeel,,,4 stuks,,True,AHOO,8% volume voordeel,2026-08-03,2999-12-31,,True,AH,https://www.ah.nl/producten/product/wi619730,2026-08-03,AH Scharrel krokante kipfiletschnitzel 4-pk,vlees
533083,805391,AH Scharrel kipfilet 2 stuks,AH,vlees,Vlees,Kipfilet stuk,4.49,4.49,,,,,300 g,prijs per kg €14.97,False,,,,,A,True,AH,https://www.ah.nl/producten/product/wi533083,2026-08-03,AH Scharrel kipfilet 2 stuks,vlees
374144,836799,Unox Knaks,Unox,vlees,Vlees,Knakworst,2.79,2.79,,2 + 1 gratis,,2.0,400 g,normale prijs per kg €12.68,True,AH,2 + 1 gratis,2026-08-03,2026-08-09,D,True,AH,https://www.ah.nl/producten/product/wi374144,2026-08-03,Unox Knaks,vlees
590447,0,Unox Knaks 2-pack,Unox,vlees,Vlees,Knakworst,5.02,5.58,10.0,10% volume voordeel,,,2 stuks,,True,AH,10% volume voordeel,,,,True,AH,https://www.ah.nl/producten/product/wi590447,2026-08-03,Unox Knaks 2-pack,vlees
4011,646768,AH Rundergehakt,AH,vlees,Vlees,Rundergehakt,5.55,5.55,,,,,500 g,prijs per kg €11.10,False,,,,,C,True,AH,https://www.ah.nl/producten/product/wi4011,2026-08-03,AH Rundergehakt,vlees
567449,0,AH Rundergehakt 4-pack,AH,vlees,Vlees,Rundergehakt,21.09,22.2,5.0,5% volume voordeel,,,4 stuks,,True,AHOO,5% volume voordeel,2026-08-03,2999-12-31,,True,AH,https://www.ah.nl/producten/product/wi567449,2026-08-03,AH Rundergehakt 4-pack,vlees
221032,815840,Meester & Zn. Gerookte spekreepjes,Meester & Zn.,vlees,Vlees,Reepjes spek en bacon (voorverpakt),3.19,3.19,,,,,300 g,prijs per kg €10.63,False,,,,,E,True,AH,https://www.ah.nl/producten/product/wi221032,2026-08-03,Meester & Zn. Gerookte spekreepjes,vlees
561333,708531,AH Gemengd gehakt,AH,vlees,Vlees,Gehakt (half-om-half),3.79,4.59,17.4,voor 3.79,3.79,,500 g,normale prijs per kg €9.18,True,AH,VOOR 3.79,2026-08-03,2026-08-09,C,True,AH,https://www.ah.nl/producten/product/wi561333,2026-08-03,AH Gemengd gehakt,vlees
531867,803397,AH Scharrel kip cordon bleu 2 stuks,AH,vlees,Vlees,Cordon bleu (kip),3.39,3.39,,,,,250 g,prijs per kg €13.56,False,,,,,C,True,AH,https://www.ah.nl/producten/product/wi531867,2026-08-03,AH Scharrel kip cordon bleu 2 stuks,vlees
533082,805509,AH Scharrel kipschnitzel 2 stuks,AH,vlees,Vlees,Schnitzel (kip),3.19,3.19,,,,,205 g,prijs per kg €15.56,False,,,,,C,True,AH,https://www.ah.nl/producten/product/wi533082,2026-08-03,AH Scharrel kipschnitzel 2 stuks,vlees
619682,0,AH Scharrel kip cordon bleu 2 stuks 2-pack,AH,vlees,Vlees,Cordon bleu (kip),6.58,6.78,3.0,3% volume voordeel,,,2 stuks,,True,AHOO,3% volume voordeel,2026-08-03,2999-12-31,,True,AH,https://www.ah.nl/producten/product/wi619682,2026-08-03,AH Scharrel kip cordon bleu 2 stuks 2-pack,vlees
619683,0,AH Scharrel kip cordon bleu 2 stuks 3-pack,AH,vlees,Vlees,Cordon bleu (kip),9.66,10.17,5.0,5% volume voordeel,,,3 stuks,,True,AHOO,5% volume voordeel,2026-08-03,2999-12-31,,True,AH,https://www.ah.nl/producten/product/wi619683,2026-08-03,AH Scharrel kip cordon bleu 2 stuks 3-pack,vlees
619684,0,AH Scharrel kip cordon bleu 2 stuks 4-pack,AH,vlees,Vlees,Cordon bleu (kip),12.48,13.56,8.0,8% volume voordeel,,,4 stuks,,True,AHOO,8% volume voordeel,2026-08-03,2999-12-31,,True,AH,https://www.ah.nl/producten/product/wi619684,2026-08-03,AH Scharrel kip cordon bleu 2 stuks 4-pack,vlees
567361,0,AH Scharrel kipschnitzel 2 stuks 3-pack,AH,vlees,Vlees,Schnitzel (kip),9.09,9.57,5.0,5% volume voordeel,,,3 stuks,,True,AHOO,5% volume voordeel,2026-08-03,2999-12-31,,True,AH,https://www.ah.nl/producten/product/wi567361,2026-08-03,AH Scharrel kipschnitzel 2 stuks 3-pack,vlees
619803,0,AH Scharrel kipschnitzel 2 stuks 2-pack,AH,vlees,Vlees,Schnitzel (kip),6.19,6.38,3.0,3% volume voordeel,,,2 stuks,,True,AHOO,3% volume voordeel,2026-08-03,2999-12-31,,True,AH,https://www.ah.nl/producten/product/wi619803,2026-08-03,AH Scharrel kipschnitzel 2 stuks 2-pack,vlees
619804,0,AH Scharrel kipschnitzel 2 stuks 4-pack,AH,vlees,Vlees,Schnitzel (kip),11.74,12.76,8.0,8% volume voordeel,,,4 stuks,,True,AHOO,8% volume voordeel,2026-08-03,2999-12-31,,True,AH,https://www.ah.nl/producten/product/wi619804,2026-08-03,AH Scharrel kipschnitzel 2 stuks 4-pack,vlees
531832,804698,AH Scharrel kipdijfilet reepjes,AH,vlees,Vlees,Kipfilet reepjes,4.99,4.99,,,,,350 g,prijs per kg €14.26,False,,,,,,True,AH,https://www.ah.nl/producten/product/wi531832,2026-08-03,AH Scharrel kipdijfilet reepjes,vlees
531876,803098,AH Scharrel krokante kipfiletburger 2 stuks,AH,vlees,Vlees,Kipburger,3.49,3.49,,2e Halve Prijs,,2.0,200 g,normale prijs per kg €17.45,True,AH,2e Halve Prijs,2026-08-03,2026-08-09,C,True,AH,https://www.ah.nl/producten/product/wi531876,2026-08-03,AH Scharrel krokante kipfiletburger 2 stuks,vlees
619722,0,AH Scharrel krokant kipfiletburger 2 st 2pk,AH,vlees,Vlees,Kipburger,5.23,6.98,25.1,pakketkorting,,,2 stuks,,True,AHOO,,2026-08-03,2026-08-09,,True,AH,https://www.ah.nl/producten/product/wi619722,2026-08-03,AH Scharrel crispy chicken fillet burger 2 pcs 2pk,vlees
619723,0,AH Scharrel krokant kipfiletburger 2 st 3pk,AH,vlees,Vlees,Kipburger,8.72,10.47,16.7,pakketkorting,,,3 stuks,,True,AHOO,,2026-08-03,2026-08-09,,True,AH,https://www.ah.nl/producten/product/wi619723,2026-08-03,AH Scharrel krokant kipfiletburger 2 st 3pk,vlees
619724,0,AH Scharrel krokante kipfiletburger 2st 4pk,AH,vlees,Vlees,Kipburger,10.47,13.96,25.0,pakketkorting,,,4 stuks,,True,AHOO,,2026-08-03,2026-08-09,,True,AH,https://www.ah.nl/producten/product/wi619724,2026-08-03,AH Scharrel krokante kipfiletburger 2st 4pk,vlees
169238,646771,AH Runderhamburger 2st,AH,vlees,Vlees,Hamburgers (rund),3.49,3.49,,,,,200 g,prijs per kg €17.45,False,,,,,D,True,AH,https://www.ah.nl/producten/product/wi169238,2026-08-03,AH Runderhamburger 2st,vlees
187594,780708,AH Greenfields Beefburger naturel 2 stuks,AH Greenfields,vlees,Vlees,Hamburgers (rund),4.99,4.99,,1 + 1 gratis,,1.0,2 stuks,normale prijs per kg €19.96,True,AH,1 + 1 gratis,2026-08-03,2026-08-09,D,True,AH,https://www.ah.nl/producten/product/wi187594,2026-08-03,AH Greenfields Beefburger naturel 2 stuks,vlees
162009,808271,Wahid Wahid kipfilet,Wahid,vlees,Vleeswaren,Halal vleeswaren,2.69,2.69,,,,,125 g,prijs per kg €21.52,False,,,,,D,True,AH,https://www.ah.nl/producten/product/wi162009,2026-08-03,Wahid Wahid kipfilet,vlees
601157,0,Wahid Wahid kipfilet 3-pack,Wahid,vlees,Vleeswaren,Halal vleeswaren,7.67,8.07,5.0,5% volume voordeel,,,3 stuks,,True,AHOO,5% volume voordeel,2026-08-03,2999-12-31,,True,AH,https://www.ah.nl/producten/product/wi601157,2026-08-03,Wahid Wahid kipfilet 3-pack,vlees
533079,59574,AH Scharrel kipfilet 3 stuks,AH,vlees,Vlees,Kipfilet stuk,8.29,8.29,,,,,600 g,prijs per kg €13.82,False,,,,,A,True,AH,https://www.ah.nl/producten/product/wi533079,2026-08-03,AH Scharrel kipfilet 3 stuks,vlees
66067,97762,AH Kip knakworst,AH,vlees,Vlees,Knakworst,1.75,1.75,,,,,400 g,prijs per kg €8.75,False,,,,,D,True,AH,https://www.ah.nl/producten/product/wi66067,2026-08-03,AH Kip knakworst,vlees
130257,591015,AH Biologisch Spekreepjes gerookt,AH Biologisch,vlees,Vlees,Reepjes spek en bacon (voorverpakt),4.99,4.99,,,,,200 g,prijs per kg €24.95,False,,,,,E,True,AH,https://www.ah.nl/producten/product/wi130257,2026-08-03,AH Biologisch Spekreepjes gerookt,vlees
618281,0,AH Biologisch Spekreepjes gerookt 2-pack,AH Biologisch,vlees,Vlees,Reepjes spek en bacon (voorverpakt),9.48,9.98,5.0,5% volume voordeel,,,2 stuks,,True,AHOO,5% volume voordeel,2026-08-03,2999-12-31,,True,AH,https://www.ah.nl/producten/product/wi618281,2026-08-03,AH Biologisch Spekreepjes gerookt 2-pack,vlees
618285,0,AH Biologisch Spekreepjes gerookt 4-pack,AH Biologisch,vlees,Vlees,Reepjes spek en bacon (voorverpakt),16.97,19.96,15.0,15% volume voordeel,,,4 stuks,,True,AHOO,15% volume voordeel,2026-08-03,2999-12-31,,True,AH,https://www.ah.nl/producten/product/wi618285,2026-08-03,AH Biologisch Spekreepjes gerookt 4-pack,vlees
618283,0,AH Biologisch Spekreepjes gerookt 3-pack,AH Biologisch,vlees,Vlees,Reepjes spek en bacon (voorverpakt),13.47,14.97,10.0,10% volume voordeel,,,3 stuks,,True,AHOO,10% volume voordeel,2026-08-03,2999-12-31,,True,AH,https://www.ah.nl/producten/product/wi618283,2026-08-03,AH Biologisch Spekreepjes gerookt 3-pack,vlees
531848,804298,AH Scharrel kipdijfilet,AH,vlees,Vlees,Kipfilet stuk,8.85,8.85,,,,,770 g,prijs per kg €11.49,False,,,,,,True,AH,https://www.ah.nl/producten/product/wi531848,2026-08-03,AH Scharrel kipdijfilet,vlees
533081,805643,AH Kipfilethaasjes,AH,vlees,Vlees,Kipfilet stuk,5.49,5.49,,,,,300 g,prijs per kg €18.30,False,,,,,A,True,AH,https://www.ah.nl/producten/product/wi533081,2026-08-03,AH Kipfilethaasjes,vlees
619764,0,AH Kipfilethaasjes 3-pack,AH,vlees,Vlees,Kipfilet stuk,16.14,16.47,2.0,2% volume voordeel,,,3 stuks,,True,AHOO,2% volume voordeel,2026-08-03,2999-12-31,,True,AH,https://www.ah.nl/producten/product/wi619764,2026-08-03,AH Kipfilethaasjes 3-pack,vlees
619765,0,AH Kipfilethaasjes 4-pack,AH,vlees,Vlees,Kipfilet stuk,21.3,21.96,3.0,3% volume voordeel,,,4 stuks,,True,AHOO,3% volume voordeel,2026-08-03,2999-12-31,,True,AH,https://www.ah.nl/producten/product/wi619765,2026-08-03,AH Kipfilethaasjes 4-pack,vlees
619766,0,AH Kipfilethaasjes 6-pack,AH,vlees,Vlees,Kipfilet stuk,31.29,32.94,5.0,5% volume voordeel,,,6 stuks,,True,AHOO,5% volume voordeel,2026-08-03,2999-12-31,,True,AH,https://www.ah.nl/producten/product/wi619766,2026-08-03,AH Kipfilethaasjes 6-pack,vlees
451141,579436,AH Scharrel kipfilet blokjes,AH,vlees,Vlees,Kipfilet blokjes,3.99,3.99,,,,,200 g,prijs per kg €19.95,False,,,,,A,True,AH,https://www.ah.nl/producten/product/wi451141,2026-08-03,AH Scharrel kipfilet blokjes,vlees
617873,0,AH Scharrel kipfilet blokjes 3-pack,AH,vlees,Vlees,Kipfilet blokjes,11.73,11.97,2.0,2% volume voordeel,,,3 stuks,,True,AHOO,2% volume voordeel,2026-08-03,2999-12-31,,True,AH,https://www.ah.nl/producten/product/wi617873,2026-08-03,AH Scharrel kipfilet blokjes 3-pack,vlees
617874,0,AH Scharrel kipfilet blokjes 4-pack,AH,vlees,Vlees,Kipfilet blokjes,15.48,15.96,3.0,3% volume voordeel,,,4 stuks,,True,AHOO,3% volume voordeel,2026-08-03,2999-12-31,,True,AH,https://www.ah.nl/producten/product/wi617874,2026-08-03,AH Scharrel kipfilet blokjes 4-pack,vlees
617875,0,AH Scharrel kipfilet blokjes 6-pack,AH,vlees,Vlees,Kipfilet blokjes,22.74,23.94,5.0,5% volume voordeel,,,6 stuks,,True,AHOO,5% volume voordeel,2026-08-03,2999-12-31,,True,AH,https://www.ah.nl/producten/product/wi617875,2026-08-03,AH Scharrel kipfilet blokjes 6-pack,vlees
197231,793815,AH Scharrel kipdijfilet,AH,vlees,Vlees,Kipfilet stuk,5.88,5.88,,,,,ca. 480 g,prijs per kg €12.25,False,,,,,A,True,AH,https://www.ah.nl/producten/product/wi197231,2026-08-03,AH Scharrel kipdijfilet,vlees
531869,803388,AH Scharrel kip saté schnitzel 2 stuks,AH,vlees,Vlees,Schnitzel (kip),3.29,3.29,,,,,250 g,prijs per kg €13.16,False,,,,,C,True,AH,https://www.ah.nl/producten/product/wi531869,2026-08-03,AH Scharrel kip saté schnitzel 2 stuks,vlees
577829,0,AH Scharrel kipsateschnitzel 2 stuks 3-pack,AH,vlees,Vlees,Schnitzel (kip),9.38,9.87,5.0,5% volume voordeel,,,3 stuks,,True,AHOO,5% volume voordeel,2026-08-03,2999-12-31,,True,AH,https://www.ah.nl/producten/product/wi577829,2026-08-03,AH Scharrel kipsateschnitzel 2 stuks 3-pack,vlees
561331,567550,AH Gemengd gehakt,AH,vlees,Vlees,Gehakt (half-om-half),3.59,3.59,,,,,300 g,prijs per kg €11.97,False,,,,,C,True,AH,https://www.ah.nl/producten/product/wi561331,2026-08-03,AH Gemengd gehakt,vlees
619688,0,AH Scharrel kip sate schnitzel 2 stuks 2-pk,AH,vlees,Vlees,Schnitzel (kip),6.38,6.58,3.0,3% volume voordeel,,,2 stuks,,True,AHOO,3% volume voordeel,2026-08-03,2999-12-31,,True,AH,https://www.ah.nl/producten/product/wi619688,2026-08-03,AH Scharrel kip sate schnitzel 2 stuks 2-pk,vlees
531828,805051,AH Scharrel kipfilet stukjes roerbak,AH,vlees,Vlees,Kipfilet blokjes,7.99,7.99,,,,,500 g,prijs per kg €15.98,False,,,,,A,True,AH,https://www.ah.nl/producten/product/wi531828,2026-08-03,AH Scharrel kipfilet stukjes roerbak,vlees
187604,781314,AH Varkensschnitzel gepaneerd,AH,vlees,Vlees,"Schnitzel, cordon bleu",2.99,3.69,19.0,voor 2.99,2.99,,300 g,normale prijs per kg €12.30,True,AH,VOOR 2.99,2026-08-03,2026-08-09,C,True,AH,https://www.ah.nl/producten/product/wi187604,2026-08-03,AH Varkensschnitzel gepaneerd,vlees
619689,0,AH Scharrel kip sate schnitzel 2 stuks 4pk,AH,vlees,Vlees,Schnitzel (kip),12.11,13.16,8.0,8% volume voordeel,,,4 stuks,,True,AHOO,8% volume voordeel,2026-08-03,2999-12-31,,True,AH,https://www.ah.nl/producten/product/wi619689,2026-08-03,AH Scharrel kip sate schnitzel 2 stuks 4pk,vlees
619704,0,AH Scharrel kipfilet stukjes roerbak 3-pack,AH,vlees,Vlees,Kipfilet blokjes,23.49,23.97,2.0,2% volume voordeel,,,3 stuks,,True,AHOO,2% volume voordeel,2026-08-03,2999-12-31,,True,AH,https://www.ah.nl/producten/product/wi619704,2026-08-03,AH Scharrel kipfilet stukjes roerbak 3-pack,vlees
619706,0,AH Scharrel kipfilet stukjes roerbak 4-pack,AH,vlees,Vlees,Kipfilet blokjes,31.0,31.96,3.0,3% volume voordeel,,,4 stuks,,True,AHOO,3% volume voordeel,2026-08-03,2999-12-31,,True,AH,https://www.ah.nl/producten/product/wi619706,2026-08-03,AH Scharrel chicken fillet pieces stir-fry 4-pack,vlees
103377,646770,AH Runder hamburger 4 stuks,AH,vlees,Vlees,Hamburgers (rund),4.95,4.95,,,,,400 g,prijs per kg €12.38,False,,,,,D,True,AH,https://www.ah.nl/producten/product/wi103377,2026-08-03,AH Beef hamburger 4 pieces,vlees
619708,0,AH Scharrel kipfilet stukjes roerbak 6-pack,AH,vlees,Vlees,Kipfilet blokjes,45.54,47.94,5.0,5% volume voordeel,,,6 stuks,,True,AHOO,5% volume voordeel,2026-08-03,2999-12-31,,True,AH,https://www.ah.nl/producten/product/wi619708,2026-08-03,AH Scharrel kipfilet stukjes roerbak 6-pack,vlees
210607,803992,AH Shoarma,AH,vlees,Vlees,"Shoarma, Gyros",4.95,4.95,,,,,500 g,prijs per kg €9.90,False,,,,,C,True,AH,https://www.ah.nl/producten/product/wi210607,2026-08-03,AH Shoarma,vlees
165535,638198,AH Scharrel kipfilet gerookt,AH,vlees,Vlees,Gerookte kip,3.39,3.39,,,,,ca. 160 g,prijs per kg €21.19,False,,,,,B,True,AH,https://www.ah.nl/producten/product/wi165535,2026-08-03,AH Scharrel kipfilet gerookt,vlees
4007,646778,AH Half-om-half gehakt,AH,vlees,Vlees,Gehakt (half-om-half),4.59,4.59,,,,,500 g,prijs per kg €9.18,False,,,,,C,True,AH,https://www.ah.nl/producten/product/wi4007,2026-08-03,AH Half-and-half minced meat,vlees
533085,805332,AH Scharrel kipburger 2 stuks,AH,vlees,Vlees,Kipburger,3.59,3.59,,2e Halve Prijs,,2.0,250 g,normale prijs per kg €14.36,True,AH,2e Halve Prijs,2026-08-03,2026-08-09,C,True,AH,https://www.ah.nl/producten/product/wi533085,2026-08-03,AH Scharrel kipburger 2 stuks,vlees
436917,701237,AH Kipgehakt naturel,AH,vlees,Vlees,Gehakt (kip),3.99,3.99,,,,,300 g,prijs per kg €13.30,False,,,,,,True,AH,https://www.ah.nl/producten/product/wi436917,2026-08-03,AH Kipgehakt naturel,vlees
602333,0,AH Scharrel kipburger 2 stuks 2-pack,AH,vlees,Vlees,Kipburger,5.38,7.18,25.1,pakketkorting,,,2 stuks,,True,AHOO,,2026-08-03,2026-08-09,,True,AH,https://www.ah.nl/producten/product/wi602333,2026-08-03,AH Scharrel kipburger 2 stuks 2-pack,vlees
531871,803369,AH Scharrel kipburger gepaneerd 2 stuks,AH,vlees,Vlees,Kipburger,2.79,2.79,,2e Halve Prijs,,2.0,200 g,normale prijs per kg €13.95,True,AH,2e Halve Prijs,2026-08-03,2026-08-09,C,True,AH,https://www.ah.nl/producten/product/wi531871,2026-08-03,AH Scharrel kipburger gepaneerd 2 stuks,vlees
483907,738255,AH Varkensslavink 4 stuks,AH,vlees,Vlees,"Slavinken, boomstammetjes",3.99,3.99,,,,,4 stuks,,False,,,,,D,True,AH,https://www.ah.nl/producten/product/wi483907,2026-08-03,AH Varkensslavink 4 stuks,vlees
132227,590598,AH Kipreepjes,AH,vlees,Vlees,Gerookte kip,3.99,3.99,,,,,200 g,prijs per kg €19.95,False,,,,,D,True,AH,https://www.ah.nl/producten/product/wi132227,2026-08-03,AH Kipreepjes,vlees
238946,830738,AH Rundersoepballetjes,AH,vlees,Vlees,Soepvlees (rund),3.59,3.59,,,,,ca. 250 g,prijs per kg €14.36,False,,,,,D,True,AH,https://www.ah.nl/producten/product/wi238946,2026-08-03,AH Rundersoepballetjes,vlees
619796,0,AH Scharrel kipburger 2 stuks 4-pack,AH,vlees,Vlees,Kipburger,10.77,14.36,25.0,pakketkorting,,,4 stuks,,True,AHOO,,2026-08-03,2026-08-09,,True,AH,https://www.ah.nl/producten/product/wi619796,2026-08-03,AH Scharrel kipburger 2 stuks 4-pack,vlees
619795,0,AH Scharrel kipburger 2 stuks 3-pack,AH,vlees,Vlees,Kipburger,8.97,10.77,16.7,pakketkorting,,,3 stuks,,True,AHOO,,2026-08-03,2026-08-09,,True,AH,https://www.ah.nl/producten/product/wi619795,2026-08-03,AH Scharrel kipburger 2 stuks 3-pack,vlees
169172,646773,AH Rundertartaar,AH,vlees,Vlees,Tartaar,3.99,3.99,,,,,2 stuks,,False,,,,,C,True,AH,https://www.ah.nl/producten/product/wi169172,2026-08-03,AH Rundertartaar,vlees
199715,780705,AH Mager rundergehakt 300g,AH,vlees,Vlees,Rundergehakt,4.69,4.69,,,,,300 g,prijs per kg €15.63,False,,,,,C,True,AH,https://www.ah.nl/producten/product/wi199715,2026-08-03,AH Mager rundergehakt 300g,vlees
603293,0,AH Kipreepjes 2-pack,AH,vlees,Vlees,Gerookte kip,7.58,7.98,5.0,5% volume voordeel,,,2 stuks,,True,AHOO,5% volume voordeel,2026-08-03,2999-12-31,,True,AH,https://www.ah.nl/producten/product/wi603293,2026-08-03,AH Kipreepjes 2-pack,vlees
1565,779494,AH Ontbijtspek,AH,vlees,Vleeswaren,Plakken spek en bacon (voorverpakt),3.35,3.35,,,,,150 g,prijs per kg €22.33,False,,,,,E,True,AH,https://www.ah.nl/producten/product/wi1565,2026-08-03,AH Ontbijtspek,vlees
169421,646764,AH Braadworst 4 stuks,AH,vlees,Vlees,Worst (varken),3.19,3.19,,,,,4 stuks,,False,,,,,D,True,AH,https://www.ah.nl/producten/product/wi169421,2026-08-03,AH Braadworst 4 stuks,vlees
612614,68665,AH BBQ scharrel kipsatéspies,AH,vlees,Vlees,Kipfilet blokjes,4.99,4.99,,,,,ca. 200 g,prijs per kg €24.95,False,,,,,A,True,AH,https://www.ah.nl/producten/product/wi612614,2026-08-03,AH BBQ scharrel kipsatéspies,vlees
232208,822313,AH Varkenshaas,AH,vlees,Vlees,Varkenshaas,6.0,6.0,,,,,2 stuks,prijs per kg €12.50,False,,,,,A,True,AH,https://www.ah.nl/producten/product/wi232208,2026-08-03,AH Varkenshaas,vlees
130250,590596,AH Spekreepjes gerookt,AH,vlees,Vlees,Reepjes spek en bacon (voorverpakt),4.99,4.99,,,,,250 g,prijs per kg €19.96,False,,,,,E,True,AH,https://www.ah.nl/producten/product/wi130250,2026-08-03,AH Spekreepjes gerookt,vlees
436752,60727,AH Biologisch Rundergehakt,AH Biologisch,vlees,Vlees,Rundergehakt,5.99,5.99,,,,,300 g,prijs per kg €19.97,False,,,,,,True,AH,https://www.ah.nl/producten/product/wi436752,2026-08-03,AH Biologisch Rundergehakt,vlees
617771,0,AH Biologisch Rundergehakt 3-pack,AH Biologisch,vlees,Vlees,Rundergehakt,17.43,17.97,3.0,3% volume voordeel,,,3 stuks,,True,AHOO,3% volume voordeel,2026-08-03,2999-12-31,,True,AH,https://www.ah.nl/producten/product/wi617771,2026-08-03,AH Biologisch Rundergehakt 3-pack,vlees
617773,0,AH Biologisch Rundergehakt 4-pck,AH Biologisch,vlees,Vlees,Rundergehakt,22.76,23.96,5.0,5% volume voordeel,,,4 stuks,,True,AHOO,5% volume voordeel,2026-08-03,2999-12-31,,True,AH,https://www.ah.nl/producten/product/wi617773,2026-08-03,AH Biologisch Rundergehakt 4-pck,vlees
617775,0,AH Biologisch Rundergehakt 6 pck,AH Biologisch,vlees,Vlees,Rundergehakt,33.06,35.94,8.0,8% volume voordeel,,,6 stuks,,True,AHOO,8% volume voordeel,2026-08-03,2999-12-31,,True,AH,https://www.ah.nl/producten/product/wi617775,2026-08-03,AH Biologisch Rundergehakt 6 pck,vlees
566664,0,AH Gerookte spekreepjes 2-pack,AH,vlees,Vlees,Reepjes spek en bacon (voorverpakt),9.48,9.98,5.0,5% volume voordeel,,,2 stuks,,True,AHOO,5% volume voordeel,2026-08-03,2999-12-31,,True,AH,https://www.ah.nl/producten/product/wi566664,2026-08-03,AH Gerookte spekreepjes 2-pack,vlees
618117,0,AH Kipreepjes 4-pack,AH,vlees,Vlees,Gerookte kip,13.57,15.96,15.0,15% volume voordeel,,,4 stuks,,True,AHOO,15% volume voordeel,2026-08-03,2999-12-31,,True,AH,https://www.ah.nl/producten/product/wi618117,2026-08-03,AH Kipreepjes 4-pack,vlees
618116,0,AH Kipreepjes 3-pack,AH,vlees,Vlees,Gerookte kip,10.77,11.97,10.0,10% volume voordeel,,,3 stuks,,True,AHOO,10% volume voordeel,2026-08-03,2999-12-31,,True,AH,https://www.ah.nl/producten/product/wi618116,2026-08-03,AH Kipreepjes 3-pack,vlees
589124,35035,AH Scharrel kipdijfiletblokjes,AH,vlees,Vlees,Kipfilet blokjes,3.99,3.99,,,,,300 g,prijs per kg €13.30,False,,,,,,True,AH,https://www.ah.nl/producten/product/wi589124,2026-08-03,AH Scharrel kipdijfiletblokjes,vlees
57741,517712,AH Biologisch Kipfilet 2 stuks,AH Biologisch,vlees,Vlees,Kipfilet stuk,9.69,9.69,,,,,ca. 320 g,prijs per kg €30.28,False,,,,,A,True,AH,https://www.ah.nl/producten/product/wi57741,2026-08-03,AH Biologisch Kipfilet 2 stuks,vlees
454769,63154,AH Scharrel kipreepjes Italiaans gebraden,AH,vlees,Vlees,Gebraden kip,3.99,3.99,,,,,150 g,prijs per kg €26.60,False,,,,,B,True,AH,https://www.ah.nl/producten/product/wi454769,2026-08-03,AH Scharrel kipreepjes Italiaans gebraden,vlees
618113,0,AH Biologisch Kipfilet 2 stuks 3-pack,AH Biologisch,vlees,Vlees,Kipfilet stuk,28.49,29.07,2.0,2% volume voordeel,,,3 stuks,,True,AHOO,2% volume voordeel,2026-08-03,2999-12-31,,True,AH,https://www.ah.nl/producten/product/wi618113,2026-08-03,AH Biologisch Kipfilet 2 stuks 3-pack,vlees
618115,0,AH Biologisch Kipfilet 2 stuks 6-pack,AH Biologisch,vlees,Vlees,Kipfilet stuk,55.23,58.14,5.0,5% volume voordeel,,,6 stuks,,True,AHOO,5% volume voordeel,2026-08-03,2999-12-31,,True,AH,https://www.ah.nl/producten/product/wi618115,2026-08-03,AH Biologisch Kipfilet 2 stuks 6-pack,vlees
618114,0,AH Biologisch Kipfilet 2 stuks 4-pack,AH Biologisch,vlees,Vlees,Kipfilet stuk,37.6,38.76,3.0,3% volume voordeel,,,4 stuks,,True,AHOO,3% volume voordeel,2026-08-03,2999-12-31,,True,AH,https://www.ah.nl/producten/product/wi618114,2026-08-03,AH Biologisch Kipfilet 2 stuks 4-pack,vlees
436775,61107,AH BBQ worst smokey,AH,vlees,Vlees,Worst (varken),4.5,4.5,,,,,350 g,prijs per kg €12.86,False,,,,,E,True,AH,https://www.ah.nl/producten/product/wi436775,2026-08-03,AH BBQ worst smokey,vlees
133413,646769,AH Hamburger 8 stuks,AH,vlees,Vlees,Hamburgers (rund),8.99,8.99,,,,,800 g,prijs per kg €11.24,False,,,,,D,True,AH,https://www.ah.nl/producten/product/wi133413,2026-08-03,AH Hamburger 8 stuks,vlees
617731,0,AH BBQ worst smokey 3-pack,AH,vlees,Vlees,Worst (varken),12.82,13.5,5.0,5% volume voordeel,,,3 stuks,,True,AHOO,5% volume voordeel,2026-08-03,2999-12-31,,True,AH,https://www.ah.nl/producten/product/wi617731,2026-08-03,AH BBQ worst smokey 3-pack,vlees
531884,803038,AH Scharrel kipkluifjes gemarineerd,AH,vlees,Vlees,Kipkluifjes,3.89,3.89,,,,,500 g,prijs per kg €7.78,False,,,,,D,True,AH,https://www.ah.nl/producten/product/wi531884,2026-08-03,AH Free-range chicken wings marinated,vlees
617732,0,AH BBQ worst smokey 4-pack,AH,vlees,Vlees,Worst (varken),16.2,18.0,10.0,10% volume voordeel,,,4 stuks,,True,AHOO,10% volume voordeel,2026-08-03,2999-12-31,,True,AH,https://www.ah.nl/producten/product/wi617732,2026-08-03,AH BBQ worst smokey 4-pack,vlees
618627,0,AH Scharrelkipreepjes Italiaan gebraden 3pk,AH,vlees,Vlees,Gebraden kip,11.73,11.97,2.0,2% volume voordeel,,,3 stuks,,True,AHOO,2% volume voordeel,2026-08-03,2999-12-31,,True,AH,https://www.ah.nl/producten/product/wi618627,2026-08-03,AH Scharrelkipreepjes Italiaan gebraden 3pk,vlees
436759,60795,AH Biologisch Runderchipolata,AH Biologisch,vlees,Vlees,Worst (rund),3.99,3.99,,,,,5 stuks,,False,,,,,D,True,AH,https://www.ah.nl/producten/product/wi436759,2026-08-03,AH Biologisch Runderchipolata,vlees
617768,0,AH Biologisch Runderchipolata 2-pack,AH Biologisch,vlees,Vlees,Worst (rund),7.66,7.98,4.0,4% volume voordeel,,,2 stuks,,True,AHOO,4% volume voordeel,2026-08-03,2999-12-31,,True,AH,https://www.ah.nl/producten/product/wi617768,2026-08-03,AH Biologisch Runderchipolata 2-pack,vlees
617770,0,AH Biologisch Runderchipolata 4-pack,AH Biologisch,vlees,Vlees,Worst (rund),14.2,15.96,11.0,11% volume voordeel,,,4 stuks,,True,AHOO,11% volume voordeel,2026-08-03,2999-12-31,,True,AH,https://www.ah.nl/producten/product/wi617770,2026-08-03,AH Biologisch Runderchipolata 4-pack,vlees
617769,0,AH Biologisch Runderchipolata 3-pack,AH Biologisch,vlees,Vlees,Worst (rund),10.89,11.97,9.0,9% volume voordeel,,,3 stuks,,True,AHOO,9% volume voordeel,2026-08-03,2999-12-31,,True,AH,https://www.ah.nl/producten/product/wi617769,2026-08-03,AH Biologisch Runderchipolata 3-pack,vlees
436750,60718,AH Biologisch Mager rundergehakt,AH Biologisch,vlees,Vlees,Rundergehakt,6.49,6.49,,,,,300 g,prijs per kg €21.63,False,,,,,,True,AH,https://www.ah.nl/producten/product/wi436750,2026-08-03,AH Biologisch Mager rundergehakt,vlees
617755,0,AH Biologisch Mager rundergehakt 3-pack,AH Biologisch,vlees,Vlees,Rundergehakt,18.89,19.47,3.0,3% volume voordeel,,,3 stuks,,True,AHOO,3% volume voordeel,2026-08-03,2999-12-31,,True,AH,https://www.ah.nl/producten/product/wi617755,2026-08-03,AH Biologisch Mager rundergehakt 3-pack,vlees
618628,0,AH Scharrelkipreepjes Italians gebraden 4pk,AH,vlees,Vlees,Gebraden kip,15.48,15.96,3.0,3% volume voordeel,,,4 stuks,,True,AHOO,3% volume voordeel,2026-08-03,2999-12-31,,True,AH,https://www.ah.nl/producten/product/wi618628,2026-08-03,AH Scharrelkipreepjes Italians gebraden 4pk,vlees
618629,0,AH Scharrelkipreepjes Italians gebraden 5pk,AH,vlees,Vlees,Gebraden kip,19.15,19.95,4.0,4% volume voordeel,,,5 stuks,,True,AHOO,4% volume voordeel,2026-08-03,2999-12-31,,True,AH,https://www.ah.nl/producten/product/wi618629,2026-08-03,AH Scharrelkipreepjes Italians gebraden 5pk,vlees
617756,0,AH Biologisch Mager rundergehakt 4-pack,AH Biologisch,vlees,Vlees,Rundergehakt,24.66,25.96,5.0,5% volume voordeel,,,4 stuks,,True,AHOO,5% volume voordeel,2026-08-03,2999-12-31,,True,AH,https://www.ah.nl/producten/product/wi617756,2026-08-03,AH Biologisch Mager rundergehakt 4-pack,vlees
617757,0,AH Biologisch Mager rundergehakt 6-pack,AH Biologisch,vlees,Vlees,Rundergehakt,35.82,38.94,8.0,8% volume voordeel,,,6 stuks,,True,AHOO,8% volume voordeel,2026-08-03,2999-12-31,,True,AH,https://www.ah.nl/producten/product/wi617757,2026-08-03,AH Biologisch Mager rundergehakt 6-pack,vlees
618284,0,AH Spekreepjes gerookt 4-pack,AH,vlees,Vlees,Reepjes spek en bacon (voorverpakt),16.97,19.96,15.0,15% volume voordeel,,,4 stuks,,True,AHOO,15% volume voordeel,2026-08-03,2999-12-31,,True,AH,https://www.ah.nl/producten/product/wi618284,2026-08-03,AH Spekreepjes gerookt 4-pack,vlees
618282,0,AH Spekreepjes gerookt 3-pack,AH,vlees,Vlees,Reepjes spek en bacon (voorverpakt),13.47,14.97,10.0,10% volume voordeel,,,3 stuks,,True,AHOO,10% volume voordeel,2026-08-03,2999-12-31,,True,AH,https://www.ah.nl/producten/product/wi618282,2026-08-03,AH Spekreepjes gerookt 3-pack,vlees
219828,804460,AH Biologisch Kipfiletblokjes,AH Biologisch,vlees,Vlees,Kipfilet blokjes,7.99,7.99,,,,,ca. 250 g,prijs per kg €31.96,False,,,,,A,True,AH,https://www.ah.nl/producten/product/wi219828,2026-08-03,AH Biologisch Kipfiletblokjes,vlees
199780,792584,AH BBQ grillburger,AH,vlees,Vlees,Hamburgers (rund),5.99,5.99,,,,,4 stuks,prijs per kg €18.72,False,,,,,D,True,AH,https://www.ah.nl/producten/product/wi199780,2026-08-03,AH BBQ grillburger,vlees
147246,808270,Wahid Kipboterhamworst,Wahid,vlees,Vleeswaren,Halal vleeswaren,1.99,1.99,,,,,125 g,prijs per kg €15.92,False,,,,,D,True,AH,https://www.ah.nl/producten/product/wi147246,2026-08-03,Wahid Kipboterhamworst,vlees
601149,0,Wahid Kipboterhamworst 3-pack,Wahid,vlees,Vleeswaren,Halal vleeswaren,5.67,5.97,5.0,5% volume voordeel,,,3 stuks,,True,AHOO,5% volume voordeel,2026-08-03,2999-12-31,,True,AH,https://www.ah.nl/producten/product/wi601149,2026-08-03,Wahid Kipboterhamworst 3-pack,vlees
477885,731212,AH Scharrel kipflakes kebab,AH,vlees,Vlees,Gebraden kip,3.99,3.99,,,,,225 g,prijs per kg €17.73,False,,,,,B,True,AH,https://www.ah.nl/producten/product/wi477885,2026-08-03,AH Scharrel kipflakes kebab,vlees
130255,590602,AH Mager spekblokjes,AH,vlees,Vlees,Blokjes spek (voorverpakt),4.59,4.59,,,,,250 g,prijs per kg €18.36,False,,,,,D,True,AH,https://www.ah.nl/producten/product/wi130255,2026-08-03,AH Mager spekblokjes,vlees
220401,815436,AH Biologisch Ontbijtspek,AH Biologisch,vlees,Vleeswaren,Plakken spek en bacon (versafdeling),2.99,2.99,,,,,ca. 100 g,prijs per kg €29.90,False,,,,,E,True,AH,https://www.ah.nl/producten/product/wi220401,2026-08-03,AH Organic Breakfast Bacon,vlees
577858,0,AH Scharrel gebraden kipflakes kebab 3-pack,AH,vlees,Vlees,Gebraden kip,11.73,11.97,2.0,2% volume voordeel,,,3 stuks,,True,AHOO,2% volume voordeel,2026-08-03,2999-12-31,,True,AH,https://www.ah.nl/producten/product/wi577858,2026-08-03,AH Scharrel gebraden kipflakes kebab 3-pack,vlees
531852,804325,AH Scharrel kipbraadworst 4 stuks,AH,vlees,Vlees,Worst (kip),3.99,3.99,,,,,300 g,prijs per kg €13.30,False,,,,,C,True,AH,https://www.ah.nl/producten/product/wi531852,2026-08-03,AH Scharrel kipbraadworst 4 stuks,vlees
566665,0,AH Mager spekblokjes 2-pack,AH,vlees,Vlees,Blokjes spek (voorverpakt),8.72,9.18,5.0,5% volume voordeel,,,2 stuks,,True,AHOO,5% volume voordeel,2026-08-03,2999-12-31,,True,AH,https://www.ah.nl/producten/product/wi566665,2026-08-03,AH Mager spekblokjes 2-pack,vlees
436753,60729,AH Biologisch Rundergehakt 500g,AH,vlees,Vlees,Rundergehakt,8.99,8.99,,,,,500 g,prijs per kg €17.98,False,,,,,D,True,AH,https://www.ah.nl/producten/product/wi436753,2026-08-03,AH Biologisch Rundergehakt 500g,vlees
617774,0,AH Biologisch Rundergehakt 4-pack,AH Biologisch,vlees,Vlees,Rundergehakt,34.16,35.96,5.0,5% volume voordeel,,,4 stuks,,True,AHOO,5% volume voordeel,2026-08-03,2999-12-31,,True,AH,https://www.ah.nl/producten/product/wi617774,2026-08-03,AH Biologisch Rundergehakt 4-pack,vlees
617772,0,AH Biologisch Rundergehakt 3-pack,AH Biologisch,vlees,Vlees,Rundergehakt,26.16,26.97,3.0,3% volume voordeel,,,3 stuks,,True,AHOO,3% volume voordeel,2026-08-03,2999-12-31,,True,AH,https://www.ah.nl/producten/product/wi617772,2026-08-03,AH Biologisch Rundergehakt 3-pack,vlees
617776,0,AH Biologisch Rundergehakt 6-pack,AH Biologisch,vlees,Vlees,Rundergehakt,49.62,53.94,8.0,8% volume voordeel,,,6 stuks,,True,AHOO,8% volume voordeel,2026-08-03,2999-12-31,,True,AH,https://www.ah.nl/producten/product/wi617776,2026-08-03,AH Biologisch Rundergehakt 6-pack,vlees
533086,805259,AH Scharrel kipkaasschnitzel 2 stuks,AH,vlees,Vlees,Schnitzel (kip),2.99,2.99,,,,,200 g,prijs per kg €14.95,False,,,,,D,True,AH,https://www.ah.nl/producten/product/wi533086,2026-08-03,AH Scharrel kipkaasschnitzel 2 stuks,vlees
612612,68663,AH BBQ scharrel kipsaté grootverpakking,AH,vlees,Vlees,Kipfilet blokjes,6.99,6.99,,,,,ca. 400 g,prijs per kg €17.48,False,,,,,C,True,AH,https://www.ah.nl/producten/product/wi612612,2026-08-03,AH BBQ scharrel kipsaté grootverpakking,vlees
619800,0,AH Scharrel kipkaasschnitzel 2 stuks 2-pack,AH,vlees,Vlees,Schnitzel (kip),,,3.0,3% volume voordeel,,,2 stuks,,True,AH,3% volume voordeel,,,,True,AH,https://www.ah.nl/producten/product/wi619800,2026-08-03,AH Scharrel kipkaasschnitzel 2 stuks 2-pack,vlees
619801,0,AH Scharrel kipkaasschnitzel 2 stuks 3-pack,AH,vlees,Vlees,Schnitzel (kip),,,5.0,5% volume voordeel,,,3 stuks,,True,AH,5% volume voordeel,,,,True,AH,https://www.ah.nl/producten/product/wi619801,2026-08-03,AH Free range chicken cheese schnitzel 2 pieces 3-pack,vlees
619802,0,AH Scharrel kipkaasschnitzel 2 stuks 4-pack,AH,vlees,Vlees,Schnitzel (kip),,,8.0,8% volume voordeel,,,4 stuks,,True,AH,8% volume voordeel,,,,True,AH,https://www.ah.nl/producten/product/wi619802,2026-08-03,AH Scharrel kipkaasschnitzel 2 stuks 4-pack,vlees
533084,805501,AH Scharrel kip shoarma,AH,vlees,Vlees,"Kip shoarma, kebab, gyros",5.79,5.79,,,,,400 g,prijs per kg €14.48,False,,,,,,True,AH,https://www.ah.nl/producten/product/wi533084,2026-08-03,AH Scharrel kip shoarma,vlees
187592,780706,AH Mager rundergehakt,AH,vlees,Vlees,Rundergehakt,6.79,6.79,,,,,500 g,prijs per kg €13.58,False,,,,,C,True,AH,https://www.ah.nl/producten/product/wi187592,2026-08-03,AH Mager rundergehakt,vlees
123833,572511,AH Biefstuk 2 stuks,AH,vlees,Vlees,Biefstuk,9.29,9.29,,,,,ca. 275 g,prijs per kg €33.78,False,,,,,A,True,AH,https://www.ah.nl/producten/product/wi123833,2026-08-03,AH Biefstuk 2 stuks,vlees
598038,0,AH Scharrel gerookte kipfilet 2-pack,AH,vlees,Vlees,Gerookte kip,7.16,7.38,3.0,3% volume voordeel,,,2 stuks,,True,AH,3% volume voordeel,,,,True,AH,https://www.ah.nl/producten/product/wi598038,2026-08-03,AH Scharrel gerookte kipfilet 2-pack,vlees
619792,0,AH Scharrel kip shoarma 3-pack,AH,vlees,Vlees,"Kip shoarma, kebab, gyros",17.02,17.37,2.0,2% volume voordeel,,,3 stuks,,True,AHOO,2% volume voordeel,2026-08-03,2999-12-31,,True,AH,https://www.ah.nl/producten/product/wi619792,2026-08-03,AH Scharrel kip shoarma 3-pack,vlees
617936,0,AH Biefstuk 2 stuks 3-pack,AH,vlees,Vlees,Biefstuk,26.48,27.87,5.0,5% volume voordeel,,,3 stuks,,True,AHOO,5% volume voordeel,2026-08-03,2999-12-31,,True,AH,https://www.ah.nl/producten/product/wi617936,2026-08-03,AH Biefstuk 2 stuks 3-pack,vlees
442052,83259,AH Magere knakworst,AH,vlees,Vlees,Knakworst,1.99,1.99,,,,,400 g,prijs per kg €9.95,False,,,,,C,True,AH,https://www.ah.nl/producten/product/wi442052,2026-08-03,AH Magere knakworst,vlees
617937,0,AH Biefstuk 2 stuks 4-pack,AH,vlees,Vlees,Biefstuk,33.44,37.16,10.0,10% volume voordeel,,,4 stuks,,True,AHOO,10% volume voordeel,2026-08-03,2999-12-31,,True,AH,https://www.ah.nl/producten/product/wi617937,2026-08-03,AH Biefstuk 2 stuks 4-pack,vlees
619794,0,AH Scharrel kip shoarma 5-pack,AH,vlees,Vlees,"Kip shoarma, kebab, gyros",27.5,28.95,5.0,5% volume voordeel,,,5 stuks,,True,AHOO,5% volume voordeel,2026-08-03,2999-12-31,,True,AH,https://www.ah.nl/producten/product/wi619794,2026-08-03,AH Scharrel kip shoarma 5-pack,vlees
619793,0,AH Scharrel kip shoarma 4-pack,AH,vlees,Vlees,"Kip shoarma, kebab, gyros",22.47,23.16,3.0,3% volume voordeel,,,4 stuks,,True,AHOO,3% volume voordeel,2026-08-03,2999-12-31,,True,AH,https://www.ah.nl/producten/product/wi619793,2026-08-03,AH Scharrel kip shoarma 4-pack,vlees
187610,787573,AH Boomstammetjes ham en kaas,AH,vlees,Vlees,"Slavinken, boomstammetjes",4.49,4.49,,,,,4 stuks,prijs per kg €11.23,False,,,,,D,True,AH,https://www.ah.nl/producten/product/wi187610,2026-08-03,AH Boomstammetjes ham en kaas,vlees
589120,35040,AH Kipgehakt naturel,AH,vlees,Vlees,Gehakt (kip),6.49,6.49,,,,,500 g,prijs per kg €12.98,False,,,,,,True,AH,https://www.ah.nl/producten/product/wi589120,2026-08-03,AH Kipgehakt naturel,vlees
412503,855884,AH BBQ spareribs zoet,AH,vlees,Vlees,Spareribs,6.73,10.36,35.0,35% korting,,,ca. 720 g,normale prijs per kg €14.39,True,AH,35% korting,2026-08-03,2026-08-09,D,True,AH,https://www.ah.nl/producten/product/wi412503,2026-08-03,AH BBQ spareribs sweet,vlees
618134,0,AH Mager spekblokjes 4-pack,AH,vlees,Vlees,Blokjes spek (voorverpakt),15.61,18.36,15.0,15% volume voordeel,,,4 stuks,,True,AHOO,15% volume voordeel,2026-08-03,2999-12-31,,True,AH,https://www.ah.nl/producten/product/wi618134,2026-08-03,AH Mager spekblokjes 4-pack,vlees
618133,0,AH Mager spekblokjes 3-pack,AH,vlees,Vlees,Blokjes spek (voorverpakt),12.39,13.77,10.0,10% volume voordeel,,,3 stuks,,True,AHOO,10% volume voordeel,2026-08-03,2999-12-31,,True,AH,https://www.ah.nl/producten/product/wi618133,2026-08-03,AH Mager spekblokjes 3-pack,vlees
598200,0,AH Spareribs zoet 2-pack,AH,vlees,Vlees,Spareribs,13.47,20.72,35.0,pakketkorting,,,2 stuks,,True,AHOO,,2026-08-03,2026-08-09,,True,AH,https://www.ah.nl/producten/product/wi598200,2026-08-03,AH Spareribs zoet 2-pack,vlees
618824,0,AH Scharrel kipflakes kebab 5-pack,AH,vlees,Vlees,Gebraden kip,19.15,19.95,4.0,4% volume voordeel,,,5 stuks,,True,AHOO,4% volume voordeel,2026-08-03,2999-12-31,,True,AH,https://www.ah.nl/producten/product/wi618824,2026-08-03,AH Scharrel kipflakes kebab 5-pack,vlees
618823,0,AH Scharrel kipflakes kebab 4-pack,AH,vlees,Vlees,Gebraden kip,15.48,15.96,3.0,3% volume voordeel,,,4 stuks,,True,AHOO,3% volume voordeel,2026-08-03,2999-12-31,,True,AH,https://www.ah.nl/producten/product/wi618823,2026-08-03,AH Scharrel kipflakes kebab 4-pack,vlees
187605,781315,AH Schnitzel Hongaarse stijl 2 stuks,AH,vlees,Vlees,"Schnitzel, cordon bleu",2.99,3.99,25.1,voor 2.99,2.99,,300 g,normale prijs per kg €13.30,True,AH,VOOR 2.99,2026-08-03,2026-08-09,C,True,AH,https://www.ah.nl/producten/product/wi187605,2026-08-03,AH Schnitzel Hongaarse stijl 2 stuks,vlees
578166,0,AH Schnitzel Hongaarse stijl 3-pack,AH,vlees,Vlees,"Schnitzel, cordon bleu",8.97,11.97,25.1,pakketkorting,,,3 stuks,,True,AHOO,,2026-08-03,2026-08-09,,True,AH,https://www.ah.nl/producten/product/wi578166,2026-08-03,AH Schnitzel Hongaarse stijl 3-pack,vlees
187593,780707,AH Greenfields Beefburger jalapeno 2 stuks,AH Greenfields,vlees,Vlees,Hamburgers (rund),4.99,4.99,,1 + 1 gratis,,1.0,2 stuks,normale prijs per kg €19.96,True,AH,1 + 1 gratis,2026-08-03,2026-08-09,D,True,AH,https://www.ah.nl/producten/product/wi187593,2026-08-03,AH Greenfields Beefburger jalapeno 2 stuks,vlees
578168,0,AH Greenfields Beefburger jalapeno 3-pack,AH Greenfields,vlees,Vlees,Hamburgers (rund),9.98,14.97,33.3,pakketkorting,,,3 stuks,,True,AHOO,,2026-08-03,2026-08-09,,True,AH,https://www.ah.nl/producten/product/wi578168,2026-08-03,AH Greenfields Beefburger jalapeno 3-pack,vlees
436756,60742,AH Biologisch Hamburger 2 stuks,AH Biologisch,vlees,Vlees,Hamburgers (rund),4.39,4.39,,,,,200 g,prijs per kg €21.95,False,,,,,D,True,AH,https://www.ah.nl/producten/product/wi436756,2026-08-03,AH Biologisch Hamburger 2 stuks,vlees
617743,0,AH Biologisch Hamburger 2 stuks 5-pack,AH Biologisch,vlees,Vlees,Hamburgers (rund),19.75,21.95,10.0,10% volume voordeel,,,5 stuks,,True,AHOO,10% volume voordeel,2026-08-03,2999-12-31,,True,AH,https://www.ah.nl/producten/product/wi617743,2026-08-03,AH Biologisch Hamburger 2 stuks 5-pack,vlees
617741,0,AH Biologisch Hamburger 2 stuks 3-pack,AH Biologisch,vlees,Vlees,Hamburgers (rund),12.51,13.17,5.0,5% volume voordeel,,,3 stuks,,True,AHOO,5% volume voordeel,2026-08-03,2999-12-31,,True,AH,https://www.ah.nl/producten/product/wi617741,2026-08-03,AH Biologisch Hamburger 2 stuks 3-pack,vlees
617742,0,AH Biologisch Hamburger 2 stuks 4-pack,AH Biologisch,vlees,Vlees,Hamburgers (rund),16.33,17.56,7.0,7% volume voordeel,,,4 stuks,,True,AHOO,7% volume voordeel,2026-08-03,2999-12-31,,True,AH,https://www.ah.nl/producten/product/wi617742,2026-08-03,AH Biologisch Hamburger 2 stuks 4-pack,vlees
451171,582071,AH Kipfiletreepjes,AH,vlees,Vlees,Kipfilet reepjes,5.49,5.49,,,,,320 g,prijs per kg €17.16,False,,,,,A,True,AH,https://www.ah.nl/producten/product/wi451171,2026-08-03,AH Kipfiletreepjes,vlees
471360,723701,Marhaba Kipfilet,Marhaba,vlees,Vleeswaren,Halal vleeswaren,2.49,2.49,,,,,100 g,prijs per kg €24.90,False,,,,,D,True,AH,https://www.ah.nl/producten/product/wi471360,2026-08-03,Marhaba Kipfilet,vlees
601066,0,Marhaba Kipfilet 3-pack,Marhaba,vlees,Vleeswaren,Halal vleeswaren,7.1,7.47,5.0,5% volume voordeel,,,3 stuks,,True,AHOO,5% volume voordeel,2026-08-03,2999-12-31,,True,AH,https://www.ah.nl/producten/product/wi601066,2026-08-03,Marhaba Chicken Fillet 3-pack,vlees
617837,0,AH Kipfiletreepjes 3-pack,AH,vlees,Vlees,Kipfilet reepjes,16.14,16.47,2.0,2% volume voordeel,,,3 stuks,,True,AHOO,2% volume voordeel,2026-08-03,2999-12-31,,True,AH,https://www.ah.nl/producten/product/wi617837,2026-08-03,AH Kipfiletreepjes 3-pack,vlees
617241,0,AH BBQ spareribs zoet 4-pack,AH,vlees,Vlees,Spareribs,26.94,41.44,35.0,pakketkorting,,,4 stuks,,True,AHOO,,2026-08-03,2026-08-09,,True,AH,https://www.ah.nl/producten/product/wi617241,2026-08-03,AH BBQ spareribs sweet 4-pack,vlees
617240,0,AH BBQ spareribs zoet 3-pack,AH,vlees,Vlees,Spareribs,20.2,31.08,35.0,pakketkorting,,,3 stuks,,True,AHOO,,2026-08-03,2026-08-09,,True,AH,https://www.ah.nl/producten/product/wi617240,2026-08-03,AH BBQ spareribs zoet 3-pack,vlees
617838,0,AH Kipfiletreepjes 4-pack,AH,vlees,Vlees,Kipfilet reepjes,21.3,21.96,3.0,3% volume voordeel,,,4 stuks,,True,AHOO,3% volume voordeel,2026-08-03,2999-12-31,,True,AH,https://www.ah.nl/producten/product/wi617838,2026-08-03,AH Kipfiletreepjes 4-pack,vlees
617839,0,AH Kipfiletreepjes 6-pack,AH,vlees,Vlees,Kipfilet reepjes,31.29,32.94,5.0,5% volume voordeel,,,6 stuks,,True,AHOO,5% volume voordeel,2026-08-03,2999-12-31,,True,AH,https://www.ah.nl/producten/product/wi617839,2026-08-03,AH Kipfiletreepjes 6-pack,vlees
531851,804301,AH Scharrel kip shoarma,AH,vlees,Vlees,Kipfilet reepjes,8.49,8.49,,,,,650 g,prijs per kg €13.06,False,,,,,,True,AH,https://www.ah.nl/producten/product/wi531851,2026-08-03,AH Scharrel kip shoarma,vlees
612615,68666,AH BBQ scharrel kipshaslick,AH,vlees,Vlees,Kipfilet blokjes,5.49,5.49,,,,,ca. 230 g,prijs per kg €23.87,False,,,,,A,True,AH,https://www.ah.nl/producten/product/wi612615,2026-08-03,AH BBQ scharrel kipshaslick,vlees
602974,0,AH Magere knakworst 3-pack,AH,vlees,Vlees,Knakworst,5.67,5.97,5.0,5% volume voordeel,,,3 stuks,,True,AHOO,5% volume voordeel,2026-08-03,2999-12-31,,True,AH,https://www.ah.nl/producten/product/wi602974,2026-08-03,AH Magere knakworst 3-pack,vlees
165537,638200,AH Scharrel kippenpoten 2 stuks,AH,vlees,Vlees,"Kippenpoten, drumsticks",4.69,4.69,,,,,ca. 660 g,prijs per kg €7.11,False,,,,,A,True,AH,https://www.ah.nl/producten/product/wi165537,2026-08-03,AH Scharrel kippenpoten 2 stuks,vlees
477573,731215,AH Scharrel kipfiletreepjes gerookt,AH,vlees,Vlees,Kipfilet reepjes,3.49,3.49,,,,,ca. 150 g,prijs per kg €23.27,False,,,,,B,True,AH,https://www.ah.nl/producten/product/wi477573,2026-08-03,AH Scharrel kipfiletreepjes gerookt,vlees
618820,0,AH Scharrel kipfiletreepjes gerookt 3-pack,AH,vlees,Vlees,Kipfilet reepjes,,,2.0,2% volume voordeel,,,3 stuks,,True,AH,2% volume voordeel,,,,True,AH,https://www.ah.nl/producten/product/wi618820,2026-08-03,AH Scharrel kipfiletreepjes gerookt 3-pack,vlees
618821,0,AH Scharrel kipfiletreepjes gerookt 4-pack,AH,vlees,Vlees,Kipfilet reepjes,,,3.0,3% volume voordeel,,,4 stuks,,True,AH,3% volume voordeel,,,,True,AH,https://www.ah.nl/producten/product/wi618821,2026-08-03,AH Scharrel kipfiletreepjes gerookt 4-pack,vlees
618822,0,AH Scharrel kipfiletreepjes gerookt 5-pack,AH,vlees,Vlees,Kipfilet reepjes,,,4.0,4% volume voordeel,,,5 stuks,,True,AH,4% volume voordeel,,,,True,AH,https://www.ah.nl/producten/product/wi618822,2026-08-03,AH Scharrel kipfiletreepjes gerookt 5-pack,vlees
610023,67588,AH BBQ speklapjes smokey,AH,vlees,Vlees,Speklappen,4.99,4.99,,,,,ca. 320 g,prijs per kg €15.59,False,,,,,D,True,AH,https://www.ah.nl/producten/product/wi610023,2026-08-03,AH BBQ speklapjes smokey,vlees
483912,738260,AH Greenfields Beefburger bacon 2 stuks,AH Greenfields,vlees,Vlees,Hamburgers (rund),4.99,4.99,,1 + 1 gratis,,1.0,250 g,normale prijs per kg €19.96,True,AH,1 + 1 gratis,2026-08-03,2026-08-09,D,True,AH,https://www.ah.nl/producten/product/wi483912,2026-08-03,AH Greenfields Beefburger bacon 2 stuks,vlees
578170,0,AH Greenfields Beefburger bacon 3-pack,AH Greenfields,vlees,Vlees,Hamburgers (rund),9.98,14.97,33.3,pakketkorting,,,3 stuks,,True,AHOO,,2026-08-03,2026-08-09,,True,AH,https://www.ah.nl/producten/product/wi578170,2026-08-03,AH Greenfields Beefburger bacon 3-pack,vlees
168028,561882,AH Biologisch Kipdijfilet,AH Biologisch,vlees,Vlees,Kipfilet stuk,9.49,9.49,,,,,ca. 390 g,prijs per kg €24.33,False,,,,,A,True,AH,https://www.ah.nl/producten/product/wi168028,2026-08-03,AH Biologisch Kipdijfilet,vlees
618759,0,AH Greenfields Beefburger bacon 2 stuks 4-pack,AH Greenfields,vlees,Vlees,Hamburgers (rund),9.98,19.96,50.0,pakketkorting,,,4 stuks,,True,AHOO,,2026-08-03,2026-08-09,,True,AH,https://www.ah.nl/producten/product/wi618759,2026-08-03,AH Greenfields Beefburger bacon 2 stuks 4-pack,vlees
618760,0,AH Greenfields Beefburger bacon 2 stuks 5-pack,AH Greenfields,vlees,Vlees,Hamburgers (rund),14.97,24.95,40.0,pakketkorting,,,5 stuks,,True,AHOO,,2026-08-03,2026-08-09,,True,AH,https://www.ah.nl/producten/product/wi618760,2026-08-03,AH Greenfields Beefburger bacon 2 stuks 5-pack,vlees
386107,844315,AH Uitgebakken ontbijtspek,AH,vlees,Vleeswaren,Plakken spek en bacon (voorverpakt),3.19,3.19,,,,,80 g,prijs per kg €39.88,False,,,,,E,True,AH,https://www.ah.nl/producten/product/wi386107,2026-08-03,AH Uitgebakken ontbijtspek,vlees
560559,684265,AH Scharrel kipburger smokey 2 stuks,AH,vlees,Vlees,Kipburger,3.79,3.79,,2e Halve Prijs,,2.0,250 g,normale prijs per kg €15.16,True,AH,2e Halve Prijs,2026-08-03,2026-08-09,C,True,AH,https://www.ah.nl/producten/product/wi560559,2026-08-03,AH Scharrel kipburger smokey 2 stuks,vlees
602339,0,AH Scharrel smokey kipburger 2-pack,AH,vlees,Vlees,Kipburger,5.68,7.58,25.1,pakketkorting,,,2 stuks,,True,AHOO,,2026-08-03,2026-08-09,,True,AH,https://www.ah.nl/producten/product/wi602339,2026-08-03,AH Scharrel smokey chicken burger 2-pack,vlees
162008,808268,Wahid Kalkoenham,Wahid,vlees,Vleeswaren,Halal vleeswaren,2.89,2.89,,,,,125 g,prijs per kg €23.12,False,,,,,D,True,AH,https://www.ah.nl/producten/product/wi162008,2026-08-03,Wahid Kalkoenham,vlees
531865,803449,AH Scharrel kipfiletreepjes gerookt,AH,vlees,Vlees,Gerookte kip - reepjes,5.49,5.49,,,,,250 g,prijs per kg €21.96,False,,,,,B,True,AH,https://www.ah.nl/producten/product/wi531865,2026-08-03,AH Scharrel kipfiletreepjes gerookt,vlees
601148,0,Wahid Kalkoenham 2-pack,Wahid,vlees,Vleeswaren,Halal vleeswaren,5.49,5.78,5.0,5% volume voordeel,,,2 stuks,,True,AHOO,5% volume voordeel,2026-08-03,2999-12-31,,True,AH,https://www.ah.nl/producten/product/wi601148,2026-08-03,Wahid Kalkoenham 2-pack,vlees
495643,788063,AH Gehaktschnitzel hongaarse stijl,AH,vlees,Vlees,"Schnitzel, cordon bleu",3.79,3.79,,,,,4 stuks,,False,,,,,D,True,AH,https://www.ah.nl/producten/product/wi495643,2026-08-03,AH Gehaktschnitzel hongaarse stijl,vlees
619715,0,AH Scharrel kipfiletreepjes gerookt 3-pack,AH,vlees,Vlees,Gerookte kip - reepjes,16.14,16.47,2.0,2% volume voordeel,,,3 stuks,,True,AHOO,2% volume voordeel,2026-08-03,2999-12-31,,True,AH,https://www.ah.nl/producten/product/wi619715,2026-08-03,AH Scharrel kipfiletreepjes gerookt 3-pack,vlees
471311,656014,Marhaba Rundersalami met kip en kalkoen,Marhaba,vlees,Vleeswaren,Halal vleeswaren,2.49,2.49,,,,,100 g,prijs per kg €24.90,False,,,,,E,True,AH,https://www.ah.nl/producten/product/wi471311,2026-08-03,Marhaba Rundersalami met kip en kalkoen,vlees
601072,0,Marhaba Rundersalami met kip en kalkoen 3-pack,Marhaba,vlees,Vleeswaren,Halal vleeswaren,7.1,7.47,5.0,5% volume voordeel,,,3 stuks,,True,AHOO,5% volume voordeel,2026-08-03,2999-12-31,,True,AH,https://www.ah.nl/producten/product/wi601072,2026-08-03,Marhaba Rundersalami met kip en kalkoen 3-pack,vlees
543389,614047,AH Bacon,AH,vlees,Vleeswaren,Plakken spek en bacon (voorverpakt),2.09,2.09,,,,,150 g,prijs per kg €13.93,False,,,,,E,True,AH,https://www.ah.nl/producten/product/wi543389,2026-08-03,AH Bacon,vlees
118764,830716,AH Biologisch Rundersoepballetjes,AH Biologisch,vlees,Vlees,Soepvlees (rund),4.49,4.49,,,,,ca. 250 g,prijs per kg €17.96,False,,,,,D,True,AH,https://www.ah.nl/producten/product/wi118764,2026-08-03,AH Biologisch Rundersoepballetjes,vlees
618255,0,AH Biologisch Rundersoepballetjes 2-pack,AH Biologisch,vlees,Vlees,Soepvlees (rund),8.8,8.98,2.0,2% volume voordeel,,,2 stuks,,True,AHOO,2% volume voordeel,2026-08-03,2999-12-31,,True,AH,https://www.ah.nl/producten/product/wi618255,2026-08-03,AH Biologisch Rundersoepballetjes 2-pack,vlees
619716,0,AH Scharrel kipfiletreepjes gerookt 4-pack,AH,vlees,Vlees,Gerookte kip - reepjes,21.3,21.96,3.0,3% volume voordeel,,,4 stuks,,True,AHOO,3% volume voordeel,2026-08-03,2999-12-31,,True,AH,https://www.ah.nl/producten/product/wi619716,2026-08-03,AH Scharrel kipfiletreepjes gerookt 4-pack,vlees
618256,0,AH Biologisch Rundersoepballetjes 3-pack,AH Biologisch,vlees,Vlees,Soepvlees (rund),13.07,13.47,3.0,3% volume voordeel,,,3 stuks,,True,AHOO,3% volume voordeel,2026-08-03,2999-12-31,,True,AH,https://www.ah.nl/producten/product/wi618256,2026-08-03,AH Biologisch Rundersoepballetjes 3-pack,vlees
618257,0,AH Biologisch Rundersoepballetjes 4-pack,AH Biologisch,vlees,Vlees,Soepvlees (rund),17.06,17.96,5.0,5% volume voordeel,,,4 stuks,,True,AHOO,5% volume voordeel,2026-08-03,2999-12-31,,True,AH,https://www.ah.nl/producten/product/wi618257,2026-08-03,AH Biologisch Rundersoepballetjes 4-pack,vlees
531853,803718,AH Kipgehakt gekruid,AH,vlees,Vlees,Gehakt (kip),3.99,3.99,,,,,300 g,prijs per kg €13.30,False,,,,,C,True,AH,https://www.ah.nl/producten/product/wi531853,2026-08-03,AH Kipgehakt gekruid,vlees
620248,0,AH Scharrel smokey kipburger 2 stuks 3-pack,AH,vlees,Vlees,Kipburger,9.47,11.37,16.7,pakketkorting,,,3 stuks,,True,AHOO,,2026-08-03,2026-08-09,,True,AH,https://www.ah.nl/producten/product/wi620248,2026-08-03,AH Scharrel smokey kipburger 2 stuks 3-pack,vlees
610028,67586,AH BBQ procureur steak black garlic,AH,vlees,Vlees,"Hamlappen, filetlappen",4.99,4.99,,,,,ca. 360 g,prijs per kg €13.86,False,,,,,D,True,AH,https://www.ah.nl/producten/product/wi610028,2026-08-03,AH BBQ procureur steak black garlic,vlees
620249,0,AH Scharrel smokey kipburger 2 stuks 4-pack,AH,vlees,Vlees,Kipburger,11.37,15.16,25.0,pakketkorting,,,4 stuks,,True,AHOO,,2026-08-03,2026-08-09,,True,AH,https://www.ah.nl/producten/product/wi620249,2026-08-03,AH Scharrel smokey kipburger 2 stuks 4-pack,vlees
619717,0,AH Scharrel kipfiletreepjes gerookt 5-pack,AH,vlees,Vlees,Gerookte kip - reepjes,26.35,27.45,4.0,4% volume voordeel,,,5 stuks,,True,AHOO,4% volume voordeel,2026-08-03,2999-12-31,,True,AH,https://www.ah.nl/producten/product/wi619717,2026-08-03,AH Scharrel kipfiletreepjes gerookt 5-pack,vlees
401061,849834,AH Pannenkoekspek,AH,vlees,Vleeswaren,Plakken spek en bacon (voorverpakt),2.39,2.39,,,,,100 g,prijs per kg €23.90,False,,,,,E,True,AH,https://www.ah.nl/producten/product/wi401061,2026-08-03,AH Pancake Bacon,vlees
531872,803219,AH Scharrel kipburger gepaneerd 4 stuks,AH,vlees,Vlees,Kipburger,5.49,5.49,,,,,400 g,prijs per kg €13.73,False,,,,,C,True,AH,https://www.ah.nl/producten/product/wi531872,2026-08-03,AH Scharrel kipburger gepaneerd 4 stuks,vlees
192045,792578,AH Varkens chipolataworstjes,AH,vlees,Vlees,Worst (varken),3.25,3.25,,,,,8 stuks,prijs per kg €10.83,False,,,,,D,True,AH,https://www.ah.nl/producten/product/wi192045,2026-08-03,AH Varkens chipolataworstjes,vlees
543344,74829,AH Casselerrib,AH,vlees,Vleeswaren,Plakken spek en bacon (voorverpakt),1.99,1.99,,,,,150 g,prijs per kg €13.27,False,,,,,D,True,AH,https://www.ah.nl/producten/product/wi543344,2026-08-03,AH Casselerrib,vlees
436877,62822,AH Biologisch Rundergehakt balletjes,AH Biologisch,vlees,Vlees,Gehaktbal (rund),6.49,6.49,,,,,12 stuks,,False,,,,,D,True,AH,https://www.ah.nl/producten/product/wi436877,2026-08-03,AH Biologisch Rundergehakt balletjes,vlees
454705,604206,Unox Vegetarische knaks,Unox,vlees,Vlees,Knakworst,3.99,3.99,,2 + 1 gratis,,2.0,400 g,normale prijs per kg €19.95,True,AH,2 + 1 gratis,2026-08-03,2026-08-09,C,True,AH,https://www.ah.nl/producten/product/wi454705,2026-08-03,Unox Vegetarische knaks,vlees
617777,0,AH Biologisch Rundergehakt balletjes 2-pack,AH Biologisch,vlees,Vlees,Gehaktbal (rund),12.59,12.98,3.0,3% volume voordeel,,,2 stuks,,True,AHOO,3% volume voordeel,2026-08-03,2999-12-31,,True,AH,https://www.ah.nl/producten/product/wi617777,2026-08-03,AH Biologisch Rundergehakt balletjes 2-pack,vlees
617778,0,AH Biologisch Rundergehakt balletjes 3-pack,AH Biologisch,vlees,Vlees,Gehaktbal (rund),18.5,19.47,5.0,5% volume voordeel,,,3 stuks,,True,AHOO,5% volume voordeel,2026-08-03,2999-12-31,,True,AH,https://www.ah.nl/producten/product/wi617778,2026-08-03,AH Biologisch Rundergehakt balletjes 3-pack,vlees
412446,855881,AH BBQ worst naturel,AH,vlees,Vlees,Worst (varken),4.5,4.5,,,,,350 g,prijs per kg €12.86,False,,,,,E,True,AH,https://www.ah.nl/producten/product/wi412446,2026-08-03,AH BBQ worst naturel,vlees
624732,0,Unox Vegetarische knaks 3-pack,Unox,vlees,Vlees,Knakworst,7.98,11.97,33.3,pakketkorting,,,3 stuks,,True,AHOO,,2026-08-03,2026-08-09,,True,AH,https://www.ah.nl/producten/product/wi624732,2026-08-03,Unox Vegetarische knaks 3-pack,vlees
617779,0,AH Biologisch Rundergehakt balletjes 5-pack,AH Biologisch,vlees,Vlees,Gehaktbal (rund),30.18,32.45,7.0,7% volume voordeel,,,5 stuks,,True,AHOO,7% volume voordeel,2026-08-03,2999-12-31,,True,AH,https://www.ah.nl/producten/product/wi617779,2026-08-03,AH Biologisch Rundergehakt balletjes 5-pack,vlees
531893,802771,AH Scharrel gerookte kipfiletflakes,AH,vlees,Vlees,Gerookte kip,3.69,3.69,,,,,150 g,prijs per kg €24.60,False,,,,,B,True,AH,https://www.ah.nl/producten/product/wi531893,2026-08-03,AH Scharrel gerookte kipfiletflakes,vlees
531882,803048,AH Scharrel kipborrelhapjes gemarineerd,AH,vlees,Vlees,Kipvleugels,7.49,7.49,,,,,900 g,prijs per kg €8.32,False,,,,,D,True,AH,https://www.ah.nl/producten/product/wi531882,2026-08-03,AH Scharrel kipborrelhapjes gemarineerd,vlees
597949,47243,AH Speklapjes a la minute,AH,vlees,Vlees,Speklappen,5.25,5.25,,,,,ca. 360 g,prijs per kg €14.50,False,,,,,D,True,AH,https://www.ah.nl/producten/product/wi597949,2026-08-03,AH Speklapjes a la minute,vlees
187586,780691,AH Chipolata worstjes 8 stuks,AH,vlees,Vlees,Worst (rund),5.19,5.19,,,,,300 g,prijs per kg €17.30,False,,,,,D,True,AH,https://www.ah.nl/producten/product/wi187586,2026-08-03,AH Chipolata worstjes 8 stuks,vlees
619690,0,AH Scharrel kipborrelhapjes gemarineerd 3pk,AH,vlees,Vlees,Kipvleugels,20.9,22.47,7.0,7% volume voordeel,,,3 stuks,,True,AHOO,7% volume voordeel,2026-08-03,2999-12-31,,True,AH,https://www.ah.nl/producten/product/wi619690,2026-08-03,AH Scharrel kipborrelhapjes gemarineerd 3pk,vlees
617243,0,AH BBQ worst naturel 3-pack,AH,vlees,Vlees,Worst (varken),8.55,9.0,5.0,5% volume voordeel,,,3 stuks,,True,AHOO,5% volume voordeel,2026-08-03,2999-12-31,,True,AH,https://www.ah.nl/producten/product/wi617243,2026-08-03,AH BBQ worst naturel 3-pack,vlees
619691,0,AH Scharrel kipborrelhapjes gemarineerd 4pk,AH,vlees,Vlees,Kipvleugels,27.26,29.96,9.0,9% volume voordeel,,,4 stuks,,True,AHOO,9% volume voordeel,2026-08-03,2999-12-31,,True,AH,https://www.ah.nl/producten/product/wi619691,2026-08-03,AH Scharrel kipborrelhapjes gemarineerd 4pk,vlees
531864,803451,AH Scharrel kipfilet plakjes gerookt,AH,vlees,Vlees,Gerookte kip,3.69,3.69,,,,,ca. 155 g,prijs per kg €23.81,False,,,,,B,True,AH,https://www.ah.nl/producten/product/wi531864,2026-08-03,AH Scharrel kipfilet plakjes gerookt,vlees
617242,0,AH BBQ worst naturel 2-pack,AH,vlees,Vlees,Worst (varken),8.73,9.0,3.0,3% volume voordeel,,,2 stuks,,True,AHOO,3% volume voordeel,2026-08-03,2999-12-31,,True,AH,https://www.ah.nl/producten/product/wi617242,2026-08-03,AH BBQ worst naturel 2-pack,vlees
624494,0,Unox Vegetarische knaks 2-pack,Unox,vlees,Vlees,Knakworst,7.18,7.98,10.0,10% volume voordeel,,,2 stuks,,True,AH,10% volume voordeel,,,,True,AH,https://www.ah.nl/producten/product/wi624494,2026-08-03,Unox Vegetarische knaks 2-pack,vlees
617244,0,AH BBQ worst naturel 4-pack,AH,vlees,Vlees,Worst (varken),16.2,18.0,10.0,10% volume voordeel,,,4 stuks,,True,AHOO,10% volume voordeel,2026-08-03,2999-12-31,,True,AH,https://www.ah.nl/producten/product/wi617244,2026-08-03,AH BBQ worst naturel 4-pack,vlees
123836,572516,AH Kogelbiefstuk,AH,vlees,Vlees,Biefstuk,9.49,9.49,,,,,ca. 260 g,prijs per kg €36.50,False,,,,,A,True,AH,https://www.ah.nl/producten/product/wi123836,2026-08-03,AH Kogelbiefstuk,vlees
619789,0,AH Scharrel gerookte kipfiletflakes 3-pack,AH,vlees,Vlees,Gerookte kip,10.85,11.07,2.0,2% volume voordeel,,,3 stuks,,True,AHOO,2% volume voordeel,2026-08-03,2999-12-31,,True,AH,https://www.ah.nl/producten/product/wi619789,2026-08-03,AH Scharrel gerookte kipfiletflakes 3-pack,vlees
618120,0,AH Kogelbiefstuk 4-pack,AH,vlees,Vlees,Biefstuk,34.16,37.96,10.0,10% volume voordeel,,,4 stuks,,True,AHOO,10% volume voordeel,2026-08-03,2999-12-31,,True,AH,https://www.ah.nl/producten/product/wi618120,2026-08-03,AH Kogelbiefstuk 4-pack,vlees
4033,43593,AH Ribkarbonade,AH,vlees,Vlees,Karbonades,2.64,2.64,,,,,2 stuks,prijs per kg €8.79,False,,,,,B,True,AH,https://www.ah.nl/producten/product/wi4033,2026-08-03,AH Ribkarbonade,vlees
618118,0,AH Kogelbiefstuk 3-pack,AH,vlees,Vlees,Biefstuk,27.05,28.47,5.0,5% volume voordeel,,,3 stuks,,True,AHOO,5% volume voordeel,2026-08-03,2999-12-31,,True,AH,https://www.ah.nl/producten/product/wi618118,2026-08-03,AH Kogelbiefstuk 3-pack,vlees
577928,0,AH Scharrel gerookte kipfilet plakjes 3pack,AH,vlees,Vlees,Gerookte kip,10.85,11.07,2.0,2% volume voordeel,,,per stuk,,True,AHOO,2% volume voordeel,2026-08-03,2999-12-31,,True,AH,https://www.ah.nl/producten/product/wi577928,2026-08-03,AH Scharrel gerookte kipfilet plakjes 3pack,vlees
531874,803196,AH Scharrel kipchipolata gekruid,AH,vlees,Vlees,Worst (kip),4.5,4.5,,,,,300 g,prijs per kg €15.00,False,,,,,C,True,AH,https://www.ah.nl/producten/product/wi531874,2026-08-03,AH Scharrel kipchipolata gekruid,vlees
1536,18327,AH Soepballetjes,AH,vlees,Vlees,Soepballetjes (conserven),0.99,0.99,,,,,200 g,prijs per kg €4.95,False,,,,,D,True,AH,https://www.ah.nl/producten/product/wi1536,2026-08-03,AH Soepballetjes,vlees
143245,616775,AH Ovenschotel scharrel kip groene pesto,AH,vlees,Vlees,Ovenschotel kip,7.49,7.49,,,,,ca. 390 g,prijs per kg €19.21,False,,,,,B,True,AH,https://www.ah.nl/producten/product/wi143245,2026-08-03,AH Ovenschotel scharrel kip groene pesto,vlees
169173,646774,AH Rundertartaar,AH,vlees,Vlees,Tartaar,6.85,6.85,,,,,4 stuks,,False,,,,,C,True,AH,https://www.ah.nl/producten/product/wi169173,2026-08-03,AH Rundertartaar,vlees
436762,60848,AH Biologisch Half-om-half gehakt,AH Biologisch,vlees,Vlees,Gehakt (half-om-half),4.99,4.99,,,,,300 g,prijs per kg €16.63,False,,,,,D,True,AH,https://www.ah.nl/producten/product/wi436762,2026-08-03,AH Biologisch Half-om-half gehakt,vlees
617738,0,AH Biologisch Half-om-half gehakt 3-pack,AH Biologisch,vlees,Vlees,Gehakt (half-om-half),,,3.0,3% volume voordeel,,,3 stuks,,True,AH,3% volume voordeel,,,,True,AH,https://www.ah.nl/producten/product/wi617738,2026-08-03,AH Biologisch Half-om-half gehakt 3-pack,vlees
617739,0,AH Biologisch Half-om-half gehakt 4-pack,AH Biologisch,vlees,Vlees,Gehakt (half-om-half),,,5.0,5% volume voordeel,,,4 stuks,,True,AH,5% volume voordeel,,,,True,AH,https://www.ah.nl/producten/product/wi617739,2026-08-03,AH Biologisch Half-om-half gehakt 4-pack,vlees
617740,0,AH Biologisch Half-om-half gehakt 6-pack,AH Biologisch,vlees,Vlees,Gehakt (half-om-half),,,8.0,8% volume voordeel,,,6 stuks,,True,AH,8% volume voordeel,,,,True,AH,https://www.ah.nl/producten/product/wi617740,2026-08-03,AH Biologisch Half-om-half gehakt 6-pack,vlees
563343,1181,AH Pancetta blokjes,AH,vlees,Vlees,Hamreepjes en blokjes,2.49,2.49,,,,,100 g,prijs per kg €24.90,False,,,,,E,True,AH,https://www.ah.nl/producten/product/wi563343,2026-08-03,AH Pancetta blokjes,vlees
619692,0,AH Scharrel kipchipolata gekruid 2-pack,AH,vlees,Vlees,Worst (kip),8.82,9.0,2.0,2% volume voordeel,,,2 stuks,,True,AHOO,2% volume voordeel,2026-08-03,2999-12-31,,True,AH,https://www.ah.nl/producten/product/wi619692,2026-08-03,AH Scharrel kipchipolata gekruid 2-pack,vlees
168686,643807,AH BBQ runder hamburger,AH,vlees,Vlees,Hamburgers (rund),5.99,5.99,,,,,400 g,prijs per kg €14.98,False,,,,,D,True,AH,https://www.ah.nl/producten/product/wi168686,2026-08-03,AH BBQ beef hamburger,vlees
543170,97269,AH Katenspek,AH,vlees,Vleeswaren,Plakken spek en bacon (voorverpakt),2.45,2.45,,,,,150 g,prijs per kg €16.33,False,,,,,E,True,AH,https://www.ah.nl/producten/product/wi543170,2026-08-03,AH Katenspek,vlees
483908,738256,AH Rundervink,AH,vlees,Vlees,Rundervinken,6.29,6.29,,,,,4 stuks,,False,,,,,D,True,AH,https://www.ah.nl/producten/product/wi483908,2026-08-03,AH Rundervink,vlees
619791,0,AH Scharrel gerookte kipfiletflakes 5-pack,AH,vlees,Vlees,Gerookte kip,17.71,18.45,4.0,4% volume voordeel,,,5 stuks,,True,AHOO,4% volume voordeel,2026-08-03,2999-12-31,,True,AH,https://www.ah.nl/producten/product/wi619791,2026-08-03,AH Scharrel gerookte kipfiletflakes 5-pack,vlees
531830,804876,AH Scharrel krokante kipfilethaasjes,AH,vlees,Vlees,Kipfilet reepjes,5.49,5.49,,,,,350 g,prijs per kg €15.69,False,,,,,B,True,AH,https://www.ah.nl/producten/product/wi531830,2026-08-03,AH Free-range crispy chicken fillet tenderloins,vlees
617843,0,AH Magere knakworst 4-pack,AH,vlees,Vlees,Knakworst,7.32,7.96,8.0,8% volume voordeel,,,4 stuks,,True,AHOO,8% volume voordeel,2026-08-03,2999-12-31,,True,AH,https://www.ah.nl/producten/product/wi617843,2026-08-03,AH Magere knakworst 4-pack,vlees
619694,0,AH Scharrel kipchipolata gekruid 4-pack,AH,vlees,Vlees,Worst (kip),16.92,18.0,6.0,6% volume voordeel,,,4 stuks,,True,AHOO,6% volume voordeel,2026-08-03,2999-12-31,,True,AH,https://www.ah.nl/producten/product/wi619694,2026-08-03,AH Scharrel kipchipolata gekruid 4-pack,vlees
619693,0,AH Scharrel kipchipolata gekruid 3-pack,AH,vlees,Vlees,Worst (kip),12.82,13.5,5.0,5% volume voordeel,,,3 stuks,,True,AHOO,5% volume voordeel,2026-08-03,2999-12-31,,True,AH,https://www.ah.nl/producten/product/wi619693,2026-08-03,AH Scharrel kipchipolata gekruid 3-pack,vlees
132903,596580,Unox Gelderse rookworst magnetron,Unox,vlees,Vlees,Rookworst,2.09,2.09,,2 + 1 gratis,,2.0,100 g,normale prijs per kg €20.90,True,AH,2 + 1 gratis,2026-08-03,2026-08-09,E,True,AH,https://www.ah.nl/producten/product/wi132903,2026-08-03,Unox Gelderse rookworst magnetron,vlees
517083,883181,AH Biologisch Scharrel kipgehakt,AH Biologisch,vlees,Vlees,Gehakt (kip),5.99,5.99,,,,,250 g,prijs per kg €23.96,False,,,,,,True,AH,https://www.ah.nl/producten/product/wi517083,2026-08-03,AH Biologisch Scharrel kipgehakt,vlees
602331,0,AH Pancetta blokjes 2-pack,AH,vlees,Vlees,Hamreepjes en blokjes,4.83,4.98,3.0,3% volume voordeel,,,2 stuks,,True,AHOO,3% volume voordeel,2026-08-03,2999-12-31,,True,AH,https://www.ah.nl/producten/product/wi602331,2026-08-03,AH Pancetta blokjes 2-pack,vlees
130258,591016,AH Gebakken spekreepjes,AH,vlees,Vlees,Reepjes spek en bacon (voorverpakt),2.99,2.99,,,,,70 g,prijs per kg €42.71,False,,,,,E,True,AH,https://www.ah.nl/producten/product/wi130258,2026-08-03,AH Gebakken spekreepjes,vlees
619790,0,AH Scharrel gerookte kipfiletflakes 4-pack,AH,vlees,Vlees,Gerookte kip,14.32,14.76,3.0,3% volume voordeel,,,4 stuks,,True,AHOO,3% volume voordeel,2026-08-03,2999-12-31,,True,AH,https://www.ah.nl/producten/product/wi619790,2026-08-03,AH Scharrel gerookte kipfiletflakes 4-pack,vlees
619725,0,AH Scharrel krokante kipfilethaasjes 2-pack,AH,vlees,Vlees,Kipfilet reepjes,10.65,10.98,3.0,3% volume voordeel,,,2 stuks,,True,AHOO,3% volume voordeel,2026-08-03,2999-12-31,,True,AH,https://www.ah.nl/producten/product/wi619725,2026-08-03,AH Scharrel krokante kipfilethaasjes 2-pack,vlees
619454,0,AH Biologisch Kipgehakt 2-pack,AH Biologisch,vlees,Vlees,Gehakt (kip),11.62,11.98,3.0,3% volume voordeel,,,2 stuks,,True,AHOO,3% volume voordeel,2026-08-03,2999-12-31,,True,AH,https://www.ah.nl/producten/product/wi619454,2026-08-03,AH Biologisch Kipgehakt 2-pack,vlees
619456,0,AH Biologisch Kipgehakt 4-pack,AH Biologisch,vlees,Vlees,Gehakt (kip),22.04,23.96,8.0,8% volume voordeel,,,4 stuks,,True,AHOO,8% volume voordeel,2026-08-03,2999-12-31,,True,AH,https://www.ah.nl/producten/product/wi619456,2026-08-03,AH Biologisch Kipgehakt 4-pack,vlees
619455,0,AH Biologisch Kipgehakt 3-pack,AH Biologisch,vlees,Vlees,Gehakt (kip),17.07,17.97,5.0,5% volume voordeel,,,3 stuks,,True,AHOO,5% volume voordeel,2026-08-03,2999-12-31,,True,AH,https://www.ah.nl/producten/product/wi619455,2026-08-03,AH Biologisch Kipgehakt 3-pack,vlees
624435,0,Unox Gelderse rookworst magnetron 3-pack,Unox,vlees,Vlees,Rookworst,4.18,6.27,33.3,pakketkorting,,,3 stuks,,True,AHOO,,2026-08-03,2026-08-09,,True,AH,https://www.ah.nl/producten/product/wi624435,2026-08-03,Unox Gelderse rookworst magnetron 3-pack,vlees
617842,0,AH Magere knakworst 2-pack,AH,vlees,Vlees,Knakworst,3.86,3.98,3.0,3% volume voordeel,,,2 stuks,,True,AHOO,3% volume voordeel,2026-08-03,2999-12-31,,True,AH,https://www.ah.nl/producten/product/wi617842,2026-08-03,AH Magere knakworst 2-pack,vlees
624434,0,Unox Gelderse rookworst magnetron 2-pack,Unox,vlees,Vlees,Rookworst,3.76,4.18,10.0,10% volume voordeel,,,2 stuks,,True,AH,10% volume voordeel,,,,True,AH,https://www.ah.nl/producten/product/wi624434,2026-08-03,Unox Gelderse rookworst magnetron 2-pack,vlees
556663,68505,AH Gemengd gehakt,AH,vlees,Vlees,Gehakt (half-om-half),5.15,5.15,,,,,700 g,prijs per kg €7.36,False,,,,,C,True,AH,https://www.ah.nl/producten/product/wi556663,2026-08-03,AH Gemengd gehakt,vlees
598125,0,AH Uitgebakken spekreepjes 2-pack,AH,vlees,Vlees,Reepjes spek en bacon (voorverpakt),5.68,5.98,5.0,5% volume voordeel,,,2 stuks,,True,AHOO,5% volume voordeel,2026-08-03,2999-12-31,,True,AH,https://www.ah.nl/producten/product/wi598125,2026-08-03,AH Uitgebakken spekreepjes 2-pack,vlees
203274,800019,Zandvliet Gerookte kipfilet,Zandvliet,vlees,Vlees,Gerookte kip,3.59,3.59,,,,,250 g,prijs per kg €14.36,False,,,,,D,True,AH,https://www.ah.nl/producten/product/wi203274,2026-08-03,Zandvliet Gerookte kipfilet,vlees
197425,789489,AH Ontbijtspek,AH,vlees,Vleeswaren,Plakken spek en bacon (voorverpakt),1.69,1.69,,,,,85 g,prijs per kg €19.88,False,,,,,E,True,AH,https://www.ah.nl/producten/product/wi197425,2026-08-03,AH Ontbijtspek,vlees
619726,0,AH Scharrel krokante kipfilethaasjes 3-pack,AH,vlees,Vlees,Kipfilet reepjes,15.65,16.47,5.0,5% volume voordeel,,,3 stuks,,True,AHOO,5% volume voordeel,2026-08-03,2999-12-31,,True,AH,https://www.ah.nl/producten/product/wi619726,2026-08-03,AH Scharrel krokante kipfilethaasjes 3-pack,vlees
619727,0,AH Scharrel krokante kipfilethaasjes 4-pack,AH,vlees,Vlees,Kipfilet reepjes,20.2,21.96,8.0,8% volume voordeel,,,4 stuks,,True,AHOO,8% volume voordeel,2026-08-03,2999-12-31,,True,AH,https://www.ah.nl/producten/product/wi619727,2026-08-03,AH Scharrel krokante kipfilethaasjes 4-pack,vlees
582502,25183,Duca 8 crispy chicken tenders,Duca,vlees,Diepvries,Kipnuggets (oven),3.79,3.79,,,,,240 g,prijs per kg €15.79,False,,,,,C,True,AH,https://www.ah.nl/producten/product/wi582502,2026-08-03,Duca 8 crispy chicken tenders,vlees
169422,646765,AH Varkensbraadworst 2st,AH,vlees,Vlees,Worst (varken),2.29,2.29,,,,,2 stuks,,False,,,,,D,True,AH,https://www.ah.nl/producten/product/wi169422,2026-08-03,AH Varkensbraadworst 2st,vlees
477567,731106,AH Biologisch Krokante kipfiletschnitzel,AH Biologisch,vlees,Vlees,Schnitzel (kip),5.99,5.99,,,,,2 stuks,,False,,,,,B,True,AH,https://www.ah.nl/producten/product/wi477567,2026-08-03,AH Biologisch Krokante kipfiletschnitzel,vlees
539781,560011,Duca Kipnuggets de luxe,Duca,vlees,Diepvries,Kipnuggets (oven),3.99,3.99,,,,,250 g,prijs per kg €15.96,False,,,,,C,True,AH,https://www.ah.nl/producten/product/wi539781,2026-08-03,Duca Kipnuggets de luxe,vlees
618793,0,AH Biologisch Krokante kipfiletschnitzel 2-pack,AH Biologisch,vlees,Vlees,Schnitzel (kip),11.62,11.98,3.0,3% volume voordeel,,,2 stuks,,True,AHOO,3% volume voordeel,2026-08-03,2999-12-31,,True,AH,https://www.ah.nl/producten/product/wi618793,2026-08-03,AH Biologisch Krokante kipfiletschnitzel 2-pack,vlees
618794,0,AH Biologisch Krokante kipfiletschnitzel 3-pack,AH Biologisch,vlees,Vlees,Schnitzel (kip),17.07,17.97,5.0,5% volume voordeel,,,3 stuks,,True,AHOO,5% volume voordeel,2026-08-03,2999-12-31,,True,AH,https://www.ah.nl/producten/product/wi618794,2026-08-03,AH Biologisch Krokante kipfiletschnitzel 3-pack,vlees
618795,0,AH Biologisch Krokante kipfiletschnitzel 4-pack,AH Biologisch,vlees,Vlees,Schnitzel (kip),22.04,23.96,8.0,8% volume voordeel,,,4 stuks,,True,AHOO,8% volume voordeel,2026-08-03,2999-12-31,,True,AH,https://www.ah.nl/producten/product/wi618795,2026-08-03,AH Biologisch Krokante kipfiletschnitzel 4-pack,vlees
367366,833964,AH Wiener filetschnitzel,AH,vlees,Vlees,"Schnitzel, cordon bleu",3.66,3.66,,,,,2 stuks,prijs per kg €12.21,False,,,,,C,True,AH,https://www.ah.nl/producten/product/wi367366,2026-08-03,AH Wiener filetschnitzel,vlees
197183,638194,AH Scharrel kipfilet 1 stuk,AH,vlees,Vlees,Kipfilet stuk,3.79,3.79,,,,,ca. 200 g,prijs per kg €18.95,False,,,,,A,True,AH,https://www.ah.nl/producten/product/wi197183,2026-08-03,AH Scharrel kipfilet 1 stuk,vlees
130251,590597,AH Hamblokjes,AH,vlees,Vlees,Hamreepjes en blokjes,3.99,3.99,,,,,250 g,prijs per kg €15.96,False,,,,,D,True,AH,https://www.ah.nl/producten/product/wi130251,2026-08-03,AH Ham cubes,vlees
610036,67585,AH BBQ entrecote steak smoked paprika,AH,vlees,Vlees,Entrecote,4.99,4.99,,,,,ca. 360 g,prijs per kg €13.87,False,,,,,C,True,AH,https://www.ah.nl/producten/product/wi610036,2026-08-03,AH BBQ entrecote steak smoked paprika,vlees
192050,792588,AH Greenfields Rundergehakt,AH Greenfields,vlees,Vlees,Rundergehakt,5.99,5.99,,,,,300 g,prijs per kg €19.97,False,,,,,C,True,AH,https://www.ah.nl/producten/product/wi192050,2026-08-03,AH Greenfields Rundergehakt,vlees
566670,0,AH Hamblokjes 2-pack,AH,vlees,Vlees,Hamreepjes en blokjes,7.58,7.98,5.0,5% volume voordeel,,,2 stuks,,True,AHOO,5% volume voordeel,2026-08-03,2999-12-31,,True,AH,https://www.ah.nl/producten/product/wi566670,2026-08-03,AH Ham cubes 2-pack,vlees
385506,843847,AH Biologisch Gerookte kipfilet,AH Biologisch,vlees,Vlees,Gerookte kip,4.72,4.72,,,,,ca. 125 g,prijs per kg €37.73,False,,,,,B,True,AH,https://www.ah.nl/producten/product/wi385506,2026-08-03,AH Biologisch Gerookte kipfilet,vlees
619190,0,AH Biologisch Gerookte kipfilet 3-pack,AH Biologisch,vlees,Vlees,Gerookte kip,13.88,14.16,2.0,2% volume voordeel,,,3 stuks,,True,AHOO,2% volume voordeel,2026-08-03,2999-12-31,,True,AH,https://www.ah.nl/producten/product/wi619190,2026-08-03,AH Biologisch Gerookte kipfilet 3-pack,vlees
480886,735399,AH BBQ biefstukspies black garlic,AH,vlees,Vlees,Biefstuk,7.19,7.19,,,,,ca. 225 g,prijs per kg €31.96,False,,,,,C,True,AH,https://www.ah.nl/producten/product/wi480886,2026-08-03,AH BBQ biefstukspies black garlic,vlees
566114,3619,Wahid Kipgrillworst,Wahid,vlees,Vleeswaren,Halal vleeswaren,2.69,2.69,,,,,125 g,prijs per kg €21.52,False,,,,,D,True,AH,https://www.ah.nl/producten/product/wi566114,2026-08-03,Wahid Kipgrillworst,vlees
601153,0,Wahid Kipgrillworst 2-pack,Wahid,vlees,Vleeswaren,Halal vleeswaren,5.11,5.38,5.0,5% volume voordeel,,,2 stuks,,True,AHOO,5% volume voordeel,2026-08-03,2999-12-31,,True,AH,https://www.ah.nl/producten/product/wi601153,2026-08-03,Wahid Chicken Grilled Sausage 2-pack,vlees
619191,0,AH Biologisch Gerookte kipfilet 4-pack,AH Biologisch,vlees,Vlees,Gerookte kip,18.31,18.88,3.0,3% volume voordeel,,,4 stuks,,True,AHOO,3% volume voordeel,2026-08-03,2999-12-31,,True,AH,https://www.ah.nl/producten/product/wi619191,2026-08-03,AH Biologisch Gerookte kipfilet 4-pack,vlees
619192,0,AH Biologisch Gerookte kipfilet 5-pack,AH Biologisch,vlees,Vlees,Gerookte kip,22.66,23.6,4.0,4% volume voordeel,,,5 stuks,,True,AHOO,4% volume voordeel,2026-08-03,2999-12-31,,True,AH,https://www.ah.nl/producten/product/wi619192,2026-08-03,AH Biologisch Gerookte kipfilet 5-pack,vlees
119764,544142,AH Varkensschnitzel,AH,vlees,Vlees,"Schnitzel, cordon bleu",3.27,3.27,,,,,ca. 260 g,prijs per kg €12.56,False,,,,,A,True,AH,https://www.ah.nl/producten/product/wi119764,2026-08-03,AH Varkensschnitzel,vlees
563342,1180,AH Guanciale blokjes,AH,vlees,Vlees,Blokjes spek (voorverpakt),2.49,2.49,,,,,100 g,prijs per kg €24.90,False,,,,,E,True,AH,https://www.ah.nl/producten/product/wi563342,2026-08-03,AH Guanciale blokjes,vlees
618750,0,AH BBQ biefstukspies black garlic 2-pack,AH,vlees,Vlees,Biefstuk,13.95,14.38,3.0,3% volume voordeel,,,2 stuks,,True,AHOO,3% volume voordeel,2026-08-03,2999-12-31,,True,AH,https://www.ah.nl/producten/product/wi618750,2026-08-03,AH BBQ biefstukspies black garlic 2-pack,vlees
531880,803060,AH Scharrel kipdrumsticks gemarineerd,AH,vlees,Vlees,"Kippenpoten, drumsticks",6.89,6.89,,,,,1 kg,prijs per kg €6.89,False,,,,,B,True,AH,https://www.ah.nl/producten/product/wi531880,2026-08-03,AH Scharrel kipdrumsticks gemarineerd,vlees
618752,0,AH BBQ biefstukspies black garlic 4-pack,AH,vlees,Vlees,Biefstuk,25.88,28.76,10.0,10% volume voordeel,,,4 stuks,,True,AHOO,10% volume voordeel,2026-08-03,2999-12-31,,True,AH,https://www.ah.nl/producten/product/wi618752,2026-08-03,AH BBQ biefstukspies black garlic 4-pack,vlees
618751,0,AH BBQ biefstukspies black garlic 3-pack,AH,vlees,Vlees,Biefstuk,20.49,21.57,5.0,5% volume voordeel,,,3 stuks,,True,AHOO,5% volume voordeel,2026-08-03,2999-12-31,,True,AH,https://www.ah.nl/producten/product/wi618751,2026-08-03,AH BBQ biefstukspies black garlic 3-pack,vlees
556724,78202,AH Scharrel kipburger jalapeño 2 stuks,AH,vlees,Vlees,Kipburger,3.79,3.79,,2e Halve Prijs,,2.0,250 g,normale prijs per kg €15.16,True,AH,2e Halve Prijs,2026-08-03,2026-08-09,C,True,AH,https://www.ah.nl/producten/product/wi556724,2026-08-03,AH Scharrel kipburger jalapeño 2 stuks,vlees
602334,0,AH Scharrel kipburger jalapeno 2 st 2-pack,AH,vlees,Vlees,Kipburger,5.68,7.58,25.1,pakketkorting,,,2 stuks,,True,AHOO,,2026-08-03,2026-08-09,,True,AH,https://www.ah.nl/producten/product/wi602334,2026-08-03,AH Scharrel kipburger jalapeno 2 st 2-pack,vlees
437136,701383,AH BBQ gekruide shaslick met spek,AH,vlees,Vlees,Varkenssate (vers),5.5,5.5,,,,,255 g,prijs per kg €21.57,False,,,,,C,True,AH,https://www.ah.nl/producten/product/wi437136,2026-08-03,AH BBQ seasoned shaslick with bacon,vlees
571283,11933,AH BBQ hamburger smokey,AH,vlees,Vlees,Hamburgers (rund),3.99,3.99,,,,,2 stuks,,False,,,,,D,True,AH,https://www.ah.nl/producten/product/wi571283,2026-08-03,AH BBQ hamburger smokey,vlees
367768,834216,AH Kipkrokant,AH,vlees,Diepvries,Kipnuggets (frituur),2.15,2.15,,,,,300 g,prijs per kg €7.17,False,,,,,D,True,AH,https://www.ah.nl/producten/product/wi367768,2026-08-03,AH Kipkrokant,vlees
597592,0,AH Guanciale blokjes 2-pack,AH,vlees,Vlees,Blokjes spek (voorverpakt),4.83,4.98,3.0,3% volume voordeel,,,2 stuks,,True,AHOO,3% volume voordeel,2026-08-03,2999-12-31,,True,AH,https://www.ah.nl/producten/product/wi597592,2026-08-03,AH Guanciale blokjes 2-pack,vlees
436754,60731,AH Biologisch Rundertartaar,AH Biologisch,vlees,Vlees,Tartaar,4.99,4.99,,,,,2 stuks,,False,,,,,B,True,AH,https://www.ah.nl/producten/product/wi436754,2026-08-03,AH Biologisch Rundertartaar,vlees
617725,0,AH BBQ gekruide shaslick met spek 2-pack,AH,vlees,Vlees,Varkenssate (vers),10.67,11.0,3.0,3% volume voordeel,,,2 stuks,,True,AHOO,3% volume voordeel,2026-08-03,2999-12-31,,True,AH,https://www.ah.nl/producten/product/wi617725,2026-08-03,AH BBQ gekruide shaslick met spek 2-pack,vlees
412448,855883,AH BBQ worst tuinkruiden,AH,vlees,Vlees,Worst (varken),4.5,4.5,,,,,350 g,prijs per kg €12.86,False,,,,,E,True,AH,https://www.ah.nl/producten/product/wi412448,2026-08-03,AH BBQ worst tuinkruiden,vlees
620526,0,AH BBQ hamburger smokey 2-pack,AH,vlees,Vlees,Hamburgers (rund),7.74,7.98,3.0,3% volume voordeel,,,2 stuks,,True,AHOO,3% volume voordeel,2026-08-03,2999-12-31,,True,AH,https://www.ah.nl/producten/product/wi620526,2026-08-03,AH BBQ hamburger smokey 2-pack,vlees
620528,0,AH BBQ hamburger smokey 4-pack,AH,vlees,Vlees,Hamburgers (rund),14.36,15.96,10.0,10% volume voordeel,,,4 stuks,,True,AHOO,10% volume voordeel,2026-08-03,2999-12-31,,True,AH,https://www.ah.nl/producten/product/wi620528,2026-08-03,AH BBQ hamburger smokey 4-pack,vlees
617726,0,AH BBQ gekruide shaslick met spek 3-pack,AH,vlees,Vlees,Varkenssate (vers),15.67,16.5,5.0,5% volume voordeel,,,3 stuks,,True,AHOO,5% volume voordeel,2026-08-03,2999-12-31,,True,AH,https://www.ah.nl/producten/product/wi617726,2026-08-03,AH BBQ seasoned shaslick with bacon 3-pack,vlees
620527,0,AH BBQ hamburger smokey 3-pack,AH,vlees,Vlees,Hamburgers (rund),11.37,11.97,5.0,5% volume voordeel,,,3 stuks,,True,AHOO,5% volume voordeel,2026-08-03,2999-12-31,,True,AH,https://www.ah.nl/producten/product/wi620527,2026-08-03,AH BBQ hamburger smokey 3-pack,vlees
617727,0,AH BBQ gekruide shaslick met spek 4-pack,AH,vlees,Vlees,Varkenssate (vers),19.8,22.0,10.0,10% volume voordeel,,,4 stuks,,True,AHOO,10% volume voordeel,2026-08-03,2999-12-31,,True,AH,https://www.ah.nl/producten/product/wi617727,2026-08-03,AH BBQ gekruide shaslick met spek 4-pack,vlees
483300,738042,AH Magere spekreepjes kalkoen,AH,vlees,Vlees,Kalkoen,3.69,3.69,,,,,150 g,prijs per kg €24.60,False,,,,,D,True,AH,https://www.ah.nl/producten/product/wi483300,2026-08-03,AH Magere spekreepjes kalkoen,vlees
619701,0,AH Scharrel kipfilet plakjes gerookt 4-pack,AH,vlees,Vlees,Gerookte kip,14.32,14.76,3.0,3% volume voordeel,,,4 stuks,,True,AHOO,3% volume voordeel,2026-08-03,2999-12-31,,True,AH,https://www.ah.nl/producten/product/wi619701,2026-08-03,AH Scharrel kipfilet plakjes gerookt 4-pack,vlees
617245,0,AH BBQ worst tuinkruiden 2-pack,AH,vlees,Vlees,Worst (varken),8.73,9.0,3.0,3% volume voordeel,,,2 stuks,,True,AHOO,3% volume voordeel,2026-08-03,2999-12-31,,True,AH,https://www.ah.nl/producten/product/wi617245,2026-08-03,AH BBQ worst tuinkruiden 2-pack,vlees
3975,527528,AH Greenfields Kogelbiefstuk,AH Greenfields,vlees,Vlees,Biefstuk,7.49,7.49,,,,,per stuk,prijs per kg €44.06,False,,,,,A,True,AH,https://www.ah.nl/producten/product/wi3975,2026-08-03,AH Greenfields Kogelbiefstuk,vlees
617247,0,AH BBQ worst tuinkruiden 4-pack,AH,vlees,Vlees,Worst (varken),16.2,18.0,10.0,10% volume voordeel,,,4 stuks,,True,AHOO,10% volume voordeel,2026-08-03,2999-12-31,,True,AH,https://www.ah.nl/producten/product/wi617247,2026-08-03,AH BBQ worst tuinkruiden 4-pack,vlees
619702,0,AH Scharrel kipfilet plakjes gerookt 5-pack,AH,vlees,Vlees,Gerookte kip,17.71,18.45,4.0,4% volume voordeel,,,5 stuks,,True,AHOO,4% volume voordeel,2026-08-03,2999-12-31,,True,AH,https://www.ah.nl/producten/product/wi619702,2026-08-03,AH Scharrel kipfilet plakjes gerookt 5-pack,vlees
617246,0,AH BBQ worst tuinkruiden 3-pack,AH,vlees,Vlees,Worst (varken),12.82,13.5,5.0,5% volume voordeel,,,3 stuks,,True,AHOO,5% volume voordeel,2026-08-03,2999-12-31,,True,AH,https://www.ah.nl/producten/product/wi617246,2026-08-03,AH BBQ worst tuinkruiden 3-pack,vlees
238948,830740,AH Nasi bami vlees,AH,vlees,Vlees,Varkenshaas,4.04,4.04,,,,,ca. 350 g,prijs per kg €11.55,False,,,,,,True,AH,https://www.ah.nl/producten/product/wi238948,2026-08-03,AH Nasi bami vlees,vlees
549766,45865,AH Rundergehakt,AH,vlees,Vlees,Rundergehakt,3.19,3.19,,,,,175 g,prijs per kg €18.23,False,,,,,C,True,AH,https://www.ah.nl/producten/product/wi549766,2026-08-03,AH Rundergehakt,vlees
618119,0,AH Greenfields Kogelbiefstuk 3-pack,AH Greenfields,vlees,Vlees,Biefstuk,21.35,22.47,5.0,5% volume voordeel,,,3 stuks,,True,AHOO,5% volume voordeel,2026-08-03,2999-12-31,,True,AH,https://www.ah.nl/producten/product/wi618119,2026-08-03,AH Greenfields Kogelbiefstuk 3-pack,vlees
594931,43428,AH Soepballetjes minder vet,AH,vlees,Vlees,Soepvlees (rund),3.29,3.29,,,,,ca. 250 g,prijs per kg €13.16,False,,,,,D,True,AH,https://www.ah.nl/producten/product/wi594931,2026-08-03,AH Soepballetjes minder vet,vlees
618121,0,AH Greenfields Kogelbiefstuk 4-pack,AH Greenfields,vlees,Vlees,Biefstuk,26.96,29.96,10.0,10% volume voordeel,,,4 stuks,,True,AHOO,10% volume voordeel,2026-08-03,2999-12-31,,True,AH,https://www.ah.nl/producten/product/wi618121,2026-08-03,AH Greenfields Kogelbiefstuk 4-pack,vlees
619905,0,AH Rundergehakt 6-pack,AH,vlees,Vlees,Rundergehakt,17.61,19.14,8.0,8% volume voordeel,,,6 stuks,,True,AHOO,8% volume voordeel,2026-08-03,2999-12-31,,True,AH,https://www.ah.nl/producten/product/wi619905,2026-08-03,AH Rundergehakt 6-pack,vlees
621812,0,AH Soepballetjes minder vet 2-pack,AH,vlees,Vlees,Soepvlees (rund),,,2.0,2% volume voordeel,,,2 stuks,,True,AH,2% volume voordeel,,,,True,AH,https://www.ah.nl/producten/product/wi621812,2026-08-03,AH Soepballetjes minder vet 2-pack,vlees
621813,0,AH Soepballetjes minder vet 3-pack,AH,vlees,Vlees,Soepvlees (rund),,,4.0,4% volume voordeel,,,3 stuks,,True,AH,4% volume voordeel,,,,True,AH,https://www.ah.nl/producten/product/wi621813,2026-08-03,AH Soepballetjes minder vet 3-pack,vlees
621814,0,AH Soepballetjes minder vet 4-pack,AH,vlees,Vlees,Soepvlees (rund),,,6.0,6% volume voordeel,,,4 stuks,,True,AH,6% volume voordeel,,,,True,AH,https://www.ah.nl/producten/product/wi621814,2026-08-03,AH Soepballetjes minder vet 4-pack,vlees
210999,806327,Unox Kip knaks,Unox,vlees,Vlees,Knakworst,3.99,3.99,,2 + 1 gratis,,2.0,400 g,normale prijs per kg €19.95,True,AH,2 + 1 gratis,2026-08-03,2026-08-09,D,True,AH,https://www.ah.nl/producten/product/wi210999,2026-08-03,Unox Kip knaks,vlees
374145,836800,Unox Magere knaks,Unox,vlees,Vlees,Knakworst,4.49,4.49,,2 + 1 gratis,,2.0,400 g,normale prijs per kg €20.41,True,AH,2 + 1 gratis,2026-08-03,2026-08-09,C,True,AH,https://www.ah.nl/producten/product/wi374145,2026-08-03,Unox Magere knaks,vlees
620070,0,AH Scharrel kipburger jalapeno 2 stuks 3-pk,AH,vlees,Vlees,Kipburger,9.47,11.37,16.7,pakketkorting,,,3 stuks,,True,AHOO,,2026-08-03,2026-08-09,,True,AH,https://www.ah.nl/producten/product/wi620070,2026-08-03,AH Scharrel kipburger jalapeno 2 stuks 3-pk,vlees
620071,0,AH Scharrel kipburger jalapeno 2 stuks 4-pk,AH,vlees,Vlees,Kipburger,11.37,15.16,25.0,pakketkorting,,,4 stuks,,True,AHOO,,2026-08-03,2026-08-09,,True,AH,https://www.ah.nl/producten/product/wi620071,2026-08-03,AH Scharrel kipburger jalapeno 2 stuks 4-pk,vlees
567478,0,AH Rundergehakt 3-pack,AH,vlees,Vlees,Rundergehakt,9.28,9.57,3.0,3% volume voordeel,,,3 stuks,,True,AHOO,3% volume voordeel,2026-08-03,2999-12-31,,True,AH,https://www.ah.nl/producten/product/wi567478,2026-08-03,AH Rundergehakt 3-pack,vlees
495638,787893,AH Italiaans gekruid braadworstje,AH,vlees,Vlees,Worst (varken),3.49,3.49,,,,,6 stuks,,False,,,,,D,True,AH,https://www.ah.nl/producten/product/wi495638,2026-08-03,AH Italiaans gekruid braadworstje,vlees
597950,47231,AH Biologisch Hamburger 4 stuks,AH Biologisch,vlees,Vlees,Hamburgers (rund),6.99,6.99,,,,,400 g,prijs per kg €17.48,False,,,,,D,True,AH,https://www.ah.nl/producten/product/wi597950,2026-08-03,AH Biologisch Hamburger 4 stuks,vlees
624448,0,Unox Kip knaks 2-pack,Unox,vlees,Vlees,Knakworst,7.18,7.98,10.0,10% volume voordeel,,,2 stuks,,True,AH,10% volume voordeel,,,,True,AH,https://www.ah.nl/producten/product/wi624448,2026-08-03,Unox Kip knaks 2-pack,vlees
1537,18328,AH Leverpastei,AH,vlees,Vlees,"Smeerpastei, smac, schouderham (conserven)",1.25,1.25,,,,,3 x 56 g,prijs per kg €7.44,False,,,,,E,True,AH,https://www.ah.nl/producten/product/wi1537,2026-08-03,AH Leverpastei,vlees
549195,0,Unox Knaks 3-pack,Unox,vlees,Vlees,Knakworst,5.58,8.37,33.3,pakketkorting,,,3 stuks,,True,AHOO,,2026-08-03,2026-08-09,,True,AH,https://www.ah.nl/producten/product/wi549195,2026-08-03,Unox Knaks 3-pack,vlees
624449,0,Unox Kip knaks 3-pack,Unox,vlees,Vlees,Knakworst,7.98,11.97,33.3,pakketkorting,,,3 stuks,,True,AHOO,,2026-08-03,2026-08-09,,True,AH,https://www.ah.nl/producten/product/wi624449,2026-08-03,Unox Kip knaks 3-pack,vlees
199777,792575,AH Catalaanse braadworst,AH,vlees,Vlees,Worst (varken),3.49,3.49,,,,,6 stuks,prijs per kg €12.93,False,,,,,D,True,AH,https://www.ah.nl/producten/product/wi199777,2026-08-03,AH Catalaanse braadworst,vlees
578165,0,AH Catalaanse braadworst 3-pack,AH,vlees,Vlees,Worst (varken),9.53,10.47,9.0,9% volume voordeel,,,3 stuks,,True,AHOO,9% volume voordeel,2026-08-03,2999-12-31,,True,AH,https://www.ah.nl/producten/product/wi578165,2026-08-03,AH Catalaanse braadworst 3-pack,vlees
602329,0,AH Magere spekreepjes kalkoen 2-pack,AH,vlees,Vlees,Kalkoen,7.01,7.38,5.0,5% volume voordeel,,,2 stuks,,True,AHOO,5% volume voordeel,2026-08-03,2999-12-31,,True,AH,https://www.ah.nl/producten/product/wi602329,2026-08-03,AH Magere spekreepjes kalkoen 2-pack,vlees
4041,44143,AH Schouderkarbonade,AH,vlees,Vlees,Karbonades,4.27,4.27,,,,,ca. 427 g,prijs per kg €10.00,False,,,,,,True,AH,https://www.ah.nl/producten/product/wi4041,2026-08-03,AH Schouderkarbonade,vlees
560866,717339,Streeckgenoten Gebraden kipfilet,Streeckgenoten,vlees,Vlees,Gebraden kip,2.99,3.99,25.0,25% korting,,,ca. 120 g,normale prijs per kg €33.25,True,AH,25% korting,2026-08-03,2026-08-09,B,True,AH,https://www.ah.nl/producten/product/wi560866,2026-08-03,Streeckgenoten Gebraden kipfilet,vlees
622058,0,AH Biologisch Hamburger 4 stuks 4-pack,AH Biologisch,vlees,Vlees,Hamburgers (rund),26.28,27.96,6.0,6% volume voordeel,,,4 stuks,,True,AHOO,6% volume voordeel,2026-08-03,2999-12-31,,True,AH,https://www.ah.nl/producten/product/wi622058,2026-08-03,AH Biologisch Hamburger 4 stuks 4-pack,vlees
30134,81398,AH Runder knakworst,AH,vlees,Vlees,Knakworst,3.49,3.49,,,,,400 g,prijs per kg €17.45,False,,,,,D,True,AH,https://www.ah.nl/producten/product/wi30134,2026-08-03,AH Runder knakworst,vlees
610029,67582,AH BBQ partyburger,AH,vlees,Vlees,Hamburgers (rund),6.99,6.99,,,,,720 g,prijs per kg €9.71,False,,,,,D,True,AH,https://www.ah.nl/producten/product/wi610029,2026-08-03,AH BBQ partyburger,vlees
618081,0,AH Hamblokjes 4-pack,AH,vlees,Vlees,Hamreepjes en blokjes,13.57,15.96,15.0,15% volume voordeel,,,4 stuks,,True,AHOO,15% volume voordeel,2026-08-03,2999-12-31,,True,AH,https://www.ah.nl/producten/product/wi618081,2026-08-03,AH Hamblokjes 4-pack,vlees
622057,0,AH Biologisch Hamburger 4 stuks 3-pack,AH Biologisch,vlees,Vlees,Hamburgers (rund),20.13,20.97,4.0,4% volume voordeel,,,3 stuks,,True,AHOO,4% volume voordeel,2026-08-03,2999-12-31,,True,AH,https://www.ah.nl/producten/product/wi622057,2026-08-03,AH Biologisch Hamburger 4 stuks 3-pack,vlees
578159,0,AH Italiaans gekruid braadworstje 2-pack,AH,vlees,Vlees,Worst (varken),6.7,6.98,4.0,4% volume voordeel,,,2 stuks,,True,AHOO,4% volume voordeel,2026-08-03,2999-12-31,,True,AH,https://www.ah.nl/producten/product/wi578159,2026-08-03,AH Italiaans gekruid braadworstje 2-pack,vlees
622056,0,AH Biologisch Hamburger 4 stuks 2-pack,AH Biologisch,vlees,Vlees,Hamburgers (rund),13.7,13.98,2.0,2% volume voordeel,,,2 stuks,,True,AHOO,2% volume voordeel,2026-08-03,2999-12-31,,True,AH,https://www.ah.nl/producten/product/wi622056,2026-08-03,AH Biologisch Hamburger 4 stuks 2-pack,vlees
130254,590601,AH Hamreepjes,AH,vlees,Vlees,Hamreepjes en blokjes,3.49,3.49,,,,,200 g,prijs per kg €17.45,False,,,,,D,True,AH,https://www.ah.nl/producten/product/wi130254,2026-08-03,AH Hamreepjes,vlees
531887,802932,AH Kalkoenfilet schnitzel,AH,vlees,Vlees,Kalkoen,4.99,4.99,,,,,ca. 240 g,prijs per kg €20.79,False,,,,,A,True,AH,https://www.ah.nl/producten/product/wi531887,2026-08-03,AH Kalkoenfilet schnitzel,vlees
517087,883730,AH Ovenschotel scharrelkip piri piri,AH,vlees,Vlees,Ovenschotel kip,6.29,6.29,,,,,ca. 650 g,prijs per kg €9.68,False,,,,,D,True,AH,https://www.ah.nl/producten/product/wi517087,2026-08-03,AH Ovenschotel scharrelkip piri piri,vlees
548752,635087,Vegetarische Slager Little willies,Vegetarische Slager,vlees,Vlees,Vegetarische worst,4.39,4.39,,,,,160 g,prijs per kg €27.44,False,,,,,A,True,AH,https://www.ah.nl/producten/product/wi548752,2026-08-03,Vegetarische Slager Little willies,vlees
618080,0,AH Hamblokjes 3-pack,AH,vlees,Vlees,Hamreepjes en blokjes,10.77,11.97,10.0,10% volume voordeel,,,3 stuks,,True,AHOO,10% volume voordeel,2026-08-03,2999-12-31,,True,AH,https://www.ah.nl/producten/product/wi618080,2026-08-03,AH Hamblokjes 3-pack,vlees
566667,0,AH Hamreepjes 2-pack,AH,vlees,Vlees,Hamreepjes en blokjes,6.63,6.98,5.0,5% volume voordeel,,,2 stuks,,True,AHOO,5% volume voordeel,2026-08-03,2999-12-31,,True,AH,https://www.ah.nl/producten/product/wi566667,2026-08-03,AH Hamreepjes 2-pack,vlees
199778,792581,AH Gehaktballetjes Hollands 12 stuks,AH,vlees,Vlees,Gehaktbal (rund),6.49,6.49,,,,,360 g,prijs per kg €18.03,False,,,,,D,True,AH,https://www.ah.nl/producten/product/wi199778,2026-08-03,AH Gehaktballetjes Hollands 12 stuks,vlees
418167,689576,AH Gepaneerde gehaktschnitzel,AH,vlees,Vlees,"Schnitzel, cordon bleu",2.99,3.35,10.7,voor 2.99,2.99,,2 stuks,normale prijs per kg €13.40,True,AH,VOOR 2.99,2026-08-03,2026-08-09,D,True,AH,https://www.ah.nl/producten/product/wi418167,2026-08-03,AH Gepaneerde gehaktschnitzel,vlees
602957,0,AH Gehaktballetjes Hollands 12 stuks 2-pack,AH,vlees,Vlees,Gehaktbal (rund),12.72,12.98,2.0,2% volume voordeel,,,2 stuks,,True,AHOO,2% volume voordeel,2026-08-03,2999-12-31,,True,AH,https://www.ah.nl/producten/product/wi602957,2026-08-03,AH Gehaktballetjes Hollands 12 stuks 2-pack,vlees
603307,0,AH Oven scharrel kip piri piri 2-pack,AH,vlees,Vlees,Ovenschotel kip,12.2,12.58,3.0,3% volume voordeel,,,2 stuks,,True,AHOO,3% volume voordeel,2026-08-03,2999-12-31,,True,AH,https://www.ah.nl/producten/product/wi603307,2026-08-03,AH Oven scharrel kip piri piri 2-pack,vlees
608886,0,Unox Magere knaks 2-pack,Unox,vlees,Vlees,Knakworst,8.08,8.98,10.0,10% volume voordeel,,,2 stuks,,True,AH,10% volume voordeel,,,,True,AH,https://www.ah.nl/producten/product/wi608886,2026-08-03,Unox Magere knaks 2-pack,vlees
620263,0,Streeckgenoten Gebraden kipfilet 2-pack,Streeckgenoten,vlees,Vlees,Gebraden kip,5.98,7.98,25.1,pakketkorting,,,2 stuks,,True,AHOO,,2026-08-03,2026-08-09,,True,AH,https://www.ah.nl/producten/product/wi620263,2026-08-03,Streeckgenoten Gebraden kipfilet 2-pack,vlees
531883,803043,AH Scharrel kipkluifjes,AH,vlees,Vlees,Kipkluifjes,3.99,3.99,,,,,500 g,prijs per kg €7.98,False,,,,,B,True,AH,https://www.ah.nl/producten/product/wi531883,2026-08-03,AH Scharrel kipkluifjes,vlees
608887,0,Unox Magere knaks 3-pack,Unox,vlees,Vlees,Knakworst,8.98,13.47,33.3,pakketkorting,,,3 stuks,,True,AHOO,,2026-08-03,2026-08-09,,True,AH,https://www.ah.nl/producten/product/wi608887,2026-08-03,Unox Magere knaks 3-pack,vlees
412982,856284,Mora Oven & airfryer kipnuggets,Mora,vlees,Diepvries,Kipnuggets (oven),4.99,4.99,,,,,280 g,prijs per kg €17.82,False,,,,,C,True,AH,https://www.ah.nl/producten/product/wi412982,2026-08-03,Mora Oven & airfryer kipnuggets,vlees
199713,780701,AH Slavink,AH,vlees,Vlees,"Slavinken, boomstammetjes",2.49,2.49,,,,,200 g,prijs per kg €12.45,False,,,,,D,True,AH,https://www.ah.nl/producten/product/wi199713,2026-08-03,AH Slavink,vlees
620264,0,Streeckgenoten Gebraden kipfilet 3-pack,Streeckgenoten,vlees,Vlees,Gebraden kip,8.98,11.97,25.0,pakketkorting,,,3 stuks,,True,AHOO,,2026-08-03,2026-08-09,,True,AH,https://www.ah.nl/producten/product/wi620264,2026-08-03,Streeckgenoten Gebraden kipfilet 3-pack,vlees
187595,780709,AH Greenfields Beefburger tomaat,AH Greenfields,vlees,Vlees,Hamburgers (rund),4.99,4.99,,1 + 1 gratis,,1.0,2 stuks,normale prijs per kg €19.96,True,AH,1 + 1 gratis,2026-08-03,2026-08-09,D,True,AH,https://www.ah.nl/producten/product/wi187595,2026-08-03,AH Greenfields Beefburger tomaat,vlees
404528,851658,Ikbal Kipboterhamworst paprika,Ikbal,vlees,Vleeswaren,Halal vleeswaren,1.89,1.89,,,,,200 g,prijs per kg €9.45,False,,,,,E,True,AH,https://www.ah.nl/producten/product/wi404528,2026-08-03,Ikbal Kipboterhamworst paprika,vlees
582033,24802,AH Scharrel kip gyros,AH,vlees,Vlees,Kipfilet reepjes,5.79,5.79,,,,,400 g,prijs per kg €14.48,False,,,,,,True,AH,https://www.ah.nl/producten/product/wi582033,2026-08-03,AH Scharrel kip gyros,vlees
589121,35046,AH Kipfiletreepjes,AH,vlees,Vlees,Kipfilet reepjes,7.99,7.99,,,,,500 g,prijs per kg €15.98,False,,,,,A,True,AH,https://www.ah.nl/producten/product/wi589121,2026-08-03,AH Kipfiletreepjes,vlees
601132,0,Ikbal Kipboterhamworst paprika 3-pack,Ikbal,vlees,Vleeswaren,Halal vleeswaren,5.39,5.67,5.0,5% volume voordeel,,,3 stuks,,True,AHOO,5% volume voordeel,2026-08-03,2999-12-31,,True,AH,https://www.ah.nl/producten/product/wi601132,2026-08-03,Ikbal Kipboterhamworst paprika 3-pack,vlees
621344,0,AH Kipfiletreepjes 3 pck,AH,vlees,Vlees,Kipfilet reepjes,,,,,,,3 stuks,,False,,,,,,True,AH,https://www.ah.nl/producten/product/wi621344,2026-08-03,AH Kipfiletreepjes 3 pck,vlees
621345,0,AH Kipfiletreepjes 4 pck,AH,vlees,Vlees,Kipfilet reepjes,,,,,,,4 stuks,,False,,,,,,True,AH,https://www.ah.nl/producten/product/wi621345,2026-08-03,AH Chicken fillet strips 4 pcs,vlees
621346,0,AH Kipfiletreepjes 6-pck,AH,vlees,Vlees,Kipfilet reepjes,,,,,,,6 stuks,,False,,,,,,True,AH,https://www.ah.nl/producten/product/wi621346,2026-08-03,AH Kipfiletreepjes 6-pck,vlees
531826,805090,AH Scharrel kipdijfilet 2 stuks,AH,vlees,Vlees,Kipfilet stuk,3.69,3.69,,,,,ca. 235 g,prijs per kg €15.70,False,,,,,A,True,AH,https://www.ah.nl/producten/product/wi531826,2026-08-03,AH Scharrel kipdijfilet 2 stuks,vlees
620265,0,Streeckgenoten Gebraden kipfilet 4-pack,Streeckgenoten,vlees,Vlees,Gebraden kip,11.97,15.96,25.0,pakketkorting,,,4 stuks,,True,AHOO,,2026-08-03,2026-08-09,,True,AH,https://www.ah.nl/producten/product/wi620265,2026-08-03,Streeckgenoten Gebraden kipfilet 4-pack,vlees
238947,830739,AH Biefstukpuntjes,AH,vlees,Vlees,Biefstuk,8.49,8.49,,,,,ca. 300 g,prijs per kg €28.30,False,,,,,A,True,AH,https://www.ah.nl/producten/product/wi238947,2026-08-03,AH Biefstukpuntjes,vlees
577725,0,AH Kalkoenfilet schnitzel 3-pack,AH,vlees,Vlees,Kalkoen,14.22,14.97,5.0,5% volume voordeel,,,per stuk,,True,AHOO,5% volume voordeel,2026-08-03,2999-12-31,,True,AH,https://www.ah.nl/producten/product/wi577725,2026-08-03,AH Kalkoenfilet schnitzel 3-pack,vlees
620233,0,AH Pancetta blokjes 3-pack,AH,vlees,Vlees,Hamreepjes en blokjes,7.1,7.47,5.0,5% volume voordeel,,,3 stuks,,True,AHOO,5% volume voordeel,2026-08-03,2999-12-31,,True,AH,https://www.ah.nl/producten/product/wi620233,2026-08-03,AH Pancetta blokjes 3-pack,vlees
618018,0,AH Gebakken spekreepjes 4-pack,AH,vlees,Vlees,Reepjes spek en bacon (voorverpakt),10.17,11.96,15.0,15% volume voordeel,,,4 stuks,,True,AHOO,15% volume voordeel,2026-08-03,2999-12-31,,True,AH,https://www.ah.nl/producten/product/wi618018,2026-08-03,AH Gebakken spekreepjes 4-pack,vlees
620234,0,AH Pancetta blokjes 4-pack,AH,vlees,Vlees,Hamreepjes en blokjes,9.16,9.96,8.0,8% volume voordeel,,,4 stuks,,True,AHOO,8% volume voordeel,2026-08-03,2999-12-31,,True,AH,https://www.ah.nl/producten/product/wi620234,2026-08-03,AH Pancetta blokjes 4-pack,vlees
513753,13371,Wahid Kipfilet,Wahid,vlees,Vlees,Halal kip,5.99,5.99,,,,,ca. 400 g,prijs per kg €14.98,False,,,,,A,True,AH,https://www.ah.nl/producten/product/wi513753,2026-08-03,Wahid Kipfilet,vlees
601151,0,Wahid Kipfilet 3-pack,Wahid,vlees,Vlees,Halal kip,17.07,17.97,5.0,5% volume voordeel,,,3 stuks,,True,AHOO,5% volume voordeel,2026-08-03,2999-12-31,,True,AH,https://www.ah.nl/producten/product/wi601151,2026-08-03,Wahid Kipfilet 3-pack,vlees
620919,0,AH Scharrel kip gyros 5-pack,AH,vlees,Vlees,Kipfilet reepjes,27.5,28.95,5.0,5% volume voordeel,,,5 stuks,,True,AHOO,5% volume voordeel,2026-08-03,2999-12-31,,True,AH,https://www.ah.nl/producten/product/wi620919,2026-08-03,AH Scharrel kip gyros 5-pack,vlees
594929,43425,AH Runderhamburger minder vet 2 stuks,AH,vlees,Vlees,Hamburgers (rund),3.29,3.29,,,,,200 g,prijs per kg €16.45,False,,,,,D,True,AH,https://www.ah.nl/producten/product/wi594929,2026-08-03,AH Runderhamburger minder vet 2 stuks,vlees
618017,0,AH Gebakken spekreepjes 3-pack,AH,vlees,Vlees,Reepjes spek en bacon (voorverpakt),8.07,8.97,10.0,10% volume voordeel,,,3 stuks,,True,AHOO,10% volume voordeel,2026-08-03,2999-12-31,,True,AH,https://www.ah.nl/producten/product/wi618017,2026-08-03,AH Gebakken spekreepjes 3-pack,vlees
620918,0,AH Scharrel kip gyros 4-pack,AH,vlees,Vlees,Kipfilet reepjes,22.47,23.16,3.0,3% volume voordeel,,,4 stuks,,True,AHOO,3% volume voordeel,2026-08-03,2999-12-31,,True,AH,https://www.ah.nl/producten/product/wi620918,2026-08-03,AH Scharrel kip gyros 4-pack,vlees
621803,0,AH Runderhamburger minder vet 2 stuks 2-pck,AH,vlees,Vlees,Hamburgers (rund),,,2.0,2% volume voordeel,,,2 stuks,,True,AH,2% volume voordeel,,,,True,AH,https://www.ah.nl/producten/product/wi621803,2026-08-03,AH Runderhamburger minder vet 2 stuks 2-pck,vlees
621804,0,AH Runderhamburger minder vet 2 stuks 3-pck,AH,vlees,Vlees,Hamburgers (rund),,,4.0,4% volume voordeel,,,3 stuks,,True,AH,4% volume voordeel,,,,True,AH,https://www.ah.nl/producten/product/wi621804,2026-08-03,AH Runderhamburger minder vet 2 stuks 3-pck,vlees
621805,0,AH Runderhamburger minder vet 2 stuks 4-pck,AH,vlees,Vlees,Hamburgers (rund),,,6.0,6% volume voordeel,,,4 stuks,,True,AH,6% volume voordeel,,,,True,AH,https://www.ah.nl/producten/product/wi621805,2026-08-03,AH Runderhamburger minder vet 2 stuks 4-pck,vlees
620917,0,AH Scharrel kip gyros 3-pack,AH,vlees,Vlees,Kipfilet reepjes,17.02,17.37,2.0,2% volume voordeel,,,3 stuks,,True,AHOO,2% volume voordeel,2026-08-03,2999-12-31,,True,AH,https://www.ah.nl/producten/product/wi620917,2026-08-03,AH Scharrel kip gyros 3-pack,vlees
367557,833931,Unox Gelderse rookworst,Unox,vlees,Vlees,Rookworst,3.89,3.89,,,,,285 g,prijs per kg €13.65,False,,,,,E,True,AH,https://www.ah.nl/producten/product/wi367557,2026-08-03,Unox Gelderse rookworst,vlees
33287,8954,AH Luncheon meat,AH,vlees,Vlees,"Smeerpastei, smac, schouderham (conserven)",1.95,1.95,,,,,340 g,prijs per kg €5.74,False,,,,,E,True,AH,https://www.ah.nl/producten/product/wi33287,2026-08-03,AH Luncheon meat,vlees
619503,0,AH Ovenschotel scharrelkip piri piri 3-pack,AH,vlees,Vlees,Ovenschotel kip,17.93,18.87,5.0,5% volume voordeel,,,3 stuks,,True,AHOO,5% volume voordeel,2026-08-03,2999-12-31,,True,AH,https://www.ah.nl/producten/product/wi619503,2026-08-03,AH Ovenschotel scharrelkip piri piri 3-pack,vlees
168027,561881,AH Biologisch Kipdrumsticks,AH Biologisch,vlees,Vlees,"Kippenpoten, drumsticks",4.89,4.89,,,,,ca. 550 g,prijs per kg €8.89,False,,,,,A,True,AH,https://www.ah.nl/producten/product/wi168027,2026-08-03,AH Biologisch Kipdrumsticks,vlees
436760,60800,AH Biologisch Varkensbraadworst,AH Biologisch,vlees,Vlees,Worst (varken),3.99,3.99,,,,,2 stuks,,False,,,,,D,True,AH,https://www.ah.nl/producten/product/wi436760,2026-08-03,AH Biologisch Varkensbraadworst,vlees
617786,0,AH Biologisch Varkensbraadworst 2-pack,AH Biologisch,vlees,Vlees,Worst (varken),7.66,7.98,4.0,4% volume voordeel,,,2 stuks,,True,AHOO,4% volume voordeel,2026-08-03,2999-12-31,,True,AH,https://www.ah.nl/producten/product/wi617786,2026-08-03,AH Biologisch Varkensbraadworst 2-pack,vlees
600464,50976,AH Biologisch Kipdijfiletreepjes,AH Biologisch,vlees,Vlees,Kipfilet reepjes,5.99,5.99,,,,,250 g,prijs per kg €23.96,False,,,,,A,True,AH,https://www.ah.nl/producten/product/wi600464,2026-08-03,AH Biologisch Kipdijfiletreepjes,vlees
619671,0,AH Kalkoenfilet schnitzel 2-pack,AH,vlees,Vlees,Kalkoen,9.68,9.98,3.0,3% volume voordeel,,,2 stuks,,True,AHOO,3% volume voordeel,2026-08-03,2999-12-31,,True,AH,https://www.ah.nl/producten/product/wi619671,2026-08-03,AH Kalkoenfilet schnitzel 2-pack,vlees
383505,842837,AH Excellent Black angus burger,AH Excellent,vlees,Vlees,Hamburgers (rund),5.49,5.49,,,,,2 stuks,prijs per kg €21.96,False,,,,,C,True,AH,https://www.ah.nl/producten/product/wi383505,2026-08-03,AH Excellent Black angus burger,vlees
531827,805076,AH Scharrel kipfilet stukjes roerbak,AH,vlees,Vlees,Kipfilet blokjes,5.49,5.49,,,,,300 g,prijs per kg €18.30,False,,,,,A,True,AH,https://www.ah.nl/producten/product/wi531827,2026-08-03,AH Scharrel kipfilet stukjes roerbak,vlees
531866,803441,AH Scharrel kip cordon bleu 4 stuks,AH,vlees,Vlees,Cordon bleu (kip),6.49,6.49,,,,,500 g,prijs per kg €12.98,False,,,,,C,True,AH,https://www.ah.nl/producten/product/wi531866,2026-08-03,AH Scharrel kip cordon bleu 4 stuks,vlees
617787,0,AH Biologisch Varkensbraadworst 3-pack,AH Biologisch,vlees,Vlees,Worst (varken),10.89,11.97,9.0,9% volume voordeel,,,3 stuks,,True,AHOO,9% volume voordeel,2026-08-03,2999-12-31,,True,AH,https://www.ah.nl/producten/product/wi617787,2026-08-03,AH Biologisch Varkensbraadworst 3-pack,vlees
617788,0,AH Biologisch Varkensbraadworst 4-pack,AH Biologisch,vlees,Vlees,Worst (varken),14.2,15.96,11.0,11% volume voordeel,,,4 stuks,,True,AHOO,11% volume voordeel,2026-08-03,2999-12-31,,True,AH,https://www.ah.nl/producten/product/wi617788,2026-08-03,AH Biologisch Varkensbraadworst 4-pack,vlees
619504,0,AH Ovenschotel scharrelkip piri piri 4-pack,AH,vlees,Vlees,Ovenschotel kip,23.15,25.16,8.0,8% volume voordeel,,,4 stuks,,True,AHOO,8% volume voordeel,2026-08-03,2999-12-31,,True,AH,https://www.ah.nl/producten/product/wi619504,2026-08-03,AH Ovenschotel scharrelkip piri piri 4-pack,vlees
619703,0,AH Scharrel kipfilet stukjes roerbak 3-pack,AH,vlees,Vlees,Kipfilet blokjes,16.14,16.47,2.0,2% volume voordeel,,,3 stuks,,True,AHOO,2% volume voordeel,2026-08-03,2999-12-31,,True,AH,https://www.ah.nl/producten/product/wi619703,2026-08-03,AH Scharrel kipfilet stukjes roerbak 3-pack,vlees
624432,0,Unox Gelderse rookworst 2-pack,Unox,vlees,Vlees,Rookworst,7.0,7.78,10.0,10% volume voordeel,,,2 stuks,,True,AHOO,10% volume voordeel,2026-08-03,2999-12-31,,True,AH,https://www.ah.nl/producten/product/wi624432,2026-08-03,Unox Gelderse rookworst 2-pack,vlees
517088,883756,AH Ovenschotel scharrel kiphaasjes tandoori,AH,vlees,Vlees,Ovenschotel kip,7.49,7.49,,,,,ca. 400 g,prijs per kg €18.72,False,,,,,B,True,AH,https://www.ah.nl/producten/product/wi517088,2026-08-03,AH Ovenschotel scharrel kiphaasjes tandoori,vlees
612607,68672,AH BBQ scharrel kipworst crispy chili,AH,vlees,Vlees,Worst (kip),4.49,4.49,,,,,280 g,prijs per kg €16.04,False,,,,,E,True,AH,https://www.ah.nl/producten/product/wi612607,2026-08-03,AH BBQ scharrel kipworst crispy chili,vlees
619500,0,AH Ovenschotel scharrelkiphaas tandoori 2pk,AH,vlees,Vlees,Ovenschotel kip,14.53,14.98,3.0,3% volume voordeel,,,2 stuks,,True,AHOO,3% volume voordeel,2026-08-03,2999-12-31,,True,AH,https://www.ah.nl/producten/product/wi619500,2026-08-03,AH Ovenschotel scharrelkiphaas tandoori 2pk,vlees
624433,0,Unox Gelderse rookworst 3-pack,Unox,vlees,Vlees,Rookworst,9.92,11.67,15.0,15% volume voordeel,,,3 stuks,,True,AHOO,15% volume voordeel,2026-08-03,2999-12-31,,True,AH,https://www.ah.nl/producten/product/wi624433,2026-08-03,Unox Gelderse rookworst 3-pack,vlees
598620,47227,AH Filetlapjes à la minute naturel,AH,vlees,Vlees,"Hamlappen, filetlappen",4.11,4.11,,,,,ca. 350 g,prijs per kg €11.75,False,,,,,A,True,AH,https://www.ah.nl/producten/product/wi598620,2026-08-03,AH Filetlapjes à la minute naturel,vlees
232421,822306,AH Speklap,AH,vlees,Vlees,Speklappen,5.45,5.45,,,,,ca. 375 g,prijs per kg €11.36,False,,,,,D,True,AH,https://www.ah.nl/producten/product/wi232421,2026-08-03,AH Speklap,vlees
598621,47228,AH Filetlapjes à la minute gemarineerd,AH,vlees,Vlees,"Hamlappen, filetlappen",3.99,3.99,,,,,ca. 350 g,prijs per kg €11.40,False,,,,,C,True,AH,https://www.ah.nl/producten/product/wi598621,2026-08-03,AH Filetlapjes à la minute gemarineerd,vlees
619501,0,AH Ovenschotel scharrelkiphaas tandoori 3pk,AH,vlees,Vlees,Ovenschotel kip,21.35,22.47,5.0,5% volume voordeel,,,3 stuks,,True,AHOO,5% volume voordeel,2026-08-03,2999-12-31,,True,AH,https://www.ah.nl/producten/product/wi619501,2026-08-03,AH Ovenschotel scharrelkiphaas tandoori 3pk,vlees
619502,0,AH Ovenschotel scharrelkiphaas tandoori 4pk,AH,vlees,Vlees,Ovenschotel kip,27.56,29.96,8.0,8% volume voordeel,,,4 stuks,,True,AHOO,8% volume voordeel,2026-08-03,2999-12-31,,True,AH,https://www.ah.nl/producten/product/wi619502,2026-08-03,AH Ovenschotel scharrelkiphaas tandoori 4pk,vlees
619705,0,AH Scharrel kipfilet stukjes roerbak 4-pack,AH,vlees,Vlees,Kipfilet blokjes,21.3,21.96,3.0,3% volume voordeel,,,4 stuks,,True,AHOO,3% volume voordeel,2026-08-03,2999-12-31,,True,AH,https://www.ah.nl/producten/product/wi619705,2026-08-03,AH Scharrel chicken fillet pieces stir-fry 4-pack,vlees
619707,0,AH Scharrel kipfilet stukjes roerbak 6-pack,AH,vlees,Vlees,Kipfilet blokjes,31.29,32.94,5.0,5% volume voordeel,,,6 stuks,,True,AHOO,5% volume voordeel,2026-08-03,2999-12-31,,True,AH,https://www.ah.nl/producten/product/wi619707,2026-08-03,AH Scharrel kipfilet stukjes roerbak 6-pack,vlees
618082,0,AH Hamreepjes 3-pack,AH,vlees,Vlees,Hamreepjes en blokjes,9.42,10.47,10.0,10% volume voordeel,,,3 stuks,,True,AHOO,10% volume voordeel,2026-08-03,2999-12-31,,True,AH,https://www.ah.nl/producten/product/wi618082,2026-08-03,AH Hamreepjes 3-pack,vlees
619672,0,AH Kalkoenfilet schnitzel 4-pack,AH,vlees,Vlees,Kalkoen,18.36,19.96,8.0,8% volume voordeel,,,4 stuks,,True,AHOO,8% volume voordeel,2026-08-03,2999-12-31,,True,AH,https://www.ah.nl/producten/product/wi619672,2026-08-03,AH Kalkoenfilet schnitzel 4-pack,vlees
1538,18335,AH Cocktailworstjes,AH,vlees,Vlees,Cocktailworstjes,2.19,2.19,,,,,400 g,prijs per kg €10.95,False,,,,,D,True,AH,https://www.ah.nl/producten/product/wi1538,2026-08-03,AH Cocktailworstjes,vlees
598619,47226,AH Speklapjes à la minute smokey bacon,AH,vlees,Vlees,Speklappen,4.99,4.99,,,,,ca. 350 g,prijs per kg €14.25,False,,,,,D,True,AH,https://www.ah.nl/producten/product/wi598619,2026-08-03,AH Speklapjes à la minute smokey bacon,vlees
618083,0,AH Hamreepjes 4-pack,AH,vlees,Vlees,Hamreepjes en blokjes,11.87,13.96,15.0,15% volume voordeel,,,4 stuks,,True,AHOO,15% volume voordeel,2026-08-03,2999-12-31,,True,AH,https://www.ah.nl/producten/product/wi618083,2026-08-03,AH Hamreepjes 4-pack,vlees
619147,0,AH Excellent Black angus burger 3-pack,AH Excellent,vlees,Vlees,Hamburgers (rund),16.14,16.47,2.0,2% volume voordeel,,,3 stuks,,True,AHOO,2% volume voordeel,2026-08-03,2999-12-31,,True,AH,https://www.ah.nl/producten/product/wi619147,2026-08-03,AH Excellent Black angus burger 3-pack,vlees
436876,62753,AH BBQ hotdog smokey,AH,vlees,Vlees,Worst (varken),4.5,4.5,,,,,280 g,prijs per kg €16.07,False,,,,,E,True,AH,https://www.ah.nl/producten/product/wi436876,2026-08-03,AH BBQ hotdog smokey,vlees
531878,803088,AH Scharrel kipdrumsticks,AH,vlees,Vlees,"Kippenpoten, drumsticks",6.89,6.89,,,,,1 kg,prijs per kg €6.89,False,,,,,A,True,AH,https://www.ah.nl/producten/product/wi531878,2026-08-03,AH Scharrel kipdrumsticks,vlees
574679,15623,AH Vakslager Runder ribeye graangevoerd,AH Vakslager,vlees,Diepvries,Vakslager vlees,26.09,28.99,10.0,10% korting,,,ca. 500 g,normale prijs per kg €57.98,True,AH,10% korting,2026-08-03,2026-08-09,A,True,AH,https://www.ah.nl/producten/product/wi574679,2026-08-03,AH Vakslager Beef ribeye grain fed,vlees
602979,0,AH Runder knakworst 3-pack,AH,vlees,Vlees,Knakworst,9.95,10.47,5.0,5% volume voordeel,,,3 stuks,,True,AHOO,5% volume voordeel,2026-08-03,2999-12-31,,True,AH,https://www.ah.nl/producten/product/wi602979,2026-08-03,AH Runder knakworst 3-pack,vlees
617728,0,AH BBQ hotdog smokey 2-pack,AH,vlees,Vlees,Worst (varken),8.73,9.0,3.0,3% volume voordeel,,,2 stuks,,True,AHOO,3% volume voordeel,2026-08-03,2999-12-31,,True,AH,https://www.ah.nl/producten/product/wi617728,2026-08-03,AH BBQ hotdog smokey 2-pack,vlees
620223,0,AH Guanciale blokjes 3-pack,AH,vlees,Vlees,Blokjes spek (voorverpakt),7.1,7.47,5.0,5% volume voordeel,,,3 stuks,,True,AHOO,5% volume voordeel,2026-08-03,2999-12-31,,True,AH,https://www.ah.nl/producten/product/wi620223,2026-08-03,AH Guanciale blokjes 3-pack,vlees
187615,788352,Unox Smac,Unox,vlees,Vlees,"Smeerpastei, smac, schouderham (conserven)",3.29,3.29,,,,,250 g,prijs per kg €13.16,False,,,,,D,True,AH,https://www.ah.nl/producten/product/wi187615,2026-08-03,Unox Smac,vlees
374146,836801,Unox Party knaks,Unox,vlees,Vlees,Knakworst,4.39,4.39,,2 + 1 gratis,,2.0,400 g,normale prijs per kg €20.61,True,AH,2 + 1 gratis,2026-08-03,2026-08-09,D,True,AH,https://www.ah.nl/producten/product/wi374146,2026-08-03,Unox Party knaks,vlees
580679,24044,Marhaba Magere kalkoen salami,Marhaba,vlees,Vleeswaren,Halal vleeswaren,2.49,2.49,,,,,100 g,prijs per kg €24.90,False,,,,,E,True,AH,https://www.ah.nl/producten/product/wi580679,2026-08-03,Marhaba Magere kalkoen salami,vlees
601068,0,Marhaba Magere kalkoen salami 3-pack,Marhaba,vlees,Vleeswaren,Halal vleeswaren,7.1,7.47,5.0,5% volume voordeel,,,3 stuks,,True,AHOO,5% volume voordeel,2026-08-03,2999-12-31,,True,AH,https://www.ah.nl/producten/product/wi601068,2026-08-03,Marhaba Magere kalkoen salami 3-pack,vlees
531879,803067,AH Scharrel kipdrumsticks gemarineerd,AH,vlees,Vlees,"Kippenpoten, drumsticks",4.19,4.19,,,,,600 g,prijs per kg €6.98,False,,,,,B,True,AH,https://www.ah.nl/producten/product/wi531879,2026-08-03,AH Scharrel kipdrumsticks gemarineerd,vlees
546329,0,AH Excellent Black angus burger 4-pack,AH Excellent,vlees,Vlees,Hamburgers (rund),21.52,21.96,2.0,2% volume voordeel,,,4 stuks,,True,AHOO,2% volume voordeel,2026-08-03,2999-12-31,,True,AH,https://www.ah.nl/producten/product/wi546329,2026-08-03,AH Excellent Black angus burger 4-pack,vlees
612619,68670,AH BBQ scharrel kipdijfilet gemarineerd,AH,vlees,Vlees,Kipfilet stuk,5.99,5.99,,,,,ca. 360 g,prijs per kg €16.64,False,,,,,B,True,AH,https://www.ah.nl/producten/product/wi612619,2026-08-03,AH BBQ scharrel kipdijfilet gemarineerd,vlees
617729,0,AH BBQ hotdog smokey 3-pack,AH,vlees,Vlees,Worst (varken),12.82,13.5,5.0,5% volume voordeel,,,3 stuks,,True,AHOO,5% volume voordeel,2026-08-03,2999-12-31,,True,AH,https://www.ah.nl/producten/product/wi617729,2026-08-03,AH BBQ hotdog smokey 3-pack,vlees
531834,804139,AH Scharrel kipfilet à la minute paprika,AH,vlees,Vlees,Kipfilet stuk,5.99,5.99,,,,,ca. 325 g,prijs per kg €18.43,False,,,,,B,True,AH,https://www.ah.nl/producten/product/wi531834,2026-08-03,AH Scharrel kipfilet à la minute paprika,vlees
617730,0,AH BBQ hotdog smokey 4-pack,AH,vlees,Vlees,Worst (varken),16.2,18.0,10.0,10% volume voordeel,,,4 stuks,,True,AHOO,10% volume voordeel,2026-08-03,2999-12-31,,True,AH,https://www.ah.nl/producten/product/wi617730,2026-08-03,AH BBQ hotdog smokey 4-pack,vlees
620224,0,AH Guanciale blokjes 4-pack,AH,vlees,Vlees,Blokjes spek (voorverpakt),9.16,9.96,8.0,8% volume voordeel,,,4 stuks,,True,AHOO,8% volume voordeel,2026-08-03,2999-12-31,,True,AH,https://www.ah.nl/producten/product/wi620224,2026-08-03,AH Guanciale blokjes 4-pack,vlees
229797,823267,AH Gelderse rookworst,AH,vlees,Vlees,Rookworst,1.99,1.99,,,,,275 g,prijs per kg €7.24,False,,,,,E,True,AH,https://www.ah.nl/producten/product/wi229797,2026-08-03,AH Gelderse rookworst,vlees
619007,0,AH Italiaans gekruid braadworstje 4-pack,AH,vlees,Vlees,Worst (varken),12.42,13.96,11.0,11% volume voordeel,,,4 stuks,,True,AHOO,11% volume voordeel,2026-08-03,2999-12-31,,True,AH,https://www.ah.nl/producten/product/wi619007,2026-08-03,AH Italiaans gekruid braadworstje 4-pack,vlees
619006,0,AH Italiaans gekruid braadworstje 3-pack,AH,vlees,Vlees,Worst (varken),9.53,10.47,9.0,9% volume voordeel,,,3 stuks,,True,AHOO,9% volume voordeel,2026-08-03,2999-12-31,,True,AH,https://www.ah.nl/producten/product/wi619006,2026-08-03,AH Italiaans gekruid braadworstje 3-pack,vlees
531890,802886,AH Kalkoenfilet blokjes,AH,vlees,Vlees,Kalkoen,4.99,4.99,,,,,250 g,prijs per kg €19.96,False,,,,,A,True,AH,https://www.ah.nl/producten/product/wi531890,2026-08-03,AH Kalkoenfilet blokjes,vlees
531855,803711,AH Scharrel kippenbouten,AH,vlees,Vlees,"Kippenpoten, drumsticks",8.99,8.99,,,,,ca. 1500 g,prijs per kg €5.99,False,,,,,B,True,AH,https://www.ah.nl/producten/product/wi531855,2026-08-03,AH Scharrel kippenbouten,vlees
624482,0,Unox Smac 2-pack,Unox,vlees,Vlees,"Smeerpastei, smac, schouderham (conserven)",5.92,6.58,10.0,10% volume voordeel,,,2 stuks,,True,AHOO,10% volume voordeel,2026-08-03,2999-12-31,,True,AH,https://www.ah.nl/producten/product/wi624482,2026-08-03,Unox Smac 2-pack,vlees
383518,842418,AH Biologisch Kipfilet 1 stuk,AH Biologisch,vlees,Vlees,Kipfilet stuk,4.99,4.99,,,,,ca. 160 g,prijs per kg €31.19,False,,,,,A,True,AH,https://www.ah.nl/producten/product/wi383518,2026-08-03,AH Biologisch Kipfilet 1 stuk,vlees
619229,0,AH Biologisch Kipfilet 1 stuk 3-pack,AH Biologisch,vlees,Vlees,Kipfilet stuk,14.67,14.97,2.0,2% volume voordeel,,,3 stuks,,True,AHOO,2% volume voordeel,2026-08-03,2999-12-31,,True,AH,https://www.ah.nl/producten/product/wi619229,2026-08-03,AH Biologisch Kipfilet 1 stuk 3-pack,vlees
539782,81068,Duca Chicken popcorn nuggets,Duca,vlees,Diepvries,Kipnuggets (oven),3.79,3.79,,,,,250 g,prijs per kg €15.16,False,,,,,D,True,AH,https://www.ah.nl/producten/product/wi539782,2026-08-03,Duca Chicken popcorn nuggets,vlees
561190,717340,AH Greenfields Beefburger truffelsmaak 2 stuks,AH Greenfields,vlees,Vlees,Hamburgers (rund),4.99,4.99,,1 + 1 gratis,,1.0,250 g,normale prijs per kg €19.96,True,AH,1 + 1 gratis,2026-08-03,2026-08-09,D,True,AH,https://www.ah.nl/producten/product/wi561190,2026-08-03,AH Greenfields Beefburger truffelsmaak 2 stuks,vlees
619695,0,AH Scharrelkipfilet Ã  la minut paprika 3pk,AH,vlees,Vlees,Kipfilet stuk,17.61,17.97,2.0,2% volume voordeel,,,3 stuks,,True,AHOO,2% volume voordeel,2026-08-03,2999-12-31,,True,AH,https://www.ah.nl/producten/product/wi619695,2026-08-03,AH Scharrelkipfilet Ã  la minut paprika 3pk,vlees
620208,0,AH Greenfields Beefburger truffelsmaak 2 stuks 3-pack,AH Greenfields,vlees,Vlees,Hamburgers (rund),9.98,14.97,33.3,pakketkorting,,,3 stuks,,True,AHOO,,2026-08-03,2026-08-09,,True,AH,https://www.ah.nl/producten/product/wi620208,2026-08-03,AH Greenfields Beefburger truffelsmaak 2 stuks 3-pack,vlees
620209,0,AH Greenfields Beefburger truffelsmaak 2 stuks 4-pack,AH Greenfields,vlees,Vlees,Hamburgers (rund),9.98,19.96,50.0,pakketkorting,,,4 stuks,,True,AHOO,,2026-08-03,2026-08-09,,True,AH,https://www.ah.nl/producten/product/wi620209,2026-08-03,AH Greenfields Beefburger truffelsmaak 2 stuks 4-pack,vlees
620210,0,AH Greenfields Beefburger truffelsmaak 2 stuks 5-pack,AH Greenfields,vlees,Vlees,Hamburgers (rund),14.97,24.95,40.0,pakketkorting,,,5 stuks,,True,AHOO,,2026-08-03,2026-08-09,,True,AH,https://www.ah.nl/producten/product/wi620210,2026-08-03,AH Greenfields Beefburger truffelsmaak 2 stuks 5-pack,vlees
619230,0,AH Biologisch Kipfilet 1 stuk 4-pack,AH Biologisch,vlees,Vlees,Kipfilet stuk,19.36,19.96,3.0,3% volume voordeel,,,4 stuks,,True,AHOO,3% volume voordeel,2026-08-03,2999-12-31,,True,AH,https://www.ah.nl/producten/product/wi619230,2026-08-03,AH Biologisch Kipfilet 1 stuk 4-pack,vlees
619231,0,AH Biologisch Kipfilet 1 stuk 6-pack,AH Biologisch,vlees,Vlees,Kipfilet stuk,28.44,29.94,5.0,5% volume voordeel,,,6 stuks,,True,AHOO,5% volume voordeel,2026-08-03,2999-12-31,,True,AH,https://www.ah.nl/producten/product/wi619231,2026-08-03,AH Biologisch Kipfilet 1 stuk 6-pack,vlees
619697,0,AH Scharrelkipfilet Ã  la minut paprika 5pk,AH,vlees,Vlees,Kipfilet stuk,28.45,29.95,5.0,5% volume voordeel,,,5 stuks,,True,AHOO,5% volume voordeel,2026-08-03,2999-12-31,,True,AH,https://www.ah.nl/producten/product/wi619697,2026-08-03,AH Scharrelkipfilet Ã  la minut paprika 5pk,vlees
619668,0,AH Kalkoenfilet blokjes 2-pack,AH,vlees,Vlees,Kalkoen,9.68,9.98,3.0,3% volume voordeel,,,2 stuks,,True,AHOO,3% volume voordeel,2026-08-03,2999-12-31,,True,AH,https://www.ah.nl/producten/product/wi619668,2026-08-03,AH Kalkoenfilet blokjes 2-pack,vlees
619696,0,AH Scharrelkipfilet Ã  la minut paprika 4pk,AH,vlees,Vlees,Kipfilet stuk,23.24,23.96,3.0,3% volume voordeel,,,4 stuks,,True,AHOO,3% volume voordeel,2026-08-03,2999-12-31,,True,AH,https://www.ah.nl/producten/product/wi619696,2026-08-03,AH Scharrelkipfilet Ã  la minut paprika 4pk,vlees
593391,39829,Marhaba Rundvlees gehakt,Marhaba,vlees,Vlees,Halal rund,7.69,7.69,,,,,500 g,prijs per kg €15.38,False,,,,,C,True,AH,https://www.ah.nl/producten/product/wi593391,2026-08-03,Marhaba Rundvlees gehakt,vlees
615433,0,Marhaba Rundvlees gehakt 3-pack,Marhaba,vlees,Vlees,Halal rund,21.92,23.07,5.0,5% volume voordeel,,,3 stuks,,True,AHOO,5% volume voordeel,2026-08-03,2999-12-31,,True,AH,https://www.ah.nl/producten/product/wi615433,2026-08-03,Marhaba Rundvlees gehakt 3-pack,vlees
624483,0,Unox Smac 3-pack,Unox,vlees,Vlees,"Smeerpastei, smac, schouderham (conserven)",8.39,9.87,15.0,15% volume voordeel,,,3 stuks,,True,AHOO,15% volume voordeel,2026-08-03,2999-12-31,,True,AH,https://www.ah.nl/producten/product/wi624483,2026-08-03,Unox Smac 3-pack,vlees
3994,527671,AH Greenfields Runder riblap,AH Greenfields,vlees,Vlees,"Hachee, goulash",15.49,15.49,,,,,ca. 755 g,prijs per kg €20.52,False,,,,,C,True,AH,https://www.ah.nl/producten/product/wi3994,2026-08-03,AH Greenfields Runder riblap,vlees
531881,803056,AH Scharrel kipborrelhapjes,AH,vlees,Vlees,Kipvleugels,7.49,7.49,,,,,900 g,prijs per kg €8.32,False,,,,,B,True,AH,https://www.ah.nl/producten/product/wi531881,2026-08-03,AH Scharrel kipborrelhapjes,vlees
531885,802998,AH Scharrel kipgehaktballetjes,AH,vlees,Vlees,Gehakt (kip),3.99,3.99,,,,,300 g,prijs per kg €13.30,False,,,,,C,True,AH,https://www.ah.nl/producten/product/wi531885,2026-08-03,AH Scharrel kipgehaktballetjes,vlees
578172,0,AH Cocktailworstjes 3-pack,AH,vlees,Vlees,Cocktailworstjes,6.24,6.57,5.0,5% volume voordeel,,,3 stuks,,True,AHOO,5% volume voordeel,2026-08-03,2999-12-31,,True,AH,https://www.ah.nl/producten/product/wi578172,2026-08-03,AH Cocktailworstjes 3-pack,vlees
608888,0,Unox Party knaks 2-pack,Unox,vlees,Vlees,Knakworst,7.9,8.78,10.0,10% volume voordeel,,,2 stuks,,True,AH,10% volume voordeel,,,,True,AH,https://www.ah.nl/producten/product/wi608888,2026-08-03,Unox Party knaks 2-pack,vlees
561366,700011,AH Gemengd gekruid gehakt,AH,vlees,Vlees,Gehakt (half-om-half),4.59,4.59,,,,,500 g,prijs per kg €9.18,False,,,,,D,True,AH,https://www.ah.nl/producten/product/wi561366,2026-08-03,AH Gemengd gekruid gehakt,vlees
608889,0,Unox Party knaks 3-pack,Unox,vlees,Vlees,Knakworst,8.78,13.17,33.3,pakketkorting,,,3 stuks,,True,AHOO,,2026-08-03,2026-08-09,,True,AH,https://www.ah.nl/producten/product/wi608889,2026-08-03,Unox Party knaks 3-pack,vlees
619670,0,AH Kalkoenfilet blokjes 4-pack,AH,vlees,Vlees,Kalkoen,18.36,19.96,8.0,8% volume voordeel,,,4 stuks,,True,AHOO,8% volume voordeel,2026-08-03,2999-12-31,,True,AH,https://www.ah.nl/producten/product/wi619670,2026-08-03,AH Kalkoenfilet blokjes 4-pack,vlees
619669,0,AH Kalkoenfilet blokjes 3-pack,AH,vlees,Vlees,Kalkoen,14.22,14.97,5.0,5% volume voordeel,,,3 stuks,,True,AHOO,5% volume voordeel,2026-08-03,2999-12-31,,True,AH,https://www.ah.nl/producten/product/wi619669,2026-08-03,AH Kalkoenfilet blokjes 3-pack,vlees
232141,822309,AH Schouderkarbonade,AH,vlees,Vlees,Karbonades,5.18,5.18,,,,,3 stuks,prijs per kg €8.35,False,,,,,C,True,AH,https://www.ah.nl/producten/product/wi232141,2026-08-03,AH Schouderkarbonade,vlees
591513,39379,AH BBQ miniburger,AH,vlees,Vlees,Hamburgers (rund),5.99,5.99,,,,,360 g,prijs per kg €16.64,False,,,,,D,True,AH,https://www.ah.nl/producten/product/wi591513,2026-08-03,AH BBQ miniburger,vlees
618249,0,AH Greenfields Runder riblap 2-pack,AH Greenfields,vlees,Vlees,"Hachee, goulash",30.36,30.98,2.0,2% volume voordeel,,,2 stuks,,True,AHOO,2% volume voordeel,2026-08-03,2999-12-31,,True,AH,https://www.ah.nl/producten/product/wi618249,2026-08-03,AH Greenfields Runder riblap 2-pack,vlees
517085,883279,AH Ovenschotel kipfilet tomaat mozzarella,AH,vlees,Vlees,Ovenschotel kip,7.49,7.49,,,,,ca. 520 g,prijs per kg €14.40,False,,,,,A,True,AH,https://www.ah.nl/producten/product/wi517085,2026-08-03,AH Ovenschotel kipfilet tomaat mozzarella,vlees
619494,0,AH Ovenschotel kipfilet tmt mozzarella 2pk,AH,vlees,Vlees,Ovenschotel kip,14.53,14.98,3.0,3% volume voordeel,,,2 stuks,,True,AHOO,3% volume voordeel,2026-08-03,2999-12-31,,True,AH,https://www.ah.nl/producten/product/wi619494,2026-08-03,AH Ovenschotel kipfilet tmt mozzarella 2pk,vlees
477571,731213,AH Scharrel gebraden kipfilet caesar,AH,vlees,Vlees,Gebraden kip,3.79,3.79,,,,,ca. 150 g,prijs per kg €25.27,False,,,,,A,True,AH,https://www.ah.nl/producten/product/wi477571,2026-08-03,AH Scharrel gebraden kipfilet caesar,vlees
621661,0,AH BBQ miniburger 2-pack,AH,vlees,Vlees,Hamburgers (rund),11.62,11.98,3.0,3% volume voordeel,,,2 stuks,,True,AHOO,3% volume voordeel,2026-08-03,2999-12-31,,True,AH,https://www.ah.nl/producten/product/wi621661,2026-08-03,AH BBQ miniburger 2-pack,vlees
619495,0,AH Ovenschotel kipfilet tomt mozzarella 3pk,AH,vlees,Vlees,Ovenschotel kip,21.35,22.47,5.0,5% volume voordeel,,,3 stuks,,True,AHOO,5% volume voordeel,2026-08-03,2999-12-31,,True,AH,https://www.ah.nl/producten/product/wi619495,2026-08-03,AH Ovenschotel kipfilet tomt mozzarella 3pk,vlees
619496,0,AH Ovenschotel kipfilet tomt mozzarella 4pk,AH,vlees,Vlees,Ovenschotel kip,27.56,29.96,8.0,8% volume voordeel,,,4 stuks,,True,AHOO,8% volume voordeel,2026-08-03,2999-12-31,,True,AH,https://www.ah.nl/producten/product/wi619496,2026-08-03,AH Ovenschotel kipfilet tomt mozzarella 4pk,vlees
519410,882522,Wahid Halal kipdijfilet,Wahid,vlees,Vlees,Halal kip,5.69,5.69,,,,,ca. 400 g,prijs per kg €14.23,False,,,,,A,True,AH,https://www.ah.nl/producten/product/wi519410,2026-08-03,Wahid Halal kipdijfilet,vlees
601145,0,Wahid Halal kipdijfilet 3-pack,Wahid,vlees,Vlees,Halal kip,16.22,17.07,5.0,5% volume voordeel,,,3 stuks,,True,AHOO,5% volume voordeel,2026-08-03,2999-12-31,,True,AH,https://www.ah.nl/producten/product/wi601145,2026-08-03,Wahid Halal kipdijfilet 3-pack,vlees
618251,0,AH Greenfields Runder riblap 4-pack,AH Greenfields,vlees,Vlees,"Hachee, goulash",58.24,61.96,6.0,6% volume voordeel,,,4 stuks,,True,AHOO,6% volume voordeel,2026-08-03,2999-12-31,,True,AH,https://www.ah.nl/producten/product/wi618251,2026-08-03,AH Greenfields Runder riblap 4-pack,vlees
621663,0,AH BBQ miniburger 4-pack,AH,vlees,Vlees,Hamburgers (rund),21.56,23.96,10.0,10% volume voordeel,,,4 stuks,,True,AHOO,10% volume voordeel,2026-08-03,2999-12-31,,True,AH,https://www.ah.nl/producten/product/wi621663,2026-08-03,AH BBQ miniburger 4-pack,vlees
618250,0,AH Greenfields Runder riblap 3-pack,AH Greenfields,vlees,Vlees,"Hachee, goulash",44.61,46.47,4.0,4% volume voordeel,,,3 stuks,,True,AHOO,4% volume voordeel,2026-08-03,2999-12-31,,True,AH,https://www.ah.nl/producten/product/wi618250,2026-08-03,AH Greenfields Runder riblap 3-pack,vlees
621662,0,AH BBQ miniburger 3-pack,AH,vlees,Vlees,Hamburgers (rund),17.07,17.97,5.0,5% volume voordeel,,,3 stuks,,True,AHOO,5% volume voordeel,2026-08-03,2999-12-31,,True,AH,https://www.ah.nl/producten/product/wi621662,2026-08-03,AH BBQ miniburger 3-pack,vlees
123816,513651,Unox Hotdogs,Unox,vlees,Vlees,Knakworst,5.89,5.89,,2 + 1 gratis,,2.0,550 g,normale prijs per kg €19.63,True,AH,2 + 1 gratis,2026-08-03,2026-08-09,D,True,AH,https://www.ah.nl/producten/product/wi123816,2026-08-03,Unox Hotdogs,vlees
229399,823204,AH Gebraden kipgehakt,AH,vlees,Vlees,Gebraden kip,2.99,2.99,,,,,ca. 110 g,prijs per kg €27.18,False,,,,,D,True,AH,https://www.ah.nl/producten/product/wi229399,2026-08-03,AH Gebraden kipgehakt,vlees
598471,0,AH Gebraden kipgehakt 2-pack,AH,vlees,Vlees,Gebraden kip,5.8,5.98,3.0,3% volume voordeel,,,2 stuks,,True,AHOO,3% volume voordeel,2026-08-03,2999-12-31,,True,AH,https://www.ah.nl/producten/product/wi598471,2026-08-03,AH Gebraden kipgehakt 2-pack,vlees
577924,0,AH Scharrel kipgehaktballetjes 3-pack,AH,vlees,Vlees,Gehaktbal,11.37,11.97,5.0,5% volume voordeel,,,3 stuks,,True,AHOO,5% volume voordeel,2026-08-03,2999-12-31,,True,AH,https://www.ah.nl/producten/product/wi577924,2026-08-03,AH Scharrel kipgehaktballetjes 3-pack,vlees
624444,0,Unox Hotdogs 2-pack,Unox,vlees,Vlees,Knakworst,10.6,11.78,10.0,10% volume voordeel,,,2 stuks,,True,AH,10% volume voordeel,,,,True,AH,https://www.ah.nl/producten/product/wi624444,2026-08-03,Unox Hotdogs 2-pack,vlees
412504,855885,AH BBQ spareribs pittig,AH,vlees,Vlees,Spareribs,6.73,10.36,35.0,35% korting,,,ca. 720 g,normale prijs per kg €14.39,True,AH,35% korting,2026-08-03,2026-08-09,D,True,AH,https://www.ah.nl/producten/product/wi412504,2026-08-03,AH BBQ spareribs pittig,vlees
598199,0,AH Spareribs pittig 2-pack,AH,vlees,Vlees,Spareribs,13.47,20.72,35.0,pakketkorting,,,2 stuks,,True,AHOO,,2026-08-03,2026-08-09,,True,AH,https://www.ah.nl/producten/product/wi598199,2026-08-03,AH Spareribs pittig 2-pack,vlees
624445,0,Unox Hotdogs 3-pack,Unox,vlees,Vlees,Knakworst,11.78,17.67,33.3,pakketkorting,,,3 stuks,,True,AHOO,,2026-08-03,2026-08-09,,True,AH,https://www.ah.nl/producten/product/wi624445,2026-08-03,Unox Hotdogs 3-pack,vlees
436749,60708,AH Biologisch Rundertartaar,AH Biologisch,vlees,Vlees,Tartaar,6.49,6.49,,,,,300 g,prijs per kg €21.63,False,,,,,B,True,AH,https://www.ah.nl/producten/product/wi436749,2026-08-03,AH Biologisch Rundertartaar,vlees
618817,0,AH Scharrel gebraden kipfilet caesar 3-pack,AH,vlees,Vlees,Gebraden kip,11.14,11.37,2.0,2% volume voordeel,,,3 stuks,,True,AHOO,2% volume voordeel,2026-08-03,2999-12-31,,True,AH,https://www.ah.nl/producten/product/wi618817,2026-08-03,AH Scharrel gebraden kipfilet caesar 3-pack,vlees
171458,591095,AH Zeeuws spek,AH,vlees,Vleeswaren,Plakken spek en bacon (versafdeling),2.99,2.99,,,,,ca. 110 g,prijs per kg €27.18,False,,,,,E,True,AH,https://www.ah.nl/producten/product/wi171458,2026-08-03,AH Zeeuws spek,vlees
598218,0,AH Zeeuws spek 2-pack,AH,vlees,Vleeswaren,Plakken spek en bacon (versafdeling),5.8,5.98,3.0,3% volume voordeel,,,2 stuks,,True,AHOO,3% volume voordeel,2026-08-03,2999-12-31,,True,AH,https://www.ah.nl/producten/product/wi598218,2026-08-03,AH Zeeuws spek 2-pack,vlees
200103,799412,Jos Poell Pasteitjes traditioneel,Jos Poell,vlees,Vlees,Ragout,1.49,1.49,,,,,125 g,prijs per kg €11.92,False,,,,,E,True,AH,https://www.ah.nl/producten/product/wi200103,2026-08-03,Jos Poell Pasteitjes traditioneel,vlees
619718,0,AH Scharrel kipgehaktballetjes 2-pack,AH,vlees,Vlees,Gehakt (kip),7.74,7.98,3.0,3% volume voordeel,,,2 stuks,,True,AHOO,3% volume voordeel,2026-08-03,2999-12-31,,True,AH,https://www.ah.nl/producten/product/wi619718,2026-08-03,AH Scharrel kipgehaktballetjes 2-pack,vlees
618804,0,AH Magere spekreepjes kalkoen 3-pack,AH,vlees,Vlees,Kalkoen,9.96,11.07,10.0,10% volume voordeel,,,3 stuks,,True,AHOO,10% volume voordeel,2026-08-03,2999-12-31,,True,AH,https://www.ah.nl/producten/product/wi618804,2026-08-03,AH Magere spekreepjes kalkoen 3-pack,vlees
618805,0,AH Magere spekreepjes kalkoen 4-pack,AH,vlees,Vlees,Kalkoen,12.55,14.76,15.0,15% volume voordeel,,,4 stuks,,True,AHOO,15% volume voordeel,2026-08-03,2999-12-31,,True,AH,https://www.ah.nl/producten/product/wi618805,2026-08-03,AH Magere spekreepjes kalkoen 4-pack,vlees
618818,0,AH Scharrel gebraden kipfilet caesar 4-pack,AH,vlees,Vlees,Gebraden kip,14.71,15.16,3.0,3% volume voordeel,,,4 stuks,,True,AHOO,3% volume voordeel,2026-08-03,2999-12-31,,True,AH,https://www.ah.nl/producten/product/wi618818,2026-08-03,AH Scharrel gebraden kipfilet caesar 4-pack,vlees
571291,12002,AH Runder-kipburger,AH,vlees,Vlees,Hamburgers (rund),3.49,3.49,,,,,200 g,prijs per kg €17.45,False,,,,,C,True,AH,https://www.ah.nl/producten/product/wi571291,2026-08-03,AH Runder-kipburger,vlees
597596,0,AH Runder-kipburger 2-pack,AH,vlees,Vlees,Hamburgers (varken),6.84,6.98,2.0,2% volume voordeel,,,2 stuks,,True,AHOO,2% volume voordeel,2026-08-03,2999-12-31,,True,AH,https://www.ah.nl/producten/product/wi597596,2026-08-03,AH Runder-kipburger 2-pack,vlees
610024,67587,AH BBQ speklapjes Asian style,AH,vlees,Vlees,Speklappen,4.79,4.79,,,,,ca. 320 g,prijs per kg €14.98,False,,,,,E,True,AH,https://www.ah.nl/producten/product/wi610024,2026-08-03,AH BBQ speklapjes Asian style,vlees
618819,0,AH Scharrel gebraden kipfilet caesar 5-pack,AH,vlees,Vlees,Gebraden kip,18.19,18.95,4.0,4% volume voordeel,,,5 stuks,,True,AHOO,4% volume voordeel,2026-08-03,2999-12-31,,True,AH,https://www.ah.nl/producten/product/wi618819,2026-08-03,AH Scharrel gebraden kipfilet caesar 5-pack,vlees
383153,842419,AH Biologisch Kipdijfilet 2 stuks,AH Biologisch,vlees,Vlees,Kipfilet stuk,4.82,4.82,,,,,ca. 190 g,prijs per kg €25.39,False,,,,,A,True,AH,https://www.ah.nl/producten/product/wi383153,2026-08-03,AH Biologisch Kipdijfilet 2 stuks,vlees
617238,0,AH BBQ spareribs pittig 3-pack,AH,vlees,Vlees,Spareribs,20.2,31.08,35.0,pakketkorting,,,3 stuks,,True,AHOO,,2026-08-03,2026-08-09,,True,AH,https://www.ah.nl/producten/product/wi617238,2026-08-03,AH BBQ spareribs pittig 3-pack,vlees
617239,0,AH BBQ spareribs pittig 4-pack,AH,vlees,Vlees,Spareribs,26.94,41.44,35.0,pakketkorting,,,4 stuks,,True,AHOO,,2026-08-03,2026-08-09,,True,AH,https://www.ah.nl/producten/product/wi617239,2026-08-03,AH BBQ spareribs pittig 4-pack,vlees
543332,697661,AH Scharrel kipfilet naturel,AH,vleeswaren,Vleeswaren,Kipfilet en kalkoenfilet (voorverpakt),2.59,2.59,,,,,150 g,prijs per kg €17.27,False,,,,,C,True,AH,https://www.ah.nl/producten/product/wi543332,2026-08-03,AH Scharrel kipfilet naturel,vleeswaren
280081,835368,AH Biologisch Kipfilet,AH Biologisch,vleeswaren,Vleeswaren,Kipfilet en kalkoenfilet (versafdeling),3.49,3.49,,,,,ca. 100 g,prijs per kg €34.90,False,,,,,D,True,AH,https://www.ah.nl/producten/product/wi280081,2026-08-03,AH Biologisch Kipfilet,vleeswaren
543364,789935,AH Boterhamworst,AH,vleeswaren,Vleeswaren,Boterhamworst (voorverpakt),1.39,1.39,,,,,150 g,prijs per kg €9.27,False,,,,,E,True,AH,https://www.ah.nl/producten/product/wi543364,2026-08-03,AH Boterhamworst,vleeswaren
462712,715707,AH Scharrel roasted kipfilet,AH,vleeswaren,Vleeswaren,Kipfilet en kalkoenfilet (versafdeling),2.39,3.79,36.9,per 100 GRAM voor €2.39,2.39,100.0,ca. 110 g,normale prijs per kg €31.58,True,AH,100 GRAM VOOR 2.39,2026-08-03,2026-08-09,D,True,AH,https://www.ah.nl/producten/product/wi462712,2026-08-03,AH Scharrel roasted kipfilet,vleeswaren
598042,0,AH Scharrel roasted kipfilet 2-pack,AH,vleeswaren,Vleeswaren,Kipfilet en kalkoenfilet (versafdeling),7.35,7.58,3.0,3% volume voordeel,,,2 stuks,,True,AH,3% volume voordeel,,,,True,AH,https://www.ah.nl/producten/product/wi598042,2026-08-03,AH Scharrel roasted kipfilet 2-pack,vleeswaren
203333,801175,AH Grillworst,AH,vleeswaren,Vleeswaren,Grillworst (versafdeling),2.79,2.79,,,,,ca. 130 g,prijs per kg €21.48,False,,,,,E,True,AH,https://www.ah.nl/producten/product/wi203333,2026-08-03,AH Grillworst,vleeswaren
598466,0,AH Grillworst 2-pack,AH,vleeswaren,Vleeswaren,Grillworst (versafdeling),5.41,5.58,3.0,3% volume voordeel,,,2 stuks,,True,AHOO,3% volume voordeel,2026-08-03,2999-12-31,,True,AH,https://www.ah.nl/producten/product/wi598466,2026-08-03,AH Grill sausage 2-pack,vleeswaren
543386,625650,AH Cervelaat,AH,vleeswaren,Vleeswaren,Salami en cervelaat (voorverpakt),1.69,1.69,,,,,150 g,prijs per kg €11.27,False,,,,,E,True,AH,https://www.ah.nl/producten/product/wi543386,2026-08-03,AH Cervelaat,vleeswaren
440331,72552,AH Gerookte slagersachterham,AH,vleeswaren,Vleeswaren,Ham (versafdeling),3.49,3.49,,,,,ca. 110 g,prijs per kg €31.73,False,,,,,D,True,AH,https://www.ah.nl/producten/product/wi440331,2026-08-03,AH Gerookte slagersachterham,vleeswaren
598474,0,AH Gerookte slagersachterham 2-pack,AH,vleeswaren,Vleeswaren,Ham (versafdeling),6.77,6.98,3.0,3% volume voordeel,,,2 stuks,,True,AHOO,3% volume voordeel,2026-08-03,2999-12-31,,True,AH,https://www.ah.nl/producten/product/wi598474,2026-08-03,AH Gerookte slagersachterham 2-pack,vleeswaren
618631,0,AH Scharrel roasted kipfilet 4-pack,AH,vleeswaren,Vleeswaren,Kipfilet en kalkoenfilet (versafdeling),13.64,15.16,10.0,10% volume voordeel,,,4 stuks,,True,AH,10% volume voordeel,,,,True,AH,https://www.ah.nl/producten/product/wi618631,2026-08-03,AH Scharrel roasted kipfilet 4-pack,vleeswaren
618630,0,AH Scharrel roasted kipfilet 3-pack,AH,vleeswaren,Vleeswaren,Kipfilet en kalkoenfilet (versafdeling),10.8,11.37,5.0,5% volume voordeel,,,3 stuks,,True,AH,5% volume voordeel,,,,True,AH,https://www.ah.nl/producten/product/wi618630,2026-08-03,AH Scharrel roasted kipfilet 3-pack,vleeswaren
442123,83461,AH Filet americain naturel,AH,vleeswaren,Vleeswaren,Filet americain (voorverpakt),2.19,2.19,,,,,150 g,prijs per kg €14.60,False,,,,,D,True,AH,https://www.ah.nl/producten/product/wi442123,2026-08-03,AH Filet americain naturel,vleeswaren
188709,591109,AH Yorkham,AH,vleeswaren,Vleeswaren,Ham (versafdeling),3.49,3.49,,,,,ca. 110 g,prijs per kg €31.73,False,,,,,D,True,AH,https://www.ah.nl/producten/product/wi188709,2026-08-03,AH Yorkham,vleeswaren
598046,0,AH Yorkham 2-pack,AH,vleeswaren,Vleeswaren,Ham (versafdeling),6.77,6.98,3.0,3% volume voordeel,,,2 stuks,,True,AHOO,3% volume voordeel,2026-08-03,2999-12-31,,True,AH,https://www.ah.nl/producten/product/wi598046,2026-08-03,AH Yorkham 2-pack,vleeswaren
132220,590162,AH Kipfilet grootverpakking,AH,vleeswaren,Vleeswaren,Kipfilet en kalkoenfilet (voorverpakt),4.19,4.19,,,,,250 g,prijs per kg €16.76,False,,,,,C,True,AH,https://www.ah.nl/producten/product/wi132220,2026-08-03,AH Kipfilet grootverpakking,vleeswaren
543345,76690,AH Achterham,AH,vleeswaren,Vleeswaren,Ham (voorverpakt),1.79,1.79,,,,,150 g,prijs per kg €11.93,False,,,,,D,True,AH,https://www.ah.nl/producten/product/wi543345,2026-08-03,AH Achterham,vleeswaren
137939,595589,AH Scharrel kipfilet,AH,vleeswaren,Vleeswaren,Kipfilet en kalkoenfilet (versafdeling),2.39,3.69,35.2,per 100 GRAM voor €2.39,2.39,100.0,ca. 125 g,normale prijs per kg €29.52,True,AH,100 GRAM VOOR 2.39,2026-08-03,2026-08-09,B,True,AH,https://www.ah.nl/producten/product/wi137939,2026-08-03,AH Scharrel kipfilet,vleeswaren
543385,734225,AH Salami,AH,vleeswaren,Vleeswaren,Salami en cervelaat (voorverpakt),1.89,1.89,,,,,150 g,prijs per kg €12.60,False,,,,,E,True,AH,https://www.ah.nl/producten/product/wi543385,2026-08-03,AH Salami,vleeswaren
598459,0,AH Scharrel kipfilet 2-pack,AH,vleeswaren,Vleeswaren,Kipfilet en kalkoenfilet (versafdeling),7.16,7.38,3.0,3% volume voordeel,,,2 stuks,,True,AH,3% volume voordeel,,,,True,AH,https://www.ah.nl/producten/product/wi598459,2026-08-03,AH Scharrel kipfilet 2-pack,vleeswaren
617828,0,AH Gerookte slagersachterham 3-pack,AH,vleeswaren,Vleeswaren,Ham (versafdeling),9.95,10.47,5.0,5% volume voordeel,,,3 stuks,,True,AHOO,5% volume voordeel,2026-08-03,2999-12-31,,True,AH,https://www.ah.nl/producten/product/wi617828,2026-08-03,AH Gerookte slagersachterham 3-pack,vleeswaren
617829,0,AH Gerookte slagersachterham 4-pack,AH,vleeswaren,Vleeswaren,Ham (versafdeling),12.56,13.96,10.0,10% volume voordeel,,,4 stuks,,True,AHOO,10% volume voordeel,2026-08-03,2999-12-31,,True,AH,https://www.ah.nl/producten/product/wi617829,2026-08-03,AH Gerookte slagersachterham 4-pack,vleeswaren
550829,57361,AH Gelderse gekookte worst,AH,vleeswaren,Vleeswaren,Kookworst (versafdeling),1.79,1.99,10.1,voor 1.79,1.79,,130 g,normale prijs per kg €15.31,True,AH,VOOR 1.79,2026-08-03,2026-08-09,E,True,AH,https://www.ah.nl/producten/product/wi550829,2026-08-03,AH Gelderse gekookte worst,vleeswaren
598169,0,AH Gelderse gekookte worst 2-pack,AH,vleeswaren,Vleeswaren,Kookworst (versafdeling),3.58,3.98,10.1,pakketkorting,,,2 stuks,,True,AHOO,,2026-08-03,2026-08-09,,True,AH,https://www.ah.nl/producten/product/wi598169,2026-08-03,AH Gelderse gekookte worst 2-pack,vleeswaren
370447,835448,AH Filet americain,AH,vleeswaren,Vleeswaren,Filet americain (versafdeling),3.19,3.19,,,,,150 g,prijs per kg €21.27,False,,,,,D,True,AH,https://www.ah.nl/producten/product/wi370447,2026-08-03,AH Filet americain,vleeswaren
574575,0,AH Filet americain 2-pack,AH,vleeswaren,Vleeswaren,Filet americain (versafdeling),6.19,6.38,3.0,3% volume voordeel,,,2 stuks,,True,AHOO,3% volume voordeel,2026-08-03,2999-12-31,,True,AH,https://www.ah.nl/producten/product/wi574575,2026-08-03,AH Filet americain 2-pack,vleeswaren
619843,0,AH Gelderse gekookte worst 3-pack,AH,vleeswaren,Vleeswaren,Kookworst (versafdeling),5.37,5.97,10.1,pakketkorting,,,3 stuks,,True,AHOO,,2026-08-03,2026-08-09,,True,AH,https://www.ah.nl/producten/product/wi619843,2026-08-03,AH Gelderse gekookte worst 3-pack,vleeswaren
619844,0,AH Gelderse gekookte worst 4 pck,AH,vleeswaren,Vleeswaren,Kookworst (versafdeling),7.16,7.96,10.1,pakketkorting,,,4 stuks,,True,AHOO,10% volume voordeel,2026-08-03,2026-08-09,,True,AH,https://www.ah.nl/producten/product/wi619844,2026-08-03,AH Gelderse gekookte worst 4 pck,vleeswaren
186643,783943,AH Grillworst,AH,vleeswaren,Vleeswaren,Grillworst (voorverpakt),1.79,1.79,,,,,150 g,prijs per kg €11.93,False,,,,,E,True,AH,https://www.ah.nl/producten/product/wi186643,2026-08-03,AH Grillworst,vleeswaren
576786,19562,AH Leverworst,AH,vleeswaren,Vleeswaren,Leverworst en leverkaas (versafdeling),1.79,1.99,10.1,voor 1.79,1.79,,115 g,normale prijs per kg €17.30,True,AH,VOOR 1.79,2026-08-03,2026-08-09,D,True,AH,https://www.ah.nl/producten/product/wi576786,2026-08-03,AH Leverworst,vleeswaren
598489,0,AH Leverworst 2-pack,AH,vleeswaren,Vleeswaren,Leverworst en leverkaas (versafdeling),3.58,3.98,10.1,pakketkorting,,,2 stuks,,True,AHOO,,2026-08-03,2026-08-09,,True,AH,https://www.ah.nl/producten/product/wi598489,2026-08-03,AH Leverworst 2-pack,vleeswaren
132247,593927,AH Scharrel flinterdunne kipfilet,AH,vleeswaren,Vleeswaren,Kipfilet en kalkoenfilet (voorverpakt),2.29,2.29,,,,,100 g,prijs per kg €22.90,False,,,,,C,True,AH,https://www.ah.nl/producten/product/wi132247,2026-08-03,AH Scharrel flinterdunne kipfilet,vleeswaren
192853,622631,AH Grillworst kip,AH,vleeswaren,Vleeswaren,Grillworst (versafdeling),2.79,2.79,,,,,ca. 130 g,prijs per kg €21.48,False,,,,,D,True,AH,https://www.ah.nl/producten/product/wi192853,2026-08-03,AH Grillworst kip,vleeswaren
598463,0,AH Grillworst kip 2-pack,AH,vleeswaren,Vleeswaren,Grillworst (versafdeling),5.41,5.58,3.0,3% volume voordeel,,,2 stuks,,True,AHOO,3% volume voordeel,2026-08-03,2999-12-31,,True,AH,https://www.ah.nl/producten/product/wi598463,2026-08-03,AH Grillworst kip 2-pack,vleeswaren
550826,754920,AH Gebraden gehakt,AH,vleeswaren,Vleeswaren,Gegrild en gebraden gehakt (versafdeling),2.29,2.29,,,,,120 g,prijs per kg €19.08,False,,,,,E,True,AH,https://www.ah.nl/producten/product/wi550826,2026-08-03,AH Gebraden gehakt,vleeswaren
598166,0,AH Gebraden gehakt 2-pack,AH,vleeswaren,Vleeswaren,Gegrild en gebraden gehakt (versafdeling),4.44,4.58,3.0,3% volume voordeel,,,2 stuks,,True,AHOO,3% volume voordeel,2026-08-03,2999-12-31,,True,AH,https://www.ah.nl/producten/product/wi598166,2026-08-03,AH Gebraden gehakt 2-pack,vleeswaren
440333,72577,AH Gegrilde beenham,AH,vleeswaren,Vleeswaren,Ham (versafdeling),3.49,3.49,,,,,ca. 110 g,prijs per kg €31.73,False,,,,,D,True,AH,https://www.ah.nl/producten/product/wi440333,2026-08-03,AH Gegrilde beenham,vleeswaren
598024,0,AH Gegrilde beenham 2-pack,AH,vleeswaren,Vleeswaren,Ham (versafdeling),6.77,6.98,3.0,3% volume voordeel,,,2 stuks,,True,AHOO,3% volume voordeel,2026-08-03,2999-12-31,,True,AH,https://www.ah.nl/producten/product/wi598024,2026-08-03,AH Gegrilde beenham 2-pack,vleeswaren
543387,539355,AH Runder rookvlees,AH,vleeswaren,Vleeswaren,Rookvlees (voorverpakt),2.95,2.95,,,,,100 g,prijs per kg €29.50,False,,,,,D,True,AH,https://www.ah.nl/producten/product/wi543387,2026-08-03,AH Runder rookvlees,vleeswaren
620660,0,AH Leverworst 3-pack,AH,vleeswaren,Vleeswaren,Leverworst en leverkaas (versafdeling),5.37,5.97,10.1,pakketkorting,,,3 stuks,,True,AHOO,,2026-08-03,2026-08-09,,True,AH,https://www.ah.nl/producten/product/wi620660,2026-08-03,AH Leverworst 3-pack,vleeswaren
620661,0,AH Leverworst 4pack,AH,vleeswaren,Vleeswaren,Leverworst en leverkaas (versafdeling),7.16,7.96,10.1,pakketkorting,,,4 stuks,,True,AHOO,10% volume voordeel,2026-08-03,2026-08-09,,True,AH,https://www.ah.nl/producten/product/wi620661,2026-08-03,AH Leverworst 4pack,vleeswaren
440336,73997,AH Roasted ham,AH,vleeswaren,Vleeswaren,Ham (versafdeling),3.49,3.49,,,,,ca. 110 g,prijs per kg €31.73,False,,,,,D,True,AH,https://www.ah.nl/producten/product/wi440336,2026-08-03,AH Roasted ham,vleeswaren
598475,0,AH Roasted ham 2-pack,AH,vleeswaren,Vleeswaren,Ham (versafdeling),6.77,6.98,3.0,3% volume voordeel,,,2 stuks,,True,AHOO,3% volume voordeel,2026-08-03,2999-12-31,,True,AH,https://www.ah.nl/producten/product/wi598475,2026-08-03,AH Roasted ham 2-pack,vleeswaren
132234,593638,AH Flinterdunne achterham,AH,vleeswaren,Vleeswaren,Ham (voorverpakt),1.85,1.85,,,,,100 g,prijs per kg €18.50,False,,,,,D,True,AH,https://www.ah.nl/producten/product/wi132234,2026-08-03,AH Flinterdunne achterham,vleeswaren
619839,0,AH Gebraden gehakt 4-pack,AH,vleeswaren,Vleeswaren,Gegrild en gebraden gehakt (versafdeling),8.24,9.16,10.0,10% volume voordeel,,,4 stuks,,True,AHOO,10% volume voordeel,2026-08-03,2999-12-31,,True,AH,https://www.ah.nl/producten/product/wi619839,2026-08-03,AH Gebraden gehakt 4-pack,vleeswaren
619838,0,AH Gebraden gehakt 3-pack,AH,vleeswaren,Vleeswaren,Gegrild en gebraden gehakt (versafdeling),6.53,6.87,5.0,5% volume voordeel,,,3 stuks,,True,AHOO,5% volume voordeel,2026-08-03,2999-12-31,,True,AH,https://www.ah.nl/producten/product/wi619838,2026-08-03,AH Gebraden gehakt 3-pack,vleeswaren
543390,612984,AH Scharrel gerookte kipfilet,AH,vleeswaren,Vleeswaren,Kipfilet en kalkoenfilet (voorverpakt),2.59,2.59,,,,,150 g,prijs per kg €17.27,False,,,,,D,True,AH,https://www.ah.nl/producten/product/wi543390,2026-08-03,AH Scharrel gerookte kipfilet,vleeswaren
617824,0,AH Gegrilde beenham 3-pack,AH,vleeswaren,Vleeswaren,Ham (versafdeling),9.95,10.47,5.0,5% volume voordeel,,,3 stuks,,True,AHOO,5% volume voordeel,2026-08-03,2999-12-31,,True,AH,https://www.ah.nl/producten/product/wi617824,2026-08-03,AH Gegrilde beenham 3-pack,vleeswaren
617825,0,AH Gegrilde beenham 4-pack,AH,vleeswaren,Vleeswaren,Ham (versafdeling),12.56,13.96,10.0,10% volume voordeel,,,4 stuks,,True,AHOO,10% volume voordeel,2026-08-03,2999-12-31,,True,AH,https://www.ah.nl/producten/product/wi617825,2026-08-03,AH Gegrilde beenham 4-pack,vleeswaren
617864,0,AH Roasted ham 3-pack,AH,vleeswaren,Vleeswaren,Ham (versafdeling),9.95,10.47,5.0,5% volume voordeel,,,3 stuks,,True,AHOO,5% volume voordeel,2026-08-03,2999-12-31,,True,AH,https://www.ah.nl/producten/product/wi617864,2026-08-03,AH Roasted ham 3-pack,vleeswaren
617865,0,AH Roasted ham 4-pack,AH,vleeswaren,Vleeswaren,Ham (versafdeling),12.56,13.96,10.0,10% volume voordeel,,,4 stuks,,True,AHOO,10% volume voordeel,2026-08-03,2999-12-31,,True,AH,https://www.ah.nl/producten/product/wi617865,2026-08-03,AH Roasted ham 4-pack,vleeswaren
548312,670102,AH Scharrel kipfilet minder vet,AH,vleeswaren,Vleeswaren,Kipfilet en kalkoenfilet (voorverpakt),2.99,2.99,,,,,125 g,prijs per kg €23.92,False,,,,,B,True,AH,https://www.ah.nl/producten/product/wi548312,2026-08-03,AH Scharrel kipfilet minder vet,vleeswaren
197173,622630,AH Grillworst met zaanlanderkaas,AH,vleeswaren,Vleeswaren,Grillworst (versafdeling),2.79,2.79,,,,,ca. 130 g,prijs per kg €21.48,False,,,,,E,True,AH,https://www.ah.nl/producten/product/wi197173,2026-08-03,AH Grill sausage with Zaanlander cheese,vleeswaren
598030,0,AH Grillworst met zaanlanderkaas 2-pack,AH,vleeswaren,Vleeswaren,Grillworst (versafdeling),5.41,5.58,3.0,3% volume voordeel,,,2 stuks,,True,AHOO,3% volume voordeel,2026-08-03,2999-12-31,,True,AH,https://www.ah.nl/producten/product/wi598030,2026-08-03,AH Grillworst met zaanlanderkaas 2-pack,vleeswaren
197145,587826,AH Gegrilde yorkham,AH,vleeswaren,Vleeswaren,Ham (versafdeling),3.49,3.49,,,,,ca. 110 g,prijs per kg €31.73,False,,,,,D,True,AH,https://www.ah.nl/producten/product/wi197145,2026-08-03,AH Gegrilde yorkham,vleeswaren
598464,0,AH Gegrilde yorkham 2-pack,AH,vleeswaren,Vleeswaren,Ham (versafdeling),6.77,6.98,3.0,3% volume voordeel,,,2 stuks,,True,AHOO,3% volume voordeel,2026-08-03,2999-12-31,,True,AH,https://www.ah.nl/producten/product/wi598464,2026-08-03,AH Gegrilde yorkham 2-pack,vleeswaren
419916,691591,AH Excellent Prosciutto di parma,AH Excellent,vleeswaren,Vleeswaren,Spaanse en Italiaanse vleeswaren (versafdeling),3.99,3.99,,,,,80 g,prijs per kg €49.88,False,,,,,E,True,AH,https://www.ah.nl/producten/product/wi419916,2026-08-03,AH Excellent Prosciutto di parma,vleeswaren
617502,0,AH Excellent Prosciutto di parma 2-pack,AH Excellent,vleeswaren,Vleeswaren,Spaanse en Italiaanse vleeswaren (versafdeling),7.74,7.98,3.0,3% volume voordeel,,,2 stuks,,True,AHOO,3% volume voordeel,2026-08-03,2999-12-31,,True,AH,https://www.ah.nl/producten/product/wi617502,2026-08-03,AH Excellent Prosciutto di parma 2-pack,vleeswaren
617503,0,AH Excellent Prosciutto di parma 3-pack,AH Excellent,vleeswaren,Vleeswaren,Spaanse en Italiaanse vleeswaren (versafdeling),11.37,11.97,5.0,5% volume voordeel,,,3 stuks,,True,AHOO,5% volume voordeel,2026-08-03,2999-12-31,,True,AH,https://www.ah.nl/producten/product/wi617503,2026-08-03,AH Excellent Prosciutto di parma 3-pack,vleeswaren
617504,0,AH Excellent Prosciutto di parma 4-pack,AH Excellent,vleeswaren,Vleeswaren,Spaanse en Italiaanse vleeswaren (versafdeling),14.36,15.96,10.0,10% volume voordeel,,,4 stuks,,True,AHOO,10% volume voordeel,2026-08-03,2999-12-31,,True,AH,https://www.ah.nl/producten/product/wi617504,2026-08-03,AH Excellent Prosciutto di parma 4-pack,vleeswaren
186641,783941,AH Gelderse gekookte worst,AH,vleeswaren,Vleeswaren,Kookworst (voorverpakt),1.59,1.59,,,,,150 g,prijs per kg €10.60,False,,,,,E,True,AH,https://www.ah.nl/producten/product/wi186641,2026-08-03,AH Gelderse gekookte worst,vleeswaren
150883,622455,Kips Smeerleverworst,Kips,vleeswaren,Vleeswaren,Leverworst en leverkaas (voorverpakt),2.39,2.39,,,,,120 g,prijs per kg €19.92,False,,,,,E,True,AH,https://www.ah.nl/producten/product/wi150883,2026-08-03,Kips Smeerleverworst,vleeswaren
505580,846393,AH Cremepaté,AH,vleeswaren,Vleeswaren,Pate (versafdeling),1.25,1.69,26.0,2 voor 2.50,2.5,2.0,80 g,normale prijs per kg €21.13,True,AH,2 voor 2.50,2026-08-03,2026-08-09,E,True,AH,https://www.ah.nl/producten/product/wi505580,2026-08-03,AH Cremepaté,vleeswaren
420934,692674,AH Carpaccio,AH,vleeswaren,Vleeswaren,Carpaccio (voorverpakt),3.99,3.99,,,,,120 g,prijs per kg €33.25,False,,,,,,True,AH,https://www.ah.nl/producten/product/wi420934,2026-08-03,AH Carpaccio,vleeswaren
221031,815839,AH Gerookt ontbijtspek,AH,vleeswaren,Vleeswaren,Spek en bacon plakken (voorverpakt),2.19,2.19,,,,,200 g,prijs per kg €10.95,False,,,,,E,True,AH,https://www.ah.nl/producten/product/wi221031,2026-08-03,AH Gerookt ontbijtspek,vleeswaren
543384,47347,AH Kalkoenfilet,AH,vleeswaren,Vleeswaren,Kipfilet en kalkoenfilet (voorverpakt),2.99,2.99,,,,,150 g,prijs per kg €19.93,False,,,,,C,True,AH,https://www.ah.nl/producten/product/wi543384,2026-08-03,AH Kalkoenfilet,vleeswaren
572638,14761,Milner Jong belegen 35+ plakken,Milner,kaas,Kaas,Jong belegen kaas (plakken),2.99,2.99,,,,,150 g,prijs per kg €19.93,False,,,,,D,True,AH,https://www.ah.nl/producten/product/wi572638,2026-08-03,Milner Jong belegen 35+ plakken,kaas
1983,4020,Boursin Knoflook & fijne kruiden,Boursin,kaas,Kaas,Roomkaas,3.59,3.59,,,,,150 g,prijs per kg €23.93,False,,,,,D,True,AH,https://www.ah.nl/producten/product/wi1983,2026-08-03,Boursin Knoflook & fijne kruiden,kaas
197226,793716,De Zaanse Hoeve Goudse jong 48+ plakken voordeel,De Zaanse Hoeve,kaas,Kaas,Jonge kaas (plakken),3.95,3.95,,,,,400 g,prijs per kg €9.88,False,,,,,D,True,AH,https://www.ah.nl/producten/product/wi197226,2026-08-03,De Zaanse Hoeve Goudse jong 48+ plakken voordeel,kaas
506228,832099,AH Zuivelspread naturel,AH,kaas,Kaas,Zuivelspread,1.38,1.38,,,,,200 g,prijs per kg €6.90,False,,,,,D,True,AH,https://www.ah.nl/producten/product/wi506228,2026-08-03,AH Zuivelspread naturel,kaas
239019,830900,Garlan Verse roomkaas met knoflook & kruiden,Garlan,kaas,Kaas,Roomkaas,1.29,1.29,,,,,150 g,prijs per kg €8.60,False,,,,,D,True,AH,https://www.ah.nl/producten/product/wi239019,2026-08-03,Garlan Verse roomkaas met knoflook & kruiden,kaas
572641,14764,Milner Jong 35+ plakken voordeelpak,Milner,kaas,Kaas,Jonge kaas (plakken),4.39,4.39,,,,,250 g,prijs per kg €17.56,False,,,,,D,True,AH,https://www.ah.nl/producten/product/wi572641,2026-08-03,Milner Jong 35+ plakken voordeelpak,kaas
140101,603017,De Zaanse Hoeve Mild 45+ geraspt,De Zaanse Hoeve,kaas,Kaas,Geraspte kaas,2.15,2.15,,,,,200 g,prijs per kg €10.75,False,,,,,D,True,AH,https://www.ah.nl/producten/product/wi140101,2026-08-03,De Zaanse Hoeve Mild 45+ geraspt,kaas
113356,565032,Eru Kids,Eru,kaas,Kaas,Smeerkaas,1.75,1.75,,,,,100 g,prijs per kg €17.50,False,,,,,C,True,AH,https://www.ah.nl/producten/product/wi113356,2026-08-03,Eru Kids,kaas
2600,66797,AH Goudse jong 48+ plakken,AH,kaas,Kaas,Jonge kaas (plakken),2.75,2.95,6.8,2 voor 5.50,5.5,2.0,190 g,normale prijs per kg €15.53,True,AH,2 voor 5.50,2026-08-03,2026-08-09,D,True,AH,https://www.ah.nl/producten/product/wi2600,2026-08-03,AH Goudse jong 48+ plakken,kaas
2606,69866,AH Goudse oud 48+ plakken,AH,kaas,Kaas,Oude kaas (plakken),2.75,3.89,29.3,2 voor 5.50,5.5,2.0,160 g,normale prijs per kg €24.31,True,AH,2 voor 5.50,2026-08-03,2026-08-09,E,True,AH,https://www.ah.nl/producten/product/wi2606,2026-08-03,AH Goudse oud 48+ plakken,kaas
123142,576899,Galbani Mozzarella,Galbani,kaas,Kaas,Mozzarella,1.75,1.75,,,,,225 g,prijs per kg €14.00,False,,,,,C,True,AH,https://www.ah.nl/producten/product/wi123142,2026-08-03,Galbani Mozzarella,kaas
614547,0,Salakis Mozzarella 125g 2-pack,Salakis,kaas,Kaas,Mozzarella,2.97,3.5,15.0,15% volume voordeel,,,2 stuks,,True,AHOO,15% volume voordeel,2026-08-03,2999-12-31,,True,AH,https://www.ah.nl/producten/product/wi614547,2026-08-03,Salakis Mozzarella 125g 2-pack,kaas
197227,793718,De Zaanse Hoeve Jong belegen 48+ plakken voordeelpak,De Zaanse Hoeve,kaas,Kaas,Jong belegen kaas (plakken),4.15,4.15,,,,,400 g,prijs per kg €10.38,False,,,,,D,True,AH,https://www.ah.nl/producten/product/wi197227,2026-08-03,De Zaanse Hoeve Jong belegen 48+ plakken voordeelpak,kaas
506230,847100,AH Zuivelspread knoflook & kruiden,AH,kaas,Kaas,Zuivelspread,1.39,1.39,,,,,200 g,prijs per kg €6.95,False,,,,,D,True,AH,https://www.ah.nl/producten/product/wi506230,2026-08-03,AH Zuivelspread knoflook & kruiden,kaas
197172,619166,De Zaanse Hoeve Mild 30+ geraspt,De Zaanse Hoeve,kaas,Kaas,Geraspte kaas,2.19,2.19,,,,,200 g,prijs per kg €10.95,False,,,,,D,True,AH,https://www.ah.nl/producten/product/wi197172,2026-08-03,De Zaanse Hoeve Mild 30+ geraspt,kaas
193770,574899,De Zaanse Hoeve Pittig 45+ geraspt,De Zaanse Hoeve,kaas,Kaas,Geraspte kaas,2.49,2.49,,,,,200 g,prijs per kg €12.45,False,,,,,D,True,AH,https://www.ah.nl/producten/product/wi193770,2026-08-03,De Zaanse Hoeve Pittig 45+ geraspt,kaas
462708,715388,AH Witte kaas 40+,AH,kaas,Kaas,Witte kaas,1.35,1.35,,,,,200 g,prijs per kg €6.75,False,,,,,D,True,AH,https://www.ah.nl/producten/product/wi462708,2026-08-03,AH Witte kaas 40+,kaas
163826,623176,Galbani Mozzarella mini,Galbani,kaas,Kaas,Mozzarella,2.89,2.89,,,,,260 g,prijs per kg €19.27,False,,,,,C,True,AH,https://www.ah.nl/producten/product/wi163826,2026-08-03,Galbani Mozzarella mini,kaas
615565,0,Galbani Mozzarella mini 2-pack,Galbani,kaas,Kaas,Mozzarella,5.49,5.78,5.0,5% volume voordeel,,,2 stuks,,True,AHOO,5% volume voordeel,2026-08-03,2999-12-31,,True,AH,https://www.ah.nl/producten/product/wi615565,2026-08-03,Galbani Mozzarella mini 2-pack,kaas
197208,786860,De Zaanse Hoeve Jong belegen 30+ plakken,De Zaanse Hoeve,kaas,Kaas,Jong belegen kaas (plakken),3.89,3.89,,,,,300 g,prijs per kg €12.97,False,,,,,D,True,AH,https://www.ah.nl/producten/product/wi197208,2026-08-03,De Zaanse Hoeve Jong belegen 30+ plakken,kaas
2601,66794,AH Goudse jong belegen 48+ plakken,AH,kaas,Kaas,Jong belegen kaas (plakken),2.75,3.09,11.0,2 voor 5.50,5.5,2.0,190 g,normale prijs per kg €16.26,True,AH,2 voor 5.50,2026-08-03,2026-08-09,D,True,AH,https://www.ah.nl/producten/product/wi2601,2026-08-03,AH Goudse jong belegen 48+ plakken,kaas
478229,731959,Eru Goudkuipje naturel,Eru,kaas,Kaas,Smeerkaas,2.89,2.89,,,,,200 g,prijs per kg €14.45,False,,,,,D,True,AH,https://www.ah.nl/producten/product/wi478229,2026-08-03,Eru Goudkuipje naturel,kaas
195370,796240,AH Italiaanse mozzarella,AH,kaas,Kaas,Mozzarella,1.69,1.69,,,,,228 g,prijs per kg €13.52,False,,,,,,True,AH,https://www.ah.nl/producten/product/wi195370,2026-08-03,AH Italiaanse mozzarella,kaas
232017,810832,AH Mozzarella geraspt,AH,kaas,Kaas,Geraspte kaas,2.5,2.79,10.4,2 voor 5.00,5.0,2.0,150 g,normale prijs per kg €18.60,True,AH,2 voor 5.00,2026-08-03,2026-08-09,D,True,AH,https://www.ah.nl/producten/product/wi232017,2026-08-03,AH Mozzarella geraspt,kaas
3856,7386,Eru Goudkuipje naturel,Eru,kaas,Kaas,Smeerkaas,1.75,1.75,,,,,100 g,prijs per kg €17.50,False,,,,,D,True,AH,https://www.ah.nl/producten/product/wi3856,2026-08-03,Eru Goudkuipje naturel,kaas
462470,715079,AH Italiaanse grana padano 32+ stuk,AH,kaas,Kaas,"Parmezaanse kaas, grano padano, pecorino",3.65,3.65,,,,,200 g,prijs per kg €18.25,False,,,,,D,True,AH,https://www.ah.nl/producten/product/wi462470,2026-08-03,AH Italiaanse grana padano 32+ stuk,kaas
2594,66796,AH Goudse belegen 48+ plakken,AH,kaas,Kaas,Belegen kaas (plakken),2.75,3.39,18.9,2 voor 5.50,5.5,2.0,190 g,normale prijs per kg €17.84,True,AH,2 voor 5.50,2026-08-03,2026-08-09,D,True,AH,https://www.ah.nl/producten/product/wi2594,2026-08-03,AH Goudse belegen 48+ plakken,kaas
579437,22103,AH Smeerkaas naturel 15+,AH,kaas,Kaas,Smeerkaas,1.25,1.25,,,,,200 g,prijs per kg €6.25,False,,,,,B,True,AH,https://www.ah.nl/producten/product/wi579437,2026-08-03,AH Smeerkaas naturel 15+,kaas
595367,43765,AH Cottage cheese,AH,kaas,Kaas,Cottage cheese,1.75,1.75,,,,,400 g,prijs per kg €4.38,False,,,,,B,True,AH,https://www.ah.nl/producten/product/wi595367,2026-08-03,AH Cottage cheese,kaas
162601,603012,AH Pasta geraspte kaas,AH,kaas,Kaas,Geraspte kaas,2.5,2.79,10.4,2 voor 5.00,5.0,2.0,150 g,normale prijs per kg €18.60,True,AH,2 voor 5.00,2026-08-03,2026-08-09,D,True,AH,https://www.ah.nl/producten/product/wi162601,2026-08-03,AH Pasta geraspte kaas,kaas
447741,524701,De Zaanse Hoeve Goudse jong belegen 48+ stuk voordeel,De Zaanse Hoeve,kaas,Kaas,Jong belegen kaas (stuk),8.8,8.8,,,,,ca. 1006 g,prijs per kg €8.75,False,,,,,D,True,AH,https://www.ah.nl/producten/product/wi447741,2026-08-03,De Zaanse Hoeve Goudse jong belegen 48+ stuk voordeel,kaas
560688,708528,De Zaanse Hoeve Mild 45+ geraspt voordeel,De Zaanse Hoeve,kaas,Kaas,Geraspte kaas,4.09,4.09,,,,,400 g,prijs per kg €10.23,False,,,,,D,True,AH,https://www.ah.nl/producten/product/wi560688,2026-08-03,De Zaanse Hoeve Mild 45+ geraspt voordeel,kaas
454161,600439,AH Cheddar geraspte kaas,AH,kaas,Kaas,Cheddar kaas,2.5,2.99,16.4,2 voor 5.00,5.0,2.0,150 g,normale prijs per kg €19.93,True,AH,2 voor 5.00,2026-08-03,2026-08-09,D,True,AH,https://www.ah.nl/producten/product/wi454161,2026-08-03,AH Cheddar geraspte kaas,kaas
560692,737348,AH Burrata 50+,AH,kaas,Kaas,Burrata,2.19,2.19,,,,,250 g,prijs per kg €17.52,False,,,,,D,True,AH,https://www.ah.nl/producten/product/wi560692,2026-08-03,AH Burrata 50+,kaas
497552,801760,AH Biologisch Griekse feta,AH Biologisch,kaas,Kaas,Feta,2.59,2.59,,,,,150 g,prijs per kg €17.27,False,,,,,D,True,AH,https://www.ah.nl/producten/product/wi497552,2026-08-03,AH Biologisch Griekse feta,kaas
618992,0,AH Biologisch Griekse feta 2-pack,AH Biologisch,kaas,Kaas,Feta,5.08,5.18,2.0,2% volume voordeel,,,2 stuks,,True,AHOO,2% volume voordeel,2026-08-03,2999-12-31,,True,AH,https://www.ah.nl/producten/product/wi618992,2026-08-03,AH Biologisch Griekse feta 2-pack,kaas
618994,0,AH Biologisch Griekse feta 4-pack,AH Biologisch,kaas,Kaas,Feta,9.53,10.36,8.0,8% volume voordeel,,,4 stuks,,True,AHOO,8% volume voordeel,2026-08-03,2999-12-31,,True,AH,https://www.ah.nl/producten/product/wi618994,2026-08-03,AH Biologisch Griekse feta 4-pack,kaas
384175,842512,Philadelphia Philadelphia original,Philadelphia,kaas,Kaas,Roomkaas,2.99,2.99,,,,,200 g,prijs per kg €14.95,False,,,,,D,True,AH,https://www.ah.nl/producten/product/wi384175,2026-08-03,Philadelphia Philadelphia original,kaas
618993,0,AH Biologisch Griekse feta 3-pack,AH Biologisch,kaas,Kaas,Feta,7.38,7.77,5.0,5% volume voordeel,,,3 stuks,,True,AHOO,5% volume voordeel,2026-08-03,2999-12-31,,True,AH,https://www.ah.nl/producten/product/wi618993,2026-08-03,AH Biologisch Griekse feta 3-pack,kaas
214660,809782,Croma Bakken en braden voordeelfles,Croma,zuivel-eieren,"Zuivel, eieren",Bak- en braadboter,4.75,4.75,,,,,"0,75 l",prijs per liter €6.33,False,,,,,C,True,AH,https://www.ah.nl/producten/product/wi214660,2026-08-03,Croma Bakken en braden voordeelfles,zuivel-eieren
67828,535294,Chocomel Vol 0% suiker toegevoegd,Chocomel,zuivel-eieren,"Zuivel, eieren",Chocolademelk,2.69,2.69,,,,,1 l,prijs per liter €2.69,False,,,,,C,True,AH,https://www.ah.nl/producten/product/wi67828,2026-08-03,Chocomel Vol 0% suiker toegevoegd,zuivel-eieren
200486,574301,De Zaanse Hoeve Halfvolle melk,De Zaanse Hoeve,zuivel-eieren,"Zuivel, eieren",Halfvolle melk,1.78,1.78,,,,,2 l,prijs per liter €0.89,False,,,,,B,True,AH,https://www.ah.nl/producten/product/wi200486,2026-08-03,De Zaanse Hoeve Halfvolle melk,zuivel-eieren
450534,569053,AH Houdbare halfvolle melk,AH,zuivel-eieren,"Zuivel, eieren",Houdbare melk,0.85,0.85,,,,,1 l,prijs per liter €0.85,False,,,,,B,True,AH,https://www.ah.nl/producten/product/wi450534,2026-08-03,AH Long-life semi-skimmed milk,zuivel-eieren
33693,92154,AH Halfvolle melk,AH,zuivel-eieren,"Zuivel, eieren",Halfvolle melk,1.79,1.79,,,,,"1,5 l",prijs per liter €1.19,False,,,,,B,True,AH,https://www.ah.nl/producten/product/wi33693,2026-08-03,AH Halfvolle melk,zuivel-eieren
214659,809781,Croma Bakken en braden met olijfolie,Croma,zuivel-eieren,"Zuivel, eieren",Bak- en braadboter,4.39,4.39,,,,,450 ml,prijs per liter €9.76,False,,,,,C,True,AH,https://www.ah.nl/producten/product/wi214659,2026-08-03,Croma Bakken en braden met olijfolie,zuivel-eieren
216237,809358,De Zaanse Hoeve Yoghurt Griekse stijl 10% vet,De Zaanse Hoeve,zuivel-eieren,"Zuivel, eieren",Griekse yoghurt,1.99,1.99,,,,,1 kg,prijs per kg €1.99,False,,,,,C,True,AH,https://www.ah.nl/producten/product/wi216237,2026-08-03,De Zaanse Hoeve Yoghurt Griekse stijl 10% vet,zuivel-eieren
450535,569071,AH Houdbare volle melk,AH,zuivel-eieren,"Zuivel, eieren",Houdbare melk,0.99,0.99,,,,,1 l,prijs per liter €0.99,False,,,,,C,True,AH,https://www.ah.nl/producten/product/wi450535,2026-08-03,AH Houdbare volle melk,zuivel-eieren
1525,11943,AH Halfvolle melk,AH,zuivel-eieren,"Zuivel, eieren",Halfvolle melk,1.29,1.29,,,,,1 l,prijs per liter €1.29,False,,,,,B,True,AH,https://www.ah.nl/producten/product/wi1525,2026-08-03,AH Halfvolle melk,zuivel-eieren
382907,842195,AH Biologisch Halfvolle melk,AH Biologisch,zuivel-eieren,"Zuivel, eieren",Halfvolle melk,1.95,1.95,,,,,"1,5 l",prijs per liter €1.30,False,,,,,B,True,AH,https://www.ah.nl/producten/product/wi382907,2026-08-03,AH Biologisch Halfvolle melk,zuivel-eieren
458995,643482,De Zaanse Hoeve Magere kwark,De Zaanse Hoeve,zuivel-eieren,"Zuivel, eieren",Magere kwark,1.89,1.89,,,,,1 kg,prijs per kg €1.89,False,,,,,A,True,AH,https://www.ah.nl/producten/product/wi458995,2026-08-03,De Zaanse Hoeve Magere kwark,zuivel-eieren
442922,87804,AH Witte vrije uitloopeieren M,AH,zuivel-eieren,"Zuivel, eieren",Vrije uitloop eieren,1.99,1.99,,,,,6 stuks,,False,,,,,A,True,AH,https://www.ah.nl/producten/product/wi442922,2026-08-03,AH Witte vrije uitloopeieren M,zuivel-eieren
407959,853187,De Zaanse Hoeve Yoghurt Griekse stijl 2% vet,De Zaanse Hoeve,zuivel-eieren,"Zuivel, eieren",Griekse yoghurt,2.09,2.09,,,,,1 kg,prijs per kg €2.09,False,,,,,A,True,AH,https://www.ah.nl/producten/product/wi407959,2026-08-03,De Zaanse Hoeve Yoghurt Griekse stijl 2% vet,zuivel-eieren
195849,573255,De Zaanse Hoeve Creme fraiche,De Zaanse Hoeve,zuivel-eieren,"Zuivel, eieren",Creme fraiche,0.99,0.99,,,,,200 g,prijs per kg €4.95,False,,,,,D,True,AH,https://www.ah.nl/producten/product/wi195849,2026-08-03,De Zaanse Hoeve Creme fraiche,zuivel-eieren
63453,531306,AH Magere kwark,AH,zuivel-eieren,"Zuivel, eieren",Magere kwark,1.49,1.49,,,,,500 g,prijs per kg €2.98,False,,,,,A,True,AH,https://www.ah.nl/producten/product/wi63453,2026-08-03,AH Magere kwark,zuivel-eieren
130273,606972,AH Verse scharreleieren M,AH,zuivel-eieren,"Zuivel, eieren",Scharreleieren,6.99,6.99,,,,,20 stuks,,False,,,,,A,True,AH,https://www.ah.nl/producten/product/wi130273,2026-08-03,AH Verse scharreleieren M,zuivel-eieren
618342,0,AH Verse scharreleieren M 3-pack,AH,zuivel-eieren,"Zuivel, eieren",Scharreleieren,19.92,20.97,5.0,5% volume voordeel,,,3 stuks,,True,AHOO,5% volume voordeel,2026-08-03,2999-12-31,,True,AH,https://www.ah.nl/producten/product/wi618342,2026-08-03,AH Verse scharreleieren M 3-pack,zuivel-eieren
429772,28392,AH Biologisch Halfvolle yoghurt,AH Biologisch,zuivel-eieren,"Zuivel, eieren",Halfvolle yoghurt,1.65,1.65,,,,,1 l,prijs per liter €1.65,False,,,,,B,True,AH,https://www.ah.nl/producten/product/wi429772,2026-08-03,AH Biologisch Halfvolle yoghurt,zuivel-eieren
1108,54072,AH Halfvolle koffiemelk,AH,zuivel-eieren,"Zuivel, eieren",Koffiemelk,1.05,1.05,,,,,465 ml,prijs per liter €2.26,False,,,,,E,True,AH,https://www.ah.nl/producten/product/wi1108,2026-08-03,AH Halfvolle koffiemelk,zuivel-eieren
195653,600587,De Zaanse Hoeve Volle melk,De Zaanse Hoeve,zuivel-eieren,"Zuivel, eieren",Volle melk,0.95,0.95,,,,,1 l,prijs per liter €0.95,False,,,,,C,True,AH,https://www.ah.nl/producten/product/wi195653,2026-08-03,De Zaanse Hoeve Volle melk,zuivel-eieren
114817,567485,AH Biologisch Magere kwark,AH Biologisch,zuivel-eieren,"Zuivel, eieren",Magere kwark,1.65,1.65,,,,,500 g,prijs per kg €3.30,False,,,,,A,True,AH,https://www.ah.nl/producten/product/wi114817,2026-08-03,AH Biologisch Magere kwark,zuivel-eieren
108655,560339,AH Biologisch Houdbare halfvolle melk,AH Biologisch,zuivel-eieren,"Zuivel, eieren",Houdbare melk,1.29,1.29,,,,,1 l,prijs per liter €1.29,False,,,,,B,True,AH,https://www.ah.nl/producten/product/wi108655,2026-08-03,AH Biologisch Houdbare halfvolle melk,zuivel-eieren
1503,11946,De Zaanse Hoeve Karnemelk,De Zaanse Hoeve,zuivel-eieren,"Zuivel, eieren",Karnemelk,0.93,0.93,,,,,1 l,prijs per liter €0.93,False,,,,,B,True,AH,https://www.ah.nl/producten/product/wi1503,2026-08-03,De Zaanse Hoeve Karnemelk,zuivel-eieren
231878,823326,AH Magere kwark,AH,zuivel-eieren,"Zuivel, eieren",Magere kwark,2.49,2.49,,,,,1 kg,prijs per kg €2.49,False,,,,,A,True,AH,https://www.ah.nl/producten/product/wi231878,2026-08-03,AH Magere kwark,zuivel-eieren
1530,13387,AH Verse scharreleieren M L,AH,zuivel-eieren,"Zuivel, eieren",Scharreleieren,4.09,4.09,,,,,10 stuks,,False,,,,,A,True,AH,https://www.ah.nl/producten/product/wi1530,2026-08-03,AH Verse scharreleieren M L,zuivel-eieren
598389,0,AH Verse scharreleieren M L 3-pack,AH,zuivel-eieren,"Zuivel, eieren",Scharreleieren,11.66,12.27,5.0,5% volume voordeel,,,3 stuks,,True,AHOO,5% volume voordeel,2026-08-03,2999-12-31,,True,AH,https://www.ah.nl/producten/product/wi598389,2026-08-03,AH Verse scharreleieren M L 3-pack,zuivel-eieren
451172,582138,AH Biologisch Yoghurt Griekse stijl,AH Biologisch,zuivel-eieren,"Zuivel, eieren",Griekse yoghurt,2.99,2.99,,,,,1 kg,prijs per kg €2.99,False,,,,,C,True,AH,https://www.ah.nl/producten/product/wi451172,2026-08-03,AH Biologisch Yoghurt Griekse stijl,zuivel-eieren
60746,106377,AH Biologisch Volle yoghurt,AH Biologisch,zuivel-eieren,"Zuivel, eieren",Volle yoghurt,1.79,1.79,,,,,1 l,prijs per liter €1.79,False,,,,,B,True,AH,https://www.ah.nl/producten/product/wi60746,2026-08-03,AH Biologisch Volle yoghurt,zuivel-eieren
1510,11956,De Zaanse Hoeve Vanille vla,De Zaanse Hoeve,zuivel-eieren,"Zuivel, eieren",Vanillevla,0.99,0.99,,,,,1 l,prijs per liter €0.99,False,,,,,C,True,AH,https://www.ah.nl/producten/product/wi1510,2026-08-03,De Zaanse Hoeve Vanille vla,zuivel-eieren
450536,569106,AH Houdbare magere melk,AH,zuivel-eieren,"Zuivel, eieren",Houdbare melk,0.79,0.79,,,,,1 l,prijs per liter €0.79,False,,,,,B,True,AH,https://www.ah.nl/producten/product/wi450536,2026-08-03,AH Houdbare magere melk,zuivel-eieren
118132,11954,De Zaanse Hoeve Volle yoghurt,De Zaanse Hoeve,zuivel-eieren,"Zuivel, eieren",Volle yoghurt,1.39,1.39,,,,,1 l,prijs per liter €1.39,False,,,,,B,True,AH,https://www.ah.nl/producten/product/wi118132,2026-08-03,De Zaanse Hoeve Volle yoghurt,zuivel-eieren
1524,11944,AH Volle melk,AH,zuivel-eieren,"Zuivel, eieren",Volle melk,1.39,1.39,,,,,1 l,prijs per liter €1.39,False,,,,,C,True,AH,https://www.ah.nl/producten/product/wi1524,2026-08-03,AH Volle melk,zuivel-eieren
448314,708857,AH Lactosevrije houdbare halfvolle melk,AH,zuivel-eieren,"Zuivel, eieren",Lactosevrije melk,1.29,1.29,,,,,1 l,prijs per liter €1.29,False,,,,,B,True,AH,https://www.ah.nl/producten/product/wi448314,2026-08-03,AH Lactosevrije houdbare halfvolle melk,zuivel-eieren
442940,89791,AH Biologisch Eieren S M L,AH Biologisch,zuivel-eieren,"Zuivel, eieren",Vrije uitloop eieren,6.49,6.49,,,,,15 stuks,,False,,,,,A,True,AH,https://www.ah.nl/producten/product/wi442940,2026-08-03,AH Biologisch Eieren S M L,zuivel-eieren
61007,106375,AH Biologisch Halfvolle melk,AH Biologisch,zuivel-eieren,"Zuivel, eieren",Halfvolle melk,1.39,1.39,,,,,1 l,prijs per liter €1.39,False,,,,,B,True,AH,https://www.ah.nl/producten/product/wi61007,2026-08-03,AH Biologisch Halfvolle melk,zuivel-eieren
617813,0,AH Biologisch Eieren S M L 3pack,AH Biologisch,zuivel-eieren,"Zuivel, eieren",Vrije uitloop eieren,18.89,19.47,3.0,3% volume voordeel,,,3 stuks,,True,AHOO,3% volume voordeel,2026-08-03,2999-12-31,,True,AH,https://www.ah.nl/producten/product/wi617813,2026-08-03,AH Biologisch Eieren S M L 3pack,zuivel-eieren
617815,0,AH Biologisch Eieren S M L 4-pack,AH Biologisch,zuivel-eieren,"Zuivel, eieren",Vrije uitloop eieren,24.66,25.96,5.0,5% volume voordeel,,,4 stuks,,True,AHOO,5% volume voordeel,2026-08-03,2999-12-31,,True,AH,https://www.ah.nl/producten/product/wi617815,2026-08-03,AH Biologisch Eieren S M L 4-pack,zuivel-eieren
108654,560338,AH Biologisch Houdbare volle melk,AH Biologisch,zuivel-eieren,"Zuivel, eieren",Houdbare melk,1.45,1.45,,,,,1 l,prijs per liter €1.45,False,,,,,C,True,AH,https://www.ah.nl/producten/product/wi108654,2026-08-03,AH Biologisch Houdbare volle melk,zuivel-eieren
168502,751795,AH Biologisch Eieren S M L,AH Biologisch,zuivel-eieren,"Zuivel, eieren",Vrije uitloop eieren,4.59,4.59,,,,,10 stuks,,False,,,,,A,True,AH,https://www.ah.nl/producten/product/wi168502,2026-08-03,AH Biologisch Eieren S M L,zuivel-eieren
127489,581971,AH Terra Plantaardig halvarine lekker op brood,AH Terra,zuivel-eieren,"Zuivel, eieren",Plantaardige boter,1.39,1.39,,,,,500 g,prijs per kg €2.78,False,,,,,C,True,AH,https://www.ah.nl/producten/product/wi127489,2026-08-03,AH Terra Plantaardig halvarine lekker op brood,zuivel-eieren
61009,106374,AH Biologisch Volle melk,AH Biologisch,zuivel-eieren,"Zuivel, eieren",Volle melk,1.49,1.49,,,,,1 l,prijs per liter €1.49,False,,,,,C,True,AH,https://www.ah.nl/producten/product/wi61009,2026-08-03,AH Biologisch Volle melk,zuivel-eieren
469397,721621,Campina Langlekker halfvolle melk,Campina,zuivel-eieren,"Zuivel, eieren",Houdbare melk,1.79,1.79,,,,,1 l,prijs per liter €1.79,False,,,,,B,True,AH,https://www.ah.nl/producten/product/wi469397,2026-08-03,Campina Langlekker halfvolle melk,zuivel-eieren
130274,606862,AH Verse scharreleieren L XL,AH,zuivel-eieren,"Zuivel, eieren",Scharreleieren,4.19,4.19,,,,,10 stuks,,False,,,,,A,True,AH,https://www.ah.nl/producten/product/wi130274,2026-08-03,AH Verse scharreleieren L XL,zuivel-eieren
567385,0,AH Verse scharreleieren L/XL 3-pack,AH,zuivel-eieren,"Zuivel, eieren",Scharreleieren,11.94,12.57,5.0,5% volume voordeel,,,3 stuks,,True,AHOO,5% volume voordeel,2026-08-03,2999-12-31,,True,AH,https://www.ah.nl/producten/product/wi567385,2026-08-03,AH Verse scharreleieren L/XL 3-pack,zuivel-eieren
1519,11955,De Zaanse Hoeve Magere yoghurt,De Zaanse Hoeve,zuivel-eieren,"Zuivel, eieren",Magere yoghurt,0.89,0.89,,,,,1 l,prijs per liter €0.89,False,,,,,A,True,AH,https://www.ah.nl/producten/product/wi1519,2026-08-03,De Zaanse Hoeve Magere yoghurt,zuivel-eieren
609672,0,Campina Langlekker halfvolle melk 3-pack,Campina,zuivel-eieren,"Zuivel, eieren",Houdbare melk,5.1,5.37,5.0,5% volume voordeel,,,3 stuks,,True,AHOO,5% volume voordeel,2026-08-03,2999-12-31,,True,AH,https://www.ah.nl/producten/product/wi609672,2026-08-03,Campina Langlekker halfvolle melk 3-pack,zuivel-eieren
177474,636832,De Zaanse Hoeve Halfvolle yoghurt vanillesmaak,De Zaanse Hoeve,zuivel-eieren,"Zuivel, eieren",Vanille yoghurt,1.49,1.49,,,,,1 l,prijs per liter €1.49,False,,,,,C,True,AH,https://www.ah.nl/producten/product/wi177474,2026-08-03,De Zaanse Hoeve Halfvolle yoghurt vanillesmaak,zuivel-eieren
609411,0,Campina Langlekker halfvolle melk 8-pack,Campina,zuivel-eieren,"Zuivel, eieren",Houdbare melk,12.89,14.32,10.0,10% volume voordeel,,,8 stuks,,True,AHOO,10% volume voordeel,2026-08-03,2999-12-31,,True,AH,https://www.ah.nl/producten/product/wi609411,2026-08-03,Campina Langlekker halfvolle melk 8-pack,zuivel-eieren
141708,615967,AH Drinkyoghurt framboossmaak,AH,zuivel-eieren,"Zuivel, eieren","Drinkyoghurt, ontbijtdranken",1.29,1.29,,,,,1 l,prijs per liter €1.29,False,,,,,B,True,AH,https://www.ah.nl/producten/product/wi141708,2026-08-03,AH Drinkyoghurt framboossmaak,zuivel-eieren
443661,87310,AH Biologisch Halfvolle melk,AH Biologisch,zuivel-eieren,"Zuivel, eieren",Halfvolle melk,2.55,2.55,,,,,2 l,prijs per liter €1.28,False,,,,,B,True,AH,https://www.ah.nl/producten/product/wi443661,2026-08-03,AH Biologisch Halfvolle melk,zuivel-eieren
216238,809402,Melkunie Breaker aardbei yoghurt,Melkunie,zuivel-eieren,"Zuivel, eieren",Yoghurt tussendoortjes,1.59,1.59,,,,,200 g,prijs per kg €7.95,False,,,,,C,True,AH,https://www.ah.nl/producten/product/wi216238,2026-08-03,Melkunie Breaker aardbei yoghurt,zuivel-eieren
61010,512652,AH Biologisch Magere yoghurt,AH Biologisch,zuivel-eieren,"Zuivel, eieren",Magere yoghurt,1.49,1.49,,,,,1 l,prijs per liter €1.49,False,,,,,A,True,AH,https://www.ah.nl/producten/product/wi61010,2026-08-03,AH Biologisch Magere yoghurt,zuivel-eieren
456324,66205,AH Drinkyoghurt aardbei kerssmaak,AH,zuivel-eieren,"Zuivel, eieren","Drinkyoghurt, ontbijtdranken",1.29,1.29,,,,,1 l,prijs per liter €1.29,False,,,,,B,True,AH,https://www.ah.nl/producten/product/wi456324,2026-08-03,AH Drinkyoghurt aardbei kerssmaak,zuivel-eieren
58082,505412,AH Biologisch Roomboter ongezouten,AH Biologisch,zuivel-eieren,"Zuivel, eieren",Ongezouten roomboter,2.89,2.89,,,,,250 g,prijs per kg €11.56,False,,,,,,True,AH,https://www.ah.nl/producten/product/wi58082,2026-08-03,AH Biologisch Roomboter ongezouten,zuivel-eieren
618237,0,AH Biologisch Roomboter ongezouten 2-pack,AH Biologisch,zuivel-eieren,"Zuivel, eieren",Ongezouten roomboter,5.61,5.78,3.0,3% volume voordeel,,,2 stuks,,True,AHOO,3% volume voordeel,2026-08-03,2999-12-31,,True,AH,https://www.ah.nl/producten/product/wi618237,2026-08-03,AH Biologisch Roomboter ongezouten 2-pack,zuivel-eieren
618240,0,AH Biologisch Roomboter ongezouten 5-pack,AH Biologisch,zuivel-eieren,"Zuivel, eieren",Ongezouten roomboter,13.0,14.45,10.0,10% volume voordeel,,,5 stuks,,True,AHOO,10% volume voordeel,2026-08-03,2999-12-31,,True,AH,https://www.ah.nl/producten/product/wi618240,2026-08-03,AH Biologisch Roomboter ongezouten 5-pack,zuivel-eieren
567982,0,AH Biologisch Roomboter ongezouten 3-pack,AH Biologisch,zuivel-eieren,"Zuivel, eieren",Ongezouten roomboter,8.24,8.67,5.0,5% volume voordeel,,,3 stuks,,True,AHOO,5% volume voordeel,2026-08-03,2999-12-31,,True,AH,https://www.ah.nl/producten/product/wi567982,2026-08-03,AH Biologisch Roomboter ongezouten 3-pack,zuivel-eieren
602213,54324,AH Biologisch Volle melk,AH Biologisch,zuivel-eieren,"Zuivel, eieren",Volle melk,2.09,2.09,,,,,"1,5 l",prijs per liter €1.39,False,,,,,C,True,AH,https://www.ah.nl/producten/product/wi602213,2026-08-03,AH Biologisch Volle melk,zuivel-eieren
438675,702107,De Zaanse Hoeve Halfvolle yoghurt,De Zaanse Hoeve,zuivel-eieren,"Zuivel, eieren",Halfvolle yoghurt,0.95,0.95,,,,,1 l,prijs per liter €0.95,False,,,,,A,True,AH,https://www.ah.nl/producten/product/wi438675,2026-08-03,De Zaanse Hoeve Halfvolle yoghurt,zuivel-eieren
61008,106376,AH Biologisch Karnemelk,AH Biologisch,zuivel-eieren,"Zuivel, eieren",Karnemelk,1.29,1.29,,,,,1 l,prijs per liter €1.29,False,,,,,B,True,AH,https://www.ah.nl/producten/product/wi61008,2026-08-03,AH Biologisch Karnemelk,zuivel-eieren
469256,98070,Campina Langlekker volle melk,Campina,zuivel-eieren,"Zuivel, eieren",Houdbare melk,1.99,1.99,,,,,1 l,prijs per liter €1.99,False,,,,,C,True,AH,https://www.ah.nl/producten/product/wi469256,2026-08-03,Campina Langlekker whole milk,zuivel-eieren
451700,581894,De Zaanse Hoeve Volle kwark,De Zaanse Hoeve,zuivel-eieren,"Zuivel, eieren",Volle kwark,1.29,1.29,,,,,500 g,prijs per kg €2.58,False,,,,,C,True,AH,https://www.ah.nl/producten/product/wi451700,2026-08-03,De Zaanse Hoeve Volle kwark,zuivel-eieren
61758,521009,Optimel Drinkyoghurt framboos,Optimel,zuivel-eieren,"Zuivel, eieren","Drinkyoghurt, ontbijtdranken",1.99,1.99,,,,,1 l,prijs per liter €1.99,False,,,,,B,True,AH,https://www.ah.nl/producten/product/wi61758,2026-08-03,Optimel Drinkyoghurt framboos,zuivel-eieren
514748,884361,De Zaanse Hoeve Ongezouten roomboter,De Zaanse Hoeve,zuivel-eieren,"Zuivel, eieren",Ongezouten roomboter,2.69,2.69,,,,,500 g,prijs per kg €5.38,False,,,,,E,True,AH,https://www.ah.nl/producten/product/wi514748,2026-08-03,De Zaanse Hoeve Ongezouten roomboter,zuivel-eieren
608455,0,Campina Langlekker volle melk 3-pack,Campina,zuivel-eieren,"Zuivel, eieren",Houdbare melk,5.67,5.97,5.0,5% volume voordeel,,,3 stuks,,True,AHOO,5% volume voordeel,2026-08-03,2999-12-31,,True,AH,https://www.ah.nl/producten/product/wi608455,2026-08-03,Campina Langlekker whole milk 3-pack,zuivel-eieren
456336,66374,AH Drinkyoghurt passievrucht mangosmaak,AH,zuivel-eieren,"Zuivel, eieren","Drinkyoghurt, ontbijtdranken",1.29,1.29,,,,,1 l,prijs per liter €1.29,False,,,,,B,True,AH,https://www.ah.nl/producten/product/wi456336,2026-08-03,AH Drinkyoghurt passievrucht mangosmaak,zuivel-eieren
441199,76369,Campina Halfvolle melk voordeelverpakking,Campina,zuivel-eieren,"Zuivel, eieren",Halfvolle melk,1.89,1.89,,,,,"1,5 l",prijs per liter €1.26,False,,,,,B,True,AH,https://www.ah.nl/producten/product/wi441199,2026-08-03,Campina Halfvolle melk voordeelverpakking,zuivel-eieren
608456,0,Campina Langlekker volle melk 8-pack,Campina,zuivel-eieren,"Zuivel, eieren",Houdbare melk,14.33,15.92,10.0,10% volume voordeel,,,8 stuks,,True,AHOO,10% volume voordeel,2026-08-03,2999-12-31,,True,AH,https://www.ah.nl/producten/product/wi608456,2026-08-03,Campina Langlekker volle melk 8-pack,zuivel-eieren
561662,0,Melkunie Breaker aardbei yoghurt 6-pack,Melkunie,zuivel-eieren,"Zuivel, eieren",Yoghurt tussendoortjes,8.59,9.54,10.0,10% volume voordeel,,,6 stuks,,True,AHOO,10% volume voordeel,2026-08-03,2999-12-31,,True,AH,https://www.ah.nl/producten/product/wi561662,2026-08-03,Melkunie Breaker aardbei yoghurt 6-pack,zuivel-eieren
67781,530940,AH Creme fraiche light 15% vet,AH,zuivel-eieren,"Zuivel, eieren",Creme fraiche,1.39,1.39,,,,,125 g,prijs per kg €11.12,False,,,,,D,True,AH,https://www.ah.nl/producten/product/wi67781,2026-08-03,AH Creme fraiche light 15% vet,zuivel-eieren
168925,751659,Arla Biologisch halfvolle melk,Arla,zuivel-eieren,"Zuivel, eieren",Halfvolle melk,1.79,1.79,,,,,1 l,prijs per liter €1.79,False,,,,,B,True,AH,https://www.ah.nl/producten/product/wi168925,2026-08-03,Arla Biologisch halfvolle melk,zuivel-eieren
48785,831576,Campina Halfvolle yoghurt,Campina,zuivel-eieren,"Zuivel, eieren",Halfvolle yoghurt,1.89,1.89,,,,,1 l,prijs per liter €1.89,False,,,,,A,True,AH,https://www.ah.nl/producten/product/wi48785,2026-08-03,Campina Halfvolle yoghurt,zuivel-eieren
509631,720377,AH Kookroom,AH,zuivel-eieren,"Zuivel, eieren",Kookroom,0.99,0.99,,,,,250 ml,prijs per liter €3.96,False,,,,,D,True,AH,https://www.ah.nl/producten/product/wi509631,2026-08-03,AH Kookroom,zuivel-eieren
608505,0,Optimel Drinkyoghurt framboos 2-pack,Optimel,zuivel-eieren,"Zuivel, eieren","Drinkyoghurt, ontbijtdranken",3.78,3.98,5.0,5% volume voordeel,,,2 stuks,,True,AHOO,5% volume voordeel,2026-08-03,2999-12-31,,True,AH,https://www.ah.nl/producten/product/wi608505,2026-08-03,Optimel Drinkyoghurt framboos 2-pack,zuivel-eieren
127487,581968,AH Roomboter ongezouten,AH,zuivel-eieren,"Zuivel, eieren",Ongezouten roomboter,2.19,2.19,,,,,250 g,prijs per kg €8.76,False,,,,,,True,AH,https://www.ah.nl/producten/product/wi127487,2026-08-03,AH Roomboter ongezouten,zuivel-eieren
582008,0,Melkunie Breaker Aardbei yoghurt 4-pack,Melkunie,zuivel-eieren,"Zuivel, eieren",Yoghurt tussendoortjes,6.04,6.36,5.0,5% volume voordeel,,,4 stuks,,True,AHOO,5% volume voordeel,2026-08-03,2999-12-31,,True,AH,https://www.ah.nl/producten/product/wi582008,2026-08-03,Melkunie Breaker Aardbei yoghurt 4-pack,zuivel-eieren
609405,0,Campina Halfvolle yoghurt 3-pack,Campina,zuivel-eieren,"Zuivel, eieren",Halfvolle yoghurt,5.39,5.67,5.0,5% volume voordeel,,,3 stuks,,True,AHOO,5% volume voordeel,2026-08-03,2999-12-31,,True,AH,https://www.ah.nl/producten/product/wi609405,2026-08-03,Campina Halfvolle yoghurt 3-pack,zuivel-eieren
509633,722517,AH Slagroom,AH,zuivel-eieren,"Zuivel, eieren",Slagroom,1.35,1.35,,,,,250 ml,prijs per liter €5.40,False,,,,,D,True,AH,https://www.ah.nl/producten/product/wi509633,2026-08-03,AH Slagroom,zuivel-eieren
582865,0,Arla Biologisch halfvolle melk 3-pack,Arla,zuivel-eieren,"Zuivel, eieren",Halfvolle melk,5.1,5.37,5.0,5% volume voordeel,,,3 stuks,,True,AHOO,5% volume voordeel,2026-08-03,2999-12-31,,True,AH,https://www.ah.nl/producten/product/wi582865,2026-08-03,Arla Biologisch halfvolle melk 3-pack,zuivel-eieren
387970,845350,Campina Magere milde kwark naturel,Campina,zuivel-eieren,"Zuivel, eieren",Magere kwark,1.99,1.99,,,,,500 g,prijs per kg €3.98,False,,,,,A,True,AH,https://www.ah.nl/producten/product/wi387970,2026-08-03,Campina Magere milde kwark naturel,zuivel-eieren
1516,11945,AH Magere melk,AH,zuivel-eieren,"Zuivel, eieren",Magere melk,1.19,1.19,,,,,1 l,prijs per liter €1.19,False,,,,,B,True,AH,https://www.ah.nl/producten/product/wi1516,2026-08-03,AH Magere melk,zuivel-eieren
129244,587840,Optimel Drinkyoghurt mango passievrucht,Optimel,zuivel-eieren,"Zuivel, eieren","Drinkyoghurt, ontbijtdranken",1.99,1.99,,,,,1 l,prijs per liter €1.99,False,,,,,B,True,AH,https://www.ah.nl/producten/product/wi129244,2026-08-03,Optimel Drinkyoghurt mango passievrucht,zuivel-eieren
566899,0,AH Creme Fraiche Light 3-pack,AH,zuivel-eieren,"Zuivel, eieren",Creme fraiche,3.96,4.17,5.0,5% volume voordeel,,,3-pack,,True,AHOO,5% volume voordeel,2026-08-03,2999-12-31,,True,AH,https://www.ah.nl/producten/product/wi566899,2026-08-03,AH Creme Fraiche Light 3-pack,zuivel-eieren
173573,795753,AH Halfvolle koffiemelk cups,AH,zuivel-eieren,"Zuivel, eieren",Koffiemelk,0.45,0.45,,,,,70 ml,prijs per liter €6.43,False,,,,,E,True,AH,https://www.ah.nl/producten/product/wi173573,2026-08-03,AH Halfvolle koffiemelk cups,zuivel-eieren
609662,0,Arla Biologisch halfvolle melk 4-pack,Arla,zuivel-eieren,"Zuivel, eieren",Halfvolle melk,6.44,7.16,10.0,10% volume voordeel,,,4 stuks,,True,AHOO,10% volume voordeel,2026-08-03,2999-12-31,,True,AH,https://www.ah.nl/producten/product/wi609662,2026-08-03,Arla Biologisch halfvolle melk 4-pack,zuivel-eieren
166916,642878,Brinta Volkoren graanontbijt,Brinta,zuivel-eieren,"Zuivel, eieren",Pap,2.09,2.09,,,,,500 g,prijs per kg €4.18,False,,,,,A,True,AH,https://www.ah.nl/producten/product/wi166916,2026-08-03,Brinta Whole grain breakfast,zuivel-eieren
608506,0,Optimel Drinkyoghurt framboos 4-pack,Optimel,zuivel-eieren,"Zuivel, eieren","Drinkyoghurt, ontbijtdranken",7.16,7.96,10.0,10% volume voordeel,,,4 stuks,,True,AHOO,10% volume voordeel,2026-08-03,2999-12-31,,True,AH,https://www.ah.nl/producten/product/wi608506,2026-08-03,Optimel Drinkyoghurt framboos 4-pack,zuivel-eieren
608509,0,Optimel Drinkyoghurt mango passievrucht 2-pack,Optimel,zuivel-eieren,"Zuivel, eieren","Drinkyoghurt, ontbijtdranken",3.78,3.98,5.0,5% volume voordeel,,,2 stuks,,True,AHOO,5% volume voordeel,2026-08-03,2999-12-31,,True,AH,https://www.ah.nl/producten/product/wi608509,2026-08-03,Optimel Drinkyoghurt mango passievrucht 2-pack,zuivel-eieren
403752,851111,AH Halfvolle kwark,AH,zuivel-eieren,"Zuivel, eieren",Volle kwark,1.69,1.69,,,,,500 g,prijs per kg €3.38,False,,,,,A,True,AH,https://www.ah.nl/producten/product/wi403752,2026-08-03,AH Halfvolle kwark,zuivel-eieren
609406,0,Campina Halfvolle yoghurt 6-pack,Campina,zuivel-eieren,"Zuivel, eieren",Halfvolle yoghurt,10.21,11.34,10.0,10% volume voordeel,,,6 stuks,,True,AHOO,10% volume voordeel,2026-08-03,2999-12-31,,True,AH,https://www.ah.nl/producten/product/wi609406,2026-08-03,Campina Halfvolle yoghurt 6-pack,zuivel-eieren
1109,54073,AH Volle koffiemelk,AH,zuivel-eieren,"Zuivel, eieren",Koffiemelk,0.99,0.99,,,,,463 ml,prijs per liter €2.14,False,,,,,E,True,AH,https://www.ah.nl/producten/product/wi1109,2026-08-03,AH Volle koffiemelk,zuivel-eieren
425567,694382,Danoontje Knijpyoghurt aardbei,Danoontje,zuivel-eieren,"Zuivel, eieren",Yoghurt tussendoortjes,0.99,0.99,,,,,70 g,prijs per kg €14.14,False,,,,,B,True,AH,https://www.ah.nl/producten/product/wi425567,2026-08-03,Danoontje Knijpyoghurt aardbei,zuivel-eieren
548937,0,Danoontje Knijpyoghurt aardbei 5-pack,Danoontje,zuivel-eieren,"Zuivel, eieren",Yoghurt tussendoortjes,4.7,4.95,5.0,5% volume voordeel,,,5 stuks,,True,AHOO,5% volume voordeel,2026-08-03,2999-12-31,,True,AH,https://www.ah.nl/producten/product/wi548937,2026-08-03,Danoontje Knijpyoghurt aardbei 5-pack,zuivel-eieren
617979,0,AH Creme fraiche light 15% vet 2-pack,AH,zuivel-eieren,"Zuivel, eieren",Creme fraiche,2.7,2.78,3.0,3% volume voordeel,,,2 stuks,,True,AHOO,3% volume voordeel,2026-08-03,2999-12-31,,True,AH,https://www.ah.nl/producten/product/wi617979,2026-08-03,AH Creme fraiche light 15% vet 2-pack,zuivel-eieren
425564,694379,Arla Biologisch skyr naturel yoghurt,Arla,zuivel-eieren,"Zuivel, eieren",Skyr naturel,2.59,2.59,,,,,450 g,prijs per kg €5.76,False,,,,,A,True,AH,https://www.ah.nl/producten/product/wi425564,2026-08-03,Arla Biologisch skyr naturel yoghurt,zuivel-eieren
161932,629848,AH Kokosmelk,AH,zuivel-eieren,"Zuivel, eieren",Kokosmelk,1.35,1.35,,,,,200 ml,prijs per liter €6.75,False,,,,,D,True,AH,https://www.ah.nl/producten/product/wi161932,2026-08-03,AH Kokosmelk,zuivel-eieren
396393,847732,AH Biologisch Volle kwark,AH Biologisch,zuivel-eieren,"Zuivel, eieren",Volle kwark,1.89,1.89,,,,,500 g,prijs per kg €3.78,False,,,,,C,True,AH,https://www.ah.nl/producten/product/wi396393,2026-08-03,AH Biologisch Volle kwark,zuivel-eieren
585910,30742,AH Magere kwark met magere yoghurt vanille,AH,zuivel-eieren,"Zuivel, eieren",Kwark met smaak,1.59,1.59,,,,,500 g,prijs per kg €3.18,False,,,,,,True,AH,https://www.ah.nl/producten/product/wi585910,2026-08-03,AH Low-fat cottage cheese with low-fat vanilla yogurt,zuivel-eieren
96643,540177,AH Magere yoghurt,AH,zuivel-eieren,"Zuivel, eieren",Magere yoghurt,1.39,1.39,,,,,1 l,prijs per liter €1.39,False,,,,,A,True,AH,https://www.ah.nl/producten/product/wi96643,2026-08-03,AH Magere yoghurt,zuivel-eieren
585909,30741,AH Magere kwark met magere yoghurt aardbei,AH,zuivel-eieren,"Zuivel, eieren",Kwark met smaak,1.59,1.59,,,,,500 g,prijs per kg €3.18,False,,,,,,True,AH,https://www.ah.nl/producten/product/wi585909,2026-08-03,AH Magere kwark met magere yoghurt aardbei,zuivel-eieren
574107,0,"Campina Halfvolle Melk 1,5L pakket 2-pack",Campina,zuivel-eieren,"Zuivel, eieren",Halfvolle melk,3.59,3.78,5.0,5% volume voordeel,,,2 stuks,,True,AHOO,5% volume voordeel,2026-08-03,2999-12-31,,True,AH,https://www.ah.nl/producten/product/wi574107,2026-08-03,"Campina Halfvolle Melk 1,5L pakket 2-pack",zuivel-eieren
457983,647871,Arla Skyr naturel yoghurt 0% vet XL,Arla,zuivel-eieren,"Zuivel, eieren",Skyr naturel,3.99,3.99,,,,,1 kg,prijs per kg €3.99,False,,,,,A,True,AH,https://www.ah.nl/producten/product/wi457983,2026-08-03,Arla Skyr naturel yoghurt 0% vet XL,zuivel-eieren
608510,0,Optimel Drinkyoghurt mango passievrucht 4-pack,Optimel,zuivel-eieren,"Zuivel, eieren","Drinkyoghurt, ontbijtdranken",7.16,7.96,10.0,10% volume voordeel,,,4 stuks,,True,AHOO,10% volume voordeel,2026-08-03,2999-12-31,,True,AH,https://www.ah.nl/producten/product/wi608510,2026-08-03,Optimel Drinkyoghurt mango passievrucht 4-pack,zuivel-eieren
609355,0,Arla Biologisch skyr naturel yoghurt 4-pack,Arla,zuivel-eieren,"Zuivel, eieren",Skyr naturel,9.32,10.36,10.0,10% volume voordeel,,,4 stuks,,True,AHOO,10% volume voordeel,2026-08-03,2999-12-31,,True,AH,https://www.ah.nl/producten/product/wi609355,2026-08-03,Arla Biologisch skyr naturel yoghurt 4-pack,zuivel-eieren
617980,0,AH Creme fraiche light 15% vet 4-pack,AH,zuivel-eieren,"Zuivel, eieren",Creme fraiche,5.0,5.56,10.0,10% volume voordeel,,,4 stuks,,True,AHOO,10% volume voordeel,2026-08-03,2999-12-31,,True,AH,https://www.ah.nl/producten/product/wi617980,2026-08-03,AH Creme fraiche light 15% vet 4-pack,zuivel-eieren
594657,0,Arla Biologisch skyr naturel yoghurt 2-pack,Arla,zuivel-eieren,"Zuivel, eieren",Skyr naturel,4.92,5.18,5.0,5% volume voordeel,,,2 stuks,,True,AHOO,5% volume voordeel,2026-08-03,2999-12-31,,True,AH,https://www.ah.nl/producten/product/wi594657,2026-08-03,Arla Biologisch skyr naturel yoghurt 2-pack,zuivel-eieren
208278,804258,Campina Halfvolle melk voordeelpak,Campina,zuivel-eieren,"Zuivel, eieren",Halfvolle melk,2.69,2.69,,,,,"2,4 l",prijs per liter €1.12,False,,,,,B,True,AH,https://www.ah.nl/producten/product/wi208278,2026-08-03,Campina Halfvolle melk voordeelpak,zuivel-eieren
349195,751664,Arla Biologisch volle melk,Arla,zuivel-eieren,"Zuivel, eieren",Volle melk,1.99,1.99,,,,,1 l,prijs per liter €1.99,False,,,,,C,True,AH,https://www.ah.nl/producten/product/wi349195,2026-08-03,Arla Biologisch volle melk,zuivel-eieren
33691,27506,AH Halfvolle melk,AH,zuivel-eieren,"Zuivel, eieren",Halfvolle melk,0.79,0.79,,,,,"0,5 l",prijs per liter €1.58,False,,,,,B,True,AH,https://www.ah.nl/producten/product/wi33691,2026-08-03,AH Halfvolle melk,zuivel-eieren
570722,11073,Melkunie Breaker zero aardbei yoghurt,Melkunie,zuivel-eieren,"Zuivel, eieren",Yoghurt tussendoortjes,1.69,1.69,,,,,200 g,prijs per kg €8.45,False,,,,,B,True,AH,https://www.ah.nl/producten/product/wi570722,2026-08-03,Melkunie Breaker zero aardbei yoghurt,zuivel-eieren
609677,0,Campina Magere milde kwark naturel 4-pack,Campina,zuivel-eieren,"Zuivel, eieren",Magere kwark,7.16,7.96,10.0,10% volume voordeel,,,4 stuks,,True,AHOO,10% volume voordeel,2026-08-03,2999-12-31,,True,AH,https://www.ah.nl/producten/product/wi609677,2026-08-03,Campina Magere milde kwark naturel 4-pack,zuivel-eieren
370580,835772,Arla Skyr naturel yoghurt 0% vet,Arla,zuivel-eieren,"Zuivel, eieren",Skyr naturel,1.99,1.99,,,,,450 g,prijs per kg €4.42,False,,,,,A,True,AH,https://www.ah.nl/producten/product/wi370580,2026-08-03,Arla Skyr naturel yoghurt 0% vet,zuivel-eieren
594562,43314,AH Halvarine 100% plantaardig,AH,zuivel-eieren,"Zuivel, eieren",Plantaardige boter,0.58,0.58,,,,,500 g,prijs per kg €1.16,False,,,,,C,True,AH,https://www.ah.nl/producten/product/wi594562,2026-08-03,AH Halvarine 100% plantaardig,zuivel-eieren
585999,30360,AH Biologisch Yoghurt Griekse stijl 2%,AH Biologisch,zuivel-eieren,"Zuivel, eieren",Griekse yoghurt,2.89,2.89,,,,,1 kg,prijs per kg €2.89,False,,,,,A,True,AH,https://www.ah.nl/producten/product/wi585999,2026-08-03,AH Biologisch Yoghurt Griekse stijl 2%,zuivel-eieren
440374,76365,Optimel Drinkyoghurt aardbei,Optimel,zuivel-eieren,"Zuivel, eieren","Drinkyoghurt, ontbijtdranken",1.99,1.99,,,,,1 l,prijs per liter €1.99,False,,,,,B,True,AH,https://www.ah.nl/producten/product/wi440374,2026-08-03,Optimel Drinkyoghurt aardbei,zuivel-eieren
582868,0,Arla Biologisch volle melk 1L 3-pack,Arla,zuivel-eieren,"Zuivel, eieren",Volle melk,5.67,5.97,5.0,5% volume voordeel,,,3 stuks,,True,AHOO,5% volume voordeel,2026-08-03,2999-12-31,,True,AH,https://www.ah.nl/producten/product/wi582868,2026-08-03,Arla Biologisch volle melk 1L 3-pack,zuivel-eieren
608086,64911,Mars Karamel chocolade ice bar,Mars,zuivel-eieren,Diepvries,Room handijs,4.39,4.39,,,,,5 stuks,,False,,,,,D,True,AH,https://www.ah.nl/producten/product/wi608086,2026-08-03,Mars Karamel chocolade ice bar,zuivel-eieren
196145,790149,De Zaanse Hoeve Roomtoetje vanille,De Zaanse Hoeve,zuivel-eieren,"Zuivel, eieren",Luxe toetjes,0.35,0.35,,,,,200 g,prijs per kg €1.75,False,,,,,C,True,AH,https://www.ah.nl/producten/product/wi196145,2026-08-03,De Zaanse Hoeve Roomtoetje vanille,zuivel-eieren
609665,0,Arla Biologisch volle melk 4-pack,Arla,zuivel-eieren,"Zuivel, eieren",Volle melk,7.16,7.96,10.0,10% volume voordeel,,,4 stuks,,True,AHOO,10% volume voordeel,2026-08-03,2999-12-31,,True,AH,https://www.ah.nl/producten/product/wi609665,2026-08-03,Arla Biologisch volle melk 4-pack,zuivel-eieren
590371,0,Arla Skyr naturel yoghurt 0% fat XL 2-pack,Arla,zuivel-eieren,"Zuivel, eieren",Skyr naturel,7.58,7.98,5.0,5% volume voordeel,,,2 stuks,,True,AHOO,5% volume voordeel,2026-08-03,2999-12-31,,True,AH,https://www.ah.nl/producten/product/wi590371,2026-08-03,Arla Skyr naturel yoghurt 0% fat XL 2-pack,zuivel-eieren
447765,528009,AH Yoghurtdrink aardbeismaak,AH,zuivel-eieren,"Zuivel, eieren","Drinkyoghurt, ontbijtdranken",1.05,1.05,,,,,1 l,prijs per liter €1.05,False,,,,,C,True,AH,https://www.ah.nl/producten/product/wi447765,2026-08-03,AH Yoghurtdrink aardbeismaak,zuivel-eieren
509634,722534,AH Slagroom,AH,zuivel-eieren,"Zuivel, eieren",Slagroom,1.79,1.79,,,,,"0,5 l",prijs per liter €3.58,False,,,,,D,True,AH,https://www.ah.nl/producten/product/wi509634,2026-08-03,AH Slagroom,zuivel-eieren
475115,727863,AH Slagroom spuitbus,AH,zuivel-eieren,"Zuivel, eieren",Slagroom,1.49,1.49,,,,,250 g,prijs per kg €5.96,False,,,,,E,True,AH,https://www.ah.nl/producten/product/wi475115,2026-08-03,AH Slagroom spuitbus,zuivel-eieren
613774,0,Mars Karamel chocolade ice bar 2-pack,Mars,zuivel-eieren,Diepvries,Room handijs,7.9,8.78,10.0,10% volume voordeel,,,2 stuks,,True,AHOO,10% volume voordeel,2026-08-03,2999-12-31,,True,AH,https://www.ah.nl/producten/product/wi613774,2026-08-03,Mars Karamel chocolade ice bar 2-pack,zuivel-eieren
608501,0,Optimel Drinkyoghurt aardbei 2-pack,Optimel,zuivel-eieren,"Zuivel, eieren","Drinkyoghurt, ontbijtdranken",3.78,3.98,5.0,5% volume voordeel,,,2 stuks,,True,AHOO,5% volume voordeel,2026-08-03,2999-12-31,,True,AH,https://www.ah.nl/producten/product/wi608501,2026-08-03,Optimel Drinkyoghurt aardbei 2-pack,zuivel-eieren
49816,503972,Blue Band Goede start met calcium,Blue Band,zuivel-eieren,"Zuivel, eieren",Halvarine,1.99,1.99,,,,,500 g,prijs per kg €3.98,False,,,,,C,True,AH,https://www.ah.nl/producten/product/wi49816,2026-08-03,Blue Band Good start with calcium,zuivel-eieren
440366,76312,Arla Biologisch kefir naturel,Arla,zuivel-eieren,"Zuivel, eieren","Probiotica, kefir, gut health drinks",2.39,2.39,,,,,1 l,prijs per liter €2.39,False,,,,,B,True,AH,https://www.ah.nl/producten/product/wi440366,2026-08-03,Arla Biologisch kefir naturel,zuivel-eieren
625801,0,Blue Band Goede start met calcium 2-pack,Blue Band,zuivel-eieren,"Zuivel, eieren",Halvarine,3.78,3.98,5.0,5% volume voordeel,,,2 stuks,,True,AHOO,5% volume voordeel,2026-08-03,2999-12-31,,True,AH,https://www.ah.nl/producten/product/wi625801,2026-08-03,Blue Band Goede start met calcium 2-pack,zuivel-eieren
574103,0,"Campina Halfvolle Melk 2,4l 2-pack",Campina,zuivel-eieren,"Zuivel, eieren",Halfvolle melk,5.11,5.38,5.0,5% volume voordeel,,,2 stuks,,True,AHOO,5% volume voordeel,2026-08-03,2999-12-31,,True,AH,https://www.ah.nl/producten/product/wi574103,2026-08-03,"Campina Halfvolle Melk 2,4l 2-pack",zuivel-eieren
403286,851044,Arla Skyr vanille yoghurt 0% vet,Arla,zuivel-eieren,"Zuivel, eieren",Skyr met smaak,2.19,2.19,,,,,450 g,prijs per kg €4.87,False,,,,,A,True,AH,https://www.ah.nl/producten/product/wi403286,2026-08-03,Arla Skyr vanille yoghurt 0% vet,zuivel-eieren
613775,0,Mars Karamel chocolade ice bar 3-pack,Mars,zuivel-eieren,Diepvries,Room handijs,11.19,13.17,15.0,15% volume voordeel,,,3 stuks,,True,AHOO,15% volume voordeel,2026-08-03,2999-12-31,,True,AH,https://www.ah.nl/producten/product/wi613775,2026-08-03,Mars Karamel chocolade ice bar 3-pack,zuivel-eieren
625824,0,Blue Band Goede start met calcium 4-pack,Blue Band,zuivel-eieren,"Zuivel, eieren",Halvarine,7.16,7.96,10.0,10% volume voordeel,,,4 stuks,,True,AHOO,10% volume voordeel,2026-08-03,2999-12-31,,True,AH,https://www.ah.nl/producten/product/wi625824,2026-08-03,Blue Band Good start with calcium 4-pack,zuivel-eieren
594655,0,Arla Biologisch kefir naturel 2-pack,Arla,zuivel-eieren,"Zuivel, eieren","Probiotica, kefir, gut health drinks",4.54,4.78,5.0,5% volume voordeel,,,2 stuks,,True,AHOO,5% volume voordeel,2026-08-03,2999-12-31,,True,AH,https://www.ah.nl/producten/product/wi594655,2026-08-03,Arla Biologisch kefir naturel 2-pack,zuivel-eieren
570721,11072,Melkunie Breaker zero banaan yoghurt,Melkunie,zuivel-eieren,"Zuivel, eieren",Yoghurt tussendoortjes,1.69,1.69,,,,,200 g,prijs per kg €8.45,False,,,,,B,True,AH,https://www.ah.nl/producten/product/wi570721,2026-08-03,Melkunie Breaker zero banaan yoghurt,zuivel-eieren
604807,0,Melkunie Breaker zero banaan yoghurt 6-pack,Melkunie,zuivel-eieren,"Zuivel, eieren",Yoghurt tussendoortjes,9.13,10.14,10.0,10% volume voordeel,,,6 stuks,,True,AHOO,10% volume voordeel,2026-08-03,2999-12-31,,True,AH,https://www.ah.nl/producten/product/wi604807,2026-08-03,Melkunie Breaker zero banaan yoghurt 6-pack,zuivel-eieren
596890,45277,Dr. Oetker Just for me brownie mini cake,Dr. Oetker,bakkerij,Bakkerij,Cakemix,2.29,2.29,,,,,70 g,prijs per kg €32.71,False,,,,,D,True,AH,https://www.ah.nl/producten/product/wi596890,2026-08-03,Dr. Oetker Just for me brownie mini cake,bakkerij
606745,62805,Koopmans Kwarkcake appelkaneel,Koopmans,bakkerij,Bakkerij,Cakemix,2.69,2.69,,,,,400 g,prijs per kg €6.73,False,,,,,C,True,AH,https://www.ah.nl/producten/product/wi606745,2026-08-03,Koopmans Apple Cinnamon Cheesecake,bakkerij
32494,568325,AH Extra lang lekker zaans witte bol 10st,AH,bakkerij,Bakkerij,Verse bolletjes,1.99,1.99,,,,,10 stuks,,False,,,,,B,True,AH,https://www.ah.nl/producten/product/wi32494,2026-08-03,AH Extra lang lekker zaans witte bol 10st,bakkerij
523365,605868,AH Extra lang lekker tijger volkoren heel,AH,bakkerij,Bakkerij,Extra lang lekker en waldkorn volkoren,1.35,1.35,,,,,per stuk,,False,,,,,A,True,AH,https://www.ah.nl/producten/product/wi523365,2026-08-03,AH Extra lang lekker tijger volkoren heel,bakkerij
446412,707729,AH Tijger volkoren heel,AH,bakkerij,Bakkerij,Bakkersbrood volkoren,1.99,1.99,,,,,per stuk,prijs per kg €2.49,False,,,,,A,True,AH,https://www.ah.nl/producten/product/wi446412,2026-08-03,AH Tijger volkoren heel,bakkerij
606744,62803,Dr. Oetker Deco kit magic,Dr. Oetker,bakkerij,Bakkerij,Bakdecoratie,3.49,3.49,,,,,168 g,prijs per kg €20.77,False,,,,,E,True,AH,https://www.ah.nl/producten/product/wi606744,2026-08-03,Dr. Oetker Deco kit magic,bakkerij
569994,10623,AH Kaiserbroodjes,AH,bakkerij,Bakkerij,"Afbakbroodjes wit, mix",0.55,0.55,,,,,4 stuks,,False,,,,,,True,AH,https://www.ah.nl/producten/product/wi569994,2026-08-03,AH Kaiserbroodjes,bakkerij
487022,742362,AH Rond volkoren heel,AH,bakkerij,Bakkerij,Bakkersbrood volkoren,1.89,1.89,,,,,per stuk,,False,,,,,A,True,AH,https://www.ah.nl/producten/product/wi487022,2026-08-03,AH Rond volkoren heel,bakkerij
73,44858,AH Franse baguettes,AH,bakkerij,Bakkerij,Stokbrood en ciabatta,0.69,0.69,,,,,2 stuks,,False,,,,,C,True,AH,https://www.ah.nl/producten/product/wi73,2026-08-03,AH Franse baguettes,bakkerij
112339,507869,AH Extra lang lekker tijger bruin heel,AH,bakkerij,Bakkerij,Extra lang lekker bruin,1.35,1.35,,,,,per stuk,,False,,,,,B,True,AH,https://www.ah.nl/producten/product/wi112339,2026-08-03,AH Extra lang lekker tijger bruin heel,bakkerij
582990,25958,AH Extra lang lekker Zaans volkoren heel,AH,bakkerij,Bakkerij,Extra lang lekker en waldkorn volkoren,1.89,1.89,,,,,per stuk,,False,,,,,A,True,AH,https://www.ah.nl/producten/product/wi582990,2026-08-03,AH Extra lang lekker Zaans volkoren heel,bakkerij
582991,25959,AH Extra lang lekker Zaans volkoren half,AH,bakkerij,Bakkerij,Extra lang lekker en waldkorn volkoren,0.99,0.99,,,,,per stuk,,False,,,,,A,True,AH,https://www.ah.nl/producten/product/wi582991,2026-08-03,AH Extra lang lekker Zaans volkoren half,bakkerij
439816,703397,AH Extra lang lekker zaans volkoren bol 10s,AH,bakkerij,Bakkerij,Verse bolletjes,1.99,1.99,,,,,10 stuks,,False,,,,,A,True,AH,https://www.ah.nl/producten/product/wi439816,2026-08-03,AH Extra lang lekker zaans volkoren bol 10s,bakkerij
446406,707723,AH Les pains boulogne heel,AH,bakkerij,Bakkerij,Bakkersbrood volkoren,2.39,2.39,,,,,per stuk,prijs per kg €2.99,False,,,,,A,True,AH,https://www.ah.nl/producten/product/wi446406,2026-08-03,AH Les pains boulogne heel,bakkerij
589882,36313,AH Extra lang lekker volkoren heel,AH,bakkerij,Bakkerij,Extra lang lekker en waldkorn volkoren,0.99,0.99,,,,,per stuk,,False,,,,,A,True,AH,https://www.ah.nl/producten/product/wi589882,2026-08-03,AH Extra lang lekker volkoren heel,bakkerij
446408,707725,AH Les pains triomphe heel,AH,bakkerij,Bakkerij,Bakkersbrood wit,2.39,2.39,,,,,per stuk,prijs per kg €2.99,False,,,,,A,True,AH,https://www.ah.nl/producten/product/wi446408,2026-08-03,AH Les pains triomphe heel,bakkerij
562106,393,AH Tijger tarwe maïs heel,AH,bakkerij,Bakkerij,"Meergranen, maïsbrood",1.99,1.99,,,,,per stuk,,False,,,,,B,True,AH,https://www.ah.nl/producten/product/wi562106,2026-08-03,AH Tijger tarwe maïs heel,bakkerij
1625,32307,AH Beschuit volkoren,AH,bakkerij,Bakkerij,Beschuit,0.75,0.75,,,,,140 g,prijs per kg €5.36,False,,,,,A,True,AH,https://www.ah.nl/producten/product/wi1625,2026-08-03,AH Beschuit volkoren,bakkerij
497624,802613,AH Extra lang lekker mini rozijnenbollen,AH,bakkerij,Bakkerij,Krentenbollen en mueslibollen,1.99,1.99,,,,,9 stuks,,False,,,,,D,True,AH,https://www.ah.nl/producten/product/wi497624,2026-08-03,AH Extra lang lekker mini rozijnenbollen,bakkerij
582995,25963,AH Extra lang lekker zaans witte bollen 6st,AH,bakkerij,Bakkerij,Verse bolletjes,1.59,1.59,,,,,6 stuks,,False,,,,,B,True,AH,https://www.ah.nl/producten/product/wi582995,2026-08-03,AH Extra lang lekker zaans witte bollen 6st,bakkerij
199378,567787,AH Schnittbroodjes,AH,bakkerij,Bakkerij,"Afbakbroodjes wit, mix",0.99,0.99,,,,,300 g,prijs per kg €3.30,False,,,,,C,True,AH,https://www.ah.nl/producten/product/wi199378,2026-08-03,AH Schnittbroodjes,bakkerij
596719,45656,AH Extra lang lekker waldkorn volkoren heel,AH,bakkerij,Bakkerij,Extra lang lekker en waldkorn volkoren,2.59,2.59,,,,,per stuk,,False,,,,,A,True,AH,https://www.ah.nl/producten/product/wi596719,2026-08-03,AH Extra lang lekker waldkorn volkoren heel,bakkerij
446405,707722,AH Les pains bastille heel,AH,bakkerij,Bakkerij,Bakkersbrood volkoren,1.79,2.39,25.1,voor 1.79,1.79,,per stuk,normale prijs per kg €2.99,True,AH,VOOR 1.79,2026-08-03,2026-08-09,A,True,AH,https://www.ah.nl/producten/product/wi446405,2026-08-03,AH Les pains bastille heel,bakkerij
485689,740772,AH Les pains boulogne half,AH,bakkerij,Bakkerij,Bakkersbrood volkoren,1.29,1.29,,,,,per stuk,,False,,,,,A,True,AH,https://www.ah.nl/producten/product/wi485689,2026-08-03,AH Les pains boulogne half,bakkerij
523355,98969,AH Extra lang lekker tijger volkoren half,AH,bakkerij,Bakkerij,Extra lang lekker en waldkorn volkoren,0.75,0.75,,,,,per stuk,,False,,,,,A,True,AH,https://www.ah.nl/producten/product/wi523355,2026-08-03,AH Extra lang lekker tijger volkoren half,bakkerij
600958,51448,AH Biologisch Frans stokbrood wit,AH Biologisch,bakkerij,Bakkerij,"Afbakbroodjes wit, mix",1.39,1.39,,,,,per stuk,,False,,,,,C,True,AH,https://www.ah.nl/producten/product/wi600958,2026-08-03,AH Biologisch Frans stokbrood wit,bakkerij
2432,527935,LU Mini crackers olijfolie & oregano,LU,bakkerij,Bakkerij,Toast crackers,2.19,2.19,,,,,250 g,prijs per kg €8.76,False,,,,,E,True,AH,https://www.ah.nl/producten/product/wi2432,2026-08-03,LU Mini crackers olijfolie & oregano,bakkerij
387906,845205,Wasa Volkoren,Wasa,bakkerij,Bakkerij,Knackebrod,1.75,1.75,,,,,260 g,prijs per kg €6.73,False,,,,,A,True,AH,https://www.ah.nl/producten/product/wi387906,2026-08-03,Wasa Volkoren,bakkerij
569850,9269,AH Luxe kaiserbroodjes,AH,bakkerij,Bakkerij,"Afbakbroodjes wit, mix",0.99,0.99,,,,,4 stuks,,False,,,,,,True,AH,https://www.ah.nl/producten/product/wi569850,2026-08-03,AH Luxe kaiserbroodjes,bakkerij
53734,507897,AH Extra lang lekker tijger bruin half,AH,bakkerij,Bakkerij,Extra lang lekker bruin,0.75,0.75,,,,,per stuk,,False,,,,,B,True,AH,https://www.ah.nl/producten/product/wi53734,2026-08-03,AH Extra lang lekker tijger bruin half,bakkerij
498340,804202,AH Flatbread,AH,bakkerij,Bakkerij,"Pitabroodjes, flatbread, bao buns",2.29,2.29,,,,,210 g,prijs per kg €10.90,False,,,,,C,True,AH,https://www.ah.nl/producten/product/wi498340,2026-08-03,AH Flatbread,bakkerij
478210,731914,AH Luxe hamburger broodjes,AH,bakkerij,Bakkerij,Hamburgerbroodjes,1.99,1.99,,,,,4 stuks,,False,,,,,C,True,AH,https://www.ah.nl/producten/product/wi478210,2026-08-03,AH Luxe hamburger broodjes,bakkerij
600702,51446,AH Eiwitrijk flatbread,AH,bakkerij,Bakkerij,"Pitabroodjes, flatbread, bao buns",2.49,2.49,,,,,4 stuks,,False,,,,,B,True,AH,https://www.ah.nl/producten/product/wi600702,2026-08-03,AH Eiwitrijk flatbread,bakkerij
477554,730833,Bolletje Echte beschuit,Bolletje,bakkerij,Bakkerij,Beschuit,0.94,0.94,,,,,13 stuks,,False,,,,,B,True,AH,https://www.ah.nl/producten/product/wi477554,2026-08-03,Bolletje Echte beschuit,bakkerij
596720,45655,AH Extra lang lekker waldkorn volkoren half,AH,bakkerij,Bakkerij,Extra lang lekker en waldkorn volkoren,1.39,1.39,,,,,per stuk,,False,,,,,A,True,AH,https://www.ah.nl/producten/product/wi596720,2026-08-03,AH Extra lang lekker waldkorn volkoren half,bakkerij
200583,568369,AH Extra lang lekker rozijnen krentenbollen,AH,bakkerij,Bakkerij,Krentenbollen en mueslibollen,2.49,2.49,,,,,10 stuks,,False,,,,,C,True,AH,https://www.ah.nl/producten/product/wi200583,2026-08-03,AH Extra lang lekker rozijnen krentenbollen,bakkerij
598366,0,AH Luxe hamburger broodjes 3-pack,AH,bakkerij,Bakkerij,Hamburgerbroodjes,5.67,5.97,5.0,5% volume voordeel,,,3 stuks,,True,AHOO,5% volume voordeel,2026-08-03,2999-12-31,,True,AH,https://www.ah.nl/producten/product/wi598366,2026-08-03,AH Luxe hamburger broodjes 3-pack,bakkerij
611528,0,LU Mini crackers olijfolie & oregano 2-pack,LU,bakkerij,Bakkerij,Toast crackers,4.16,4.38,5.0,5% volume voordeel,,,2 stuks,,True,AHOO,5% volume voordeel,2026-08-03,2999-12-31,,True,AH,https://www.ah.nl/producten/product/wi611528,2026-08-03,LU Mini crackers olijfolie & oregano 2-pack,bakkerij
582994,25962,AH Extra lang lekker rozijnen krentenbollen,AH,bakkerij,Bakkerij,Krentenbollen en mueslibollen,1.49,1.49,,,,,6 stuks,,False,,,,,C,True,AH,https://www.ah.nl/producten/product/wi582994,2026-08-03,AH Extra lang lekker rozijnen krentenbollen,bakkerij
572388,0,LU Mini crackers olijfolie & oregano 3-pack,LU,bakkerij,Bakkerij,Toast crackers,5.91,6.57,10.0,10% volume voordeel,,,3 stuks,,True,AHOO,10% volume voordeel,2026-08-03,2999-12-31,,True,AH,https://www.ah.nl/producten/product/wi572388,2026-08-03,LU Mini crackers olijfolie & oregano 3-pack,bakkerij
31584,537010,AH Ciabatta,AH,bakkerij,Bakkerij,Stokbrood en ciabatta,0.89,0.89,,,,,250 g,prijs per kg €3.56,False,,,,,C,True,AH,https://www.ah.nl/producten/product/wi31584,2026-08-03,AH Ciabatta,bakkerij
232390,825234,AH Witte pistolets,AH,bakkerij,Bakkerij,"Afbakbroodjes wit, mix",1.59,1.59,,,,,4 stuks,,False,,,,,C,True,AH,https://www.ah.nl/producten/product/wi232390,2026-08-03,AH Witte pistolets,bakkerij
455672,68734,AH Knäckebröd volkoren,AH,bakkerij,Bakkerij,Knackebrod,1.29,1.29,,,,,375 g,prijs per kg €3.44,False,,,,,A,True,AH,https://www.ah.nl/producten/product/wi455672,2026-08-03,AH Knäckebröd volkoren,bakkerij
536153,594436,AH Biologisch Meergranen landbollen,AH Biologisch,bakkerij,Bakkerij,"Afbakbroodjes wit, mix",1.99,1.99,,,,,280 g,prijs per kg €7.11,False,,,,,C,True,AH,https://www.ah.nl/producten/product/wi536153,2026-08-03,AH Biologisch Meergranen landbollen,bakkerij
582996,25964,AH Extra lang lekker zaans volkoren bol 6st,AH,bakkerij,Bakkerij,Verse bolletjes,1.59,1.59,,,,,6 stuks,,False,,,,,A,True,AH,https://www.ah.nl/producten/product/wi582996,2026-08-03,AH Extra lang lekker zaans volkoren bol 6st,bakkerij
618803,0,AH Luxe hamburger broodjes 2-pack,AH,bakkerij,Bakkerij,Hamburgerbroodjes,3.86,3.98,3.0,3% volume voordeel,,,2 stuks,,True,AHOO,3% volume voordeel,2026-08-03,2999-12-31,,True,AH,https://www.ah.nl/producten/product/wi618803,2026-08-03,AH Luxe hamburger broodjes 2-pack,bakkerij
485691,740774,AH Tijger volkoren half,AH,bakkerij,Bakkerij,Bakkersbrood volkoren,1.09,1.09,,,,,per stuk,,False,,,,,A,True,AH,https://www.ah.nl/producten/product/wi485691,2026-08-03,AH Tijger volkoren half,bakkerij
50856,64307,AH Extra lang lekker casino wit half,AH,bakkerij,Bakkerij,Extra lang lekker wit,0.85,0.85,,,,,per stuk,,False,,,,,C,True,AH,https://www.ah.nl/producten/product/wi50856,2026-08-03,AH Extra lang lekker casino wit half,bakkerij
200582,568368,AH Extra lang lekker zaans bruine bol 10st,AH,bakkerij,Bakkerij,Verse bolletjes,1.99,1.99,,,,,10 stuks,,False,,,,,A,True,AH,https://www.ah.nl/producten/product/wi200582,2026-08-03,AH Extra lang lekker zaans bruine bol 10st,bakkerij
221858,815437,AH Pita broodjes,AH,bakkerij,Bakkerij,"Pitabroodjes, flatbread, bao buns",0.79,0.79,,,,,10 stuks,,False,,,,,C,True,AH,https://www.ah.nl/producten/product/wi221858,2026-08-03,AH Pita broodjes,bakkerij
562107,394,AH Tijger tarwe maïs half,AH,bakkerij,Bakkerij,"Meergranen, maïsbrood",1.09,1.09,,,,,per stuk,,False,,,,,B,True,AH,https://www.ah.nl/producten/product/wi562107,2026-08-03,AH Tijger tarwe maïs half,bakkerij
1628,44853,AH Roomboter croissants,AH,bakkerij,Bakkerij,Croissants,1.49,1.49,,,,,4 stuks,,False,,,,,E,True,AH,https://www.ah.nl/producten/product/wi1628,2026-08-03,AH Roomboter croissants,bakkerij
128919,534345,AH Brabantse eierkoeken,AH,bakkerij,Bakkerij,Eierkoeken,2.39,2.39,,,,,4 stuks,,False,,,,,D,True,AH,https://www.ah.nl/producten/product/wi128919,2026-08-03,AH Brabantse eierkoeken,bakkerij
590306,35888,AH Liefde & Passie Biologisch OerDesem blond gesneden,AH Liefde & Passie,bakkerij,Bakkerij,Desembrood wit,3.29,3.29,,,,,per stuk,,False,,,,,C,True,AH,https://www.ah.nl/producten/product/wi590306,2026-08-03,AH Liefde & Passie Biologisch OerDesem blond gesneden,bakkerij
485699,740782,AH Vloerbrood volkoren heel,AH,bakkerij,Bakkerij,Bakkersbrood volkoren,2.69,2.69,,,,,per stuk,,False,,,,,A,True,AH,https://www.ah.nl/producten/product/wi485699,2026-08-03,AH Vloerbrood volkoren heel,bakkerij
564552,2327,AH Hamburger broodjes,AH,bakkerij,Bakkerij,Hamburgerbroodjes,1.99,1.99,,,,,6 stuks,,False,,,,,C,True,AH,https://www.ah.nl/producten/product/wi564552,2026-08-03,AH Hamburger buns,bakkerij
478433,732148,AH Volkoren bollen,AH,bakkerij,Bakkerij,Afbakbroodjes volkoren,1.49,1.49,,,,,2 stuks,,False,,,,,A,True,AH,https://www.ah.nl/producten/product/wi478433,2026-08-03,AH Volkoren bollen,bakkerij
598350,0,AH Brabantse eierkoeken 3-pack,AH,bakkerij,Bakkerij,Eierkoeken,6.81,7.17,5.0,5% volume voordeel,,,3 stuks,,True,AHOO,5% volume voordeel,2026-08-03,2999-12-31,,True,AH,https://www.ah.nl/producten/product/wi598350,2026-08-03,AH Brabantse eierkoeken 3-pack,bakkerij
490856,745375,AH Liefde & Passie Spelt gesneden,AH Liefde & Passie,bakkerij,Bakkerij,Speltbrood,3.19,3.19,,,,,per stuk,,False,,,,,C,True,AH,https://www.ah.nl/producten/product/wi490856,2026-08-03,AH Liefde & Passie Spelt gesneden,bakkerij
598411,0,AH Liefde & Passie Spelt gesneden 4-pack,AH Liefde & Passie,bakkerij,Bakkerij,Speltbrood,10.21,12.76,20.0,20% volume voordeel,,,4 stuks,,True,AHOO,20% volume voordeel,2026-08-03,2999-12-31,,True,AH,https://www.ah.nl/producten/product/wi598411,2026-08-03,AH Liefde & Passie Spelt gesneden 4-pack,bakkerij
112336,64306,AH Extra lang lekker casino wit heel,AH,bakkerij,Bakkerij,Extra lang lekker wit,1.49,1.49,,,,,per stuk,,False,,,,,C,True,AH,https://www.ah.nl/producten/product/wi112336,2026-08-03,AH Extra lang lekker casino wit heel,bakkerij
62912,527938,LU Mini crackers naturel,LU,bakkerij,Bakkerij,Toast crackers,2.29,2.29,,,,,250 g,prijs per kg €9.16,False,,,,,D,True,AH,https://www.ah.nl/producten/product/wi62912,2026-08-03,LU Mini crackers naturel,bakkerij
617946,0,AH Brabantse eierkoeken 2-pack,AH,bakkerij,Bakkerij,Eierkoeken,4.64,4.78,3.0,3% volume voordeel,,,2 stuks,,True,AHOO,3% volume voordeel,2026-08-03,2999-12-31,,True,AH,https://www.ah.nl/producten/product/wi617946,2026-08-03,AH Brabantse eierkoeken 2-pack,bakkerij
446410,707727,AH Tijger wit heel,AH,bakkerij,Bakkerij,Bakkersbrood wit,1.99,1.99,,,,,per stuk,prijs per kg €2.49,False,,,,,C,True,AH,https://www.ah.nl/producten/product/wi446410,2026-08-03,AH Tijger wit heel,bakkerij
221857,815380,AH Witte pita's,AH,bakkerij,Bakkerij,"Pitabroodjes, flatbread, bao buns",0.89,0.89,,,,,5 stuks,,False,,,,,C,True,AH,https://www.ah.nl/producten/product/wi221857,2026-08-03,AH Witte pita's,bakkerij
36783,44370,AH Tarwebloem,AH,bakkerij,Bakkerij,Tarwebloem,0.85,0.85,,,,,1 kg,prijs per kg €0.85,False,,,,,A,True,AH,https://www.ah.nl/producten/product/wi36783,2026-08-03,AH Tarwebloem,bakkerij
442765,22731,Bolletje Volkoren beschuit,Bolletje,bakkerij,Bakkerij,Beschuit,1.09,1.09,,,,,13 stuks,,False,,,,,A,True,AH,https://www.ah.nl/producten/product/wi442765,2026-08-03,Bolletje Volkoren beschuit,bakkerij
617947,0,AH Brabantse eierkoeken 4-pack,AH,bakkerij,Bakkerij,Eierkoeken,8.6,9.56,10.0,10% volume voordeel,,,4 stuks,,True,AHOO,10% volume voordeel,2026-08-03,2999-12-31,,True,AH,https://www.ah.nl/producten/product/wi617947,2026-08-03,AH Brabantse eierkoeken 4-pack,bakkerij
200973,64318,AH Extra lang lekker tijger wit heel,AH,bakkerij,Bakkerij,Extra lang lekker wit,1.35,1.35,,,,,per stuk,,False,,,,,C,True,AH,https://www.ah.nl/producten/product/wi200973,2026-08-03,AH Extra lang lekker tijger wit heel,bakkerij
232389,825229,AH Bruine pistolets,AH,bakkerij,Bakkerij,Afbakbroodjes bruin,1.59,1.59,,,,,4 stuks,,False,,,,,B,True,AH,https://www.ah.nl/producten/product/wi232389,2026-08-03,AH Bruine pistolets,bakkerij
598358,0,AH Hamburger broodjes 3-pack,AH,bakkerij,Bakkerij,Hamburgerbroodjes,5.67,5.97,5.0,5% volume voordeel,,,3 stuks,,True,AHOO,5% volume voordeel,2026-08-03,2999-12-31,,True,AH,https://www.ah.nl/producten/product/wi598358,2026-08-03,AH Hamburger broodjes 3-pack,bakkerij
32655,509080,AH Mini crackers naturel,AH,bakkerij,Bakkerij,Toast crackers,1.49,1.49,,,,,250 g,prijs per kg €5.96,False,,,,,D,True,AH,https://www.ah.nl/producten/product/wi32655,2026-08-03,AH Mini crackers naturel,bakkerij
562110,397,AH Vloerbrood waldkorn,AH,bakkerij,Bakkerij,Bakkersbrood volkoren,2.69,2.69,,,,,per stuk,,False,,,,,A,True,AH,https://www.ah.nl/producten/product/wi562110,2026-08-03,AH Vloerbrood waldkorn,bakkerij
36136,64319,AH Extra lang lekker tijger wit half,AH,bakkerij,Bakkerij,Extra lang lekker wit,0.75,0.75,,,,,per stuk,,False,,,,,C,True,AH,https://www.ah.nl/producten/product/wi36136,2026-08-03,AH Extra lang lekker tijger wit half,bakkerij
187619,788657,Van Gilse Poedersuiker,Van Gilse,bakkerij,"Maaltijden, salades","Suiker, poedersuiker",1.09,1.09,,,,,250 g,prijs per kg €4.36,False,,,,,E,True,AH,https://www.ah.nl/producten/product/wi187619,2026-08-03,Van Gilse Poedersuiker,bakkerij
531314,746953,AH Biologisch Batard volkoren zonnepit gesneden,AH Biologisch,bakkerij,Bakkerij,Bakkersbrood volkoren,2.69,2.69,,,,,per stuk,,False,,,,,A,True,AH,https://www.ah.nl/producten/product/wi531314,2026-08-03,AH Biologisch Batard volkoren zonnepit gesneden,bakkerij
611526,0,LU Mini crackers naturel 2-pack,LU,bakkerij,Bakkerij,Toast crackers,4.35,4.58,5.0,5% volume voordeel,,,2 stuks,,True,AHOO,5% volume voordeel,2026-08-03,2999-12-31,,True,AH,https://www.ah.nl/producten/product/wi611526,2026-08-03,LU Mini crackers naturel 2-pack,bakkerij
459008,653888,AH Volkoren pita's,AH,bakkerij,Bakkerij,"Pitabroodjes, flatbread, bao buns",0.89,0.89,,,,,5 stuks,,False,,,,,A,True,AH,https://www.ah.nl/producten/product/wi459008,2026-08-03,AH Volkoren pita's,bakkerij
490859,745378,AH Liefde & Passie Spelt volkoren gesneden,AH Liefde & Passie,bakkerij,Bakkerij,Speltbrood,3.19,3.19,,,,,per stuk,,False,,,,,A,True,AH,https://www.ah.nl/producten/product/wi490859,2026-08-03,AH Liefde & Passie Spelt volkoren gesneden,bakkerij
598414,0,AH Liefde & Passie Spelt volkoren gesneden 2-pack,AH Liefde & Passie,bakkerij,Bakkerij,Speltbrood,5.74,6.38,10.0,10% volume voordeel,,,2 stuks,,True,AHOO,10% volume voordeel,2026-08-03,2999-12-31,,True,AH,https://www.ah.nl/producten/product/wi598414,2026-08-03,AH Liefde & Passie Spelt volkoren gesneden 2-pack,bakkerij
578277,21716,AH Bakkerspuntjes met roomboter,AH,bakkerij,Bakkerij,Verse bolletjes,2.89,2.89,,,,,6 stuks,,False,,,,,C,True,AH,https://www.ah.nl/producten/product/wi578277,2026-08-03,AH Bakkerspuntjes met roomboter,bakkerij
226137,820382,AH Turks brood,AH,bakkerij,Bakkerij,"Afbakbroodjes wit, mix",1.29,1.29,,,,,500 g,prijs per kg €2.58,False,,,,,C,True,AH,https://www.ah.nl/producten/product/wi226137,2026-08-03,AH Turks brood,bakkerij
459023,666586,AH Schnittbroodjes wit,AH,bakkerij,Bakkerij,"Afbakbroodjes wit, mix",1.99,1.99,,,,,10 stuks,,False,,,,,C,True,AH,https://www.ah.nl/producten/product/wi459023,2026-08-03,AH Schnittbroodjes wit,bakkerij
536152,796343,AH Biologisch Witte landbollen,AH Biologisch,bakkerij,Bakkerij,"Afbakbroodjes wit, mix",1.99,1.99,,,,,250 g,prijs per kg €7.96,False,,,,,C,True,AH,https://www.ah.nl/producten/product/wi536152,2026-08-03,AH Biologisch Witte landbollen,bakkerij
582989,25957,AH Extra lang lekker Zaans bruin half,AH,bakkerij,Bakkerij,Extra lang lekker bruin,0.99,0.99,,,,,per stuk,,False,,,,,A,True,AH,https://www.ah.nl/producten/product/wi582989,2026-08-03,AH Extra lang lekker Zaans bruin half,bakkerij
485703,740786,AH Les pains triomphe half,AH,bakkerij,Bakkerij,Bakkersbrood wit,1.29,1.29,,,,,per stuk,,False,,,,,A,True,AH,https://www.ah.nl/producten/product/wi485703,2026-08-03,AH Les pains triomphe half,bakkerij
416990,688372,AH Italiaanse bollen,AH,bakkerij,Bakkerij,"Afbakbroodjes wit, mix",0.99,0.99,,,,,2 stuks,,False,,,,,C,True,AH,https://www.ah.nl/producten/product/wi416990,2026-08-03,AH Italiaanse bollen,bakkerij
584737,0,LU Mini crackers naturel 3-pack,LU,bakkerij,Bakkerij,Toast crackers,6.18,6.87,10.0,10% volume voordeel,,,3 stuks,,True,AHOO,10% volume voordeel,2026-08-03,2999-12-31,,True,AH,https://www.ah.nl/producten/product/wi584737,2026-08-03,LU Mini crackers naturel 3-pack,bakkerij
136785,607322,AH Luchtige crackers naturel,AH,bakkerij,Bakkerij,Crackers,1.35,1.35,,,,,250 g,prijs per kg €5.40,False,,,,,A,True,AH,https://www.ah.nl/producten/product/wi136785,2026-08-03,"AH Light, natural crackers",bakkerij
620322,0,AH Hamburger broodjes 5-pack,AH,bakkerij,Bakkerij,Hamburgerbroodjes,8.95,9.95,10.0,10% volume voordeel,,,5 stuks,,True,AHOO,10% volume voordeel,2026-08-03,2999-12-31,,True,AH,https://www.ah.nl/producten/product/wi620322,2026-08-03,AH Hamburger broodjes 5-pack,bakkerij
620321,0,AH Hamburger broodjes 2-pack,AH,bakkerij,Bakkerij,Hamburgerbroodjes,3.86,3.98,3.0,3% volume voordeel,,,2 stuks,,True,AHOO,3% volume voordeel,2026-08-03,2999-12-31,,True,AH,https://www.ah.nl/producten/product/wi620321,2026-08-03,AH Hamburger broodjes 2-pack,bakkerij
611527,0,LU Mini crackers naturel 4-pack,LU,bakkerij,Bakkerij,Toast crackers,8.06,9.16,12.0,12% volume voordeel,,,4 stuks,,True,AHOO,12% volume voordeel,2026-08-03,2999-12-31,,True,AH,https://www.ah.nl/producten/product/wi611527,2026-08-03,LU Mini crackers naturel 4-pack,bakkerij
114389,547231,Liga Cracotte vezelrijk,Liga,bakkerij,Bakkerij,Crackers,2.19,2.19,,,,,250 g,prijs per kg €8.76,False,,,,,C,True,AH,https://www.ah.nl/producten/product/wi114389,2026-08-03,Liga Cracotte vezelrijk,bakkerij
589881,36312,AH Extra lang lekker bruin heel,AH,bakkerij,Bakkerij,Extra lang lekker bruin,0.99,0.99,,,,,per stuk,,False,,,,,B,True,AH,https://www.ah.nl/producten/product/wi589881,2026-08-03,AH Extra lang lekker bruin heel,bakkerij
396924,847928,AH Rozijnen zongedroogd,AH,bakkerij,Bakkerij,Rozijnen,3.89,3.89,,,,,750 g,prijs per kg €5.19,False,,,,,D,True,AH,https://www.ah.nl/producten/product/wi396924,2026-08-03,AH Rozijnen zongedroogd,bakkerij
458411,667620,AH Biologisch Robuust volkoren stokbrood,AH Biologisch,bakkerij,Bakkerij,Stokbrood en ciabatta,1.99,1.99,,,,,per stuk,,False,,,,,A,True,AH,https://www.ah.nl/producten/product/wi458411,2026-08-03,AH Biologisch Robuust volkoren stokbrood,bakkerij
387920,845281,Wasa Vezelrijk,Wasa,bakkerij,Bakkerij,Knackebrod,1.99,1.99,,,,,300 g,prijs per kg €6.63,False,,,,,A,True,AH,https://www.ah.nl/producten/product/wi387920,2026-08-03,Wasa Vezelrijk,bakkerij
498196,804776,AH Schnittbroodjes volkoren,AH,bakkerij,Bakkerij,Afbakbroodjes volkoren,1.99,1.99,,,,,10 stuks,,False,,,,,A,True,AH,https://www.ah.nl/producten/product/wi498196,2026-08-03,AH Schnittbroodjes volkoren,bakkerij
3453,11057,Koopmans Mix voor pannenkoeken origineel,Koopmans,bakkerij,Bakkerij,Pannenkoekenmix,1.09,1.09,,,,,400 g,prijs per kg €2.73,False,,,,,C,True,AH,https://www.ah.nl/producten/product/wi3453,2026-08-03,Koopmans Mix voor pannenkoeken origineel,bakkerij
191104,791656,AH Ciabattina's,AH,bakkerij,Bakkerij,"Afbakbroodjes wit, mix",1.29,1.29,,,,,2 stuks,,False,,,,,C,True,AH,https://www.ah.nl/producten/product/wi191104,2026-08-03,AH Ciabattina's,bakkerij
413082,856351,AH Biologisch Medjoul dadels,AH Biologisch,bakkerij,"Fruit, verse sappen",Vijgen en dadels,3.99,3.99,,,,,225 g,prijs per kg €17.73,False,,,,,C,True,AH,https://www.ah.nl/producten/product/wi413082,2026-08-03,AH Biologisch Medjoul dadels,bakkerij
199771,791478,AH Worstenbroodjes,AH,bakkerij,Bakkerij,Worstenbroodjes,1.89,1.89,,,,,4 stuks,,False,,,,,D,True,AH,https://www.ah.nl/producten/product/wi199771,2026-08-03,AH Worstenbroodjes,bakkerij
162512,88875,AH Croissants,AH,bakkerij,Bakkerij,Croissants,1.29,1.29,,,,,4 stuks,,False,,,,,E,True,AH,https://www.ah.nl/producten/product/wi162512,2026-08-03,AH Croissants,bakkerij
596722,45654,AH Extra lang lekker waldkorn authentic,AH,bakkerij,Bakkerij,Extra lang lekker en waldkorn volkoren,2.59,2.59,,,,,per stuk,,False,,,,,A,True,AH,https://www.ah.nl/producten/product/wi596722,2026-08-03,AH Extra lang lekker waldkorn authentic,bakkerij
187466,788646,AH Roomboter appeltaartje,AH,bakkerij,Bakkerij,Taart (vers),4.99,4.99,,,,,640 g,prijs per kg €7.80,False,,,,,D,True,AH,https://www.ah.nl/producten/product/wi187466,2026-08-03,AH Butter apple pie,bakkerij
115219,639215,AH Kampioentjes,AH,bakkerij,Bakkerij,Afbakbroodjes bruin,0.89,0.89,,,,,240 g,prijs per kg €3.71,False,,,,,A,True,AH,https://www.ah.nl/producten/product/wi115219,2026-08-03,AH Kampioentjes,bakkerij
471466,582091,AH Roomboter croissants,AH,bakkerij,Bakkerij,Diepvries croissants,3.39,3.39,,,,,4 stuks,,False,,,,,E,True,AH,https://www.ah.nl/producten/product/wi471466,2026-08-03,AH Roomboter croissants,bakkerij
572389,0,Liga Cracotte vezelrijk,Liga,bakkerij,Bakkerij,Crackers,6.24,6.57,5.0,5% volume voordeel,,,3 stuks,,True,AHOO,5% volume voordeel,2026-08-03,2999-12-31,,True,AH,https://www.ah.nl/producten/product/wi572389,2026-08-03,Liga Cracotte vezelrijk,bakkerij
582988,25956,AH Extra lang lekker Zaans bruin heel,AH,bakkerij,Bakkerij,Extra lang lekker bruin,1.89,1.89,,,,,per stuk,,False,,,,,A,True,AH,https://www.ah.nl/producten/product/wi582988,2026-08-03,AH Extra lang lekker Zaans bruin heel,bakkerij
524337,886940,AH Focaccia mozzarella,AH,bakkerij,Bakkerij,Focaccia,2.69,2.69,,,,,2 stuks,,False,,,,,D,True,AH,https://www.ah.nl/producten/product/wi524337,2026-08-03,AH Focaccia mozzarella,bakkerij
607679,0,AH Roomboter croissants 3-pack,AH,bakkerij,Bakkerij,Croissants,9.66,10.17,5.0,5% volume voordeel,,,3 stuks,,True,AHOO,5% volume voordeel,2026-08-03,2999-12-31,,True,AH,https://www.ah.nl/producten/product/wi607679,2026-08-03,AH Butter croissants 3-pack,bakkerij
35001,48703,Tuc Bacon,Tuc,borrel-chips-snacks,"Borrel, chips, snacks",Zoute sticks,1.39,1.39,,,,,100 g,prijs per kg €13.90,False,,,,,E,True,AH,https://www.ah.nl/producten/product/wi35001,2026-08-03,Tuc Bacon,borrel-chips-snacks
143673,81631,Tuc Tuc paprika,Tuc,borrel-chips-snacks,"Borrel, chips, snacks",Zoute sticks,1.35,1.35,,,,,100 g,prijs per kg €13.50,False,,,,,E,True,AH,https://www.ah.nl/producten/product/wi143673,2026-08-03,Tuc Tuc paprika,borrel-chips-snacks
217297,807589,AH Groene pesto,AH,borrel-chips-snacks,"Borrel, chips, snacks",Pesto (vers),1.9967,2.99,33.2,3 voor 5.99,5.99,3.0,90 g,normale prijs per kg €33.22,True,AH,3 VOOR 5.99,2026-08-03,2026-08-09,D,True,AH,https://www.ah.nl/producten/product/wi217297,2026-08-03,AH Groene pesto,borrel-chips-snacks
584983,28144,Lay's Mega box 20-pack,Lay's,borrel-chips-snacks,"Borrel, chips, snacks",Uitdeelzakjes chips,7.99,7.99,,,,,20 stuks,,False,,,,,D,True,AH,https://www.ah.nl/producten/product/wi584983,2026-08-03,Lay's Mega box 20-pack,borrel-chips-snacks
526381,29033,Lay's Naturel,Lay's,borrel-chips-snacks,"Borrel, chips, snacks",Naturel chips,2.19,2.19,,,,,200 g,prijs per kg €10.95,False,,,,,D,True,AH,https://www.ah.nl/producten/product/wi526381,2026-08-03,Lay's Naturel,borrel-chips-snacks
614362,0,Lay's Naturel 3-pack,Lay's,borrel-chips-snacks,"Borrel, chips, snacks",Naturel chips,5.91,6.57,10.0,10% volume voordeel,,,3 stuks,,True,AHOO,10% volume voordeel,2026-08-03,2999-12-31,,True,AH,https://www.ah.nl/producten/product/wi614362,2026-08-03,Lay's Naturel 3-pack,borrel-chips-snacks
526382,29857,Lay's Paprika,Lay's,borrel-chips-snacks,"Borrel, chips, snacks",Paprika chips,2.19,2.19,,,,,200 g,prijs per kg €10.95,False,,,,,C,True,AH,https://www.ah.nl/producten/product/wi526382,2026-08-03,Lay's Paprika,borrel-chips-snacks
614363,0,Lay's Paprika 3-pack,Lay's,borrel-chips-snacks,"Borrel, chips, snacks",Paprika chips,5.91,6.57,10.0,10% volume voordeel,,,3 stuks,,True,AHOO,10% volume voordeel,2026-08-03,2999-12-31,,True,AH,https://www.ah.nl/producten/product/wi614363,2026-08-03,Lay's Paprika 3-pack,borrel-chips-snacks
516968,44372,Lay's Max paprika,Lay's,borrel-chips-snacks,"Borrel, chips, snacks",Smaakvarianten chips,1.99,1.99,,,,,185 g,prijs per kg €10.76,False,,,,,D,True,AH,https://www.ah.nl/producten/product/wi516968,2026-08-03,Lay's Max paprika,borrel-chips-snacks
614356,0,Lay's Max paprika 2-pack,Lay's,borrel-chips-snacks,"Borrel, chips, snacks",Smaakvarianten chips,3.78,3.98,5.0,5% volume voordeel,,,2 stuks,,True,AHOO,5% volume voordeel,2026-08-03,2999-12-31,,True,AH,https://www.ah.nl/producten/product/wi614356,2026-08-03,Lay's Max paprika 2-pack,borrel-chips-snacks
526385,30920,Lay's Naturel value pack,Lay's,borrel-chips-snacks,"Borrel, chips, snacks",Naturel chips,2.245,2.69,16.5,2 voor 4.49,4.49,2.0,300 g,normale prijs per kg €8.97,True,AH,2 voor 4.49,2026-08-03,2026-08-09,D,True,AH,https://www.ah.nl/producten/product/wi526385,2026-08-03,Lay's Naturel value pack,borrel-chips-snacks
601035,0,Lay's Naturel value pack 2-pack,Lay's,borrel-chips-snacks,"Borrel, chips, snacks",Naturel chips,4.49,5.38,16.5,pakketkorting,,,2 stuks,,True,AHOO,,2026-08-03,2026-08-09,,True,AH,https://www.ah.nl/producten/product/wi601035,2026-08-03,Lay's Naturel value pack 2-pack,borrel-chips-snacks
526386,30923,Lay's Paprika flavour value pack,Lay's,borrel-chips-snacks,"Borrel, chips, snacks",Paprika chips,2.245,2.69,16.5,2 voor 4.49,4.49,2.0,300 g,normale prijs per kg €8.97,True,AH,2 voor 4.49,2026-08-03,2026-08-09,C,True,AH,https://www.ah.nl/producten/product/wi526386,2026-08-03,Lay's Paprika flavour value pack,borrel-chips-snacks
601036,0,Lay's Paprika flavour value pack 2-pack,Lay's,borrel-chips-snacks,"Borrel, chips, snacks",Paprika chips,4.49,5.38,16.5,pakketkorting,,,2 stuks,,True,AHOO,,2026-08-03,2026-08-09,,True,AH,https://www.ah.nl/producten/product/wi601036,2026-08-03,Lay's Paprika flavour value pack 2-pack,borrel-chips-snacks
229807,823390,Lay's Bugles nacho cheese,Lay's,borrel-chips-snacks,"Borrel, chips, snacks",Vormpjes chips,2.25,2.25,,,,,125 g,prijs per kg €18.00,False,,,,,D,True,AH,https://www.ah.nl/producten/product/wi229807,2026-08-03,Lay's Bugles nacho cheese,borrel-chips-snacks
614348,0,Lay's Bugles nacho cheese 3-pack,Lay's,borrel-chips-snacks,"Borrel, chips, snacks",Vormpjes chips,6.07,6.75,10.0,10% volume voordeel,,,3 stuks,,True,AHOO,10% volume voordeel,2026-08-03,2999-12-31,,True,AH,https://www.ah.nl/producten/product/wi614348,2026-08-03,Lay's Bugles nacho cheese 3-pack,borrel-chips-snacks
448457,47368,AH Chips naturel,AH,borrel-chips-snacks,"Borrel, chips, snacks",Naturel chips,0.95,0.95,,,,,250 g,prijs per kg €3.80,False,,,,,D,True,AH,https://www.ah.nl/producten/product/wi448457,2026-08-03,AH Chips naturel,borrel-chips-snacks
170655,760028,AH Groene pesto,AH,borrel-chips-snacks,"Borrel, chips, snacks",Pesto in pot,1.15,1.15,,,,,190 g,prijs per kg €6.05,False,,,,,D,True,AH,https://www.ah.nl/producten/product/wi170655,2026-08-03,AH Groene pesto,borrel-chips-snacks
516967,44369,Lay's Max naturel,Lay's,borrel-chips-snacks,"Borrel, chips, snacks",Smaakvarianten chips,1.99,1.99,,,,,185 g,prijs per kg €10.76,False,,,,,C,True,AH,https://www.ah.nl/producten/product/wi516967,2026-08-03,Lay's Max naturel,borrel-chips-snacks
614354,0,Lay's Max naturel 2-pack,Lay's,borrel-chips-snacks,"Borrel, chips, snacks",Smaakvarianten chips,3.78,3.98,5.0,5% volume voordeel,,,2 stuks,,True,AHOO,5% volume voordeel,2026-08-03,2999-12-31,,True,AH,https://www.ah.nl/producten/product/wi614354,2026-08-03,Lay's Max naturel 2-pack,borrel-chips-snacks
574349,15316,Lay's Max naturel,Lay's,borrel-chips-snacks,"Borrel, chips, snacks",Naturel chips,2.245,2.99,24.9,2 voor 4.49,4.49,2.0,275 g,normale prijs per kg €10.87,True,AH,2 voor 4.49,2026-08-03,2026-08-09,D,True,AH,https://www.ah.nl/producten/product/wi574349,2026-08-03,Lay's Max naturel,borrel-chips-snacks
614355,0,Lay's Max naturel 275 gr 2-pack,Lay's,borrel-chips-snacks,"Borrel, chips, snacks",Naturel chips,4.49,5.98,24.9,pakketkorting,,,2 stuks,,True,AHOO,,2026-08-03,2026-08-09,,True,AH,https://www.ah.nl/producten/product/wi614355,2026-08-03,Lay's Max naturel 275 gr 2-pack,borrel-chips-snacks
574596,15872,Lay's Max paprika,Lay's,borrel-chips-snacks,"Borrel, chips, snacks",Paprika chips,2.245,2.99,24.9,2 voor 4.49,4.49,2.0,275 g,normale prijs per kg €10.87,True,AH,2 voor 4.49,2026-08-03,2026-08-09,D,True,AH,https://www.ah.nl/producten/product/wi574596,2026-08-03,Lay's Max paprika,borrel-chips-snacks
614357,0,Lay's Max paprika 275 gr 2-pack,Lay's,borrel-chips-snacks,"Borrel, chips, snacks",Paprika chips,4.49,5.98,24.9,pakketkorting,,,2 stuks,,True,AHOO,,2026-08-03,2026-08-09,,True,AH,https://www.ah.nl/producten/product/wi614357,2026-08-03,Lay's Max paprika 275 gr 2-pack,borrel-chips-snacks
387615,845115,Cheetos Nibb-it sticks,Cheetos,borrel-chips-snacks,"Borrel, chips, snacks",Vormpjes chips,2.09,2.09,,,,,110 g,prijs per kg €19.00,False,,,,,D,True,AH,https://www.ah.nl/producten/product/wi387615,2026-08-03,Cheetos Nibb-it sticks,borrel-chips-snacks
448475,535486,AH Ribbelchips naturel,AH,borrel-chips-snacks,"Borrel, chips, snacks",Naturel chips,1.25,1.25,,,,,250 g,prijs per kg €5.00,False,,,,,D,True,AH,https://www.ah.nl/producten/product/wi448475,2026-08-03,AH Ribbelchips naturel,borrel-chips-snacks
448430,530412,Bolletje Zoute pepsels,Bolletje,borrel-chips-snacks,"Borrel, chips, snacks",Pretzels,1.29,1.29,,,,,180 g,prijs per kg €7.17,False,,,,,E,True,AH,https://www.ah.nl/producten/product/wi448430,2026-08-03,Bolletje Zoute pepsels,borrel-chips-snacks
562458,0,Philadelphia Zuivelspread naturel 2-pack,Philadelphia,borrel-chips-snacks,Kaas,Roomkaas,5.68,5.98,5.0,5% volume voordeel,,,2 stuks,,True,AHOO,5% volume voordeel,2026-08-03,2999-12-31,,True,AH,https://www.ah.nl/producten/product/wi562458,2026-08-03,Philadelphia Zuivelspread naturel 2-pack,borrel-chips-snacks
167333,643929,Lay's Sensations Thai sweet chilli,Lay's,borrel-chips-snacks,"Borrel, chips, snacks",Luxe chips,2.45,2.45,,,,,150 g,prijs per kg €16.33,False,,,,,C,True,AH,https://www.ah.nl/producten/product/wi167333,2026-08-03,Lay's Sensations Thai sweet chilli,borrel-chips-snacks
614367,0,Lay's Sensations Thai sweet chilli 2-pack,Lay's,borrel-chips-snacks,"Borrel, chips, snacks",Luxe chips,4.41,4.9,10.0,10% volume voordeel,,,2 stuks,,True,AHOO,10% volume voordeel,2026-08-03,2999-12-31,,True,AH,https://www.ah.nl/producten/product/wi614367,2026-08-03,Lay's Sensations Thai sweet chilli 2-pack,borrel-chips-snacks
196226,796801,Chio Heartbreakers classic,Chio,borrel-chips-snacks,"Borrel, chips, snacks",Naturel chips,1.99,1.99,,,,,125 g,prijs per kg €15.92,False,,,,,D,True,AH,https://www.ah.nl/producten/product/wi196226,2026-08-03,Chio Heartbreakers classic,borrel-chips-snacks
457644,628724,Lay's Oven baked roasted paprika,Lay's,borrel-chips-snacks,"Borrel, chips, snacks","Chips minder vet, zout",2.15,2.15,,,,,150 g,prijs per kg €14.33,False,,,,,C,True,AH,https://www.ah.nl/producten/product/wi457644,2026-08-03,Lay's Oven baked roasted paprika,borrel-chips-snacks
614372,0,Lay's Oven baked roasted paprika 2-pack,Lay's,borrel-chips-snacks,"Borrel, chips, snacks","Chips minder vet, zout",3.87,4.3,10.0,10% volume voordeel,,,2 stuks,,True,AHOO,10% volume voordeel,2026-08-03,2999-12-31,,True,AH,https://www.ah.nl/producten/product/wi614372,2026-08-03,Lay's Oven baked roasted paprika 2-pack,borrel-chips-snacks
586001,0,Chio Heartbreakers classic 3-pack,Chio,borrel-chips-snacks,"Borrel, chips, snacks",Naturel chips,5.37,5.97,10.0,10% volume voordeel,,,3 stuks,,True,AHOO,10% volume voordeel,2026-08-03,2999-12-31,,True,AH,https://www.ah.nl/producten/product/wi586001,2026-08-03,Chio Heartbreakers classic 3-pack,borrel-chips-snacks
612848,0,Chio Heartbreakers classic 4-pack,Chio,borrel-chips-snacks,"Borrel, chips, snacks",Naturel chips,6.77,7.96,15.0,15% volume voordeel,,,4 stuks,,True,AHOO,15% volume voordeel,2026-08-03,2999-12-31,,True,AH,https://www.ah.nl/producten/product/wi612848,2026-08-03,Chio Heartbreakers classic 4-pack,borrel-chips-snacks
613286,69747,AH Mozzarella light,AH,borrel-chips-snacks,Kaas,Mozzarella,0.99,0.99,,,,,200 g,prijs per kg €7.92,False,,,,,B,True,AH,https://www.ah.nl/producten/product/wi613286,2026-08-03,AH Mozzarella light,borrel-chips-snacks
611562,0,Philadelphia Philadelphia original 4-pack,Philadelphia,borrel-chips-snacks,Kaas,Roomkaas,11.12,11.96,7.0,7% volume voordeel,,,4 stuks,,True,AHOO,7% volume voordeel,2026-08-03,2999-12-31,,True,AH,https://www.ah.nl/producten/product/wi611562,2026-08-03,Philadelphia Philadelphia original 4-pack,borrel-chips-snacks
162764,631937,Philadelphia Knoflook & fijne kruiden,Philadelphia,borrel-chips-snacks,Kaas,Roomkaas,2.99,2.99,,,,,185 g,prijs per kg €16.16,False,,,,,D,True,AH,https://www.ah.nl/producten/product/wi162764,2026-08-03,Philadelphia Knoflook & fijne kruiden,borrel-chips-snacks
449006,708970,AH Tortilla chips naturel,AH,borrel-chips-snacks,"Borrel, chips, snacks",Tortilla chips,0.75,0.75,,,,,200 g,prijs per kg €3.75,False,,,,,C,True,AH,https://www.ah.nl/producten/product/wi449006,2026-08-03,AH Tortilla chips naturel,borrel-chips-snacks
3256,71092,Tuc Original,Tuc,borrel-chips-snacks,"Borrel, chips, snacks",Zoute sticks,1.05,1.05,,,,,100 g,prijs per kg €10.50,False,,,,,E,True,AH,https://www.ah.nl/producten/product/wi3256,2026-08-03,Tuc Original,borrel-chips-snacks
611565,0,Tuc Original 2-pack,Tuc,borrel-chips-snacks,"Borrel, chips, snacks",Zoute sticks,1.99,2.1,5.0,5% volume voordeel,,,2 stuks,,True,AHOO,5% volume voordeel,2026-08-03,2999-12-31,,True,AH,https://www.ah.nl/producten/product/wi611565,2026-08-03,Tuc Original 2-pack,borrel-chips-snacks
590122,0,Philadelphia Knoflook & Kruiden 2-pack,Philadelphia,borrel-chips-snacks,Kaas,Roomkaas,5.68,5.98,5.0,5% volume voordeel,,,2 stuks,,True,AHOO,5% volume voordeel,2026-08-03,2999-12-31,,True,AH,https://www.ah.nl/producten/product/wi590122,2026-08-03,Philadelphia Knoflook & Kruiden 2-pack,borrel-chips-snacks
233277,826097,Pringles Paprika,Pringles,borrel-chips-snacks,"Borrel, chips, snacks",Paprika chips,2.69,2.69,,,,,165 g,prijs per kg €16.30,False,,,,,D,True,AH,https://www.ah.nl/producten/product/wi233277,2026-08-03,Pringles Paprika,borrel-chips-snacks
477619,731093,Duyvis Borrelnootjes cocktail,Duyvis,borrel-chips-snacks,"Borrel, chips, snacks",Borrel noten,2.29,2.29,,,,,275 g,prijs per kg €8.33,False,,,,,D,True,AH,https://www.ah.nl/producten/product/wi477619,2026-08-03,Duyvis Borrelnootjes cocktail,borrel-chips-snacks
615547,0,Pringles Paprika 3-pack,Pringles,borrel-chips-snacks,"Borrel, chips, snacks",Paprika chips,7.67,8.07,5.0,5% volume voordeel,,,3 stuks,,True,AHOO,5% volume voordeel,2026-08-03,2999-12-31,,True,AH,https://www.ah.nl/producten/product/wi615547,2026-08-03,Pringles Paprika 3-pack,borrel-chips-snacks
615548,0,Pringles Paprika 5-pack,Pringles,borrel-chips-snacks,"Borrel, chips, snacks",Paprika chips,12.1,13.45,10.0,10% volume voordeel,,,5 stuks,,True,AHOO,10% volume voordeel,2026-08-03,2999-12-31,,True,AH,https://www.ah.nl/producten/product/wi615548,2026-08-03,Pringles Paprika 5-pack,borrel-chips-snacks
526750,26535,Jimmy's Popcorn sweet & salt,Jimmy's,borrel-chips-snacks,"Borrel, chips, snacks",Popcorn,1.99,1.99,,,,,100 g,prijs per kg €19.90,False,,,,,E,True,AH,https://www.ah.nl/producten/product/wi526750,2026-08-03,Jimmy's Popcorn sweet & salt,borrel-chips-snacks
613284,69733,AH Mozzarella mini,AH,borrel-chips-snacks,Kaas,Mozzarella,1.15,1.15,,,,,245 g,prijs per kg €9.20,False,,,,,C,True,AH,https://www.ah.nl/producten/product/wi613284,2026-08-03,AH Mozzarella mini,borrel-chips-snacks
193683,796807,Chio Pom-bär original,Chio,borrel-chips-snacks,"Borrel, chips, snacks",Naturel chips,1.79,1.79,,,,,90 g,prijs per kg €19.89,False,,,,,D,True,AH,https://www.ah.nl/producten/product/wi193683,2026-08-03,Chio Pom-bär original,borrel-chips-snacks
397907,848393,AH Terra Walnoten ongebrand,AH Terra,borrel-chips-snacks,"Borrel, chips, snacks",Walnoten,2.65,2.65,,,,,200 g,prijs per kg €13.25,False,,,,,A,True,AH,https://www.ah.nl/producten/product/wi397907,2026-08-03,AH Terra Walnoten ongebrand,borrel-chips-snacks
611560,0,Philadelphia Knoflook & fijne kruiden 4-pack,Philadelphia,borrel-chips-snacks,Kaas,Roomkaas,11.12,11.96,7.0,7% volume voordeel,,,4 stuks,,True,AHOO,7% volume voordeel,2026-08-03,2999-12-31,,True,AH,https://www.ah.nl/producten/product/wi611560,2026-08-03,Philadelphia Knoflook & fijne kruiden 4-pack,borrel-chips-snacks
506602,681701,Lay's Hamka's original,Lay's,borrel-chips-snacks,"Borrel, chips, snacks",Vormpjes chips,1.99,1.99,,,,,125 g,prijs per kg €15.92,False,,,,,D,True,AH,https://www.ah.nl/producten/product/wi506602,2026-08-03,Lay's Hamka's original,borrel-chips-snacks
46563,93905,AH Romige brie 60+,AH,borrel-chips-snacks,Kaas,Brie,2.89,2.89,,,,,200 g,prijs per kg €14.45,False,,,,,D,True,AH,https://www.ah.nl/producten/product/wi46563,2026-08-03,AH Romige brie 60+,borrel-chips-snacks
614330,0,Duyvis Borrelnootjes cocktail 2-pack,Duyvis,borrel-chips-snacks,"Borrel, chips, snacks",Borrel noten,4.12,4.58,10.0,10% volume voordeel,,,2 stuks,,True,AHOO,10% volume voordeel,2026-08-03,2999-12-31,,True,AH,https://www.ah.nl/producten/product/wi614330,2026-08-03,Duyvis Borrelnootjes cocktail 2-pack,borrel-chips-snacks
168583,634907,Galbani Mozzarella maxi,Galbani,borrel-chips-snacks,Kaas,Mozzarella,2.89,2.89,,,,,385 g,prijs per kg €14.45,False,,,,,C,True,AH,https://www.ah.nl/producten/product/wi168583,2026-08-03,Galbani Mozzarella maxi,borrel-chips-snacks
615564,0,Galbani Mozzarella maxi 2-pack,Galbani,borrel-chips-snacks,Kaas,Mozzarella,5.49,5.78,5.0,5% volume voordeel,,,2 stuks,,True,AHOO,5% volume voordeel,2026-08-03,2999-12-31,,True,AH,https://www.ah.nl/producten/product/wi615564,2026-08-03,Galbani Mozzarella maxi 2-pack,borrel-chips-snacks
586003,0,Chio Pom-bär original 3-pack,Chio,borrel-chips-snacks,"Borrel, chips, snacks",Naturel chips,4.83,5.37,10.0,10% volume voordeel,,,3 stuks,,True,AHOO,10% volume voordeel,2026-08-03,2999-12-31,,True,AH,https://www.ah.nl/producten/product/wi586003,2026-08-03,Chio Pom-bär original 3-pack,borrel-chips-snacks
602978,0,AH Romige brie 60+ 2-pack,AH,borrel-chips-snacks,Kaas,Brie,5.66,5.78,2.0,2% volume voordeel,,,2 stuks,,True,AHOO,2% volume voordeel,2026-08-03,2999-12-31,,True,AH,https://www.ah.nl/producten/product/wi602978,2026-08-03,AH Romige brie 60+ 2-pack,borrel-chips-snacks
57521,752272,Doritos Nacho cheese,Doritos,borrel-chips-snacks,"Borrel, chips, snacks",Tortilla chips,1.89,1.89,,,,,170 g,prijs per kg €11.12,False,,,,,C,True,AH,https://www.ah.nl/producten/product/wi57521,2026-08-03,Doritos Nacho cheese,borrel-chips-snacks
614327,0,Doritos Nacho cheese 3-pack,Doritos,borrel-chips-snacks,"Borrel, chips, snacks",Tortilla chips,5.1,5.67,10.0,10% volume voordeel,,,3 stuks,,True,AHOO,10% volume voordeel,2026-08-03,2999-12-31,,True,AH,https://www.ah.nl/producten/product/wi614327,2026-08-03,Doritos Nacho cheese 3-pack,borrel-chips-snacks
128265,794681,Croky Paprika,Croky,borrel-chips-snacks,"Borrel, chips, snacks",Paprika chips,2.39,2.39,,,,,200 g,prijs per kg €11.95,False,,,,,D,True,AH,https://www.ah.nl/producten/product/wi128265,2026-08-03,Croky Paprika,borrel-chips-snacks
614361,0,Lay's Mega box 40-pack,Lay's,borrel-chips-snacks,"Borrel, chips, snacks",Uitdeelzakjes chips,12.78,15.98,20.0,20% volume voordeel,,,2 stuks,,True,AHOO,20% volume voordeel,2026-08-03,2999-12-31,,True,AH,https://www.ah.nl/producten/product/wi614361,2026-08-03,Lay's Mega box 40-pack,borrel-chips-snacks
612855,0,Chio Pom-bär original 4-pack,Chio,borrel-chips-snacks,"Borrel, chips, snacks",Naturel chips,6.09,7.16,15.0,15% volume voordeel,,,4 stuks,,True,AHOO,15% volume voordeel,2026-08-03,2999-12-31,,True,AH,https://www.ah.nl/producten/product/wi612855,2026-08-03,Chio Pom-bär original 4-pack,borrel-chips-snacks
460618,713249,AH Terra Ongebrande notenmix,AH Terra,borrel-chips-snacks,"Borrel, chips, snacks",Notenmix,5.95,5.95,,,,,500 g,prijs per kg €11.90,False,,,,,,True,AH,https://www.ah.nl/producten/product/wi460618,2026-08-03,AH Terra Ongebrande notenmix,borrel-chips-snacks
213365,809026,Heks'nkaas Origineel,Heks'nkaas,borrel-chips-snacks,Kaas,Roomkaas,3.29,3.29,,,,,200 g,prijs per kg €16.45,False,,,,,D,True,AH,https://www.ah.nl/producten/product/wi213365,2026-08-03,Heks'nkaas Origineel,borrel-chips-snacks
614331,0,Duyvis Borrelnootjes cocktail 4-pack,Duyvis,borrel-chips-snacks,"Borrel, chips, snacks",Borrel noten,7.33,9.16,20.0,20% volume voordeel,,,4 stuks,,True,AHOO,20% volume voordeel,2026-08-03,2999-12-31,,True,AH,https://www.ah.nl/producten/product/wi614331,2026-08-03,Duyvis Borrelnootjes cocktail 4-pack,borrel-chips-snacks
170914,761798,AH Ei salade,AH,borrel-chips-snacks,"Borrel, chips, snacks",Eiersalades (beleg),1.59,1.59,,,,,300 g,prijs per kg €5.30,False,,,,,C,True,AH,https://www.ah.nl/producten/product/wi170914,2026-08-03,AH Ei salade,borrel-chips-snacks
193451,794126,Johma Kip-samba salade,Johma,borrel-chips-snacks,"Borrel, chips, snacks",Kipsalades (beleg),3.19,3.19,,,,,175 g,prijs per kg €18.23,False,,,,,D,True,AH,https://www.ah.nl/producten/product/wi193451,2026-08-03,Johma Chicken samba salad,borrel-chips-snacks
384176,842513,Philadelphia Light,Philadelphia,borrel-chips-snacks,Kaas,Roomkaas,2.99,2.99,,,,,200 g,prijs per kg €14.95,False,,,,,C,True,AH,https://www.ah.nl/producten/product/wi384176,2026-08-03,Philadelphia Light,borrel-chips-snacks
598377,0,AH Pestosaus groen 2-pack,AH,borrel-chips-snacks,"Borrel, chips, snacks",Pesto (vers),4.78,4.98,4.0,4% volume voordeel,,,2 stuks,,True,AHOO,4% volume voordeel,2026-08-03,2999-12-31,,True,AH,https://www.ah.nl/producten/product/wi598377,2026-08-03,AH Pestosaus groen 2-pack,borrel-chips-snacks
128264,794680,Croky Bolognese,Croky,borrel-chips-snacks,"Borrel, chips, snacks",Smaakvarianten chips,2.19,2.19,,,,,200 g,prijs per kg €10.95,False,,,,,D,True,AH,https://www.ah.nl/producten/product/wi128264,2026-08-03,Croky Bolognese,borrel-chips-snacks
457645,628977,Lay's Oven baked naturel,Lay's,borrel-chips-snacks,"Borrel, chips, snacks","Chips minder vet, zout",2.15,2.15,,,,,150 g,prijs per kg €14.33,False,,,,,C,True,AH,https://www.ah.nl/producten/product/wi457645,2026-08-03,Lay's Oven baked naturel,borrel-chips-snacks
614371,0,Lay's Oven baked naturel 2-pack,Lay's,borrel-chips-snacks,"Borrel, chips, snacks","Chips minder vet, zout",3.87,4.3,10.0,10% volume voordeel,,,2 stuks,,True,AHOO,10% volume voordeel,2026-08-03,2999-12-31,,True,AH,https://www.ah.nl/producten/product/wi614371,2026-08-03,Lay's Oven baked naturel 2-pack,borrel-chips-snacks
436453,58647,Doritos Nacho cheese,Doritos,borrel-chips-snacks,"Borrel, chips, snacks",Tortilla chips,2.245,2.79,19.5,2 voor 4.49,4.49,2.0,272 g,normale prijs per kg €10.26,True,AH,2 voor 4.49,2026-08-03,2026-08-09,C,True,AH,https://www.ah.nl/producten/product/wi436453,2026-08-03,Doritos Nacho cheese,borrel-chips-snacks
600438,0,Doritos Nacho cheese 2-pack,Doritos,borrel-chips-snacks,"Borrel, chips, snacks",Tortilla chips,4.49,5.58,19.5,pakketkorting,,,2 stuks,,True,AHOO,,2026-08-03,2026-08-09,,True,AH,https://www.ah.nl/producten/product/wi600438,2026-08-03,Doritos Nacho cheese 2-pack,borrel-chips-snacks
233276,826096,Pringles Original,Pringles,borrel-chips-snacks,"Borrel, chips, snacks",Naturel chips,2.69,2.69,,,,,165 g,prijs per kg €16.30,False,,,,,D,True,AH,https://www.ah.nl/producten/product/wi233276,2026-08-03,Pringles Original,borrel-chips-snacks
257,71405,AH Kruiden roomkaas,AH,borrel-chips-snacks,Kaas,Roomkaas,1.09,1.09,,,,,125 g,prijs per kg €8.72,False,,,,,E,True,AH,https://www.ah.nl/producten/product/wi257,2026-08-03,AH Kruiden roomkaas,borrel-chips-snacks
230456,806500,AH Scrocchi zeezout,AH,borrel-chips-snacks,"Borrel, chips, snacks",Luxe toast,2.0,2.19,8.7,2 voor 4.00,4.0,2.0,200 g,normale prijs per kg €10.95,True,AH,2 voor 4.00,2026-08-03,2026-08-09,D,True,AH,https://www.ah.nl/producten/product/wi230456,2026-08-03,AH Scrocchi zeezout,borrel-chips-snacks
486707,741558,De Zaanse Hoeve Jong belegen 48+ blokjes,De Zaanse Hoeve,borrel-chips-snacks,Kaas,Kaasblokjes,2.69,2.69,,,,,250 g,prijs per kg €10.76,False,,,,,D,True,AH,https://www.ah.nl/producten/product/wi486707,2026-08-03,De Zaanse Hoeve Jong belegen 48+ blokjes,borrel-chips-snacks
615545,0,Pringles Original 3-pack,Pringles,borrel-chips-snacks,"Borrel, chips, snacks",Naturel chips,7.67,8.07,5.0,5% volume voordeel,,,3 stuks,,True,AHOO,5% volume voordeel,2026-08-03,2999-12-31,,True,AH,https://www.ah.nl/producten/product/wi615545,2026-08-03,Pringles Original 3-pack,borrel-chips-snacks
605034,59610,AH Excellent Forel salade,AH Excellent,borrel-chips-snacks,Vis,Vissalades (beleg),1.9967,3.39,41.1,3 voor 5.99,5.99,3.0,125 g,normale prijs per kg €27.12,True,AH,3 VOOR 5.99,2026-08-03,2026-08-09,D,True,AH,https://www.ah.nl/producten/product/wi605034,2026-08-03,AH Excellent Forel salade,borrel-chips-snacks
622347,0,AH Excellent Forel salade 2-pack,AH Excellent,borrel-chips-snacks,Vis,Vissalades (beleg),6.58,6.78,3.0,3% volume voordeel,,,2 stuks,,True,AH,3% volume voordeel,,,,True,AH,https://www.ah.nl/producten/product/wi622347,2026-08-03,AH Excellent Trout salad 2-pack,borrel-chips-snacks
622348,0,AH Excellent Forel salade 3-pack,AH Excellent,borrel-chips-snacks,Vis,Vissalades (beleg),5.99,10.17,41.1,pakketkorting,,,3 stuks,,True,AHOO,,2026-08-03,2026-08-09,,True,AH,https://www.ah.nl/producten/product/wi622348,2026-08-03,AH Excellent Forel salade 3-pack,borrel-chips-snacks
622349,0,AH Excellent Forel salade 4-pack,AH Excellent,borrel-chips-snacks,Vis,Vissalades (beleg),9.38,13.56,30.8,pakketkorting,,,4 stuks,,True,AHOO,,2026-08-03,2026-08-09,,True,AH,https://www.ah.nl/producten/product/wi622349,2026-08-03,AH Excellent Forel salade 4-pack,borrel-chips-snacks
600581,0,Philadelphia Light Zuivelspread 2-pack,Philadelphia,borrel-chips-snacks,Kaas,Roomkaas,5.68,5.98,5.0,5% volume voordeel,,,2 stuks,,True,AHOO,5% volume voordeel,2026-08-03,2999-12-31,,True,AH,https://www.ah.nl/producten/product/wi600581,2026-08-03,Philadelphia Light Zuivelspread 2-pack,borrel-chips-snacks
615546,0,Pringles Original 5-pack,Pringles,borrel-chips-snacks,"Borrel, chips, snacks",Naturel chips,12.1,13.45,10.0,10% volume voordeel,,,5 stuks,,True,AHOO,10% volume voordeel,2026-08-03,2999-12-31,,True,AH,https://www.ah.nl/producten/product/wi615546,2026-08-03,Pringles Original 5-pack,borrel-chips-snacks
187874,783891,AH Zoute popcorn,AH,borrel-chips-snacks,"Borrel, chips, snacks",Popcorn,0.89,0.89,,,,,100 g,prijs per kg €8.90,False,,,,,C,True,AH,https://www.ah.nl/producten/product/wi187874,2026-08-03,AH Zoute popcorn,borrel-chips-snacks
618228,0,AH Romige brie 60+ 3-pack,AH,borrel-chips-snacks,Kaas,Brie,8.06,8.67,7.0,7% volume voordeel,,,3 stuks,,True,AHOO,7% volume voordeel,2026-08-03,2999-12-31,,True,AH,https://www.ah.nl/producten/product/wi618228,2026-08-03,AH Creamy brie 60+ 3-pack,borrel-chips-snacks
618229,0,AH Romige brie 60+ 4-pack,AH,borrel-chips-snacks,Kaas,Brie,10.4,11.56,10.0,10% volume voordeel,,,4 stuks,,True,AHOO,10% volume voordeel,2026-08-03,2999-12-31,,True,AH,https://www.ah.nl/producten/product/wi618229,2026-08-03,AH Romige brie 60+ 4-pack,borrel-chips-snacks
478021,731521,AH Franse roombrie 60+,AH,borrel-chips-snacks,Kaas,Brie,2.0,2.75,27.3,3 voor 6.00,6.0,3.0,155 g,normale prijs per kg €17.74,True,AH,3 voor 6.00,2026-08-03,2026-08-09,D,True,AH,https://www.ah.nl/producten/product/wi478021,2026-08-03,AH Franse roombrie 60+,borrel-chips-snacks
477621,731095,Duyvis Borrelnootjes provencale,Duyvis,borrel-chips-snacks,"Borrel, chips, snacks",Borrel noten,2.29,2.29,,,,,275 g,prijs per kg €8.33,False,,,,,D,True,AH,https://www.ah.nl/producten/product/wi477621,2026-08-03,Duyvis Borrelnootjes provencale,borrel-chips-snacks
611561,0,Philadelphia Light 3-pack,Philadelphia,borrel-chips-snacks,Kaas,Roomkaas,8.34,8.97,7.0,7% volume voordeel,,,3 stuks,,True,AHOO,7% volume voordeel,2026-08-03,2999-12-31,,True,AH,https://www.ah.nl/producten/product/wi611561,2026-08-03,Philadelphia Light 3-pack,borrel-chips-snacks
203226,797335,Bieze Rauwkost coleslaw,Bieze,borrel-chips-snacks,"Maaltijden, salades",Rauwkostsalade,1.99,1.99,,,,,250 g,prijs per kg €7.96,False,,,,,C,True,AH,https://www.ah.nl/producten/product/wi203226,2026-08-03,Bieze Rauwkost coleslaw,borrel-chips-snacks
211716,804942,Johma Ei salade,Johma,borrel-chips-snacks,"Borrel, chips, snacks",Eiersalades (beleg),3.19,3.19,,,,,175 g,prijs per kg €18.23,False,,,,,D,True,AH,https://www.ah.nl/producten/product/wi211716,2026-08-03,Johma Ei salade,borrel-chips-snacks
183248,754812,AH Geroosterde pijnboompitten,AH,borrel-chips-snacks,"Borrel, chips, snacks",Pijnboompitten,1.99,1.99,,,,,30 g,prijs per kg €66.33,False,,,,,B,True,AH,https://www.ah.nl/producten/product/wi183248,2026-08-03,AH Geroosterde pijnboompitten,borrel-chips-snacks
614338,0,Duyvis Borrelnootjes provencale 2-pack,Duyvis,borrel-chips-snacks,"Borrel, chips, snacks",Borrel noten,4.12,4.58,10.0,10% volume voordeel,,,2 stuks,,True,AHOO,10% volume voordeel,2026-08-03,2999-12-31,,True,AH,https://www.ah.nl/producten/product/wi614338,2026-08-03,Duyvis Borrelnootjes provencale 2-pack,borrel-chips-snacks
480505,734853,AH Borreltoast zeezout,AH,borrel-chips-snacks,"Borrel, chips, snacks",Luxe toast,2.0,2.39,16.3,2 voor 4.00,4.0,2.0,125 g,normale prijs per kg €19.12,True,AH,2 voor 4.00,2026-08-03,2026-08-09,D,True,AH,https://www.ah.nl/producten/product/wi480505,2026-08-03,AH Borreltoast zeezout,borrel-chips-snacks
462684,715084,AH Italiaanse mozzarella di bufala campana,AH,borrel-chips-snacks,Kaas,Mozzarella,1.95,1.95,,,,,260 g,prijs per kg €15.60,False,,,,,D,True,AH,https://www.ah.nl/producten/product/wi462684,2026-08-03,AH Italiaanse mozzarella di bufala campana,borrel-chips-snacks
604890,58644,AH Eiersalade bieslook,AH,borrel-chips-snacks,"Borrel, chips, snacks",Eiersalades (beleg),1.9967,2.29,12.8,3 voor 5.99,5.99,3.0,150 g,normale prijs per kg €15.27,True,AH,3 VOOR 5.99,2026-08-03,2026-08-09,D,True,AH,https://www.ah.nl/producten/product/wi604890,2026-08-03,AH Eiersalade bieslook,borrel-chips-snacks
575897,17602,AH Mini burratine,AH,borrel-chips-snacks,Kaas,Burrata,2.99,2.99,,,,,420 g,,False,,,,,D,True,AH,https://www.ah.nl/producten/product/wi575897,2026-08-03,AH Mini burratine,borrel-chips-snacks
622465,0,AH Eiersalade bieslook 2-pack,AH,borrel-chips-snacks,"Borrel, chips, snacks",Eiersalades (beleg),4.44,4.58,3.0,3% volume voordeel,,,2 stuks,,True,AH,3% volume voordeel,,,,True,AH,https://www.ah.nl/producten/product/wi622465,2026-08-03,AH Eiersalade bieslook 2-pack,borrel-chips-snacks
582886,25485,AH Ongezouten cashewnoten,AH,borrel-chips-snacks,"Borrel, chips, snacks",Cashewnoten,2.75,2.75,,,,,250 g,prijs per kg €11.00,False,,,,,B,True,AH,https://www.ah.nl/producten/product/wi582886,2026-08-03,AH Ongezouten cashewnoten,borrel-chips-snacks
585152,29790,AH Gyoza kip,AH,borrel-chips-snacks,Diepvries,Borrelmix (oven),2.99,2.99,,,,,240 g,prijs per kg €12.46,False,,,,,C,True,AH,https://www.ah.nl/producten/product/wi585152,2026-08-03,AH Gyoza kip,borrel-chips-snacks
613281,69647,Lay's Bugles nacho cheese,Lay's,borrel-chips-snacks,"Borrel, chips, snacks",Vormpjes chips,2.245,2.89,22.3,2 voor 4.49,4.49,2.0,170 g,normale prijs per kg €17.00,True,AH,2 voor 4.49,2026-08-03,2026-08-09,D,True,AH,https://www.ah.nl/producten/product/wi613281,2026-08-03,Lay's Bugles nacho cheese,borrel-chips-snacks
622466,0,AH Eiersalade bieslook 3-pack,AH,borrel-chips-snacks,"Borrel, chips, snacks",Eiersalades (beleg),5.99,6.87,12.8,pakketkorting,,,3 stuks,,True,AHOO,,2026-08-03,2026-08-09,,True,AH,https://www.ah.nl/producten/product/wi622466,2026-08-03,AH Eiersalade bieslook 3-pack,borrel-chips-snacks
622467,0,AH Eiersalade bieslook 4-pack,AH,borrel-chips-snacks,"Borrel, chips, snacks",Eiersalades (beleg),8.28,9.16,9.6,pakketkorting,,,4 stuks,,True,AHOO,,2026-08-03,2026-08-09,,True,AH,https://www.ah.nl/producten/product/wi622467,2026-08-03,AH Egg salad chives 4-pack,borrel-chips-snacks
217296,807587,AH Pestospread,AH,borrel-chips-snacks,"Borrel, chips, snacks",Pesto (vers),1.9967,2.19,8.8,3 voor 5.99,5.99,3.0,80 g,normale prijs per kg €27.38,True,AH,3 VOOR 5.99,2026-08-03,2026-08-09,E,True,AH,https://www.ah.nl/producten/product/wi217296,2026-08-03,AH Pestospread,borrel-chips-snacks
602582,0,AH Pestospread 2-pack,AH,borrel-chips-snacks,"Borrel, chips, snacks",Pesto (vers),4.25,4.38,3.0,3% volume voordeel,,,2 stuks,,True,AH,3% volume voordeel,,,,True,AH,https://www.ah.nl/producten/product/wi602582,2026-08-03,AH Pestospread 2-pack,borrel-chips-snacks
124409,752273,Doritos Sweet chilli pepper,Doritos,borrel-chips-snacks,"Borrel, chips, snacks",Tortilla chips,2.19,2.19,,,,,170 g,prijs per kg €12.88,False,,,,,C,True,AH,https://www.ah.nl/producten/product/wi124409,2026-08-03,Doritos Sweet chilli pepper,borrel-chips-snacks
614339,0,Duyvis Borrelnootjes provencale 4-pack,Duyvis,borrel-chips-snacks,"Borrel, chips, snacks",Borrel noten,7.33,9.16,20.0,20% volume voordeel,,,4 stuks,,True,AHOO,20% volume voordeel,2026-08-03,2999-12-31,,True,AH,https://www.ah.nl/producten/product/wi614339,2026-08-03,Duyvis Borrelnootjes provencale 4-pack,borrel-chips-snacks
467589,719260,AH Gezouten pinda's,AH,borrel-chips-snacks,"Borrel, chips, snacks",Pinda's,1.15,1.15,,,,,500 g,prijs per kg €2.30,False,,,,,A,True,AH,https://www.ah.nl/producten/product/wi467589,2026-08-03,AH Gezouten pinda's,borrel-chips-snacks
211718,804944,Johma Tonijnsalade,Johma,borrel-chips-snacks,Vis,Vissalades (beleg),3.45,3.45,,,,,175 g,prijs per kg €19.71,False,,,,,D,True,AH,https://www.ah.nl/producten/product/wi211718,2026-08-03,Johma Tonijnsalade,borrel-chips-snacks
397901,848387,AH Terra Ongebrande pecannoten,AH Terra,borrel-chips-snacks,"Borrel, chips, snacks",Pecannoten,4.39,4.39,,,,,200 g,prijs per kg €21.95,False,,,,,B,True,AH,https://www.ah.nl/producten/product/wi397901,2026-08-03,AH Terra Ongebrande pecannoten,borrel-chips-snacks
620664,0,AH Mini burratine 2-pack,AH,borrel-chips-snacks,Kaas,Burrata,5.86,5.98,2.0,2% volume voordeel,,,2 stuks,,True,AHOO,2% volume voordeel,2026-08-03,2999-12-31,,True,AH,https://www.ah.nl/producten/product/wi620664,2026-08-03,AH Mini burratine 2-pack,borrel-chips-snacks
442595,26703,Doritos Sweet chilli pepper,Doritos,borrel-chips-snacks,"Borrel, chips, snacks",Tortilla chips,2.245,2.99,24.9,2 voor 4.49,4.49,2.0,272 g,normale prijs per kg €10.99,True,AH,2 voor 4.49,2026-08-03,2026-08-09,C,True,AH,https://www.ah.nl/producten/product/wi442595,2026-08-03,Doritos Sweet chilli pepper,borrel-chips-snacks
575924,17605,Président Extra smeuige brie,Président,borrel-chips-snacks,Kaas,Brie,3.49,3.49,,,,,200 g,prijs per kg €17.45,False,,,,,D,True,AH,https://www.ah.nl/producten/product/wi575924,2026-08-03,Président Extra smeuige brie,borrel-chips-snacks
457430,73187,Lay's Wokkels paprika,Lay's,borrel-chips-snacks,"Borrel, chips, snacks",Vormpjes chips,2.29,2.29,,,,,100 g,prijs per kg €22.90,False,,,,,D,True,AH,https://www.ah.nl/producten/product/wi457430,2026-08-03,Lay's Wokkels paprika,borrel-chips-snacks
620666,0,AH Mini burratine 4-pack,AH,borrel-chips-snacks,Kaas,Burrata,11.0,11.96,8.0,8% volume voordeel,,,4 stuks,,True,AHOO,8% volume voordeel,2026-08-03,2999-12-31,,True,AH,https://www.ah.nl/producten/product/wi620666,2026-08-03,AH Mini burratine 4-pack,borrel-chips-snacks
605074,59479,AH Spaanse fuet,AH,borrel-chips-snacks,"Borrel, chips, snacks",Borrel vleeswaren,1.9967,2.59,22.9,3 voor 5.99,5.99,3.0,70 g,normale prijs per kg €37.00,True,AH,3 VOOR 5.99,2026-08-03,2026-08-09,E,True,AH,https://www.ah.nl/producten/product/wi605074,2026-08-03,AH Spaanse fuet,borrel-chips-snacks
413068,856298,Chio Heartbreakers paprika,Chio,borrel-chips-snacks,"Borrel, chips, snacks",Vormpjes chips,1.99,1.99,,,,,125 g,prijs per kg €15.92,False,,,,,D,True,AH,https://www.ah.nl/producten/product/wi413068,2026-08-03,Chio Heartbreakers paprika,borrel-chips-snacks
586002,0,Chio Heartbreakers paprika 3-pack,Chio,borrel-chips-snacks,"Borrel, chips, snacks",Vormpjes chips,5.37,5.97,10.0,10% volume voordeel,,,3 stuks,,True,AHOO,10% volume voordeel,2026-08-03,2999-12-31,,True,AH,https://www.ah.nl/producten/product/wi586002,2026-08-03,Chio Heartbreakers paprika 3-pack,borrel-chips-snacks
164269,635577,Bolletje Pinda pepsels,Bolletje,borrel-chips-snacks,"Borrel, chips, snacks",Pretzels,1.35,1.35,,,,,115 g,prijs per kg €11.74,False,,,,,E,True,AH,https://www.ah.nl/producten/product/wi164269,2026-08-03,Bolletje Pinda pepsels,borrel-chips-snacks
620665,0,AH Mini burratine 3-pack,AH,borrel-chips-snacks,Kaas,Burrata,8.52,8.97,5.0,5% volume voordeel,,,3 stuks,,True,AHOO,5% volume voordeel,2026-08-03,2999-12-31,,True,AH,https://www.ah.nl/producten/product/wi620665,2026-08-03,AH Mini burratine 3-pack,borrel-chips-snacks
420327,692058,AH Oven kroket,AH,borrel-chips-snacks,Diepvries,Kroket (oven),2.39,2.39,,,,,320 g,prijs per kg €7.47,False,,,,,D,True,AH,https://www.ah.nl/producten/product/wi420327,2026-08-03,AH Oven kroket,borrel-chips-snacks
582864,25443,AH Tortilla volkoren wraps medium,AH,pasta-rijst-wereldkeuken,"Pasta, rijst, wereldkeuken","Taco, tortilla, wrap, burrito",0.95,0.95,,,,,320 g,prijs per kg €2.97,False,,,,,A,True,AH,https://www.ah.nl/producten/product/wi582864,2026-08-03,AH Tortilla volkoren wraps medium,pasta-rijst-wereldkeuken
2226,80364,AH Tomatenpuree,AH,pasta-rijst-wereldkeuken,"Pasta, rijst, wereldkeuken",Tomatenpuree,0.49,0.49,,,,,70 g,prijs per kg €7.00,False,,,,,A,True,AH,https://www.ah.nl/producten/product/wi2226,2026-08-03,AH Tomatenpuree,pasta-rijst-wereldkeuken
481844,736631,AH Tomaten passata gezeefd,AH,pasta-rijst-wereldkeuken,"Pasta, rijst, wereldkeuken","Gezeefde tomaten, frito, passata",0.75,0.75,,,,,500 g,prijs per kg €1.50,False,,,,,A,True,AH,https://www.ah.nl/producten/product/wi481844,2026-08-03,AH Tomaten passata gezeefd,pasta-rijst-wereldkeuken
140637,611758,AH Tortilla naturel wraps large 6 stuks,AH,pasta-rijst-wereldkeuken,"Pasta, rijst, wereldkeuken","Taco, tortilla, wrap, burrito",0.95,0.95,,,,,370 g,prijs per kg €2.57,False,,,,,C,True,AH,https://www.ah.nl/producten/product/wi140637,2026-08-03,AH Tortilla naturel wraps large 6 stuks,pasta-rijst-wereldkeuken
197585,624781,AH Basmatirijst,AH,pasta-rijst-wereldkeuken,"Pasta, rijst, wereldkeuken",Basmatirijst,1.89,1.89,,,,,1 kg,prijs per kg €1.89,False,,,,,B,True,AH,https://www.ah.nl/producten/product/wi197585,2026-08-03,AH Basmatirijst,pasta-rijst-wereldkeuken
490540,744648,AH Kroepoek naturel,AH,pasta-rijst-wereldkeuken,"Pasta, rijst, wereldkeuken",Kroepoek,1.09,1.09,,,,,100 g,prijs per kg €10.90,False,,,,,D,True,AH,https://www.ah.nl/producten/product/wi490540,2026-08-03,AH Kroepoek naturel,pasta-rijst-wereldkeuken
400471,849725,AH Biologisch Italiaanse parmigiano reggiano,AH Biologisch,pasta-rijst-wereldkeuken,Kaas,"Parmezaanse kaas, grano padano, pecorino",1.99,1.99,,,,,40 g,prijs per kg €49.75,False,,,,,,True,AH,https://www.ah.nl/producten/product/wi400471,2026-08-03,AH Biologisch Italiaanse parmigiano reggiano,pasta-rijst-wereldkeuken
619218,0,AH Biologisch Italiaanse parmigiano reggiano 2-pack,AH Biologisch,pasta-rijst-wereldkeuken,Kaas,"Parmezaanse kaas, grano padano, pecorino",3.78,3.98,5.0,5% volume voordeel,,,2 stuks,,True,AHOO,5% volume voordeel,2026-08-03,2999-12-31,,True,AH,https://www.ah.nl/producten/product/wi619218,2026-08-03,AH Biologisch Italiaanse parmigiano reggiano 2-pack,pasta-rijst-wereldkeuken
619219,0,AH Biologisch Italiaanse parmigiano reggiano 3-pack,AH Biologisch,pasta-rijst-wereldkeuken,Kaas,"Parmezaanse kaas, grano padano, pecorino",5.55,5.97,7.0,7% volume voordeel,,,3 stuks,,True,AHOO,7% volume voordeel,2026-08-03,2999-12-31,,True,AH,https://www.ah.nl/producten/product/wi619219,2026-08-03,AH Biologisch Italiaanse parmigiano reggiano 3-pack,pasta-rijst-wereldkeuken
619220,0,AH Biologisch Italiaanse parmigiano reggiano 4-pack,AH Biologisch,pasta-rijst-wereldkeuken,Kaas,"Parmezaanse kaas, grano padano, pecorino",7.32,7.96,8.0,8% volume voordeel,,,4 stuks,,True,AHOO,8% volume voordeel,2026-08-03,2999-12-31,,True,AH,https://www.ah.nl/producten/product/wi619220,2026-08-03,AH Biologisch Italiaanse parmigiano reggiano 4-pack,pasta-rijst-wereldkeuken
3527,80365,AH Tomatenpuree,AH,pasta-rijst-wereldkeuken,"Pasta, rijst, wereldkeuken",Tomatenpuree,0.69,0.69,,,,,140 g,prijs per kg €4.93,False,,,,,A,True,AH,https://www.ah.nl/producten/product/wi3527,2026-08-03,AH Tomatenpuree,pasta-rijst-wereldkeuken
378632,839779,Heinz Tomato frito original,Heinz,pasta-rijst-wereldkeuken,"Pasta, rijst, wereldkeuken","Gezeefde tomaten, frito, passata",1.39,1.39,,,,,350 g,prijs per kg €3.97,False,,,,,A,True,AH,https://www.ah.nl/producten/product/wi378632,2026-08-03,Heinz Tomato frito original,pasta-rijst-wereldkeuken
612292,0,Heinz Tomato frito original 3-pack,Heinz,pasta-rijst-wereldkeuken,"Pasta, rijst, wereldkeuken","Gezeefde tomaten, frito, passata",3.75,4.17,10.0,10% volume voordeel,,,3 stuks,,True,AHOO,10% volume voordeel,2026-08-03,2999-12-31,,True,AH,https://www.ah.nl/producten/product/wi612292,2026-08-03,Heinz Tomato frito original 3-pack,pasta-rijst-wereldkeuken
410944,855015,AH Verse gnocchi,AH,pasta-rijst-wereldkeuken,"Maaltijden, salades",Verse pasta,2.99,2.99,,,,,400 g,prijs per kg €7.48,False,,,,,C,True,AH,https://www.ah.nl/producten/product/wi410944,2026-08-03,AH Verse gnocchi,pasta-rijst-wereldkeuken
598385,0,AH Verse gnocchi 2-pack,AH,pasta-rijst-wereldkeuken,"Maaltijden, salades",Verse pasta,5.74,5.98,4.0,4% volume voordeel,,,2 stuks,,True,AHOO,4% volume voordeel,2026-08-03,2999-12-31,,True,AH,https://www.ah.nl/producten/product/wi598385,2026-08-03,AH Verse gnocchi 2-pack,pasta-rijst-wereldkeuken
435163,46007,AH Pizzadeeg,AH,pasta-rijst-wereldkeuken,"Maaltijden, salades",Pizzabodem (vers),1.99,1.99,,,,,260 g,prijs per kg €7.65,False,,,,,C,True,AH,https://www.ah.nl/producten/product/wi435163,2026-08-03,AH Pizzadeeg,pasta-rijst-wereldkeuken
617763,0,AH Pizzadeeg 2-pack,AH,pasta-rijst-wereldkeuken,"Maaltijden, salades",Pizzabodem (vers),3.82,3.98,4.0,4% volume voordeel,,,2 stuks,,True,AHOO,4% volume voordeel,2026-08-03,2999-12-31,,True,AH,https://www.ah.nl/producten/product/wi617763,2026-08-03,AH Pizzadeeg 2-pack,pasta-rijst-wereldkeuken
617764,0,AH Pizzadeeg 3-pack,AH,pasta-rijst-wereldkeuken,"Maaltijden, salades",Pizzabodem (vers),5.55,5.97,7.0,7% volume voordeel,,,3 stuks,,True,AHOO,7% volume voordeel,2026-08-03,2999-12-31,,True,AH,https://www.ah.nl/producten/product/wi617764,2026-08-03,AH Pizzadeeg 3-pack,pasta-rijst-wereldkeuken
468009,719493,AH Fusilli volkoren,AH,pasta-rijst-wereldkeuken,"Pasta, rijst, wereldkeuken","Fusilli, casarecce",1.25,1.25,,,,,500 g,prijs per kg €2.50,False,,,,,A,True,AH,https://www.ah.nl/producten/product/wi468009,2026-08-03,AH Fusilli volkoren,pasta-rijst-wereldkeuken
167781,644613,Conimex Kroepoek naturel,Conimex,pasta-rijst-wereldkeuken,"Pasta, rijst, wereldkeuken",Kroepoek,1.69,1.69,,,,,73 g,prijs per kg €23.15,False,,,,,E,True,AH,https://www.ah.nl/producten/product/wi167781,2026-08-03,Conimex Kroepoek naturel,pasta-rijst-wereldkeuken
612294,0,Heinz Tomato frito original 6-pack,Heinz,pasta-rijst-wereldkeuken,"Pasta, rijst, wereldkeuken","Gezeefde tomaten, frito, passata",7.09,8.34,15.0,15% volume voordeel,,,6 stuks,,True,AHOO,15% volume voordeel,2026-08-03,2999-12-31,,True,AH,https://www.ah.nl/producten/product/wi612294,2026-08-03,Heinz Tomato frito original 6-pack,pasta-rijst-wereldkeuken
58169,518618,AH Volkoren spaghetti,AH,pasta-rijst-wereldkeuken,"Pasta, rijst, wereldkeuken",Spaghetti,0.85,0.85,,,,,500 g,prijs per kg €1.70,False,,,,,A,True,AH,https://www.ah.nl/producten/product/wi58169,2026-08-03,AH Volkoren spaghetti,pasta-rijst-wereldkeuken
617265,0,AH Verse gnocchi 4-pack,AH,pasta-rijst-wereldkeuken,"Maaltijden, salades",Verse pasta,10.52,11.96,12.0,12% volume voordeel,,,4 stuks,,True,AHOO,12% volume voordeel,2026-08-03,2999-12-31,,True,AH,https://www.ah.nl/producten/product/wi617265,2026-08-03,AH Verse gnocchi 4-pack,pasta-rijst-wereldkeuken
617264,0,AH Verse gnocchi 3-pack,AH,pasta-rijst-wereldkeuken,"Maaltijden, salades",Verse pasta,8.25,8.97,8.0,8% volume voordeel,,,3 stuks,,True,AHOO,8% volume voordeel,2026-08-03,2999-12-31,,True,AH,https://www.ah.nl/producten/product/wi617264,2026-08-03,AH Verse gnocchi 3-pack,pasta-rijst-wereldkeuken
3472,9008,Honig Basis voor macaroni en spaghetti,Honig,pasta-rijst-wereldkeuken,"Pasta, rijst, wereldkeuken","Italiaanse maaltijdpakketten, mixen",1.99,1.99,,,,,41 g,prijs per kg €48.54,False,,,,,E,True,AH,https://www.ah.nl/producten/product/wi3472,2026-08-03,Honig Basis voor macaroni en spaghetti,pasta-rijst-wereldkeuken
612334,0,Honig Basis voor macaroni en spaghetti 3-pack,Honig,pasta-rijst-wereldkeuken,"Pasta, rijst, wereldkeuken","Italiaanse maaltijdpakketten, mixen",5.37,5.97,10.0,10% volume voordeel,,,3 stuks,,True,AHOO,10% volume voordeel,2026-08-03,2999-12-31,,True,AH,https://www.ah.nl/producten/product/wi612334,2026-08-03,Honig Basis voor macaroni en spaghetti 3-pack,pasta-rijst-wereldkeuken
500621,812465,Heinz Tomato frito biologisch,Heinz,pasta-rijst-wereldkeuken,"Pasta, rijst, wereldkeuken","Gezeefde tomaten, frito, passata",1.99,1.99,,,,,350 g,prijs per kg €5.69,False,,,,,A,True,AH,https://www.ah.nl/producten/product/wi500621,2026-08-03,Heinz Tomato frito biologisch,pasta-rijst-wereldkeuken
120332,554635,AH Pastasaus tomaat mascarpone,AH,pasta-rijst-wereldkeuken,"Maaltijden, salades",Verse pastasaus,2.49,2.49,,,,,225 g,prijs per kg €11.07,False,,,,,C,True,AH,https://www.ah.nl/producten/product/wi120332,2026-08-03,AH Pasta sauce tomato mascarpone,pasta-rijst-wereldkeuken
598376,0,AH Pastasaus tomaat mascarpone 2-pack,AH,pasta-rijst-wereldkeuken,"Maaltijden, salades",Verse pastasaus,4.78,4.98,4.0,4% volume voordeel,,,2 stuks,,True,AHOO,4% volume voordeel,2026-08-03,2999-12-31,,True,AH,https://www.ah.nl/producten/product/wi598376,2026-08-03,AH Pastasaus tomaat mascarpone 2-pack,pasta-rijst-wereldkeuken
612335,0,Honig Basis voor macaroni en spaghetti 6-pack,Honig,pasta-rijst-wereldkeuken,"Pasta, rijst, wereldkeuken","Italiaanse maaltijdpakketten, mixen",10.15,11.94,15.0,15% volume voordeel,,,6 stuks,,True,AHOO,15% volume voordeel,2026-08-03,2999-12-31,,True,AH,https://www.ah.nl/producten/product/wi612335,2026-08-03,Honig Basis voor macaroni en spaghetti 6-pack,pasta-rijst-wereldkeuken
210482,799784,AH Gnocchi,AH,pasta-rijst-wereldkeuken,"Pasta, rijst, wereldkeuken",Gnocchi,1.49,1.49,,,,,500 g,prijs per kg €2.98,False,,,,,C,True,AH,https://www.ah.nl/producten/product/wi210482,2026-08-03,AH Gnocchi,pasta-rijst-wereldkeuken
162513,600126,AH Zilvervliesrijst,AH,pasta-rijst-wereldkeuken,"Pasta, rijst, wereldkeuken",Zilvervliesrijst,1.45,1.45,,,,,1 kg,prijs per kg €1.45,False,,,,,A,True,AH,https://www.ah.nl/producten/product/wi162513,2026-08-03,AH Zilvervliesrijst,pasta-rijst-wereldkeuken
618174,0,AH Pastasaus tomaat mascarpone 3-pack,AH,pasta-rijst-wereldkeuken,"Maaltijden, salades",Verse pastasaus,6.87,7.47,8.0,8% volume voordeel,,,3 stuks,,True,AHOO,8% volume voordeel,2026-08-03,2999-12-31,,True,AH,https://www.ah.nl/producten/product/wi618174,2026-08-03,AH Pastasaus tomaat mascarpone 3-pack,pasta-rijst-wereldkeuken
618175,0,AH Pastasaus tomaat mascarpone 4-pack,AH,pasta-rijst-wereldkeuken,"Maaltijden, salades",Verse pastasaus,8.76,9.96,12.0,12% volume voordeel,,,4 stuks,,True,AHOO,12% volume voordeel,2026-08-03,2999-12-31,,True,AH,https://www.ah.nl/producten/product/wi618175,2026-08-03,AH Pastasaus tomaat mascarpone 4-pack,pasta-rijst-wereldkeuken
160917,627977,AH Pasta Pestosaus,AH,pasta-rijst-wereldkeuken,"Maaltijden, salades",Verse pastasaus,2.49,2.49,,,,,125 g,prijs per kg €19.92,False,,,,,E,True,AH,https://www.ah.nl/producten/product/wi160917,2026-08-03,AH Pasta Pestosaus,pasta-rijst-wereldkeuken
503093,825452,AH Vers bladerdeeg,AH,pasta-rijst-wereldkeuken,"Maaltijden, salades",Pizzabodem (vers),1.39,1.39,,,,,270 g,prijs per kg €5.15,False,,,,,D,True,AH,https://www.ah.nl/producten/product/wi503093,2026-08-03,AH Vers bladerdeeg,pasta-rijst-wereldkeuken
59296,513034,AH Verse ravioli formaggio e pomodoro,AH,pasta-rijst-wereldkeuken,"Maaltijden, salades",Verse pasta,2.49,2.49,,,,,250 g,prijs per kg €9.96,False,,,,,C,True,AH,https://www.ah.nl/producten/product/wi59296,2026-08-03,AH Verse ravioli formaggio e pomodoro,pasta-rijst-wereldkeuken
619120,0,AH Vers bladerdeeg 3-pack,AH,pasta-rijst-wereldkeuken,"Maaltijden, salades",Pizzabodem (vers),3.88,4.17,7.0,7% volume voordeel,,,3 stuks,,True,AHOO,7% volume voordeel,2026-08-03,2999-12-31,,True,AH,https://www.ah.nl/producten/product/wi619120,2026-08-03,AH Vers bladerdeeg 3-pack,pasta-rijst-wereldkeuken
2090,9350,Grand' Italia Spaghetti tradizionali,Grand' Italia,pasta-rijst-wereldkeuken,"Pasta, rijst, wereldkeuken",Spaghetti,1.49,1.49,,,,,500 g,prijs per kg €2.98,False,,,,,A,True,AH,https://www.ah.nl/producten/product/wi2090,2026-08-03,Grand' Italia Spaghetti tradizionali,pasta-rijst-wereldkeuken
618339,0,AH Verse ravioli formaggio e pomodoro 2-pck,AH,pasta-rijst-wereldkeuken,"Maaltijden, salades",Verse pasta,4.78,4.98,4.0,4% volume voordeel,,,2 stuks,,True,AHOO,4% volume voordeel,2026-08-03,2999-12-31,,True,AH,https://www.ah.nl/producten/product/wi618339,2026-08-03,AH Verse ravioli formaggio e pomodoro 2-pck,pasta-rijst-wereldkeuken
619121,0,AH Vers bladerdeeg 4-pack,AH,pasta-rijst-wereldkeuken,"Maaltijden, salades",Pizzabodem (vers),5.0,5.56,10.0,10% volume voordeel,,,4 stuks,,True,AHOO,10% volume voordeel,2026-08-03,2999-12-31,,True,AH,https://www.ah.nl/producten/product/wi619121,2026-08-03,AH Vers bladerdeeg 4-pack,pasta-rijst-wereldkeuken
167780,644612,Conimex Cassave kroepoek,Conimex,pasta-rijst-wereldkeuken,"Pasta, rijst, wereldkeuken",Kroepoek,1.95,1.95,,,,,75 g,prijs per kg €26.00,False,,,,,,True,AH,https://www.ah.nl/producten/product/wi167780,2026-08-03,Conimex Cassave kroepoek,pasta-rijst-wereldkeuken
618341,0,AH Verse ravioli formaggio e pomodoro 4-pck,AH,pasta-rijst-wereldkeuken,"Maaltijden, salades",Verse pasta,8.76,9.96,12.0,12% volume voordeel,,,4 stuks,,True,AHOO,12% volume voordeel,2026-08-03,2999-12-31,,True,AH,https://www.ah.nl/producten/product/wi618341,2026-08-03,AH Verse ravioli formaggio e pomodoro 4-pck,pasta-rijst-wereldkeuken
618340,0,AH Verse ravioli formaggio e pomodoro 3-pck,AH,pasta-rijst-wereldkeuken,"Maaltijden, salades",Verse pasta,6.87,7.47,8.0,8% volume voordeel,,,3 stuks,,True,AHOO,8% volume voordeel,2026-08-03,2999-12-31,,True,AH,https://www.ah.nl/producten/product/wi618340,2026-08-03,AH Verse ravioli formaggio e pomodoro 3-pck,pasta-rijst-wereldkeuken
560988,80240,AH Flammkuchendeeg,AH,pasta-rijst-wereldkeuken,"Maaltijden, salades",Pizzabodem (vers),2.19,2.19,,,,,260 g,prijs per kg €8.42,False,,,,,C,True,AH,https://www.ah.nl/producten/product/wi560988,2026-08-03,AH Flammkuchendeeg,pasta-rijst-wereldkeuken
130071,589846,AH Satésaus kant & klaar.,AH,pasta-rijst-wereldkeuken,"Soepen, sauzen, kruiden, olie",Satésaus,1.49,1.49,,,,,500 g,prijs per kg €2.98,False,,,,,D,True,AH,https://www.ah.nl/producten/product/wi130071,2026-08-03,AH Satésaus kant & klaar.,pasta-rijst-wereldkeuken
56027,527485,AH Tagliatelle all' uovo,AH,pasta-rijst-wereldkeuken,"Maaltijden, salades",Verse pasta,2.49,2.49,,,,,250 g,prijs per kg €9.96,False,,,,,A,True,AH,https://www.ah.nl/producten/product/wi56027,2026-08-03,AH Tagliatelle all' uovo,pasta-rijst-wereldkeuken
618303,0,AH Tagliatelle all' uovo 2-pack,AH,pasta-rijst-wereldkeuken,"Maaltijden, salades",Verse pasta,4.78,4.98,4.0,4% volume voordeel,,,2 stuks,,True,AHOO,4% volume voordeel,2026-08-03,2999-12-31,,True,AH,https://www.ah.nl/producten/product/wi618303,2026-08-03,AH Tagliatelle all' uovo 2-pack,pasta-rijst-wereldkeuken
207510,802782,AH Biologisch Tomaten gepeld,AH Biologisch,pasta-rijst-wereldkeuken,"Pasta, rijst, wereldkeuken",Gepelde tomaten,0.79,0.79,,,,,400 g,prijs per kg €1.98,False,,,,,A,True,AH,https://www.ah.nl/producten/product/wi207510,2026-08-03,AH Biologisch Tomaten gepeld,pasta-rijst-wereldkeuken
618304,0,AH Tagliatelle all' uovo 3-pack,AH,pasta-rijst-wereldkeuken,"Maaltijden, salades",Verse pasta,6.87,7.47,8.0,8% volume voordeel,,,3 stuks,,True,AHOO,8% volume voordeel,2026-08-03,2999-12-31,,True,AH,https://www.ah.nl/producten/product/wi618304,2026-08-03,AH Tagliatelle all' uovo 3-pack,pasta-rijst-wereldkeuken
618305,0,AH Tagliatelle all' uovo 4-pack,AH,pasta-rijst-wereldkeuken,"Maaltijden, salades",Verse pasta,8.76,9.96,12.0,12% volume voordeel,,,4 stuks,,True,AHOO,12% volume voordeel,2026-08-03,2999-12-31,,True,AH,https://www.ah.nl/producten/product/wi618305,2026-08-03,AH Tagliatelle all' uovo 4-pack,pasta-rijst-wereldkeuken
603848,57403,"Peijnenburg Tussendoor+ granen, pitten & fruit",Peijnenburg,tussendoortjes,"Ontbijtgranen, beleg",Ontbijtkoekrepen,2.69,2.69,,,,,4 stuks,,False,,,,,A,True,AH,https://www.ah.nl/producten/product/wi603848,2026-08-03,"Peijnenburg Tussendoor+ granen, pitten & fruit",tussendoortjes
382538,842149,AH Biologisch Maiswafels met zeezout,AH Biologisch,tussendoortjes,"Ontbijtgranen, beleg",Maiswafels,0.99,0.99,,,,,130 g,prijs per kg €7.62,False,,,,,B,True,AH,https://www.ah.nl/producten/product/wi382538,2026-08-03,AH Biologisch Maiswafels met zeezout,tussendoortjes
603850,57405,Peijnenburg Tussendoor noten,Peijnenburg,tussendoortjes,"Ontbijtgranen, beleg",Ontbijtkoekrepen,2.19,2.19,,,,,4 stuks,,False,,,,,B,True,AH,https://www.ah.nl/producten/product/wi603850,2026-08-03,Peijnenburg Tussendoor noten,tussendoortjes
490796,745269,AH Snoepgroente tomaat,AH,tussendoortjes,"Groente, aardappelen",Snoepgroente,1.6667,2.29,27.2,3 voor 5.00,5.0,3.0,250 g,normale prijs per kg €9.16,True,AH,3 voor 5.00,2026-08-03,2026-08-09,A,True,AH,https://www.ah.nl/producten/product/wi490796,2026-08-03,AH Snoepgroente tomaat,tussendoortjes
502389,813914,AH Biologisch Snoepgroente tomaat,AH Biologisch,tussendoortjes,"Groente, aardappelen",Snoepgroente,3.99,3.99,,,,,400 g,prijs per kg €9.98,False,,,,,A,True,AH,https://www.ah.nl/producten/product/wi502389,2026-08-03,AH Biologisch Snoepgroente tomaat,tussendoortjes
502289,818887,AH Snoepgroente paprikamix,AH,tussendoortjes,"Groente, aardappelen",Snoepgroente,1.6667,2.29,27.2,3 voor 5.00,5.0,3.0,175 g,normale prijs per kg €13.09,True,AH,3 voor 5.00,2026-08-03,2026-08-09,A,True,AH,https://www.ah.nl/producten/product/wi502289,2026-08-03,AH Snoepgroente paprikamix,tussendoortjes
388475,844475,AH Verse granaatappelpitjes,AH,tussendoortjes,"Fruit, verse sappen",Fruitsalade,1.6667,2.49,33.1,3 voor 5.00,5.0,3.0,90 g,normale prijs per kg €27.67,True,AH,3 voor 5.00,2026-08-03,2026-08-09,A,True,AH,https://www.ah.nl/producten/product/wi388475,2026-08-03,AH Verse granaatappelpitjes,tussendoortjes
168655,751957,Zonnatura Maïswafels,Zonnatura,tussendoortjes,"Ontbijtgranen, beleg",Maiswafels,1.19,1.19,,,,,100 g,prijs per kg €11.90,False,,,,,B,True,AH,https://www.ah.nl/producten/product/wi168655,2026-08-03,Zonnatura Maïswafels,tussendoortjes
465601,714549,AH Snoepgroente tomaat,AH,tussendoortjes,"Groente, aardappelen",Snoepgroente,5.99,5.99,,,,,1 kg,prijs per kg €5.99,False,,,,,A,True,AH,https://www.ah.nl/producten/product/wi465601,2026-08-03,AH Snoepgroente tomaat,tussendoortjes
518107,69687,AH Biologisch Dunne maïswafels met zeezout,AH Biologisch,tussendoortjes,"Ontbijtgranen, beleg",Maiswafels,1.49,1.49,,,,,100 g,prijs per kg €14.90,False,,,,,B,True,AH,https://www.ah.nl/producten/product/wi518107,2026-08-03,AH Biologisch Dunne maïswafels met zeezout,tussendoortjes
619411,0,AH Biologisch Dunne maÃ¯swafels met zeezout 4-pack,AH Biologisch,tussendoortjes,"Ontbijtgranen, beleg",Maiswafels,5.72,5.96,4.0,4% volume voordeel,,,4 stuks,,True,AHOO,4% volume voordeel,2026-08-03,2999-12-31,,True,AH,https://www.ah.nl/producten/product/wi619411,2026-08-03,AH Biologisch Dunne maÃ¯swafels met zeezout 4-pack,tussendoortjes
619409,0,AH Biologisch Dunne maÃ¯swafels met zeezout 2-pack,AH Biologisch,tussendoortjes,"Ontbijtgranen, beleg",Maiswafels,2.92,2.98,2.0,2% volume voordeel,,,2 stuks,,True,AHOO,2% volume voordeel,2026-08-03,2999-12-31,,True,AH,https://www.ah.nl/producten/product/wi619409,2026-08-03,AH Biologisch Dunne maÃ¯swafels met zeezout 2-pack,tussendoortjes
490798,745271,AH Snoepgroente komkommer,AH,tussendoortjes,"Groente, aardappelen",Snoepgroente,3.39,3.39,,,,,400 g,prijs per kg €8.48,False,,,,,A,True,AH,https://www.ah.nl/producten/product/wi490798,2026-08-03,AH Snoepgroente komkommer,tussendoortjes
619410,0,AH Biologisch Dunne maÃ¯swafels met zeezout 3-pack,AH Biologisch,tussendoortjes,"Ontbijtgranen, beleg",Maiswafels,4.34,4.47,3.0,3% volume voordeel,,,3 stuks,,True,AHOO,3% volume voordeel,2026-08-03,2999-12-31,,True,AH,https://www.ah.nl/producten/product/wi619410,2026-08-03,AH Biologisch Dunne maÃ¯swafels met zeezout 3-pack,tussendoortjes
544086,63427,AH Verse mango,AH,tussendoortjes,"Fruit, verse sappen",Fruitsalade,1.6667,2.49,33.1,3 voor 5.00,5.0,3.0,120 g,normale prijs per kg €20.75,True,AH,3 voor 5.00,2026-08-03,2026-08-09,A,True,AH,https://www.ah.nl/producten/product/wi544086,2026-08-03,AH Verse mango,tussendoortjes
133713,563952,AH Verse ananas stukjes,AH,tussendoortjes,"Fruit, verse sappen",Fruitsalade,2.89,2.89,,,,,250 g,prijs per kg €11.56,False,,,,,A,True,AH,https://www.ah.nl/producten/product/wi133713,2026-08-03,AH Verse ananas stukjes,tussendoortjes
520805,886718,AH Snoepgroente tomatenmix,AH,tussendoortjes,"Groente, aardappelen",Snoepgroente,1.6667,2.29,27.2,3 voor 5.00,5.0,3.0,250 g,normale prijs per kg €9.16,True,AH,3 voor 5.00,2026-08-03,2026-08-09,A,True,AH,https://www.ah.nl/producten/product/wi520805,2026-08-03,AH Snoepgroente tomatenmix,tussendoortjes
477439,730841,AH Dunne maiswafels kaas 4-pack,AH,tussendoortjes,"Ontbijtgranen, beleg",Maiswafels,1.35,1.35,,,,,104 g,prijs per kg €12.98,False,,,,,C,True,AH,https://www.ah.nl/producten/product/wi477439,2026-08-03,AH Dunne maiswafels kaas 4-pack,tussendoortjes
594670,0,Melkunie Breaker zero aardbei yoghurt 4-pack,Melkunie,tussendoortjes,"Zuivel, eieren",Yoghurt tussendoortjes,6.42,6.76,5.0,5% volume voordeel,,,4 stuks,,True,AHOO,5% volume voordeel,2026-08-03,2999-12-31,,True,AH,https://www.ah.nl/producten/product/wi594670,2026-08-03,Melkunie Breaker zero aardbei yoghurt 4-pack,tussendoortjes
166806,642658,AH Dikke rijstwafels meergranen,AH,tussendoortjes,"Ontbijtgranen, beleg",Rijstwafels,1.19,1.19,,,,,120 g,prijs per kg €9.92,False,,,,,B,True,AH,https://www.ah.nl/producten/product/wi166806,2026-08-03,AH Dikke rijstwafels meergranen,tussendoortjes
520087,49609,Melkunie Breaker stracciatella yoghurt,Melkunie,tussendoortjes,"Zuivel, eieren",Yoghurt tussendoortjes,1.69,1.69,,,,,200 g,prijs per kg €8.45,False,,,,,C,True,AH,https://www.ah.nl/producten/product/wi520087,2026-08-03,Melkunie Breaker stracciatella yoghurt,tussendoortjes
604302,57935,AH Dunne linzenwafels paprika smaak 4-pack,AH,tussendoortjes,"Ontbijtgranen, beleg","Linzenwafels, kikkererwtwafels",2.19,2.19,,,,,4 stuks,,False,,,,,A,True,AH,https://www.ah.nl/producten/product/wi604302,2026-08-03,AH Dunne linzenwafels paprika smaak 4-pack,tussendoortjes
217848,812700,AH Ontbijtkoek naturel gesneden,AH,tussendoortjes,"Ontbijtgranen, beleg",Ontbijtkoek (gesneden),1.45,1.45,,,,,485 g,prijs per kg €2.99,False,,,,,D,True,AH,https://www.ah.nl/producten/product/wi217848,2026-08-03,AH Ontbijtkoek naturel gesneden,tussendoortjes
575060,0,Melkunie Breaker straciatella yoghurt 4-pack,Melkunie,tussendoortjes,"Zuivel, eieren",Yoghurt tussendoortjes,6.42,6.76,5.0,5% volume voordeel,,,4 stuks,,True,AHOO,5% volume voordeel,2026-08-03,2999-12-31,,True,AH,https://www.ah.nl/producten/product/wi575060,2026-08-03,Melkunie Breaker straciatella yoghurt 4-pack,tussendoortjes
435427,46885,AH Snoepgroente worteltjes,AH,tussendoortjes,"Groente, aardappelen",Snoepgroente,2.99,2.99,,,,,650 g,prijs per kg €4.60,False,,,,,A,True,AH,https://www.ah.nl/producten/product/wi435427,2026-08-03,AH Snoepgroente worteltjes,tussendoortjes
604806,0,Melkunie Breaker zero aardbei yoghurt 6-pack,Melkunie,tussendoortjes,"Zuivel, eieren",Yoghurt tussendoortjes,9.13,10.14,10.0,10% volume voordeel,,,6 stuks,,True,AHOO,10% volume voordeel,2026-08-03,2999-12-31,,True,AH,https://www.ah.nl/producten/product/wi604806,2026-08-03,Melkunie Breaker zero aardbei yoghurt 6-pack,tussendoortjes
622456,0,AH Dunne linzenwafel paprika smaak 4x 2pack,AH,tussendoortjes,"Ontbijtgranen, beleg","Linzenwafels, kikkererwtwafels",4.29,4.38,2.0,2% volume voordeel,,,2 stuks,,True,AHOO,2% volume voordeel,2026-08-03,2999-12-31,,True,AH,https://www.ah.nl/producten/product/wi622456,2026-08-03,AH Dunne linzenwafel paprika smaak 4x 2pack,tussendoortjes
622458,0,AH Dunne linzenwafels paprika smaak 4x 4pck,AH,tussendoortjes,"Ontbijtgranen, beleg","Linzenwafels, kikkererwtwafels",8.41,8.76,4.0,4% volume voordeel,,,4 stuks,,True,AHOO,4% volume voordeel,2026-08-03,2999-12-31,,True,AH,https://www.ah.nl/producten/product/wi622458,2026-08-03,AH Dunne linzenwafels paprika smaak 4x 4pck,tussendoortjes
517892,70008,AH Dunne maïswafels melkchocolade 4-pack,AH,tussendoortjes,"Ontbijtgranen, beleg",Maiswafels,2.19,2.19,,,,,136 g,prijs per kg €16.10,False,,,,,E,True,AH,https://www.ah.nl/producten/product/wi517892,2026-08-03,AH Dunne maïswafels melkchocolade 4-pack,tussendoortjes
216244,809753,Melkunie Breaker banaan yoghurt,Melkunie,tussendoortjes,"Zuivel, eieren",Yoghurt tussendoortjes,1.59,1.59,,,,,200 g,prijs per kg €7.95,False,,,,,C,True,AH,https://www.ah.nl/producten/product/wi216244,2026-08-03,Melkunie Breaker banaan yoghurt,tussendoortjes
594662,0,Melkunie Breaker banaan yoghurt 4-pack,Melkunie,tussendoortjes,"Zuivel, eieren",Yoghurt tussendoortjes,6.04,6.36,5.0,5% volume voordeel,,,4 stuks,,True,AHOO,5% volume voordeel,2026-08-03,2999-12-31,,True,AH,https://www.ah.nl/producten/product/wi594662,2026-08-03,Melkunie Breaker banaan yoghurt 4-pack,tussendoortjes
614420,72056,Knorr Good noodles kip,Knorr,tussendoortjes,"Soepen, sauzen, kruiden, olie",Noedelsoep kip,0.59,1.19,50.0,50% korting,,,70 g,normale prijs per kg €17.00,True,AH,50% korting,2026-08-03,2026-08-09,C,True,AH,https://www.ah.nl/producten/product/wi614420,2026-08-03,Knorr Good noodles kip,tussendoortjes
622457,0,AH Dunne linzenwafels paprika smaak 4x 3pck,AH,tussendoortjes,"Ontbijtgranen, beleg","Linzenwafels, kikkererwtwafels",6.37,6.57,3.0,3% volume voordeel,,,3 stuks,,True,AHOO,3% volume voordeel,2026-08-03,2999-12-31,,True,AH,https://www.ah.nl/producten/product/wi622457,2026-08-03,AH Dunne linzenwafels paprika smaak 4x 3pck,tussendoortjes
624122,0,Knorr Good noodles kip 6-pack,Knorr,tussendoortjes,"Soepen, sauzen, kruiden, olie",Noedelsoep kip,3.57,7.14,50.0,pakketkorting,,,6 stuks,,True,AHOO,,2026-08-03,2026-08-09,,True,AH,https://www.ah.nl/producten/product/wi624122,2026-08-03,Knorr Good noodles kip 6-pack,tussendoortjes
217850,812702,AH Ontbijtkoek volkoren gesneden,AH,tussendoortjes,"Ontbijtgranen, beleg",Ontbijtkoek (gesneden),1.39,1.39,,,,,485 g,prijs per kg €2.87,False,,,,,D,True,AH,https://www.ah.nl/producten/product/wi217850,2026-08-03,AH Ontbijtkoek volkoren gesneden,tussendoortjes
624120,0,Knorr Good noodles kip 4-pack,Knorr,tussendoortjes,"Soepen, sauzen, kruiden, olie",Noedelsoep kip,2.38,4.76,50.0,pakketkorting,,,4 stuks,,True,AHOO,,2026-08-03,2026-08-09,,True,AH,https://www.ah.nl/producten/product/wi624120,2026-08-03,Knorr Good noodles kip 4-pack,tussendoortjes
382537,842148,AH Biologisch Maiswafels met zeezout langwerpig,AH Biologisch,tussendoortjes,"Ontbijtgranen, beleg",Maiswafels,1.49,1.49,,,,,130 g,prijs per kg €11.46,False,,,,,C,True,AH,https://www.ah.nl/producten/product/wi382537,2026-08-03,AH Biologisch Maiswafels met zeezout langwerpig,tussendoortjes
624118,0,Knorr Good noodles kip 2-pack,Knorr,tussendoortjes,"Soepen, sauzen, kruiden, olie",Noedelsoep kip,1.19,2.38,50.0,pakketkorting,,,2 stuks,,True,AHOO,,2026-08-03,2026-08-09,,True,AH,https://www.ah.nl/producten/product/wi624118,2026-08-03,Knorr Good noodles kip 2-pack,tussendoortjes
619406,0,AH Dunne maiswafels melkchocolade 4x 2-pack,AH,tussendoortjes,"Ontbijtgranen, beleg",Maiswafels,4.29,4.38,2.0,2% volume voordeel,,,2 stuks,,True,AHOO,2% volume voordeel,2026-08-03,2999-12-31,,True,AH,https://www.ah.nl/producten/product/wi619406,2026-08-03,AH Dunne maiswafels melkchocolade 4x 2-pack,tussendoortjes
619408,0,AH Dunne maiswafels melkchocolade 4x 4-pack,AH,tussendoortjes,"Ontbijtgranen, beleg",Maiswafels,8.41,8.76,4.0,4% volume voordeel,,,4 stuks,,True,AHOO,4% volume voordeel,2026-08-03,2999-12-31,,True,AH,https://www.ah.nl/producten/product/wi619408,2026-08-03,AH Dunne maiswafels melkchocolade 4x 4-pack,tussendoortjes
167428,643603,Hero B'tween mueslireep melkchocolade,Hero,tussendoortjes,Tussendoortjes,Mueslirepen,2.45,2.45,,,,,6 x 25 g,prijs per kg €16.33,False,,,,,,True,AH,https://www.ah.nl/producten/product/wi167428,2026-08-03,Hero B'tween mueslireep melkchocolade,tussendoortjes
619407,0,AH Dunne maiswafels melkchocolade 4x 3-pack,AH,tussendoortjes,"Ontbijtgranen, beleg",Maiswafels,6.37,6.57,3.0,3% volume voordeel,,,3 stuks,,True,AHOO,3% volume voordeel,2026-08-03,2999-12-31,,True,AH,https://www.ah.nl/producten/product/wi619407,2026-08-03,AH Dunne maiswafels melkchocolade 4x 3-pack,tussendoortjes
606909,62287,Knorr Good noodles kip,Knorr,tussendoortjes,"Soepen, sauzen, kruiden, olie",Noedelsoep kip,1.09,2.19,50.0,50% korting,,,65 g,normale prijs per kg €33.69,True,AH,50% korting,2026-08-03,2026-08-09,C,True,AH,https://www.ah.nl/producten/product/wi606909,2026-08-03,Knorr Good noodles kip,tussendoortjes
624119,0,Knorr Good noodles kip 4pack,Knorr,tussendoortjes,"Soepen, sauzen, kruiden, olie",Noedelsoep kip,4.38,8.76,50.0,pakketkorting,,,4 stuks,,True,AHOO,,2026-08-03,2026-08-09,,True,AH,https://www.ah.nl/producten/product/wi624119,2026-08-03,Knorr Good noodles kip 4pack,tussendoortjes
624121,0,Knorr Good noodles kip 6pack,Knorr,tussendoortjes,"Soepen, sauzen, kruiden, olie",Noedelsoep kip,6.57,13.14,50.0,pakketkorting,,,6 stuks,,True,AHOO,,2026-08-03,2026-08-09,,True,AH,https://www.ah.nl/producten/product/wi624121,2026-08-03,Knorr Good noodles kip 6pack,tussendoortjes
624117,0,Knorr Good noodles kip 2pack,Knorr,tussendoortjes,"Soepen, sauzen, kruiden, olie",Noedelsoep kip,2.19,4.38,50.0,pakketkorting,,,2 stuks,,True,AHOO,,2026-08-03,2026-08-09,,True,AH,https://www.ah.nl/producten/product/wi624117,2026-08-03,Knorr Good noodles kip 2pack,tussendoortjes
575066,0,Melkunie Breaker straciatella yoghurt 6-pack,Melkunie,tussendoortjes,"Zuivel, eieren",Yoghurt tussendoortjes,9.13,10.14,10.0,10% volume voordeel,,,per stuk,,True,AHOO,10% volume voordeel,2026-08-03,2999-12-31,,True,AH,https://www.ah.nl/producten/product/wi575066,2026-08-03,Melkunie Breaker straciatella yoghurt 6-pack,tussendoortjes
515686,578235,Ben & Jerry's Peaces cookie dough,Ben & Jerry's,diepvries,Diepvries,IJs bitesizes,5.29,5.29,,1 + 1 gratis,,1.0,150 g,normale prijs per kg €35.27,True,AH,1 + 1 gratis,2026-08-03,2026-08-09,E,True,AH,https://www.ah.nl/producten/product/wi515686,2026-08-03,Ben & Jerry's Peaces cookie dough,diepvries
173086,767900,Ben & Jerry's Chocolate fudge brownie,Ben & Jerry's,diepvries,Diepvries,Roomijs pints,7.79,7.79,,1 + 1 gratis,,1.0,465 ml,normale prijs per liter €16.75,True,AH,1 + 1 gratis,2026-08-03,2026-08-09,D,True,AH,https://www.ah.nl/producten/product/wi173086,2026-08-03,Ben & Jerry's Chocolate fudge brownie,diepvries
212118,622404,AH IJsblokjes,AH,diepvries,Diepvries,IJsblokjes,0.99,0.99,,,,,1 kg,prijs per kg €0.99,False,,,,,A,True,AH,https://www.ah.nl/producten/product/wi212118,2026-08-03,AH IJsblokjes,diepvries
195093,796712,AH Airfryer ovenfriet,AH,diepvries,Diepvries,Friet (oven),1.19,1.19,,,,,750 g,prijs per kg €1.59,False,,,,,B,True,AH,https://www.ah.nl/producten/product/wi195093,2026-08-03,AH Airfryer ovenfriet,diepvries
209562,803962,Ola Raket,Ola,diepvries,Diepvries,Waterijs,3.85,3.85,,,,,12 stuks,,False,,,,,C,True,AH,https://www.ah.nl/producten/product/wi209562,2026-08-03,Ola Raket,diepvries
614428,0,Mars & Snickers chocolade ijsjes pakket,Mars,diepvries,Diepvries,Room handijs,7.02,8.78,20.0,20% pakketkorting,,,per pakket,,True,AHOO,20% pakketkorting,2026-08-03,2999-12-31,,True,AH,https://www.ah.nl/producten/product/wi614428,2026-08-03,Mars & Snickers chocolade ijsjes pakket,diepvries
139097,608245,AH Perenijsjes,AH,diepvries,Diepvries,Waterijs,1.55,1.55,,,,,12 stuks,,False,,,,,C,True,AH,https://www.ah.nl/producten/product/wi139097,2026-08-03,AH Perenijsjes,diepvries
226367,640429,AH Broccoliroosjes,AH,diepvries,Diepvries,Broccoli (diepvries),1.49,1.49,,,,,450 g,prijs per kg €3.31,False,,,,,A,True,AH,https://www.ah.nl/producten/product/wi226367,2026-08-03,AH Broccoliroosjes,diepvries
514003,7923,Dr. Oetker Ristorante pizza salami,Dr. Oetker,diepvries,Diepvries,Pizza (dunne bodem),3.15,3.15,,,,,320 g,prijs per kg €9.84,False,,,,,D,True,AH,https://www.ah.nl/producten/product/wi514003,2026-08-03,Dr. Oetker Ristorante pizza salami,diepvries
167127,643266,AH 4 kleuren ijsjes,AH,diepvries,Diepvries,Waterijs,0.99,0.99,,,,,8 stuks,,False,,,,,C,True,AH,https://www.ah.nl/producten/product/wi167127,2026-08-03,AH 4 kleuren ijsjes,diepvries
788,6423,AH Tuinerwten fijn,AH,diepvries,Diepvries,"Tuinerwten, velderwten (diepvries)",0.99,0.99,,,,,450 g,prijs per kg €2.20,False,,,,,A,True,AH,https://www.ah.nl/producten/product/wi788,2026-08-03,AH Tuinerwten fijn,diepvries
409995,854206,AH Biologisch Sperziebonen,AH Biologisch,diepvries,Diepvries,Sperziebonen (diepvries),1.35,1.35,,,,,450 g,prijs per kg €3.00,False,,,,,A,True,AH,https://www.ah.nl/producten/product/wi409995,2026-08-03,AH Organic Green Beans,diepvries
167129,643310,AH Aardbei ijsjes met vitamine c,AH,diepvries,Diepvries,Waterijs,1.69,1.69,,,,,12 stuks,,False,,,,,C,True,AH,https://www.ah.nl/producten/product/wi167129,2026-08-03,AH Aardbei ijsjes met vitamine c,diepvries
602116,54628,AH Mango Ijsjes,AH,diepvries,Diepvries,Waterijs,1.99,1.99,,,,,12 stuks,,False,,,,,C,True,AH,https://www.ah.nl/producten/product/wi602116,2026-08-03,AH Mango Ijsjes,diepvries
437046,60851,AH Ah choco mix,AH,diepvries,Diepvries,Room handijs,2.45,2.45,,,,,8 stuks,,False,,,,,E,True,AH,https://www.ah.nl/producten/product/wi437046,2026-08-03,AH Ah choco mix,diepvries
409997,854218,AH Biologisch Bladspinazie deelblokjes,AH Biologisch,diepvries,Diepvries,Spinazie (diepvries),1.39,1.39,,,,,450 g,prijs per kg €3.09,False,,,,,A,True,AH,https://www.ah.nl/producten/product/wi409997,2026-08-03,AH Biologisch Bladspinazie deelblokjes,diepvries
451124,574647,Ben & Jerry's Cookie dough,Ben & Jerry's,diepvries,Diepvries,Roomijs pints,2.39,2.39,,1 + 1 gratis,,1.0,100 ml,normale prijs per liter €23.90,True,AH,1 + 1 gratis,2026-08-03,2026-08-09,E,True,AH,https://www.ah.nl/producten/product/wi451124,2026-08-03,Ben & Jerry's Cookie dough,diepvries
514005,7946,Dr. Oetker Ristorante pizza margherita,Dr. Oetker,diepvries,Diepvries,Pizza (dunne bodem),3.89,3.89,,,,,295 g,prijs per kg €13.19,False,,,,,D,True,AH,https://www.ah.nl/producten/product/wi514005,2026-08-03,Dr. Oetker Ristorante pizza margherita,diepvries
614284,0,Ben & Jerry's Cookie dough 3-pack,Ben & Jerry's,diepvries,Diepvries,Roomijs pints,4.78,7.17,33.3,pakketkorting,,,3 stuks,,True,AHOO,,2026-08-03,2026-08-09,,True,AH,https://www.ah.nl/producten/product/wi614284,2026-08-03,Ben & Jerry's Cookie dough 3-pack,diepvries
409994,854203,AH Biologisch Tuinerwten,AH Biologisch,diepvries,Diepvries,"Tuinerwten, velderwten (diepvries)",1.59,1.59,,,,,450 g,prijs per kg €3.53,False,,,,,,True,AH,https://www.ah.nl/producten/product/wi409994,2026-08-03,AH Biologisch Tuinerwten,diepvries
376520,837921,AH Zakje met zomerfruit,AH,diepvries,Diepvries,Fruitmix (diepvries),5.55,5.55,,,,,1 kg,prijs per kg €5.55,False,,,,,A,True,AH,https://www.ah.nl/producten/product/wi376520,2026-08-03,AH Zakje met zomerfruit,diepvries
429606,697191,Nestlé Pirulo watermelon,Nestlé,diepvries,Diepvries,Waterijs,2.99,3.99,25.0,25% korting,,,5 stuks,,True,AH,25% korting,2026-08-03,2026-08-09,C,True,AH,https://www.ah.nl/producten/product/wi429606,2026-08-03,Nestlé Pirulo watermelon,diepvries
608089,64917,Snickers Karamel pinda ice bar,Snickers,diepvries,Diepvries,Room handijs,4.39,4.39,,,,,5 stuks,,False,,,,,E,True,AH,https://www.ah.nl/producten/product/wi608089,2026-08-03,Snickers Karamel pinda ice bar,diepvries
614410,0,Snickers Karamel pinda ice bar 2-pack,Snickers,diepvries,Diepvries,Room handijs,7.9,8.78,10.0,10% volume voordeel,,,2 stuks,,True,AHOO,10% volume voordeel,2026-08-03,2999-12-31,,True,AH,https://www.ah.nl/producten/product/wi614410,2026-08-03,Snickers Karamel pinda ice bar 2-pack,diepvries
533328,797679,AH Biologisch Broccoliroosjes,AH Biologisch,diepvries,Diepvries,Broccoli (diepvries),2.29,2.29,,,,,400 g,prijs per kg €5.73,False,,,,,A,True,AH,https://www.ah.nl/producten/product/wi533328,2026-08-03,AH Biologisch Broccoliroosjes,diepvries
429057,696700,AH Saté ajam,AH,diepvries,Diepvries,Sate (diepvries),1.75,1.75,,,,,160 g,prijs per kg €10.94,False,,,,,D,True,AH,https://www.ah.nl/producten/product/wi429057,2026-08-03,AH Saté ajam,diepvries
445512,707469,AH Zakje met mangostukjes,AH,diepvries,Diepvries,"Mango, ananas (diepvries)",5.99,5.99,,,,,1 kg,prijs per kg €5.99,False,,,,,A,True,AH,https://www.ah.nl/producten/product/wi445512,2026-08-03,AH Zakje met mangostukjes,diepvries
745,56775,AH Ah chantilly,AH,diepvries,Diepvries,Roomijs bekertjes,3.99,3.99,,,,,8 stuks,,False,,,,,E,True,AH,https://www.ah.nl/producten/product/wi745,2026-08-03,AH Ah chantilly,diepvries
397800,848309,Aviko Supercrunch airfryer pommes frites,Aviko,diepvries,Diepvries,Friet (oven),2.245,2.49,9.8,2 voor 4.49,4.49,2.0,750 g,normale prijs per kg €3.32,True,AH,2 voor 4.49,2026-08-03,2026-08-09,B,True,AH,https://www.ah.nl/producten/product/wi397800,2026-08-03,Aviko Supercrunch airfryer pommes frites,diepvries
226519,815621,Ola Cornetto classico mini,Ola,diepvries,Diepvries,Roomijs bekertjes,3.69,3.69,,,,,6 x 60 ml,,False,,,,,E,True,AH,https://www.ah.nl/producten/product/wi226519,2026-08-03,Ola Cornetto classico mini,diepvries
614225,0,Ola Cornetto classico mini 3-pack,Ola,diepvries,Diepvries,Roomijs bekertjes,9.96,11.07,10.0,10% volume voordeel,,,3 stuks,,True,AHOO,10% volume voordeel,2026-08-03,2999-12-31,,True,AH,https://www.ah.nl/producten/product/wi614225,2026-08-03,Ola Cornetto classico mini 3-pack,diepvries
135757,602543,AH Zalmfilet,AH,diepvries,Vis,Zalm (diepvries),4.89,4.89,,,,,250 g,prijs per kg €19.56,False,,,,,A,True,AH,https://www.ah.nl/producten/product/wi135757,2026-08-03,AH Zalmfilet,diepvries
209567,803997,Ola Cornetto classico,Ola,diepvries,Diepvries,Roomijs bekertjes,4.29,4.29,,,,, 6 x 90 ml,,False,,,,,E,True,AH,https://www.ah.nl/producten/product/wi209567,2026-08-03,Ola Cornetto classico,diepvries
167126,643265,AH Sunniez sinaasappel,AH,diepvries,Diepvries,Room handijs,2.29,2.29,,,,,9 stuks,,False,,,,,C,True,AH,https://www.ah.nl/producten/product/wi167126,2026-08-03,AH Sunniez sinaasappel,diepvries
513999,7827,Dr. Oetker Ristorante pizza mozzarella,Dr. Oetker,diepvries,Diepvries,Pizza (dunne bodem),3.09,3.09,,,,,355 g,prijs per kg €8.70,False,,,,,C,True,AH,https://www.ah.nl/producten/product/wi513999,2026-08-03,Dr. Oetker Ristorante pizza mozzarella,diepvries
188173,624587,Magnum Mini classic almond white,Magnum,diepvries,Diepvries,Room handijs,8.99,8.99,,,,,10 stuks,,False,,,,,E,True,AH,https://www.ah.nl/producten/product/wi188173,2026-08-03,Magnum Mini classic almond white,diepvries
614251,0,Magnum Mini classic almond white 3-pk,Magnum,diepvries,Diepvries,Room handijs,24.27,26.97,10.0,10% volume voordeel,,,3 stuks,,True,AHOO,10% volume voordeel,2026-08-03,2999-12-31,,True,AH,https://www.ah.nl/producten/product/wi614251,2026-08-03,Magnum Mini classic almond white 3-pk,diepvries
62761,524664,Dr. Oetker Big Americans pizza Texas,Dr. Oetker,diepvries,Diepvries,Pizza (dikke bodem),4.99,4.99,,,,,435 g,prijs per kg €11.47,False,,,,,D,True,AH,https://www.ah.nl/producten/product/wi62761,2026-08-03,Dr. Oetker Big Americans pizza Texas,diepvries
226498,809188,AH Sperziebonen gebroken,AH,diepvries,Diepvries,Sperziebonen (diepvries),1.19,1.19,,,,,450 g,prijs per kg €2.64,False,,,,,A,True,AH,https://www.ah.nl/producten/product/wi226498,2026-08-03,AH Sperziebonen gebroken,diepvries
226440,786925,Iglo Spinazie à la crème,Iglo,diepvries,Diepvries,Spinazie (diepvries),2.29,2.29,,,,,750 g,prijs per kg €3.05,False,,,,,A,True,AH,https://www.ah.nl/producten/product/wi226440,2026-08-03,Iglo Spinazie à la crème,diepvries
514806,33805,AH Terra Gepelde edamame boontjes,AH Terra,diepvries,Diepvries,Edamame bonen (diepvries),2.49,2.49,,,,,450 g,prijs per kg €5.53,False,,,,,A,True,AH,https://www.ah.nl/producten/product/wi514806,2026-08-03,AH Terra Gepelde edamame boontjes,diepvries
169184,752060,Aviko Supercrunch originals Franse friet,Aviko,diepvries,Diepvries,Friet (frituur),2.245,2.49,9.8,2 voor 4.49,4.49,2.0,750 g,normale prijs per kg €3.32,True,AH,2 voor 4.49,2026-08-03,2026-08-09,B,True,AH,https://www.ah.nl/producten/product/wi169184,2026-08-03,Aviko Supercrunch originals Franse friet,diepvries
514008,8092,Dr. Oetker Ristorante pizza salami mozzarella pesto,Dr. Oetker,diepvries,Diepvries,Pizza (dunne bodem),3.89,3.89,,,,,360 g,prijs per kg €10.81,False,,,,,D,True,AH,https://www.ah.nl/producten/product/wi514008,2026-08-03,Dr. Oetker Ristorante pizza salami mozzarella pesto,diepvries
164070,631848,AH Doosje met mangostukjes,AH,diepvries,Diepvries,"Mango, ananas (diepvries)",1.99,1.99,,,,,250 g,prijs per kg €7.96,False,,,,,A,True,AH,https://www.ah.nl/producten/product/wi164070,2026-08-03,AH Doosje met mangostukjes,diepvries
568226,0,AH Doosje met mangostukjes 3-pack,AH,diepvries,Diepvries,"Mango, ananas (diepvries)",5.73,5.97,4.0,4% volume voordeel,,,3 stuks,,True,AHOO,4% volume voordeel,2026-08-03,2999-12-31,,True,AH,https://www.ah.nl/producten/product/wi568226,2026-08-03,AH Doosje met mangostukjes 3-pack,diepvries
618731,0,AH Roomboter croissants 2-pack,AH,diepvries,Bakkerij,Diepvries croissants,6.58,6.78,3.0,3% volume voordeel,,,2 stuks,,True,AHOO,3% volume voordeel,2026-08-03,2999-12-31,,True,AH,https://www.ah.nl/producten/product/wi618731,2026-08-03,AH Roomboter croissants 2-pack,diepvries
164157,576171,Wagner Piccolinis mini pizza salami,Wagner,diepvries,Diepvries,Mini pizza's,3.69,3.69,,,,,270 g,prijs per kg €13.67,False,,,,,C,True,AH,https://www.ah.nl/producten/product/wi164157,2026-08-03,Wagner Piccolinis mini pizza salami,diepvries
618732,0,AH Roomboter croissants 4-pack,AH,diepvries,Bakkerij,Diepvries croissants,12.2,13.56,10.0,10% volume voordeel,,,4 stuks,,True,AHOO,10% volume voordeel,2026-08-03,2999-12-31,,True,AH,https://www.ah.nl/producten/product/wi618732,2026-08-03,AH Roomboter croissants 4-pack,diepvries
777,6441,AH Spinazie à la creme,AH,diepvries,Diepvries,Spinazie (diepvries),0.89,0.89,,,,,450 g,prijs per kg €1.98,False,,,,,A,True,AH,https://www.ah.nl/producten/product/wi777,2026-08-03,AH Spinazie à la creme,diepvries
474188,726833,Aviko Supercrunch airfryer dunne friet,Aviko,diepvries,Diepvries,Friet (oven),2.245,2.69,16.5,2 voor 4.49,4.49,2.0,750 g,normale prijs per kg €3.59,True,AH,2 voor 4.49,2026-08-03,2026-08-09,B,True,AH,https://www.ah.nl/producten/product/wi474188,2026-08-03,Aviko Supercrunch airfryer dunne friet,diepvries
173078,767810,Ola Calippo supermix,Ola,diepvries,Diepvries,Waterijs,4.49,4.49,,,,,5 stuks,,False,,,,,C,True,AH,https://www.ah.nl/producten/product/wi173078,2026-08-03,Ola Calippo supermix,diepvries
209479,787936,Hertog Ijssalon mini drie chocolades,Hertog,diepvries,Diepvries,Roomijs pints,1.99,1.99,,,,,200 ml,prijs per liter €9.95,False,,,,,D,True,AH,https://www.ah.nl/producten/product/wi209479,2026-08-03,Hertog Ijssalon mini drie chocolades,diepvries
582492,25170,AH Zoete aardappelblokjes,AH,diepvries,Diepvries,Aardappelpartjes (diepvries),1.69,1.69,,,,,450 g,prijs per kg €3.76,False,,,,,A,True,AH,https://www.ah.nl/producten/product/wi582492,2026-08-03,AH Zoete aardappelblokjes,diepvries
429604,697189,Nestlé Kaktus,Nestlé,diepvries,Diepvries,Waterijs,2.99,3.99,25.0,25% korting,,,9 stuks,,True,AH,25% korting,2026-08-03,2026-08-09,C,True,AH,https://www.ah.nl/producten/product/wi429604,2026-08-03,Nestlé Kaktus,diepvries
582311,25126,AH Nasi bami groente,AH,diepvries,Diepvries,Groentemix (diepvries),1.59,1.59,,,,,450 g,prijs per kg €3.53,False,,,,,A,True,AH,https://www.ah.nl/producten/product/wi582311,2026-08-03,AH Nasi bami groente,diepvries
162681,631745,Magnum Mini almond,Magnum,diepvries,Diepvries,Room handijs,5.99,5.99,,,,,6 stuks,,False,,,,,E,True,AH,https://www.ah.nl/producten/product/wi162681,2026-08-03,Magnum Mini almond,diepvries
417059,688263,AH Zakje met aardbeien,AH,diepvries,Diepvries,Aardbeien (diepvries),4.65,4.65,,,,,1 kg,prijs per kg €4.65,False,,,,,A,True,AH,https://www.ah.nl/producten/product/wi417059,2026-08-03,AH Zakje met aardbeien,diepvries
614249,0,Magnum Mini almond 3-pack,Magnum,diepvries,Diepvries,Room handijs,16.17,17.97,10.0,10% volume voordeel,,,3 stuks,,True,AHOO,10% volume voordeel,2026-08-03,2999-12-31,,True,AH,https://www.ah.nl/producten/product/wi614249,2026-08-03,Magnum Mini almond 3-pack,diepvries
112579,564435,Ola Festini peer,Ola,diepvries,Diepvries,Waterijs,4.39,4.39,,,,,12 stuks,,False,,,,,C,True,AH,https://www.ah.nl/producten/product/wi112579,2026-08-03,Ola Festini peer,diepvries
614228,0,Ola Festini peer 3-pack,Ola,diepvries,Diepvries,Waterijs,11.85,13.17,10.0,10% volume voordeel,,,3 stuks,,True,AHOO,10% volume voordeel,2026-08-03,2999-12-31,,True,AH,https://www.ah.nl/producten/product/wi614228,2026-08-03,Ola Festini peer 3-pack,diepvries
425194,693291,AH Biologisch Doosje met wilde blauwe bessen,AH Biologisch,diepvries,Diepvries,Blauwe bessen (diepvries),3.29,3.29,,,,,250 g,prijs per kg €13.16,False,,,,,A,True,AH,https://www.ah.nl/producten/product/wi425194,2026-08-03,AH Biologisch Doosje met wilde blauwe bessen,diepvries
232379,825137,Kwekkeboom Oven & airfryer rundvlees croquetten,Kwekkeboom,diepvries,Diepvries,Kroket (oven),4.59,4.59,,,,,280 g,prijs per kg €16.39,False,,,,,D,True,AH,https://www.ah.nl/producten/product/wi232379,2026-08-03,Kwekkeboom Oven & airfryer rundvlees croquetten,diepvries
513996,6231,Dr. Oetker Ristorante pizza hawaii,Dr. Oetker,diepvries,Diepvries,Pizza (dunne bodem),3.09,3.09,,,,,355 g,prijs per kg €8.70,False,,,,,C,True,AH,https://www.ah.nl/producten/product/wi513996,2026-08-03,Dr. Oetker Ristorante pizza hawaii,diepvries
486429,741250,Iglo Spinazie à la crème,Iglo,diepvries,Diepvries,Spinazie (diepvries),1.59,1.59,,,,,500 g,prijs per kg €3.18,False,,,,,A,True,AH,https://www.ah.nl/producten/product/wi486429,2026-08-03,Iglo Spinazie à la crème,diepvries
514065,9114,Dr. Oetker Ristorante pizza quattro formaggi,Dr. Oetker,diepvries,Diepvries,Pizza (dunne bodem),3.89,3.89,,,,,340 g,prijs per kg €11.44,False,,,,,D,True,AH,https://www.ah.nl/producten/product/wi514065,2026-08-03,Dr. Oetker Ristorante pizza quattro formaggi,diepvries
617651,0,AH Biologisch Doosje met wilde blauwe bessen 2-pack,AH Biologisch,diepvries,Diepvries,Blauwe bessen (diepvries),6.45,6.58,2.0,2% volume voordeel,,,2 stuks,,True,AHOO,2% volume voordeel,2026-08-03,2999-12-31,,True,AH,https://www.ah.nl/producten/product/wi617651,2026-08-03,AH Organic Box with wild blueberries 2-pack,diepvries
513998,7816,Dr. Oetker Ristorante pizza tonno,Dr. Oetker,diepvries,Diepvries,Pizza (dunne bodem),3.15,3.15,,,,,355 g,prijs per kg €8.87,False,,,,,C,True,AH,https://www.ah.nl/producten/product/wi513998,2026-08-03,Dr. Oetker Ristorante pizza tonno,diepvries
515697,672920,Ben & Jerry's Chocolate fudge brownie,Ben & Jerry's,diepvries,Diepvries,Roomijs pints,2.39,2.39,,1 + 1 gratis,,1.0,100 ml,normale prijs per liter €23.90,True,AH,1 + 1 gratis,2026-08-03,2026-08-09,E,True,AH,https://www.ah.nl/producten/product/wi515697,2026-08-03,Ben & Jerry's Chocolate fudge brownie,diepvries
590452,0,Ben & Jerry's Chocolate fudge brownie 3-pack,Ben & Jerry's,diepvries,Diepvries,Roomijs pints,2.39,4.78,50.0,pakketkorting,,,3 stuks,,True,AHOO,,2026-08-03,2026-08-09,,True,AH,https://www.ah.nl/producten/product/wi590452,2026-08-03,Ben & Jerry's Chocolate fudge brownie 3-pack,diepvries
617653,0,AH Biologisch Doosje met wilde blauwe bessen 4-pack,AH Biologisch,diepvries,Diepvries,Blauwe bessen (diepvries),12.37,13.16,6.0,6% volume voordeel,,,4 stuks,,True,AHOO,6% volume voordeel,2026-08-03,2999-12-31,,True,AH,https://www.ah.nl/producten/product/wi617653,2026-08-03,AH Biologisch Doosje met wilde blauwe bessen 4-pack,diepvries
617652,0,AH Biologisch Doosje met wilde blauwe bessen 3-pack,AH Biologisch,diepvries,Diepvries,Blauwe bessen (diepvries),9.48,9.87,4.0,4% volume voordeel,,,3 stuks,,True,AHOO,4% volume voordeel,2026-08-03,2999-12-31,,True,AH,https://www.ah.nl/producten/product/wi617652,2026-08-03,AH Biologisch Doosje met wilde blauwe bessen 3-pack,diepvries
188379,787935,Hertog Ijssalon mini pecan karamel vanille,Hertog,diepvries,Diepvries,Roomijs pints,1.95,1.95,,,,,200 ml,prijs per liter €9.75,False,,,,,D,True,AH,https://www.ah.nl/producten/product/wi188379,2026-08-03,Hertog Ijssalon mini pecan karamel vanille,diepvries
173815,773325,Aviko Aardappelbolletjes,Aviko,diepvries,Diepvries,Aardappelballetjes (diepvries),2.49,2.49,,,,,600 g,prijs per kg €4.15,False,,,,,C,True,AH,https://www.ah.nl/producten/product/wi173815,2026-08-03,Aviko Aardappelbolletjes,diepvries
614562,0,Aviko Aardappelbolletjes 3-pack,Aviko,diepvries,Diepvries,Aardappelballetjes (diepvries),7.1,7.47,5.0,5% volume voordeel,,,3 stuks,,True,AHOO,5% volume voordeel,2026-08-03,2999-12-31,,True,AH,https://www.ah.nl/producten/product/wi614562,2026-08-03,Aviko Aardappelbolletjes 3-pack,diepvries
170001,754578,AH Doosje met zomerfruit,AH,diepvries,Diepvries,Fruitmix (diepvries),2.19,2.19,,,,,250 g,prijs per kg €8.76,False,,,,,A,True,AH,https://www.ah.nl/producten/product/wi170001,2026-08-03,AH Doosje met zomerfruit,diepvries
597421,0,AH Doosje met zomerfruit 2-pack,AH,diepvries,Diepvries,Fruitmix (diepvries),4.29,4.38,2.0,2% volume voordeel,,,2 stuks,,True,AHOO,2% volume voordeel,2026-08-03,2999-12-31,,True,AH,https://www.ah.nl/producten/product/wi597421,2026-08-03,AH Doosje met zomerfruit 2-pack,diepvries
514004,7934,Dr. Oetker Ristorante pizza pollo,Dr. Oetker,diepvries,Diepvries,Pizza (dunne bodem),3.29,3.29,,,,,355 g,prijs per kg €9.27,False,,,,,C,True,AH,https://www.ah.nl/producten/product/wi514004,2026-08-03,Dr. Oetker Ristorante pizza pollo,diepvries
162664,631742,Ola Liuk,Ola,diepvries,Diepvries,Waterijs,4.69,4.69,,,,,8 stuks,,False,,,,,C,True,AH,https://www.ah.nl/producten/product/wi162664,2026-08-03,Ola Liuk,diepvries
614230,0,Ola Liuk 3-pack,Ola,diepvries,Diepvries,Waterijs,12.66,14.07,10.0,10% volume voordeel,,,3 stuks,,True,AHOO,10% volume voordeel,2026-08-03,2999-12-31,,True,AH,https://www.ah.nl/producten/product/wi614230,2026-08-03,Ola Liuk 3-pack,diepvries
217006,808774,AH Frituur friet,AH,diepvries,Diepvries,Friet (frituur),1.49,1.49,,,,,1 kg,prijs per kg €1.49,False,,,,,A,True,AH,https://www.ah.nl/producten/product/wi217006,2026-08-03,AH Frituur friet,diepvries
226590,807368,Topking Vlam tosti 2-pack,Topking,diepvries,Diepvries,Diepvries tosti's,3.49,3.49,,,,,240 g,prijs per kg €14.54,False,,,,,D,True,AH,https://www.ah.nl/producten/product/wi226590,2026-08-03,Topking Vlam tosti 2-pack,diepvries
582532,25093,AH Roomboter croissants,AH,diepvries,Bakkerij,Diepvries croissants,3.99,3.99,,,,,12 stuks,,False,,,,,D,True,AH,https://www.ah.nl/producten/product/wi582532,2026-08-03,AH Roomboter croissants,diepvries
429644,697273,Magnum Classic,Magnum,diepvries,Diepvries,Room handijs,6.99,6.99,,,,,6 stuks,,False,,,,,E,True,AH,https://www.ah.nl/producten/product/wi429644,2026-08-03,Magnum Classic,diepvries
614244,0,Magnum Classic 3-pck,Magnum,diepvries,Diepvries,Room handijs,18.87,20.97,10.0,10% volume voordeel,,,3 stuks,,True,AHOO,10% volume voordeel,2026-08-03,2999-12-31,,True,AH,https://www.ah.nl/producten/product/wi614244,2026-08-03,Magnum Classic 3-pck,diepvries
163522,633220,Ola Split,Ola,diepvries,Diepvries,Room handijs,5.49,5.49,,,,,9 stuks,,False,,,,,C,True,AH,https://www.ah.nl/producten/product/wi163522,2026-08-03,Ola Split,diepvries
614232,0,Ola Split 3-pack,Ola,diepvries,Diepvries,Room handijs,14.82,16.47,10.0,10% volume voordeel,,,3 stuks,,True,AHOO,10% volume voordeel,2026-08-03,2999-12-31,,True,AH,https://www.ah.nl/producten/product/wi614232,2026-08-03,Ola Split 3-pack,diepvries
192596,794068,Magnum Mini classic,Magnum,diepvries,Diepvries,Room handijs,5.99,5.99,,,,,6 stuks,,False,,,,,E,True,AH,https://www.ah.nl/producten/product/wi192596,2026-08-03,Magnum Mini classic,diepvries
614250,0,Magnum Mini classic 3-pack,Magnum,diepvries,Diepvries,Room handijs,16.17,17.97,10.0,10% volume voordeel,,,3 stuks,,True,AHOO,10% volume voordeel,2026-08-03,2999-12-31,,True,AH,https://www.ah.nl/producten/product/wi614250,2026-08-03,Magnum Mini classic 3-pack,diepvries
571957,13164,Magnum Mini double caramel & billionaire,Magnum,diepvries,Diepvries,Room handijs,6.99,6.99,,,,,6 stuks,,False,,,,,E,True,AH,https://www.ah.nl/producten/product/wi571957,2026-08-03,Magnum Mini double caramel & billionaire,diepvries
614253,0,Magnum Mini double caramel & billionaire 3-pack,Magnum,diepvries,Diepvries,Room handijs,18.87,20.97,10.0,10% volume voordeel,,,3 stuks,,True,AHOO,10% volume voordeel,2026-08-03,2999-12-31,,True,AH,https://www.ah.nl/producten/product/wi614253,2026-08-03,Magnum Mini double caramel & billionaire 3-pack,diepvries
164069,631847,AH Doosje met ananas stukjes,AH,diepvries,Diepvries,"Mango, ananas (diepvries)",1.99,1.99,,,,,250 g,prijs per kg €7.96,False,,,,,A,True,AH,https://www.ah.nl/producten/product/wi164069,2026-08-03,AH Doosje met ananas stukjes,diepvries
596117,0,AH Doosje met ananas stukjes 2-pack,AH,diepvries,Diepvries,"Mango, ananas (diepvries)",3.9,3.98,2.0,2% volume voordeel,,,2 stuks,,True,AHOO,2% volume voordeel,2026-08-03,2999-12-31,,True,AH,https://www.ah.nl/producten/product/wi596117,2026-08-03,AH Doosje met ananas stukjes 2-pack,diepvries
143764,624317,AH Rosti rondjes,AH,diepvries,Diepvries,Rosti (diepvries),1.49,1.49,,,,,600 g,prijs per kg €2.48,False,,,,,C,True,AH,https://www.ah.nl/producten/product/wi143764,2026-08-03,AH Rosti rondjes,diepvries
462810,715821,AH Pizza krokante salami,AH,diepvries,Diepvries,Pizza (dunne bodem),2.49,2.49,,,,,320 g,prijs per kg €7.78,False,,,,,D,True,AH,https://www.ah.nl/producten/product/wi462810,2026-08-03,AH Pizza krokante salami,diepvries
474460,727000,Hertog Ijssalon mini koffie royaal,Hertog,diepvries,Diepvries,Roomijs pints,1.99,1.99,,,,,200 ml,prijs per liter €9.95,False,,,,,D,True,AH,https://www.ah.nl/producten/product/wi474460,2026-08-03,Hertog Ijssalon mini koffie royaal,diepvries
550167,580834,Crosta Mollica Pizzetta margherita 2-pack,Crosta Mollica,diepvries,Diepvries,Pizza (zuurdesem),6.99,6.99,,,,,422 g,prijs per kg €16.56,False,,,,,,True,AH,https://www.ah.nl/producten/product/wi550167,2026-08-03,Crosta Mollica Pizzetta margherita 2-pack,diepvries
615519,0,Crosta & Mollica Pizzetta margherita 3-pack,Crosta & Mollica,diepvries,Diepvries,Pizza (zuurdesem),18.87,20.97,10.0,10% volume voordeel,,,3 stuks,,True,AHOO,10% volume voordeel,2026-08-03,2999-12-31,,True,AH,https://www.ah.nl/producten/product/wi615519,2026-08-03,Crosta & Mollica Pizzetta margherita 3-pack,diepvries
408979,853743,Mora Kipsaté milde pindasaus,Mora,diepvries,Diepvries,Sate (diepvries),2.49,2.49,,,,,160 g,prijs per kg €15.56,False,,,,,C,True,AH,https://www.ah.nl/producten/product/wi408979,2026-08-03,Mora Kipsaté milde pindasaus,diepvries
451103,58668,Ben & Jerry's Caramel chew chew,Ben & Jerry's,diepvries,Diepvries,Schepijs,2.39,2.39,,1 + 1 gratis,,1.0,100 ml,normale prijs per liter €23.90,True,AH,1 + 1 gratis,2026-08-03,2026-08-09,E,True,AH,https://www.ah.nl/producten/product/wi451103,2026-08-03,Ben & Jerry's Caramel chew chew,diepvries
614281,0,Ben & Jerry's Caramel chew chew 3-pack,Ben & Jerry's,diepvries,Diepvries,Schepijs,4.78,7.17,33.3,pakketkorting,,,3 stuks,,True,AHOO,,2026-08-03,2026-08-09,,True,AH,https://www.ah.nl/producten/product/wi614281,2026-08-03,Ben & Jerry's Caramel chew chew 3-pack,diepvries
608016,64559,Iglo Chicken shop crispy chicken tenders,Iglo,diepvries,Diepvries,Kipsnacks (oven),5.99,5.99,,,,,300 g,prijs per kg €19.97,False,,,,,B,True,AH,https://www.ah.nl/producten/product/wi608016,2026-08-03,Iglo Chicken shop crispy chicken tenders,diepvries
565959,3704,Topking Kaastengels oude kaas oven & airfryer,Topking,diepvries,Diepvries,Kaas hapjes (oven),5.35,5.35,,,,,150 g,prijs per kg €35.67,False,,,,,E,True,AH,https://www.ah.nl/producten/product/wi565959,2026-08-03,Topking Kaastengels oude kaas oven & airfryer,diepvries
799,42373,AH Lekkerbekjes,AH,diepvries,Vis,Lekkerbekjes (diepvries),3.19,3.19,,,,,3 x 100 g,prijs per kg €10.63,False,,,,,C,True,AH,https://www.ah.nl/producten/product/wi799,2026-08-03,AH Lekkerbekjes,diepvries
769,6430,AH Spinazie,AH,diepvries,Diepvries,Spinazie (diepvries),0.99,0.99,,,,,450 g,prijs per kg €2.20,False,,,,,A,True,AH,https://www.ah.nl/producten/product/wi769,2026-08-03,AH Spinazie,diepvries
191096,792486,Iglo Vissticks,Iglo,diepvries,Vis,Vissticks (diepvries),4.99,4.99,,,,,20 stuks,prijs per kg €8.91,False,,,,,B,True,AH,https://www.ah.nl/producten/product/wi191096,2026-08-03,Iglo Vissticks,diepvries
615369,0,Iglo Vissticks 3-pack 560 gr,Iglo,diepvries,Vis,Vissticks (diepvries),14.22,14.97,5.0,5% volume voordeel,,,3 stuks,,True,AHOO,5% volume voordeel,2026-08-03,2999-12-31,,True,AH,https://www.ah.nl/producten/product/wi615369,2026-08-03,Iglo Vissticks 3-pack 560 gr,diepvries
57660,516904,AH Roomijs cupjes,AH,diepvries,Diepvries,Roomijs bekertjes,2.99,2.99,,,,,8 stuks,,False,,,,,D,True,AH,https://www.ah.nl/producten/product/wi57660,2026-08-03,AH Roomijs cupjes,diepvries
451463,583158,Mora Crispy chick'n original strips,Mora,diepvries,Diepvries,Kipsnacks (oven),4.29,4.29,,,,,240 g,prijs per kg €17.88,False,,,,,D,True,AH,https://www.ah.nl/producten/product/wi451463,2026-08-03,Mora Crispy chick'n original strips,diepvries
759,6511,AH Roomijs vanille,AH,diepvries,Diepvries,Schepijs,2.79,2.79,,,,,1 l,prijs per liter €2.79,False,,,,,D,True,AH,https://www.ah.nl/producten/product/wi759,2026-08-03,AH Roomijs vanille,diepvries
170625,754730,AH Frikandel,AH,diepvries,Diepvries,Frikandel (frituur),3.79,3.79,,,,,20 stuks,prijs per kg €2.71,False,,,,,D,True,AH,https://www.ah.nl/producten/product/wi170625,2026-08-03,AH Frikandel,diepvries
583946,0,AH Frikandel 2-pack,AH,diepvries,Diepvries,Frikandel (frituur),7.2,7.58,5.0,5% volume voordeel,,,2 stuks,,True,AHOO,5% volume voordeel,2026-08-03,2999-12-31,,True,AH,https://www.ah.nl/producten/product/wi583946,2026-08-03,AH Frikandel 2-pack,diepvries
441707,705312,AH Doosje met passievruchtblokjes,AH,diepvries,Diepvries,Fruitmix (diepvries),2.79,2.79,,,,,250 g,prijs per kg €11.16,False,,,,,A,True,AH,https://www.ah.nl/producten/product/wi441707,2026-08-03,AH Doosje met passievruchtblokjes,diepvries
514010,9480,Dr. Oetker Casa di mama pizza salami,Dr. Oetker,diepvries,Diepvries,Pizza (dunne bodem),4.29,4.29,,,,,390 g,prijs per kg €11.00,False,,,,,D,True,AH,https://www.ah.nl/producten/product/wi514010,2026-08-03,Dr. Oetker Casa di mama pizza salami,diepvries
514001,7866,Dr. Oetker Ristorante pizza speciale,Dr. Oetker,diepvries,Diepvries,Pizza (dunne bodem),3.89,3.89,,,,,345 g,prijs per kg €11.28,False,,,,,D,True,AH,https://www.ah.nl/producten/product/wi514001,2026-08-03,Dr. Oetker Ristorante pizza speciale,diepvries
429647,697276,Magnum Almond,Magnum,diepvries,Diepvries,Room handijs,6.99,6.99,,,,,6 stuks,,False,,,,,E,True,AH,https://www.ah.nl/producten/product/wi429647,2026-08-03,Magnum Almond,diepvries
580674,23751,AH Extra krokante friet,AH,diepvries,Diepvries,Friet (oven),2.19,2.19,,,,,750 g,prijs per kg €2.92,False,,,,,B,True,AH,https://www.ah.nl/producten/product/wi580674,2026-08-03,AH Extra krokante friet,diepvries
173817,773327,Aviko Aardappel dobbelsteentjes,Aviko,diepvries,Diepvries,Aardappelballetjes (diepvries),2.69,2.69,,,,,750 g,prijs per kg €3.59,False,,,,,A,True,AH,https://www.ah.nl/producten/product/wi173817,2026-08-03,Aviko Aardappel dobbelsteentjes,diepvries
614559,0,Aviko Aardappel dobbelsteentjes 3-pack,Aviko,diepvries,Diepvries,Aardappelballetjes (diepvries),7.67,8.07,5.0,5% volume voordeel,,,3 stuks,,True,AHOO,5% volume voordeel,2026-08-03,2999-12-31,,True,AH,https://www.ah.nl/producten/product/wi614559,2026-08-03,Aviko Aardappel dobbelsteentjes 3-pack,diepvries
614239,0,Magnum Almond 3-pck,Magnum,diepvries,Diepvries,Room handijs,18.87,20.97,10.0,10% volume voordeel,,,3 stuks,,True,AHOO,10% volume voordeel,2026-08-03,2999-12-31,,True,AH,https://www.ah.nl/producten/product/wi614239,2026-08-03,Magnum Almond 3-pck,diepvries
614254,0,Magnum Mini double caramel 3-pack,Magnum,diepvries,Diepvries,Room handijs,19.41,21.57,10.0,10% volume voordeel,,,3 stuks,,True,AHOO,10% volume voordeel,2026-08-03,2999-12-31,,True,AH,https://www.ah.nl/producten/product/wi614254,2026-08-03,Magnum Mini double caramel 3-pack,diepvries
474190,727003,AH Regenboog ijsjes,AH,diepvries,Diepvries,Waterijs,2.15,2.15,,,,,8 stuks,,False,,,,,C,True,AH,https://www.ah.nl/producten/product/wi474190,2026-08-03,AH Regenboog ijsjes,diepvries
597419,0,AH Doosje met passievruchtblokjes 2-pack,AH,diepvries,Diepvries,Fruitmix (diepvries),5.47,5.58,2.0,2% volume voordeel,,,2 stuks,,True,AHOO,2% volume voordeel,2026-08-03,2999-12-31,,True,AH,https://www.ah.nl/producten/product/wi597419,2026-08-03,AH Doosje met passievruchtblokjes 2-pack,diepvries
494036,748706,Magnum Double gold caramel billionaire,Magnum,diepvries,Diepvries,Room handijs,5.79,5.79,,,,,4 stuks,,False,,,,,E,True,AH,https://www.ah.nl/producten/product/wi494036,2026-08-03,Magnum Double gold caramel billionaire,diepvries
608090,64925,Snickers White ice bar,Snickers,diepvries,Diepvries,Room handijs,4.39,4.39,,,,,5 stuks,,False,,,,,E,True,AH,https://www.ah.nl/producten/product/wi608090,2026-08-03,Snickers White ice bar,diepvries
614247,0,Magnum Double gold caramel billionaire 3-pk,Magnum,diepvries,Diepvries,Room handijs,15.63,17.37,10.0,10% volume voordeel,,,3 stuks,,True,AHOO,10% volume voordeel,2026-08-03,2999-12-31,,True,AH,https://www.ah.nl/producten/product/wi614247,2026-08-03,Magnum Double gold caramel billionaire 3-pk,diepvries
162671,631845,AH Doosje met blauwe bessen,AH,diepvries,Diepvries,Blauwe bessen (diepvries),2.69,2.69,,,,,250 g,prijs per kg €10.76,False,,,,,A,True,AH,https://www.ah.nl/producten/product/wi162671,2026-08-03,AH Doosje met blauwe bessen,diepvries
167318,643597,Wagner Piccolinis mini pizza tomaat mozzarella,Wagner,diepvries,Diepvries,Mini pizza's,3.69,3.69,,,,,270 g,prijs per kg €13.67,False,,,,,B,True,AH,https://www.ah.nl/producten/product/wi167318,2026-08-03,Wagner Piccolinis mini pizza tomaat mozzarella,diepvries
579351,0,AH Doosje met blauwe bessen 2-pack,AH,diepvries,Diepvries,Blauwe bessen (diepvries),5.27,5.38,2.0,2% volume voordeel,,,2 stuks,,True,AHOO,2% volume voordeel,2026-08-03,2999-12-31,,True,AH,https://www.ah.nl/producten/product/wi579351,2026-08-03,AH Doosje met blauwe bessen 2-pack,diepvries
107,624313,AH Aardappelballetjes,AH,diepvries,Diepvries,Aardappelballetjes (diepvries),1.99,1.99,,,,,600 g,prijs per kg €3.32,False,,,,,C,True,AH,https://www.ah.nl/producten/product/wi107,2026-08-03,AH Aardappelballetjes,diepvries
582549,25169,AH Zakje met mango stukjes,AH,diepvries,Diepvries,"Mango, ananas (diepvries)",7.99,7.99,,,,,1 kg,prijs per kg €7.99,False,,,,,A,True,AH,https://www.ah.nl/producten/product/wi582549,2026-08-03,AH Zakje met mango stukjes,diepvries
607082,62784,Ola Mini solero exotic berry,Ola,diepvries,Diepvries,Room handijs,4.99,4.99,,,,,6 stuks,,False,,,,,C,True,AH,https://www.ah.nl/producten/product/wi607082,2026-08-03,Ola Mini solero exotic berry,diepvries
183521,773329,Aviko Aardappelkroketjes,Aviko,diepvries,Diepvries,Aardappelkroketten (diepvries),2.89,2.89,,,,,750 g,prijs per kg €3.85,False,,,,,C,True,AH,https://www.ah.nl/producten/product/wi183521,2026-08-03,Aviko Aardappelkroketjes,diepvries
614563,0,Aviko Aardappelkroketjes 3-pack,Aviko,diepvries,Diepvries,Aardappelkroketten (diepvries),8.24,8.67,5.0,5% volume voordeel,,,3 stuks,,True,AHOO,5% volume voordeel,2026-08-03,2999-12-31,,True,AH,https://www.ah.nl/producten/product/wi614563,2026-08-03,Aviko Aardappelkroketjes 3-pack,diepvries
608094,64952,Twix Karamel cookie ice bar,Twix,diepvries,Diepvries,Room handijs,4.39,4.39,,,,,5 stuks,,False,,,,,E,True,AH,https://www.ah.nl/producten/product/wi608094,2026-08-03,Twix Karamel cookie ice bar,diepvries
613776,0,Twix Karamel cookie ice bar 2-pack,Twix,diepvries,Diepvries,Room handijs,7.9,8.78,10.0,10% volume voordeel,,,2 stuks,,True,AHOO,10% volume voordeel,2026-08-03,2999-12-31,,True,AH,https://www.ah.nl/producten/product/wi613776,2026-08-03,Twix Karamel cookie ice bar 2-pack,diepvries
621014,0,AH Zakje met mango stukjes 2-pack,AH,diepvries,Diepvries,"Mango, ananas (diepvries)",15.66,15.98,2.0,2% volume voordeel,,,2 stuks,,True,AHOO,2% volume voordeel,2026-08-03,2999-12-31,,True,AH,https://www.ah.nl/producten/product/wi621014,2026-08-03,AH Zakje met mango stukjes 2-pack,diepvries
237651,828905,Iglo Viskraam lekkerbekjes familieverpakking,Iglo,diepvries,Vis,Lekkerbekjes (diepvries),8.89,8.89,,,,,4 x 120 g,prijs per kg €18.52,False,,,,,C,True,AH,https://www.ah.nl/producten/product/wi237651,2026-08-03,Iglo Viskraam lekkerbekjes familieverpakking,diepvries
582314,25128,AH Roerbakgroente Italiaans,AH,diepvries,Diepvries,Groentemix (diepvries),1.49,1.49,,,,,450 g,prijs per kg €3.31,False,,,,,A,True,AH,https://www.ah.nl/producten/product/wi582314,2026-08-03,AH Roerbakgroente Italiaans,diepvries
615366,0,Iglo Viskraam lekkerbekjes familieverpak 3pk,Iglo,diepvries,Vis,Lekkerbekjes (diepvries),25.34,26.67,5.0,5% volume voordeel,,,3 stuks,,True,AHOO,5% volume voordeel,2026-08-03,2999-12-31,,True,AH,https://www.ah.nl/producten/product/wi615366,2026-08-03,Iglo Fish stall tasty treats family pack 3pk,diepvries
621016,0,AH Zakje met mango stukjes 4-pack,AH,diepvries,Diepvries,"Mango, ananas (diepvries)",30.04,31.96,6.0,6% volume voordeel,,,4 stuks,,True,AHOO,6% volume voordeel,2026-08-03,2999-12-31,,True,AH,https://www.ah.nl/producten/product/wi621016,2026-08-03,AH Zakje met mango stukjes 4-pack,diepvries
621015,0,AH Zakje met mango stukjes 3-pack,AH,diepvries,Diepvries,"Mango, ananas (diepvries)",23.01,23.97,4.0,4% volume voordeel,,,3 stuks,,True,AHOO,4% volume voordeel,2026-08-03,2999-12-31,,True,AH,https://www.ah.nl/producten/product/wi621015,2026-08-03,AH Bag with mango pieces 3-pack,diepvries
217015,809192,AH Hollandse snijbonen,AH,diepvries,Diepvries,Snijbonen (diepvries),1.69,1.69,,,,,450 g,prijs per kg €3.76,False,,,,,A,True,AH,https://www.ah.nl/producten/product/wi217015,2026-08-03,AH Hollandse snijbonen,diepvries
220407,815523,Mora Oven & airfryer frikandellen,Mora,diepvries,Diepvries,Frikandel (oven),2.49,2.49,,,,,4 x 70 g,prijs per kg €8.89,False,,,,,D,True,AH,https://www.ah.nl/producten/product/wi220407,2026-08-03,Mora Oven & airfryer frikandellen,diepvries
429645,697274,Magnum White chocolate,Magnum,diepvries,Diepvries,Room handijs,6.99,6.99,,,,,6 stuks,,False,,,,,E,True,AH,https://www.ah.nl/producten/product/wi429645,2026-08-03,Magnum White chocolate,diepvries
565210,3365,Bibigo Gyoza chicken & vegetable,Bibigo,diepvries,Diepvries,Gyoza's (diepvries),4.49,4.49,,,,,300 g,prijs per kg €14.97,False,,,,,C,True,AH,https://www.ah.nl/producten/product/wi565210,2026-08-03,Bibigo Gyoza chicken & vegetable,diepvries
614260,0,Magnum White chocolate 3-pack,Magnum,diepvries,Diepvries,Room handijs,18.87,20.97,10.0,10% volume voordeel,,,3 stuks,,True,AHOO,10% volume voordeel,2026-08-03,2999-12-31,,True,AH,https://www.ah.nl/producten/product/wi614260,2026-08-03,Magnum White chocolate 3-pack,diepvries
192604,794144,AH Sinas en cola ijsjes,AH,diepvries,Diepvries,Waterijs,2.29,2.29,,,,,6 stuks,,False,,,,,C,True,AH,https://www.ah.nl/producten/product/wi192604,2026-08-03,AH Sinas en cola ijsjes,diepvries
1884,644306,Ola Raket,Ola,diepvries,Diepvries,Waterijs,2.99,2.99,,,,,9 stuks,,False,,,,,C,True,AH,https://www.ah.nl/producten/product/wi1884,2026-08-03,Ola Raket,diepvries
474583,727014,Nestlé Pirulo frutti,Nestlé,diepvries,Diepvries,Waterijs,2.99,3.99,25.0,25% korting,,,5 stuks,,True,AH,25% korting,2026-08-03,2026-08-09,C,True,AH,https://www.ah.nl/producten/product/wi474583,2026-08-03,Nestlé Pirulo frutti,diepvries
582548,25168,AH Zakje met zomer fruit,AH,diepvries,Diepvries,Fruitmix (diepvries),7.99,7.99,,,,,1 kg,prijs per kg €7.99,False,,,,,A,True,AH,https://www.ah.nl/producten/product/wi582548,2026-08-03,AH Zakje met zomer fruit,diepvries
621017,0,AH Zakje met zomer fruit 2-pack,AH,diepvries,Diepvries,Fruitmix (diepvries),15.66,15.98,2.0,2% volume voordeel,,,2 stuks,,True,AHOO,2% volume voordeel,2026-08-03,2999-12-31,,True,AH,https://www.ah.nl/producten/product/wi621017,2026-08-03,AH Zakje met zomer fruit 2-pack,diepvries
98976,535401,Ben & Jerry's Cookie dough,Ben & Jerry's,diepvries,Diepvries,Roomijs pints,7.89,7.89,,1 + 1 gratis,,1.0,465 ml,normale prijs per liter €16.97,True,AH,1 + 1 gratis,2026-08-03,2026-08-09,E,True,AH,https://www.ah.nl/producten/product/wi98976,2026-08-03,Ben & Jerry's Cookie dough,diepvries
585189,0,Ben & Jerry's Cookie Dough 2-pack,Ben & Jerry's,diepvries,Diepvries,Roomijs pints,7.89,15.78,50.0,pakketkorting,,,2 stuks,,True,AHOO,,2026-08-03,2026-08-09,,True,AH,https://www.ah.nl/producten/product/wi585189,2026-08-03,Ben & Jerry's Cookie Dough 2-pack,diepvries
621018,0,AH Zakje met zomer fruit 3-pack,AH,diepvries,Diepvries,Fruitmix (diepvries),23.01,23.97,4.0,4% volume voordeel,,,3 stuks,,True,AHOO,4% volume voordeel,2026-08-03,2999-12-31,,True,AH,https://www.ah.nl/producten/product/wi621018,2026-08-03,AH Zakje met zomer fruit 3-pack,diepvries
621019,0,AH Zakje met zomer fruit 4-pack,AH,diepvries,Diepvries,Fruitmix (diepvries),30.04,31.96,6.0,6% volume voordeel,,,4 stuks,,True,AHOO,6% volume voordeel,2026-08-03,2999-12-31,,True,AH,https://www.ah.nl/producten/product/wi621019,2026-08-03,AH Zakje met zomer fruit 4-pack,diepvries
582316,25135,Iglo Viskraam kibbeling,Iglo,diepvries,Vis,Kibbeling (diepvries),4.99,4.99,,,,,245 g,prijs per kg €20.37,False,,,,,A,True,AH,https://www.ah.nl/producten/product/wi582316,2026-08-03,Iglo Viskraam kibbeling,diepvries
615364,0,Iglo Viskraam kibbeling 3-pack,Iglo,diepvries,Vis,Kibbeling (diepvries),14.22,14.97,5.0,5% volume voordeel,,,3 stuks,,True,AHOO,5% volume voordeel,2026-08-03,2999-12-31,,True,AH,https://www.ah.nl/producten/product/wi615364,2026-08-03,Iglo Viskraam kibbeling 3-pack,diepvries
401811,850410,Topking Tosti's ham & kaas,Topking,diepvries,Diepvries,Diepvries tosti's,3.15,3.15,,,,,210 g,prijs per kg €15.00,False,,,,,D,True,AH,https://www.ah.nl/producten/product/wi401811,2026-08-03,Topking Tosti's ham & kaas,diepvries
582307,25221,Mora Oven & airfryer frikandellen,Mora,diepvries,Diepvries,Frikandel (oven),4.99,4.99,,,,,560 g,prijs per kg €8.91,False,,,,,D,True,AH,https://www.ah.nl/producten/product/wi582307,2026-08-03,Mora Oven & airfryer frikandellen,diepvries
195089,794930,Aviko Rösti rondjes naturel,Aviko,diepvries,Diepvries,Rosti (diepvries),2.89,2.89,,,,,750 g,prijs per kg €3.85,False,,,,,C,True,AH,https://www.ah.nl/producten/product/wi195089,2026-08-03,Aviko Rösti rondjes naturel,diepvries
614576,0,Aviko Rösti rondjes naturel 3-pack,Aviko,diepvries,Diepvries,Rosti (diepvries),8.24,8.67,5.0,5% volume voordeel,,,3 stuks,,True,AHOO,5% volume voordeel,2026-08-03,2999-12-31,,True,AH,https://www.ah.nl/producten/product/wi614576,2026-08-03,Aviko Rösti rondjes naturel 3-pack,diepvries
617808,0,AH Doosje met passievruchtblokjes 4-pack,AH,diepvries,Diepvries,Fruitmix (diepvries),10.49,11.16,6.0,6% volume voordeel,,,4 stuks,,True,AHOO,6% volume voordeel,2026-08-03,2999-12-31,,True,AH,https://www.ah.nl/producten/product/wi617808,2026-08-03,AH Doosje met passievruchtblokjes 4-pack,diepvries
513997,7389,Dr. Oetker Ristorante pizza funghi,Dr. Oetker,diepvries,Diepvries,Pizza (dunne bodem),3.29,3.29,,,,,365 g,prijs per kg €9.01,False,,,,,C,True,AH,https://www.ah.nl/producten/product/wi513997,2026-08-03,Dr. Oetker Ristorante pizza funghi,diepvries
383542,842893,Kwekkeboom Borrelmix hapjes,Kwekkeboom,diepvries,Diepvries,Borrelmix (oven),5.49,5.49,,,,,260 g,prijs per kg €21.12,False,,,,,D,True,AH,https://www.ah.nl/producten/product/wi383542,2026-08-03,Kwekkeboom Borrelmix hapjes,diepvries
617807,0,AH Doosje met passievruchtblokjes 3-pack,AH,diepvries,Diepvries,Fruitmix (diepvries),8.04,8.37,4.0,4% volume voordeel,,,3 stuks,,True,AHOO,4% volume voordeel,2026-08-03,2999-12-31,,True,AH,https://www.ah.nl/producten/product/wi617807,2026-08-03,AH Doosje met passievruchtblokjes 3-pack,diepvries
371595,836614,AH Garnalen rauw en gepeld,AH,diepvries,Vis,Garnalen (diepvries),4.99,4.99,,,,,225 g,prijs per kg €22.18,False,,,,,A,True,AH,https://www.ah.nl/producten/product/wi371595,2026-08-03,AH Shrimp raw and peeled,diepvries
150182,624316,AH Aardappelpartjes knoflook en rozemarijn,AH,diepvries,Diepvries,Aardappelpartjes (diepvries),1.79,1.79,,,,,600 g,prijs per kg €2.98,False,,,,,B,True,AH,https://www.ah.nl/producten/product/wi150182,2026-08-03,"AH Potato wedges, garlic and rosemary",diepvries
232380,825138,Hebro Saté ajam,Hebro,diepvries,Diepvries,Sate (diepvries),2.15,2.15,,,,,172 g,prijs per kg €12.50,False,,,,,C,True,AH,https://www.ah.nl/producten/product/wi232380,2026-08-03,Hebro Saté ajam,diepvries
162673,631850,AH Doosje met aardbeien,AH,diepvries,Diepvries,Aardbeien (diepvries),1.69,1.69,,,,,225 g,prijs per kg €7.51,False,,,,,A,True,AH,https://www.ah.nl/producten/product/wi162673,2026-08-03,AH Doosje met aardbeien,diepvries
596116,0,AH Doosje met aardbeien 2-pack,AH,diepvries,Diepvries,Aardbeien (diepvries),3.31,3.38,2.0,2% volume voordeel,,,2 stuks,,True,AHOO,2% volume voordeel,2026-08-03,2999-12-31,,True,AH,https://www.ah.nl/producten/product/wi596116,2026-08-03,AH Doosje met aardbeien 2-pack,diepvries
209566,803966,Hertog Ijssalon mini aardbeien meringue,Hertog,diepvries,Diepvries,Roomijs pints,1.89,1.89,,,,,200 ml,prijs per liter €9.45,False,,,,,D,True,AH,https://www.ah.nl/producten/product/wi209566,2026-08-03,Hertog Ijssalon mini aardbeien meringue,diepvries
550323,721519,AH Doosje met aardbei banaan,AH,diepvries,Diepvries,Fruitmix (diepvries),1.59,1.59,,,,,250 g,prijs per kg €6.36,False,,,,,A,True,AH,https://www.ah.nl/producten/product/wi550323,2026-08-03,AH Doosje met aardbei banaan,diepvries
141487,615432,LambWeston Twister fries seasoned,LambWeston,diepvries,Diepvries,Friet (oven),2.29,2.29,,,,,600 g,prijs per kg €3.82,False,,,,,C,True,AH,https://www.ah.nl/producten/product/wi141487,2026-08-03,LambWeston Twister fries seasoned,diepvries
582336,25164,AH Zakje met banaan plakjes,AH,diepvries,Diepvries,Fruitmix (diepvries),4.99,4.99,,,,,1 kg,prijs per kg €4.99,False,,,,,A,True,AH,https://www.ah.nl/producten/product/wi582336,2026-08-03,AH Zakje met banaan plakjes,diepvries
115964,568853,Dr. Oetker Big Americans pizza BBQ chicken,Dr. Oetker,diepvries,Diepvries,Pizza (dikke bodem),4.99,4.99,,,,,460 g,prijs per kg €10.85,False,,,,,C,True,AH,https://www.ah.nl/producten/product/wi115964,2026-08-03,Dr. Oetker Big Americans pizza BBQ chicken,diepvries
601075,0,AH Doosje met aardbei banaan 2-pack,AH,diepvries,Diepvries,Fruitmix (diepvries),3.12,3.18,2.0,2% volume voordeel,,,2 stuks,,True,AHOO,2% volume voordeel,2026-08-03,2999-12-31,,True,AH,https://www.ah.nl/producten/product/wi601075,2026-08-03,AH Doosje met aardbei banaan 2-pack,diepvries
574682,15886,AH 99% fruitijs blauwe bes appel & gember,AH,diepvries,Diepvries,Waterijs,3.49,3.49,,,,,5 stuks,,False,,,,,A,True,AH,https://www.ah.nl/producten/product/wi574682,2026-08-03,AH 99% fruitijs blauwe bes appel & gember,diepvries
141565,615766,AH Wilde zalmfilets,AH,diepvries,Vis,Zalm (diepvries),6.99,6.99,,,,,675 g,prijs per kg €10.36,False,,,,,A,True,AH,https://www.ah.nl/producten/product/wi141565,2026-08-03,AH Wilde zalmfilets,diepvries
474126,726841,LambWeston Rustic fries,LambWeston,diepvries,Diepvries,Friet (oven),2.99,2.99,,,,,750 g,prijs per kg €3.99,False,,,,,B,True,AH,https://www.ah.nl/producten/product/wi474126,2026-08-03,LambWeston Rustic fries,diepvries
607078,62776,Magnum Mini pistache,Magnum,diepvries,Diepvries,Room handijs,6.99,6.99,,,,,6 stuks,,False,,,,,E,True,AH,https://www.ah.nl/producten/product/wi607078,2026-08-03,Magnum Mini pistache,diepvries
237604,787822,Koopmans Bladerdeeg origineel,Koopmans,diepvries,Diepvries,"Diepvries bladerdeeg, filodeeg",1.49,1.49,,,,,450 g,prijs per kg €3.31,False,,,,,E,True,AH,https://www.ah.nl/producten/product/wi237604,2026-08-03,Koopmans Puff Pastry original,diepvries
62060,538520,Magnum Mini classic almond white,Magnum,diepvries,Diepvries,Room handijs,5.99,5.99,,,,,6 stuks,,False,,,,,E,True,AH,https://www.ah.nl/producten/product/wi62060,2026-08-03,Magnum Mini classic almond white,diepvries
614252,0,Magnum Mini classic almond white 3-pack,Magnum,diepvries,Diepvries,Room handijs,16.17,17.97,10.0,10% volume voordeel,,,3 stuks,,True,AHOO,10% volume voordeel,2026-08-03,2999-12-31,,True,AH,https://www.ah.nl/producten/product/wi614252,2026-08-03,Magnum Mini classic almond white 3-pack,diepvries
169011,752053,Mora Originals kipkorn,Mora,diepvries,Diepvries,Kipsnacks (oven),3.99,3.99,,,,,300 g,prijs per kg €13.30,False,,,,,D,True,AH,https://www.ah.nl/producten/product/wi169011,2026-08-03,Mora Originals kipkorn,diepvries
191460,794221,Mora Loempia kip & ham,Mora,diepvries,Diepvries,Loempia's (frituur),1.79,1.79,,,,,175 g,prijs per kg €10.23,False,,,,,C,True,AH,https://www.ah.nl/producten/product/wi191460,2026-08-03,Mora Loempia kip & ham,diepvries
169186,752062,Aviko Oma's smulfriet,Aviko,diepvries,Diepvries,Friet (oven),2.245,2.89,22.3,2 voor 4.49,4.49,2.0,750 g,normale prijs per kg €3.85,True,AH,2 voor 4.49,2026-08-03,2026-08-09,A,True,AH,https://www.ah.nl/producten/product/wi169186,2026-08-03,Aviko Oma's smulfriet,diepvries
582315,25130,AH Roerbakgroente Mexicaans,AH,diepvries,Diepvries,Groentemix (diepvries),1.79,1.79,,,,,450 g,prijs per kg €3.98,False,,,,,A,True,AH,https://www.ah.nl/producten/product/wi582315,2026-08-03,AH Roerbakgroente Mexicaans,diepvries
571971,13173,Nestlé Pirulo fruit joy,Nestlé,diepvries,Diepvries,Waterijs,2.99,3.99,25.0,25% korting,,,5 stuks,,True,AH,25% korting,2026-08-03,2026-08-09,C,True,AH,https://www.ah.nl/producten/product/wi571971,2026-08-03,Nestlé Pirulo fruit joy,diepvries
590659,37612,Nestlé Pirulo mango,Nestlé,diepvries,Diepvries,Waterijs,3.14,4.19,25.0,25% korting,,,5 stuks,,True,AH,25% korting,2026-08-03,2026-08-09,C,True,AH,https://www.ah.nl/producten/product/wi590659,2026-08-03,Nestlé Pirulo mango,diepvries
599401,48651,AH Ijs spinners,AH,diepvries,Diepvries,Room handijs,2.15,2.15,,,,,7 stuks,,False,,,,,C,True,AH,https://www.ah.nl/producten/product/wi599401,2026-08-03,AH Ijs spinners,diepvries
232374,825131,Kwekkeboom Oven bitterballen,Kwekkeboom,diepvries,Diepvries,Bitterballen (oven),4.99,4.99,,,,,12 stuks,prijs per kg €16.63,False,,,,,D,True,AH,https://www.ah.nl/producten/product/wi232374,2026-08-03,Kwekkeboom Oven bitterballen,diepvries
589926,36352,Ola Twister mini pineapple,Ola,diepvries,Diepvries,Waterijs,3.19,3.19,,,,,6 stuks,,False,,,,,C,True,AH,https://www.ah.nl/producten/product/wi589926,2026-08-03,Ola Twister mini pineapple,diepvries
226361,631735,Bonduelle Franse sperzieboontjes zeer fijn,Bonduelle,diepvries,Diepvries,Sperziebonen (diepvries),2.39,2.39,,,,,400 g,prijs per kg €5.98,False,,,,,A,True,AH,https://www.ah.nl/producten/product/wi226361,2026-08-03,Bonduelle Franse sperzieboontjes zeer fijn,diepvries
226504,809229,Iglo Viskraam lekkerbekjes,Iglo,diepvries,Vis,Lekkerbekjes (diepvries),4.99,4.99,,,,,2 x 120 g,prijs per kg €20.79,False,,,,,C,True,AH,https://www.ah.nl/producten/product/wi226504,2026-08-03,Iglo Viskraam lekkerbekjes,diepvries
557065,91445,AH 99% fruitijs watermeloen appel munt,AH,diepvries,Diepvries,Waterijs,3.49,3.49,,,,,5 stuks,,False,,,,,A,True,AH,https://www.ah.nl/producten/product/wi557065,2026-08-03,AH 99% fruitijs watermeloen appel munt,diepvries
615365,0,Iglo Viskraam lekkerbekjes 3-pack,Iglo,diepvries,Vis,Lekkerbekjes (diepvries),14.22,14.97,5.0,5% volume voordeel,,,3 stuks,,True,AHOO,5% volume voordeel,2026-08-03,2999-12-31,,True,AH,https://www.ah.nl/producten/product/wi615365,2026-08-03,Iglo Viskraam lekkerbekjes 3-pack,diepvries
430431,697888,Aviko Mini aardappel kroketjes,Aviko,diepvries,Diepvries,Aardappelkroketten (diepvries),2.99,2.99,,,,,600 g,prijs per kg €4.98,False,,,,,C,True,AH,https://www.ah.nl/producten/product/wi430431,2026-08-03,Aviko Mini aardappel kroketjes,diepvries
614571,0,Aviko Mini aardappel kroketjes 3-pack,Aviko,diepvries,Diepvries,Aardappelkroketten (diepvries),8.52,8.97,5.0,5% volume voordeel,,,3 stuks,,True,AHOO,5% volume voordeel,2026-08-03,2999-12-31,,True,AH,https://www.ah.nl/producten/product/wi614571,2026-08-03,Aviko Mini aardappel kroketjes 3-pack,diepvries
582491,25163,AH Doosje met kiwi schijfjes,AH,diepvries,Diepvries,Fruitmix (diepvries),1.99,1.99,,,,,250 g,prijs per kg €7.96,False,,,,,A,True,AH,https://www.ah.nl/producten/product/wi582491,2026-08-03,AH Doosje met kiwi schijfjes,diepvries
170005,754596,AH Doosje met blauwe bes framboos,AH,diepvries,Diepvries,Blauwe bessen (diepvries),2.99,2.99,,,,,250 g,prijs per kg €11.96,False,,,,,A,True,AH,https://www.ah.nl/producten/product/wi170005,2026-08-03,AH Doosje met blauwe bes framboos,diepvries
601076,0,AH Doosje met blauwe bes framboos 2-pack,AH,diepvries,Diepvries,Blauwe bessen (diepvries),5.86,5.98,2.0,2% volume voordeel,,,2 stuks,,True,AHOO,2% volume voordeel,2026-08-03,2999-12-31,,True,AH,https://www.ah.nl/producten/product/wi601076,2026-08-03,AH Doosje met blauwe bes framboos 2-pack,diepvries
39826,67807,AH Koolvisfilet,AH,diepvries,Vis,Koolvis (diepvries),3.35,3.35,,,,,400 g,prijs per kg €8.38,False,,,,,A,True,AH,https://www.ah.nl/producten/product/wi39826,2026-08-03,AH Coalfish fillet,diepvries
132554,594947,AH Ah chantilly karamel,AH,diepvries,Diepvries,Roomijs bekertjes,3.29,3.29,,,,,6 stuks,,False,,,,,D,True,AH,https://www.ah.nl/producten/product/wi132554,2026-08-03,AH Ah chantilly karamel,diepvries
165152,629409,Aviko Supercrunch oven pommes frites,Aviko,diepvries,Diepvries,Friet (oven),2.245,2.89,22.3,2 voor 4.49,4.49,2.0,750 g,normale prijs per kg €3.85,True,AH,2 voor 4.49,2026-08-03,2026-08-09,A,True,AH,https://www.ah.nl/producten/product/wi165152,2026-08-03,Aviko Supercrunch oven pommes frites,diepvries
226471,804002,Ola Solero exotic,Ola,diepvries,Diepvries,Room handijs,4.79,4.79,,,,,3 stuks,,False,,,,,C,True,AH,https://www.ah.nl/producten/product/wi226471,2026-08-03,Ola Solero exotic,diepvries
601078,0,AH Doosje met kiwi schijfjes 2-pack,AH,diepvries,Diepvries,Fruitmix (diepvries),3.9,3.98,2.0,2% volume voordeel,,,2 stuks,,True,AHOO,2% volume voordeel,2026-08-03,2999-12-31,,True,AH,https://www.ah.nl/producten/product/wi601078,2026-08-03,AH Doosje met kiwi schijfjes 2-pack,diepvries
614231,0,Ola Solero exotic 3-pack,Ola,diepvries,Diepvries,Room handijs,12.93,14.37,10.0,10% volume voordeel,,,3 stuks,,True,AHOO,10% volume voordeel,2026-08-03,2999-12-31,,True,AH,https://www.ah.nl/producten/product/wi614231,2026-08-03,Ola Solero exotic 3-pack,diepvries
589901,35370,Magnum Utopia double cherry,Magnum,diepvries,Diepvries,Room handijs,4.59,4.59,,,,,3 stuks,,False,,,,,E,True,AH,https://www.ah.nl/producten/product/wi589901,2026-08-03,Magnum Utopia double cherry,diepvries
614256,0,Magnum Utopia double cherry 3-pack,Magnum,diepvries,Diepvries,Room handijs,12.39,13.77,10.0,10% volume voordeel,,,3 stuks,,True,AHOO,10% volume voordeel,2026-08-03,2999-12-31,,True,AH,https://www.ah.nl/producten/product/wi614256,2026-08-03,Magnum Utopia double cherry 3-pack,diepvries
434485,699015,Ola Cornetto gluten free vegan,Ola,diepvries,Diepvries,Plantaardig ijs,4.39,4.39,,,,,360 ml,prijs per liter €12.19,False,,,,,E,True,AH,https://www.ah.nl/producten/product/wi434485,2026-08-03,Ola Cornetto gluten-free vegan,diepvries
614226,0,Ola Cornetto gluten free vegan 3-pack,Ola,diepvries,Diepvries,Plantaardig ijs,11.85,13.17,10.0,10% volume voordeel,,,3 stuks,,True,AHOO,10% volume voordeel,2026-08-03,2999-12-31,,True,AH,https://www.ah.nl/producten/product/wi614226,2026-08-03,Ola Cornetto gluten free vegan 3-pack,diepvries
571435,12598,Duca 6 Vietnamese groente loempia's,Duca,diepvries,Diepvries,Loempia's (frituur),2.39,2.39,,,,,282 g,prijs per kg €8.48,False,,,,,D,True,AH,https://www.ah.nl/producten/product/wi571435,2026-08-03,Duca 6 Vietnamese groente loempia's,diepvries
173814,773323,Aviko Pom' Duchesse,Aviko,diepvries,Diepvries,Aardappelpartjes (diepvries),2.99,2.99,,,,,750 g,prijs per kg €3.99,False,,,,,C,True,AH,https://www.ah.nl/producten/product/wi173814,2026-08-03,Aviko Pom' Duchesse,diepvries
614572,0,Aviko Pom' Duchesse 3-pack,Aviko,diepvries,Diepvries,Aardappelpartjes (diepvries),8.52,8.97,5.0,5% volume voordeel,,,3 stuks,,True,AHOO,5% volume voordeel,2026-08-03,2999-12-31,,True,AH,https://www.ah.nl/producten/product/wi614572,2026-08-03,Aviko Pom' Duchesse 3-pack,diepvries
66126,534658,AH Hollands groentepannetje,AH,diepvries,Diepvries,Groentemix (diepvries),1.49,1.49,,,,,450 g,prijs per kg €3.31,False,,,,,B,True,AH,https://www.ah.nl/producten/product/wi66126,2026-08-03,AH Hollands groentepannetje,diepvries
441705,705310,AH Doosje met perzikpartjes,AH,diepvries,Diepvries,Fruitmix (diepvries),1.99,1.99,,,,,250 g,prijs per kg €7.96,False,,,,,A,True,AH,https://www.ah.nl/producten/product/wi441705,2026-08-03,AH Doosje met perzikpartjes,diepvries
132795,592310,AH Kaassouffle,AH,diepvries,Diepvries,Kaassouffle (frituur),1.55,1.55,,,,,6 stuks,prijs per kg €4.31,False,,,,,D,True,AH,https://www.ah.nl/producten/product/wi132795,2026-08-03,AH Kaassouffle,diepvries
459523,678179,AH Oven kaassoufflé,AH,diepvries,Diepvries,Kaassouffle (oven),3.29,3.29,,,,,280 g,prijs per kg €11.75,False,,,,,D,True,AH,https://www.ah.nl/producten/product/wi459523,2026-08-03,AH Oven kaassoufflé,diepvries
533326,62730,Iglo Vissticks,Iglo,diepvries,Vis,Vissticks (diepvries),3.95,3.95,,,,,15 stuks,prijs per kg €9.40,False,,,,,B,True,AH,https://www.ah.nl/producten/product/wi533326,2026-08-03,Iglo Vissticks,diepvries
615372,0,Iglo Vissticks 3-pack 420gr,Iglo,diepvries,Vis,Vissticks (diepvries),11.26,11.85,5.0,5% volume voordeel,,,3 stuks,,True,AHOO,5% volume voordeel,2026-08-03,2999-12-31,,True,AH,https://www.ah.nl/producten/product/wi615372,2026-08-03,Iglo Vissticks 3-pack 420gr,diepvries
408980,853744,Mora Kipsaté pittige pindasaus,Mora,diepvries,Diepvries,Sate (diepvries),2.49,2.49,,,,,160 g,prijs per kg €15.56,False,,,,,C,True,AH,https://www.ah.nl/producten/product/wi408980,2026-08-03,Mora Kipsaté pittige pindasaus,diepvries
607262,63203,Nutella IJs hazelnoot,Nutella,diepvries,Diepvries,Roomijs pints,7.49,7.49,,,,,470 ml,prijs per liter €15.94,False,,,,,E,True,AH,https://www.ah.nl/producten/product/wi607262,2026-08-03,Nutella IJs hazelnoot,diepvries
434477,699006,Bonduelle Edamame boontjes,Bonduelle,diepvries,Diepvries,Edamame bonen (diepvries),3.29,3.29,,,,,300 g,prijs per kg €10.97,False,,,,,A,True,AH,https://www.ah.nl/producten/product/wi434477,2026-08-03,Bonduelle Edamame boontjes,diepvries
514006,8051,Dr. Oetker Ristorante pizza diavola,Dr. Oetker,diepvries,Diepvries,Pizza (dunne bodem),3.89,3.89,,,,,350 g,prijs per kg €11.11,False,,,,,D,True,AH,https://www.ah.nl/producten/product/wi514006,2026-08-03,Dr. Oetker Ristorante pizza diavola,diepvries
597499,0,AH Oven kaassouffle 2-pack,AH,diepvries,Diepvries,Kaassouffle (oven),6.38,6.58,3.0,3% volume voordeel,,,2 stuks,,True,AHOO,3% volume voordeel,2026-08-03,2999-12-31,,True,AH,https://www.ah.nl/producten/product/wi597499,2026-08-03,AH Oven kaassouffle 2-pack,diepvries
617809,0,AH Doosje met perzikpartjes 2-pack,AH,diepvries,Diepvries,Fruitmix (diepvries),3.9,3.98,2.0,2% volume voordeel,,,2 stuks,,True,AHOO,2% volume voordeel,2026-08-03,2999-12-31,,True,AH,https://www.ah.nl/producten/product/wi617809,2026-08-03,AH Doosje met perzikpartjes 2-pack,diepvries
162734,631733,Bonduelle Broccoliroosjes,Bonduelle,diepvries,Diepvries,Broccoli (diepvries),2.35,2.35,,,,,300 g,prijs per kg €7.83,False,,,,,A,True,AH,https://www.ah.nl/producten/product/wi162734,2026-08-03,Bonduelle Broccoliroosjes,diepvries
221726,815615,Hertog Slagroomijs,Hertog,diepvries,Diepvries,Schepijs,4.89,4.89,,,,,"0,9 l",prijs per liter €5.43,False,,,,,D,True,AH,https://www.ah.nl/producten/product/wi221726,2026-08-03,Hertog Slagroomijs,diepvries
226480,806910,Bonduelle Gegrilde groenten mix,Bonduelle,diepvries,Diepvries,Groentemix (diepvries),3.19,3.19,,,,,400 g,prijs per kg €7.98,False,,,,,A,True,AH,https://www.ah.nl/producten/product/wi226480,2026-08-03,Bonduelle Gegrilde groenten mix,diepvries
444427,94714,Kwekkeboom Oven black angus croquetten,Kwekkeboom,diepvries,Diepvries,Kroket (oven),5.69,5.69,,,,,300 g,prijs per kg €18.97,False,,,,,D,True,AH,https://www.ah.nl/producten/product/wi444427,2026-08-03,Kwekkeboom Oven black angus croquetten,diepvries
582547,25167,AH Biologisch Doosje met mangostukjes,AH Biologisch,diepvries,Diepvries,"Mango, ananas (diepvries)",2.29,2.29,,,,,250 g,prijs per kg €9.16,False,,,,,A,True,AH,https://www.ah.nl/producten/product/wi582547,2026-08-03,AH Biologisch Doosje met mangostukjes,diepvries
620966,0,AH Biologisch Doosje met mangostukjes 2-pck,AH Biologisch,diepvries,Diepvries,"Mango, ananas (diepvries)",4.49,4.58,2.0,2% volume voordeel,,,2 stuks,,True,AHOO,2% volume voordeel,2026-08-03,2999-12-31,,True,AH,https://www.ah.nl/producten/product/wi620966,2026-08-03,AH Biologisch Doosje met mangostukjes 2-pck,diepvries
217024,809373,AH Doosje met granaatappelpitjes,AH,diepvries,Diepvries,Granaatappel (diepvries),1.99,1.99,,,,,250 g,prijs per kg €7.96,False,,,,,A,True,AH,https://www.ah.nl/producten/product/wi217024,2026-08-03,AH Doosje met granaatappelpitjes,diepvries
514007,8076,Dr. Oetker Ristorante pizza bolognese,Dr. Oetker,diepvries,Diepvries,Pizza (dunne bodem),3.89,3.89,,,,,375 g,prijs per kg €10.37,False,,,,,C,True,AH,https://www.ah.nl/producten/product/wi514007,2026-08-03,Dr. Oetker Ristorante pizza bolognese,diepvries
596121,0,AH Doosje met granaatappelpitjes 2-pack,AH,diepvries,Diepvries,Granaatappel (diepvries),3.9,3.98,2.0,2% volume voordeel,,,2 stuks,,True,AHOO,2% volume voordeel,2026-08-03,2999-12-31,,True,AH,https://www.ah.nl/producten/product/wi596121,2026-08-03,AH Doosje met granaatappelpitjes 2-pack,diepvries
608053,64895,Nestlé Pirulo smarties rocket,Nestlé,diepvries,Diepvries,Room handijs,2.84,3.79,25.0,25% korting,,,5 stuks,,True,AH,25% korting,2026-08-03,2026-08-09,D,True,AH,https://www.ah.nl/producten/product/wi608053,2026-08-03,Nestlé Pirulo smarties rocket,diepvries
185117,780224,Aviko Aardappelschotel Zwitserse stijl,Aviko,diepvries,Diepvries,Aardappelschotel (diepvries),2.79,2.79,,,,,450 g,prijs per kg €6.20,False,,,,,C,True,AH,https://www.ah.nl/producten/product/wi185117,2026-08-03,Aviko Aardappelschotel Zwitserse stijl,diepvries
614568,0,Aviko Aardappelschotel Zwitserse stijl 3-pack,Aviko,diepvries,Diepvries,Aardappelschotel (diepvries),7.95,8.37,5.0,5% volume voordeel,,,3 stuks,,True,AHOO,5% volume voordeel,2026-08-03,2999-12-31,,True,AH,https://www.ah.nl/producten/product/wi614568,2026-08-03,Aviko Aardappelschotel Zwitserse stijl 3-pack,diepvries
234558,822865,Spring Home Roti paratha plain,Spring Home,diepvries,Diepvries,"Diepvries loempiavellen, roti vellen",2.89,2.89,,,,,325 g,prijs per kg €8.89,False,,,,,E,True,AH,https://www.ah.nl/producten/product/wi234558,2026-08-03,Spring Home Roti paratha plain,diepvries
620967,0,AH Biologisch Doosje met mangostukjes 3-pack,AH Biologisch,diepvries,Diepvries,"Mango, ananas (diepvries)",6.6,6.87,4.0,4% volume voordeel,,,3 stuks,,True,AHOO,4% volume voordeel,2026-08-03,2999-12-31,,True,AH,https://www.ah.nl/producten/product/wi620967,2026-08-03,AH Biologisch Doosje met mangostukjes 3-pack,diepvries
620968,0,AH Biologisch Doosje met mangostukjes 4-pack,AH Biologisch,diepvries,Diepvries,"Mango, ananas (diepvries)",8.61,9.16,6.0,6% volume voordeel,,,4 stuks,,True,AHOO,6% volume voordeel,2026-08-03,2999-12-31,,True,AH,https://www.ah.nl/producten/product/wi620968,2026-08-03,AH Biologisch Doosje met mangostukjes 4-pack,diepvries
191088,792474,Iglo Fishcuisine Bretagne,Iglo,diepvries,Vis,Vis maaltijden (diepvries),6.19,6.19,,,,,380 g,prijs per kg €16.29,False,,,,,B,True,AH,https://www.ah.nl/producten/product/wi191088,2026-08-03,Iglo Fishcuisine Bretagne,diepvries
617811,0,AH Doosje met perzikpartjes 4-pack,AH,diepvries,Diepvries,Fruitmix (diepvries),7.48,7.96,6.0,6% volume voordeel,,,4 stuks,,True,AHOO,6% volume voordeel,2026-08-03,2999-12-31,,True,AH,https://www.ah.nl/producten/product/wi617811,2026-08-03,AH Doosje met perzikpartjes 4-pack,diepvries
617810,0,AH Doosje met perzikpartjes 3-pack,AH,diepvries,Diepvries,Fruitmix (diepvries),5.73,5.97,4.0,4% volume voordeel,,,3 stuks,,True,AHOO,4% volume voordeel,2026-08-03,2999-12-31,,True,AH,https://www.ah.nl/producten/product/wi617810,2026-08-03,AH Doosje met perzikpartjes 3-pack,diepvries
607318,63377,Crosta Mollica Pizza margherita,Crosta Mollica,diepvries,Diepvries,Pizza (dunne bodem),6.29,6.29,,,,,349 g,prijs per kg €18.02,False,,,,,D,True,AH,https://www.ah.nl/producten/product/wi607318,2026-08-03,Crosta Mollica Pizza margherita,diepvries
615517,0,Crosta & Mollica Pizza margherita 3-pack,Crosta & Mollica,diepvries,Diepvries,Pizza (dunne bodem),16.98,18.87,10.0,10% volume voordeel,,,3 stuks,,True,AHOO,10% volume voordeel,2026-08-03,2999-12-31,,True,AH,https://www.ah.nl/producten/product/wi615517,2026-08-03,Crosta & Mollica Pizza margherita 3-pack,diepvries
136373,603464,AH Wokgarnalen met knoflook en peterselie,AH,diepvries,Vis,Garnalen (diepvries),6.89,6.89,,,,,400 g,prijs per kg €17.23,False,,,,,B,True,AH,https://www.ah.nl/producten/product/wi136373,2026-08-03,AH Wokgarnalen met knoflook en peterselie,diepvries
226453,794208,Mora Classics frikandellen grootverpakking,Mora,diepvries,Diepvries,Frikandel (frituur),6.99,6.99,,,,,"1,5 kg",prijs per kg €4.66,False,,,,,D,True,AH,https://www.ah.nl/producten/product/wi226453,2026-08-03,Mora Classics frikandellen grootverpakking,diepvries
608085,64910,Bounty Kokos ice bar,Bounty,diepvries,Diepvries,Room handijs,4.39,4.39,,,,,195.5 g,prijs per kg €22.46,False,,,,,D,True,AH,https://www.ah.nl/producten/product/wi608085,2026-08-03,Bounty Kokos ice bar,diepvries
187167,787832,Iglo Roerbak sensatie pasta kipfilet,Iglo,diepvries,Diepvries,Italiaanse diepvries maaltijd,6.59,6.59,,,,,450 g,prijs per kg €14.64,False,,,,,C,True,AH,https://www.ah.nl/producten/product/wi187167,2026-08-03,Iglo Roerbak sensatie pasta kipfilet,diepvries
206693,801970,Wagner Piccolinis mini pizza 3 soorten kaas,Wagner,diepvries,Diepvries,Mini pizza's,3.59,3.59,,,,,270 g,prijs per kg €13.30,False,,,,,D,True,AH,https://www.ah.nl/producten/product/wi206693,2026-08-03,Wagner Piccolinis mini pizza 3 soorten kaas,diepvries
67746,524401,AH Bladspinazie grof gesneden,AH,diepvries,Diepvries,Spinazie (diepvries),1.25,1.25,,,,,450 g,prijs per kg €2.78,False,,,,,A,True,AH,https://www.ah.nl/producten/product/wi67746,2026-08-03,AH Bladspinazie grof gesneden,diepvries
183227,754738,AH Mini loempia met kip,AH,diepvries,Diepvries,Loempia's (oven),2.49,2.49,,,,,10 stuks,prijs per kg €12.45,False,,,,,D,True,AH,https://www.ah.nl/producten/product/wi183227,2026-08-03,AH Mini loempia met kip,diepvries
420319,692050,Kwekkeboom Oven & airfryer black angus bitterballen,Kwekkeboom,diepvries,Diepvries,Bitterballen (oven),5.49,5.49,,,,,240 g,prijs per kg €22.88,False,,,,,D,True,AH,https://www.ah.nl/producten/product/wi420319,2026-08-03,Kwekkeboom Oven & airfryer black angus bitterballen,diepvries
226439,781183,Iglo Spinazie fijn gehakt,Iglo,diepvries,Diepvries,Spinazie (diepvries),2.39,2.39,,,,,750 g,prijs per kg €3.19,False,,,,,A,True,AH,https://www.ah.nl/producten/product/wi226439,2026-08-03,Iglo Spinazie fijn gehakt,diepvries
162737,631753,Bonduelle Jonge velderwtjes,Bonduelle,diepvries,Diepvries,"Tuinerwten, velderwten (diepvries)",2.19,2.19,,,,,400 g,prijs per kg €5.48,False,,,,,A,True,AH,https://www.ah.nl/producten/product/wi162737,2026-08-03,Bonduelle Jonge velderwtjes,diepvries
571434,12597,Duca 20 mini loempia's groente,Duca,diepvries,Diepvries,Loempia's (oven),3.29,3.29,,,,,400 g,prijs per kg €8.23,False,,,,,D,True,AH,https://www.ah.nl/producten/product/wi571434,2026-08-03,Duca 20 mini spring rolls vegetable,diepvries
206698,796717,AH Ribbel friet,AH,diepvries,Diepvries,Friet (oven),1.79,1.79,,,,,750 g,prijs per kg €2.39,False,,,,,B,True,AH,https://www.ah.nl/producten/product/wi206698,2026-08-03,AH Ribbel friet,diepvries
608062,64891,Lotus Biscoff Sticks,Lotus Biscoff,diepvries,Diepvries,Room handijs,3.37,4.49,25.0,25% korting,,,3 stuks,,True,AH,25% korting,2026-08-03,2026-08-09,E,True,AH,https://www.ah.nl/producten/product/wi608062,2026-08-03,Lotus Biscoff Sticks,diepvries
56602,46124,Topking Vlammetjes,Topking,diepvries,Diepvries,Diepvries hapjes (oven),4.99,4.99,,,,,210 g,prijs per kg €23.76,False,,,,,D,True,AH,https://www.ah.nl/producten/product/wi56602,2026-08-03,Topking Vlammetjes,diepvries
366129,833230,Kwekkeboom Oven en airfryer kalfsvlees croquetten,Kwekkeboom,diepvries,Diepvries,Kroket (oven),5.49,5.49,,,,,4 stuks,prijs per kg €19.61,False,,,,,D,True,AH,https://www.ah.nl/producten/product/wi366129,2026-08-03,Kwekkeboom Oven en airfryer kalfsvlees croquetten,diepvries
440444,75397,Kwekkeboom Old Amsterdam bitterballen,Kwekkeboom,diepvries,Diepvries,Bitterballen (oven),4.59,4.59,,,,,250 g,prijs per kg €18.36,False,,,,,D,True,AH,https://www.ah.nl/producten/product/wi440444,2026-08-03,Kwekkeboom Old Amsterdam bitterballen,diepvries
608064,64893,Lotus Biscoff Sandwiches,Lotus Biscoff,diepvries,Diepvries,Room handijs,3.37,4.49,25.0,25% korting,,,4 stuks,,True,AH,25% korting,2026-08-03,2026-08-09,E,True,AH,https://www.ah.nl/producten/product/wi608064,2026-08-03,Lotus Biscoff Sandwiches,diepvries
620965,0,AH Doosje met kiwi schijfjes 4-pack,AH,diepvries,Diepvries,Fruitmix (diepvries),7.48,7.96,6.0,6% volume voordeel,,,4 stuks,,True,AHOO,6% volume voordeel,2026-08-03,2999-12-31,,True,AH,https://www.ah.nl/producten/product/wi620965,2026-08-03,AH Doosje met kiwi schijfjes 4-pack,diepvries
369177,834912,Mora Oven & airfryer rundvlees kroketten,Mora,diepvries,Diepvries,Kroket (oven),4.59,4.59,,,,,320 g,prijs per kg €14.34,False,,,,,D,True,AH,https://www.ah.nl/producten/product/wi369177,2026-08-03,Mora Oven & airfryer rundvlees kroketten,diepvries
582546,25166,AH Biologisch Doosje met zomerfruit,AH Biologisch,diepvries,Diepvries,Fruitmix (diepvries),2.99,2.99,,,,,250 g,prijs per kg €11.96,False,,,,,A,True,AH,https://www.ah.nl/producten/product/wi582546,2026-08-03,AH Biologisch Doosje met zomerfruit,diepvries
620969,0,AH Biologisch Doosje met zomerfruit 2-pack,AH Biologisch,diepvries,Diepvries,Fruitmix (diepvries),5.86,5.98,2.0,2% volume voordeel,,,2 stuks,,True,AHOO,2% volume voordeel,2026-08-03,2999-12-31,,True,AH,https://www.ah.nl/producten/product/wi620969,2026-08-03,AH Biologisch Doosje met zomerfruit 2-pack,diepvries
620964,0,AH Doosje met kiwi schijfjes 3-pack,AH,diepvries,Diepvries,Fruitmix (diepvries),5.73,5.97,4.0,4% volume voordeel,,,3 stuks,,True,AHOO,4% volume voordeel,2026-08-03,2999-12-31,,True,AH,https://www.ah.nl/producten/product/wi620964,2026-08-03,AH Doosje met kiwi schijfjes 3-pack,diepvries
401986,850534,Dr. Oetker Ristorante pizza salami glutenvrij,Dr. Oetker,diepvries,Glutenvrij,Glutenvrije pizza,4.99,4.99,,,,,315 g,prijs per kg €15.84,False,,,,,D,True,AH,https://www.ah.nl/producten/product/wi401986,2026-08-03,Dr. Oetker Ristorante pizza salami glutenvrij,diepvries
620970,0,AH Biologisch Doosje met zomerfruit 3-pack,AH Biologisch,diepvries,Diepvries,Fruitmix (diepvries),8.61,8.97,4.0,4% volume voordeel,,,3 stuks,,True,AHOO,4% volume voordeel,2026-08-03,2999-12-31,,True,AH,https://www.ah.nl/producten/product/wi620970,2026-08-03,AH Biologisch Doosje met zomerfruit 3-pack,diepvries
620971,0,AH Biologisch Doosje met zomerfruit 4-pack,AH Biologisch,diepvries,Diepvries,Fruitmix (diepvries),11.24,11.96,6.0,6% volume voordeel,,,4 stuks,,True,AHOO,6% volume voordeel,2026-08-03,2999-12-31,,True,AH,https://www.ah.nl/producten/product/wi620971,2026-08-03,AH Biologisch Doosje met zomerfruit 4-pack,diepvries
183520,773328,Aviko Aardappelschijfjes,Aviko,diepvries,Diepvries,Aardappelschijfjes (diepvries),2.99,2.99,,,,,600 g,prijs per kg €4.98,False,,,,,A,True,AH,https://www.ah.nl/producten/product/wi183520,2026-08-03,Aviko Aardappelschijfjes,diepvries
589548,35356,528 Premium ice balls,528,diepvries,Diepvries,IJsblokjes,2.69,2.69,,,,,1 kg,prijs per kg €2.69,False,,,,,,True,AH,https://www.ah.nl/producten/product/wi589548,2026-08-03,528 Premium ice balls,diepvries
614565,0,Aviko Aardappelschijfjes 3-pack,Aviko,diepvries,Diepvries,Aardappelschijfjes (diepvries),8.52,8.97,5.0,5% volume voordeel,,,3 stuks,,True,AHOO,5% volume voordeel,2026-08-03,2999-12-31,,True,AH,https://www.ah.nl/producten/product/wi614565,2026-08-03,Aviko Aardappelschijfjes 3-pack,diepvries
191454,794209,Mora Classics frikandellen,Mora,diepvries,Diepvries,Frikandel (frituur),2.49,2.49,,,,,5 x 80 g,prijs per kg €6.23,False,,,,,D,True,AH,https://www.ah.nl/producten/product/wi191454,2026-08-03,Mora Classics frikandellen,diepvries
62760,524661,Dr. Oetker Big Americans pizza Hawaii,Dr. Oetker,diepvries,Diepvries,Pizza (dikke bodem),4.99,4.99,,,,,460 g,prijs per kg €10.85,False,,,,,C,True,AH,https://www.ah.nl/producten/product/wi62760,2026-08-03,Dr. Oetker Big Americans pizza Hawaii,diepvries
191098,792488,Iglo Fish&fun crispino's familieverpakking,Iglo,diepvries,Vis,Gepaneerde vissnacks (diepvries),4.99,4.99,,,,,4 x 75 g,prijs per kg €16.63,False,,,,,B,True,AH,https://www.ah.nl/producten/product/wi191098,2026-08-03,Iglo Fish&fun crispino's familieverpakking,diepvries
619833,0,AH Doosje met aardbei banaan 3-pack,AH,diepvries,Diepvries,Fruitmix (diepvries),4.58,4.77,4.0,4% volume voordeel,,,3 stuks,,True,AHOO,4% volume voordeel,2026-08-03,2999-12-31,,True,AH,https://www.ah.nl/producten/product/wi619833,2026-08-03,AH Doosje met aardbei banaan 3-pack,diepvries
208268,791638,Aviko Opa's ovenfriet,Aviko,diepvries,Diepvries,Friet (oven),2.245,2.99,24.9,2 voor 4.49,4.49,2.0,750 g,normale prijs per kg €3.99,True,AH,2 voor 4.49,2026-08-03,2026-08-09,A,True,AH,https://www.ah.nl/producten/product/wi208268,2026-08-03,Aviko Grandpa's oven fries,diepvries
221697,803949,Ben & Jerry's Cool-lection classic,Ben & Jerry's,diepvries,Diepvries,Roomijs bekertjes,6.99,6.99,,1 + 1 gratis,,1.0,4 x 100 ml,normale prijs per liter €17.48,True,AH,1 + 1 gratis,2026-08-03,2026-08-09,E,True,AH,https://www.ah.nl/producten/product/wi221697,2026-08-03,Ben & Jerry's Cool-lection classic,diepvries
576828,18572,AH IJshoorntjes brownie,AH,diepvries,Diepvries,Roomijs bekertjes,2.99,2.99,,,,,6 stuks,,False,,,,,D,True,AH,https://www.ah.nl/producten/product/wi576828,2026-08-03,AH IJshoorntjes brownie,diepvries
576009,17394,Coca-Cola Zero sugar 20-pack,Coca-Cola,frisdrank-sappen-water,"Frisdrank, sappen, water","Cola zero, suikervrij, light",11.85,11.85,,,,,"20 x 0,25 l",prijs per liter €2.37,False,,,,,C,True,AH,https://www.ah.nl/producten/product/wi576009,2026-08-03,Coca-Cola Zero sugar 20-pack,frisdrank-sappen-water
520712,63342,Spa Fruit peach pear,Spa,frisdrank-sappen-water,"Frisdrank, sappen, water",Fruitwater,2.49,2.49,,,,,"1,25 l",prijs per liter €1.99,False,,,,,D,True,AH,https://www.ah.nl/producten/product/wi520712,2026-08-03,Spa Fruit peach pear,frisdrank-sappen-water
137739,606983,Coca-Cola Zero sugar,Coca-Cola,frisdrank-sappen-water,"Frisdrank, sappen, water","Cola zero, suikervrij, light",2.39,2.39,,,,,"1,5 l",prijs per liter €1.59,False,,,,,C,True,AH,https://www.ah.nl/producten/product/wi137739,2026-08-03,Coca-Cola Zero sugar,frisdrank-sappen-water
572502,0,Coca-Cola Zero sugar 4-pack,Coca-Cola,frisdrank-sappen-water,"Frisdrank, sappen, water","Cola zero, suikervrij, light",8.27,9.56,13.0,13.5% volume voordeel,,,4 stuks,,True,AHOO,13.5% volume voordeel,2026-08-03,2999-12-31,,True,AH,https://www.ah.nl/producten/product/wi572502,2026-08-03,Coca-Cola Zero sugar 4-pack,frisdrank-sappen-water
616709,0,"Coca-Cola Coca Cola Zero 1,5L 6-pack",Coca-Cola,frisdrank-sappen-water,"Frisdrank, sappen, water","Cola zero, suikervrij, light",12.19,14.34,15.0,15% volume voordeel,,,6 stuks,,True,AHOO,15% volume voordeel,2026-08-03,2999-12-31,,True,AH,https://www.ah.nl/producten/product/wi616709,2026-08-03,"Coca-Cola Coca Cola Zero 1,5L 6-pack",frisdrank-sappen-water
137749,606916,Pepsi Zero sugar cola 4-pack,Pepsi,frisdrank-sappen-water,"Frisdrank, sappen, water","Cola zero, suikervrij, light",10.55,10.55,,,,,"4 x 1,5 l",prijs per liter €1.76,False,,,,,C,True,AH,https://www.ah.nl/producten/product/wi137749,2026-08-03,Pepsi Zero sugar cola 4-pack,frisdrank-sappen-water
2800,593459,Coca-Cola Original taste,Coca-Cola,frisdrank-sappen-water,"Frisdrank, sappen, water",Cola regular,2.39,2.39,,,,,"1,5 l",prijs per liter €1.59,False,,,,,E,True,AH,https://www.ah.nl/producten/product/wi2800,2026-08-03,Coca-Cola Original taste,frisdrank-sappen-water
573407,0,Coca-Cola Original taste 4-pack,Coca-Cola,frisdrank-sappen-water,"Frisdrank, sappen, water",Cola regular,8.27,9.56,13.0,13.5% volume voordeel,,,4 stuks,,True,AHOO,13.5% volume voordeel,2026-08-03,2999-12-31,,True,AH,https://www.ah.nl/producten/product/wi573407,2026-08-03,Coca-Cola Original taste 4-pack,frisdrank-sappen-water
476710,729916,AH Cola no sugar,AH,frisdrank-sappen-water,"Frisdrank, sappen, water","Cola zero, suikervrij, light",0.95,0.95,,,,,"1,5 l",prijs per liter €0.63,False,,,,,C,True,AH,https://www.ah.nl/producten/product/wi476710,2026-08-03,AH Cola no sugar,frisdrank-sappen-water
137741,606985,Coca-Cola Zero sugar,Coca-Cola,frisdrank-sappen-water,"Frisdrank, sappen, water","Cola zero, suikervrij, light",2.29,2.29,,1 + 1 gratis,,1.0,1 l,normale prijs per liter €2.29,True,AH,1 + 1 gratis,2026-08-03,2026-08-09,C,True,AH,https://www.ah.nl/producten/product/wi137741,2026-08-03,Coca-Cola Zero sugar,frisdrank-sappen-water
618377,0,Coca-Cola Zero sugar 4pk,Coca-Cola,frisdrank-sappen-water,"Frisdrank, sappen, water","Cola zero, suikervrij, light",4.58,9.16,50.0,pakketkorting,,,4 stuks,,True,AHOO,,2026-08-03,2026-08-09,,True,AH,https://www.ah.nl/producten/product/wi618377,2026-08-03,Coca-Cola Zero sugar 4pk,frisdrank-sappen-water
616731,0,Coca-Cola Zero sugar 10-pack,Coca-Cola,frisdrank-sappen-water,"Frisdrank, sappen, water","Cola zero, suikervrij, light",11.45,22.9,50.0,pakketkorting,,,10 stuks,,True,AHOO,,2026-08-03,2026-08-09,,True,AH,https://www.ah.nl/producten/product/wi616731,2026-08-03,Coca-Cola Zero sugar 10-pack,frisdrank-sappen-water
616735,0,Coca-Cola Zero sugar 5-pack,Coca-Cola,frisdrank-sappen-water,"Frisdrank, sappen, water","Cola zero, suikervrij, light",6.87,11.45,40.0,pakketkorting,,,5 stuks,,True,AHOO,,2026-08-03,2026-08-09,,True,AH,https://www.ah.nl/producten/product/wi616735,2026-08-03,Coca-Cola Zero sugar 5-pack,frisdrank-sappen-water
476713,729921,Coca-Cola Zero sugar 8-pack,Coca-Cola,frisdrank-sappen-water,"Frisdrank, sappen, water","Cola zero, suikervrij, light",4.75,4.75,,,,,"8 x 0,25 l",prijs per liter €2.38,False,,,,,C,True,AH,https://www.ah.nl/producten/product/wi476713,2026-08-03,Coca-Cola Zero sugar 8-pack,frisdrank-sappen-water
375004,837504,Lipton Ice tea green,Lipton,frisdrank-sappen-water,"Frisdrank, sappen, water",Ice tea green,2.99,2.99,,,,,"1,5 l",prijs per liter €1.99,False,,,,,D,True,AH,https://www.ah.nl/producten/product/wi375004,2026-08-03,Lipton Ice tea green,frisdrank-sappen-water
616722,0,Coca-Cola Regular 6-pack,Coca-Cola,frisdrank-sappen-water,"Frisdrank, sappen, water",Cola regular,12.91,14.34,10.0,10% volume voordeel,,,6 stuks,,True,AHOO,10% volume voordeel,2026-08-03,2999-12-31,,True,AH,https://www.ah.nl/producten/product/wi616722,2026-08-03,Coca-Cola Regular 6-pack,frisdrank-sappen-water
605795,0,Coca-Cola Zero sugar 24-pack,Coca-Cola,frisdrank-sappen-water,"Frisdrank, sappen, water","Cola zero, suikervrij, light",12.82,14.25,10.0,10% volume voordeel,,,3 stuks,,True,AHOO,10% volume voordeel,2026-08-03,2999-12-31,,True,AH,https://www.ah.nl/producten/product/wi605795,2026-08-03,Coca-Cola Zero sugar 24-pack,frisdrank-sappen-water
130874,593448,Coca-Cola Original taste,Coca-Cola,frisdrank-sappen-water,"Frisdrank, sappen, water",Cola regular,2.29,2.29,,1 + 1 gratis,,1.0,1 l,normale prijs per liter €2.29,True,AH,1 + 1 gratis,2026-08-03,2026-08-09,E,True,AH,https://www.ah.nl/producten/product/wi130874,2026-08-03,Coca-Cola Original taste,frisdrank-sappen-water
123416,577176,AH Mineraalwater koolzuurvrij 6-pack,AH,frisdrank-sappen-water,"Frisdrank, sappen, water",Koolzuurvrij water,2.29,2.29,,,,,"6 x 0,5 l",prijs per liter €0.76,False,,,,,,True,AH,https://www.ah.nl/producten/product/wi123416,2026-08-03,AH Mineraalwater koolzuurvrij 6-pack,frisdrank-sappen-water
608746,0,Lipton Ice tea green 1.5L 4-pack,Lipton,frisdrank-sappen-water,"Frisdrank, sappen, water",Ice tea green,10.76,11.96,10.0,10% volume voordeel,,,4 stuks,,True,AHOO,10% volume voordeel,2026-08-03,2999-12-31,,True,AH,https://www.ah.nl/producten/product/wi608746,2026-08-03,Lipton Ice tea green 1.5L 4-pack,frisdrank-sappen-water
608748,0,Lipton Ice tea green 1.5L 6-pack,Lipton,frisdrank-sappen-water,"Frisdrank, sappen, water",Ice tea green,15.25,17.94,15.0,15% volume voordeel,,,6 stuks,,True,AHOO,15% volume voordeel,2026-08-03,2999-12-31,,True,AH,https://www.ah.nl/producten/product/wi608748,2026-08-03,Lipton Ice tea green 1.5L 6-pack,frisdrank-sappen-water
608744,0,Lipton Ice tea green 1.5L 2-pack,Lipton,frisdrank-sappen-water,"Frisdrank, sappen, water",Ice tea green,5.68,5.98,5.0,5% volume voordeel,,,2 stuks,,True,AHOO,5% volume voordeel,2026-08-03,2999-12-31,,True,AH,https://www.ah.nl/producten/product/wi608744,2026-08-03,Lipton Ice tea green 1.5L 2-pack,frisdrank-sappen-water
415185,686633,AH Ice tea green koolzuurvrij,AH,frisdrank-sappen-water,"Frisdrank, sappen, water",Ice tea green,1.25,1.25,,,,,"1,5 l",prijs per liter €0.83,False,,,,,C,True,AH,https://www.ah.nl/producten/product/wi415185,2026-08-03,AH Ice tea green koolzuurvrij,frisdrank-sappen-water
616736,0,Coca-Cola Zero sugar 40-pack,Coca-Cola,frisdrank-sappen-water,"Frisdrank, sappen, water","Cola zero, suikervrij, light",20.19,23.75,15.0,15% volume voordeel,,,5 stuks,,True,AHOO,15% volume voordeel,2026-08-03,2999-12-31,,True,AH,https://www.ah.nl/producten/product/wi616736,2026-08-03,Coca-Cola Zero sugar 40-pack,frisdrank-sappen-water
616714,0,Coca-Cola Original taste 10-pack,Coca-Cola,frisdrank-sappen-water,"Frisdrank, sappen, water",Cola regular,11.45,22.9,50.0,pakketkorting,,,10 stuks,,True,AHOO,,2026-08-03,2026-08-09,,True,AH,https://www.ah.nl/producten/product/wi616714,2026-08-03,Coca-Cola Original taste 10-pack,frisdrank-sappen-water
485568,740420,AH Appelsap,AH,frisdrank-sappen-water,"Frisdrank, sappen, water",Appelsap en perensap,1.69,1.69,,,,,"1,5 l",prijs per liter €1.13,False,,,,,C,True,AH,https://www.ah.nl/producten/product/wi485568,2026-08-03,AH Appelsap,frisdrank-sappen-water
616715,0,Coca-Cola Original taste 6-pack,Coca-Cola,frisdrank-sappen-water,"Frisdrank, sappen, water",Cola regular,6.87,13.74,50.0,pakketkorting,,,6 stuks,,True,AHOO,,2026-08-03,2026-08-09,,True,AH,https://www.ah.nl/producten/product/wi616715,2026-08-03,Coca-Cola Original taste 6-pack,frisdrank-sappen-water
569283,9552,Bar-le-Duc Mineraalwater koolzuurhoudend,Bar-le-Duc,frisdrank-sappen-water,"Frisdrank, sappen, water",Koolzuurhoudend water,0.85,0.85,,,,,"1,5 l",prijs per liter €0.57,False,,,,,A,True,AH,https://www.ah.nl/producten/product/wi569283,2026-08-03,Bar-le-Duc Mineral water carbonated,frisdrank-sappen-water
371500,836558,AH Bruisend mineraalwater citroen,AH,frisdrank-sappen-water,"Frisdrank, sappen, water",Water met smaak,1.09,1.09,,,,,"1,5 l",prijs per liter €0.73,False,,,,,B,True,AH,https://www.ah.nl/producten/product/wi371500,2026-08-03,AH Bruisend mineraalwater citroen,frisdrank-sappen-water
63922,607072,AH Cola regular,AH,frisdrank-sappen-water,"Frisdrank, sappen, water",Cola regular,0.95,0.95,,,,,"1,5 l",prijs per liter €0.63,False,,,,,E,True,AH,https://www.ah.nl/producten/product/wi63922,2026-08-03,AH Cola regular,frisdrank-sappen-water
477062,730721,Pepsi Zero sugar,Pepsi,frisdrank-sappen-water,"Frisdrank, sappen, water","Cola zero, suikervrij, light",2.29,2.29,,,,,1 l,prijs per liter €2.29,False,,,,,C,True,AH,https://www.ah.nl/producten/product/wi477062,2026-08-03,Pepsi Zero sugar,frisdrank-sappen-water
614663,0,Pepsi Zero sugar 4-pack,Pepsi,frisdrank-sappen-water,"Frisdrank, sappen, water","Cola zero, suikervrij, light",8.24,9.16,10.0,10% volume voordeel,,,4 stuks,,True,AHOO,10% volume voordeel,2026-08-03,2999-12-31,,True,AH,https://www.ah.nl/producten/product/wi614663,2026-08-03,Pepsi Zero sugar 4-pack,frisdrank-sappen-water
614664,0,Pepsi Zero sugar 6-pack,Pepsi,frisdrank-sappen-water,"Frisdrank, sappen, water","Cola zero, suikervrij, light",11.68,13.74,15.0,15% volume voordeel,,,6 stuks,,True,AHOO,15% volume voordeel,2026-08-03,2999-12-31,,True,AH,https://www.ah.nl/producten/product/wi614664,2026-08-03,Pepsi Zero sugar 6-pack,frisdrank-sappen-water
177570,779454,Lipton Ice tea sparkling original,Lipton,frisdrank-sappen-water,"Frisdrank, sappen, water",Ice tea regular,2.99,2.99,,,,,"1,5 l",prijs per liter €1.99,False,,,,,D,True,AH,https://www.ah.nl/producten/product/wi177570,2026-08-03,Lipton Ice tea sparkling original,frisdrank-sappen-water
519034,886057,Lipton Ice tea green zero sugar,Lipton,frisdrank-sappen-water,"Frisdrank, sappen, water",Ice tea zero,3.69,3.69,,,,,"1,5 l",prijs per liter €2.46,False,,,,,C,True,AH,https://www.ah.nl/producten/product/wi519034,2026-08-03,Lipton Ice tea green zero sugar,frisdrank-sappen-water
477060,730719,Coca-Cola Original taste 8-pack,Coca-Cola,frisdrank-sappen-water,"Frisdrank, sappen, water",Cola regular,5.29,5.29,,,,,"8 x 0,25 l",prijs per liter €2.65,False,,,,,E,True,AH,https://www.ah.nl/producten/product/wi477060,2026-08-03,Coca-Cola Original taste 8-pack,frisdrank-sappen-water
614662,0,Pepsi Zero sugar 10-pack,Pepsi,frisdrank-sappen-water,"Frisdrank, sappen, water","Cola zero, suikervrij, light",18.32,22.9,20.0,20% volume voordeel,,,10 stuks,,True,AHOO,20% volume voordeel,2026-08-03,2999-12-31,,True,AH,https://www.ah.nl/producten/product/wi614662,2026-08-03,Pepsi Zero sugar 10-pack,frisdrank-sappen-water
605793,0,Coca-Cola Original taste 24-pack,Coca-Cola,frisdrank-sappen-water,"Frisdrank, sappen, water",Cola regular,14.28,15.87,10.0,10% volume voordeel,,,3 stuks,,True,AHOO,10% volume voordeel,2026-08-03,2999-12-31,,True,AH,https://www.ah.nl/producten/product/wi605793,2026-08-03,Coca-Cola Original taste 24-pack,frisdrank-sappen-water
608758,0,Lipton Ice tea sparkling original 4-pack,Lipton,frisdrank-sappen-water,"Frisdrank, sappen, water",Ice tea regular,10.76,11.96,10.0,10% volume voordeel,,,4 stuks,,True,AHOO,10% volume voordeel,2026-08-03,2999-12-31,,True,AH,https://www.ah.nl/producten/product/wi608758,2026-08-03,Lipton Ice tea sparkling original 4-pack,frisdrank-sappen-water
608757,0,Lipton Ice tea sparkling original 2-pack,Lipton,frisdrank-sappen-water,"Frisdrank, sappen, water",Ice tea regular,5.68,5.98,5.0,5% volume voordeel,,,2 stuks,,True,AHOO,5% volume voordeel,2026-08-03,2999-12-31,,True,AH,https://www.ah.nl/producten/product/wi608757,2026-08-03,Lipton Ice tea sparkling original 2-pack,frisdrank-sappen-water
476866,729911,AH Lemon & lime zero,AH,frisdrank-sappen-water,"Frisdrank, sappen, water",Lemon en lime,0.86,0.86,,,,,"1,5 l",prijs per liter €0.57,False,,,,,C,True,AH,https://www.ah.nl/producten/product/wi476866,2026-08-03,AH Lemon & lime zero,frisdrank-sappen-water
608759,0,Lipton Ice tea sparkling original 6-pack,Lipton,frisdrank-sappen-water,"Frisdrank, sappen, water",Ice tea regular,15.25,17.94,15.0,15% volume voordeel,,,6 stuks,,True,AHOO,15% volume voordeel,2026-08-03,2999-12-31,,True,AH,https://www.ah.nl/producten/product/wi608759,2026-08-03,Lipton Ice tea sparkling original 6-pack,frisdrank-sappen-water
616716,0,Coca-Cola Original taste 40-pack,Coca-Cola,frisdrank-sappen-water,"Frisdrank, sappen, water",Cola regular,22.48,26.45,15.0,15% volume voordeel,,,5 stuks,,True,AHOO,15% volume voordeel,2026-08-03,2999-12-31,,True,AH,https://www.ah.nl/producten/product/wi616716,2026-08-03,Coca-Cola Original taste 40-pack,frisdrank-sappen-water
140123,611314,Royal Club Tonic classic 0% suiker,Royal Club,frisdrank-sappen-water,"Frisdrank, sappen, water",Tonic,2.49,2.49,,,,,1 l,prijs per liter €2.49,False,,,,,C,True,AH,https://www.ah.nl/producten/product/wi140123,2026-08-03,Royal Club Tonic classic 0% suiker,frisdrank-sappen-water
140130,611356,Rivella Original,Rivella,frisdrank-sappen-water,"Frisdrank, sappen, water",Rivella,2.49,2.49,,,,,1 l,prijs per liter €2.49,False,,,,,C,True,AH,https://www.ah.nl/producten/product/wi140130,2026-08-03,Rivella Original,frisdrank-sappen-water
614595,0,Rivella Original 4-pack,Rivella,frisdrank-sappen-water,"Frisdrank, sappen, water",Rivella,8.96,9.96,10.0,10% volume voordeel,,,4 stuks,,True,AHOO,10% volume voordeel,2026-08-03,2999-12-31,,True,AH,https://www.ah.nl/producten/product/wi614595,2026-08-03,Rivella Original 4-pack,frisdrank-sappen-water
597121,0,Royal Club Tonic classic 0% suiker 4-pack,Royal Club,frisdrank-sappen-water,"Frisdrank, sappen, water",Tonic,8.96,9.96,10.0,10% volume voordeel,,,4 stuks,,True,AHOO,10% volume voordeel,2026-08-03,2999-12-31,,True,AH,https://www.ah.nl/producten/product/wi597121,2026-08-03,Royal Club Tonic classic 0% suiker 4-pack,frisdrank-sappen-water
137777,607446,AH Mineraalwater koolzuurhoudend,AH,frisdrank-sappen-water,"Frisdrank, sappen, water",Koolzuurhoudend water,0.65,0.65,,,,,"1,5 l",prijs per liter €0.43,False,,,,,,True,AH,https://www.ah.nl/producten/product/wi137777,2026-08-03,AH Mineraalwater koolzuurhoudend,frisdrank-sappen-water
171607,767898,Coca-Cola Zero sugar zero caffeïne,Coca-Cola,frisdrank-sappen-water,"Frisdrank, sappen, water",Cola caffeïnevrij,2.49,2.49,,,,,"1,5 l",prijs per liter €1.66,False,,,,,C,True,AH,https://www.ah.nl/producten/product/wi171607,2026-08-03,Coca-Cola Zero sugar zero caffeïne,frisdrank-sappen-water
161329,628964,Fanta Orange zero sugar,Fanta,frisdrank-sappen-water,"Frisdrank, sappen, water",Sinas,2.59,2.59,,,,,"1,5 l",prijs per liter €1.73,False,,,,,C,True,AH,https://www.ah.nl/producten/product/wi161329,2026-08-03,Fanta Orange zero sugar,frisdrank-sappen-water
616769,0,Fanta Orange Zero Sugar 4-pack,Fanta,frisdrank-sappen-water,"Frisdrank, sappen, water",Sinas,9.32,10.36,10.0,10% volume voordeel,,,4 stuks,,True,AHOO,10% volume voordeel,2026-08-03,2999-12-31,,True,AH,https://www.ah.nl/producten/product/wi616769,2026-08-03,Fanta Orange Zero Sugar 4-pack,frisdrank-sappen-water
614594,0,Rivella Original 10-pack,Rivella,frisdrank-sappen-water,"Frisdrank, sappen, water",Rivella,19.92,24.9,20.0,20% volume voordeel,,,10 stuks,,True,AHOO,20% volume voordeel,2026-08-03,2999-12-31,,True,AH,https://www.ah.nl/producten/product/wi614594,2026-08-03,Rivella Original 10-pack,frisdrank-sappen-water
614597,0,Rivella Original 6-pack,Rivella,frisdrank-sappen-water,"Frisdrank, sappen, water",Rivella,12.7,14.94,15.0,15% volume voordeel,,,6 stuks,,True,AHOO,15% volume voordeel,2026-08-03,2999-12-31,,True,AH,https://www.ah.nl/producten/product/wi614597,2026-08-03,Rivella Original 6-pack,frisdrank-sappen-water
389544,846380,Raak Vruchtensiroop frambozen zero sugar,Raak,frisdrank-sappen-water,"Frisdrank, sappen, water",Limonadesiroop (suikerbewust en suikervrij),2.89,2.89,,,,,"0,75 l",prijs per liter €3.85,False,,,,,C,True,AH,https://www.ah.nl/producten/product/wi389544,2026-08-03,Raak Vruchtensiroop frambozen zero sugar,frisdrank-sappen-water
202453,788567,Spa Intense rood bruisend mineraalwater,Spa,frisdrank-sappen-water,"Frisdrank, sappen, water",Koolzuurhoudend water,1.15,1.15,,,,,1 l,prijs per liter €1.15,False,,,,,A,True,AH,https://www.ah.nl/producten/product/wi202453,2026-08-03,Spa Intense rood bruisend mineraalwater,frisdrank-sappen-water
614484,0,Royal Club Tonic classic 0% suiker 10-pack,Royal Club,frisdrank-sappen-water,"Frisdrank, sappen, water",Tonic,19.92,24.9,20.0,20% volume voordeel,,,10 stuks,,True,AHOO,20% volume voordeel,2026-08-03,2999-12-31,,True,AH,https://www.ah.nl/producten/product/wi614484,2026-08-03,Royal Club Tonic classic 0% suiker 10-pack,frisdrank-sappen-water
614479,0,Royal Club Tonic classic 0% suiker 6-pack,Royal Club,frisdrank-sappen-water,"Frisdrank, sappen, water",Tonic,12.7,14.94,15.0,15% volume voordeel,,,6 stuks,,True,AHOO,15% volume voordeel,2026-08-03,2999-12-31,,True,AH,https://www.ah.nl/producten/product/wi614479,2026-08-03,Royal Club Tonic classic 0% suiker 6-pack,frisdrank-sappen-water
614403,0,Raak Vruchtensiroop frambozen zs 3-pack,Raak,frisdrank-sappen-water,"Frisdrank, sappen, water",Limonadesiroop (suikerbewust en suikervrij),7.8,8.67,10.0,10% volume voordeel,,,3 stuks,,True,AHOO,10% volume voordeel,2026-08-03,2999-12-31,,True,AH,https://www.ah.nl/producten/product/wi614403,2026-08-03,Raak Vruchtensiroop frambozen zs 3-pack,frisdrank-sappen-water
614404,0,Raak Vruchtensiroop frambozen zs 4-pack,Raak,frisdrank-sappen-water,"Frisdrank, sappen, water",Limonadesiroop (suikerbewust en suikervrij),9.83,11.56,15.0,15% volume voordeel,,,4 stuks,,True,AHOO,15% volume voordeel,2026-08-03,2999-12-31,,True,AH,https://www.ah.nl/producten/product/wi614404,2026-08-03,Raak Vruchtensiroop frambozen zs 4-pack,frisdrank-sappen-water
211783,779455,Lipton Ice tea sparkling zero sugar,Lipton,frisdrank-sappen-water,"Frisdrank, sappen, water",Ice tea zero,3.69,3.69,,,,,"1,5 l",prijs per liter €2.46,False,,,,,C,True,AH,https://www.ah.nl/producten/product/wi211783,2026-08-03,Lipton Ice tea sparkling zero sugar,frisdrank-sappen-water
604612,0,Lipton Ice tea sparkling zero sugar 2-pack,Lipton,frisdrank-sappen-water,"Frisdrank, sappen, water",Ice tea zero,6.64,7.38,10.0,10% volume voordeel,,,2 stuks,,True,AHOO,10% volume voordeel,2026-08-03,2999-12-31,,True,AH,https://www.ah.nl/producten/product/wi604612,2026-08-03,Lipton Ice tea sparkling zero sugar 2-pack,frisdrank-sappen-water
523334,7210,AH Ice tea green mango zero zonder koolzuur,AH,frisdrank-sappen-water,"Frisdrank, sappen, water",Ice tea zero,1.25,1.25,,,,,"1,5 l",prijs per liter €0.83,False,,,,,C,True,AH,https://www.ah.nl/producten/product/wi523334,2026-08-03,AH Ice tea green mango zero zonder koolzuur,frisdrank-sappen-water
550293,670921,Bar-le-Duc Mineraalwater bruisend,Bar-le-Duc,frisdrank-sappen-water,"Frisdrank, sappen, water",Koolzuurhoudend water,0.79,0.79,,,,,1 l,prijs per liter €0.79,False,,,,,A,True,AH,https://www.ah.nl/producten/product/wi550293,2026-08-03,Bar-le-Duc Mineraalwater bruisend,frisdrank-sappen-water
47354,501090,AH Vers geperst sap sinaasappel,AH,frisdrank-sappen-water,"Fruit, verse sappen",Sinaasappelsap en jus d'orange (vers),2.49,2.49,,,,,500 ml,prijs per liter €4.98,False,,,,,C,True,AH,https://www.ah.nl/producten/product/wi47354,2026-08-03,AH Vers geperst sap sinaasappel,frisdrank-sappen-water
618315,0,AH Vers geperst sap sinaasappel 2-pack,AH,frisdrank-sappen-water,"Fruit, verse sappen",Sinaasappelsap en jus d'orange (vers),4.88,4.98,2.0,2% volume voordeel,,,2 stuks,,True,AHOO,2% volume voordeel,2026-08-03,2999-12-31,,True,AH,https://www.ah.nl/producten/product/wi618315,2026-08-03,AH Vers geperst sap sinaasappel 2-pack,frisdrank-sappen-water
553873,69118,Sprite Zero sugar lemon-lime,Sprite,frisdrank-sappen-water,"Frisdrank, sappen, water",Lemon en lime,2.59,2.59,,,,,"1,5 l",prijs per liter €1.73,False,,,,,C,True,AH,https://www.ah.nl/producten/product/wi553873,2026-08-03,Sprite Zero sugar lemon-lime,frisdrank-sappen-water
616842,0,Sprite Zero sugar lemon-lime 5-pack,Sprite,frisdrank-sappen-water,"Frisdrank, sappen, water",Lemon en lime,11.01,12.95,15.0,15% volume voordeel,,,5 stuks,,True,AHOO,15% volume voordeel,2026-08-03,2999-12-31,,True,AH,https://www.ah.nl/producten/product/wi616842,2026-08-03,Sprite Zero sugar lemon-lime 5-pack,frisdrank-sappen-water
554753,86317,Fanta Orange zero sugar 8-pack,Fanta,frisdrank-sappen-water,"Frisdrank, sappen, water",Sinas,5.29,5.29,,,,,"8 x 0,25 l",prijs per liter €2.65,False,,,,,C,True,AH,https://www.ah.nl/producten/product/wi554753,2026-08-03,Fanta Orange zero sugar 8-pack,frisdrank-sappen-water
2803,593446,Fanta Orange,Fanta,frisdrank-sappen-water,"Frisdrank, sappen, water",Sinas,2.59,2.59,,,,,"1,5 l",prijs per liter €1.73,False,,,,,D,True,AH,https://www.ah.nl/producten/product/wi2803,2026-08-03,Fanta Orange,frisdrank-sappen-water
553278,0,"Fanta Orange 1,5L 4-pack",Fanta,frisdrank-sappen-water,"Frisdrank, sappen, water",Sinas,9.32,10.36,10.0,10% volume voordeel,,,4x1.5 l,,True,AHOO,10% volume voordeel,2026-08-03,2999-12-31,,True,AH,https://www.ah.nl/producten/product/wi553278,2026-08-03,"Fanta Orange 1,5L 4-pack",frisdrank-sappen-water
137776,607445,AH Mineraalwater koolzuurvrij 6-pack,AH,frisdrank-sappen-water,"Frisdrank, sappen, water",Koolzuurvrij water,3.89,3.89,,,,,"6 x 1,5 l",prijs per liter €0.43,False,,,,,,True,AH,https://www.ah.nl/producten/product/wi137776,2026-08-03,AH Mineraalwater koolzuurvrij 6-pack,frisdrank-sappen-water
618319,0,AH Vers geperst sap sinaasappel 4-pack,AH,frisdrank-sappen-water,"Fruit, verse sappen",Sinaasappelsap en jus d'orange (vers),9.46,9.96,5.0,5% volume voordeel,,,4 stuks,,True,AHOO,5% volume voordeel,2026-08-03,2999-12-31,,True,AH,https://www.ah.nl/producten/product/wi618319,2026-08-03,AH Vers geperst sap sinaasappel 4-pack,frisdrank-sappen-water
618317,0,AH Vers geperst sap sinaasappel 3-pack,AH,frisdrank-sappen-water,"Fruit, verse sappen",Sinaasappelsap en jus d'orange (vers),7.25,7.47,3.0,3% volume voordeel,,,3 stuks,,True,AHOO,3% volume voordeel,2026-08-03,2999-12-31,,True,AH,https://www.ah.nl/producten/product/wi618317,2026-08-03,AH Vers geperst sap sinaasappel 3-pack,frisdrank-sappen-water
171022,632640,Taksi Tropisch fruit geen suiker toegevoegd,Taksi,frisdrank-sappen-water,"Frisdrank, sappen, water",Frisse fruitdranken,0.99,1.85,46.5,voor 0.99,0.99,,"1,5 l",normale prijs per liter €1.23,True,AH,VOOR 0.99,2026-08-03,2026-08-09,D,True,AH,https://www.ah.nl/producten/product/wi171022,2026-08-03,Taksi Tropisch fruit geen suiker toegevoegd,frisdrank-sappen-water
594418,0,Taksi GST Tropisch Fruit 3-pack,Taksi,frisdrank-sappen-water,"Frisdrank, sappen, water",Frisse fruitdranken,2.97,5.55,46.5,pakketkorting,,,3 stuks,,True,AHOO,,2026-08-03,2026-08-09,,True,AH,https://www.ah.nl/producten/product/wi594418,2026-08-03,Taksi GST Tropisch Fruit 3-pack,frisdrank-sappen-water
369371,834972,Raak Vruchtensiroop multivruchten zero sugar,Raak,frisdrank-sappen-water,"Frisdrank, sappen, water",Limonadesiroop (suikerbewust en suikervrij),3.19,3.19,,,,,"0,75 l",prijs per liter €4.25,False,,,,,C,True,AH,https://www.ah.nl/producten/product/wi369371,2026-08-03,Raak Vruchtensiroop multivruchten zero sugar,frisdrank-sappen-water
550295,68877,Bar-le-Duc Natuurlijk mineraal water 6-pack,Bar-le-Duc,frisdrank-sappen-water,"Frisdrank, sappen, water",Koolzuurvrij water,6.49,6.49,,,,,6 x 2 l,prijs per liter €0.54,False,,,,,A,True,AH,https://www.ah.nl/producten/product/wi550295,2026-08-03,Bar-le-Duc Natuurlijk mineraal water 6-pack,frisdrank-sappen-water
137779,607448,AH Mineraalwater licht bruisend,AH,frisdrank-sappen-water,"Frisdrank, sappen, water",Koolzuurhoudend water,0.65,0.65,,,,,"1,5 l",prijs per liter €0.43,False,,,,,,True,AH,https://www.ah.nl/producten/product/wi137779,2026-08-03,AH Mineraalwater licht bruisend,frisdrank-sappen-water
616771,0,Fanta Orange zero sugar 24-pack,Fanta,frisdrank-sappen-water,"Frisdrank, sappen, water",Sinas,14.28,15.87,10.0,10% volume voordeel,,,3 stuks,,True,AHOO,10% volume voordeel,2026-08-03,2999-12-31,,True,AH,https://www.ah.nl/producten/product/wi616771,2026-08-03,Fanta Orange zero sugar 24-pack,frisdrank-sappen-water
436053,700496,Spa Touch of lemon,Spa,frisdrank-sappen-water,"Frisdrank, sappen, water",Water met smaak,1.79,1.79,,,,,1 l,prijs per liter €1.79,False,,,,,B,True,AH,https://www.ah.nl/producten/product/wi436053,2026-08-03,Spa Touch of lemon,frisdrank-sappen-water
457839,621424,Royal Club Ginger ale 0% suiker,Royal Club,frisdrank-sappen-water,"Frisdrank, sappen, water","Ginger ale, ginger beer",2.39,2.39,,,,,1 l,prijs per liter €2.39,False,,,,,C,True,AH,https://www.ah.nl/producten/product/wi457839,2026-08-03,Royal Club Ginger ale 0% suiker,frisdrank-sappen-water
603316,0,Raak Vruchtensiroop multivruchten zero 3-pack,Raak,frisdrank-sappen-water,"Frisdrank, sappen, water",Limonadesiroop (suikerbewust en suikervrij),8.61,9.57,10.0,10% volume voordeel,,,3 stuks,,True,AHOO,10% volume voordeel,2026-08-03,2999-12-31,,True,AH,https://www.ah.nl/producten/product/wi603316,2026-08-03,Raak Vruchtensiroop multivruchten zero 3-pack,frisdrank-sappen-water
611838,0,Spa Touch of lemon 4-pack,Spa,frisdrank-sappen-water,"Frisdrank, sappen, water",Water met smaak,6.44,7.16,10.0,10% volume voordeel,,,4 stuks,,True,AHOO,10% volume voordeel,2026-08-03,2999-12-31,,True,AH,https://www.ah.nl/producten/product/wi611838,2026-08-03,Spa Touch of lemon 4-pack,frisdrank-sappen-water
389513,846376,Raak Vruchtensiroop aardbeien zero sugar,Raak,frisdrank-sappen-water,"Frisdrank, sappen, water",Limonadesiroop (suikerbewust en suikervrij),2.95,2.95,,,,,"0,75 l",prijs per liter €3.93,False,,,,,C,True,AH,https://www.ah.nl/producten/product/wi389513,2026-08-03,Raak Vruchtensiroop aardbeien zero sugar,frisdrank-sappen-water
597114,0,Royal Club Ginger ale 0% suiker 4-pack,Royal Club,frisdrank-sappen-water,"Frisdrank, sappen, water","Ginger ale, ginger beer",8.6,9.56,10.0,10% volume voordeel,,,4 stuks,,True,AHOO,10% volume voordeel,2026-08-03,2999-12-31,,True,AH,https://www.ah.nl/producten/product/wi597114,2026-08-03,Royal Club Ginger ale 0% suiker 4-pack,frisdrank-sappen-water
569883,8626,CoolBest Fruit drink mango,CoolBest,frisdrank-sappen-water,"Fruit, verse sappen",Multivruchtensap (vers),2.29,2.29,,,,,1 l,prijs per liter €2.29,False,,,,,D,True,AH,https://www.ah.nl/producten/product/wi569883,2026-08-03,CoolBest Fruit drink mango,frisdrank-sappen-water
616772,0,Fanta Orange zero sugar 40-pack,Fanta,frisdrank-sappen-water,"Frisdrank, sappen, water",Sinas,22.48,26.45,15.0,15% volume voordeel,,,5 stuks,,True,AHOO,15% volume voordeel,2026-08-03,2999-12-31,,True,AH,https://www.ah.nl/producten/product/wi616772,2026-08-03,Fanta Orange zero sugar 40-pack,frisdrank-sappen-water
485577,740436,DubbelFrisss 1Kcal Appel & perzik,DubbelFrisss,frisdrank-sappen-water,"Frisdrank, sappen, water",Frisse fruitdranken,2.75,2.75,,,,,"1,5 l",prijs per liter €1.83,False,,,,,C,True,AH,https://www.ah.nl/producten/product/wi485577,2026-08-03,DubbelFrisss 1Kcal Appel & perzik,frisdrank-sappen-water
531001,614157,Karvan Cévitam Original aardbei siroop,Karvan Cévitam,frisdrank-sappen-water,"Frisdrank, sappen, water",Limonadesiroop,4.19,4.19,,,,,"0,6 l",prijs per liter €6.98,False,,,,,E,True,AH,https://www.ah.nl/producten/product/wi531001,2026-08-03,Karvan Cévitam Original aardbei siroop,frisdrank-sappen-water
62198,520310,AH Vers geperst sap sinaasappel,AH,frisdrank-sappen-water,"Fruit, verse sappen",Sinaasappelsap en jus d'orange (vers),3.99,3.99,,,,,1 l,prijs per liter €3.99,False,,,,,C,True,AH,https://www.ah.nl/producten/product/wi62198,2026-08-03,AH Vers geperst sap sinaasappel,frisdrank-sappen-water
398597,848514,S. Pellegrino Natuurlijk mineraalwater,S. Pellegrino,frisdrank-sappen-water,"Frisdrank, sappen, water",Koolzuurhoudend water,1.35,1.35,,,,,1 l,prijs per liter €1.35,False,,,,,A,True,AH,https://www.ah.nl/producten/product/wi398597,2026-08-03,S. Pellegrino Natuurlijk mineraalwater,frisdrank-sappen-water
612135,0,CoolBest Fruit drink mango 3-pack,CoolBest,frisdrank-sappen-water,"Fruit, verse sappen",Multivruchtensap (vers),6.18,6.87,10.0,10% volume voordeel,,,3 stuks,,True,AHOO,10% volume voordeel,2026-08-03,2999-12-31,,True,AH,https://www.ah.nl/producten/product/wi612135,2026-08-03,CoolBest Fruit drink mango 3-pack,frisdrank-sappen-water
436664,700968,Pepsi Zero sugar,Pepsi,frisdrank-sappen-water,"Frisdrank, sappen, water","Cola zero, suikervrij, light",2.65,2.65,,,,,"1,5 l",prijs per liter €1.77,False,,,,,C,True,AH,https://www.ah.nl/producten/product/wi436664,2026-08-03,Pepsi Zero sugar,frisdrank-sappen-water
63923,607074,AH Cola light,AH,frisdrank-sappen-water,"Frisdrank, sappen, water","Cola zero, suikervrij, light",0.95,0.95,,,,,"1,5 l",prijs per liter €0.63,False,,,,,C,True,AH,https://www.ah.nl/producten/product/wi63923,2026-08-03,AH Cola light,frisdrank-sappen-water
614405,0,Raak Vruchtensiroop multivruchten zs 4-pack,Raak,frisdrank-sappen-water,"Frisdrank, sappen, water",Limonadesiroop (suikerbewust en suikervrij),10.85,12.76,15.0,15% volume voordeel,,,4 stuks,,True,AHOO,15% volume voordeel,2026-08-03,2999-12-31,,True,AH,https://www.ah.nl/producten/product/wi614405,2026-08-03,Raak Vruchtensiroop multivruchten zs 4-pack,frisdrank-sappen-water
511929,745620,Fanta Orange zero sugar,Fanta,frisdrank-sappen-water,"Frisdrank, sappen, water",Sinas,2.09,2.09,,1 + 1 gratis,,1.0,1 l,normale prijs per liter €2.09,True,AH,1 + 1 gratis,2026-08-03,2026-08-09,C,True,AH,https://www.ah.nl/producten/product/wi511929,2026-08-03,Fanta Orange zero sugar,frisdrank-sappen-water
614516,0,Royal Club Ginger ale 0% suiker 10-pack,Royal Club,frisdrank-sappen-water,"Frisdrank, sappen, water","Ginger ale, ginger beer",19.12,23.9,20.0,20% volume voordeel,,,10 stuks,,True,AHOO,20% volume voordeel,2026-08-03,2999-12-31,,True,AH,https://www.ah.nl/producten/product/wi614516,2026-08-03,Royal Club Ginger ale 0% suiker 10-pack,frisdrank-sappen-water
614517,0,Royal Club Ginger ale 0% suiker 6-pack,Royal Club,frisdrank-sappen-water,"Frisdrank, sappen, water","Ginger ale, ginger beer",12.19,14.34,15.0,15% volume voordeel,,,6 stuks,,True,AHOO,15% volume voordeel,2026-08-03,2999-12-31,,True,AH,https://www.ah.nl/producten/product/wi614517,2026-08-03,Royal Club Ginger ale 0% suiker 6-pack,frisdrank-sappen-water
612348,0,Karvan Cévitam Original aardbei siroop 3-pack,Karvan Cévitam,frisdrank-sappen-water,"Frisdrank, sappen, water",Limonadesiroop,11.94,12.57,5.0,5% volume voordeel,,,3 stuks,,True,AHOO,5% volume voordeel,2026-08-03,2999-12-31,,True,AH,https://www.ah.nl/producten/product/wi612348,2026-08-03,Karvan Cévitam Original aardbei siroop 3-pack,frisdrank-sappen-water
612136,0,CoolBest Fruit drink mango 6-pack,CoolBest,frisdrank-sappen-water,"Fruit, verse sappen",Multivruchtensap (vers),11.68,13.74,15.0,15% volume voordeel,,,6 stuks,,True,AHOO,15% volume voordeel,2026-08-03,2999-12-31,,True,AH,https://www.ah.nl/producten/product/wi612136,2026-08-03,CoolBest Fruit drink mango 6-pack,frisdrank-sappen-water
603314,0,Raak Vruchtensiroop aardbeien zero 3-pack,Raak,frisdrank-sappen-water,"Frisdrank, sappen, water",Limonadesiroop (suikerbewust en suikervrij),7.96,8.85,10.0,10% volume voordeel,,,3 stuks,,True,AHOO,10% volume voordeel,2026-08-03,2999-12-31,,True,AH,https://www.ah.nl/producten/product/wi603314,2026-08-03,Raak Vruchtensiroop aardbeien zero 3-pack,frisdrank-sappen-water
618316,0,AH Vers geperst sap sinaasappel 2-pack,AH,frisdrank-sappen-water,"Fruit, verse sappen",Sinaasappelsap en jus d'orange (vers),7.82,7.98,2.0,2% volume voordeel,,,2 stuks,,True,AHOO,2% volume voordeel,2026-08-03,2999-12-31,,True,AH,https://www.ah.nl/producten/product/wi618316,2026-08-03,AH Vers geperst sap sinaasappel 2-pack,frisdrank-sappen-water
614401,0,Raak Vruchtensiroop aardbeien zs 4-pack,Raak,frisdrank-sappen-water,"Frisdrank, sappen, water",Limonadesiroop (suikerbewust en suikervrij),10.03,11.8,15.0,15% volume voordeel,,,4 stuks,,True,AHOO,15% volume voordeel,2026-08-03,2999-12-31,,True,AH,https://www.ah.nl/producten/product/wi614401,2026-08-03,Raak Vruchtensiroop aardbeien zs 4-pack,frisdrank-sappen-water
137775,607444,AH Mineraalwater koolzuurvrij,AH,frisdrank-sappen-water,"Frisdrank, sappen, water",Koolzuurvrij water,0.65,0.65,,,,,"1,5 l",prijs per liter €0.43,False,,,,,,True,AH,https://www.ah.nl/producten/product/wi137775,2026-08-03,AH Mineraalwater koolzuurvrij,frisdrank-sappen-water
137778,607447,AH Mineraalwater koolzuurhoudend,AH,frisdrank-sappen-water,"Frisdrank, sappen, water",Koolzuurhoudend water,3.89,3.89,,,,,"6 x 1,5 l",prijs per liter €0.43,False,,,,,,True,AH,https://www.ah.nl/producten/product/wi137778,2026-08-03,AH Mineraalwater koolzuurhoudend,frisdrank-sappen-water
611839,0,Spa Touch of lemon 6-pack,Spa,frisdrank-sappen-water,"Frisdrank, sappen, water",Water met smaak,9.13,10.74,15.0,15% volume voordeel,,,6 stuks,,True,AHOO,15% volume voordeel,2026-08-03,2999-12-31,,True,AH,https://www.ah.nl/producten/product/wi611839,2026-08-03,Spa Touch of lemon 6-pack,frisdrank-sappen-water
616770,0,Fanta Orange zero sugar 5-pack,Fanta,frisdrank-sappen-water,"Frisdrank, sappen, water",Sinas,6.27,10.45,40.0,pakketkorting,,,5 stuks,,True,AHOO,,2026-08-03,2026-08-09,,True,AH,https://www.ah.nl/producten/product/wi616770,2026-08-03,Fanta Orange zero sugar 5-pack,frisdrank-sappen-water
618318,0,AH Vers geperst sap sinaasappel 3-pack,AH,frisdrank-sappen-water,"Fruit, verse sappen",Sinaasappelsap en jus d'orange (vers),11.61,11.97,3.0,3% volume voordeel,,,3 stuks,,True,AHOO,3% volume voordeel,2026-08-03,2999-12-31,,True,AH,https://www.ah.nl/producten/product/wi618318,2026-08-03,AH Vers geperst sap sinaasappel 3-pack,frisdrank-sappen-water
553872,86225,Sprite Zero sugar lemon-lime,Sprite,frisdrank-sappen-water,"Frisdrank, sappen, water",Lemon en lime,2.29,2.29,,1 + 1 gratis,,1.0,1 l,normale prijs per liter €2.29,True,AH,1 + 1 gratis,2026-08-03,2026-08-09,C,True,AH,https://www.ah.nl/producten/product/wi553872,2026-08-03,Sprite Zero sugar lemon-lime,frisdrank-sappen-water
618320,0,AH Vers geperst sap sinaasappel 4-pack,AH,frisdrank-sappen-water,"Fruit, verse sappen",Sinaasappelsap en jus d'orange (vers),15.16,15.96,5.0,5% volume voordeel,,,4 stuks,,True,AHOO,5% volume voordeel,2026-08-03,2999-12-31,,True,AH,https://www.ah.nl/producten/product/wi618320,2026-08-03,AH Vers geperst sap sinaasappel 4-pack,frisdrank-sappen-water
415225,686757,Lipton Ice tea peach,Lipton,frisdrank-sappen-water,"Frisdrank, sappen, water",Ice tea peach,3.69,3.69,,,,,"1,5 l",prijs per liter €2.46,False,,,,,D,True,AH,https://www.ah.nl/producten/product/wi415225,2026-08-03,Lipton Ice tea peach,frisdrank-sappen-water
616768,0,Fanta Orange zero sugar 10-pack,Fanta,frisdrank-sappen-water,"Frisdrank, sappen, water",Sinas,10.45,20.9,50.0,pakketkorting,,,10 stuks,,True,AHOO,,2026-08-03,2026-08-09,,True,AH,https://www.ah.nl/producten/product/wi616768,2026-08-03,Fanta Orange zero sugar 10-pack,frisdrank-sappen-water
550058,86583,Bar-le-Duc Natuurlijk mineraalwater,Bar-le-Duc,frisdrank-sappen-water,"Frisdrank, sappen, water",Koolzuurvrij water,1.09,1.09,,,,,2 l,prijs per liter €0.55,False,,,,,A,True,AH,https://www.ah.nl/producten/product/wi550058,2026-08-03,Bar-le-Duc Natuurlijk mineraalwater,frisdrank-sappen-water
612349,0,Karvan Cévitam Original aardbei siroop 6-pack,Karvan Cévitam,frisdrank-sappen-water,"Frisdrank, sappen, water",Limonadesiroop,22.63,25.14,10.0,10% volume voordeel,,,6 stuks,,True,AHOO,10% volume voordeel,2026-08-03,2999-12-31,,True,AH,https://www.ah.nl/producten/product/wi612349,2026-08-03,Karvan Cévitam Original aardbei siroop 6-pack,frisdrank-sappen-water
523394,807131,AH Ice tea green lemon zero zonder koolzuur,AH,frisdrank-sappen-water,"Frisdrank, sappen, water",Ice tea zero,1.25,1.25,,,,,"1,5 l",prijs per liter €0.83,False,,,,,C,True,AH,https://www.ah.nl/producten/product/wi523394,2026-08-03,AH Ice tea green lemon zero zonder koolzuur,frisdrank-sappen-water
569282,9551,Bar-le-Duc Mineraalwater koolzuurvrij,Bar-le-Duc,frisdrank-sappen-water,"Frisdrank, sappen, water",Koolzuurvrij water,0.85,0.85,,,,,"1,5 l",prijs per liter €0.57,False,,,,,A,True,AH,https://www.ah.nl/producten/product/wi569282,2026-08-03,Bar-le-Duc Mineraalwater koolzuurvrij,frisdrank-sappen-water
518942,883308,Coca-Cola Zero sugar zero caffeïne,Coca-Cola,frisdrank-sappen-water,"Frisdrank, sappen, water",Cola caffeïnevrij,2.29,2.29,,1 + 1 gratis,,1.0,1 l,normale prijs per liter €2.29,True,AH,1 + 1 gratis,2026-08-03,2026-08-09,C,True,AH,https://www.ah.nl/producten/product/wi518942,2026-08-03,Coca-Cola Zero sugar zero caffeïne,frisdrank-sappen-water
67830,535365,Spa Reine koolzuurvrij mineraalwater,Spa,frisdrank-sappen-water,"Frisdrank, sappen, water",Koolzuurvrij water,3.99,3.99,,,,,"6 x 0,5 l",prijs per liter €1.33,False,,,,,A,True,AH,https://www.ah.nl/producten/product/wi67830,2026-08-03,Spa Reine koolzuurvrij mineraalwater,frisdrank-sappen-water
489953,743213,Fuze Tea Green ice tea,Fuze Tea,frisdrank-sappen-water,"Frisdrank, sappen, water",Ice tea green,2.75,2.75,,,,,"1,25 l",prijs per liter €2.20,False,,,,,D,True,AH,https://www.ah.nl/producten/product/wi489953,2026-08-03,Fuze Tea Green ice tea,frisdrank-sappen-water
608749,0,Lipton Ice tea peach 1.5 L 2-pack,Lipton,frisdrank-sappen-water,"Frisdrank, sappen, water",Ice tea peach,7.01,7.38,5.0,5% volume voordeel,,,2 stuks,,True,AHOO,5% volume voordeel,2026-08-03,2999-12-31,,True,AH,https://www.ah.nl/producten/product/wi608749,2026-08-03,Lipton Ice tea peach 1.5 L 2-pack,frisdrank-sappen-water
608751,0,Lipton Ice tea peach 1.5 L 4-pack,Lipton,frisdrank-sappen-water,"Frisdrank, sappen, water",Ice tea peach,13.28,14.76,10.0,10% volume voordeel,,,4 stuks,,True,AHOO,10% volume voordeel,2026-08-03,2999-12-31,,True,AH,https://www.ah.nl/producten/product/wi608751,2026-08-03,Lipton Ice tea peach 1.5 L 4-pack,frisdrank-sappen-water
608752,0,Lipton Ice tea peach 1.5 L 6-pack,Lipton,frisdrank-sappen-water,"Frisdrank, sappen, water",Ice tea peach,18.82,22.14,15.0,15% volume voordeel,,,6 stuks,,True,AHOO,15% volume voordeel,2026-08-03,2999-12-31,,True,AH,https://www.ah.nl/producten/product/wi608752,2026-08-03,Lipton Ice tea peach 1.5 L 6-pack,frisdrank-sappen-water
518907,689404,Coca-Cola Zero sugar zero caffeïne 8-pack,Coca-Cola,frisdrank-sappen-water,"Frisdrank, sappen, water",Cola caffeïnevrij,6.49,6.49,,,,,"8 x 0,25 l",prijs per liter €3.25,False,,,,,C,True,AH,https://www.ah.nl/producten/product/wi518907,2026-08-03,Coca-Cola Zero sugar zero caffeïne 8-pack,frisdrank-sappen-water
616838,0,Sprite Zero sugar lemon-lime 10-pack,Sprite,frisdrank-sappen-water,"Frisdrank, sappen, water",Lemon en lime,11.45,22.9,50.0,pakketkorting,,,10 stuks,,True,AHOO,,2026-08-03,2026-08-09,,True,AH,https://www.ah.nl/producten/product/wi616838,2026-08-03,Sprite Zero sugar lemon-lime 10-pack,frisdrank-sappen-water
616841,0,Sprite Zero sugar lemon-lime 5pack,Sprite,frisdrank-sappen-water,"Frisdrank, sappen, water",Lemon en lime,6.87,11.45,40.0,pakketkorting,,,5 stuks,,True,AHOO,,2026-08-03,2026-08-09,,True,AH,https://www.ah.nl/producten/product/wi616841,2026-08-03,Sprite Zero sugar lemon-lime 5pack,frisdrank-sappen-water
576125,0,Fuze Tea Green Ice Tea 4-pack,Fuze Tea,frisdrank-sappen-water,"Frisdrank, sappen, water",Ice tea green,10.67,11.0,3.0,3% volume voordeel,,,4 stuks,,True,AHOO,3% volume voordeel,2026-08-03,2999-12-31,,True,AH,https://www.ah.nl/producten/product/wi576125,2026-08-03,Fuze Tea Green Ice Tea 4-pack,frisdrank-sappen-water
377719,838930,AH Appelsap,AH,frisdrank-sappen-water,"Frisdrank, sappen, water",Appelsap en perensap,2.39,2.39,,,,,"1,5 l",prijs per liter €1.59,False,,,,,C,True,AH,https://www.ah.nl/producten/product/wi377719,2026-08-03,AH Appelsap,frisdrank-sappen-water
616745,0,Coca-Cola Zero sugar zero caffeïne 24-pack,Coca-Cola,frisdrank-sappen-water,"Frisdrank, sappen, water",Cola caffeïnevrij,17.52,19.47,10.0,10% volume voordeel,,,3 stuks,,True,AHOO,10% volume voordeel,2026-08-03,2999-12-31,,True,AH,https://www.ah.nl/producten/product/wi616745,2026-08-03,Coca-Cola Zero sugar zero caffeïne 24-pack,frisdrank-sappen-water
616743,0,Coca-Cola Zero sugar zero caffeïne 10-pack,Coca-Cola,frisdrank-sappen-water,"Frisdrank, sappen, water",Cola caffeïnevrij,11.45,22.9,50.0,pakketkorting,,,10 stuks,,True,AHOO,,2026-08-03,2026-08-09,,True,AH,https://www.ah.nl/producten/product/wi616743,2026-08-03,Coca-Cola Zero sugar zero caffeïne 10-pack,frisdrank-sappen-water
616744,0,Coca-Cola Zero sugar zero caffeïne 5-pack,Coca-Cola,frisdrank-sappen-water,"Frisdrank, sappen, water",Cola caffeïnevrij,6.87,11.45,40.0,pakketkorting,,,5 stuks,,True,AHOO,,2026-08-03,2026-08-09,,True,AH,https://www.ah.nl/producten/product/wi616744,2026-08-03,Coca-Cola Zero sugar zero caffeïne 5-pack,frisdrank-sappen-water
448504,708759,E Energy drink,E,frisdrank-sappen-water,"Frisdrank, sappen, water",Energydrinks,0.89,0.89,,,,,250 ml,prijs per liter €3.56,False,,,,,,True,AH,https://www.ah.nl/producten/product/wi448504,2026-08-03,E Energy drink,frisdrank-sappen-water
130862,593390,Fanta Orange,Fanta,frisdrank-sappen-water,"Frisdrank, sappen, water",Sinas,2.09,2.09,,1 + 1 gratis,,1.0,1 l,normale prijs per liter €2.09,True,AH,1 + 1 gratis,2026-08-03,2026-08-09,D,True,AH,https://www.ah.nl/producten/product/wi130862,2026-08-03,Fanta Orange,frisdrank-sappen-water
567973,6858,Spa Intense bruisend mineraalwater,Spa,frisdrank-sappen-water,"Frisdrank, sappen, water",Koolzuurhoudend water,1.29,1.29,,,,,"1,5 l",prijs per liter €0.86,False,,,,,A,True,AH,https://www.ah.nl/producten/product/wi567973,2026-08-03,Spa Intense bruisend mineraalwater,frisdrank-sappen-water
607668,64657,Coca-Cola Zero sugar mini 8-pack,Coca-Cola,frisdrank-sappen-water,"Frisdrank, sappen, water","Cola zero, suikervrij, light",4.69,4.69,,,,,"1,2 l",prijs per liter €3.91,False,,,,,C,True,AH,https://www.ah.nl/producten/product/wi607668,2026-08-03,Coca-Cola Zero sugar mini 8-pack,frisdrank-sappen-water
123417,577177,AH Mineraalwater licht bruisend 6-pack,AH,frisdrank-sappen-water,"Frisdrank, sappen, water",Koolzuurhoudend water,2.29,2.29,,,,,"6 x 0,5 l",prijs per liter €0.76,False,,,,,,True,AH,https://www.ah.nl/producten/product/wi123417,2026-08-03,AH Mineraalwater licht bruisend 6-pack,frisdrank-sappen-water
616800,0,Fuze Tea Green ice tea 10-pack,Fuze Tea,frisdrank-sappen-water,"Frisdrank, sappen, water",Ice tea green,23.37,27.5,15.0,15% volume voordeel,,,10 stuks,,True,AHOO,15% volume voordeel,2026-08-03,2999-12-31,,True,AH,https://www.ah.nl/producten/product/wi616800,2026-08-03,Fuze Tea Green ice tea 10-pack,frisdrank-sappen-water
130270,591181,AH Houdbare halfvolle melk 6-pack,AH,frisdrank-sappen-water,"Zuivel, eieren",Melk drinkpakjes,1.35,1.35,,,,,6 x 200 ml,prijs per liter €1.13,False,,,,,B,True,AH,https://www.ah.nl/producten/product/wi130270,2026-08-03,AH Houdbare halfvolle melk 6-pack,frisdrank-sappen-water
616746,0,Coca-Cola Zero sugar zero caffeïne 40-pack,Coca-Cola,frisdrank-sappen-water,"Frisdrank, sappen, water",Cola caffeïnevrij,27.58,32.45,15.0,15% volume voordeel,,,5 stuks,,True,AHOO,15% volume voordeel,2026-08-03,2999-12-31,,True,AH,https://www.ah.nl/producten/product/wi616746,2026-08-03,Coca-Cola Zero sugar zero caffeïne 40-pack,frisdrank-sappen-water
2799,593460,Coca-Cola Light,Coca-Cola,frisdrank-sappen-water,"Frisdrank, sappen, water","Cola zero, suikervrij, light",2.39,2.39,,,,,"1,5 l",prijs per liter €1.59,False,,,,,C,True,AH,https://www.ah.nl/producten/product/wi2799,2026-08-03,Coca-Cola Light,frisdrank-sappen-water
616807,0,Fuze Tea Green ice tea 5-pack,Fuze Tea,frisdrank-sappen-water,"Frisdrank, sappen, water",Ice tea green,13.06,13.75,5.0,5% volume voordeel,,,5 stuks,,True,AHOO,5% volume voordeel,2026-08-03,2999-12-31,,True,AH,https://www.ah.nl/producten/product/wi616807,2026-08-03,Fuze Tea Green ice tea 5-pack,frisdrank-sappen-water
485578,740437,DubbelFrisss 1kcal Framboos & cranberry,DubbelFrisss,frisdrank-sappen-water,"Frisdrank, sappen, water",Frisse fruitdranken,2.75,2.75,,,,,"1,5 l",prijs per liter €1.83,False,,,,,C,True,AH,https://www.ah.nl/producten/product/wi485578,2026-08-03,DubbelFrisss 1kcal Framboos & cranberry,frisdrank-sappen-water
124420,579137,Taksi Tropisch fruit,Taksi,frisdrank-sappen-water,"Frisdrank, sappen, water",Frisse fruitdranken,0.99,1.85,46.5,voor 0.99,0.99,,"1,5 l",normale prijs per liter €1.23,True,AH,VOOR 0.99,2026-08-03,2026-08-09,D,True,AH,https://www.ah.nl/producten/product/wi124420,2026-08-03,Taksi Tropisch fruit,frisdrank-sappen-water
436060,700507,Spa Reine koolzuurvrij mineraalwater,Spa,frisdrank-sappen-water,"Frisdrank, sappen, water",Koolzuurvrij water,7.19,7.19,,,,,"6 x 1,5 l",prijs per liter €0.80,False,,,,,A,True,AH,https://www.ah.nl/producten/product/wi436060,2026-08-03,Spa Reine koolzuurvrij mineraalwater,frisdrank-sappen-water
128382,584027,AH Frisse fruitdrank appel perzik,AH,frisdrank-sappen-water,"Frisdrank, sappen, water",Frisse fruitdranken,1.25,1.25,,,,,"1,5 l",prijs per liter €0.83,False,,,,,D,True,AH,https://www.ah.nl/producten/product/wi128382,2026-08-03,AH Frisse fruitdrank appel perzik,frisdrank-sappen-water
454524,602203,Fuze Tea Black ice tea peach hibiscus,Fuze Tea,frisdrank-sappen-water,"Frisdrank, sappen, water",Ice tea peach,2.75,2.75,,,,,"1,25 l",prijs per liter €2.20,False,,,,,D,True,AH,https://www.ah.nl/producten/product/wi454524,2026-08-03,Fuze Tea Black ice tea peach hibiscus,frisdrank-sappen-water
196062,780665,Rivella Original,Rivella,frisdrank-sappen-water,"Frisdrank, sappen, water",Rivella,2.99,2.99,,,,,"1,5 l",prijs per liter €1.99,False,,,,,C,True,AH,https://www.ah.nl/producten/product/wi196062,2026-08-03,Rivella Original,frisdrank-sappen-water
616761,0,Fanta Orange 5-pack,Fanta,frisdrank-sappen-water,"Frisdrank, sappen, water",Sinas,6.27,10.45,40.0,pakketkorting,,,5 stuks,,True,AHOO,,2026-08-03,2026-08-09,,True,AH,https://www.ah.nl/producten/product/wi616761,2026-08-03,Fanta Orange 5-pack,frisdrank-sappen-water
616759,0,Fanta Orange 10-pack,Fanta,frisdrank-sappen-water,"Frisdrank, sappen, water",Sinas,10.45,20.9,50.0,pakketkorting,,,10 stuks,,True,AHOO,,2026-08-03,2026-08-09,,True,AH,https://www.ah.nl/producten/product/wi616759,2026-08-03,Fanta Orange 10-pack,frisdrank-sappen-water
553877,70433,Sprite Zero sugar lemon-lime 4-pack,Sprite,frisdrank-sappen-water,"Frisdrank, sappen, water",Lemon en lime,3.25,3.25,,,,,"4 x 0,25 l",prijs per liter €3.25,False,,,,,C,True,AH,https://www.ah.nl/producten/product/wi553877,2026-08-03,Sprite Zero sugar lemon-lime 4-pack,frisdrank-sappen-water
480794,734411,AH Cola zero sugar 6-pack,AH,frisdrank-sappen-water,"Frisdrank, sappen, water","Cola zero, suikervrij, light",2.19,2.19,,,,,"6 x 0,33 l",prijs per liter €1.11,False,,,,,C,True,AH,https://www.ah.nl/producten/product/wi480794,2026-08-03,AH Cola zero sugar 6-pack,frisdrank-sappen-water
576071,0,Fuze Tea Peach Hibiscus 4-pack,Fuze Tea,frisdrank-sappen-water,"Frisdrank, sappen, water",Ice tea green,10.67,11.0,3.0,3% volume voordeel,,,4 stuks,,True,AHOO,3% volume voordeel,2026-08-03,2999-12-31,,True,AH,https://www.ah.nl/producten/product/wi576071,2026-08-03,Fuze Tea Peach Hibiscus 4-pack,frisdrank-sappen-water
571840,10783,DubbelFrisss Boost appel & perzik,DubbelFrisss,frisdrank-sappen-water,"Frisdrank, sappen, water",Frisse fruitdranken,1.99,1.99,,,,,"1,5 l",prijs per liter €1.33,False,,,,,D,True,AH,https://www.ah.nl/producten/product/wi571840,2026-08-03,DubbelFrisss Boost appel & perzik,frisdrank-sappen-water
577683,0,DubbelFrisss Boost Appel-Perzik 3-pack,DubbelFrisss,frisdrank-sappen-water,"Frisdrank, sappen, water",Frisse fruitdranken,5.37,5.97,10.0,10% volume voordeel,,,3 stuks,,True,AHOO,10% volume voordeel,2026-08-03,2999-12-31,,True,AH,https://www.ah.nl/producten/product/wi577683,2026-08-03,DubbelFrisss Boost Appel-Perzik 3-pack,frisdrank-sappen-water
575871,17261,Spa Touch passion fizz,Spa,frisdrank-sappen-water,"Frisdrank, sappen, water",Water met smaak,1.85,1.85,,,,,1 l,prijs per liter €1.85,False,,,,,B,True,AH,https://www.ah.nl/producten/product/wi575871,2026-08-03,Spa Touch passion fizz,frisdrank-sappen-water
389503,846362,AH Bruisend mineraalwater bloedsinaasappel,AH,frisdrank-sappen-water,"Frisdrank, sappen, water",Water met smaak,1.09,1.09,,,,,"1,5 l",prijs per liter €0.73,False,,,,,B,True,AH,https://www.ah.nl/producten/product/wi389503,2026-08-03,AH Bruisend mineraalwater bloedsinaasappel,frisdrank-sappen-water
496904,800596,Royal Club Ginger beer 0% suiker,Royal Club,frisdrank-sappen-water,"Frisdrank, sappen, water","Ginger ale, ginger beer",2.49,2.49,,,,,1 l,prijs per liter €2.49,False,,,,,C,True,AH,https://www.ah.nl/producten/product/wi496904,2026-08-03,Royal Club Ginger beer 0% suiker,frisdrank-sappen-water
73235,729221,Spa Reine koolzuurvrij mineraalwater 24-pack,Spa,frisdrank-sappen-water,"Frisdrank, sappen, water",Koolzuurvrij water,14.49,14.49,,,,,"24 x 0,5 l",prijs per liter €1.21,False,,,,,A,True,AH,https://www.ah.nl/producten/product/wi73235,2026-08-03,Spa Reine koolzuurvrij mineraalwater 24-pack,frisdrank-sappen-water
616788,0,Fuze Tea Black ice tea peach hibiscus 10-pack,Fuze Tea,frisdrank-sappen-water,"Frisdrank, sappen, water",Ice tea peach,23.37,27.5,15.0,15% volume voordeel,,,10 stuks,,True,AHOO,15% volume voordeel,2026-08-03,2999-12-31,,True,AH,https://www.ah.nl/producten/product/wi616788,2026-08-03,Fuze Tea Black ice tea peach hibiscus 10-pack,frisdrank-sappen-water
556544,66774,Raak Vruchtensiroop reine claude zero sugar,Raak,frisdrank-sappen-water,"Frisdrank, sappen, water",Limonadesiroop (suikerbewust en suikervrij),2.89,2.89,,,,,"0,75 l",prijs per liter €3.85,False,,,,,C,True,AH,https://www.ah.nl/producten/product/wi556544,2026-08-03,Raak Vruchtensiroop reine claude zero sugar,frisdrank-sappen-water
603318,0,Raak Vruchtensiroop reine claude zero 3-pack,Raak,frisdrank-sappen-water,"Frisdrank, sappen, water",Limonadesiroop (suikerbewust en suikervrij),7.8,8.67,10.0,10% volume voordeel,,,3 stuks,,True,AHOO,10% volume voordeel,2026-08-03,2999-12-31,,True,AH,https://www.ah.nl/producten/product/wi603318,2026-08-03,Raak Vruchtensiroop reine claude zero 3-pack,frisdrank-sappen-water
476706,729903,Coca-Cola Zero sugar,Coca-Cola,frisdrank-sappen-water,"Frisdrank, sappen, water","Cola zero, suikervrij, light",0.85,0.85,,,,,250 ml,prijs per liter €3.40,False,,,,,C,True,AH,https://www.ah.nl/producten/product/wi476706,2026-08-03,Coca-Cola Zero sugar,frisdrank-sappen-water
614525,0,Royal Club Ginger beer 0% suiker 4-pack,Royal Club,frisdrank-sappen-water,"Frisdrank, sappen, water","Ginger ale, ginger beer",8.96,9.96,10.0,10% volume voordeel,,,4 stuks,,True,AHOO,10% volume voordeel,2026-08-03,2999-12-31,,True,AH,https://www.ah.nl/producten/product/wi614525,2026-08-03,Royal Club Ginger beer 0% suiker 4-pack,frisdrank-sappen-water
616793,0,Fuze Tea Black ice tea peach hibiscus 5-pack,Fuze Tea,frisdrank-sappen-water,"Frisdrank, sappen, water",Ice tea peach,13.06,13.75,5.0,5% volume voordeel,,,5 stuks,,True,AHOO,5% volume voordeel,2026-08-03,2999-12-31,,True,AH,https://www.ah.nl/producten/product/wi616793,2026-08-03,Fuze Tea Black ice tea peach hibiscus 5-pack,frisdrank-sappen-water
239489,832328,Spa Touch bruisend blackcurrant,Spa,frisdrank-sappen-water,"Frisdrank, sappen, water",Water met smaak,1.79,1.79,,,,,1 l,prijs per liter €1.79,False,,,,,B,True,AH,https://www.ah.nl/producten/product/wi239489,2026-08-03,Spa Touch bruisend blackcurrant,frisdrank-sappen-water
561718,672539,AH Ginger passion gember passievrucht,AH,frisdrank-sappen-water,"Fruit, verse sappen",Fruit en groenteshots,1.09,1.09,,5 + 1 gratis,,5.0,125 ml,normale prijs per liter €8.72,True,AH,5 + 1 gratis,2026-08-03,2026-08-09,D,True,AH,https://www.ah.nl/producten/product/wi561718,2026-08-03,AH Ginger passion gember passievrucht,frisdrank-sappen-water
571534,0,AH Ginger passion 6-pack,AH,frisdrank-sappen-water,"Fruit, verse sappen",Fruit en groenteshots,5.45,6.54,16.7,pakketkorting,,,6 stuks,,True,AHOO,,2026-08-03,2026-08-09,,True,AH,https://www.ah.nl/producten/product/wi571534,2026-08-03,AH Ginger passion 6-pack,frisdrank-sappen-water
2751,788593,Appelsientje Sinaasappelsap,Appelsientje,frisdrank-sappen-water,"Frisdrank, sappen, water","Sinaasappelsap, citrussap, grapefruitsap (jus d'orange)",2.99,2.99,,,,,1 l,prijs per liter €2.99,False,,,,,C,True,AH,https://www.ah.nl/producten/product/wi2751,2026-08-03,Appelsientje Sinaasappelsap,frisdrank-sappen-water
611840,0,Spa Touch passion fizz 4-pack,Spa,frisdrank-sappen-water,"Frisdrank, sappen, water",Water met smaak,6.66,7.4,10.0,10% volume voordeel,,,4 stuks,,True,AHOO,10% volume voordeel,2026-08-03,2999-12-31,,True,AH,https://www.ah.nl/producten/product/wi611840,2026-08-03,Spa Touch passion fizz 4-pack,frisdrank-sappen-water
48352,607025,Hero Cassis zero,Hero,frisdrank-sappen-water,"Frisdrank, sappen, water",Cassis,2.69,2.69,,,,,"1,25 l",prijs per liter €2.15,False,,,,,C,True,AH,https://www.ah.nl/producten/product/wi48352,2026-08-03,Hero Cassis zero,frisdrank-sappen-water
612868,0,Hero Cassis zero 4-pack,Hero,frisdrank-sappen-water,"Frisdrank, sappen, water",Cassis,10.22,10.76,5.0,5% volume voordeel,,,4 stuks,,True,AHOO,5% volume voordeel,2026-08-03,2999-12-31,,True,AH,https://www.ah.nl/producten/product/wi612868,2026-08-03,Hero Cassis zero 4-pack,frisdrank-sappen-water
561719,86395,AH Ginger power verse gember appel citroen,AH,frisdrank-sappen-water,"Fruit, verse sappen",Fruit en groenteshots,1.09,1.09,,5 + 1 gratis,,5.0,125 ml,normale prijs per liter €8.72,True,AH,5 + 1 gratis,2026-08-03,2026-08-09,C,True,AH,https://www.ah.nl/producten/product/wi561719,2026-08-03,AH Ginger power verse gember appel citroen,frisdrank-sappen-water
571533,0,AH Ginger power 6-pack,AH,frisdrank-sappen-water,"Fruit, verse sappen",Fruit en groenteshots,5.45,6.54,16.7,pakketkorting,,,6 stuks,,True,AHOO,,2026-08-03,2026-08-09,,True,AH,https://www.ah.nl/producten/product/wi571533,2026-08-03,AH Ginger power 6-pack,frisdrank-sappen-water
616839,0,Sprite Zero sugar lemon-lime 16-pack,Sprite,frisdrank-sappen-water,"Frisdrank, sappen, water",Lemon en lime,11.7,13.0,10.0,10% volume voordeel,,,4 stuks,,True,AHOO,10% volume voordeel,2026-08-03,2999-12-31,,True,AH,https://www.ah.nl/producten/product/wi616839,2026-08-03,Sprite Zero sugar lemon-lime 16-pack,frisdrank-sappen-water
195871,598316,Raak Vruchtensiroop frambozensmaak,Raak,frisdrank-sappen-water,"Frisdrank, sappen, water",Limonadesiroop,2.89,2.89,,,,,"0,75 l",prijs per liter €3.85,False,,,,,E,True,AH,https://www.ah.nl/producten/product/wi195871,2026-08-03,Hit Fruit Syrup Raspberry Flavor,frisdrank-sappen-water
163236,750055,Royal Club Ginger ale,Royal Club,frisdrank-sappen-water,"Frisdrank, sappen, water","Ginger ale, ginger beer",2.49,2.49,,,,,1 l,prijs per liter €2.49,False,,,,,E,True,AH,https://www.ah.nl/producten/product/wi163236,2026-08-03,Royal Club Ginger ale,frisdrank-sappen-water
531004,31244,Karvan Cévitam Original framboos siroop,Karvan Cévitam,frisdrank-sappen-water,"Frisdrank, sappen, water",Limonadesiroop,4.29,4.29,,,,,"0,6 l",prijs per liter €7.15,False,,,,,E,True,AH,https://www.ah.nl/producten/product/wi531004,2026-08-03,Karvan Cévitam Original framboos siroop,frisdrank-sappen-water
567970,6859,Spa Touch cherry bruisend,Spa,frisdrank-sappen-water,"Frisdrank, sappen, water",Water met smaak,1.79,1.79,,,,,1 l,prijs per liter €1.79,False,,,,,B,True,AH,https://www.ah.nl/producten/product/wi567970,2026-08-03,Spa Touch cherry bruisend,frisdrank-sappen-water
516934,882940,Coca-Cola Zero sugar tray,Coca-Cola,frisdrank-sappen-water,"Frisdrank, sappen, water","Cola zero, suikervrij, light",18.95,18.95,,,,,"24 x 0,33 l",prijs per liter €2.39,False,,,,,C,True,AH,https://www.ah.nl/producten/product/wi516934,2026-08-03,Coca-Cola Zero sugar tray,frisdrank-sappen-water
594341,42596,Crystal Clear Framboos bosbes,Crystal Clear,frisdrank-sappen-water,"Frisdrank, sappen, water",Fruitwater,2.39,2.39,,,,,"1,5 l",prijs per liter €1.59,False,,,,,C,True,AH,https://www.ah.nl/producten/product/wi594341,2026-08-03,Crystal Clear Framboos bosbes,frisdrank-sappen-water
616740,0,Coca-Cola Zero sugar tray 4-pack,Coca-Cola,frisdrank-sappen-water,"Frisdrank, sappen, water","Cola zero, suikervrij, light",64.43,75.8,15.0,15% volume voordeel,,,4 stuks,,True,AHOO,15% volume voordeel,2026-08-03,2999-12-31,,True,AH,https://www.ah.nl/producten/product/wi616740,2026-08-03,Coca-Cola Zero sugar tray 4-pack,frisdrank-sappen-water
163780,607449,AH Mineraalwater licht bruisend 6-pack,AH,frisdrank-sappen-water,"Frisdrank, sappen, water",Koolzuurhoudend water,3.89,3.89,,,,,"6 x 1,5 l",prijs per liter €0.43,False,,,,,,True,AH,https://www.ah.nl/producten/product/wi163780,2026-08-03,AH Mineraalwater licht bruisend 6-pack,frisdrank-sappen-water
569884,8627,CoolBest Fruit drink strawberry,CoolBest,frisdrank-sappen-water,"Fruit, verse sappen",Multivruchtensap (vers),2.29,2.29,,,,,1 l,prijs per liter €2.29,False,,,,,C,True,AH,https://www.ah.nl/producten/product/wi569884,2026-08-03,CoolBest Fruit drink strawberry,frisdrank-sappen-water
594335,42599,Crystal Clear Appel peer,Crystal Clear,frisdrank-sappen-water,"Frisdrank, sappen, water",Fruitwater,2.29,2.29,,,,,"1,5 l",prijs per liter €1.53,False,,,,,C,True,AH,https://www.ah.nl/producten/product/wi594335,2026-08-03,Crystal Clear Appel peer,frisdrank-sappen-water
614524,0,Royal Club Ginger beer 0% suiker 10-pack,Royal Club,frisdrank-sappen-water,"Frisdrank, sappen, water","Ginger ale, ginger beer",19.92,24.9,20.0,20% volume voordeel,,,10 stuks,,True,AHOO,20% volume voordeel,2026-08-03,2999-12-31,,True,AH,https://www.ah.nl/producten/product/wi614524,2026-08-03,Royal Club Ginger beer 0% suiker 10-pack,frisdrank-sappen-water
140127,611318,Royal Club Bitter lemon 0% suiker,Royal Club,frisdrank-sappen-water,"Frisdrank, sappen, water",Bitter lemon,2.39,2.39,,,,,1 l,prijs per liter €2.39,False,,,,,C,True,AH,https://www.ah.nl/producten/product/wi140127,2026-08-03,Royal Club Bitter lemon 0% suiker,frisdrank-sappen-water
614526,0,Royal Club Ginger beer 0% suiker 6-pack,Royal Club,frisdrank-sappen-water,"Frisdrank, sappen, water","Ginger ale, ginger beer",12.7,14.94,15.0,15% volume voordeel,,,6 stuks,,True,AHOO,15% volume voordeel,2026-08-03,2999-12-31,,True,AH,https://www.ah.nl/producten/product/wi614526,2026-08-03,Royal Club Ginger beer 0% suiker 6-pack,frisdrank-sappen-water
612143,0,CoolBest Fruit drink strawberry 3-pack,CoolBest,frisdrank-sappen-water,"Fruit, verse sappen",Multivruchtensap (vers),6.18,6.87,10.0,10% volume voordeel,,,3 stuks,,True,AHOO,10% volume voordeel,2026-08-03,2999-12-31,,True,AH,https://www.ah.nl/producten/product/wi612143,2026-08-03,CoolBest Fruit drink strawberry 3-pack,frisdrank-sappen-water
531003,525946,Karvan Cévitam Original grenadine siroop,Karvan Cévitam,frisdrank-sappen-water,"Frisdrank, sappen, water",Limonadesiroop,4.29,4.29,,,,,"0,6 l",prijs per liter €7.15,False,,,,,E,True,AH,https://www.ah.nl/producten/product/wi531003,2026-08-03,Karvan Cévitam Original grenadine siroop,frisdrank-sappen-water
389746,846425,AH Bruisend mineraalwater citroen 6-pack,AH,frisdrank-sappen-water,"Frisdrank, sappen, water",Water met smaak,2.99,2.99,,,,,"6 x 0,5 l",prijs per liter €1.00,False,,,,,B,True,AH,https://www.ah.nl/producten/product/wi389746,2026-08-03,AH Bruisend mineraalwater citroen 6-pack,frisdrank-sappen-water
611825,0,Spa Touch bruisend blackcurrant 4-pack,Spa,frisdrank-sappen-water,"Frisdrank, sappen, water",Water met smaak,6.44,7.16,10.0,10% volume voordeel,,,4 stuks,,True,AHOO,10% volume voordeel,2026-08-03,2999-12-31,,True,AH,https://www.ah.nl/producten/product/wi611825,2026-08-03,Spa Touch bruisend blackcurrant 4-pack,frisdrank-sappen-water
616840,0,Sprite Zero sugar lemon-lime 32-pack,Sprite,frisdrank-sappen-water,"Frisdrank, sappen, water",Lemon en lime,22.1,26.0,15.0,15% volume voordeel,,,8 stuks,,True,AHOO,15% volume voordeel,2026-08-03,2999-12-31,,True,AH,https://www.ah.nl/producten/product/wi616840,2026-08-03,Sprite Zero sugar lemon-lime 32-pack,frisdrank-sappen-water
600445,0,Karvan Cévitam Original framboos siroop 3-pack,Karvan Cévitam,frisdrank-sappen-water,"Frisdrank, sappen, water",Limonadesiroop,10.94,12.87,15.0,15% volume voordeel,,,3 stuks,,True,AHOO,15% volume voordeel,2026-08-03,2999-12-31,,True,AH,https://www.ah.nl/producten/product/wi600445,2026-08-03,Karvan Cévitam Original framboos siroop 3-pack,frisdrank-sappen-water
611841,0,Spa Touch passion fizz 6-pack,Spa,frisdrank-sappen-water,"Frisdrank, sappen, water",Water met smaak,9.43,11.1,15.0,15% volume voordeel,,,6 stuks,,True,AHOO,15% volume voordeel,2026-08-03,2999-12-31,,True,AH,https://www.ah.nl/producten/product/wi611841,2026-08-03,Spa Touch passion fizz 6-pack,frisdrank-sappen-water
614522,0,Royal Club Ginger ale 4-pck,Royal Club,frisdrank-sappen-water,"Frisdrank, sappen, water","Ginger ale, ginger beer",8.96,9.96,10.0,10% volume voordeel,,,4 stuks,,True,AHOO,10% volume voordeel,2026-08-03,2999-12-31,,True,AH,https://www.ah.nl/producten/product/wi614522,2026-08-03,Royal Club Ginger ale 4-pck,frisdrank-sappen-water
597112,0,Royal Club Bitter lemon 0% suiker 4-pack,Royal Club,frisdrank-sappen-water,"Frisdrank, sappen, water",Bitter lemon,8.6,9.56,10.0,10% volume voordeel,,,4 stuks,,True,AHOO,10% volume voordeel,2026-08-03,2999-12-31,,True,AH,https://www.ah.nl/producten/product/wi597112,2026-08-03,Royal Club Bitter lemon 0% suiker 4-pack,frisdrank-sappen-water
612144,0,CoolBest Fruit drink strawberry 6-pack,CoolBest,frisdrank-sappen-water,"Fruit, verse sappen",Multivruchtensap (vers),11.68,13.74,15.0,15% volume voordeel,,,6 stuks,,True,AHOO,15% volume voordeel,2026-08-03,2999-12-31,,True,AH,https://www.ah.nl/producten/product/wi612144,2026-08-03,CoolBest Fruit drink strawberry 6-pack,frisdrank-sappen-water
398608,848725,S. Pellegrino Natuurlijk mineraalwater,S. Pellegrino,frisdrank-sappen-water,"Frisdrank, sappen, water",Koolzuurhoudend water,7.99,7.99,,,,,6 x 1 l,prijs per liter €1.33,False,,,,,A,True,AH,https://www.ah.nl/producten/product/wi398608,2026-08-03,S. Pellegrino Natuurlijk mineraalwater,frisdrank-sappen-water
611832,0,Spa Touch cherry bruisend 4-pack,Spa,frisdrank-sappen-water,"Frisdrank, sappen, water",Water met smaak,6.44,7.16,10.0,10% volume voordeel,,,4 stuks,,True,AHOO,10% volume voordeel,2026-08-03,2999-12-31,,True,AH,https://www.ah.nl/producten/product/wi611832,2026-08-03,Spa Touch cherry bruisend 4-pack,frisdrank-sappen-water
496999,802661,Lipton Ice tea green 4-pack,Lipton,frisdrank-sappen-water,"Frisdrank, sappen, water",Ice tea green,3.59,3.59,,,,,"4 x 0,25 l",prijs per liter €3.59,False,,,,,D,True,AH,https://www.ah.nl/producten/product/wi496999,2026-08-03,Lipton Ice tea green 4-pack,frisdrank-sappen-water
608745,0,Lipton Ice tea green 12-pack,Lipton,frisdrank-sappen-water,"Frisdrank, sappen, water",Ice tea green,9.69,10.77,10.0,10% volume voordeel,,,3 stuks,,True,AHOO,10% volume voordeel,2026-08-03,2999-12-31,,True,AH,https://www.ah.nl/producten/product/wi608745,2026-08-03,Lipton Ice tea green 12-pack,frisdrank-sappen-water
612118,0,Appelsientje Sinaasappelsap 4-pack,Appelsientje,frisdrank-sappen-water,"Frisdrank, sappen, water","Sinaasappelsap, citrussap, grapefruitsap (jus d'orange)",10.76,11.96,10.0,10% volume voordeel,,,4 stuks,,True,AHOO,10% volume voordeel,2026-08-03,2999-12-31,,True,AH,https://www.ah.nl/producten/product/wi612118,2026-08-03,Appelsientje Sinaasappelsap 4-pack,frisdrank-sappen-water
612354,0,Karvan Cévitam Original grenadine siroop 3-pack,Karvan Cévitam,frisdrank-sappen-water,"Frisdrank, sappen, water",Limonadesiroop,12.23,12.87,5.0,5% volume voordeel,,,3 stuks,,True,AHOO,5% volume voordeel,2026-08-03,2999-12-31,,True,AH,https://www.ah.nl/producten/product/wi612354,2026-08-03,Karvan Cévitam Original grenadine siroop 3-pack,frisdrank-sappen-water
454525,602247,Fuze Tea Green Ice Tea Mango chamomile,Fuze Tea,frisdrank-sappen-water,"Frisdrank, sappen, water",Ice tea green,2.75,2.75,,,,,"1,25 l",prijs per liter €2.20,False,,,,,D,True,AH,https://www.ah.nl/producten/product/wi454525,2026-08-03,Fuze Tea Green Ice Tea Mango chamomile,frisdrank-sappen-water
415186,686634,AH Ice tea lemon koolzuurvrij,AH,frisdrank-sappen-water,"Frisdrank, sappen, water",Ice tea lemon,1.25,1.25,,,,,"1,5 l",prijs per liter €0.83,False,,,,,D,True,AH,https://www.ah.nl/producten/product/wi415186,2026-08-03,AH Ice tea lemon koolzuurvrij,frisdrank-sappen-water
575208,16666,AH Frisse fruitdrank ananas mango 1kcal,AH,frisdrank-sappen-water,"Frisdrank, sappen, water",Frisse fruitdranken,1.29,1.29,,,,,"1,5 l",prijs per liter €0.86,False,,,,,C,True,AH,https://www.ah.nl/producten/product/wi575208,2026-08-03,AH Frisse fruitdrank ananas mango 1kcal,frisdrank-sappen-water
500277,811201,Slimpie Framboos siroop 0% suiker,Slimpie,frisdrank-sappen-water,"Frisdrank, sappen, water",Limonadesiroop (suikerbewust en suikervrij),3.49,3.49,,,,,"0,65 l",prijs per liter €5.37,False,,,,,C,True,AH,https://www.ah.nl/producten/product/wi500277,2026-08-03,Slimpie Framboos siroop 0% suiker,frisdrank-sappen-water
614409,0,Raak Vruchtensiroop reine claude zs 4-pack,Raak,frisdrank-sappen-water,"Frisdrank, sappen, water",Limonadesiroop (suikerbewust en suikervrij),9.83,11.56,15.0,15% volume voordeel,,,4 stuks,,True,AHOO,15% volume voordeel,2026-08-03,2999-12-31,,True,AH,https://www.ah.nl/producten/product/wi614409,2026-08-03,Raak Vruchtensiroop reine claude zs 4-pack,frisdrank-sappen-water
511095,678167,AH Licht & zonder prik appel & peer,AH,frisdrank-sappen-water,"Frisdrank, sappen, water",Frisse fruitdranken,1.39,1.39,,,,,"1,5 l",prijs per liter €0.93,False,,,,,C,True,AH,https://www.ah.nl/producten/product/wi511095,2026-08-03,AH Licht & zonder prik appel & peer,frisdrank-sappen-water
593830,42222,AH Cassis zero sugar,AH,frisdrank-sappen-water,"Frisdrank, sappen, water",Cassis,1.45,1.45,,,,,"1,5 l",prijs per liter €0.97,False,,,,,C,True,AH,https://www.ah.nl/producten/product/wi593830,2026-08-03,AH Cassis zero sugar,frisdrank-sappen-water
611826,0,Spa Touch bruisend blackcurrant 6-pack,Spa,frisdrank-sappen-water,"Frisdrank, sappen, water",Water met smaak,9.13,10.74,15.0,15% volume voordeel,,,6 stuks,,True,AHOO,15% volume voordeel,2026-08-03,2999-12-31,,True,AH,https://www.ah.nl/producten/product/wi611826,2026-08-03,Spa Touch bruisend blackcurrant 6-pack,frisdrank-sappen-water
614521,0,Royal Club Ginger ale 10-pck,Royal Club,frisdrank-sappen-water,"Frisdrank, sappen, water","Ginger ale, ginger beer",19.92,24.9,20.0,20% volume voordeel,,,10 stuks,,True,AHOO,20% volume voordeel,2026-08-03,2999-12-31,,True,AH,https://www.ah.nl/producten/product/wi614521,2026-08-03,Royal Club Ginger ale 10-pck,frisdrank-sappen-water
119839,573006,AH Biologisch Sinaasappelsap,AH Biologisch,frisdrank-sappen-water,"Frisdrank, sappen, water","Sinaasappelsap, citrussap, grapefruitsap (jus d'orange)",2.39,2.39,,,,,1 l,prijs per liter €2.39,False,,,,,C,True,AH,https://www.ah.nl/producten/product/wi119839,2026-08-03,AH Biologisch Sinaasappelsap,frisdrank-sappen-water
612120,0,Appelsientje Sinaasappelsap 8-pack,Appelsientje,frisdrank-sappen-water,"Frisdrank, sappen, water","Sinaasappelsap, citrussap, grapefruitsap (jus d'orange)",19.14,23.92,20.0,20% volume voordeel,,,8 stuks,,True,AHOO,20% volume voordeel,2026-08-03,2999-12-31,,True,AH,https://www.ah.nl/producten/product/wi612120,2026-08-03,Appelsientje Sinaasappelsap 8-pack,frisdrank-sappen-water
614523,0,Royal Club Ginger ale 6-pck,Royal Club,frisdrank-sappen-water,"Frisdrank, sappen, water","Ginger ale, ginger beer",12.7,14.94,15.0,15% volume voordeel,,,6 stuks,,True,AHOO,15% volume voordeel,2026-08-03,2999-12-31,,True,AH,https://www.ah.nl/producten/product/wi614523,2026-08-03,Royal Club Ginger ale 6-pck,frisdrank-sappen-water
614467,0,Royal Club Bitter lemon 0% suiker 6-pack,Royal Club,frisdrank-sappen-water,"Frisdrank, sappen, water",Bitter lemon,12.19,14.34,15.0,15% volume voordeel,,,6 stuks,,True,AHOO,15% volume voordeel,2026-08-03,2999-12-31,,True,AH,https://www.ah.nl/producten/product/wi614467,2026-08-03,Royal Club Bitter lemon 0% suiker 6-pack,frisdrank-sappen-water
616820,0,Fuze Tea Mango Chamomile bundel 4-pack,Fuze Tea,frisdrank-sappen-water,"Frisdrank, sappen, water",Ice tea green,10.67,11.0,3.0,3% volume voordeel,,,4 stuks,,True,AHOO,3% volume voordeel,2026-08-03,2999-12-31,,True,AH,https://www.ah.nl/producten/product/wi616820,2026-08-03,Fuze Tea Mango Chamomile bundel 4-pack,frisdrank-sappen-water
137742,607024,Hero Cassis,Hero,frisdrank-sappen-water,"Frisdrank, sappen, water",Cassis,2.69,2.69,,,,,"1,25 l",prijs per liter €2.15,False,,,,,E,True,AH,https://www.ah.nl/producten/product/wi137742,2026-08-03,Hero Cassis,frisdrank-sappen-water
612863,0,Hero Cassis 4-pack,Hero,frisdrank-sappen-water,"Frisdrank, sappen, water",Cassis,10.22,10.76,5.0,5% volume voordeel,,,4 stuks,,True,AHOO,5% volume voordeel,2026-08-03,2999-12-31,,True,AH,https://www.ah.nl/producten/product/wi612863,2026-08-03,Hero Cassis 4-pack,frisdrank-sappen-water
614669,0,Crystal Clear Appel peer 4-pack,Crystal Clear,frisdrank-sappen-water,"Frisdrank, sappen, water",Fruitwater,8.24,9.16,10.0,10% volume voordeel,,,4 stuks,,True,AHOO,10% volume voordeel,2026-08-03,2999-12-31,,True,AH,https://www.ah.nl/producten/product/wi614669,2026-08-03,Crystal Clear Appel peer 4-pack,frisdrank-sappen-water
451111,572214,Liefmans On the rocks 4-pack,Liefmans,bier-wijn-aperitieven,"Bier, wijn, aperitieven","Rosé bier, fruitbier",5.84,7.79,25.0,25% korting,,,"4 x 0,25 l",normale prijs per liter €7.79,True,AH,25% korting,2026-08-03,2026-08-09,,True,AH,https://www.ah.nl/producten/product/wi451111,2026-08-03,Liefmans On the rocks 4-pack,bier-wijn-aperitieven
615431,72529,Grolsch Cal 6-pack,Grolsch,bier-wijn-aperitieven,"Bier, wijn, aperitieven",Pils blik,6.85,6.85,,,,,"1,98 l",prijs per liter €3.46,False,,,,,,True,AH,https://www.ah.nl/producten/product/wi615431,2026-08-03,Grolsch Cal 6-pack,bier-wijn-aperitieven
222563,816815,Amstel Radler citroen 0.0 6-pack,Amstel,bier-wijn-aperitieven,"Bier, wijn, aperitieven","Alcoholvrij wit, weizen, radler",6.49,6.49,,1 + 1 gratis,,1.0,"6 x 0,33 l",normale prijs per liter €3.28,True,AH,1 + 1 gratis,2026-08-03,2026-08-09,C,True,AH,https://www.ah.nl/producten/product/wi222563,2026-08-03,Amstel Radler citroen 0.0 6-pack,bier-wijn-aperitieven
600733,0,Amstel Amstel Radler citroen 0.0 6-pack 8-pack,Amstel,bier-wijn-aperitieven,"Bier, wijn, aperitieven","Alcoholvrij wit, weizen, radler",25.96,51.92,50.0,pakketkorting,,,8 stuks,,True,AHOO,,2026-08-03,2026-08-09,,True,AH,https://www.ah.nl/producten/product/wi600733,2026-08-03,Amstel Amstel Radler citroen 0.0 6-pack 8-pack,bier-wijn-aperitieven
238802,828378,Grolsch Radler citroen alcoholvrij 0.0 6-pack,Grolsch,bier-wijn-aperitieven,"Bier, wijn, aperitieven","Alcoholvrij wit, weizen, radler",5.29,5.29,,,,,"6 x 0,3 l",prijs per liter €2.94,False,,,,,C,True,AH,https://www.ah.nl/producten/product/wi238802,2026-08-03,Grolsch Radler citroen alcoholvrij 0.0 6-pack,bier-wijn-aperitieven
166755,771875,Liefmans On the rocks,Liefmans,bier-wijn-aperitieven,"Bier, wijn, aperitieven","Rosé bier, fruitbier",1.3,1.73,25.0,25% korting,,,250 ml,normale prijs per liter €6.92,True,AH,25% KORTING,2026-08-03,2026-08-09,,True,AH,https://www.ah.nl/producten/product/wi166755,2026-08-03,Liefmans On the rocks,bier-wijn-aperitieven
611328,0,Grolsch Radler citroen alcoholvrij 0.0 18-pack,Grolsch,bier-wijn-aperitieven,"Bier, wijn, aperitieven","Alcoholvrij wit, weizen, radler",14.28,15.87,10.0,10% volume voordeel,,,3 stuks,,True,AHOO,10% volume voordeel,2026-08-03,2999-12-31,,True,AH,https://www.ah.nl/producten/product/wi611328,2026-08-03,Grolsch Radler citroen alcoholvrij 0.0 18-pack,bier-wijn-aperitieven
611329,0,Grolsch Radler citroen alcoholvrij 0.0 30-pack,Grolsch,bier-wijn-aperitieven,"Bier, wijn, aperitieven","Alcoholvrij wit, weizen, radler",22.48,26.45,15.0,15% volume voordeel,,,5 stuks,,True,AHOO,15% volume voordeel,2026-08-03,2999-12-31,,True,AH,https://www.ah.nl/producten/product/wi611329,2026-08-03,Grolsch Radler citroen alcoholvrij 0.0 30-pack,bier-wijn-aperitieven
222510,816813,Amstel Radler citroen 0.0% 6-pack,Amstel,bier-wijn-aperitieven,"Bier, wijn, aperitieven","Alcoholvrij wit, weizen, radler",5.99,5.99,,1 + 1 gratis,,1.0,"6 x 0,3 l",normale prijs per liter €3.33,True,AH,1 + 1 gratis,2026-08-03,2026-08-09,C,True,AH,https://www.ah.nl/producten/product/wi222510,2026-08-03,Amstel Radler citroen 0.0% 6-pack,bier-wijn-aperitieven
606634,0,Amstel Radler citroen 0.0%12-pack,Amstel,bier-wijn-aperitieven,"Bier, wijn, aperitieven","Alcoholvrij wit, weizen, radler",5.99,11.98,50.0,pakketkorting,,,2 stuks,,True,AHOO,,2026-08-03,2026-08-09,,True,AH,https://www.ah.nl/producten/product/wi606634,2026-08-03,Amstel Radler citroen 0.0%12-pack,bier-wijn-aperitieven
228280,820730,Saint Louis De provence rosé,Saint Louis,bier-wijn-aperitieven,"Bier, wijn, aperitieven",Droge rosé,6.99,6.99,,,,,"0,75 l",prijs per liter €9.32,False,,,,,,True,AH,https://www.ah.nl/producten/product/wi228280,2026-08-03,Saint Louis De provence rosé,bier-wijn-aperitieven
584742,0,Saint Louis De provence rose 6 flessen,Saint Louis,bier-wijn-aperitieven,"Bier, wijn, aperitieven",Droge rosé,37.75,41.94,10.0,10% volume voordeel,,,6 stuks,,True,AHOO,10% volume voordeel,2026-08-03,2999-12-31,,True,AH,https://www.ah.nl/producten/product/wi584742,2026-08-03,Saint Louis De provence rose 6 flessen,bier-wijn-aperitieven
566588,4706,Vandestreek Playground non alcoholic IPA,Vandestreek,bier-wijn-aperitieven,"Bier, wijn, aperitieven",Alcoholvrij IPA,2.19,2.19,,,,,330 ml,prijs per liter €6.64,False,,,,,C,True,AH,https://www.ah.nl/producten/product/wi566588,2026-08-03,Vandestreek Playground non alcoholic IPA,bier-wijn-aperitieven
615888,0,Saint Louis Saint Louis Provence Rosé 4 flessen,Saint Louis,bier-wijn-aperitieven,"Bier, wijn, aperitieven",Droge rosé,26.56,27.96,5.0,5% volume voordeel,,,4 stuks,,True,AHOO,5% volume voordeel,2026-08-03,2999-12-31,,True,AH,https://www.ah.nl/producten/product/wi615888,2026-08-03,Saint Louis Saint Louis Provence Rosé 4 flessen,bier-wijn-aperitieven
516627,46619,Corona Cero 0.0 alcoholvrij bier 6-pack,Corona,bier-wijn-aperitieven,"Bier, wijn, aperitieven","Alcoholvrij wit, weizen, radler",9.49,9.49,,,,,"6 x 0,33 l",prijs per liter €4.79,False,,,,,C,True,AH,https://www.ah.nl/producten/product/wi516627,2026-08-03,Corona Cero 0.0 alcoholvrij bier 6-pack,bier-wijn-aperitieven
610142,0,Corona Cero 0.0 alcoholvrij bier 18-pack,Corona,bier-wijn-aperitieven,"Bier, wijn, aperitieven","Alcoholvrij wit, weizen, radler",24.2,28.47,15.0,15% volume voordeel,,,3 stuks,,True,AHOO,15% volume voordeel,2026-08-03,2999-12-31,,True,AH,https://www.ah.nl/producten/product/wi610142,2026-08-03,Corona Cero 0.0 alcoholvrij bier 18-pack,bier-wijn-aperitieven
611748,0,Corona Cero 0.0 alcoholvrij bier 30-pack,Corona,bier-wijn-aperitieven,"Bier, wijn, aperitieven","Alcoholvrij wit, weizen, radler",37.96,47.45,20.0,20% volume voordeel,,,5 stuks,,True,AHOO,20% volume voordeel,2026-08-03,2999-12-31,,True,AH,https://www.ah.nl/producten/product/wi611748,2026-08-03,Corona Cero 0.0 alcoholvrij bier 30-pack,bier-wijn-aperitieven
396207,847557,Settesoli Pinot grigio blush rosé,Settesoli,bier-wijn-aperitieven,"Bier, wijn, aperitieven",Droge rosé,4.49,5.99,25.0,€1.50 euro korting,,,"0,75 l",normale prijs per liter €7.99,True,AH,1.50 EURO KORTING,2026-08-03,2026-08-09,,True,AH,https://www.ah.nl/producten/product/wi396207,2026-08-03,Settesoli Pinot grigio blush rosé,bier-wijn-aperitieven
586377,0,Settesoli Pinot grigio blush rosé 6 flessen,Settesoli,bier-wijn-aperitieven,"Bier, wijn, aperitieven",Droge rosé,26.94,35.94,25.0,pakketkorting,,,6 stuks,,True,AHOO,,2026-08-03,2026-08-09,,True,AH,https://www.ah.nl/producten/product/wi586377,2026-08-03,Settesoli Pinot grigio blush rosé 6 flessen,bier-wijn-aperitieven
482639,737544,Grange de Malivet Chardonnay wooded,Grange de Malivet,bier-wijn-aperitieven,"Bier, wijn, aperitieven",Chardonnay (Vol en droog),6.65,6.65,,,,,"0,75 l",prijs per liter €8.87,False,,,,,,True,AH,https://www.ah.nl/producten/product/wi482639,2026-08-03,Grange de Malivet Chardonnay wooded,bier-wijn-aperitieven
586717,0,Grange de Malivet Chardonnay wooded 6 flessen,Grange de Malivet,bier-wijn-aperitieven,"Bier, wijn, aperitieven",Chardonnay (Fris en droog),35.91,39.9,10.0,10% volume voordeel,,,6 stuks,,True,AHOO,10% volume voordeel,2026-08-03,2999-12-31,,True,AH,https://www.ah.nl/producten/product/wi586717,2026-08-03,Grange de Malivet Chardonnay wooded 6 flessen,bier-wijn-aperitieven
616349,0,Settesoli Settesoli PG Blush Rosé 4 flessen,Settesoli,bier-wijn-aperitieven,"Bier, wijn, aperitieven",Droge rosé,17.96,23.96,25.0,pakketkorting,,,4 stuks,,True,AHOO,,2026-08-03,2026-08-09,,True,AH,https://www.ah.nl/producten/product/wi616349,2026-08-03,Settesoli Settesoli PG Blush Rosé 4 flessen,bier-wijn-aperitieven
571813,14095,Texels Skuumkoppe 0.0 speciaalbier 6-pack,Texels,bier-wijn-aperitieven,"Bier, wijn, aperitieven","Alcoholvrij wit, weizen, radler",9.39,9.39,,,,,"6 x 0,3 l",prijs per liter €5.22,False,,,,,C,True,AH,https://www.ah.nl/producten/product/wi571813,2026-08-03,Texels Skuumkoppe 0.0 speciaalbier 6-pack,bier-wijn-aperitieven
435814,700320,AH Excellent Selectie prosecco,AH Excellent,bier-wijn-aperitieven,"Bier, wijn, aperitieven",Prosecco droog,7.99,7.99,,,,,"0,75 l",prijs per liter €10.65,False,,,,,,True,AH,https://www.ah.nl/producten/product/wi435814,2026-08-03,AH Excellent Selectie prosecco,bier-wijn-aperitieven
615768,0,Texels Skuumkoppe 0.0 speciaalbier 12-pack,Texels,bier-wijn-aperitieven,"Bier, wijn, aperitieven","Alcoholvrij wit, weizen, radler",17.84,18.78,5.0,5% volume voordeel,,,2 stuks,,True,AHOO,5% volume voordeel,2026-08-03,2999-12-31,,True,AH,https://www.ah.nl/producten/product/wi615768,2026-08-03,Texels Skuumkoppe 0.0 speciaalbier 12-pack,bier-wijn-aperitieven
96577,543391,Hertog Jan Pilsener bier 6-pack,Hertog Jan,bier-wijn-aperitieven,"Bier, wijn, aperitieven",Pils blik,5.49,7.32,25.0,25% korting,,,6 x 33 cl,normale prijs per liter €3.70,True,AH,25% korting,2026-08-03,2026-08-09,,True,AH,https://www.ah.nl/producten/product/wi96577,2026-08-03,Hertog Jan Pilsener bier 6-pack,bier-wijn-aperitieven
594988,0,Texels Skuumkoppe 0.0 speciaalbier 12-pack,Texels,bier-wijn-aperitieven,"Bier, wijn, aperitieven","Alcoholvrij wit, weizen, radler",17.84,18.78,5.0,5% volume voordeel,,,2 stuks,,True,AHOO,5% volume voordeel,2026-08-03,2999-12-31,,True,AH,https://www.ah.nl/producten/product/wi594988,2026-08-03,Texels Skuumkoppe 0.0 speciaalbier 12-pack,bier-wijn-aperitieven
163546,626435,Settesoli Pinot grigio,Settesoli,bier-wijn-aperitieven,"Bier, wijn, aperitieven",Pinot Grigio (Fris en droog),4.49,5.99,25.0,€1.50 euro korting,,,"0,75 l",normale prijs per liter €7.99,True,AH,1.50 EURO KORTING,2026-08-03,2026-08-09,,True,AH,https://www.ah.nl/producten/product/wi163546,2026-08-03,Settesoli Pinot grigio,bier-wijn-aperitieven
471354,723681,Hertog Jan 0.0 Alcoholvrij bier 6-pack,Hertog Jan,bier-wijn-aperitieven,"Bier, wijn, aperitieven",Alcoholvrij pils,4.99,4.99,,1 + 1 gratis,,1.0,"6 x 0,3 l",normale prijs per liter €2.77,True,AH,1 + 1 gratis,2026-08-03,2026-08-09,B,True,AH,https://www.ah.nl/producten/product/wi471354,2026-08-03,Hertog Jan 0.0 Alcoholvrij bier 6-pack,bier-wijn-aperitieven
460649,675079,Leffe Blond 0.0% 6-pack,Leffe,bier-wijn-aperitieven,"Bier, wijn, aperitieven","Alcoholvrij blond, dubbel, tripel",4.99,6.65,25.0,25% korting,,,6 x 0.30 l,normale prijs per liter €3.69,True,AH,25% korting,2026-08-03,2026-08-09,C,True,AH,https://www.ah.nl/producten/product/wi460649,2026-08-03,Leffe Blond 0.0% 6-pack,bier-wijn-aperitieven
584728,0,Settesoli Pinot grigio 6 flessen,Settesoli,bier-wijn-aperitieven,"Bier, wijn, aperitieven",Pinot Grigio (Fris en droog),26.94,35.94,25.0,pakketkorting,,,6 stuks,,True,AHOO,,2026-08-03,2026-08-09,,True,AH,https://www.ah.nl/producten/product/wi584728,2026-08-03,Settesoli Pinot grigio 6 flessen,bier-wijn-aperitieven
225279,818528,Mesta Verdejo organic wine,Mesta,bier-wijn-aperitieven,"Bier, wijn, aperitieven",Verdejo (Fris en droog),5.49,5.49,,,,,"0,75 l",prijs per liter €7.32,False,,,,,,True,AH,https://www.ah.nl/producten/product/wi225279,2026-08-03,Mesta Verdejo organic wine,bier-wijn-aperitieven
591521,0,AH Excellent Selectie Prosecco 6 flessen,AH Excellent,bier-wijn-aperitieven,"Bier, wijn, aperitieven",Prosecco droog,43.15,47.94,10.0,10% volume voordeel,,,6 stuks,,True,AHOO,10% volume voordeel,2026-08-03,2999-12-31,,True,AH,https://www.ah.nl/producten/product/wi591521,2026-08-03,AH Excellent Selectie Prosecco 6 flessen,bier-wijn-aperitieven
570710,11381,Hey you Rosé,Hey you,bier-wijn-aperitieven,"Bier, wijn, aperitieven",Droge rosé,3.99,4.99,20.0,€1.00 euro korting,,,"0,75 l",normale prijs per liter €6.65,True,AH,1 EURO KORTING,2026-08-03,2026-08-09,,True,AH,https://www.ah.nl/producten/product/wi570710,2026-08-03,Hey you Rosé,bier-wijn-aperitieven
610152,0,Leffe Blond 0.0% 12-pack,Leffe,bier-wijn-aperitieven,"Bier, wijn, aperitieven","Alcoholvrij blond, dubbel, tripel",9.97,13.3,25.0,pakketkorting,,,2 stuks,,True,AHOO,,2026-08-03,2026-08-09,,True,AH,https://www.ah.nl/producten/product/wi610152,2026-08-03,Leffe Blond 0.0% 12-pack,bier-wijn-aperitieven
615849,0,Grange de Malivet Grange de Malivet Chardonnay 4 flessen,Grange de Malivet,bier-wijn-aperitieven,"Bier, wijn, aperitieven",Chardonnay (Vol en droog),25.27,26.6,5.0,5% volume voordeel,,,4 stuks,,True,AHOO,5% volume voordeel,2026-08-03,2999-12-31,,True,AH,https://www.ah.nl/producten/product/wi615849,2026-08-03,Grange de Malivet Grange de Malivet Chardonnay 4 flessen,bier-wijn-aperitieven
575711,0,AH Excellent Selectie Prosecco 6 flessen,AH Excellent,bier-wijn-aperitieven,"Bier, wijn, aperitieven",Prosecco droog,43.15,47.94,10.0,10% volume voordeel,,,6 stuks,,True,AHOO,10% volume voordeel,2026-08-03,2999-12-31,,True,AH,https://www.ah.nl/producten/product/wi575711,2026-08-03,AH Excellent Selectie Prosecco 6 flessen,bier-wijn-aperitieven
584608,0,Mesta Verdejo organic wine 6 flessen,Mesta,bier-wijn-aperitieven,"Bier, wijn, aperitieven",Verdejo (Fris en droog),29.65,32.94,10.0,10% volume voordeel,,,6 stuks,,True,AHOO,10% volume voordeel,2026-08-03,2999-12-31,,True,AH,https://www.ah.nl/producten/product/wi584608,2026-08-03,Mesta Verdejo organic wine 6 flessen,bier-wijn-aperitieven
478476,732292,YAYA Kombucha yuzu,YAYA,bier-wijn-aperitieven,"Frisdrank, sappen, water",Kombucha,2.39,2.39,,,,,330 ml,prijs per liter €7.24,False,,,,,C,True,AH,https://www.ah.nl/producten/product/wi478476,2026-08-03,YAYA Kombucha yuzu,bier-wijn-aperitieven
434443,41075,Biodermal Gevoelige huid zonnespray spf50,Biodermal,drogisterij,Drogisterij,Zonnebrandspray,39.99,39.99,,1 + 1 GRATIS,,1.0,175 ml,normale prijs per liter €228.51,True,AH,1 + 1 GRATIS,2026-08-03,2026-08-09,,True,AH,https://www.ah.nl/producten/product/wi434443,2026-08-03,Biodermal Gevoelige huid zonnespray spf50,drogisterij
550354,65444,Biodermal Ultralichte zon gel-crème spf50+,Biodermal,drogisterij,Drogisterij,Zonnebrandcreme,44.99,44.99,,1 + 1 gratis,,1.0,200 ml,normale prijs per liter €224.95,True,AH,1 + 1 gratis,2026-08-03,2026-08-09,,True,AH,https://www.ah.nl/producten/product/wi550354,2026-08-03,Biodermal Ultralichte zon gel-crème spf50+,drogisterij
211047,806464,Aquafresh Fresh & minty bescherming tandpasta,Aquafresh,drogisterij,Drogisterij,Tandpasta frisse adem,2.39,2.39,,,,,75 ml,prijs per liter €31.87,False,,,,,,True,AH,https://www.ah.nl/producten/product/wi211047,2026-08-03,Aquafresh Fresh & minty bescherming tandpasta,drogisterij
611908,0,Aquafresh Fresh & minty bescherming tandpasta 2pck,Aquafresh,drogisterij,Drogisterij,Tandpasta frisse adem,4.06,4.78,15.0,15% volume voordeel,,,2 stuks,,True,AHOO,15% volume voordeel,2026-08-03,2999-12-31,,True,AH,https://www.ah.nl/producten/product/wi611908,2026-08-03,Aquafresh Fresh & minty bescherming tandpasta 2pck,drogisterij
611909,0,Aquafresh Fresh & minty bescherming tandpasta 4pck,Aquafresh,drogisterij,Drogisterij,Tandpasta frisse adem,7.65,9.56,20.0,20% volume voordeel,,,4 stuks,,True,AHOO,20% volume voordeel,2026-08-03,2999-12-31,,True,AH,https://www.ah.nl/producten/product/wi611909,2026-08-03,Aquafresh Fresh & minty protection toothpaste 4pck,drogisterij
571342,12500,Biodermal Ultralichte zonnefluide gezicht spf50,Biodermal,drogisterij,Drogisterij,Zonnebrand gezicht,27.99,27.99,,1 + 1 gratis,,1.0,40 ml,normale prijs per liter €699.75,True,AH,1 + 1 gratis,2026-08-03,2026-08-09,,True,AH,https://www.ah.nl/producten/product/wi571342,2026-08-03,Biodermal Ultralichte zonnefluide gezicht spf50,drogisterij
611910,0,Aquafresh Fresh & minty bescherming tandpasta 6pck,Aquafresh,drogisterij,Drogisterij,Tandpasta frisse adem,10.75,14.34,25.0,25% volume voordeel,,,6 stuks,,True,AHOO,25% volume voordeel,2026-08-03,2999-12-31,,True,AH,https://www.ah.nl/producten/product/wi611910,2026-08-03,Aquafresh Fresh & minty bescherming tandpasta 6pck,drogisterij
553430,579424,Prodent Cool mint tandpasta,Prodent,drogisterij,Drogisterij,Tandpasta frisse adem,1.85,1.85,,1 + 1 gratis,,1.0,75 ml,normale prijs per liter €24.67,True,AH,1 + 1 gratis,2026-08-03,2026-08-09,,True,AH,https://www.ah.nl/producten/product/wi553430,2026-08-03,Prodent Cool mint tandpasta,drogisterij
590443,0,Prodent Cool mint tandpasta 4-pack,Prodent,drogisterij,Drogisterij,Tandpasta frisse adem,3.7,7.4,50.0,pakketkorting,,,4 stuks,,True,AHOO,,2026-08-03,2026-08-09,,True,AH,https://www.ah.nl/producten/product/wi590443,2026-08-03,Prodent Cool mint tandpasta 4-pack,drogisterij
608767,0,Prodent Cool mint tandpasta 2-pack,Prodent,drogisterij,Drogisterij,Tandpasta frisse adem,1.85,3.7,50.0,pakketkorting,,,2 stuks,,True,AHOO,,2026-08-03,2026-08-09,,True,AH,https://www.ah.nl/producten/product/wi608767,2026-08-03,Prodent Cool mint toothpaste 2-pack,drogisterij
608768,0,Prodent Cool mint tandpasta 6-pack,Prodent,drogisterij,Drogisterij,Tandpasta frisse adem,5.55,11.1,50.0,pakketkorting,,,6 stuks,,True,AHOO,,2026-08-03,2026-08-09,,True,AH,https://www.ah.nl/producten/product/wi608768,2026-08-03,Prodent Cool mint tandpasta 6-pack,drogisterij
600499,51926,Care Almond soft hand soap,Care,drogisterij,Drogisterij,Vloeibare zeep,1.15,1.15,,,,,"0,5 l",prijs per liter €2.30,False,,,,,,True,AH,https://www.ah.nl/producten/product/wi600499,2026-08-03,Care Almond soft hand soap,drogisterij
600132,51721,Care Cotton pads,Care,drogisterij,Drogisterij,Watten & wattenstaafjes,0.85,0.85,,,,,140 stuks,,False,,,,,,True,AH,https://www.ah.nl/producten/product/wi600132,2026-08-03,Care Cotton pads,drogisterij
600133,51722,Care Cotton buds,Care,drogisterij,Drogisterij,Watten & wattenstaafjes,0.95,0.95,,,,,300 stuks,,False,,,,,,True,AH,https://www.ah.nl/producten/product/wi600133,2026-08-03,Care Cotton buds,drogisterij
600492,51918,Care Almond soft hand soap refill,Care,drogisterij,Drogisterij,Vloeibare zeep,1.05,1.05,,,,,"0,5 l",prijs per liter €2.10,False,,,,,,True,AH,https://www.ah.nl/producten/product/wi600492,2026-08-03,Care Almond soft hand soap refill,drogisterij
177112,771759,Elmex Junior tandpasta 5-12 jaar,Elmex,drogisterij,Drogisterij,Kindertandpasta,3.75,3.75,,1 + 1 gratis,,1.0,75 ml,normale prijs per liter €50.00,True,AH,1 + 1 gratis,2026-08-03,2026-08-09,,True,AH,https://www.ah.nl/producten/product/wi177112,2026-08-03,Elmex Junior tandpasta 5-12 jaar,drogisterij
172058,110202156, Wattenstaafjes hout,,drogisterij,Drogisterij,Watten & wattenstaafjes,0.69,0.69,,,,,100 stuks,,False,,,,,,True,ETOS,https://www.ah.nl/producten/product/wi172058,2026-08-03, Wattenstaafjes hout,drogisterij
384970,844653,Oral-B 3D White luxe perfection tandpasta,Oral-B,drogisterij,Drogisterij,Tandpasta witte tanden,5.49,5.49,,1 + 1 gratis,,1.0,75 ml,normale prijs per liter €73.20,True,AH,1 + 1 gratis,2026-08-03,2026-08-09,,True,AH,https://www.ah.nl/producten/product/wi384970,2026-08-03,Oral-B 3D White luxe perfection tandpasta,drogisterij
605870,0,Oral-B 3D White luxe perfection 4-pack,Oral-B,drogisterij,Drogisterij,Tandpasta witte tanden,10.98,21.96,50.0,pakketkorting,,,4 stuks,,True,AHOO,,2026-08-03,2026-08-09,,True,AH,https://www.ah.nl/producten/product/wi605870,2026-08-03,Oral-B 3D White luxe perfection 4-pack,drogisterij
623028,0,Oral-B 3D White luxe perfection tandpasta 2pack,Oral-B,drogisterij,Drogisterij,Tandpasta witte tanden,5.49,10.98,50.0,pakketkorting,,,2 stuks,,True,AHOO,,2026-08-03,2026-08-09,,True,AH,https://www.ah.nl/producten/product/wi623028,2026-08-03,Oral-B 3D White luxe perfection tandpasta 2pack,drogisterij
623029,0,Oral-B 3D White luxe perfection tandpasta 6pack,Oral-B,drogisterij,Drogisterij,Tandpasta witte tanden,16.47,32.94,50.0,pakketkorting,,,6 stuks,,True,AHOO,,2026-08-03,2026-08-09,,True,AH,https://www.ah.nl/producten/product/wi623029,2026-08-03,Oral-B 3D White luxe perfection tandpasta 6pack,drogisterij
80823,587108,Dove Original deodorant spray,Dove,drogisterij,Drogisterij,Deospray vrouwen,4.99,4.99,,1 + 1 gratis,,1.0,150 ml,normale prijs per liter €33.27,True,AH,1 + 1 gratis,2026-08-03,2026-08-09,,True,AH,https://www.ah.nl/producten/product/wi80823,2026-08-03,Dove Original deodorant spray,drogisterij
608662,0,Dove Original deodorant spray 2-pack,Dove,drogisterij,Drogisterij,Deospray vrouwen,4.99,9.98,50.0,pakketkorting,,,2 stuks,,True,AHOO,,2026-08-03,2026-08-09,,True,AH,https://www.ah.nl/producten/product/wi608662,2026-08-03,Dove Original deodorant spray 2-pack,drogisterij
608664,0,Dove Original deodorant spray 6-pack,Dove,drogisterij,Drogisterij,Deospray vrouwen,14.97,29.94,50.0,pakketkorting,,,6 stuks,,True,AHOO,,2026-08-03,2026-08-09,,True,AH,https://www.ah.nl/producten/product/wi608664,2026-08-03,Dove Original deodorant spray 6-pack,drogisterij
608663,0,Dove Original deodorant spray 4-pack,Dove,drogisterij,Drogisterij,Deospray vrouwen,9.98,19.96,50.0,pakketkorting,,,4 stuks,,True,AHOO,,2026-08-03,2026-08-09,,True,AH,https://www.ah.nl/producten/product/wi608663,2026-08-03,Dove Original deodorant spray 4-pack,drogisterij
209280,804353,Prodent Tandpasta freshgel,Prodent,drogisterij,Drogisterij,Tandpasta frisse adem,2.55,2.55,,1 + 1 gratis,,1.0,75 ml,normale prijs per liter €34.00,True,AH,1 + 1 gratis,2026-08-03,2026-08-09,,True,AH,https://www.ah.nl/producten/product/wi209280,2026-08-03,Prodent Tandpasta freshgel,drogisterij
224830,818327,Dove Men+care clean comfort deodorant spray,Dove,drogisterij,Drogisterij,Deospray mannen,5.39,5.39,,1 + 1 gratis,,1.0,150 ml,normale prijs per liter €35.93,True,AH,1 + 1 gratis,2026-08-03,2026-08-09,,True,AH,https://www.ah.nl/producten/product/wi224830,2026-08-03,Dove Men+care clean comfort deodorant spray,drogisterij
177757,644718,Unicura Balans antibacterieel handzeep,Unicura,drogisterij,Drogisterij,Vloeibare zeep,3.09,3.09,,,,,250 ml,prijs per liter €12.36,False,,,,,,True,AH,https://www.ah.nl/producten/product/wi177757,2026-08-03,Unicura Balans antibacterieel handzeep,drogisterij
608772,0,Prodent Tandpasta freshgel 2-pack,Prodent,drogisterij,Drogisterij,Tandpasta frisse adem,2.55,5.1,50.0,pakketkorting,,,2 stuks,,True,AHOO,,2026-08-03,2026-08-09,,True,AH,https://www.ah.nl/producten/product/wi608772,2026-08-03,Prodent Tandpasta freshgel 2-pack,drogisterij
608643,0,Dove Men+care clean comfort deodorant 6-pack,Dove,drogisterij,Drogisterij,Deospray mannen,16.17,32.34,50.0,pakketkorting,,,6 stuks,,True,AHOO,,2026-08-03,2026-08-09,,True,AH,https://www.ah.nl/producten/product/wi608643,2026-08-03,Dove Men+care clean comfort deodorant 6-pack,drogisterij
608773,0,Prodent Tandpasta freshgel 4-pack,Prodent,drogisterij,Drogisterij,Tandpasta frisse adem,5.1,10.2,50.0,pakketkorting,,,4 stuks,,True,AHOO,,2026-08-03,2026-08-09,,True,AH,https://www.ah.nl/producten/product/wi608773,2026-08-03,Prodent Tandpasta freshgel 4-pack,drogisterij
608774,0,Prodent Tandpasta freshgel 6-pack,Prodent,drogisterij,Drogisterij,Tandpasta frisse adem,7.65,15.3,50.0,pakketkorting,,,6 stuks,,True,AHOO,,2026-08-03,2026-08-09,,True,AH,https://www.ah.nl/producten/product/wi608774,2026-08-03,Prodent Tandpasta freshgel 6-pack,drogisterij
608641,0,Dove Men+care clean comfort deodorant 2-pack,Dove,drogisterij,Drogisterij,Deospray mannen,5.39,10.78,50.0,pakketkorting,,,2 stuks,,True,AHOO,,2026-08-03,2026-08-09,,True,AH,https://www.ah.nl/producten/product/wi608641,2026-08-03,Dove Men+care clean comfort deodorant 2-pack,drogisterij
608642,0,Dove Men+care clean comfort deodorant 4-pack,Dove,drogisterij,Drogisterij,Deospray mannen,10.78,21.56,50.0,pakketkorting,,,4 stuks,,True,AHOO,,2026-08-03,2026-08-09,,True,AH,https://www.ah.nl/producten/product/wi608642,2026-08-03,Dove Men+care clean comfort deodorant 4-pack,drogisterij
187203,111183364,Etos Ovale maxi wattenschijfjes,Etos,drogisterij,Drogisterij,Watten & wattenstaafjes,0.95,0.95,,,,,50 stuks,,False,,,,,,True,ETOS,https://www.ah.nl/producten/product/wi187203,2026-08-03,Etos Ovale maxi wattenschijfjes,drogisterij
42616,581866,Gillette Gevoelige huid scheergel,Gillette,drogisterij,Drogisterij,Scheerschuim en scheergel,3.55,3.55,,,,,200 ml,prijs per liter €17.75,False,,,,,,True,AH,https://www.ah.nl/producten/product/wi42616,2026-08-03,Gillette Gevoelige huid scheergel,drogisterij
586592,0,Gillette Gevoelige huid scheergel 4-pack,Gillette,drogisterij,Drogisterij,Tandpasta gevoelige tanden,8.52,14.2,40.0,40% volume voordeel,,,4 stuks,,True,AHOO,40% volume voordeel,2026-08-03,2999-12-31,,True,AH,https://www.ah.nl/producten/product/wi586592,2026-08-03,Gillette Gevoelige huid scheergel 4-pack,drogisterij
406458,852354,Elmex Sensitive tandpasta,Elmex,drogisterij,Drogisterij,Tandpasta gevoelige tanden,3.49,3.49,,1 + 1 gratis,,1.0,75 ml,normale prijs per liter €46.53,True,AH,1 + 1 gratis,2026-08-03,2026-08-09,,True,AH,https://www.ah.nl/producten/product/wi406458,2026-08-03,Elmex Sensitive toothpaste,drogisterij
417953,689228,Parodontax Original tandpasta,Parodontax,drogisterij,Drogisterij,Tandpasta sterke tanden,5.55,5.55,,,,,75 ml,prijs per liter €74.00,False,,,,,,True,AH,https://www.ah.nl/producten/product/wi417953,2026-08-03,Parodontax Original tandpasta,drogisterij
604988,58879,Glade Geurglas I love you,Glade,koken-tafelen-vrije-tijd,"Koken, tafelen, vrije tijd",Geurkaarsen,8.79,8.79,,,,,per stuk,,False,,,,,,True,AH,https://www.ah.nl/producten/product/wi604988,2026-08-03,Glade Geurglas I love you,koken-tafelen-vrije-tijd
598842,47465,Glade Geurstokjes relaxing zen,Glade,koken-tafelen-vrije-tijd,"Koken, tafelen, vrije tijd",Geurstokjes,6.99,6.99,,,,,per stuk,,False,,,,,,True,AH,https://www.ah.nl/producten/product/wi598842,2026-08-03,Glade Geurstokjes relaxing zen,koken-tafelen-vrije-tijd
475849,728813,AH Kartonnen beker wit,AH,koken-tafelen-vrije-tijd,"Koken, tafelen, vrije tijd",Wegwerpbekers,1.99,1.99,,,,,30 stuks,,False,,,,,,True,AH,https://www.ah.nl/producten/product/wi475849,2026-08-03,AH Kartonnen beker wit,koken-tafelen-vrije-tijd
624,545646,AH Servetten 2-laags 33x33 cm wit,AH,koken-tafelen-vrije-tijd,"Koken, tafelen, vrije tijd",Servetten,1.99,1.99,,,,,50 stuks,,False,,,,,,True,AH,https://www.ah.nl/producten/product/wi624,2026-08-03,AH Servetten 2-laags 33x33 cm wit,koken-tafelen-vrije-tijd
434870,699316,AH Bord 23 cm,AH,koken-tafelen-vrije-tijd,"Koken, tafelen, vrije tijd",Wegwerpborden,1.99,1.99,,,,,20 stuks,,False,,,,,,True,AH,https://www.ah.nl/producten/product/wi434870,2026-08-03,AH Bord 23 cm,koken-tafelen-vrije-tijd
598843,47466,Glade Geurstokjes clean linen,Glade,koken-tafelen-vrije-tijd,"Koken, tafelen, vrije tijd",Geurstokjes,6.99,6.99,,,,,per stuk,,False,,,,,,True,AH,https://www.ah.nl/producten/product/wi598843,2026-08-03,Glade Geurstokjes clean linen,koken-tafelen-vrije-tijd
480624,734831,AH Donatie Voedselbanken Nederland 1 euro,AH,koken-tafelen-vrije-tijd,"Koken, tafelen, vrije tijd",Donaties,1.0,1.0,,,,,per stuk,,False,,,,,,True,AH,https://www.ah.nl/producten/product/wi480624,2026-08-03,AH Donatie Voedselbanken Nederland 1 euro,koken-tafelen-vrije-tijd
514507,24643,AH Rietjes,AH,koken-tafelen-vrije-tijd,"Koken, tafelen, vrije tijd",Wegwerpbekers,1.29,1.29,,,,,10 stuks,,False,,,,,,True,AH,https://www.ah.nl/producten/product/wi514507,2026-08-03,AH Rietjes,koken-tafelen-vrije-tijd
196807,607132,"AH AAA 1,5V batterijen",AH,koken-tafelen-vrije-tijd,"Koken, tafelen, vrije tijd",AAA batterijen,1.95,1.95,,,,,8 stuks,,False,,,,,,True,AH,https://www.ah.nl/producten/product/wi196807,2026-08-03,"AH AAA 1,5V batterijen",koken-tafelen-vrije-tijd
473597,725739,AH Houten vork,AH,koken-tafelen-vrije-tijd,"Koken, tafelen, vrije tijd",Bestek,1.39,1.39,,,,,20 stuks,,False,,,,,,True,AH,https://www.ah.nl/producten/product/wi473597,2026-08-03,AH Wooden fork,koken-tafelen-vrije-tijd
414011,856793,AH Sateprikkers bamboe 20cm,AH,koken-tafelen-vrije-tijd,"Koken, tafelen, vrije tijd","Prikkers, touw",1.19,1.19,,,,,100 stuks,,False,,,,,,True,AH,https://www.ah.nl/producten/product/wi414011,2026-08-03,AH Sateprikkers bamboe 20cm,koken-tafelen-vrije-tijd
473600,725742,AH Roerstaafje hout,AH,koken-tafelen-vrije-tijd,"Koken, tafelen, vrije tijd",Bestek,0.99,0.99,,,,,100 stuks,,False,,,,,,True,AH,https://www.ah.nl/producten/product/wi473600,2026-08-03,AH Roerstaafje hout,koken-tafelen-vrije-tijd
413922,856775,AH Cocktailprikkers 200 stuks,AH,koken-tafelen-vrije-tijd,"Koken, tafelen, vrije tijd","Prikkers, touw",1.99,1.99,,,,,2 stuks,,False,,,,,,True,AH,https://www.ah.nl/producten/product/wi413922,2026-08-03,AH Cocktailprikkers 200 stuks,koken-tafelen-vrije-tijd
441449,83040,Canon Printpapier,Canon,koken-tafelen-vrije-tijd,"Koken, tafelen, vrije tijd",Papierwaren,6.49,6.49,,,,,500 stuks,,False,,,,,,True,AH,https://www.ah.nl/producten/product/wi441449,2026-08-03,Canon Printpapier,koken-tafelen-vrije-tijd
478508,732454,AH Bierglazen 300ml,AH,koken-tafelen-vrije-tijd,"Koken, tafelen, vrije tijd",Wegwerpbekers,1.99,1.99,,,,,20 stuks,,False,,,,,,True,AH,https://www.ah.nl/producten/product/wi478508,2026-08-03,AH Bierglazen 300ml,koken-tafelen-vrije-tijd
166525,640856,"AH AA alkaline 1,5V mignon lange levensduur",AH,koken-tafelen-vrije-tijd,"Koken, tafelen, vrije tijd",AA batterijen,6.99,6.99,,,,,8 stuks,,False,,,,,,True,AH,https://www.ah.nl/producten/product/wi166525,2026-08-03,"AH AA alkaline 1,5V mignon lange levensduur",koken-tafelen-vrije-tijd
514606,884359,AH Servet donkerblauw,AH,koken-tafelen-vrije-tijd,"Koken, tafelen, vrije tijd",Servetten,1.89,1.89,,,,,20 stuks,,False,,,,,,True,AH,https://www.ah.nl/producten/product/wi514606,2026-08-03,AH Servet donkerblauw,koken-tafelen-vrije-tijd
598498,0,"AH AA alkaline 1,5V mignon 4-pack",AH,koken-tafelen-vrije-tijd,"Koken, tafelen, vrije tijd",AA batterijen,23.77,27.96,15.0,15% volume voordeel,,,4 stuks,,True,AHOO,15% volume voordeel,2026-08-03,2999-12-31,,True,AH,https://www.ah.nl/producten/product/wi598498,2026-08-03,"AH AA alkaline 1,5V mignon 4-pack",koken-tafelen-vrije-tijd
466213,716847,AH Elektronische aanstekers,AH,koken-tafelen-vrije-tijd,"Koken, tafelen, vrije tijd","Lucifers, aanstekers",1.29,1.29,,,,,3 stuks,,False,,,,,,True,AH,https://www.ah.nl/producten/product/wi466213,2026-08-03,AH Elektronische aanstekers,koken-tafelen-vrije-tijd
473599,725741,AH Houten mes,AH,koken-tafelen-vrije-tijd,"Koken, tafelen, vrije tijd",Bestek,1.39,1.39,,,,,20 stuks,,False,,,,,,True,AH,https://www.ah.nl/producten/product/wi473599,2026-08-03,AH Houten mes,koken-tafelen-vrije-tijd
434869,699315,AH Gebaksbord 15 cm,AH,koken-tafelen-vrije-tijd,"Koken, tafelen, vrije tijd",Wegwerpborden,1.79,1.79,,,,,20 stuks,,False,,,,,,True,AH,https://www.ah.nl/producten/product/wi434869,2026-08-03,AH Gebaksbord 15 cm,koken-tafelen-vrije-tijd
409036,853932,AH Aanmaakblokjes bruin,AH,koken-tafelen-vrije-tijd,"Koken, tafelen, vrije tijd",Houtskool,1.99,1.99,,,,,56 stuks,,False,,,,,,True,AH,https://www.ah.nl/producten/product/wi409036,2026-08-03,AH Aanmaakblokjes bruin,koken-tafelen-vrije-tijd
598075,0,AH Servet donkerblauw 4-pack,AH,koken-tafelen-vrije-tijd,"Koken, tafelen, vrije tijd",Servetten,6.8,7.56,10.0,10% volume voordeel,,,4 stuks,,True,AHOO,10% volume voordeel,2026-08-03,2999-12-31,,True,AH,https://www.ah.nl/producten/product/wi598075,2026-08-03,AH Servet donkerblauw 4-pack,koken-tafelen-vrije-tijd
212958,806343,Hoomark 3-pak Inpakpapier,Hoomark,koken-tafelen-vrije-tijd,"Koken, tafelen, vrije tijd",Cadeauverpakking,1.79,1.79,,,,,3 stuks,,False,,,,,,True,AH,https://www.ah.nl/producten/product/wi212958,2026-08-03,Hoomark 3-pak Inpakpapier,koken-tafelen-vrije-tijd
597555,0,AH Elektronische aanstekers 2-pack,AH,koken-tafelen-vrije-tijd,"Koken, tafelen, vrije tijd","Lucifers, aanstekers",2.48,2.58,4.0,4% volume voordeel,,,2 stuks,,True,AHOO,4% volume voordeel,2026-08-03,2999-12-31,,True,AH,https://www.ah.nl/producten/product/wi597555,2026-08-03,AH Elektronische aanstekers 2-pack,koken-tafelen-vrije-tijd
200726,787450,AH Aansteker flex,AH,koken-tafelen-vrije-tijd,"Koken, tafelen, vrije tijd","Lucifers, aanstekers",1.99,1.99,,,,,per stuk,,False,,,,,,True,AH,https://www.ah.nl/producten/product/wi200726,2026-08-03,AH Aansteker flex,koken-tafelen-vrije-tijd
597523,0,AH Aansteker flex 2-pack,AH,koken-tafelen-vrije-tijd,"Koken, tafelen, vrije tijd","Lucifers, aanstekers",3.82,3.98,4.0,4% volume voordeel,,,2 stuks,,True,AHOO,4% volume voordeel,2026-08-03,2999-12-31,,True,AH,https://www.ah.nl/producten/product/wi597523,2026-08-03,AH Aansteker flex 2-pack,koken-tafelen-vrije-tijd
606578,62073,AH BBQ disposable bekers,AH,koken-tafelen-vrije-tijd,"Koken, tafelen, vrije tijd",Wegwerpbekers,2.49,2.49,,BONUS,,,40 stuks,,True,AH,BONUS,2026-04-20,2026-08-30,,True,AH,https://www.ah.nl/producten/product/wi606578,2026-08-03,AH BBQ disposable bekers,koken-tafelen-vrije-tijd
155427,593663,AH Kaarsen aansteker,AH,koken-tafelen-vrije-tijd,"Koken, tafelen, vrije tijd","Lucifers, aanstekers",1.99,1.99,,,,,2 stuks,,False,,,,,,True,AH,https://www.ah.nl/producten/product/wi155427,2026-08-03,AH Kaarsen aansteker,koken-tafelen-vrije-tijd
514523,25594,AH Servet blad 33cm,AH,koken-tafelen-vrije-tijd,"Koken, tafelen, vrije tijd",Servetten,1.99,1.99,,,,,20 stuks,,False,,,,,,True,AH,https://www.ah.nl/producten/product/wi514523,2026-08-03,AH Servet blad 33cm,koken-tafelen-vrije-tijd
597989,0,AH Kaarsen aansteker 2-pack,AH,koken-tafelen-vrije-tijd,"Koken, tafelen, vrije tijd","Lucifers, aanstekers",3.82,3.98,4.0,4% volume voordeel,,,2 stuks,,True,AHOO,4% volume voordeel,2026-08-03,2999-12-31,,True,AH,https://www.ah.nl/producten/product/wi597989,2026-08-03,AH Kaarsen aansteker 2-pack,koken-tafelen-vrije-tijd
556854,584153,AH Kom rond wit bagasse 500ml,AH,koken-tafelen-vrije-tijd,"Koken, tafelen, vrije tijd","Kommen, schaaltjes",1.89,1.89,,,,,12 stuks,,False,,,,,,True,AH,https://www.ah.nl/producten/product/wi556854,2026-08-03,AH Kom rond wit bagasse 500ml,koken-tafelen-vrije-tijd
514529,27012,AH Servet earthy champ,AH,koken-tafelen-vrije-tijd,"Koken, tafelen, vrije tijd",Servetten,1.89,1.89,,,,,20 stuks,,False,,,,,,True,AH,https://www.ah.nl/producten/product/wi514529,2026-08-03,AH Servet earthy champ,koken-tafelen-vrije-tijd
590369,37180,De zwaluw Lucifers 4-pack,De zwaluw,koken-tafelen-vrije-tijd,"Koken, tafelen, vrije tijd","Lucifers, aanstekers",1.75,1.75,,,,,4 stuks,,False,,,,,,True,AH,https://www.ah.nl/producten/product/wi590369,2026-08-03,De zwaluw Lucifers 4-pack,koken-tafelen-vrije-tijd
225996,792988,AH Wijnglas facet,AH,koken-tafelen-vrije-tijd,"Koken, tafelen, vrije tijd",Wegwerpbekers,2.79,2.79,,,,,10 stuks,,False,,,,,,True,AH,https://www.ah.nl/producten/product/wi225996,2026-08-03,AH Wijnglas facet,koken-tafelen-vrije-tijd
494812,750131,Pokon Compact potgrond,Pokon,koken-tafelen-vrije-tijd,"Koken, tafelen, vrije tijd",Planten en plantverzorging,4.49,4.49,,,,,10 l,prijs per liter €0.45,False,,,,,,True,AH,https://www.ah.nl/producten/product/wi494812,2026-08-03,Pokon Compact potgrond,koken-tafelen-vrije-tijd
114143,558595,Varta Longlife power AA alkaline batterijen,Varta,koken-tafelen-vrije-tijd,"Koken, tafelen, vrije tijd",AA batterijen,5.69,5.69,,,,,4 stuks,,False,,,,,,True,AH,https://www.ah.nl/producten/product/wi114143,2026-08-03,Varta Longlife power AA alkaline batterijen,koken-tafelen-vrije-tijd
598076,0,AH Servet earthy champ 4-pack,AH,koken-tafelen-vrije-tijd,"Koken, tafelen, vrije tijd",Servetten,6.8,7.56,10.0,10% volume voordeel,,,4 stuks,,True,AHOO,10% volume voordeel,2026-08-03,2999-12-31,,True,AH,https://www.ah.nl/producten/product/wi598076,2026-08-03,AH Servet earthy champ 4-pack,koken-tafelen-vrije-tijd
128488,554847,AH Aluminium grillschaal,AH,koken-tafelen-vrije-tijd,"Koken, tafelen, vrije tijd",Aluminium schaal,1.19,1.19,,,,,2 stuks,,False,,,,,,True,AH,https://www.ah.nl/producten/product/wi128488,2026-08-03,AH Aluminium grillschaal,koken-tafelen-vrije-tijd
80159,544288,De zwaluw Lucifers extra lang,De zwaluw,koken-tafelen-vrije-tijd,"Koken, tafelen, vrije tijd","Lucifers, aanstekers",1.59,1.59,,,,,45 stuks,,False,,,,,,True,AH,https://www.ah.nl/producten/product/wi80159,2026-08-03,De zwaluw Lucifers extra lang,koken-tafelen-vrije-tijd
514502,24507,AH Bellenblaas,AH,koken-tafelen-vrije-tijd,"Koken, tafelen, vrije tijd",Feestversiering en traktatie,0.89,0.89,,,,,per stuk,,False,,,,,,True,AH,https://www.ah.nl/producten/product/wi514502,2026-08-03,AH Bellenblaas,koken-tafelen-vrije-tijd
191755,792971,AH Servetten wit 3-laags,AH,koken-tafelen-vrije-tijd,"Koken, tafelen, vrije tijd",Servetten,1.05,1.05,,,,,20 stuks,,False,,,,,,True,AH,https://www.ah.nl/producten/product/wi191755,2026-08-03,AH Servetten wit 3-laags,koken-tafelen-vrije-tijd
559022,562736,AH Aanmaakblokjes wit,AH,koken-tafelen-vrije-tijd,"Koken, tafelen, vrije tijd",Aanmaakblokjes,1.99,1.99,,,,,48 stuks,,False,,,,,,True,AH,https://www.ah.nl/producten/product/wi559022,2026-08-03,AH Aanmaakblokjes wit,koken-tafelen-vrije-tijd
485315,740666,AH Donatie Rode Kruis 1 euro,AH,koken-tafelen-vrije-tijd,"Koken, tafelen, vrije tijd",Donaties,1.0,1.0,,,,,per stuk,,False,,,,,,True,AH,https://www.ah.nl/producten/product/wi485315,2026-08-03,AH Donatie Rode Kruis 1 euro,koken-tafelen-vrije-tijd
136831,607127,AH Alkaline AA batterijen,AH,koken-tafelen-vrije-tijd,"Koken, tafelen, vrije tijd",AA batterijen,4.29,4.29,,,,,4 stuks,,False,,,,,,True,AH,https://www.ah.nl/producten/product/wi136831,2026-08-03,AH Alkaline AA batteries,koken-tafelen-vrije-tijd
598074,0,AH Servet blad 33cm 4-pack,AH,koken-tafelen-vrije-tijd,"Koken, tafelen, vrije tijd",Servetten,7.16,7.96,10.0,10% volume voordeel,,,4 stuks,,True,AHOO,10% volume voordeel,2026-08-03,2999-12-31,,True,AH,https://www.ah.nl/producten/product/wi598074,2026-08-03,AH Servet blad 33cm 4-pack,koken-tafelen-vrije-tijd
598430,0,AH Alkaline AA batterijen 4-pack,AH,koken-tafelen-vrije-tijd,"Koken, tafelen, vrije tijd",AA batterijen,14.59,17.16,15.0,15% volume voordeel,,,4 stuks,,True,AHOO,15% volume voordeel,2026-08-03,2999-12-31,,True,AH,https://www.ah.nl/producten/product/wi598430,2026-08-03,AH Alkaline AA batteries 4-pack,koken-tafelen-vrije-tijd
618577,0,AH Elektronische aanstekers 4-pack,AH,koken-tafelen-vrije-tijd,"Koken, tafelen, vrije tijd","Lucifers, aanstekers",4.54,5.16,12.0,12% volume voordeel,,,4 stuks,,True,AHOO,12% volume voordeel,2026-08-03,2999-12-31,,True,AH,https://www.ah.nl/producten/product/wi618577,2026-08-03,AH Elektronische aanstekers 4-pack,koken-tafelen-vrije-tijd
618576,0,AH Elektronische aanstekers 3-pack,AH,koken-tafelen-vrije-tijd,"Koken, tafelen, vrije tijd","Lucifers, aanstekers",3.56,3.87,8.0,8% volume voordeel,,,3 stuks,,True,AHOO,8% volume voordeel,2026-08-03,2999-12-31,,True,AH,https://www.ah.nl/producten/product/wi618576,2026-08-03,AH Elektronische aanstekers 3-pack,koken-tafelen-vrije-tijd
114142,558600,Varta Longlife power AAA alkaline batterijen,Varta,koken-tafelen-vrije-tijd,"Koken, tafelen, vrije tijd",AAA batterijen,5.69,5.69,,,,,4 stuks,,False,,,,,,True,AH,https://www.ah.nl/producten/product/wi114142,2026-08-03,Varta Longlife power AAA alkaline batterijen,koken-tafelen-vrije-tijd
410425,854785,AH Sategrill alumunium,AH,koken-tafelen-vrije-tijd,"Koken, tafelen, vrije tijd",Aluminium schaal,1.99,1.99,,BONUS,,,4 stuks,,True,AH,BONUS,2026-04-20,2026-08-30,,True,AH,https://www.ah.nl/producten/product/wi410425,2026-08-03,AH Sategrill alumunium,koken-tafelen-vrije-tijd
436005,43974,AH Papieren cupcake vorm,AH,koken-tafelen-vrije-tijd,"Koken, tafelen, vrije tijd",Bakvormen en accessoires,1.79,1.79,,,,,100 stuks,,False,,,,,,True,AH,https://www.ah.nl/producten/product/wi436005,2026-08-03,AH Papieren cupcake vorm,koken-tafelen-vrije-tijd
619570,0,AH Servet donkerblauw 2-pack,AH,koken-tafelen-vrije-tijd,"Koken, tafelen, vrije tijd",Servetten,3.67,3.78,3.0,3% volume voordeel,,,2 stuks,,True,AHOO,3% volume voordeel,2026-08-03,2999-12-31,,True,AH,https://www.ah.nl/producten/product/wi619570,2026-08-03,AH Servet donkerblauw 2-pack,koken-tafelen-vrije-tijd
165036,626875,AH Theelichten 8 uur,AH,koken-tafelen-vrije-tijd,"Koken, tafelen, vrije tijd",Theelichten,4.99,4.99,,,,,40 stuks,,False,,,,,,True,AH,https://www.ah.nl/producten/product/wi165036,2026-08-03,AH Theelichten 8 uur,koken-tafelen-vrije-tijd
590243,36441,AH Servet dahlia,AH,koken-tafelen-vrije-tijd,"Koken, tafelen, vrije tijd",Servetten,1.99,1.99,,,,,20 stuks,,False,,,,,,True,AH,https://www.ah.nl/producten/product/wi590243,2026-08-03,AH Servet dahlia,koken-tafelen-vrije-tijd
434996,699410,AH Party cups,AH,koken-tafelen-vrije-tijd,"Koken, tafelen, vrije tijd",Wegwerpbekers,2.59,2.59,,,,,15 stuks,,False,,,,,,True,AH,https://www.ah.nl/producten/product/wi434996,2026-08-03,AH Party cups,koken-tafelen-vrije-tijd
619571,0,AH Servet donkerblauw 3-pack,AH,koken-tafelen-vrije-tijd,"Koken, tafelen, vrije tijd",Servetten,5.39,5.67,5.0,5% volume voordeel,,,3 stuks,,True,AHOO,5% volume voordeel,2026-08-03,2999-12-31,,True,AH,https://www.ah.nl/producten/product/wi619571,2026-08-03,AH Servet donkerblauw 3-pack,koken-tafelen-vrije-tijd
413931,856785,AH Tapasprikker 9 cm,AH,koken-tafelen-vrije-tijd,"Koken, tafelen, vrije tijd","Prikkers, touw",2.19,2.19,,,,,70 stuks,,False,,,,,,True,AH,https://www.ah.nl/producten/product/wi413931,2026-08-03,AH Tapasprikker 9 cm,koken-tafelen-vrije-tijd
434821,699259,AH Glas facet 240 ml,AH,koken-tafelen-vrije-tijd,"Koken, tafelen, vrije tijd",Wegwerpbekers,3.99,3.99,,,,,10 stuks,,False,,,,,,True,AH,https://www.ah.nl/producten/product/wi434821,2026-08-03,AH Glas facet 240 ml,koken-tafelen-vrije-tijd
556853,72746,AH Bord rond wit bagasse 260mm,AH,koken-tafelen-vrije-tijd,"Koken, tafelen, vrije tijd",Wegwerpborden,2.69,2.69,,,,,12 stuks,,False,,,,,,True,AH,https://www.ah.nl/producten/product/wi556853,2026-08-03,AH Bord rond wit bagasse 260mm,koken-tafelen-vrije-tijd
410430,854790,Lokkii Instant BBQ,Lokkii,koken-tafelen-vrije-tijd,"Koken, tafelen, vrije tijd",BBQ tools,3.89,3.89,,BONUS,,,per stuk,,True,AH,BONUS,2026-04-20,2026-08-30,,True,AH,https://www.ah.nl/producten/product/wi410430,2026-08-03,Lokkii Instant BBQ,koken-tafelen-vrije-tijd
598429,0,AH Lokkii Instant BBQ 2-pack,AH,koken-tafelen-vrije-tijd,"Koken, tafelen, vrije tijd",BBQ tools,7.39,7.78,5.0,pakketkorting,,,2 stuks,,True,AHOO,5% volume voordeel,2026-08-03,2026-08-30,,True,AH,https://www.ah.nl/producten/product/wi598429,2026-08-03,AH Lokkii Instant BBQ 2-pack,koken-tafelen-vrije-tijd
619568,0,AH Servet blad 33cm 2-pack,AH,koken-tafelen-vrije-tijd,"Koken, tafelen, vrije tijd",Servetten,3.86,3.98,3.0,3% volume voordeel,,,2 stuks,,True,AHOO,3% volume voordeel,2026-08-03,2999-12-31,,True,AH,https://www.ah.nl/producten/product/wi619568,2026-08-03,AH Servet blad 33cm 2-pack,koken-tafelen-vrije-tijd
589514,35163,24Basics Duct tape 10 meter x 50mm,24Basics,koken-tafelen-vrije-tijd,"Koken, tafelen, vrije tijd",Schrijfwaren en plakband,2.99,2.99,,,,,per stuk,,False,,,,,,True,AH,https://www.ah.nl/producten/product/wi589514,2026-08-03,24Basics Duct tape 10 meter x 50mm,koken-tafelen-vrije-tijd
594559,42809,Duracell Plus AAA-alkaline batterijen MN2400,Duracell,koken-tafelen-vrije-tijd,"Koken, tafelen, vrije tijd",AAA batterijen,11.69,11.69,,,,,6 stuks,,False,,,,,,True,AH,https://www.ah.nl/producten/product/wi594559,2026-08-03,Duracell Plus AAA-alkaline batterijen MN2400,koken-tafelen-vrije-tijd
598841,47454,Glade Geurstokjes sandalwood & jasmine,Glade,koken-tafelen-vrije-tijd,"Koken, tafelen, vrije tijd",Geurstokjes,6.99,6.99,,,,,per stuk,,False,,,,,,True,AH,https://www.ah.nl/producten/product/wi598841,2026-08-03,Glade Fragrance sticks sandalwood & jasmine,koken-tafelen-vrije-tijd
589528,35197,24Basics Verpakkingstape transparant 66mx50mm,24Basics,koken-tafelen-vrije-tijd,"Koken, tafelen, vrije tijd",Schrijfwaren en plakband,3.49,3.49,,,,,per stuk,,False,,,,,,True,AH,https://www.ah.nl/producten/product/wi589528,2026-08-03,24Basics Verpakkingstape transparant 66mx50mm,koken-tafelen-vrije-tijd
612071,68328,AH Citronella geurkaars,AH,koken-tafelen-vrije-tijd,"Koken, tafelen, vrije tijd",Geurkaarsen,2.49,2.49,,,,,per stuk,,False,,,,,,True,AH,https://www.ah.nl/producten/product/wi612071,2026-08-03,AH Citronella geurkaars,koken-tafelen-vrije-tijd
598424,0,AH Servet dahlia 4-pack,AH,koken-tafelen-vrije-tijd,"Koken, tafelen, vrije tijd",Servetten,7.16,7.96,10.0,10% volume voordeel,,,4 stuks,,True,AHOO,10% volume voordeel,2026-08-03,2999-12-31,,True,AH,https://www.ah.nl/producten/product/wi598424,2026-08-03,AH Servet dahlia 4-pack,koken-tafelen-vrije-tijd
585212,29823,AH Bakje blad,AH,koken-tafelen-vrije-tijd,"Koken, tafelen, vrije tijd","Kommen, schaaltjes",1.99,1.99,,,,,8 stuks,,False,,,,,,True,AH,https://www.ah.nl/producten/product/wi585212,2026-08-03,AH Bakje blad,koken-tafelen-vrije-tijd
598059,0,AH Party cups 4-pack,AH,koken-tafelen-vrije-tijd,"Koken, tafelen, vrije tijd",Wegwerpbekers,9.32,10.36,10.0,10% volume voordeel,,,4 stuks,,True,AHOO,10% volume voordeel,2026-08-03,2999-12-31,,True,AH,https://www.ah.nl/producten/product/wi598059,2026-08-03,AH Party cups 4-pack,koken-tafelen-vrije-tijd
606580,62077,AH Disposable bord,AH,koken-tafelen-vrije-tijd,"Koken, tafelen, vrije tijd",Wegwerpborden,3.79,3.79,,BONUS,,,20 stuks,,True,AH,BONUS,2026-04-20,2026-08-30,,True,AH,https://www.ah.nl/producten/product/wi606580,2026-08-03,AH Disposable bord,koken-tafelen-vrije-tijd
206871,798570,AH Champagneglas plastic,AH,koken-tafelen-vrije-tijd,"Koken, tafelen, vrije tijd",Wegwerpbekers,3.59,3.59,,,,,6 stuks,,False,,,,,,True,AH,https://www.ah.nl/producten/product/wi206871,2026-08-03,AH Champagneglas plastic,koken-tafelen-vrije-tijd
514254,7723,AH Vlaggenlijn 6 meter,AH,koken-tafelen-vrije-tijd,"Koken, tafelen, vrije tijd",Feestversiering en traktatie,0.99,0.99,,,,,per stuk,,False,,,,,,True,AH,https://www.ah.nl/producten/product/wi514254,2026-08-03,AH Vlaggenlijn 6 meter,koken-tafelen-vrije-tijd
619572,0,AH Servet earthy champ 2-pack,AH,koken-tafelen-vrije-tijd,"Koken, tafelen, vrije tijd",Servetten,3.67,3.78,3.0,3% volume voordeel,,,2 stuks,,True,AHOO,3% volume voordeel,2026-08-03,2999-12-31,,True,AH,https://www.ah.nl/producten/product/wi619572,2026-08-03,AH Servet earthy champ 2-pack,koken-tafelen-vrije-tijd
514515,25380,AH Beker blad,AH,koken-tafelen-vrije-tijd,"Koken, tafelen, vrije tijd",Wegwerpbekers,1.99,1.99,,,,,12 stuks,,False,,,,,,True,AH,https://www.ah.nl/producten/product/wi514515,2026-08-03,AH Beker blad,koken-tafelen-vrije-tijd
619573,0,AH Servet earthy champ 3-pack,AH,koken-tafelen-vrije-tijd,"Koken, tafelen, vrije tijd",Servetten,5.39,5.67,5.0,5% volume voordeel,,,3 stuks,,True,AHOO,5% volume voordeel,2026-08-03,2999-12-31,,True,AH,https://www.ah.nl/producten/product/wi619573,2026-08-03,AH Servet earthy champ 3-pack,koken-tafelen-vrije-tijd
583043,26025,AH Schaar,AH,koken-tafelen-vrije-tijd,"Koken, tafelen, vrije tijd","Schaar, rasp, kaasschaaf",2.99,2.99,,,,,per stuk,,False,,,,,,True,AH,https://www.ah.nl/producten/product/wi583043,2026-08-03,AH Schaar,koken-tafelen-vrije-tijd
614164,0,Duracell Plus AAA-alkaline batterijen MN2400 2-pk,Duracell,koken-tafelen-vrije-tijd,"Koken, tafelen, vrije tijd",AAA batterijen,18.7,23.38,20.0,20% volume voordeel,,,2 stuks,,True,AHOO,20% volume voordeel,2026-08-03,2999-12-31,,True,AH,https://www.ah.nl/producten/product/wi614164,2026-08-03,Duracell Plus AAA-alkaline batterijen MN2400 2-pk,koken-tafelen-vrije-tijd
619569,0,AH Servet blad 33cm 3-pack,AH,koken-tafelen-vrije-tijd,"Koken, tafelen, vrije tijd",Servetten,5.67,5.97,5.0,5% volume voordeel,,,3 stuks,,True,AHOO,5% volume voordeel,2026-08-03,2999-12-31,,True,AH,https://www.ah.nl/producten/product/wi619569,2026-08-03,AH Servet blad 33cm 3-pack,koken-tafelen-vrije-tijd
136833,607129,AH C alkaline batterijen,AH,koken-tafelen-vrije-tijd,"Koken, tafelen, vrije tijd",9V batterijen en overige batterijen,1.99,1.99,,,,,2 stuks,,False,,,,,,True,AH,https://www.ah.nl/producten/product/wi136833,2026-08-03,AH C alkaline batterijen,koken-tafelen-vrije-tijd
514520,25494,AH Bord blad 15cm,AH,koken-tafelen-vrije-tijd,"Koken, tafelen, vrije tijd",Wegwerpborden,1.49,1.49,,,,,10 stuks,,False,,,,,,True,AH,https://www.ah.nl/producten/product/wi514520,2026-08-03,AH Plate top 15cm,koken-tafelen-vrije-tijd
590244,36442,AH Servet ruit,AH,koken-tafelen-vrije-tijd,"Koken, tafelen, vrije tijd",Servetten,1.99,1.99,,,,,20 stuks,,False,,,,,,True,AH,https://www.ah.nl/producten/product/wi590244,2026-08-03,AH Servet ruit,koken-tafelen-vrije-tijd
594557,42808,Duracell Plus AA-alkaline batterijen MN1500,Duracell,koken-tafelen-vrije-tijd,"Koken, tafelen, vrije tijd",AA batterijen,11.69,11.69,,,,,6 stuks,,False,,,,,,True,AH,https://www.ah.nl/producten/product/wi594557,2026-08-03,Duracell Plus AA-alkaline batterijen MN1500,koken-tafelen-vrije-tijd
514494,22958,AH Ballonnen gekleurd,AH,koken-tafelen-vrije-tijd,"Koken, tafelen, vrije tijd",Feestversiering en traktatie,2.99,2.99,,,,,50 stuks,,False,,,,,,True,AH,https://www.ah.nl/producten/product/wi514494,2026-08-03,AH Balloons colored,koken-tafelen-vrije-tijd
598072,0,AH Schaar 2-pack,AH,koken-tafelen-vrije-tijd,"Koken, tafelen, vrije tijd","Schaar, rasp, kaasschaaf",5.68,5.98,5.0,5% volume voordeel,,,2 stuks,,True,AHOO,5% volume voordeel,2026-08-03,2999-12-31,,True,AH,https://www.ah.nl/producten/product/wi598072,2026-08-03,AH Schaar 2-pack,koken-tafelen-vrije-tijd
136835,607131,AH 9V alkaline batterijen,AH,koken-tafelen-vrije-tijd,"Koken, tafelen, vrije tijd",9V batterijen en overige batterijen,1.55,1.55,,,,,per stuk,,False,,,,,,True,AH,https://www.ah.nl/producten/product/wi136835,2026-08-03,AH 9V alkaline batterijen,koken-tafelen-vrije-tijd
598513,0,AH Bakje blad 4-pack,AH,koken-tafelen-vrije-tijd,"Koken, tafelen, vrije tijd","Kommen, schaaltjes",7.16,7.96,10.0,10% volume voordeel,,,4 stuks,,True,AHOO,10% volume voordeel,2026-08-03,2999-12-31,,True,AH,https://www.ah.nl/producten/product/wi598513,2026-08-03,AH Bakje blad 4-pack,koken-tafelen-vrije-tijd
587103,32604,AH Lepel herbruikbaar,AH,koken-tafelen-vrije-tijd,"Koken, tafelen, vrije tijd",Bestek,2.99,2.99,,,,,10 stuks,,False,,,,,,True,AH,https://www.ah.nl/producten/product/wi587103,2026-08-03,AH Lepel herbruikbaar,koken-tafelen-vrije-tijd
598425,0,AH Servet ruit 4-pack,AH,koken-tafelen-vrije-tijd,"Koken, tafelen, vrije tijd",Servetten,7.16,7.96,10.0,10% volume voordeel,,,4 stuks,,True,AHOO,10% volume voordeel,2026-08-03,2999-12-31,,True,AH,https://www.ah.nl/producten/product/wi598425,2026-08-03,AH Servet ruit 4-pack,koken-tafelen-vrije-tijd
194597,795636,Loctite Seconde lijm,Loctite,koken-tafelen-vrije-tijd,"Koken, tafelen, vrije tijd","Hobby, vrije tijd",4.99,4.99,,,,,3 g,,False,,,,,,True,AH,https://www.ah.nl/producten/product/wi194597,2026-08-03,Loctite Seconde lijm,koken-tafelen-vrije-tijd
556666,98287,AH Cocktailprikkers bamboe,AH,koken-tafelen-vrije-tijd,"Koken, tafelen, vrije tijd","Prikkers, touw",2.19,2.19,,,,,50 stuks,,False,,,,,,True,AH,https://www.ah.nl/producten/product/wi556666,2026-08-03,AH Cocktailprikkers bamboe,koken-tafelen-vrije-tijd
614165,0,Duracell Plus AAA-alkaline batterijen MN2400 3-pk,Duracell,koken-tafelen-vrije-tijd,"Koken, tafelen, vrije tijd",AAA batterijen,24.55,35.07,30.0,30% volume voordeel,,,3 stuks,,True,AHOO,30% volume voordeel,2026-08-03,2999-12-31,,True,AH,https://www.ah.nl/producten/product/wi614165,2026-08-03,Duracell Plus AAA-alkaline batterijen MN2400 3-pk,koken-tafelen-vrije-tijd
614200,0,Duracell Plus AA-alkaline batterij MN1500 2-pck,Duracell,koken-tafelen-vrije-tijd,"Koken, tafelen, vrije tijd",AA batterijen,18.7,23.38,20.0,20% volume voordeel,,,2 stuks,,True,AHOO,20% volume voordeel,2026-08-03,2999-12-31,,True,AH,https://www.ah.nl/producten/product/wi614200,2026-08-03,Duracell Plus AA alkaline battery MN1500 2-pck,koken-tafelen-vrije-tijd
441112,704737,AH Elektronische aansteker F2 turbo,AH,koken-tafelen-vrije-tijd,"Koken, tafelen, vrije tijd","Lucifers, aanstekers",1.69,1.69,,,,,2 stuks,,False,,,,,,True,AH,https://www.ah.nl/producten/product/wi441112,2026-08-03,AH Elektronische aansteker F2 turbo,koken-tafelen-vrije-tijd
597535,0,AH Beker blad 2-pack,AH,koken-tafelen-vrije-tijd,"Koken, tafelen, vrije tijd",Wegwerpbekers,3.86,3.98,3.0,3% volume voordeel,,,2 stuks,,True,AHOO,3% volume voordeel,2026-08-03,2999-12-31,,True,AH,https://www.ah.nl/producten/product/wi597535,2026-08-03,AH Beker blad 2-pack,koken-tafelen-vrije-tijd
621729,0,AH Servet dahlia 2-pack,AH,koken-tafelen-vrije-tijd,"Koken, tafelen, vrije tijd",Servetten,3.86,3.98,3.0,3% volume voordeel,,,2 stuks,,True,AHOO,3% volume voordeel,2026-08-03,2999-12-31,,True,AH,https://www.ah.nl/producten/product/wi621729,2026-08-03,AH Servet dahlia 2-pack,koken-tafelen-vrije-tijd
114146,809372,Varta Longlife power 9V alkaline batterijen,Varta,koken-tafelen-vrije-tijd,"Koken, tafelen, vrije tijd",9V batterijen en overige batterijen,3.99,3.99,,,,,per stuk,,False,,,,,,True,AH,https://www.ah.nl/producten/product/wi114146,2026-08-03,Varta Longlife power 9V alkaline batterijen,koken-tafelen-vrije-tijd
514517,25412,AH Servet jungle 33cm,AH,koken-tafelen-vrije-tijd,"Koken, tafelen, vrije tijd",Servetten,1.99,1.99,,,,,20 stuks,,False,,,,,,True,AH,https://www.ah.nl/producten/product/wi514517,2026-08-03,AH Servet jungle 33cm,koken-tafelen-vrije-tijd
514518,25414,AH Bakje blad,AH,koken-tafelen-vrije-tijd,"Koken, tafelen, vrije tijd","Kommen, schaaltjes",1.99,1.99,,,,,8 stuks,,False,,,,,,True,AH,https://www.ah.nl/producten/product/wi514518,2026-08-03,AH Bakje blad,koken-tafelen-vrije-tijd
598406,0,AH Lepel herbruikbaar 4-pack,AH,koken-tafelen-vrije-tijd,"Koken, tafelen, vrije tijd",Bestek,10.76,11.96,10.0,10% volume voordeel,,,4 stuks,,True,AHOO,10% volume voordeel,2026-08-03,2999-12-31,,True,AH,https://www.ah.nl/producten/product/wi598406,2026-08-03,AH Lepel herbruikbaar 4-pack,koken-tafelen-vrije-tijd
620004,0,AH Cocktailprikkers bamboe 4-pack,AH,koken-tafelen-vrije-tijd,"Koken, tafelen, vrije tijd","Prikkers, touw",7.88,8.76,10.0,10% volume voordeel,,,4 stuks,,True,AHOO,10% volume voordeel,2026-08-03,2999-12-31,,True,AH,https://www.ah.nl/producten/product/wi620004,2026-08-03,AH Cocktailprikkers bamboe 4-pack,koken-tafelen-vrije-tijd
413935,856789,AH Tapasprikkers 18 cm,AH,koken-tafelen-vrije-tijd,"Koken, tafelen, vrije tijd","Prikkers, touw",1.99,1.99,,,,,50 stuks,,False,,,,,,True,AH,https://www.ah.nl/producten/product/wi413935,2026-08-03,AH Tapasprikkers 18 cm,koken-tafelen-vrije-tijd
598093,0,AH Tapasprikkers 18 cm 2-pack,AH,koken-tafelen-vrije-tijd,"Koken, tafelen, vrije tijd","Prikkers, touw",3.78,3.98,5.0,5% volume voordeel,,,2 stuks,,True,AHOO,5% volume voordeel,2026-08-03,2999-12-31,,True,AH,https://www.ah.nl/producten/product/wi598093,2026-08-03,AH Tapasprikkers 18 cm 2-pack,koken-tafelen-vrije-tijd
620003,0,AH Cocktailprikkers bamboe 3-pack,AH,koken-tafelen-vrije-tijd,"Koken, tafelen, vrije tijd","Prikkers, touw",6.04,6.57,8.0,8% volume voordeel,,,3 stuks,,True,AHOO,8% volume voordeel,2026-08-03,2999-12-31,,True,AH,https://www.ah.nl/producten/product/wi620003,2026-08-03,AH Cocktailprikkers bamboe 3-pack,koken-tafelen-vrije-tijd
621730,0,AH Servet dahlia 3-pack,AH,koken-tafelen-vrije-tijd,"Koken, tafelen, vrije tijd",Servetten,5.67,5.97,5.0,5% volume voordeel,,,3 stuks,,True,AHOO,5% volume voordeel,2026-08-03,2999-12-31,,True,AH,https://www.ah.nl/producten/product/wi621730,2026-08-03,AH Servet dahlia 3-pack,koken-tafelen-vrije-tijd
598844,47467,Glade Geurstokjes vanilla blossom,Glade,koken-tafelen-vrije-tijd,"Koken, tafelen, vrije tijd",Geurstokjes,6.99,6.99,,,,,per stuk,,False,,,,,,True,AH,https://www.ah.nl/producten/product/wi598844,2026-08-03,Glade Geurstokjes vanilla blossom,koken-tafelen-vrije-tijd
614201,0,Duracell Plus AA-alkaline batterij MN1500 3-pck,Duracell,koken-tafelen-vrije-tijd,"Koken, tafelen, vrije tijd",AA batterijen,24.55,35.07,30.0,30% volume voordeel,,,3 stuks,,True,AHOO,30% volume voordeel,2026-08-03,2999-12-31,,True,AH,https://www.ah.nl/producten/product/wi614201,2026-08-03,Duracell Plus AA-alkaline batterij MN1500 3-pck,koken-tafelen-vrije-tijd
617816,0,AH Elektronische aansteker F2 turbo 2-pack,AH,koken-tafelen-vrije-tijd,"Koken, tafelen, vrije tijd","Lucifers, aanstekers",3.24,3.38,4.0,4% volume voordeel,,,2 stuks,,True,AHOO,4% volume voordeel,2026-08-03,2999-12-31,,True,AH,https://www.ah.nl/producten/product/wi617816,2026-08-03,AH Elektronische aansteker F2 turbo 2-pack,koken-tafelen-vrije-tijd
617818,0,AH Elektronische aansteker F2 turbo 4-pack,AH,koken-tafelen-vrije-tijd,"Koken, tafelen, vrije tijd","Lucifers, aanstekers",5.95,6.76,12.0,12% volume voordeel,,,4 stuks,,True,AHOO,12% volume voordeel,2026-08-03,2999-12-31,,True,AH,https://www.ah.nl/producten/product/wi617818,2026-08-03,AH Elektronische aansteker F2 turbo 4-pack,koken-tafelen-vrije-tijd
620002,0,AH Cocktailprikkers bamboe 2-pack,AH,koken-tafelen-vrije-tijd,"Koken, tafelen, vrije tijd","Prikkers, touw",4.16,4.38,5.0,5% volume voordeel,,,2 stuks,,True,AHOO,5% volume voordeel,2026-08-03,2999-12-31,,True,AH,https://www.ah.nl/producten/product/wi620002,2026-08-03,AH Cocktailprikkers bamboe 2-pack,koken-tafelen-vrije-tijd
480924,735086,AH Knoopcel 2032,AH,koken-tafelen-vrije-tijd,"Koken, tafelen, vrije tijd",Knoopcelbatterijen,6.99,6.99,,,,,5 stuks,,False,,,,,,True,AH,https://www.ah.nl/producten/product/wi480924,2026-08-03,AH Knoopcel 2032,koken-tafelen-vrije-tijd
514516,25410,AH Bord jungle 22cm,AH,koken-tafelen-vrije-tijd,"Koken, tafelen, vrije tijd",Wegwerpborden,1.99,1.99,,,,,10 stuks,,False,,,,,,True,AH,https://www.ah.nl/producten/product/wi514516,2026-08-03,AH Bord jungle 22cm,koken-tafelen-vrije-tijd
597542,0,AH Bord blad 15cm 2-pack,AH,koken-tafelen-vrije-tijd,"Koken, tafelen, vrije tijd",Wegwerpborden,2.89,2.98,3.0,3% volume voordeel,,,2 stuks,,True,AHOO,3% volume voordeel,2026-08-03,2999-12-31,,True,AH,https://www.ah.nl/producten/product/wi597542,2026-08-03,AH Bord blad 15cm 2-pack,koken-tafelen-vrije-tijd
598077,0,AH Servet jungle 33cm 2-pack,AH,koken-tafelen-vrije-tijd,"Koken, tafelen, vrije tijd",Servetten,3.86,3.98,3.0,3% volume voordeel,,,2 stuks,,True,AHOO,3% volume voordeel,2026-08-03,2999-12-31,,True,AH,https://www.ah.nl/producten/product/wi598077,2026-08-03,AH Servet jungle 33cm 2-pack,koken-tafelen-vrije-tijd
566377,3762,AH Theelichten maxi 10 uur,AH,koken-tafelen-vrije-tijd,"Koken, tafelen, vrije tijd",Theelichten,2.99,2.99,,,,,12 stuks,,False,,,,,,True,AH,https://www.ah.nl/producten/product/wi566377,2026-08-03,AH Theelichten maxi 10 uur,koken-tafelen-vrije-tijd
597531,0,AH Bakje blad 4-pack,AH,koken-tafelen-vrije-tijd,"Koken, tafelen, vrije tijd","Kommen, schaaltjes",7.16,7.96,10.0,10% volume voordeel,,,4 stuks,,True,AHOO,10% volume voordeel,2026-08-03,2999-12-31,,True,AH,https://www.ah.nl/producten/product/wi597531,2026-08-03,AH Bakje blad 4-pack,koken-tafelen-vrije-tijd
598000,0,AH Knoopcel 2032 4-pack,AH,koken-tafelen-vrije-tijd,"Koken, tafelen, vrije tijd",Knoopcelbatterijen,23.77,27.96,15.0,15% volume voordeel,,,4 stuks,,True,AHOO,15% volume voordeel,2026-08-03,2999-12-31,,True,AH,https://www.ah.nl/producten/product/wi598000,2026-08-03,AH Knoopcel 2032 4-pack,koken-tafelen-vrije-tijd
621731,0,AH Servet ruit 2-pack,AH,koken-tafelen-vrije-tijd,"Koken, tafelen, vrije tijd",Servetten,3.86,3.98,3.0,3% volume voordeel,,,2 stuks,,True,AHOO,3% volume voordeel,2026-08-03,2999-12-31,,True,AH,https://www.ah.nl/producten/product/wi621731,2026-08-03,AH Servet ruit 2-pack,koken-tafelen-vrije-tijd
617817,0,AH Elektronische aansteker F2 turbo 3-pack,AH,koken-tafelen-vrije-tijd,"Koken, tafelen, vrije tijd","Lucifers, aanstekers",4.66,5.07,8.0,8% volume voordeel,,,3 stuks,,True,AHOO,8% volume voordeel,2026-08-03,2999-12-31,,True,AH,https://www.ah.nl/producten/product/wi617817,2026-08-03,AH Electronic lighter F2 turbo 3-pack,koken-tafelen-vrije-tijd
620995,0,AH Schaar 3-pack,AH,koken-tafelen-vrije-tijd,"Koken, tafelen, vrije tijd","Schaar, rasp, kaasschaaf",8.25,8.97,8.0,8% volume voordeel,,,3 stuks,,True,AHOO,8% volume voordeel,2026-08-03,2999-12-31,,True,AH,https://www.ah.nl/producten/product/wi620995,2026-08-03,AH Schaar 3-pack,koken-tafelen-vrije-tijd
142805,568809, Linda,,koken-tafelen-vrije-tijd,"Koken, tafelen, vrije tijd",Tijdschriften,7.95,7.95,,,,,per stuk,,False,,,,,,True,AH,https://www.ah.nl/producten/product/wi142805,2026-08-03, Linda,koken-tafelen-vrije-tijd
514522,25521,AH Beker blad,AH,koken-tafelen-vrije-tijd,"Koken, tafelen, vrije tijd",Wegwerpbekers,1.99,1.99,,,,,12 stuks,,False,,,,,,True,AH,https://www.ah.nl/producten/product/wi514522,2026-08-03,AH Beker blad,koken-tafelen-vrije-tijd
617761,0,AH Party cups 2-pack,AH,koken-tafelen-vrije-tijd,"Koken, tafelen, vrije tijd",Wegwerpbekers,5.02,5.18,3.0,3% volume voordeel,,,2 stuks,,True,AHOO,3% volume voordeel,2026-08-03,2999-12-31,,True,AH,https://www.ah.nl/producten/product/wi617761,2026-08-03,AH Party cups 2-pack,koken-tafelen-vrije-tijd
618791,0,AH Knoopcel 2032 2-pack,AH,koken-tafelen-vrije-tijd,"Koken, tafelen, vrije tijd",Knoopcelbatterijen,13.28,13.98,5.0,5% volume voordeel,,,2 stuks,,True,AHOO,5% volume voordeel,2026-08-03,2999-12-31,,True,AH,https://www.ah.nl/producten/product/wi618791,2026-08-03,AH Knoopcel 2032 2-pack,koken-tafelen-vrije-tijd
80586,843271,Bic M10 original balpennen blauw,Bic,koken-tafelen-vrije-tijd,"Koken, tafelen, vrije tijd",Schrijfwaren en plakband,4.99,4.99,,,,,4 stuks,,False,,,,,,True,AH,https://www.ah.nl/producten/product/wi80586,2026-08-03,Bic M10 original balpennen blauw,koken-tafelen-vrije-tijd
196910,640857,"AH Micro AAA alkaline 1,5V LR03",AH,koken-tafelen-vrije-tijd,"Koken, tafelen, vrije tijd",AAA batterijen,6.79,6.79,,,,,8 stuks,,False,,,,,,True,AH,https://www.ah.nl/producten/product/wi196910,2026-08-03,AH Micro AAA alkaline 1.5V LR03,koken-tafelen-vrije-tijd
514506,24634,AH Kaarsjes,AH,koken-tafelen-vrije-tijd,"Koken, tafelen, vrije tijd",Taartversiering,0.99,0.99,,,,,24 stuks,,False,,,,,,True,AH,https://www.ah.nl/producten/product/wi514506,2026-08-03,AH Kaarsjes,koken-tafelen-vrije-tijd
556852,737663,AH Bord rond wit bagasse 180mm,AH,koken-tafelen-vrije-tijd,"Koken, tafelen, vrije tijd",Wegwerpborden,1.89,1.89,,,,,12 stuks,,False,,,,,,True,AH,https://www.ah.nl/producten/product/wi556852,2026-08-03,AH Bord rond wit bagasse 180mm,koken-tafelen-vrije-tijd
597561,0,"AH Micro AAA alkaline 1,5V LR03 4-pack",AH,koken-tafelen-vrije-tijd,"Koken, tafelen, vrije tijd",AAA batterijen,23.09,27.16,15.0,15% volume voordeel,,,4 stuks,,True,AHOO,15% volume voordeel,2026-08-03,2999-12-31,,True,AH,https://www.ah.nl/producten/product/wi597561,2026-08-03,"AH Micro AAA alkaline 1,5V LR03 4-pack",koken-tafelen-vrije-tijd
619380,0,AH Beker blad 4-pack,AH,koken-tafelen-vrije-tijd,"Koken, tafelen, vrije tijd",Wegwerpbekers,7.16,7.96,10.0,10% volume voordeel,,,4 stuks,,True,AHOO,10% volume voordeel,2026-08-03,2999-12-31,,True,AH,https://www.ah.nl/producten/product/wi619380,2026-08-03,AH Beker blad 4-pack,koken-tafelen-vrije-tijd
142807,578321, Tvfilm,,koken-tafelen-vrije-tijd,"Koken, tafelen, vrije tijd",Tijdschriften,2.74,2.74,,,,,per stuk,,False,,,,,,True,AH,https://www.ah.nl/producten/product/wi142807,2026-08-03,TV movie,koken-tafelen-vrije-tijd
587102,32603,AH Mes herbruikbaar,AH,koken-tafelen-vrije-tijd,"Koken, tafelen, vrije tijd",Bestek,2.99,2.99,,,,,10 stuks,,False,,,,,,True,AH,https://www.ah.nl/producten/product/wi587102,2026-08-03,AH Mes herbruikbaar,koken-tafelen-vrije-tijd
609983,66984,AH Hamster pet,AH,koken-tafelen-vrije-tijd,"Koken, tafelen, vrije tijd",WK Oranje feestartikelen,4.54,6.99,35.0,35% korting,,,per stuk,,True,AHOO,35% Op=Op korting,2026-08-03,2026-08-09,,True,AH,https://www.ah.nl/producten/product/wi609983,2026-08-03,AH Hamster pet,koken-tafelen-vrije-tijd
618792,0,AH Knoopcel 2032 3-pack,AH,koken-tafelen-vrije-tijd,"Koken, tafelen, vrije tijd",Knoopcelbatterijen,18.87,20.97,10.0,10% volume voordeel,,,3 stuks,,True,AHOO,10% volume voordeel,2026-08-03,2999-12-31,,True,AH,https://www.ah.nl/producten/product/wi618792,2026-08-03,AH Knoopcel 2032 3-pack,koken-tafelen-vrije-tijd
620996,0,AH Schaar 4-pack,AH,koken-tafelen-vrije-tijd,"Koken, tafelen, vrije tijd","Schaar, rasp, kaasschaaf",10.76,11.96,10.0,10% volume voordeel,,,4 stuks,,True,AHOO,10% volume voordeel,2026-08-03,2999-12-31,,True,AH,https://www.ah.nl/producten/product/wi620996,2026-08-03,AH Schaar 4-pack,koken-tafelen-vrije-tijd
621732,0,AH Servet ruit 3-pack,AH,koken-tafelen-vrije-tijd,"Koken, tafelen, vrije tijd",Servetten,5.67,5.97,5.0,5% volume voordeel,,,3 stuks,,True,AHOO,5% volume voordeel,2026-08-03,2999-12-31,,True,AH,https://www.ah.nl/producten/product/wi621732,2026-08-03,AH Servet ruit 3-pack,koken-tafelen-vrije-tijd
597544,0,AH Bord jungle 22cm 2-pack,AH,koken-tafelen-vrije-tijd,"Koken, tafelen, vrije tijd",Wegwerpborden,3.86,3.98,3.0,3% volume voordeel,,,2 stuks,,True,AHOO,3% volume voordeel,2026-08-03,2999-12-31,,True,AH,https://www.ah.nl/producten/product/wi597544,2026-08-03,AH Bord jungle 22cm 2-pack,koken-tafelen-vrije-tijd
617762,0,AH Party cups 3-pack,AH,koken-tafelen-vrije-tijd,"Koken, tafelen, vrije tijd",Wegwerpbekers,7.38,7.77,5.0,5% volume voordeel,,,3 stuks,,True,AHOO,5% volume voordeel,2026-08-03,2999-12-31,,True,AH,https://www.ah.nl/producten/product/wi617762,2026-08-03,AH Party cups 3-pack,koken-tafelen-vrije-tijd
514521,25496,AH Bord blad 22cm,AH,koken-tafelen-vrije-tijd,"Koken, tafelen, vrije tijd",Wegwerpborden,1.99,1.99,,,,,10 stuks,,False,,,,,,True,AH,https://www.ah.nl/producten/product/wi514521,2026-08-03,AH Bord blad 22cm,koken-tafelen-vrije-tijd
146668,88838, Varia 3* bundel,,koken-tafelen-vrije-tijd,"Koken, tafelen, vrije tijd",Puzzelboekjes,5.25,5.25,,,,,per stuk,,False,,,,,,True,AH,https://www.ah.nl/producten/product/wi146668,2026-08-03, Varia 3* bundel,koken-tafelen-vrije-tijd
384516,843327,Edding Permanent marker zwart,Edding,koken-tafelen-vrije-tijd,"Koken, tafelen, vrije tijd",Schrijfwaren en plakband,3.49,3.49,,,,,per stuk,,False,,,,,,True,AH,https://www.ah.nl/producten/product/wi384516,2026-08-03,Edding Permanent marker zwart,koken-tafelen-vrije-tijd
437371,63138,Duracell 2032 Lithium-knoopcelbatterijen CR2032,Duracell,koken-tafelen-vrije-tijd,"Koken, tafelen, vrije tijd",Knoopcelbatterijen,9.99,9.99,,,,,4 stuks,,False,,,,,,True,AH,https://www.ah.nl/producten/product/wi437371,2026-08-03,Duracell 2032 Lithium button cell batteries CR2032,koken-tafelen-vrije-tijd
441067,704701,AH Houtwol brandt schoon & geurloos,AH,koken-tafelen-vrije-tijd,"Koken, tafelen, vrije tijd",Aanmaakblokjes,4.99,4.99,,,,,40 stuks,,False,,,,,,True,AH,https://www.ah.nl/producten/product/wi441067,2026-08-03,AH Houtwol brandt schoon & geurloos,koken-tafelen-vrije-tijd
481834,736610,Duracell Plus 9V-alkaline batterijen 6LR61,Duracell,koken-tafelen-vrije-tijd,"Koken, tafelen, vrije tijd",9V batterijen en overige batterijen,7.99,7.99,,,,,per stuk,,False,,,,,,True,AH,https://www.ah.nl/producten/product/wi481834,2026-08-03,Duracell Plus 9V-alkaline batterijen 6LR61,koken-tafelen-vrije-tijd
514577,29072,Curver Smart fresh bewaardoos rechthoekig 1l,Curver,koken-tafelen-vrije-tijd,"Koken, tafelen, vrije tijd",Bewaardozen en diepvriesdozen,3.69,3.69,,,,,per stuk,,False,,,,,,True,AH,https://www.ah.nl/producten/product/wi514577,2026-08-03,Curver Smart fresh bewaardoos rechthoekig 1l,koken-tafelen-vrije-tijd
556497,710999,AH Theedoeken grijs,AH,koken-tafelen-vrije-tijd,"Koken, tafelen, vrije tijd",Keukentextiel,4.99,4.99,,,,,per set,,False,,,,,,True,AH,https://www.ah.nl/producten/product/wi556497,2026-08-03,AH Theedoeken grijs,koken-tafelen-vrije-tijd
589524,35198,24Basics Lijmstift 2-pack,24Basics,koken-tafelen-vrije-tijd,"Koken, tafelen, vrije tijd","Hobby, vrije tijd",2.49,2.49,,,,,2 stuks,,False,,,,,,True,AH,https://www.ah.nl/producten/product/wi589524,2026-08-03,24Basics Lijmstift 2-pack,koken-tafelen-vrije-tijd
614152,0,Duracell 2032 Lithium-knoopcelbatterij CR2032 2pk,Duracell,koken-tafelen-vrije-tijd,"Koken, tafelen, vrije tijd",Knoopcelbatterijen,15.98,19.98,20.0,20% volume voordeel,,,2 stuks,,True,AHOO,20% volume voordeel,2026-08-03,2999-12-31,,True,AH,https://www.ah.nl/producten/product/wi614152,2026-08-03,Duracell 2032 Lithium-knoopcelbatterij CR2032 2pk,koken-tafelen-vrije-tijd
621044,0,AH Bakje blad 2-pack,AH,koken-tafelen-vrije-tijd,"Koken, tafelen, vrije tijd","Kommen, schaaltjes",3.86,3.98,3.0,3% volume voordeel,,,2 stuks,,True,AHOO,3% volume voordeel,2026-08-03,2999-12-31,,True,AH,https://www.ah.nl/producten/product/wi621044,2026-08-03,AH Bakje blad 2-pack,koken-tafelen-vrije-tijd
621073,0,AH Lepel herbruikbaar 2-pack,AH,koken-tafelen-vrije-tijd,"Koken, tafelen, vrije tijd",Bestek,5.8,5.98,3.0,3% volume voordeel,,,2 stuks,,True,AHOO,3% volume voordeel,2026-08-03,2999-12-31,,True,AH,https://www.ah.nl/producten/product/wi621073,2026-08-03,AH Lepel herbruikbaar 2-pack,koken-tafelen-vrije-tijd
580258,23813,AH Koekenpan easy chef 28cm,AH,koken-tafelen-vrije-tijd,"Koken, tafelen, vrije tijd",Koekenpannen,19.99,19.99,,,,,per stuk,,False,,,,,,True,AH,https://www.ah.nl/producten/product/wi580258,2026-08-03,AH Koekenpan easy chef 28cm,koken-tafelen-vrije-tijd
617445,0,AH Tapasprikkers 18 cm 3-pack,AH,koken-tafelen-vrije-tijd,"Koken, tafelen, vrije tijd","Prikkers, touw",5.49,5.97,8.0,8% volume voordeel,,,3 stuks,,True,AHOO,8% volume voordeel,2026-08-03,2999-12-31,,True,AH,https://www.ah.nl/producten/product/wi617445,2026-08-03,AH Tapas sticks 18 cm 3-pack,koken-tafelen-vrije-tijd
617446,0,AH Tapasprikkers 18 cm 4-pack,AH,koken-tafelen-vrije-tijd,"Koken, tafelen, vrije tijd","Prikkers, touw",7.16,7.96,10.0,10% volume voordeel,,,4 stuks,,True,AHOO,10% volume voordeel,2026-08-03,2999-12-31,,True,AH,https://www.ah.nl/producten/product/wi617446,2026-08-03,AH Tapasprikkers 18 cm 4-pack,koken-tafelen-vrije-tijd
619379,0,AH Beker blad 3-pack,AH,koken-tafelen-vrije-tijd,"Koken, tafelen, vrije tijd",Wegwerpbekers,5.67,5.97,5.0,5% volume voordeel,,,3 stuks,,True,AHOO,5% volume voordeel,2026-08-03,2999-12-31,,True,AH,https://www.ah.nl/producten/product/wi619379,2026-08-03,AH Beker blad 3-pack,koken-tafelen-vrije-tijd
619382,0,AH Bord blad 15cm 4-pack,AH,koken-tafelen-vrije-tijd,"Koken, tafelen, vrije tijd",Wegwerpborden,5.36,5.96,10.0,10% volume voordeel,,,4 stuks,,True,AHOO,10% volume voordeel,2026-08-03,2999-12-31,,True,AH,https://www.ah.nl/producten/product/wi619382,2026-08-03,AH Bord blad 15cm 4-pack,koken-tafelen-vrije-tijd
619575,0,AH Servet jungle 33cm 4-pack,AH,koken-tafelen-vrije-tijd,"Koken, tafelen, vrije tijd",Servetten,7.16,7.96,10.0,10% volume voordeel,,,4 stuks,,True,AHOO,10% volume voordeel,2026-08-03,2999-12-31,,True,AH,https://www.ah.nl/producten/product/wi619575,2026-08-03,AH Servet jungle 33cm 4-pack,koken-tafelen-vrije-tijd
620909,0,AH Koekenpan easy chef 28cm 2-pack,AH,koken-tafelen-vrije-tijd,"Koken, tafelen, vrije tijd",Koekenpannen,38.38,39.98,4.0,4% volume voordeel,,,2 stuks,,True,AHOO,4% volume voordeel,2026-08-03,2999-12-31,,True,AH,https://www.ah.nl/producten/product/wi620909,2026-08-03,AH Koekenpan easy chef 28cm 2-pack,koken-tafelen-vrije-tijd
621045,0,AH Bakje blad 3-pack,AH,koken-tafelen-vrije-tijd,"Koken, tafelen, vrije tijd","Kommen, schaaltjes",5.67,5.97,5.0,5% volume voordeel,,,3 stuks,,True,AHOO,5% volume voordeel,2026-08-03,2999-12-31,,True,AH,https://www.ah.nl/producten/product/wi621045,2026-08-03,AH Bakje blad 3-pack,koken-tafelen-vrije-tijd
621074,0,AH Lepel herbruikbaar 3-pack,AH,koken-tafelen-vrije-tijd,"Koken, tafelen, vrije tijd",Bestek,8.52,8.97,5.0,5% volume voordeel,,,3 stuks,,True,AHOO,5% volume voordeel,2026-08-03,2999-12-31,,True,AH,https://www.ah.nl/producten/product/wi621074,2026-08-03,AH Spoon reusable 3-pack,koken-tafelen-vrije-tijd
142787,29093, Libelle,,koken-tafelen-vrije-tijd,"Koken, tafelen, vrije tijd",Tijdschriften,5.99,5.99,,,,,per stuk,,False,,,,,,True,AH,https://www.ah.nl/producten/product/wi142787,2026-08-03, Libelle,koken-tafelen-vrije-tijd
514262,14535,AH Cocktail prikker,AH,koken-tafelen-vrije-tijd,"Koken, tafelen, vrije tijd","Prikkers, touw",0.99,0.99,,,,,8 stuks,,False,,,,,,True,AH,https://www.ah.nl/producten/product/wi514262,2026-08-03,AH Cocktail prikker,koken-tafelen-vrije-tijd
545166,654018,AH Theelichten 6 uur,AH,koken-tafelen-vrije-tijd,"Koken, tafelen, vrije tijd",Theelichten,4.59,4.59,,,,,50 stuks,,False,,,,,,True,AH,https://www.ah.nl/producten/product/wi545166,2026-08-03,AH Theelichten 6 uur,koken-tafelen-vrije-tijd
598418,0,AH Mes herbruikbaar 4-pack,AH,koken-tafelen-vrije-tijd,"Koken, tafelen, vrije tijd",Bestek,10.76,11.96,10.0,10% volume voordeel,,,4 stuks,,True,AHOO,10% volume voordeel,2026-08-03,2999-12-31,,True,AH,https://www.ah.nl/producten/product/wi598418,2026-08-03,AH Mes herbruikbaar 4-pack,koken-tafelen-vrije-tijd
142791,29102, Donald duck,,koken-tafelen-vrije-tijd,"Koken, tafelen, vrije tijd",Tijdschriften,4.3,4.3,,,,,per stuk,,False,,,,,,True,AH,https://www.ah.nl/producten/product/wi142791,2026-08-03, Donald duck,koken-tafelen-vrije-tijd
413841,856695,AH Bindtouw rood,AH,koken-tafelen-vrije-tijd,"Koken, tafelen, vrije tijd","Prikkers, touw",2.69,2.69,,,,,per stuk,,False,,,,,,True,AH,https://www.ah.nl/producten/product/wi413841,2026-08-03,AH Bindtouw rood,koken-tafelen-vrije-tijd
514253,7390,AH Papieren uitdeelzakjes,AH,koken-tafelen-vrije-tijd,"Koken, tafelen, vrije tijd",Feestversiering en traktatie,1.69,1.69,,,,,8 stuks,,False,,,,,,True,AH,https://www.ah.nl/producten/product/wi514253,2026-08-03,AH Paper handout bags,koken-tafelen-vrije-tijd
556848,619541,AH Shot glaasjes,AH,koken-tafelen-vrije-tijd,"Koken, tafelen, vrije tijd",Wegwerpbekers,1.69,1.69,,,,,24 stuks,,False,,,,,,True,AH,https://www.ah.nl/producten/product/wi556848,2026-08-03,AH Shot glaasjes,koken-tafelen-vrije-tijd
597543,0,AH Bord blad 22cm 2-pack,AH,koken-tafelen-vrije-tijd,"Koken, tafelen, vrije tijd",Wegwerpborden,3.86,3.98,3.0,3% volume voordeel,,,2 stuks,,True,AHOO,3% volume voordeel,2026-08-03,2999-12-31,,True,AH,https://www.ah.nl/producten/product/wi597543,2026-08-03,AH Bord blad 22cm 2-pack,koken-tafelen-vrije-tijd
597775,46386,Blue Home Eierkoker,Blue Home,koken-tafelen-vrije-tijd,"Koken, tafelen, vrije tijd","Keukenmachines, blenders en staafmixers",13.49,13.49,,,,,per stuk,,False,,,,,,True,AH,https://www.ah.nl/producten/product/wi597775,2026-08-03,Blue Home Eierkoker,koken-tafelen-vrije-tijd
612620,68331,AH Citronella geurkaarsen in blik,AH,koken-tafelen-vrije-tijd,"Koken, tafelen, vrije tijd",Geurkaarsen,2.79,2.79,,,,,per stuk,,False,,,,,,True,AH,https://www.ah.nl/producten/product/wi612620,2026-08-03,AH Citronella geurkaarsen in blik,koken-tafelen-vrije-tijd
617327,0,AH Bindtouw rood 2-pack,AH,koken-tafelen-vrije-tijd,"Koken, tafelen, vrije tijd","Prikkers, touw",5.11,5.38,5.0,5% volume voordeel,,,2 stuks,,True,AHOO,5% volume voordeel,2026-08-03,2999-12-31,,True,AH,https://www.ah.nl/producten/product/wi617327,2026-08-03,AH Bindtouw rood 2-pack,koken-tafelen-vrije-tijd
619381,0,AH Bord blad 15cm 3-pack,AH,koken-tafelen-vrije-tijd,"Koken, tafelen, vrije tijd",Wegwerpborden,4.25,4.47,5.0,5% volume voordeel,,,3 stuks,,True,AHOO,5% volume voordeel,2026-08-03,2999-12-31,,True,AH,https://www.ah.nl/producten/product/wi619381,2026-08-03,AH Bord blad 15cm 3-pack,koken-tafelen-vrije-tijd
620910,0,AH Koekenpan easy chef 28cm 3-pack,AH,koken-tafelen-vrije-tijd,"Koken, tafelen, vrije tijd",Koekenpannen,56.97,59.97,5.0,5% volume voordeel,,,3 stuks,,True,AHOO,5% volume voordeel,2026-08-03,2999-12-31,,True,AH,https://www.ah.nl/producten/product/wi620910,2026-08-03,AH Koekenpan easy chef 28cm 3-pack,koken-tafelen-vrije-tijd
620911,0,AH Koekenpan easy chef 28cm 4-pack,AH,koken-tafelen-vrije-tijd,"Koken, tafelen, vrije tijd",Koekenpannen,74.36,79.96,7.0,7% volume voordeel,,,4 stuks,,True,AHOO,7% volume voordeel,2026-08-03,2999-12-31,,True,AH,https://www.ah.nl/producten/product/wi620911,2026-08-03,AH Koekenpan easy chef 28cm 4-pack,koken-tafelen-vrije-tijd
598426,0,AH Theedoeken grijs 2-pack,AH,koken-tafelen-vrije-tijd,"Koken, tafelen, vrije tijd",Keukentextiel,9.68,9.98,3.0,3% volume voordeel,,,2 stuks,,True,AHOO,3% volume voordeel,2026-08-03,2999-12-31,,True,AH,https://www.ah.nl/producten/product/wi598426,2026-08-03,AH Theedoeken grijs 2-pack,koken-tafelen-vrije-tijd
614153,0,Duracell 2032 Lithium-knoopcelbatterij CR2032 3pk,Duracell,koken-tafelen-vrije-tijd,"Koken, tafelen, vrije tijd",Knoopcelbatterijen,20.98,29.97,30.0,30% volume voordeel,,,3 stuks,,True,AHOO,30% volume voordeel,2026-08-03,2999-12-31,,True,AH,https://www.ah.nl/producten/product/wi614153,2026-08-03,Duracell 2032 Lithium-knoopcelbatterij CR2032 3pk,koken-tafelen-vrije-tijd
2856,13906,AH Haardblok,AH,koken-tafelen-vrije-tijd,"Koken, tafelen, vrije tijd",Haardhout,2.69,2.69,,,,,per stuk,,False,,,,,,True,AH,https://www.ah.nl/producten/product/wi2856,2026-08-03,AH Haardblok,koken-tafelen-vrije-tijd
41468,23442,Farmlight Lampolie helder,Farmlight,koken-tafelen-vrije-tijd,"Koken, tafelen, vrije tijd",Buitenkaarsen en lampolie,3.79,3.79,,,,,1 l,prijs per liter €3.79,False,,,,,,True,AH,https://www.ah.nl/producten/product/wi41468,2026-08-03,Farmlight Lampolie helder,koken-tafelen-vrije-tijd
413813,856665,"AH Bewaardoos 1,2 l vierkant",AH,koken-tafelen-vrije-tijd,"Koken, tafelen, vrije tijd",Bewaardozen en diepvriesdozen,3.99,3.99,,,,,3 stuks,,False,,,,,,True,AH,https://www.ah.nl/producten/product/wi413813,2026-08-03,"AH Bewaardoos 1,2 l vierkant",koken-tafelen-vrije-tijd
589536,35226,24Basics Wit papier 80gram,24Basics,koken-tafelen-vrije-tijd,"Koken, tafelen, vrije tijd",Papierwaren,2.69,2.69,,,,,100 stuks,,False,,,,,,True,AH,https://www.ah.nl/producten/product/wi589536,2026-08-03,24Basics Wit papier 80gram,koken-tafelen-vrije-tijd
598079,0,AH Shot glaasjes 4-pack,AH,koken-tafelen-vrije-tijd,"Koken, tafelen, vrije tijd",Wegwerpbekers,6.08,6.76,10.0,10% volume voordeel,,,4 stuks,,True,AHOO,10% volume voordeel,2026-08-03,2999-12-31,,True,AH,https://www.ah.nl/producten/product/wi598079,2026-08-03,AH Shot glaasjes 4-pack,koken-tafelen-vrije-tijd
617328,0,AH Bindtouw rood 3-pack,AH,koken-tafelen-vrije-tijd,"Koken, tafelen, vrije tijd","Prikkers, touw",7.42,8.07,8.0,8% volume voordeel,,,3 stuks,,True,AHOO,8% volume voordeel,2026-08-03,2999-12-31,,True,AH,https://www.ah.nl/producten/product/wi617328,2026-08-03,AH Bindtouw rood 3-pack,koken-tafelen-vrije-tijd
617329,0,AH Bindtouw rood 4-pack,AH,koken-tafelen-vrije-tijd,"Koken, tafelen, vrije tijd","Prikkers, touw",9.68,10.76,10.0,10% volume voordeel,,,4 stuks,,True,AHOO,10% volume voordeel,2026-08-03,2999-12-31,,True,AH,https://www.ah.nl/producten/product/wi617329,2026-08-03,AH Bindtouw rood 4-pack,koken-tafelen-vrije-tijd
619574,0,AH Servet jungle 33cm 3-pack,AH,koken-tafelen-vrije-tijd,"Koken, tafelen, vrije tijd",Servetten,5.67,5.97,5.0,5% volume voordeel,,,3 stuks,,True,AHOO,5% volume voordeel,2026-08-03,2999-12-31,,True,AH,https://www.ah.nl/producten/product/wi619574,2026-08-03,AH Servet jungle 33cm 3-pack,koken-tafelen-vrije-tijd
136832,607128,AH AAA alkaline batterijen,AH,koken-tafelen-vrije-tijd,"Koken, tafelen, vrije tijd",AAA batterijen,3.99,3.99,,,,,4 stuks,,False,,,,,,True,AH,https://www.ah.nl/producten/product/wi136832,2026-08-03,AH AAA alkaline batterijen,koken-tafelen-vrije-tijd
484885,739855,AH Kaars cijfer 1 kleur,AH,koken-tafelen-vrije-tijd,"Koken, tafelen, vrije tijd",Taartversiering,0.99,0.99,,,,,per stuk,,False,,,,,,True,AH,https://www.ah.nl/producten/product/wi484885,2026-08-03,AH Kaars cijfer 1 kleur,koken-tafelen-vrije-tijd
580257,23811,AH Koekenpan easy chef 24cm,AH,koken-tafelen-vrije-tijd,"Koken, tafelen, vrije tijd",Koekenpannen,14.99,14.99,,,,,per stuk,,False,,,,,,True,AH,https://www.ah.nl/producten/product/wi580257,2026-08-03,AH Koekenpan easy chef 24cm,koken-tafelen-vrije-tijd
580449,23625,Bolsius Theelichten 8 uur,Bolsius,koken-tafelen-vrije-tijd,"Koken, tafelen, vrije tijd",Theelichten,8.49,8.49,,,,,45 stuks,,False,,,,,,True,AH,https://www.ah.nl/producten/product/wi580449,2026-08-03,Bolsius Theelichten 8 uur,koken-tafelen-vrije-tijd
614162,0,Duracell Plus 9V-alkaline batterijen 6LR61 2-pack,Duracell,koken-tafelen-vrije-tijd,"Koken, tafelen, vrije tijd",9V batterijen en overige batterijen,12.78,15.98,20.0,20% volume voordeel,,,2 stuks,,True,AHOO,20% volume voordeel,2026-08-03,2999-12-31,,True,AH,https://www.ah.nl/producten/product/wi614162,2026-08-03,Duracell Plus 9V alkaline batteries 6LR61 2-pack,koken-tafelen-vrije-tijd
614163,0,Duracell Plus 9V-alkaline batterijen 6LR61 3-pack,Duracell,koken-tafelen-vrije-tijd,"Koken, tafelen, vrije tijd",9V batterijen en overige batterijen,16.78,23.97,30.0,30% volume voordeel,,,3 stuks,,True,AHOO,30% volume voordeel,2026-08-03,2999-12-31,,True,AH,https://www.ah.nl/producten/product/wi614163,2026-08-03,Duracell Plus 9V-alkaline batterijen 6LR61 3-pack,koken-tafelen-vrije-tijd
619370,0,AH Bakje blad 3-pack,AH,koken-tafelen-vrije-tijd,"Koken, tafelen, vrije tijd","Kommen, schaaltjes",5.67,5.97,5.0,5% volume voordeel,,,3 stuks,,True,AHOO,5% volume voordeel,2026-08-03,2999-12-31,,True,AH,https://www.ah.nl/producten/product/wi619370,2026-08-03,AH Bakje blad 3-pack,koken-tafelen-vrije-tijd
620906,0,AH Koekenpan easy chef 24cm 2-pack,AH,koken-tafelen-vrije-tijd,"Koken, tafelen, vrije tijd",Koekenpannen,28.78,29.98,4.0,4% volume voordeel,,,2 stuks,,True,AHOO,4% volume voordeel,2026-08-03,2999-12-31,,True,AH,https://www.ah.nl/producten/product/wi620906,2026-08-03,AH Koekenpan easy chef 24cm 2-pack,koken-tafelen-vrije-tijd
142788,29094, Margriet,,koken-tafelen-vrije-tijd,"Koken, tafelen, vrije tijd",Tijdschriften,5.6,5.6,,,,,per stuk,,False,,,,,,True,AH,https://www.ah.nl/producten/product/wi142788,2026-08-03, Margriet,koken-tafelen-vrije-tijd
214269,804137,AH Cakevormpjes,AH,koken-tafelen-vrije-tijd,"Koken, tafelen, vrije tijd",Bakvormen en accessoires,1.89,1.89,,,,,48 stuks,,False,,,,,,True,AH,https://www.ah.nl/producten/product/wi214269,2026-08-03,AH Cakevormpjes,koken-tafelen-vrije-tijd
505873,851455,Greenminds Enveloppen zelfklevend c6,Greenminds,koken-tafelen-vrije-tijd,"Koken, tafelen, vrije tijd",Papierwaren,1.89,1.89,,,,,50 stuks,,False,,,,,,True,AH,https://www.ah.nl/producten/product/wi505873,2026-08-03,Greenminds Enveloppen zelfklevend c6,koken-tafelen-vrije-tijd
514524,25645,AH Tafellaken blad 138x220cm,AH,koken-tafelen-vrije-tijd,"Koken, tafelen, vrije tijd",Tafelkleed,5.49,5.49,,,,,per stuk,,False,,,,,,True,AH,https://www.ah.nl/producten/product/wi514524,2026-08-03,AH Tafellaken blad 138x220cm,koken-tafelen-vrije-tijd
598089,0,AH Tafellaken blad 2-pack,AH,koken-tafelen-vrije-tijd,"Koken, tafelen, vrije tijd",Tafelkleed,10.65,10.98,3.0,3% volume voordeel,,,2 stuks,,True,AHOO,3% volume voordeel,2026-08-03,2999-12-31,,True,AH,https://www.ah.nl/producten/product/wi598089,2026-08-03,AH Tafellaken blad 2-pack,koken-tafelen-vrije-tijd
617326,0,"AH Bewaardoos 1,2 l vierkant 3-pack",AH,koken-tafelen-vrije-tijd,"Koken, tafelen, vrije tijd",Bewaardozen en diepvriesdozen,11.01,11.97,8.0,8% volume voordeel,,,3 stuks,,True,AHOO,8% volume voordeel,2026-08-03,2999-12-31,,True,AH,https://www.ah.nl/producten/product/wi617326,2026-08-03,"AH Bewaardoos 1,2 l vierkant 3-pack",koken-tafelen-vrije-tijd
619369,0,AH Bakje blad 2-pack,AH,koken-tafelen-vrije-tijd,"Koken, tafelen, vrije tijd","Kommen, schaaltjes",3.86,3.98,3.0,3% volume voordeel,,,2 stuks,,True,AHOO,3% volume voordeel,2026-08-03,2999-12-31,,True,AH,https://www.ah.nl/producten/product/wi619369,2026-08-03,AH Bakje blad 2-pack,koken-tafelen-vrije-tijd
621079,0,AH Mes herbruikbaar 3-pack,AH,koken-tafelen-vrije-tijd,"Koken, tafelen, vrije tijd",Bestek,8.52,8.97,5.0,5% volume voordeel,,,3 stuks,,True,AHOO,5% volume voordeel,2026-08-03,2999-12-31,,True,AH,https://www.ah.nl/producten/product/wi621079,2026-08-03,AH Mes herbruikbaar 3-pack,koken-tafelen-vrije-tijd
142794,36200, Prive,,koken-tafelen-vrije-tijd,"Koken, tafelen, vrije tijd",Tijdschriften,4.69,4.69,,,,,per stuk,,False,,,,,,True,AH,https://www.ah.nl/producten/product/wi142794,2026-08-03, Prive,koken-tafelen-vrije-tijd
384439,843315,Design Group Wijnfleszak,Design Group,koken-tafelen-vrije-tijd,"Koken, tafelen, vrije tijd",Cadeauverpakking,0.99,0.99,,,,,per stuk,,False,,,,,,True,AH,https://www.ah.nl/producten/product/wi384439,2026-08-03,Design Group Wijnfleszak,koken-tafelen-vrije-tijd
413815,856667,AH Bewaardoos 0.45 liter vierkant,AH,koken-tafelen-vrije-tijd,"Koken, tafelen, vrije tijd",Bewaardozen en diepvriesdozen,3.29,3.29,,,,,4 stuks,,False,,,,,,True,AH,https://www.ah.nl/producten/product/wi413815,2026-08-03,AH Bewaardoos 0.45 liter vierkant,koken-tafelen-vrije-tijd
413816,856668,AH Bewaardoos 0.25ltr vierkant,AH,koken-tafelen-vrije-tijd,"Koken, tafelen, vrije tijd",Bewaardozen en diepvriesdozen,2.79,2.79,,,,,4 stuks,,False,,,,,,True,AH,https://www.ah.nl/producten/product/wi413816,2026-08-03,AH Bewaardoos 0.25ltr vierkant,koken-tafelen-vrije-tijd
413835,856689,AH Dunschiller kunststof y-vormig,AH,koken-tafelen-vrije-tijd,"Koken, tafelen, vrije tijd","Dunschiller, groentesnijder",1.29,1.29,,,,,per stuk,,False,,,,,,True,AH,https://www.ah.nl/producten/product/wi413835,2026-08-03,AH Dunschiller kunststof y-vormig,koken-tafelen-vrije-tijd
413842,856697,AH Eiersnijder,AH,koken-tafelen-vrije-tijd,"Koken, tafelen, vrije tijd",Keukenaccessoires,2.49,2.49,,,,,per stuk,,False,,,,,,True,AH,https://www.ah.nl/producten/product/wi413842,2026-08-03,AH Eiersnijder,koken-tafelen-vrije-tijd
413942,856797,AH Beukenhouten pollepels,AH,koken-tafelen-vrije-tijd,"Koken, tafelen, vrije tijd","Spatels, lepels, stampers",1.99,1.99,,,,,2 stuks,,False,,,,,,True,AH,https://www.ah.nl/producten/product/wi413942,2026-08-03,AH Beukenhouten pollepels,koken-tafelen-vrije-tijd
481837,736613,Duracell Plus C-alkaline batterijen MN1400,Duracell,koken-tafelen-vrije-tijd,"Koken, tafelen, vrije tijd",9V batterijen en overige batterijen,7.99,7.99,,,,,2 stuks,,False,,,,,,True,AH,https://www.ah.nl/producten/product/wi481837,2026-08-03,Duracell Plus C-alkaline batterijen MN1400,koken-tafelen-vrije-tijd
571723,0,AH bewaardoos 8x250ml 2-pack,AH,koken-tafelen-vrije-tijd,"Koken, tafelen, vrije tijd",Bewaardozen en diepvriesdozen,5.36,5.58,4.0,4% volume voordeel,,,2x 8 stuks,,True,AHOO,4% volume voordeel,2026-08-03,2999-12-31,,True,AH,https://www.ah.nl/producten/product/wi571723,2026-08-03,AH bewaardoos 8x250ml 2-pack,koken-tafelen-vrije-tijd
573828,15363,AH Donatie Voedselbanken Nederland 2euro 50,AH,koken-tafelen-vrije-tijd,"Koken, tafelen, vrije tijd",Donaties,2.5,2.5,,,,,per stuk,,False,,,,,,True,AH,https://www.ah.nl/producten/product/wi573828,2026-08-03,AH Donation Food Banks Netherlands 2euro 50,koken-tafelen-vrije-tijd
617323,0,AH Bewaardoos 0.45 liter vierkant 2-pack,AH,koken-tafelen-vrije-tijd,"Koken, tafelen, vrije tijd",Bewaardozen en diepvriesdozen,6.32,6.58,4.0,4% volume voordeel,,,2 stuks,,True,AHOO,4% volume voordeel,2026-08-03,2999-12-31,,True,AH,https://www.ah.nl/producten/product/wi617323,2026-08-03,AH Storage box 0.45 liter square 2-pack,koken-tafelen-vrije-tijd
617325,0,"AH Bewaardoos 1,2 l vierkant 2-pack",AH,koken-tafelen-vrije-tijd,"Koken, tafelen, vrije tijd",Bewaardozen en diepvriesdozen,7.66,7.98,4.0,4% volume voordeel,,,2 stuks,,True,AHOO,4% volume voordeel,2026-08-03,2999-12-31,,True,AH,https://www.ah.nl/producten/product/wi617325,2026-08-03,"AH Bewaardoos 1,2 l vierkant 2-pack",koken-tafelen-vrije-tijd
617332,0,AH Dunschiller kunststof y-vormig 2-pack,AH,koken-tafelen-vrije-tijd,"Koken, tafelen, vrije tijd","Dunschiller, groentesnijder",2.45,2.58,5.0,5% volume voordeel,,,2 stuks,,True,AHOO,5% volume voordeel,2026-08-03,2999-12-31,,True,AH,https://www.ah.nl/producten/product/wi617332,2026-08-03,AH Dunschiller kunststof y-vormig 2-pack,koken-tafelen-vrije-tijd
617380,0,AH Eiersnijder 2-pack,AH,koken-tafelen-vrije-tijd,"Koken, tafelen, vrije tijd",Keukenaccessoires,4.73,4.98,5.0,5% volume voordeel,,,2 stuks,,True,AHOO,5% volume voordeel,2026-08-03,2999-12-31,,True,AH,https://www.ah.nl/producten/product/wi617380,2026-08-03,AH Eiersnijder 2-pack,koken-tafelen-vrije-tijd
617381,0,AH Eiersnijder 3-pack,AH,koken-tafelen-vrije-tijd,"Koken, tafelen, vrije tijd",Keukenaccessoires,6.87,7.47,8.0,8% volume voordeel,,,3 stuks,,True,AHOO,8% volume voordeel,2026-08-03,2999-12-31,,True,AH,https://www.ah.nl/producten/product/wi617381,2026-08-03,AH Eiersnijder 3-pack,koken-tafelen-vrije-tijd
617382,0,AH Eiersnijder 4-pack,AH,koken-tafelen-vrije-tijd,"Koken, tafelen, vrije tijd",Keukenaccessoires,8.96,9.96,10.0,10% volume voordeel,,,4 stuks,,True,AHOO,10% volume voordeel,2026-08-03,2999-12-31,,True,AH,https://www.ah.nl/producten/product/wi617382,2026-08-03,AH Eiersnijder 4-pack,koken-tafelen-vrije-tijd
617420,0,AH Beukenhouten pollepels 2-pack,AH,koken-tafelen-vrije-tijd,"Koken, tafelen, vrije tijd","Spatels, lepels, stampers",3.78,3.98,5.0,5% volume voordeel,,,2 stuks,,True,AHOO,5% volume voordeel,2026-08-03,2999-12-31,,True,AH,https://www.ah.nl/producten/product/wi617420,2026-08-03,AH Beukenhouten pollepels 2-pack,koken-tafelen-vrije-tijd
619386,0,AH Bord jungle 22cm 4-pack,AH,koken-tafelen-vrije-tijd,"Koken, tafelen, vrije tijd",Wegwerpborden,7.16,7.96,10.0,10% volume voordeel,,,4 stuks,,True,AHOO,10% volume voordeel,2026-08-03,2999-12-31,,True,AH,https://www.ah.nl/producten/product/wi619386,2026-08-03,AH Bord jungle 22cm 4-pack,koken-tafelen-vrije-tijd
620907,0,AH Koekenpan easy chef 24cm 3-pack,AH,koken-tafelen-vrije-tijd,"Koken, tafelen, vrije tijd",Koekenpannen,42.72,44.97,5.0,5% volume voordeel,,,3 stuks,,True,AHOO,5% volume voordeel,2026-08-03,2999-12-31,,True,AH,https://www.ah.nl/producten/product/wi620907,2026-08-03,AH Koekenpan easy chef 24cm 3-pack,koken-tafelen-vrije-tijd
620908,0,AH Koekenpan easy chef 24cm 4-pack,AH,koken-tafelen-vrije-tijd,"Koken, tafelen, vrije tijd",Koekenpannen,55.76,59.96,7.0,7% volume voordeel,,,4 stuks,,True,AHOO,7% volume voordeel,2026-08-03,2999-12-31,,True,AH,https://www.ah.nl/producten/product/wi620908,2026-08-03,AH Koekenpan easy chef 24cm 4-pack,koken-tafelen-vrije-tijd
621078,0,AH Mes herbruikbaar 2-pack,AH,koken-tafelen-vrije-tijd,"Koken, tafelen, vrije tijd",Bestek,5.8,5.98,3.0,3% volume voordeel,,,2 stuks,,True,AHOO,3% volume voordeel,2026-08-03,2999-12-31,,True,AH,https://www.ah.nl/producten/product/wi621078,2026-08-03,AH Mes herbruikbaar 2-pack,koken-tafelen-vrije-tijd
136834,607130,AH D alkaline batterijen,AH,koken-tafelen-vrije-tijd,"Koken, tafelen, vrije tijd",9V batterijen en overige batterijen,2.99,2.99,,,,,2 stuks,,False,,,,,,True,AH,https://www.ah.nl/producten/product/wi136834,2026-08-03,AH D alkaline batterijen,koken-tafelen-vrije-tijd
219890,815527, Pakket stapeltje geluk,,koken-tafelen-vrije-tijd,"Koken, tafelen, vrije tijd",Tijdschriften,12.5,12.5,,,,,pakket,,False,,,,,,True,AH,https://www.ah.nl/producten/product/wi219890,2026-08-03, Pakket stapeltje geluk,koken-tafelen-vrije-tijd
366021,833083,Varta Knoopcelbatterij lithium CR2032,Varta,koken-tafelen-vrije-tijd,"Koken, tafelen, vrije tijd",Knoopcelbatterijen,6.59,6.59,,,,,2 stuks,,False,,,,,,True,AH,https://www.ah.nl/producten/product/wi366021,2026-08-03,Varta Knoopcelbatterij lithium CR2032,koken-tafelen-vrije-tijd
384515,843325,Edding Permanent marker zwart,Edding,koken-tafelen-vrije-tijd,"Koken, tafelen, vrije tijd",Schrijfwaren en plakband,3.79,3.79,,,,,per stuk,,False,,,,,,True,AH,https://www.ah.nl/producten/product/wi384515,2026-08-03,Edding Permanent marker zwart,koken-tafelen-vrije-tijd
413850,856706,AH Maatbeker 1 liter,AH,koken-tafelen-vrije-tijd,"Koken, tafelen, vrije tijd",Keukenaccessoires,2.99,2.99,,,,,per stuk,,False,,,,,,True,AH,https://www.ah.nl/producten/product/wi413850,2026-08-03,AH Maatbeker 1 liter,koken-tafelen-vrije-tijd
413891,856724,AH Kaasschaaf,AH,koken-tafelen-vrije-tijd,"Koken, tafelen, vrije tijd","Schaar, rasp, kaasschaaf",3.29,3.29,,,,,per stuk,,False,,,,,,True,AH,https://www.ah.nl/producten/product/wi413891,2026-08-03,AH Kaasschaaf,koken-tafelen-vrije-tijd
413944,856799,AH Beukenhouten spatels 35cm,AH,koken-tafelen-vrije-tijd,"Koken, tafelen, vrije tijd","Spatels, lepels, stampers",1.99,1.99,,,,,2 stuks,,False,,,,,,True,AH,https://www.ah.nl/producten/product/wi413944,2026-08-03,AH Beukenhouten spatels 35cm,koken-tafelen-vrije-tijd
429136,696746,Ana Luz Tapasschaaltje 12cm,Ana Luz,koken-tafelen-vrije-tijd,"Koken, tafelen, vrije tijd","Kommen, schaaltjes",1.59,1.59,,,,,230 g,prijs per kg €6.91,False,,,,,,True,AH,https://www.ah.nl/producten/product/wi429136,2026-08-03,Ana Luz Tapasschaaltje 12cm,koken-tafelen-vrije-tijd
514489,8187,AH Ballonnen gekleurd,AH,koken-tafelen-vrije-tijd,"Koken, tafelen, vrije tijd",Feestversiering en traktatie,1.89,1.89,,,,,15 stuks,,False,,,,,,True,AH,https://www.ah.nl/producten/product/wi514489,2026-08-03,AH Balloons colored,koken-tafelen-vrije-tijd
583207,25552,AH Tafellaken goud stip 138x220cm,AH,koken-tafelen-vrije-tijd,"Koken, tafelen, vrije tijd",Tafelkleed,5.49,5.49,,,,,per stuk,,False,,,,,,True,AH,https://www.ah.nl/producten/product/wi583207,2026-08-03,AH Tafellaken goud stip 138x220cm,koken-tafelen-vrije-tijd
598091,0,AH Tafellaken goud stip 138x220cm 2-pack,AH,koken-tafelen-vrije-tijd,"Koken, tafelen, vrije tijd",Tafelkleed,10.65,10.98,3.0,3% volume voordeel,,,2 stuks,,True,AHOO,3% volume voordeel,2026-08-03,2999-12-31,,True,AH,https://www.ah.nl/producten/product/wi598091,2026-08-03,AH Tafellaken goud stip 138x220cm 2-pack,koken-tafelen-vrije-tijd
617386,0,AH Kaasschaaf 2-pack,AH,koken-tafelen-vrije-tijd,"Koken, tafelen, vrije tijd","Schaar, rasp, kaasschaaf",6.25,6.58,5.0,5% volume voordeel,,,2 stuks,,True,AHOO,5% volume voordeel,2026-08-03,2999-12-31,,True,AH,https://www.ah.nl/producten/product/wi617386,2026-08-03,AH Kaasschaaf 2-pack,koken-tafelen-vrije-tijd
617387,0,AH Kaasschaaf 3-pack,AH,koken-tafelen-vrije-tijd,"Koken, tafelen, vrije tijd","Schaar, rasp, kaasschaaf",9.08,9.87,8.0,8% volume voordeel,,,3 stuks,,True,AHOO,8% volume voordeel,2026-08-03,2999-12-31,,True,AH,https://www.ah.nl/producten/product/wi617387,2026-08-03,AH Kaasschaaf 3-pack,koken-tafelen-vrije-tijd
617388,0,AH Kaasschaaf 4-pack,AH,koken-tafelen-vrije-tijd,"Koken, tafelen, vrije tijd","Schaar, rasp, kaasschaaf",11.84,13.16,10.0,10% volume voordeel,,,4 stuks,,True,AHOO,10% volume voordeel,2026-08-03,2999-12-31,,True,AH,https://www.ah.nl/producten/product/wi617388,2026-08-03,AH Kaasschaaf 4-pack,koken-tafelen-vrije-tijd
617423,0,AH Beukenhouten spatels 35cm 2-pack,AH,koken-tafelen-vrije-tijd,"Koken, tafelen, vrije tijd","Spatels, lepels, stampers",3.78,3.98,5.0,5% volume voordeel,,,2 stuks,,True,AHOO,5% volume voordeel,2026-08-03,2999-12-31,,True,AH,https://www.ah.nl/producten/product/wi617423,2026-08-03,AH Beukenhouten spatels 35cm 2-pack,koken-tafelen-vrije-tijd
619371,0,AH Ballonnen gekleurd 2-pack,AH,koken-tafelen-vrije-tijd,"Koken, tafelen, vrije tijd",Feestversiering en traktatie,3.67,3.78,3.0,3% volume voordeel,,,2 stuks,,True,AHOO,3% volume voordeel,2026-08-03,2999-12-31,,True,AH,https://www.ah.nl/producten/product/wi619371,2026-08-03,AH Ballonnen gekleurd 2-pack,koken-tafelen-vrije-tijd
619385,0,AH Bord jungle 22cm 3-pack,AH,koken-tafelen-vrije-tijd,"Koken, tafelen, vrije tijd",Wegwerpborden,5.67,5.97,5.0,5% volume voordeel,,,3 stuks,,True,AHOO,5% volume voordeel,2026-08-03,2999-12-31,,True,AH,https://www.ah.nl/producten/product/wi619385,2026-08-03,AH Bord jungle 22cm 3-pack,koken-tafelen-vrije-tijd
190819,588946, Dsp 3-4* sudoku kampioen,,koken-tafelen-vrije-tijd,"Koken, tafelen, vrije tijd",Puzzelboekjes,5.75,5.75,,,,,per stuk,,False,,,,,,True,AH,https://www.ah.nl/producten/product/wi190819,2026-08-03, Dsp 3-4* sudoku kampioen,koken-tafelen-vrije-tijd
358088,807957, Pakket story + prive,,koken-tafelen-vrije-tijd,"Koken, tafelen, vrije tijd",Tijdschriften,7.99,7.99,,,,,per stuk,,False,,,,,,True,AH,https://www.ah.nl/producten/product/wi358088,2026-08-03, Pakket story + prive,koken-tafelen-vrije-tijd
377789,839292,Hoomark Linten,Hoomark,koken-tafelen-vrije-tijd,"Koken, tafelen, vrije tijd",Cadeauverpakking,1.39,1.39,,,,,3 stuks,,False,,,,,,True,AH,https://www.ah.nl/producten/product/wi377789,2026-08-03,Hoomark Linten,koken-tafelen-vrije-tijd
413853,856711,AH IJsschep,AH,koken-tafelen-vrije-tijd,"Koken, tafelen, vrije tijd",Keukenaccessoires,4.99,4.99,,,,,per stuk,,False,,,,,,True,AH,https://www.ah.nl/producten/product/wi413853,2026-08-03,AH IJsschep,koken-tafelen-vrije-tijd
456164,74707,AH BBQ borstel,AH,koken-tafelen-vrije-tijd,"Koken, tafelen, vrije tijd",BBQ tools,6.99,6.99,,BONUS,,,per stuk,,True,AH,BONUS,2026-04-20,2026-08-30,,True,AH,https://www.ah.nl/producten/product/wi456164,2026-08-03,AH BBQ borstel,koken-tafelen-vrije-tijd
521073,754916,Sodastream Reservecilinder quick connect,Sodastream,koken-tafelen-vrije-tijd,"Koken, tafelen, vrije tijd",Keukenaccessoires,25.49,25.49,,,,,per stuk,,False,,,,,,True,AH,https://www.ah.nl/producten/product/wi521073,2026-08-03,Sodastream Reservecilinder quick connect,koken-tafelen-vrije-tijd
547131,746407,AH Donatie Resto VanHarte 1 euro,AH,koken-tafelen-vrije-tijd,"Koken, tafelen, vrije tijd",Donaties,1.0,1.0,,,,,per stuk,,False,,,,,,True,AH,https://www.ah.nl/producten/product/wi547131,2026-08-03,AH Donatie Resto VanHarte 1 euro,koken-tafelen-vrije-tijd
550405,668398,Air Wick Geurstokjes fresia en jasmijn,Air Wick,koken-tafelen-vrije-tijd,"Koken, tafelen, vrije tijd",Geurstokjes,6.99,6.99,,,,,25 ml,prijs per liter €279.60,False,,,,,,True,AH,https://www.ah.nl/producten/product/wi550405,2026-08-03,Air Wick Geurstokjes fresia en jasmijn,koken-tafelen-vrije-tijd
573829,15364,AH Donatie Voedselbanken Nederland 5euro,AH,koken-tafelen-vrije-tijd,"Koken, tafelen, vrije tijd",Donaties,5.0,5.0,,,,,per stuk,,False,,,,,,True,AH,https://www.ah.nl/producten/product/wi573829,2026-08-03,AH Donatie Voedselbanken Nederland 5euro,koken-tafelen-vrije-tijd
580255,23810,AH Koekenpan easy chef 20cm,AH,koken-tafelen-vrije-tijd,"Koken, tafelen, vrije tijd",Koekenpannen,12.99,12.99,,,,,per stuk,,False,,,,,,True,AH,https://www.ah.nl/producten/product/wi580255,2026-08-03,AH Koekenpan easy chef 20cm,koken-tafelen-vrije-tijd
580521,24236,De zwaluw Lucifers,De zwaluw,koken-tafelen-vrije-tijd,"Koken, tafelen, vrije tijd","Lucifers, aanstekers",4.29,4.29,,,,,3 x 240 stuks,,False,,,,,,True,AH,https://www.ah.nl/producten/product/wi580521,2026-08-03,De zwaluw Lucifers,koken-tafelen-vrije-tijd
617324,0,AH Bewaardoos 0.45 liter vierkant 3-pack,AH,koken-tafelen-vrije-tijd,"Koken, tafelen, vrije tijd",Bewaardozen en diepvriesdozen,9.08,9.87,8.0,8% volume voordeel,,,3 stuks,,True,AHOO,8% volume voordeel,2026-08-03,2999-12-31,,True,AH,https://www.ah.nl/producten/product/wi617324,2026-08-03,AH Bewaardoos 0.45 liter vierkant 3-pack,koken-tafelen-vrije-tijd
617333,0,AH Dunschiller kunststof y-vormig 3-pack,AH,koken-tafelen-vrije-tijd,"Koken, tafelen, vrije tijd","Dunschiller, groentesnijder",3.56,3.87,8.0,8% volume voordeel,,,3 stuks,,True,AHOO,8% volume voordeel,2026-08-03,2999-12-31,,True,AH,https://www.ah.nl/producten/product/wi617333,2026-08-03,AH Dunschiller kunststof y-vormig 3-pack,koken-tafelen-vrije-tijd
617334,0,AH Dunschiller kunststof y-vormig 4-pack,AH,koken-tafelen-vrije-tijd,"Koken, tafelen, vrije tijd","Dunschiller, groentesnijder",4.64,5.16,10.0,10% volume voordeel,,,4 stuks,,True,AHOO,10% volume voordeel,2026-08-03,2999-12-31,,True,AH,https://www.ah.nl/producten/product/wi617334,2026-08-03,AH Dunschiller kunststof y-vormig 4-pack,koken-tafelen-vrije-tijd
617383,0,AH IJsschep 2-pack,AH,koken-tafelen-vrije-tijd,"Koken, tafelen, vrije tijd",Keukenaccessoires,9.48,9.98,5.0,5% volume voordeel,,,2 stuks,,True,AHOO,5% volume voordeel,2026-08-03,2999-12-31,,True,AH,https://www.ah.nl/producten/product/wi617383,2026-08-03,AH IJsschep 2-pack,koken-tafelen-vrije-tijd
617421,0,AH Beukenhouten pollepels 3-pack,AH,koken-tafelen-vrije-tijd,"Koken, tafelen, vrije tijd","Spatels, lepels, stampers",5.49,5.97,8.0,8% volume voordeel,,,3 stuks,,True,AHOO,8% volume voordeel,2026-08-03,2999-12-31,,True,AH,https://www.ah.nl/producten/product/wi617421,2026-08-03,AH Beukenhouten pollepels 3-pack,koken-tafelen-vrije-tijd
617422,0,AH Beukenhouten pollepels 4-pack,AH,koken-tafelen-vrije-tijd,"Koken, tafelen, vrije tijd","Spatels, lepels, stampers",7.16,7.96,10.0,10% volume voordeel,,,4 stuks,,True,AHOO,10% volume voordeel,2026-08-03,2999-12-31,,True,AH,https://www.ah.nl/producten/product/wi617422,2026-08-03,AH Beukenhouten pollepels 4-pack,koken-tafelen-vrije-tijd
620903,0,AH Koekenpan easy chef 20cm 2-pack,AH,koken-tafelen-vrije-tijd,"Koken, tafelen, vrije tijd",Koekenpannen,24.94,25.98,4.0,4% volume voordeel,,,2 stuks,,True,AHOO,4% volume voordeel,2026-08-03,2999-12-31,,True,AH,https://www.ah.nl/producten/product/wi620903,2026-08-03,AH Koekenpan easy chef 20cm 2-pack,koken-tafelen-vrije-tijd
620904,0,AH Koekenpan easy chef 20cm 3-pack,AH,koken-tafelen-vrije-tijd,"Koken, tafelen, vrije tijd",Koekenpannen,37.02,38.97,5.0,5% volume voordeel,,,3 stuks,,True,AHOO,5% volume voordeel,2026-08-03,2999-12-31,,True,AH,https://www.ah.nl/producten/product/wi620904,2026-08-03,AH Koekenpan easy chef 20cm 3-pack,koken-tafelen-vrije-tijd
620905,0,AH Koekenpan easy chef 20cm 4-pack,AH,koken-tafelen-vrije-tijd,"Koken, tafelen, vrije tijd",Koekenpannen,48.32,51.96,7.0,7% volume voordeel,,,4 stuks,,True,AHOO,7% volume voordeel,2026-08-03,2999-12-31,,True,AH,https://www.ah.nl/producten/product/wi620905,2026-08-03,AH Koekenpan easy chef 20cm 4-pack,koken-tafelen-vrije-tijd
188459,641144,AH Gootsteenzeefje RVS,AH,koken-tafelen-vrije-tijd,"Koken, tafelen, vrije tijd",Keukenaccessoires,1.59,1.59,,,,,per stuk,,False,,,,,,True,AH,https://www.ah.nl/producten/product/wi188459,2026-08-03,AH Gootsteenzeefje RVS,koken-tafelen-vrije-tijd
210006,803016,Flameclub Gasnavulling,Flameclub,koken-tafelen-vrije-tijd,"Koken, tafelen, vrije tijd","Lucifers, aanstekers",2.59,2.59,,,,,250 ml,,False,,,,,,True,AH,https://www.ah.nl/producten/product/wi210006,2026-08-03,Flameclub Gasnavulling,koken-tafelen-vrije-tijd
484830,739761,Bolsius Rustieke kaars ivoor 13cm,Bolsius,koken-tafelen-vrije-tijd,"Koken, tafelen, vrije tijd",Rustieke kaarsen,4.29,4.29,,,,,per stuk,,False,,,,,,True,AH,https://www.ah.nl/producten/product/wi484830,2026-08-03,Bolsius Rustieke kaars ivoor 13cm,koken-tafelen-vrije-tijd
484873,739843,AH Glitter vlaggenlijn goud 6mtr,AH,koken-tafelen-vrije-tijd,"Koken, tafelen, vrije tijd",Feestversiering en traktatie,2.99,2.99,,,,,per stuk,,False,,,,,,True,AH,https://www.ah.nl/producten/product/wi484873,2026-08-03,AH Glitter vlaggenlijn goud 6mtr,koken-tafelen-vrije-tijd
505586,847040,AH Theedoek blauw set van 2,AH,koken-tafelen-vrije-tijd,"Koken, tafelen, vrije tijd",Keukentextiel,4.99,4.99,,,,,2 stuks,,False,,,,,,True,AH,https://www.ah.nl/producten/product/wi505586,2026-08-03,AH Theedoek blauw set van 2,koken-tafelen-vrije-tijd
514500,24468,AH Letterslinger kleur,AH,koken-tafelen-vrije-tijd,"Koken, tafelen, vrije tijd",Feestversiering en traktatie,1.59,1.59,,,,,per stuk,,False,,,,,,True,AH,https://www.ah.nl/producten/product/wi514500,2026-08-03,AH Letterslinger kleur,koken-tafelen-vrije-tijd
545165,795003,AH Theelichten 4 uur,AH,koken-tafelen-vrije-tijd,"Koken, tafelen, vrije tijd",Theelichten,4.49,4.49,,,,,75 stuks,,False,,,,,,True,AH,https://www.ah.nl/producten/product/wi545165,2026-08-03,AH Tealights 4 hours,koken-tafelen-vrije-tijd
580456,23629,Glade Geurglas anti tabak raapzaadwas,Glade,koken-tafelen-vrije-tijd,"Koken, tafelen, vrije tijd",Geurkaarsen,4.99,4.99,,,,,112 g,prijs per kg €44.55,False,,,,,,True,AH,https://www.ah.nl/producten/product/wi580456,2026-08-03,Glade Geurglas anti tabak raapzaadwas,koken-tafelen-vrije-tijd
597982,0,AH Gootsteenzeefje RVS 2-pack,AH,koken-tafelen-vrije-tijd,"Koken, tafelen, vrije tijd",Keukenaccessoires,3.02,3.18,5.0,5% volume voordeel,,,2 stuks,,True,AHOO,5% volume voordeel,2026-08-03,2999-12-31,,True,AH,https://www.ah.nl/producten/product/wi597982,2026-08-03,AH Gootsteenzeefje RVS 2-pack,koken-tafelen-vrije-tijd
598001,0,AH Letterslinger kleur 2-pack,AH,koken-tafelen-vrije-tijd,"Koken, tafelen, vrije tijd",Feestversiering en traktatie,3.08,3.18,3.0,3% volume voordeel,,,2 stuks,,True,AHOO,3% volume voordeel,2026-08-03,2999-12-31,,True,AH,https://www.ah.nl/producten/product/wi598001,2026-08-03,AH Letterslinger kleur 2-pack,koken-tafelen-vrije-tijd
612072,68329,AH Citronella geurtheelichten 4 uur,AH,koken-tafelen-vrije-tijd,"Koken, tafelen, vrije tijd",Geurtheelichten,1.89,1.89,,,,,18 stuks,,False,,,,,,True,AH,https://www.ah.nl/producten/product/wi612072,2026-08-03,AH Citronella geurtheelichten 4 uur,koken-tafelen-vrije-tijd
614168,0,Duracell Plus C-alkaline batterijen MN1400 2-pack,Duracell,koken-tafelen-vrije-tijd,"Koken, tafelen, vrije tijd",9V batterijen en overige batterijen,12.78,15.98,20.0,20% volume voordeel,,,2 stuks,,True,AHOO,20% volume voordeel,2026-08-03,2999-12-31,,True,AH,https://www.ah.nl/producten/product/wi614168,2026-08-03,Duracell Plus C-alkaline batterijen MN1400 2-pack,koken-tafelen-vrije-tijd
617424,0,AH Beukenhouten spatels 35cm 3-pack,AH,koken-tafelen-vrije-tijd,"Koken, tafelen, vrije tijd","Spatels, lepels, stampers",5.49,5.97,8.0,8% volume voordeel,,,3 stuks,,True,AHOO,8% volume voordeel,2026-08-03,2999-12-31,,True,AH,https://www.ah.nl/producten/product/wi617424,2026-08-03,AH Beukenhouten spatels 35cm 3-pack,koken-tafelen-vrije-tijd
617425,0,AH Beukenhouten spatels 35cm 4-pack,AH,koken-tafelen-vrije-tijd,"Koken, tafelen, vrije tijd","Spatels, lepels, stampers",7.16,7.96,10.0,10% volume voordeel,,,4 stuks,,True,AHOO,10% volume voordeel,2026-08-03,2999-12-31,,True,AH,https://www.ah.nl/producten/product/wi617425,2026-08-03,AH Beukenhouten spatels 35cm 4-pack,koken-tafelen-vrije-tijd
619117,0,AH Theedoek blauw set van 2 2-pack,AH,koken-tafelen-vrije-tijd,"Koken, tafelen, vrije tijd",Keukentextiel,9.68,9.98,3.0,3% volume voordeel,,,2 stuks,,True,AHOO,3% volume voordeel,2026-08-03,2999-12-31,,True,AH,https://www.ah.nl/producten/product/wi619117,2026-08-03,AH Theedoek blauw set van 2 2-pack,koken-tafelen-vrije-tijd
619372,0,AH Ballonnen gekleurd 3-pack,AH,koken-tafelen-vrije-tijd,"Koken, tafelen, vrije tijd",Feestversiering en traktatie,5.39,5.67,5.0,5% volume voordeel,,,3 stuks,,True,AHOO,5% volume voordeel,2026-08-03,2999-12-31,,True,AH,https://www.ah.nl/producten/product/wi619372,2026-08-03,AH Ballonnen gekleurd 3-pack,koken-tafelen-vrije-tijd
619373,0,AH Ballonnen gekleurd 4-pack,AH,koken-tafelen-vrije-tijd,"Koken, tafelen, vrije tijd",Feestversiering en traktatie,6.8,7.56,10.0,10% volume voordeel,,,4 stuks,,True,AHOO,10% volume voordeel,2026-08-03,2999-12-31,,True,AH,https://www.ah.nl/producten/product/wi619373,2026-08-03,AH Ballonnen gekleurd 4-pack,koken-tafelen-vrije-tijd
619384,0,AH Bord blad 22cm 4-pack,AH,koken-tafelen-vrije-tijd,"Koken, tafelen, vrije tijd",Wegwerpborden,7.16,7.96,10.0,10% volume voordeel,,,4 stuks,,True,AHOO,10% volume voordeel,2026-08-03,2999-12-31,,True,AH,https://www.ah.nl/producten/product/wi619384,2026-08-03,AH Bord blad 22cm 4-pack,koken-tafelen-vrije-tijd
620075,0,AH Shot glaasjes 2-pack,AH,koken-tafelen-vrije-tijd,"Koken, tafelen, vrije tijd",Wegwerpbekers,3.28,3.38,3.0,3% volume voordeel,,,2 stuks,,True,AHOO,3% volume voordeel,2026-08-03,2999-12-31,,True,AH,https://www.ah.nl/producten/product/wi620075,2026-08-03,AH Shot glaasjes 2-pack,koken-tafelen-vrije-tijd
396230,847575,Gouda Waxinelichten helder kaarslicht 8 uur,Gouda,koken-tafelen-vrije-tijd,"Koken, tafelen, vrije tijd",Theelichten,9.49,9.49,,,,,30 stuks,,False,,,,,,True,AH,https://www.ah.nl/producten/product/wi396230,2026-08-03,Gouda Waxinelichten helder kaarslicht 8 uur,koken-tafelen-vrije-tijd
413804,856653,AH Spatel,AH,koken-tafelen-vrije-tijd,"Koken, tafelen, vrije tijd","Spatels, lepels, stampers",4.49,4.49,,,,,per stuk,,False,,,,,,True,AH,https://www.ah.nl/producten/product/wi413804,2026-08-03,AH Spatel,koken-tafelen-vrije-tijd
440656,77508,Varta Knoopcelbatterij lithium CR2430,Varta,koken-tafelen-vrije-tijd,"Koken, tafelen, vrije tijd",Knoopcelbatterijen,6.59,6.59,,,,,2 stuks,,False,,,,,,True,AH,https://www.ah.nl/producten/product/wi440656,2026-08-03,Varta Knoopcelbatterij lithium CR2430,koken-tafelen-vrije-tijd
482977,737961,Duracell Optimum AA batterijen,Duracell,koken-tafelen-vrije-tijd,"Koken, tafelen, vrije tijd",AA batterijen,13.99,13.99,,,,,6 stuks,,False,,,,,,True,AH,https://www.ah.nl/producten/product/wi482977,2026-08-03,Duracell Optimum AA batterijen,koken-tafelen-vrije-tijd
514276,28117,AH Snijplank 275x195x10mm,AH,koken-tafelen-vrije-tijd,"Koken, tafelen, vrije tijd",Snij- en serveerplanken,4.99,4.99,,,,,per stuk,,False,,,,,,True,AH,https://www.ah.nl/producten/product/wi514276,2026-08-03,AH Snijplank 275x195x10mm,koken-tafelen-vrije-tijd
550404,667862,Air Wick Geurstokjes fris linnen en lila,Air Wick,koken-tafelen-vrije-tijd,"Koken, tafelen, vrije tijd",Geurstokjes,6.99,6.99,,,,,25 ml,prijs per liter €279.60,False,,,,,,True,AH,https://www.ah.nl/producten/product/wi550404,2026-08-03,Air Wick Geurstokjes fris linnen en lila,koken-tafelen-vrije-tijd
597774,46385,Blue Home Keukenweegschaal,Blue Home,koken-tafelen-vrije-tijd,"Koken, tafelen, vrije tijd",Keukenweegschaal,11.99,11.99,,,,,per stuk,,False,,,,,,True,AH,https://www.ah.nl/producten/product/wi597774,2026-08-03,Blue Home Keukenweegschaal,koken-tafelen-vrije-tijd
598446,0,AH Snijplank 275x195x10mm 2-pack,AH,koken-tafelen-vrije-tijd,"Koken, tafelen, vrije tijd",Snij- en serveerplanken,9.48,9.98,5.0,5% volume voordeel,,,2 stuks,,True,AHOO,5% volume voordeel,2026-08-03,2999-12-31,,True,AH,https://www.ah.nl/producten/product/wi598446,2026-08-03,AH Snijplank 275x195x10mm 2-pack,koken-tafelen-vrije-tijd
606656,62617,AH Tafellaken gestreept 150x250cm,AH,koken-tafelen-vrije-tijd,"Koken, tafelen, vrije tijd",Tafelkleed,9.99,9.99,,BONUS,,,per stuk,,True,AH,BONUS,2026-04-20,2026-08-30,,True,AH,https://www.ah.nl/producten/product/wi606656,2026-08-03,AH Tafellaken gestreept 150x250cm,koken-tafelen-vrije-tijd
617322,0,AH Bewaardoos 0.25ltr vierkant 3-pack,AH,koken-tafelen-vrije-tijd,"Koken, tafelen, vrije tijd",Bewaardozen en diepvriesdozen,7.7,8.37,8.0,8% volume voordeel,,,3 stuks,,True,AHOO,8% volume voordeel,2026-08-03,2999-12-31,,True,AH,https://www.ah.nl/producten/product/wi617322,2026-08-03,AH Bewaardoos 0.25ltr vierkant 3-pack,koken-tafelen-vrije-tijd
617347,0,AH Spatel 2-pack,AH,koken-tafelen-vrije-tijd,"Koken, tafelen, vrije tijd","Spatels, lepels, stampers",8.53,8.98,5.0,5% volume voordeel,,,2 stuks,,True,AHOO,5% volume voordeel,2026-08-03,2999-12-31,,True,AH,https://www.ah.nl/producten/product/wi617347,2026-08-03,AH Spatel 2-pack,koken-tafelen-vrije-tijd
617384,0,AH IJsschep 3-pack,AH,koken-tafelen-vrije-tijd,"Koken, tafelen, vrije tijd",Keukenaccessoires,13.77,14.97,8.0,8% volume voordeel,,,3 stuks,,True,AHOO,8% volume voordeel,2026-08-03,2999-12-31,,True,AH,https://www.ah.nl/producten/product/wi617384,2026-08-03,AH IJsschep 3-pack,koken-tafelen-vrije-tijd
617385,0,AH IJsschep 4-pack,AH,koken-tafelen-vrije-tijd,"Koken, tafelen, vrije tijd",Keukenaccessoires,17.96,19.96,10.0,10% volume voordeel,,,4 stuks,,True,AHOO,10% volume voordeel,2026-08-03,2999-12-31,,True,AH,https://www.ah.nl/producten/product/wi617385,2026-08-03,AH IJsschep 4-pack,koken-tafelen-vrije-tijd
620083,0,AH Theedoeken grijs 4-pack,AH,koken-tafelen-vrije-tijd,"Koken, tafelen, vrije tijd",Keukentextiel,18.36,19.96,8.0,8% volume voordeel,,,4 stuks,,True,AHOO,8% volume voordeel,2026-08-03,2999-12-31,,True,AH,https://www.ah.nl/producten/product/wi620083,2026-08-03,AH Theedoeken grijs 4-pack,koken-tafelen-vrije-tijd
120572,727112,Sodastream Reserve cilinder,Sodastream,koken-tafelen-vrije-tijd,"Koken, tafelen, vrije tijd",Keukenaccessoires,25.49,25.49,,,,,1 st,,False,,,,,,True,AH,https://www.ah.nl/producten/product/wi120572,2026-08-03,Sodastream Reserve cilinder,koken-tafelen-vrije-tijd
142793,30722, Flair,,koken-tafelen-vrije-tijd,"Koken, tafelen, vrije tijd",Tijdschriften,4.9,4.9,,,,,per stuk,,False,,,,,,True,AH,https://www.ah.nl/producten/product/wi142793,2026-08-03, Flair,koken-tafelen-vrije-tijd
413833,856687,AH Dunschiller kunststof horizontaal,AH,koken-tafelen-vrije-tijd,"Koken, tafelen, vrije tijd","Dunschiller, groentesnijder",1.29,1.29,,,,,per stuk,,False,,,,,,True,AH,https://www.ah.nl/producten/product/wi413833,2026-08-03,AH Dunschiller kunststof horizontaal,koken-tafelen-vrije-tijd
413843,856698,AH Spuitzakken met mondjes,AH,koken-tafelen-vrije-tijd,"Koken, tafelen, vrije tijd",Bakvormen en accessoires,4.49,4.49,,,,,per stuk,,False,,,,,,True,AH,https://www.ah.nl/producten/product/wi413843,2026-08-03,AH Spuitzakken met mondjes,koken-tafelen-vrije-tijd
413852,856710,AH Snijplank,AH,koken-tafelen-vrije-tijd,"Koken, tafelen, vrije tijd",Snij- en serveerplanken,4.79,4.79,,,,,per stuk,,False,,,,,,True,AH,https://www.ah.nl/producten/product/wi413852,2026-08-03,AH Snijplank,koken-tafelen-vrije-tijd
413889,856721,AH Knoflookpers,AH,koken-tafelen-vrije-tijd,"Koken, tafelen, vrije tijd",Knoflookpers en gardes,6.99,6.99,,,,,per stuk,,False,,,,,,True,AH,https://www.ah.nl/producten/product/wi413889,2026-08-03,AH Knoflookpers,koken-tafelen-vrije-tijd
421476,693279,Sorbo Fijn bindtouw vlas,Sorbo,koken-tafelen-vrije-tijd,"Koken, tafelen, vrije tijd","Prikkers, touw",3.19,3.19,,,,,100 meter,prijs per m €0.03,False,,,,,,True,AH,https://www.ah.nl/producten/product/wi421476,2026-08-03,Sorbo Fijn bindtouw vlas,koken-tafelen-vrije-tijd
428648,696170,Sorbo Grof touw sisal 50mtr,Sorbo,koken-tafelen-vrije-tijd,"Koken, tafelen, vrije tijd","Hobby, vrije tijd",3.39,3.39,,,,,50 meter,prijs per m €0.07,False,,,,,,True,AH,https://www.ah.nl/producten/product/wi428648,2026-08-03,Sorbo Grof touw sisal 50mtr,koken-tafelen-vrije-tijd
481838,736614,Duracell Plus D-alkaline batterijen LR20,Duracell,koken-tafelen-vrije-tijd,"Koken, tafelen, vrije tijd",9V batterijen en overige batterijen,8.19,8.19,,,,,2 stuks,,False,,,,,,True,AH,https://www.ah.nl/producten/product/wi481838,2026-08-03,Duracell Plus D-alkaline batteries LR20,koken-tafelen-vrije-tijd
505585,846943,AH Keuken- en theedoek taupe set van 2,AH,koken-tafelen-vrije-tijd,"Koken, tafelen, vrije tijd",Keukentextiel,5.99,5.99,,,,,2 stuks,,False,,,,,,True,AH,https://www.ah.nl/producten/product/wi505585,2026-08-03,AH Keuken- en theedoek taupe set van 2,koken-tafelen-vrije-tijd
514497,23443,AH Confetti ballon,AH,koken-tafelen-vrije-tijd,"Koken, tafelen, vrije tijd",Feestversiering en traktatie,3.29,3.29,,,,,5 stuks,,False,,,,,,True,AH,https://www.ah.nl/producten/product/wi514497,2026-08-03,AH Confetti ballon,koken-tafelen-vrije-tijd
516907,40014,Glade Geurstokjes zen,Glade,koken-tafelen-vrije-tijd,"Koken, tafelen, vrije tijd",Geurstokjes,9.99,9.99,,,,,per stuk,,False,,,,,,True,AH,https://www.ah.nl/producten/product/wi516907,2026-08-03,Glade Geurstokjes zen,koken-tafelen-vrije-tijd
569444,8776,BK Classic koekenpan 24cm,BK,koken-tafelen-vrije-tijd,"Koken, tafelen, vrije tijd",Koekenpannen,29.24,44.99,35.0,35% korting,,,per stuk,,True,AHOO,35% Op=Op korting,2026-08-03,2026-08-09,,True,AH,https://www.ah.nl/producten/product/wi569444,2026-08-03,BK Classic koekenpan 24cm,koken-tafelen-vrije-tijd
587868,33200,Blue Home Melkopschuimer,Blue Home,koken-tafelen-vrije-tijd,"Koken, tafelen, vrije tijd","Koffiezetapparaten, melkopschuimers",19.99,19.99,,,,,per stuk,,False,,,,,,True,AH,https://www.ah.nl/producten/product/wi587868,2026-08-03,Blue Home Melkopschuimer,koken-tafelen-vrije-tijd
597552,0,AH Dunschiller kunststof horizontaal 2-pack,AH,koken-tafelen-vrije-tijd,"Koken, tafelen, vrije tijd","Dunschiller, groentesnijder",2.45,2.58,5.0,5% volume voordeel,,,2 stuks,,True,AHOO,5% volume voordeel,2026-08-03,2999-12-31,,True,AH,https://www.ah.nl/producten/product/wi597552,2026-08-03,AH Dunschiller kunststof horizontaal 2-pack,koken-tafelen-vrije-tijd
598479,0,AH Keuken- en theedoek taupe set 2-pack,AH,koken-tafelen-vrije-tijd,"Koken, tafelen, vrije tijd",Keukentextiel,11.62,11.98,3.0,3% volume voordeel,,,2 stuks,,True,AHOO,3% volume voordeel,2026-08-03,2999-12-31,,True,AH,https://www.ah.nl/producten/product/wi598479,2026-08-03,AH Keuken- en theedoek taupe set 2-pack,koken-tafelen-vrije-tijd
617391,0,AH Knoflookpers 2-pack,AH,koken-tafelen-vrije-tijd,"Koken, tafelen, vrije tijd",Knoflookpers en gardes,13.28,13.98,5.0,5% volume voordeel,,,2 stuks,,True,AHOO,5% volume voordeel,2026-08-03,2999-12-31,,True,AH,https://www.ah.nl/producten/product/wi617391,2026-08-03,AH Knoflookpers 2-pack,koken-tafelen-vrije-tijd
617392,0,AH Knoflookpers 3-pack,AH,koken-tafelen-vrije-tijd,"Koken, tafelen, vrije tijd",Knoflookpers en gardes,19.29,20.97,8.0,8% volume voordeel,,,3 stuks,,True,AHOO,8% volume voordeel,2026-08-03,2999-12-31,,True,AH,https://www.ah.nl/producten/product/wi617392,2026-08-03,AH Knoflookpers 3-pack,koken-tafelen-vrije-tijd
617393,0,AH Knoflookpers 4-pack,AH,koken-tafelen-vrije-tijd,"Koken, tafelen, vrije tijd",Knoflookpers en gardes,25.16,27.96,10.0,10% volume voordeel,,,4 stuks,,True,AHOO,10% volume voordeel,2026-08-03,2999-12-31,,True,AH,https://www.ah.nl/producten/product/wi617393,2026-08-03,AH Knoflookpers 4-pack,koken-tafelen-vrije-tijd
617397,0,AH Snijplank 2-pack,AH,koken-tafelen-vrije-tijd,"Koken, tafelen, vrije tijd",Snij- en serveerplanken,9.1,9.58,5.0,5% volume voordeel,,,2 stuks,,True,AHOO,5% volume voordeel,2026-08-03,2999-12-31,,True,AH,https://www.ah.nl/producten/product/wi617397,2026-08-03,AH Snijplank 2-pack,koken-tafelen-vrije-tijd
617400,0,AH Spuitzakken met mondjes 2-pack,AH,koken-tafelen-vrije-tijd,"Koken, tafelen, vrije tijd",Bakvormen en accessoires,8.53,8.98,5.0,5% volume voordeel,,,2 stuks,,True,AHOO,5% volume voordeel,2026-08-03,2999-12-31,,True,AH,https://www.ah.nl/producten/product/wi617400,2026-08-03,AH Piping bags with mouths 2-pack,koken-tafelen-vrije-tijd
617401,0,AH Spuitzakken met mondjes 3-pack,AH,koken-tafelen-vrije-tijd,"Koken, tafelen, vrije tijd",Bakvormen en accessoires,12.39,13.47,8.0,8% volume voordeel,,,3 stuks,,True,AHOO,8% volume voordeel,2026-08-03,2999-12-31,,True,AH,https://www.ah.nl/producten/product/wi617401,2026-08-03,AH Spuitzakken met mondjes 3-pack,koken-tafelen-vrije-tijd
617402,0,AH Spuitzakken met mondjes 4-pack,AH,koken-tafelen-vrije-tijd,"Koken, tafelen, vrije tijd",Bakvormen en accessoires,16.16,17.96,10.0,10% volume voordeel,,,4 stuks,,True,AHOO,10% volume voordeel,2026-08-03,2999-12-31,,True,AH,https://www.ah.nl/producten/product/wi617402,2026-08-03,AH Spuitzakken met mondjes 4-pack,koken-tafelen-vrije-tijd
619118,0,AH Theedoek blauw set van 2 3-pack,AH,koken-tafelen-vrije-tijd,"Koken, tafelen, vrije tijd",Keukentextiel,14.22,14.97,5.0,5% volume voordeel,,,3 stuks,,True,AHOO,5% volume voordeel,2026-08-03,2999-12-31,,True,AH,https://www.ah.nl/producten/product/wi619118,2026-08-03,AH Theedoek blauw set van 2 3-pack,koken-tafelen-vrije-tijd
619119,0,AH Theedoek blauw set van 2 4-pack,AH,koken-tafelen-vrije-tijd,"Koken, tafelen, vrije tijd",Keukentextiel,18.36,19.96,8.0,8% volume voordeel,,,4 stuks,,True,AHOO,8% volume voordeel,2026-08-03,2999-12-31,,True,AH,https://www.ah.nl/producten/product/wi619119,2026-08-03,AH Theedoek blauw set van 2 4-pack,koken-tafelen-vrije-tijd
619401,0,AH Confetti ballon 2-pack,AH,koken-tafelen-vrije-tijd,"Koken, tafelen, vrije tijd",Feestversiering en traktatie,6.38,6.58,3.0,3% volume voordeel,,,2 stuks,,True,AHOO,3% volume voordeel,2026-08-03,2999-12-31,,True,AH,https://www.ah.nl/producten/product/wi619401,2026-08-03,AH Confetti ballon 2-pack,koken-tafelen-vrije-tijd
619470,0,AH Letterslinger kleur 3-pack,AH,koken-tafelen-vrije-tijd,"Koken, tafelen, vrije tijd",Feestversiering en traktatie,4.53,4.77,5.0,5% volume voordeel,,,3 stuks,,True,AHOO,5% volume voordeel,2026-08-03,2999-12-31,,True,AH,https://www.ah.nl/producten/product/wi619470,2026-08-03,AH Letterslinger kleur 3-pack,koken-tafelen-vrije-tijd
619471,0,AH Letterslinger kleur 4-pack,AH,koken-tafelen-vrije-tijd,"Koken, tafelen, vrije tijd",Feestversiering en traktatie,5.72,6.36,10.0,10% volume voordeel,,,4 stuks,,True,AHOO,10% volume voordeel,2026-08-03,2999-12-31,,True,AH,https://www.ah.nl/producten/product/wi619471,2026-08-03,AH Letterslinger kleur 4-pack,koken-tafelen-vrije-tijd
620076,0,AH Shot glaasjes 3-pack,AH,koken-tafelen-vrije-tijd,"Koken, tafelen, vrije tijd",Wegwerpbekers,4.82,5.07,5.0,5% volume voordeel,,,3 stuks,,True,AHOO,5% volume voordeel,2026-08-03,2999-12-31,,True,AH,https://www.ah.nl/producten/product/wi620076,2026-08-03,AH Shot glaasjes 3-pack,koken-tafelen-vrije-tijd
182342,63475,AH Wijnkadozak,AH,koken-tafelen-vrije-tijd,"Koken, tafelen, vrije tijd",Cadeauverpakking,,,,,,,per stuk,,False,,,,,,True,AH,https://www.ah.nl/producten/product/wi182342,2026-08-03,AH Wijnkadozak,koken-tafelen-vrije-tijd
298480,556825, Dsp 3* woordz vakantieboek,,koken-tafelen-vrije-tijd,"Koken, tafelen, vrije tijd",Puzzelboekjes,4.25,4.25,,,,,per stuk,,False,,,,,,True,AH,https://www.ah.nl/producten/product/wi298480,2026-08-03, Dsp 3* woordz vakantieboek,koken-tafelen-vrije-tijd
413640,856590,AH Rasp basis rvs,AH,koken-tafelen-vrije-tijd,"Koken, tafelen, vrije tijd","Schaar, rasp, kaasschaaf",2.29,2.29,,,,,per stuk,,False,,,,,,True,AH,https://www.ah.nl/producten/product/wi413640,2026-08-03,AH Rasp basis rvs,koken-tafelen-vrije-tijd
413897,856733,AH Dunschiller roestvrij staal,AH,koken-tafelen-vrije-tijd,"Koken, tafelen, vrije tijd","Dunschiller, groentesnijder",2.99,2.99,,,,,per stuk,,False,,,,,,True,AH,https://www.ah.nl/producten/product/wi413897,2026-08-03,AH Stainless steel peeler,koken-tafelen-vrije-tijd
413907,856753,AH Spuitzak met 5 kunststofmondjes,AH,koken-tafelen-vrije-tijd,"Koken, tafelen, vrije tijd",Bakvormen en accessoires,1.49,1.49,,,,,per stuk,,False,,,,,,True,AH,https://www.ah.nl/producten/product/wi413907,2026-08-03,AH Spuitzak met 5 kunststofmondjes,koken-tafelen-vrije-tijd
428646,696168,Tesa Anti-krasviltjes 22mm bruin,Tesa,koken-tafelen-vrije-tijd,"Koken, tafelen, vrije tijd",Antikras viltjes,3.99,3.99,,,,,12 stuks,,False,,,,,,True,AH,https://www.ah.nl/producten/product/wi428646,2026-08-03,Tesa Anti-krasviltjes 22mm bruin,koken-tafelen-vrije-tijd
434995,699386,Farmlight Aanmaakgel bio,Farmlight,koken-tafelen-vrije-tijd,"Koken, tafelen, vrije tijd",Aanmaakblokjes,3.99,3.99,,,,,1 l,prijs per liter €3.99,False,,,,,,True,AH,https://www.ah.nl/producten/product/wi434995,2026-08-03,Farmlight Aanmaakgel bio,koken-tafelen-vrije-tijd
484847,739778,Bolsius Rustieke kaars ivoor 19cm,Bolsius,koken-tafelen-vrije-tijd,"Koken, tafelen, vrije tijd",Rustieke kaarsen,5.99,5.99,,,,,per stuk,,False,,,,,,True,AH,https://www.ah.nl/producten/product/wi484847,2026-08-03,Bolsius Rustieke kaars ivoor 19cm,koken-tafelen-vrije-tijd
484864,739797,Bolsius Dinerkaars rustiek olijfgroen 27cm,Bolsius,koken-tafelen-vrije-tijd,"Koken, tafelen, vrije tijd",Dinerkaarsen,1.49,1.49,,,,,per stuk,,False,,,,,,True,AH,https://www.ah.nl/producten/product/wi484864,2026-08-03,Bolsius Dinerkaars rustiek olijfgroen 27cm,koken-tafelen-vrije-tijd
484889,739860,AH Kaars cijfer 3 kleur,AH,koken-tafelen-vrije-tijd,"Koken, tafelen, vrije tijd",Taartversiering,0.99,0.99,,,,,per stuk,,False,,,,,,True,AH,https://www.ah.nl/producten/product/wi484889,2026-08-03,AH Kaars cijfer 3 kleur,koken-tafelen-vrije-tijd
505451,847045,AH Zakafsluiters,AH,koken-tafelen-vrije-tijd,"Koken, tafelen, vrije tijd",Keukenaccessoires,1.99,1.99,,,,,6 stuks,,False,,,,,,True,AH,https://www.ah.nl/producten/product/wi505451,2026-08-03,AH Zakafsluiters,koken-tafelen-vrije-tijd
550402,709923,Air Wick Geurstokjes vanille en meloen,Air Wick,koken-tafelen-vrije-tijd,"Koken, tafelen, vrije tijd",Geurstokjes,6.99,6.99,,,,,25 ml,prijs per liter €279.60,False,,,,,,True,AH,https://www.ah.nl/producten/product/wi550402,2026-08-03,Air Wick Geurstokjes vanille en meloen,koken-tafelen-vrije-tijd
588141,33438,GP AAA batterij oplaadbaar 650 mAh,GP,koken-tafelen-vrije-tijd,"Koken, tafelen, vrije tijd",Oplaadbare batterijen,8.99,8.99,,,,,4 stuks,,False,,,,,,True,AH,https://www.ah.nl/producten/product/wi588141,2026-08-03,GP AAA batterij oplaadbaar 650 mAh,koken-tafelen-vrije-tijd
591746,38856,Blue Home Melkopschuimer beige,Blue Home,koken-tafelen-vrije-tijd,"Koken, tafelen, vrije tijd","Koffiezetapparaten, melkopschuimers",19.99,19.99,,,,,per stuk,,False,,,,,,True,AH,https://www.ah.nl/producten/product/wi591746,2026-08-03,Blue Home Melkopschuimer beige,koken-tafelen-vrije-tijd
597553,0,AH Dunschiller roestvrij staal 2-pack,AH,koken-tafelen-vrije-tijd,"Koken, tafelen, vrije tijd","Dunschiller, groentesnijder",5.68,5.98,5.0,5% volume voordeel,,,2 stuks,,True,AHOO,5% volume voordeel,2026-08-03,2999-12-31,,True,AH,https://www.ah.nl/producten/product/wi597553,2026-08-03,AH Dunschiller roestvrij staal 2-pack,koken-tafelen-vrije-tijd
614169,0,Duracell Plus C-alkaline batterijen MN1400 3-pack,Duracell,koken-tafelen-vrije-tijd,"Koken, tafelen, vrije tijd",9V batterijen en overige batterijen,16.78,23.97,30.0,30% volume voordeel,,,3 stuks,,True,AHOO,30% volume voordeel,2026-08-03,2999-12-31,,True,AH,https://www.ah.nl/producten/product/wi614169,2026-08-03,Duracell Plus C-alkaline batterijen MN1400 3-pack,koken-tafelen-vrije-tijd
614197,0,Duracell Optimum AA batterijen 3-pack,Duracell,koken-tafelen-vrije-tijd,"Koken, tafelen, vrije tijd",AA batterijen,29.38,41.97,30.0,30% volume voordeel,,,3 stuks,,True,AHOO,30% volume voordeel,2026-08-03,2999-12-31,,True,AH,https://www.ah.nl/producten/product/wi614197,2026-08-03,Duracell Optimum AA batterijen 3-pack,koken-tafelen-vrije-tijd
617341,0,AH Rasp basis rvs 2-pack,AH,koken-tafelen-vrije-tijd,"Koken, tafelen, vrije tijd","Schaar, rasp, kaasschaaf",4.35,4.58,5.0,5% volume voordeel,,,2 stuks,,True,AHOO,5% volume voordeel,2026-08-03,2999-12-31,,True,AH,https://www.ah.nl/producten/product/wi617341,2026-08-03,AH Rasp basis rvs 2-pack,koken-tafelen-vrije-tijd
617342,0,AH Rasp basis rvs 3-pack,AH,koken-tafelen-vrije-tijd,"Koken, tafelen, vrije tijd","Schaar, rasp, kaasschaaf",6.32,6.87,8.0,8% volume voordeel,,,3 stuks,,True,AHOO,8% volume voordeel,2026-08-03,2999-12-31,,True,AH,https://www.ah.nl/producten/product/wi617342,2026-08-03,AH Rasp basis rvs 3-pack,koken-tafelen-vrije-tijd
617343,0,AH Rasp basis rvs 4-pack,AH,koken-tafelen-vrije-tijd,"Koken, tafelen, vrije tijd","Schaar, rasp, kaasschaaf",8.24,9.16,10.0,10% volume voordeel,,,4 stuks,,True,AHOO,10% volume voordeel,2026-08-03,2999-12-31,,True,AH,https://www.ah.nl/producten/product/wi617343,2026-08-03,AH Rasp basis rvs 4-pack,koken-tafelen-vrije-tijd
617348,0,AH Spatel 3-pack,AH,koken-tafelen-vrije-tijd,"Koken, tafelen, vrije tijd","Spatels, lepels, stampers",12.39,13.47,8.0,8% volume voordeel,,,3 stuks,,True,AHOO,8% volume voordeel,2026-08-03,2999-12-31,,True,AH,https://www.ah.nl/producten/product/wi617348,2026-08-03,AH Spatel 3-pack,koken-tafelen-vrije-tijd
617349,0,AH Spatel 4-pack,AH,koken-tafelen-vrije-tijd,"Koken, tafelen, vrije tijd","Spatels, lepels, stampers",16.16,17.96,10.0,10% volume voordeel,,,4 stuks,,True,AHOO,10% volume voordeel,2026-08-03,2999-12-31,,True,AH,https://www.ah.nl/producten/product/wi617349,2026-08-03,AH Spatel 4-pack,koken-tafelen-vrije-tijd
617438,0,AH Spuitzak met 5 kunststofmondjes 2-pack,AH,koken-tafelen-vrije-tijd,"Koken, tafelen, vrije tijd",Bakvormen en accessoires,2.83,2.98,5.0,5% volume voordeel,,,2 stuks,,True,AHOO,5% volume voordeel,2026-08-03,2999-12-31,,True,AH,https://www.ah.nl/producten/product/wi617438,2026-08-03,AH Spuitzak met 5 kunststofmondjes 2-pack,koken-tafelen-vrije-tijd
617439,0,AH Spuitzak met 5 kunststofmondjes 3-pack,AH,koken-tafelen-vrije-tijd,"Koken, tafelen, vrije tijd",Bakvormen en accessoires,4.11,4.47,8.0,8% volume voordeel,,,3 stuks,,True,AHOO,8% volume voordeel,2026-08-03,2999-12-31,,True,AH,https://www.ah.nl/producten/product/wi617439,2026-08-03,AH Spuitzak met 5 kunststofmondjes 3-pack,koken-tafelen-vrije-tijd
617440,0,AH Spuitzak met 5 kunststofmondjes 4-pack,AH,koken-tafelen-vrije-tijd,"Koken, tafelen, vrije tijd",Bakvormen en accessoires,5.36,5.96,10.0,10% volume voordeel,,,4 stuks,,True,AHOO,10% volume voordeel,2026-08-03,2999-12-31,,True,AH,https://www.ah.nl/producten/product/wi617440,2026-08-03,AH Spuitzak met 5 kunststofmondjes 4-pack,koken-tafelen-vrije-tijd
619133,0,AH Zakafsluiters 2-pack,AH,koken-tafelen-vrije-tijd,"Koken, tafelen, vrije tijd",Keukenaccessoires,3.78,3.98,5.0,5% volume voordeel,,,2 stuks,,True,AHOO,5% volume voordeel,2026-08-03,2999-12-31,,True,AH,https://www.ah.nl/producten/product/wi619133,2026-08-03,AH Zakafsluiters 2-pack,koken-tafelen-vrije-tijd
142789,29095, Story,,koken-tafelen-vrije-tijd,"Koken, tafelen, vrije tijd",Tijdschriften,4.8,4.8,,,,,per stuk,,False,,,,,,True,AH,https://www.ah.nl/producten/product/wi142789,2026-08-03, Story,koken-tafelen-vrije-tijd
142814,607868, Quest,,koken-tafelen-vrije-tijd,"Koken, tafelen, vrije tijd",Tijdschriften,7.75,7.75,,,,,per stuk,,False,,,,,,True,AH,https://www.ah.nl/producten/product/wi142814,2026-08-03, Quest,koken-tafelen-vrije-tijd
253349,96419, Dsp 3* zweeds,,koken-tafelen-vrije-tijd,"Koken, tafelen, vrije tijd",Puzzelboekjes,5.85,5.85,,,,,per stuk,,False,,,,,,True,AH,https://www.ah.nl/producten/product/wi253349,2026-08-03, Dsp 3* zweeds,koken-tafelen-vrije-tijd
413887,856718,AH Blikopener,AH,koken-tafelen-vrije-tijd,"Koken, tafelen, vrije tijd",Keukenaccessoires,4.99,4.99,,,,,per stuk,,False,,,,,,True,AH,https://www.ah.nl/producten/product/wi413887,2026-08-03,AH Blikopener,koken-tafelen-vrije-tijd
413894,856727,AH Kaasschaaf jonge kaas,AH,koken-tafelen-vrije-tijd,"Koken, tafelen, vrije tijd","Schaar, rasp, kaasschaaf",3.29,3.29,,,,,per stuk,,False,,,,,,True,AH,https://www.ah.nl/producten/product/wi413894,2026-08-03,AH Kaasschaaf jonge kaas,koken-tafelen-vrije-tijd
484860,739793,Bolsius Dinerkaars rustiek ivoor 27cm,Bolsius,koken-tafelen-vrije-tijd,"Koken, tafelen, vrije tijd",Dinerkaarsen,1.49,1.49,,,,,per stuk,,False,,,,,,True,AH,https://www.ah.nl/producten/product/wi484860,2026-08-03,Bolsius Dinner candle rustic ivory 27cm,koken-tafelen-vrije-tijd
484888,739859,AH Kaars cijfer 2 kleur,AH,koken-tafelen-vrije-tijd,"Koken, tafelen, vrije tijd",Taartversiering,0.99,0.99,,,,,per stuk,,False,,,,,,True,AH,https://www.ah.nl/producten/product/wi484888,2026-08-03,AH Kaars cijfer 2 kleur,koken-tafelen-vrije-tijd
484891,739862,AH Kaars cijfer 5 kleur,AH,koken-tafelen-vrije-tijd,"Koken, tafelen, vrije tijd",Taartversiering,0.99,0.99,,,,,per stuk,,False,,,,,,True,AH,https://www.ah.nl/producten/product/wi484891,2026-08-03,AH Kaars cijfer 5 kleur,koken-tafelen-vrije-tijd
505452,847048,AH Flessenschrapers,AH,koken-tafelen-vrije-tijd,"Koken, tafelen, vrije tijd",Keukenaccessoires,1.79,1.79,,,,,2 stuks,,False,,,,,,True,AH,https://www.ah.nl/producten/product/wi505452,2026-08-03,AH Flessenschrapers,koken-tafelen-vrije-tijd
514576,28854,"Curver Smart fresh bewaardoos vierkant 0,9l",Curver,koken-tafelen-vrije-tijd,"Koken, tafelen, vrije tijd",Bewaardozen en diepvriesdozen,3.59,3.59,,,,,per stuk,,False,,,,,,True,AH,https://www.ah.nl/producten/product/wi514576,2026-08-03,"Curver Smart fresh bewaardoos vierkant 0,9l",koken-tafelen-vrije-tijd
516898,39932,Cricket Eco box,Cricket,koken-tafelen-vrije-tijd,"Koken, tafelen, vrije tijd","Lucifers, aanstekers",3.99,3.99,,,,,3 stuks,,False,,,,,,True,AH,https://www.ah.nl/producten/product/wi516898,2026-08-03,Cricket Eco box,koken-tafelen-vrije-tijd
545085,65812,AH Geurstokjes wild garden,AH,koken-tafelen-vrije-tijd,"Koken, tafelen, vrije tijd",Geurstokjes,5.99,5.99,,,,,per stuk,,False,,,,,,True,AH,https://www.ah.nl/producten/product/wi545085,2026-08-03,AH Geurstokjes wild garden,koken-tafelen-vrije-tijd
565307,3099,AH Muffinvorm,AH,koken-tafelen-vrije-tijd,"Koken, tafelen, vrije tijd",Bakvormen en accessoires,5.99,5.99,,,,,per stuk,,False,,,,,,True,AH,https://www.ah.nl/producten/product/wi565307,2026-08-03,AH Muffinvorm,koken-tafelen-vrije-tijd
565309,3101,AH Cakevorm 25cm,AH,koken-tafelen-vrije-tijd,"Koken, tafelen, vrije tijd",Bakvormen en accessoires,5.49,5.49,,,,,per stuk,,False,,,,,,True,AH,https://www.ah.nl/producten/product/wi565309,2026-08-03,AH Cakevorm 25cm,koken-tafelen-vrije-tijd
565314,3106,AH Springvorm 26cm,AH,koken-tafelen-vrije-tijd,"Koken, tafelen, vrije tijd",Bakvormen en accessoires,7.99,7.99,,,,,per stuk,,False,,,,,,True,AH,https://www.ah.nl/producten/product/wi565314,2026-08-03,AH Springvorm 26cm,koken-tafelen-vrije-tijd
569462,8778,BK Classic wok 28cm,BK,koken-tafelen-vrije-tijd,"Koken, tafelen, vrije tijd",Wokpannen,35.74,54.99,35.0,35% korting,,,per stuk,,True,AHOO,35% Op=Op korting,2026-08-03,2026-08-09,,True,AH,https://www.ah.nl/producten/product/wi569462,2026-08-03,BK Classic wok 28cm,koken-tafelen-vrije-tijd
573652,15042,Bolsius Geurverspreider true scents fresh cotton,Bolsius,koken-tafelen-vrije-tijd,"Koken, tafelen, vrije tijd",Geurstokjes,7.59,7.59,,,,,60 ml,prijs per liter €126.50,False,,,,,,True,AH,https://www.ah.nl/producten/product/wi573652,2026-08-03,Bolsius Geurverspreider true scents fresh cotton,koken-tafelen-vrije-tijd
580254,23809,AH Hapjespan easy chef 28cm,AH,koken-tafelen-vrije-tijd,"Koken, tafelen, vrije tijd",Hapjespannen,24.99,24.99,,,,,per stuk,,False,,,,,,True,AH,https://www.ah.nl/producten/product/wi580254,2026-08-03,AH Hapjespan easy chef 28cm,koken-tafelen-vrije-tijd
580256,23812,AH Wok easy chef 28cm,AH,koken-tafelen-vrije-tijd,"Koken, tafelen, vrije tijd",Wokpannen,17.99,17.99,,,,,per stuk,,False,,,,,,True,AH,https://www.ah.nl/producten/product/wi580256,2026-08-03,AH Wok easy chef 28cm,koken-tafelen-vrije-tijd
598009,0,AH Muffinvorm 2-pack,AH,koken-tafelen-vrije-tijd,"Koken, tafelen, vrije tijd",Bakvormen en accessoires,11.38,11.98,5.0,5% volume voordeel,,,2 stuks,,True,AHOO,5% volume voordeel,2026-08-03,2999-12-31,,True,AH,https://www.ah.nl/producten/product/wi598009,2026-08-03,AH Muffinvorm 2-pack,koken-tafelen-vrije-tijd
598055,0,AH Glitter vlaggenlijn goud 6mtr 2-pack,AH,koken-tafelen-vrije-tijd,"Koken, tafelen, vrije tijd",Feestversiering en traktatie,5.8,5.98,3.0,3% volume voordeel,,,2 stuks,,True,AHOO,3% volume voordeel,2026-08-03,2999-12-31,,True,AH,https://www.ah.nl/producten/product/wi598055,2026-08-03,AH Glitter vlaggenlijn goud 6mtr 2-pack,koken-tafelen-vrije-tijd
612073,68330,AH Citronella geurtheelichten 8 uur,AH,koken-tafelen-vrije-tijd,"Koken, tafelen, vrije tijd",Geurtheelichten,2.49,2.49,,,,,8 stuks,,False,,,,,,True,AH,https://www.ah.nl/producten/product/wi612073,2026-08-03,AH Citronella geurtheelichten 8 uur,koken-tafelen-vrije-tijd
614196,0,Duracell Optimum AA batterijen 2-pack,Duracell,koken-tafelen-vrije-tijd,"Koken, tafelen, vrije tijd",AA batterijen,22.38,27.98,20.0,20% volume voordeel,,,2 stuks,,True,AHOO,20% volume voordeel,2026-08-03,2999-12-31,,True,AH,https://www.ah.nl/producten/product/wi614196,2026-08-03,Duracell Optimum AA batterijen 2-pack,koken-tafelen-vrije-tijd
617330,0,AH Dunschiller kunststof horizontaal 3-pack,AH,koken-tafelen-vrije-tijd,"Koken, tafelen, vrije tijd","Dunschiller, groentesnijder",3.56,3.87,8.0,8% volume voordeel,,,3 stuks,,True,AHOO,8% volume voordeel,2026-08-03,2999-12-31,,True,AH,https://www.ah.nl/producten/product/wi617330,2026-08-03,AH Peeler plastic horizontal 3-pack,koken-tafelen-vrije-tijd
617331,0,AH Dunschiller kunststof horizontaal 4-pack,AH,koken-tafelen-vrije-tijd,"Koken, tafelen, vrije tijd","Dunschiller, groentesnijder",4.64,5.16,10.0,10% volume voordeel,,,4 stuks,,True,AHOO,10% volume voordeel,2026-08-03,2999-12-31,,True,AH,https://www.ah.nl/producten/product/wi617331,2026-08-03,AH Dunschiller kunststof horizontaal 4-pack,koken-tafelen-vrije-tijd
617375,0,AH Blikopener 2-pack,AH,koken-tafelen-vrije-tijd,"Koken, tafelen, vrije tijd",Keukenaccessoires,9.48,9.98,5.0,5% volume voordeel,,,2 stuks,,True,AHOO,5% volume voordeel,2026-08-03,2999-12-31,,True,AH,https://www.ah.nl/producten/product/wi617375,2026-08-03,AH Blikopener 2-pack,koken-tafelen-vrije-tijd
617376,0,AH Blikopener 3-pack,AH,koken-tafelen-vrije-tijd,"Koken, tafelen, vrije tijd",Keukenaccessoires,13.77,14.97,8.0,8% volume voordeel,,,3 stuks,,True,AHOO,8% volume voordeel,2026-08-03,2999-12-31,,True,AH,https://www.ah.nl/producten/product/wi617376,2026-08-03,AH Blikopener 3-pack,koken-tafelen-vrije-tijd
617377,0,AH Blikopener 4-pack,AH,koken-tafelen-vrije-tijd,"Koken, tafelen, vrije tijd",Keukenaccessoires,17.96,19.96,10.0,10% volume voordeel,,,4 stuks,,True,AHOO,10% volume voordeel,2026-08-03,2999-12-31,,True,AH,https://www.ah.nl/producten/product/wi617377,2026-08-03,AH Blikopener 4-pack,koken-tafelen-vrije-tijd
617398,0,AH Snijplank 3-pack,AH,koken-tafelen-vrije-tijd,"Koken, tafelen, vrije tijd",Snij- en serveerplanken,13.22,14.37,8.0,8% volume voordeel,,,3 stuks,,True,AHOO,8% volume voordeel,2026-08-03,2999-12-31,,True,AH,https://www.ah.nl/producten/product/wi617398,2026-08-03,AH Snijplank 3-pack,koken-tafelen-vrije-tijd
617399,0,AH Snijplank 4-pack,AH,koken-tafelen-vrije-tijd,"Koken, tafelen, vrije tijd",Snij- en serveerplanken,17.24,19.16,10.0,10% volume voordeel,,,4 stuks,,True,AHOO,10% volume voordeel,2026-08-03,2999-12-31,,True,AH,https://www.ah.nl/producten/product/wi617399,2026-08-03,AH Snijplank 4-pack,koken-tafelen-vrije-tijd
618867,0,AH Glitter vlaggenlijn goud 6mtr 4-pack,AH,koken-tafelen-vrije-tijd,"Koken, tafelen, vrije tijd",Feestversiering en traktatie,10.76,11.96,10.0,10% volume voordeel,,,4 stuks,,True,AHOO,10% volume voordeel,2026-08-03,2999-12-31,,True,AH,https://www.ah.nl/producten/product/wi618867,2026-08-03,AH Glitter flag line gold 6mtr 4-pack,koken-tafelen-vrije-tijd
618983,0,AH Flessenschrapers 2-pack,AH,koken-tafelen-vrije-tijd,"Koken, tafelen, vrije tijd",Keukenaccessoires,3.4,3.58,5.0,5% volume voordeel,,,2 stuks,,True,AHOO,5% volume voordeel,2026-08-03,2999-12-31,,True,AH,https://www.ah.nl/producten/product/wi618983,2026-08-03,AH Flessenschrapers 2-pack,koken-tafelen-vrije-tijd
618984,0,AH Flessenschrapers 3-pack,AH,koken-tafelen-vrije-tijd,"Koken, tafelen, vrije tijd",Keukenaccessoires,4.94,5.37,8.0,8% volume voordeel,,,3 stuks,,True,AHOO,8% volume voordeel,2026-08-03,2999-12-31,,True,AH,https://www.ah.nl/producten/product/wi618984,2026-08-03,AH Flessenschrapers 3-pack,koken-tafelen-vrije-tijd
618985,0,AH Flessenschrapers 4-pack,AH,koken-tafelen-vrije-tijd,"Koken, tafelen, vrije tijd",Keukenaccessoires,6.44,7.16,10.0,10% volume voordeel,,,4 stuks,,True,AHOO,10% volume voordeel,2026-08-03,2999-12-31,,True,AH,https://www.ah.nl/producten/product/wi618985,2026-08-03,AH Flessenschrapers 4-pack,koken-tafelen-vrije-tijd
619383,0,AH Bord blad 22cm 3-pack,AH,koken-tafelen-vrije-tijd,"Koken, tafelen, vrije tijd",Wegwerpborden,5.67,5.97,5.0,5% volume voordeel,,,3 stuks,,True,AHOO,5% volume voordeel,2026-08-03,2999-12-31,,True,AH,https://www.ah.nl/producten/product/wi619383,2026-08-03,AH Bord blad 22cm 3-pack,koken-tafelen-vrije-tijd
619402,0,AH Confetti ballon 3-pack,AH,koken-tafelen-vrije-tijd,"Koken, tafelen, vrije tijd",Feestversiering en traktatie,9.38,9.87,5.0,5% volume voordeel,,,3 stuks,,True,AHOO,5% volume voordeel,2026-08-03,2999-12-31,,True,AH,https://www.ah.nl/producten/product/wi619402,2026-08-03,AH Confetti ballon 3-pack,koken-tafelen-vrije-tijd
619403,0,AH Confetti ballon 4-pack,AH,koken-tafelen-vrije-tijd,"Koken, tafelen, vrije tijd",Feestversiering en traktatie,11.84,13.16,10.0,10% volume voordeel,,,4 stuks,,True,AHOO,10% volume voordeel,2026-08-03,2999-12-31,,True,AH,https://www.ah.nl/producten/product/wi619403,2026-08-03,AH Confetti ballon 4-pack,koken-tafelen-vrije-tijd
619757,0,AH Geurstokjes wild garden 2-pack,AH,koken-tafelen-vrije-tijd,"Koken, tafelen, vrije tijd",Geurstokjes,11.38,11.98,5.0,5% volume voordeel,,,2 stuks,,True,AHOO,5% volume voordeel,2026-08-03,2999-12-31,,True,AH,https://www.ah.nl/producten/product/wi619757,2026-08-03,AH Geurstokjes wild garden 2-pack,koken-tafelen-vrije-tijd
620416,0,AH Cakevorm 25cm 2-pack,AH,koken-tafelen-vrije-tijd,"Koken, tafelen, vrije tijd",Bakvormen en accessoires,10.43,10.98,5.0,5% volume voordeel,,,2 stuks,,True,AHOO,5% volume voordeel,2026-08-03,2999-12-31,,True,AH,https://www.ah.nl/producten/product/wi620416,2026-08-03,AH Cakevorm 25cm 2-pack,koken-tafelen-vrije-tijd
620417,0,AH Cakevorm 25cm 3-pack,AH,koken-tafelen-vrije-tijd,"Koken, tafelen, vrije tijd",Bakvormen en accessoires,15.15,16.47,8.0,8% volume voordeel,,,3 stuks,,True,AHOO,8% volume voordeel,2026-08-03,2999-12-31,,True,AH,https://www.ah.nl/producten/product/wi620417,2026-08-03,AH Cakevorm 25cm 3-pack,koken-tafelen-vrije-tijd
620418,0,AH Cakevorm 25cm 4-pack,AH,koken-tafelen-vrije-tijd,"Koken, tafelen, vrije tijd",Bakvormen en accessoires,19.76,21.96,10.0,10% volume voordeel,,,4 stuks,,True,AHOO,10% volume voordeel,2026-08-03,2999-12-31,,True,AH,https://www.ah.nl/producten/product/wi620418,2026-08-03,AH Cakevorm 25cm 4-pack,koken-tafelen-vrije-tijd
620487,0,AH Springvorm 26cm 2-pack,AH,koken-tafelen-vrije-tijd,"Koken, tafelen, vrije tijd",Bakvormen en accessoires,15.18,15.98,5.0,5% volume voordeel,,,2 stuks,,True,AHOO,5% volume voordeel,2026-08-03,2999-12-31,,True,AH,https://www.ah.nl/producten/product/wi620487,2026-08-03,AH Springvorm 26cm 2-pack,koken-tafelen-vrije-tijd
620488,0,AH Springvorm 26cm 3-pack,AH,koken-tafelen-vrije-tijd,"Koken, tafelen, vrije tijd",Bakvormen en accessoires,22.05,23.97,8.0,8% volume voordeel,,,3 stuks,,True,AHOO,8% volume voordeel,2026-08-03,2999-12-31,,True,AH,https://www.ah.nl/producten/product/wi620488,2026-08-03,AH Springvorm 26cm 3-pack,koken-tafelen-vrije-tijd
620489,0,AH Springvorm 26cm 4-pack,AH,koken-tafelen-vrije-tijd,"Koken, tafelen, vrije tijd",Bakvormen en accessoires,28.76,31.96,10.0,10% volume voordeel,,,4 stuks,,True,AHOO,10% volume voordeel,2026-08-03,2999-12-31,,True,AH,https://www.ah.nl/producten/product/wi620489,2026-08-03,AH Springvorm 26cm 4-pack,koken-tafelen-vrije-tijd
620894,0,AH Hapjespan easy chef 28cm 2-pack,AH,koken-tafelen-vrije-tijd,"Koken, tafelen, vrije tijd",Hapjespannen,47.98,49.98,4.0,4% volume voordeel,,,2 stuks,,True,AHOO,4% volume voordeel,2026-08-03,2999-12-31,,True,AH,https://www.ah.nl/producten/product/wi620894,2026-08-03,AH Hapjespan easy chef 28cm 2-pack,koken-tafelen-vrije-tijd
620895,0,AH Hapjespan easy chef 28cm 3-pack,AH,koken-tafelen-vrije-tijd,"Koken, tafelen, vrije tijd",Hapjespannen,71.22,74.97,5.0,5% volume voordeel,,,3 stuks,,True,AHOO,5% volume voordeel,2026-08-03,2999-12-31,,True,AH,https://www.ah.nl/producten/product/wi620895,2026-08-03,AH Hapjespan easy chef 28cm 3-pack,koken-tafelen-vrije-tijd
620896,0,AH Hapjespan easy chef 28cm 4-pack,AH,koken-tafelen-vrije-tijd,"Koken, tafelen, vrije tijd",Hapjespannen,92.96,99.96,7.0,7% volume voordeel,,,4 stuks,,True,AHOO,7% volume voordeel,2026-08-03,2999-12-31,,True,AH,https://www.ah.nl/producten/product/wi620896,2026-08-03,AH Hapjespan easy chef 28cm 4-pack,koken-tafelen-vrije-tijd
620937,0,AH Wok easy chef 28cm 2-pack,AH,koken-tafelen-vrije-tijd,"Koken, tafelen, vrije tijd",Wokpannen,34.54,35.98,4.0,4% volume voordeel,,,2 stuks,,True,AHOO,4% volume voordeel,2026-08-03,2999-12-31,,True,AH,https://www.ah.nl/producten/product/wi620937,2026-08-03,AH Wok easy chef 28cm 2-pack,koken-tafelen-vrije-tijd
620938,0,AH Wok easy chef 28cm 3-pack,AH,koken-tafelen-vrije-tijd,"Koken, tafelen, vrije tijd",Wokpannen,51.27,53.97,5.0,5% volume voordeel,,,3 stuks,,True,AHOO,5% volume voordeel,2026-08-03,2999-12-31,,True,AH,https://www.ah.nl/producten/product/wi620938,2026-08-03,AH Wok easy chef 28cm 3-pack,koken-tafelen-vrije-tijd
620939,0,AH Wok easy chef 28cm 4-pack,AH,koken-tafelen-vrije-tijd,"Koken, tafelen, vrije tijd",Wokpannen,66.92,71.96,7.0,7% volume voordeel,,,4 stuks,,True,AHOO,7% volume voordeel,2026-08-03,2999-12-31,,True,AH,https://www.ah.nl/producten/product/wi620939,2026-08-03,AH Wok easy chef 28cm 4-pack,koken-tafelen-vrije-tijd
466246,716933,Bolsius True scents geurtheelichten oud wood,Bolsius,koken-tafelen-vrije-tijd,"Koken, tafelen, vrije tijd",Geurtheelichten,3.29,3.29,,,,,18 stuks,,False,,,,,,True,AH,https://www.ah.nl/producten/product/wi466246,2026-08-03,Bolsius True scents geurtheelichten oud wood,koken-tafelen-vrije-tijd
468883,720663,Majestic Led fil standaard helder E27 60W,Majestic,koken-tafelen-vrije-tijd,"Koken, tafelen, vrije tijd",Ledlampen,3.99,3.99,,,,,per stuk,,False,,,,,,True,AH,https://www.ah.nl/producten/product/wi468883,2026-08-03,Majestic LED fil standard clear E27 60W,koken-tafelen-vrije-tijd
484753,739836,Bolsius Rustieke kaars ivoor 8cm,Bolsius,koken-tafelen-vrije-tijd,"Koken, tafelen, vrije tijd",Rustieke kaarsen,3.49,3.49,,,,,per stuk,,False,,,,,,True,AH,https://www.ah.nl/producten/product/wi484753,2026-08-03,Bolsius Rustieke kaars ivoor 8cm,koken-tafelen-vrije-tijd
484829,739760,Bolsius Rustieke kaars 13cm misty pink,Bolsius,koken-tafelen-vrije-tijd,"Koken, tafelen, vrije tijd",Rustieke kaarsen,4.29,4.29,,,,,per stuk,,False,,,,,,True,AH,https://www.ah.nl/producten/product/wi484829,2026-08-03,Bolsius Rustieke kaars 13cm misty pink,koken-tafelen-vrije-tijd
484890,739861,AH Kaars cijfer 4 kleur,AH,koken-tafelen-vrije-tijd,"Koken, tafelen, vrije tijd",Taartversiering,0.99,0.99,,,,,per stuk,,False,,,,,,True,AH,https://www.ah.nl/producten/product/wi484890,2026-08-03,AH Kaars cijfer 4 kleur,koken-tafelen-vrije-tijd
503610,832510,Varta Knoopcelbatterij lithium CR2450,Varta,koken-tafelen-vrije-tijd,"Koken, tafelen, vrije tijd",Knoopcelbatterijen,6.59,6.59,,,,,2 stuks,,False,,,,,,True,AH,https://www.ah.nl/producten/product/wi503610,2026-08-03,Varta Knoopcelbatterij lithium CR2450,koken-tafelen-vrije-tijd
505587,847042,AH Keuken- en theedoek mint set van 2,AH,koken-tafelen-vrije-tijd,"Koken, tafelen, vrije tijd",Keukentextiel,5.99,5.99,,,,,2 stuks,,False,,,,,,True,AH,https://www.ah.nl/producten/product/wi505587,2026-08-03,AH Keuken- en theedoek mint set van 2,koken-tafelen-vrije-tijd
505881,851636,Sorbo Notitieboek hardcover a5,Sorbo,koken-tafelen-vrije-tijd,"Koken, tafelen, vrije tijd",Schrijfwaren en plakband,5.49,5.49,,,,,per stuk,,False,,,,,,True,AH,https://www.ah.nl/producten/product/wi505881,2026-08-03,Sorbo Notitieboek hardcover a5,koken-tafelen-vrije-tijd
514504,24536,AH Roltong,AH,koken-tafelen-vrije-tijd,"Koken, tafelen, vrije tijd",Feestversiering en traktatie,2.39,2.39,,,,,8 stuks,,False,,,,,,True,AH,https://www.ah.nl/producten/product/wi514504,2026-08-03,AH Roltong,koken-tafelen-vrije-tijd
555475,78502,Grill Fanatics Gastro catering schaal,Grill Fanatics,koken-tafelen-vrije-tijd,"Koken, tafelen, vrije tijd",BBQ tools,5.99,5.99,,BONUS,,,3 stuks,,True,AH,BONUS,2026-04-20,2026-08-30,,True,AH,https://www.ah.nl/producten/product/wi555475,2026-08-03,Grill Fanatics Gastro catering schaal,koken-tafelen-vrije-tijd
563567,1265,AH Rustiek 7x8cm wit,AH,koken-tafelen-vrije-tijd,"Koken, tafelen, vrije tijd",Rustieke kaarsen,1.99,1.99,,,,,per stuk,,False,,,,,,True,AH,https://www.ah.nl/producten/product/wi563567,2026-08-03,AH Rustiek 7x8cm wit,koken-tafelen-vrije-tijd
578361,21697,Blue Home Waterkoker,Blue Home,koken-tafelen-vrije-tijd,"Koken, tafelen, vrije tijd",Waterkokers,21.99,21.99,,,,,per stuk,,False,,,,,,True,AH,https://www.ah.nl/producten/product/wi578361,2026-08-03,Blue Home Waterkoker,koken-tafelen-vrije-tijd
580522,23594,Bolsius True joy geurstokjes floral blessings,Bolsius,koken-tafelen-vrije-tijd,"Koken, tafelen, vrije tijd",Geurstokjes,9.79,9.79,,,,,80 ml,prijs per liter €122.38,False,,,,,,True,AH,https://www.ah.nl/producten/product/wi580522,2026-08-03,Bolsius True joy geurstokjes floral blessings,koken-tafelen-vrije-tijd
583271,25558,AH Tafellaken driehoekjes 138x220cm,AH,koken-tafelen-vrije-tijd,"Koken, tafelen, vrije tijd",Tafelkleed,5.49,5.49,,,,,per stuk,,False,,,,,,True,AH,https://www.ah.nl/producten/product/wi583271,2026-08-03,AH Tafellaken driehoekjes 138x220cm,koken-tafelen-vrije-tijd
587867,33199,Blue Home Contactgrill,Blue Home,koken-tafelen-vrije-tijd,"Koken, tafelen, vrije tijd",Contactgrills en tosti-ijzers,39.99,39.99,,,,,per stuk,,False,,,,,,True,AH,https://www.ah.nl/producten/product/wi587867,2026-08-03,Blue Home Contactgrill,koken-tafelen-vrije-tijd
597475,47246,24Basics Fluitje,24Basics,koken-tafelen-vrije-tijd,"Koken, tafelen, vrije tijd","Hobby, vrije tijd",2.49,2.49,,,,,per stuk,,False,,,,,,True,AH,https://www.ah.nl/producten/product/wi597475,2026-08-03,24Basics Fluitje,koken-tafelen-vrije-tijd
598070,0,AH Rustiek 7x8cm wit 4-pack,AH,koken-tafelen-vrije-tijd,"Koken, tafelen, vrije tijd",Rustieke kaarsen,7.64,7.96,4.0,4% volume voordeel,,,4 stuks,,True,AHOO,4% volume voordeel,2026-08-03,2999-12-31,,True,AH,https://www.ah.nl/producten/product/wi598070,2026-08-03,AH Rustiek 7x8cm wit 4-pack,koken-tafelen-vrije-tijd
598090,0,AH Tafellaken driehoekjes 138x220cm 2-pack,AH,koken-tafelen-vrije-tijd,"Koken, tafelen, vrije tijd",Tafelkleed,10.65,10.98,3.0,3% volume voordeel,,,2 stuks,,True,AHOO,3% volume voordeel,2026-08-03,2999-12-31,,True,AH,https://www.ah.nl/producten/product/wi598090,2026-08-03,AH Tafellaken driehoekjes 138x220cm 2-pack,koken-tafelen-vrije-tijd
598480,0,AH Keuken- en theedoek mint set 2-pack,AH,koken-tafelen-vrije-tijd,"Koken, tafelen, vrije tijd",Keukentextiel,11.62,11.98,3.0,3% volume voordeel,,,2 stuks,,True,AHOO,3% volume voordeel,2026-08-03,2999-12-31,,True,AH,https://www.ah.nl/producten/product/wi598480,2026-08-03,AH Keuken- en theedoek mint set 2-pack,koken-tafelen-vrije-tijd
614170,0,Duracell Plus D-alkaline batterijen LR20 2-pack,Duracell,koken-tafelen-vrije-tijd,"Koken, tafelen, vrije tijd",9V batterijen en overige batterijen,13.1,16.38,20.0,20% volume voordeel,,,2 stuks,,True,AHOO,20% volume voordeel,2026-08-03,2999-12-31,,True,AH,https://www.ah.nl/producten/product/wi614170,2026-08-03,Duracell Plus D-alkaline batterijen LR20 2-pack,koken-tafelen-vrije-tijd
617378,0,AH Dunschiller roestvrij staal 3-pack,AH,koken-tafelen-vrije-tijd,"Koken, tafelen, vrije tijd","Dunschiller, groentesnijder",8.25,8.97,8.0,8% volume voordeel,,,3 stuks,,True,AHOO,8% volume voordeel,2026-08-03,2999-12-31,,True,AH,https://www.ah.nl/producten/product/wi617378,2026-08-03,AH Dunschiller roestvrij staal 3-pack,koken-tafelen-vrije-tijd
617379,0,AH Dunschiller roestvrij staal 4-pack,AH,koken-tafelen-vrije-tijd,"Koken, tafelen, vrije tijd","Dunschiller, groentesnijder",10.76,11.96,10.0,10% volume voordeel,,,4 stuks,,True,AHOO,10% volume voordeel,2026-08-03,2999-12-31,,True,AH,https://www.ah.nl/producten/product/wi617379,2026-08-03,AH Dunschiller roestvrij staal 4-pack,koken-tafelen-vrije-tijd
619134,0,AH Zakafsluiters 3-pack,AH,koken-tafelen-vrije-tijd,"Koken, tafelen, vrije tijd",Keukenaccessoires,5.49,5.97,8.0,8% volume voordeel,,,3 stuks,,True,AHOO,8% volume voordeel,2026-08-03,2999-12-31,,True,AH,https://www.ah.nl/producten/product/wi619134,2026-08-03,AH Zakafsluiters 3-pack,koken-tafelen-vrije-tijd
619135,0,AH Zakafsluiters 4-pack,AH,koken-tafelen-vrije-tijd,"Koken, tafelen, vrije tijd",Keukenaccessoires,7.16,7.96,10.0,10% volume voordeel,,,4 stuks,,True,AHOO,10% volume voordeel,2026-08-03,2999-12-31,,True,AH,https://www.ah.nl/producten/product/wi619135,2026-08-03,AH Zakafsluiters 4-pack,koken-tafelen-vrije-tijd
620082,0,AH Theedoeken grijs 3-pack,AH,koken-tafelen-vrije-tijd,"Koken, tafelen, vrije tijd",Keukentextiel,14.22,14.97,5.0,5% volume voordeel,,,3 stuks,,True,AHOO,5% volume voordeel,2026-08-03,2999-12-31,,True,AH,https://www.ah.nl/producten/product/wi620082,2026-08-03,AH Theedoeken grijs 3-pack,koken-tafelen-vrije-tijd
171713,636266,Greenminds Enveloppen C5 wit,Greenminds,koken-tafelen-vrije-tijd,"Koken, tafelen, vrije tijd",Papierwaren,2.99,2.99,,,,,15 stuks,,False,,,,,,True,AH,https://www.ah.nl/producten/product/wi171713,2026-08-03,Greenminds Enveloppen C5 wit,koken-tafelen-vrije-tijd
213159,806693,Pattex Multi alleslijm,Pattex,koken-tafelen-vrije-tijd,"Koken, tafelen, vrije tijd","Hobby, vrije tijd",4.49,4.49,,,,,20 g,prijs per kg €224.50,False,,,,,,True,AH,https://www.ah.nl/producten/product/wi213159,2026-08-03,Pattex Multi alleslijm,koken-tafelen-vrije-tijd
228344,821783,AH Quichevorm met losse bodem 28 cm,AH,koken-tafelen-vrije-tijd,"Koken, tafelen, vrije tijd",Bakvormen en accessoires,4.99,4.99,,,,,per stuk,,False,,,,,,True,AH,https://www.ah.nl/producten/product/wi228344,2026-08-03,AH Quichevorm met losse bodem 28 cm,koken-tafelen-vrije-tijd
316808,592879, Panorama en nieuwe revu,,koken-tafelen-vrije-tijd,"Koken, tafelen, vrije tijd",Tijdschriften,7.99,7.99,,,,,per stuk,,False,,,,,,True,AH,https://www.ah.nl/producten/product/wi316808,2026-08-03, Panorama en nieuwe revu,koken-tafelen-vrije-tijd
413855,856714,AH Keukentang rvs,AH,koken-tafelen-vrije-tijd,"Koken, tafelen, vrije tijd",Keukenaccessoires,4.99,4.99,,,,,per stuk,,False,,,,,,True,AH,https://www.ah.nl/producten/product/wi413855,2026-08-03,AH Keukentang rvs,koken-tafelen-vrije-tijd
413912,856759,DBP Plastics Diepvriesdozen alaska 750ml,DBP Plastics,koken-tafelen-vrije-tijd,"Koken, tafelen, vrije tijd",Bewaardozen en diepvriesdozen,3.29,3.29,,,,,3 stuks,,False,,,,,,True,AH,https://www.ah.nl/producten/product/wi413912,2026-08-03,DBP Plastics Diepvriesdozen alaska 750ml,koken-tafelen-vrije-tijd
413915,856762,DBP Plastics Diepvriesdozen alaska 1000ml,DBP Plastics,koken-tafelen-vrije-tijd,"Koken, tafelen, vrije tijd",Bewaardozen en diepvriesdozen,3.89,3.89,,,,,3 stuks,,False,,,,,,True,AH,https://www.ah.nl/producten/product/wi413915,2026-08-03,DBP Plastics Diepvriesdozen alaska 1000ml,koken-tafelen-vrije-tijd
414010,856633,AH Ovenwant grijs denim,AH,koken-tafelen-vrije-tijd,"Koken, tafelen, vrije tijd",Keukentextiel,4.79,4.79,,,,,per stuk,,False,,,,,,True,AH,https://www.ah.nl/producten/product/wi414010,2026-08-03,AH Ovenwant grijs denim,koken-tafelen-vrije-tijd
466205,716833,Bolsius True scents geurtheelichten vanille,Bolsius,koken-tafelen-vrije-tijd,"Koken, tafelen, vrije tijd",Geurtheelichten,3.29,3.29,,,,,18 stuks,,False,,,,,,True,AH,https://www.ah.nl/producten/product/wi466205,2026-08-03,Bolsius True scents geurtheelichten vanille,koken-tafelen-vrije-tijd
466215,716862,Bolsius True scents maxi geurtheelichten vanille,Bolsius,koken-tafelen-vrije-tijd,"Koken, tafelen, vrije tijd",Geurtheelichten,5.99,5.99,,,,,8 stuks,,False,,,,,,True,AH,https://www.ah.nl/producten/product/wi466215,2026-08-03,Bolsius True scents maxi geurtheelichten vanille,koken-tafelen-vrije-tijd
468887,720667,Majestic Led fil kogel helder E27 40W,Majestic,koken-tafelen-vrije-tijd,"Koken, tafelen, vrije tijd",Ledlampen,3.49,3.49,,,,,per stuk,,False,,,,,,True,AH,https://www.ah.nl/producten/product/wi468887,2026-08-03,Majestic Led fil kogel helder E27 40W,koken-tafelen-vrije-tijd
