id,hq_id,title,brand,scraped_aisle,main_category,sub_category,final_price,original_price,discount_pct,discount_label,deal_price,deal_count,unit,unit_price_description,is_bonus,discount_type,bonus_mechanism,bonus_start,bonus_end,nutriscore,available_online,shop_type,url,scraped_at,title_eng,aisle_eng
588085,33267,Boursin Plantaardig knoflook & fijne kruiden,Boursin,vegetarisch-vegan-en-plantaardig,"Vegetarisch, vegan en plantaardig",Plantaardige kaas voor de borrel,2.62,3.49,25.0,25% korting,,,150 g,normale prijs per kg €23.27,True,AH,25% korting,2026-08-10,2026-08-16,D,True,AH,https://www.ah.nl/producten/product/wi588085,2026-08-12,Boursin Vegetable garlic & fine herbs,vegetarian-vegan-and-plant-based
412158,855694,Oatly! Haver barista edition,Oatly!,vegetarisch-vegan-en-plantaardig,"Vegetarisch, vegan en plantaardig",Haverdrink,2.89,2.89,,,,,1 l,prijs per liter €2.89,False,,,,,D,True,AH,https://www.ah.nl/producten/product/wi412158,2026-08-12,Oatly! Oat barista edition,vegetarian-vegan-and-plant-based
611232,0,Oatly! Haver barista edition 4-pack,Oatly!,vegetarisch-vegan-en-plantaardig,"Vegetarisch, vegan en plantaardig",Haverdrink,10.98,11.56,5.0,5% volume voordeel,,,4 stuks,,True,AHOO,5% volume voordeel,2026-08-12,2999-12-31,,True,AH,https://www.ah.nl/producten/product/wi611232,2026-08-12,Oatly! Oats barista edition 4-pack,vegetarian-vegan-and-plant-based
445419,707247,Kips Vega paté vol en smeuig,Kips,vegetarisch-vegan-en-plantaardig,"Vegetarisch, vegan en plantaardig",Plantaardige vleeswaren,2.49,2.49,,,,,125 g,prijs per kg €19.92,False,,,,,E,True,AH,https://www.ah.nl/producten/product/wi445419,2026-08-12,Kips Vega pate full and creamy,vegetarian-vegan-and-plant-based
489288,742894,AH Terra Plantaardige smeerleverworst,AH Terra,vegetarisch-vegan-en-plantaardig,"Vegetarisch, vegan en plantaardig",Plantaardige vleeswaren,1.59,1.59,,,,,125 g,prijs per kg €12.72,False,,,,,C,True,AH,https://www.ah.nl/producten/product/wi489288,2026-08-12,AH Terra Vegetable spread liver sausage,vegetarian-vegan-and-plant-based
565765,4557,AH Terra Plantaardige sojadrink ongezoet,AH Terra,vegetarisch-vegan-en-plantaardig,"Vegetarisch, vegan en plantaardig",Sojadrink,0.89,0.89,,,,,1 l,prijs per liter €0.89,False,,,,,B,True,AH,https://www.ah.nl/producten/product/wi565765,2026-08-12,AH Terra Plantaardige sojadrink ongezoet,vegetarian-vegan-and-plant-based
565766,4558,AH Terra Amandeldrink ongezoet,AH Terra,vegetarisch-vegan-en-plantaardig,"Vegetarisch, vegan en plantaardig","Amandel, cashewdrink",1.49,1.49,,,,,1 l,prijs per liter €1.49,False,,,,,B,True,AH,https://www.ah.nl/producten/product/wi565766,2026-08-12,AH Terra Almond drink unsweetened,vegetarian-vegan-and-plant-based
462463,714670,AH Terra Plantaardige haverdrink ongezoet,AH Terra,vegetarisch-vegan-en-plantaardig,"Vegetarisch, vegan en plantaardig",Haverdrink,1.35,1.35,,,,,1 l,prijs per liter €1.35,False,,,,,C,True,AH,https://www.ah.nl/producten/product/wi462463,2026-08-12,AH Terra Vegetable oat drink unsweetened,vegetarian-vegan-and-plant-based
438961,70493,AH Plantaardige hummus naturel,AH,vegetarisch-vegan-en-plantaardig,"Vegetarisch, vegan en plantaardig",Hummus naturel,1.29,1.29,,,,,200 g,prijs per kg €6.45,False,,,,,C,True,AH,https://www.ah.nl/producten/product/wi438961,2026-08-12,AH Vegetable hummus natural,vegetarian-vegan-and-plant-based
461862,714665,Alpro Barista haver,Alpro,vegetarisch-vegan-en-plantaardig,"Vegetarisch, vegan en plantaardig",Haverdrink,2.79,2.79,,,,,1 l,prijs per liter €2.79,False,,,,,A,True,AH,https://www.ah.nl/producten/product/wi461862,2026-08-12,Alpro Barista oats,vegetarian-vegan-and-plant-based
568161,0,Alpro Barista haver 6-pack,Alpro,vegetarisch-vegan-en-plantaardig,"Vegetarisch, vegan en plantaardig",Haverdrink,15.07,16.74,10.0,10% volume voordeel,,,6 stuks,,True,AHOO,10% volume voordeel,2026-08-12,2999-12-31,,True,AH,https://www.ah.nl/producten/product/wi568161,2026-08-12,Alpro Barista oats 6-pack,vegetarian-vegan-and-plant-based
518423,87619,Alpro Mild & creamy zonder suikers,Alpro,vegetarisch-vegan-en-plantaardig,"Vegetarisch, vegan en plantaardig",Plantaardige yoghurt naturel,1.995,2.99,33.3,2 voor 3.99,3.99,2.0,755 g,normale prijs per kg €3.96,True,AH,2 voor 3.99,2026-08-10,2026-08-16,A,True,AH,https://www.ah.nl/producten/product/wi518423,2026-08-12,Alpro Mild & creamy without sugars,vegetarian-vegan-and-plant-based
604676,0,Alpro Mild & creamy zonder suikers 2-pack,Alpro,vegetarisch-vegan-en-plantaardig,"Vegetarisch, vegan en plantaardig",Plantaardige yoghurt naturel,3.99,5.98,33.3,pakketkorting,,,2 stuks,,True,AHOO,,2026-08-12,2026-08-16,,True,AH,https://www.ah.nl/producten/product/wi604676,2026-08-12,Alpro Mild & creamy without sugars 2-pack,vegetarian-vegan-and-plant-based
570848,11083,Alpro Barista kokos,Alpro,vegetarisch-vegan-en-plantaardig,"Vegetarisch, vegan en plantaardig",Kokosdrink,2.89,2.89,,,,,"0,75 l",prijs per liter €3.85,False,,,,,B,True,AH,https://www.ah.nl/producten/product/wi570848,2026-08-12,Alpro Barista coconut,vegetarian-vegan-and-plant-based
572134,0,Alpro Barista kokosnoot 6-pack,Alpro,vegetarisch-vegan-en-plantaardig,"Vegetarisch, vegan en plantaardig",Kokosdrink,15.61,17.34,10.0,10% volume voordeel,,,6 stuks,,True,AHOO,10% volume voordeel,2026-08-12,2999-12-31,,True,AH,https://www.ah.nl/producten/product/wi572134,2026-08-12,Alpro Barista coconut 6-pack,vegetarian-vegan-and-plant-based
202746,520009,Maza Hoemoes,Maza,vegetarisch-vegan-en-plantaardig,"Vegetarisch, vegan en plantaardig",Hummus naturel,2.49,2.49,,,,,200 g,prijs per kg €12.45,False,,,,,C,True,AH,https://www.ah.nl/producten/product/wi202746,2026-08-12,Maza Hoemoes,vegetarian-vegan-and-plant-based
611390,0,Maza Hoemoes 4-pack,Maza,vegetarisch-vegan-en-plantaardig,"Vegetarisch, vegan en plantaardig",Hummus naturel,9.46,9.96,5.0,5% volume voordeel,,,4 stuks,,True,AHOO,5% volume voordeel,2026-08-12,2999-12-31,,True,AH,https://www.ah.nl/producten/product/wi611390,2026-08-12,Maza Hoemoes 4-pack,vegetarian-vegan-and-plant-based
572133,0,Alpro Barista kokosnoot 4-pack,Alpro,vegetarisch-vegan-en-plantaardig,"Vegetarisch, vegan en plantaardig",Kokosdrink,10.98,11.56,5.0,5% volume voordeel,,,4 stuks,,True,AHOO,5% volume voordeel,2026-08-12,2999-12-31,,True,AH,https://www.ah.nl/producten/product/wi572133,2026-08-12,Alpro Barista coconut 4-pack,vegetarian-vegan-and-plant-based
188227,789013,Alpro Sojadrink original,Alpro,vegetarisch-vegan-en-plantaardig,"Vegetarisch, vegan en plantaardig",Sojadrink,1.99,1.99,,,,,1 l,prijs per liter €1.99,False,,,,,A,True,AH,https://www.ah.nl/producten/product/wi188227,2026-08-12,Alpro Soya drink original,vegetarian-vegan-and-plant-based
562392,0,Alpro Sojadrink original 4-pack,Alpro,vegetarisch-vegan-en-plantaardig,"Vegetarisch, vegan en plantaardig",Sojadrink,7.56,7.96,5.0,5% volume voordeel,,,4 stuks,,True,AHOO,5% volume voordeel,2026-08-12,2999-12-31,,True,AH,https://www.ah.nl/producten/product/wi562392,2026-08-12,Alpro Soya drink original 4-pack,vegetarian-vegan-and-plant-based
565763,4555,AH Terra Plantaardige sojadrink,AH Terra,vegetarisch-vegan-en-plantaardig,"Vegetarisch, vegan en plantaardig",Sojadrink,0.65,0.65,,,,,1 l,prijs per liter €0.65,False,,,,,B,True,AH,https://www.ah.nl/producten/product/wi565763,2026-08-12,AH Terra Vegetable soy drink,vegetarian-vegan-and-plant-based
570842,11074,AH Terra Plantaardige barista haver,AH Terra,vegetarisch-vegan-en-plantaardig,"Vegetarisch, vegan en plantaardig",Haverdrink,1.69,1.69,,,,,1 l,prijs per liter €1.69,False,,,,,C,True,AH,https://www.ah.nl/producten/product/wi570842,2026-08-12,AH Terra Plantaardige barista haver,vegetarian-vegan-and-plant-based
486626,742126,Alpro Variatie op kwark zonder suikers,Alpro,vegetarisch-vegan-en-plantaardig,"Vegetarisch, vegan en plantaardig","Plantaardige kwark, vla",1.995,2.49,19.9,2 voor 3.99,3.99,2.0,400 g,normale prijs per kg €6.23,True,AH,2 voor 3.99,2026-08-10,2026-08-16,A,True,AH,https://www.ah.nl/producten/product/wi486626,2026-08-12,Alpro Variation on cottage cheese without sugar,vegetarian-vegan-and-plant-based
593710,0,Alpro Variatie op kwark zonder suikers 2-pack,Alpro,vegetarisch-vegan-en-plantaardig,"Vegetarisch, vegan en plantaardig","Plantaardige kwark, vla",3.99,4.98,19.9,pakketkorting,,,2 stuks,,True,AHOO,,2026-08-12,2026-08-16,,True,AH,https://www.ah.nl/producten/product/wi593710,2026-08-12,Alpro Variation on cottage cheese without sugars 2-pack,vegetarian-vegan-and-plant-based
570853,11080,Oatly! Biologische barista haver,Oatly!,vegetarisch-vegan-en-plantaardig,"Vegetarisch, vegan en plantaardig",Haverdrink,2.99,2.99,,,,,1 l,prijs per liter €2.99,False,,,,,D,True,AH,https://www.ah.nl/producten/product/wi570853,2026-08-12,Oatly! Organic barista oats,vegetarian-vegan-and-plant-based
611231,0,Oatly! Bio barista haver 4-pack,Oatly!,vegetarisch-vegan-en-plantaardig,"Vegetarisch, vegan en plantaardig",Haverdrink,11.36,11.96,5.0,5% volume voordeel,,,4 stuks,,True,AHOO,5% volume voordeel,2026-08-12,2999-12-31,,True,AH,https://www.ah.nl/producten/product/wi611231,2026-08-12,Oatly! Bio barista haver 4-pack,vegetarian-vegan-and-plant-based
413077,856340,Maza Hoemoes less salt,Maza,vegetarisch-vegan-en-plantaardig,"Vegetarisch, vegan en plantaardig",Hummus naturel,2.49,2.49,,,,,200 g,prijs per kg €12.45,False,,,,,C,True,AH,https://www.ah.nl/producten/product/wi413077,2026-08-12,Maza Hoemoes less salt,vegetarian-vegan-and-plant-based
611394,0,Maza Hoemoes less salt 4-pack,Maza,vegetarisch-vegan-en-plantaardig,"Vegetarisch, vegan en plantaardig",Hummus naturel,9.46,9.96,5.0,5% volume voordeel,,,4 stuks,,True,AHOO,5% volume voordeel,2026-08-12,2999-12-31,,True,AH,https://www.ah.nl/producten/product/wi611394,2026-08-12,Maza Hoemoes less salt 4-pack,vegetarian-vegan-and-plant-based
591341,38699,AH Terra Soja gurt,AH Terra,vegetarisch-vegan-en-plantaardig,"Vegetarisch, vegan en plantaardig",Plantaardige yoghurt naturel,1.79,1.79,,,,,1 l,prijs per liter €1.79,False,,,,,A,True,AH,https://www.ah.nl/producten/product/wi591341,2026-08-12,AH Terra Soya gurt,vegetarian-vegan-and-plant-based
445420,707248,Kips Vega smeerworst kleintje,Kips,vegetarisch-vegan-en-plantaardig,"Vegetarisch, vegan en plantaardig",Plantaardige vleeswaren,2.19,2.19,,,,,6 x 20 g,prijs per kg €18.25,False,,,,,D,True,AH,https://www.ah.nl/producten/product/wi445420,2026-08-12,Kips Vega sausage spread small,vegetarian-vegan-and-plant-based
114698,535295,Alpro Sojadrink zonder suikers,Alpro,vegetarisch-vegan-en-plantaardig,"Vegetarisch, vegan en plantaardig",Sojadrink,1.99,1.99,,,,,1 l,prijs per liter €1.99,False,,,,,A,True,AH,https://www.ah.nl/producten/product/wi114698,2026-08-12,Alpro Sojadrink zonder suikers,vegetarian-vegan-and-plant-based
607847,0,Alpro Sojadrink zonder suikers 4-pack,Alpro,vegetarisch-vegan-en-plantaardig,"Vegetarisch, vegan en plantaardig",Sojadrink,7.56,7.96,5.0,5% volume voordeel,,,4 stuks,,True,AHOO,5% volume voordeel,2026-08-12,2999-12-31,,True,AH,https://www.ah.nl/producten/product/wi607847,2026-08-12,Alpro Soya drink without sugars 4-pack,vegetarian-vegan-and-plant-based
196169,794356,Alpro Mild & creamy vanille smaak,Alpro,vegetarisch-vegan-en-plantaardig,"Vegetarisch, vegan en plantaardig",Plantaardige yoghurt met smaak,1.995,2.99,33.3,2 voor 3.99,3.99,2.0,750 g,normale prijs per kg €3.99,True,AH,2 voor 3.99,2026-08-10,2026-08-16,A,True,AH,https://www.ah.nl/producten/product/wi196169,2026-08-12,Alpro Mild & creamy vanille smaak,vegetarian-vegan-and-plant-based
604675,0,Alpro Mild & creamy vanille smaak 2-pack,Alpro,vegetarisch-vegan-en-plantaardig,"Vegetarisch, vegan en plantaardig",Plantaardige yoghurt met smaak,3.99,5.98,33.3,pakketkorting,,,2 stuks,,True,AHOO,,2026-08-12,2026-08-16,,True,AH,https://www.ah.nl/producten/product/wi604675,2026-08-12,Alpro Mild & creamy vanilla flavor 2-pack,vegetarian-vegan-and-plant-based
580545,23253,AH Terra Plantaardige kipstukjes,AH Terra,vegetarisch-vegan-en-plantaardig,Vlees,Vegetarische stukjes,3.45,3.45,,,,,300 g,prijs per kg €11.50,False,,,,,B,True,AH,https://www.ah.nl/producten/product/wi580545,2026-08-12,AH Terra Vegetable chicken pieces,vegetarian-vegan-and-plant-based
556299,594391,AH Terra Plantaardig kokos gurt ongezoet,AH Terra,vegetarisch-vegan-en-plantaardig,"Vegetarisch, vegan en plantaardig",Plantaardige yoghurt met smaak,1.99,1.99,,,,,500 g,prijs per kg €3.98,False,,,,,C,True,AH,https://www.ah.nl/producten/product/wi556299,2026-08-12,AH Terra Vegetable coconut gurt unsweetened,vegetarian-vegan-and-plant-based
407970,853211,Alpro Plantaardige kwark naturel,Alpro,vegetarisch-vegan-en-plantaardig,"Vegetarisch, vegan en plantaardig","Plantaardige kwark, vla",1.995,2.49,19.9,2 voor 3.99,3.99,2.0,400 g,normale prijs per kg €6.23,True,AH,2 voor 3.99,2026-08-10,2026-08-16,A,True,AH,https://www.ah.nl/producten/product/wi407970,2026-08-12,"Alpro Vegetable cottage cheese, natural",vegetarian-vegan-and-plant-based
438962,70499,AH Plantaardige hummus pikant,AH,vegetarisch-vegan-en-plantaardig,"Vegetarisch, vegan en plantaardig",Hummus met smaakje,1.39,1.39,,,,,200 g,prijs per kg €6.95,False,,,,,C,True,AH,https://www.ah.nl/producten/product/wi438962,2026-08-12,AH Vegetable hummus spicy,vegetarian-vegan-and-plant-based
593697,0,Alpro Plantaardige kwark naturel 2-pack,Alpro,vegetarisch-vegan-en-plantaardig,"Vegetarisch, vegan en plantaardig","Plantaardige kwark, vla",3.99,4.98,19.9,pakketkorting,,,2 stuks,,True,AHOO,,2026-08-12,2026-08-16,,True,AH,https://www.ah.nl/producten/product/wi593697,2026-08-12,Alpro Vegetable cottage cheese natural 2-pack,vegetarian-vegan-and-plant-based
564798,2454,AH Terra Terra plantaardige rulgehakt,AH Terra,vegetarisch-vegan-en-plantaardig,Vlees,Vegetarisch gehakt,2.85,2.85,,,,,375 g,prijs per kg €7.60,False,,,,,A,True,AH,https://www.ah.nl/producten/product/wi564798,2026-08-12,AH Terra Terra plantaardige rulgehakt,vegetarian-vegan-and-plant-based
462556,715197,Kips Vega smeerworst tuinkruiden,Kips,vegetarisch-vegan-en-plantaardig,"Vegetarisch, vegan en plantaardig",Plantaardige vleeswaren,2.49,2.49,,,,,125 g,prijs per kg €19.92,False,,,,,E,True,AH,https://www.ah.nl/producten/product/wi462556,2026-08-12,Kips Vega sausage spread garden herbs,vegetarian-vegan-and-plant-based
413076,856339,Maza Hoemoes tomaat basilicum,Maza,vegetarisch-vegan-en-plantaardig,"Vegetarisch, vegan en plantaardig",Hummus met smaakje,2.59,2.59,,,,,200 g,prijs per kg €12.95,False,,,,,C,True,AH,https://www.ah.nl/producten/product/wi413076,2026-08-12,Maza Hoemoes tomaat basilicum,vegetarian-vegan-and-plant-based
611400,0,Maza Hoemoes tomaat basilicum 4-pack,Maza,vegetarisch-vegan-en-plantaardig,"Vegetarisch, vegan en plantaardig",Hummus met smaakje,9.84,10.36,5.0,5% volume voordeel,,,4 stuks,,True,AHOO,5% volume voordeel,2026-08-12,2999-12-31,,True,AH,https://www.ah.nl/producten/product/wi611400,2026-08-12,Maza Hoemoes tomato basil 4-pack,vegetarian-vegan-and-plant-based
220748,815559,Alpro Amandeldrink geroosterd zonder suikers,Alpro,vegetarisch-vegan-en-plantaardig,"Vegetarisch, vegan en plantaardig","Amandel, cashewdrink",3.19,3.19,,,,,1 l,prijs per liter €3.19,False,,,,,B,True,AH,https://www.ah.nl/producten/product/wi220748,2026-08-12,Alpro Amandeldrink geroosterd zonder suikers,vegetarian-vegan-and-plant-based
564600,0,Alpro Amandeldrink zonder suikers 4-pack,Alpro,vegetarisch-vegan-en-plantaardig,"Vegetarisch, vegan en plantaardig","Amandel, cashewdrink",12.12,12.76,5.0,5% volume voordeel,,,4 stuks,,True,AHOO,5% volume voordeel,2026-08-12,2999-12-31,,True,AH,https://www.ah.nl/producten/product/wi564600,2026-08-12,Alpro Almond drink without sugars 4-pack,vegetarian-vegan-and-plant-based
202855,798418,Maza Hoemoes rode biet,Maza,vegetarisch-vegan-en-plantaardig,"Vegetarisch, vegan en plantaardig",Hummus met smaakje,2.69,2.69,,,,,200 g,prijs per kg €13.45,False,,,,,C,True,AH,https://www.ah.nl/producten/product/wi202855,2026-08-12,Maza Hoemoes beetroot,vegetarian-vegan-and-plant-based
611397,0,Maza Hoemoes rode biet 4-pack,Maza,vegetarisch-vegan-en-plantaardig,"Vegetarisch, vegan en plantaardig",Hummus met smaakje,10.22,10.76,5.0,5% volume voordeel,,,4 stuks,,True,AHOO,5% volume voordeel,2026-08-12,2999-12-31,,True,AH,https://www.ah.nl/producten/product/wi611397,2026-08-12,Maza Hoemoes beetroot 4-pack,vegetarian-vegan-and-plant-based
604923,58790,AH Terra Hummus gegrilde groente,AH Terra,vegetarisch-vegan-en-plantaardig,"Vegetarisch, vegan en plantaardig",Hummus met smaakje,1.995,2.69,25.8,2 voor 3.99,3.99,2.0,175 g,normale prijs per kg €15.37,True,AH,2 voor 3.99,2026-08-10,2026-08-16,A,True,AH,https://www.ah.nl/producten/product/wi604923,2026-08-12,AH Terra Hummus grilled vegetables,vegetarian-vegan-and-plant-based
622356,0,AH Terra Hummus gegrilde groente 2-pack,AH Terra,vegetarisch-vegan-en-plantaardig,"Vegetarisch, vegan en plantaardig",Hummus met smaakje,3.99,5.38,25.8,pakketkorting,,,2 stuks,,True,AHOO,,2026-08-12,2026-08-16,,True,AH,https://www.ah.nl/producten/product/wi622356,2026-08-12,AH Terra Hummus grilled vegetables 2-pack,vegetarian-vegan-and-plant-based
564897,2479,AH Terra Biologische tofu,AH Terra,vegetarisch-vegan-en-plantaardig,"Vegetarisch, vegan en plantaardig",Tofu,1.25,1.25,,,,,325 g,prijs per kg €3.85,False,,,,,A,True,AH,https://www.ah.nl/producten/product/wi564897,2026-08-12,AH Terra Organic tofu,vegetarian-vegan-and-plant-based
622357,0,AH Terra Hummus gegrilde groente 3-pack,AH Terra,vegetarisch-vegan-en-plantaardig,"Vegetarisch, vegan en plantaardig",Hummus met smaakje,6.68,8.07,17.2,pakketkorting,,,3 stuks,,True,AHOO,,2026-08-12,2026-08-16,,True,AH,https://www.ah.nl/producten/product/wi622357,2026-08-12,AH Terra Hummus grilled vegetables 3-pack,vegetarian-vegan-and-plant-based
622358,0,AH Terra Hummus gegrilde groente 4-pack,AH Terra,vegetarisch-vegan-en-plantaardig,"Vegetarisch, vegan en plantaardig",Hummus met smaakje,7.98,10.76,25.8,pakketkorting,,,4 stuks,,True,AHOO,,2026-08-12,2026-08-16,,True,AH,https://www.ah.nl/producten/product/wi622358,2026-08-12,AH Terra Hummus grilled vegetables 4-pack,vegetarian-vegan-and-plant-based
604924,58791,AH Terra Hummus naturel,AH Terra,vegetarisch-vegan-en-plantaardig,"Vegetarisch, vegan en plantaardig",Hummus naturel,1.995,2.29,12.9,2 voor 3.99,3.99,2.0,175 g,normale prijs per kg €13.09,True,AH,2 voor 3.99,2026-08-10,2026-08-16,A,True,AH,https://www.ah.nl/producten/product/wi604924,2026-08-12,AH Terra Hummus natural,vegetarian-vegan-and-plant-based
622362,0,AH Terra Hummus naturel 2-pack,AH Terra,vegetarisch-vegan-en-plantaardig,"Vegetarisch, vegan en plantaardig",Hummus naturel,3.99,4.58,12.9,pakketkorting,,,2 stuks,,True,AHOO,,2026-08-12,2026-08-16,,True,AH,https://www.ah.nl/producten/product/wi622362,2026-08-12,AH Terra Hummus natural 2-pack,vegetarian-vegan-and-plant-based
622364,0,AH Terra Hummus naturel 4-pack,AH Terra,vegetarisch-vegan-en-plantaardig,"Vegetarisch, vegan en plantaardig",Hummus naturel,7.98,9.16,12.9,pakketkorting,,,4 stuks,,True,AHOO,,2026-08-12,2026-08-16,,True,AH,https://www.ah.nl/producten/product/wi622364,2026-08-12,AH Terra Hummus natural 4-pack,vegetarian-vegan-and-plant-based
622363,0,AH Terra Hummus naturel 3-pack,AH Terra,vegetarisch-vegan-en-plantaardig,"Vegetarisch, vegan en plantaardig",Hummus naturel,6.28,6.87,8.6,pakketkorting,,,3 stuks,,True,AHOO,,2026-08-12,2026-08-16,,True,AH,https://www.ah.nl/producten/product/wi622363,2026-08-12,AH Terra Hummus naturel 3-pack,vegetarian-vegan-and-plant-based
395069,846741,Alpro Mild & creamy kokosnoot,Alpro,vegetarisch-vegan-en-plantaardig,"Vegetarisch, vegan en plantaardig",Plantaardige yoghurt met smaak,1.995,2.99,33.3,2 voor 3.99,3.99,2.0,750 g,normale prijs per kg €3.99,True,AH,2 voor 3.99,2026-08-10,2026-08-16,A,True,AH,https://www.ah.nl/producten/product/wi395069,2026-08-12,Alpro Mild & creamy coconut,vegetarian-vegan-and-plant-based
604673,0,Alpro Mild & creamy kokosnoot 2-pack,Alpro,vegetarisch-vegan-en-plantaardig,"Vegetarisch, vegan en plantaardig",Plantaardige yoghurt met smaak,3.99,5.98,33.3,pakketkorting,,,2 stuks,,True,AHOO,,2026-08-12,2026-08-16,,True,AH,https://www.ah.nl/producten/product/wi604673,2026-08-12,Alpro Mild & creamy coconut 2-pack,vegetarian-vegan-and-plant-based
598995,48325,AH Terra Biologische tofu grootverpakking,AH Terra,vegetarisch-vegan-en-plantaardig,"Vegetarisch, vegan en plantaardig",Tofu,1.89,1.89,,,,,500 g,prijs per kg €3.78,False,,,,,A,True,AH,https://www.ah.nl/producten/product/wi598995,2026-08-12,AH Terra Organic tofu bulk packaging,vegetarian-vegan-and-plant-based
518443,699387,Alpro Mild & creamy naturel,Alpro,vegetarisch-vegan-en-plantaardig,"Vegetarisch, vegan en plantaardig",Plantaardige yoghurt naturel,1.995,2.89,31.0,2 voor 3.99,3.99,2.0,755 g,normale prijs per kg €3.83,True,AH,2 voor 3.99,2026-08-10,2026-08-16,A,True,AH,https://www.ah.nl/producten/product/wi518443,2026-08-12,Alpro Mild & creamy natural,vegetarian-vegan-and-plant-based
604674,0,Alpro Mild & creamy naturel 2-pack,Alpro,vegetarisch-vegan-en-plantaardig,"Vegetarisch, vegan en plantaardig",Plantaardige yoghurt naturel,3.99,5.78,31.0,pakketkorting,,,2 stuks,,True,AHOO,,2026-08-12,2026-08-16,,True,AH,https://www.ah.nl/producten/product/wi604674,2026-08-12,Alpro Mild & creamy natural 2-pack,vegetarian-vegan-and-plant-based
604928,58795,AH Hummus zongedroogde tomaat,AH,vegetarisch-vegan-en-plantaardig,"Vegetarisch, vegan en plantaardig",Hummus met smaakje,1.995,2.49,19.9,2 voor 3.99,3.99,2.0,175 g,normale prijs per kg €14.23,True,AH,2 voor 3.99,2026-08-10,2026-08-16,A,True,AH,https://www.ah.nl/producten/product/wi604928,2026-08-12,AH Hummus sun-dried tomato,vegetarian-vegan-and-plant-based
143547,616423,Valess Vegetarische Gouda schnitzel,Valess,vegetarisch-vegan-en-plantaardig,Vlees,Vegetarische schnitzel,2.495,3.79,34.2,2 voor 4.99,4.99,2.0,2 x 90 g,normale prijs per kg €21.06,True,AH,2 voor 4.99,2026-08-10,2026-08-16,C,True,AH,https://www.ah.nl/producten/product/wi143547,2026-08-12,Valess Vegetarian Gouda schnitzel,vegetarian-vegan-and-plant-based
622371,0,AH Terra Hummus zongedroogde tomaat 2-pack,AH Terra,vegetarisch-vegan-en-plantaardig,"Vegetarisch, vegan en plantaardig",Hummus met smaakje,3.99,4.98,19.9,pakketkorting,,,2 stuks,,True,AHOO,,2026-08-12,2026-08-16,,True,AH,https://www.ah.nl/producten/product/wi622371,2026-08-12,AH Terra Hummus sun-dried tomato 2-pack,vegetarian-vegan-and-plant-based
622373,0,AH Terra Hummus zongedroogde tomaat 4-pack,AH Terra,vegetarisch-vegan-en-plantaardig,"Vegetarisch, vegan en plantaardig",Hummus met smaakje,7.98,9.96,19.9,pakketkorting,,,4 stuks,,True,AHOO,,2026-08-12,2026-08-16,,True,AH,https://www.ah.nl/producten/product/wi622373,2026-08-12,AH Terra Hummus sun-dried tomato 4-pack,vegetarian-vegan-and-plant-based
556302,691342,Alpro Plantaardige variatie op kwark mango,Alpro,vegetarisch-vegan-en-plantaardig,"Vegetarisch, vegan en plantaardig","Plantaardige kwark, vla",1.995,2.99,33.3,2 voor 3.99,3.99,2.0,400 g,normale prijs per kg €7.48,True,AH,2 voor 3.99,2026-08-10,2026-08-16,A,True,AH,https://www.ah.nl/producten/product/wi556302,2026-08-12,Alpro Vegetable variation on mango cottage cheese,vegetarian-vegan-and-plant-based
593699,0,Alpro Plantaardige kwark mango 2-pack,Alpro,vegetarisch-vegan-en-plantaardig,"Vegetarisch, vegan en plantaardig","Plantaardige kwark, vla",3.99,5.98,33.3,pakketkorting,,,2 stuks,,True,AHOO,,2026-08-12,2026-08-16,,True,AH,https://www.ah.nl/producten/product/wi593699,2026-08-12,Alpro Plantaardige kwark mango 2-pack,vegetarian-vegan-and-plant-based
622372,0,AH Terra Hummus zongedroogde tomaat 3-pack,AH Terra,vegetarisch-vegan-en-plantaardig,"Vegetarisch, vegan en plantaardig",Hummus met smaakje,6.48,7.47,13.3,pakketkorting,,,3 stuks,,True,AHOO,,2026-08-12,2026-08-16,,True,AH,https://www.ah.nl/producten/product/wi622372,2026-08-12,AH Terra Hummus zongedroogde tomaat 3-pack,vegetarian-vegan-and-plant-based
397372,848134,AH Terra Plantaardige balletjes,AH Terra,vegetarisch-vegan-en-plantaardig,Vlees,Vega balletjes,1.59,1.59,,,,,200 g,prijs per kg €7.95,False,,,,,A,True,AH,https://www.ah.nl/producten/product/wi397372,2026-08-12,AH Terra Vegetable balls,vegetarian-vegan-and-plant-based
580544,23252,AH Terra Plantaardige kipstukjes,AH Terra,vegetarisch-vegan-en-plantaardig,Vlees,Vegetarische stukjes,2.09,2.09,,,,,160 g,prijs per kg €13.06,False,,,,,B,True,AH,https://www.ah.nl/producten/product/wi580544,2026-08-12,AH Terra Vegetable chicken pieces,vegetarian-vegan-and-plant-based
604925,58792,AH Hummus pikant,AH,vegetarisch-vegan-en-plantaardig,"Vegetarisch, vegan en plantaardig",Hummus met smaakje,1.995,2.49,19.9,2 voor 3.99,3.99,2.0,175 g,normale prijs per kg €14.23,True,AH,2 voor 3.99,2026-08-10,2026-08-16,A,True,AH,https://www.ah.nl/producten/product/wi604925,2026-08-12,AH Hummus spicy,vegetarian-vegan-and-plant-based
236488,828959,Heinz Sandwich spread naturel,Heinz,vegetarisch-vegan-en-plantaardig,"Vegetarisch, vegan en plantaardig",Vegetarische spreads,2.39,2.39,,,,,450 g,prijs per kg €5.31,False,,,,,D,True,AH,https://www.ah.nl/producten/product/wi236488,2026-08-12,Heinz Sandwich spread natural,vegetarian-vegan-and-plant-based
164566,600191,Alpro Sojadrink rode vruchten,Alpro,vegetarisch-vegan-en-plantaardig,"Vegetarisch, vegan en plantaardig",Sojadrink,2.99,2.99,,,,,1 l,prijs per liter €2.99,False,,,,,C,True,AH,https://www.ah.nl/producten/product/wi164566,2026-08-12,Alpro Soya drink red fruits,vegetarian-vegan-and-plant-based
581570,0,Alpro Sojadrink rode vruchten 4-pack,Alpro,vegetarisch-vegan-en-plantaardig,"Vegetarisch, vegan en plantaardig",Sojadrink,11.36,11.96,5.0,5% volume voordeel,,,4 stuks,,True,AHOO,5% volume voordeel,2026-08-12,2999-12-31,,True,AH,https://www.ah.nl/producten/product/wi581570,2026-08-12,Alpro Sojadrink rode vruchten 4-pack,vegetarian-vegan-and-plant-based
489284,742890,AH Terra Plantaardige grillworst,AH Terra,vegetarisch-vegan-en-plantaardig,"Vegetarisch, vegan en plantaardig",Plantaardige vleeswaren,1.99,1.99,,,,,80 g,prijs per kg €24.88,False,,,,,C,True,AH,https://www.ah.nl/producten/product/wi489284,2026-08-12,AH Terra Vegetable grilled sausage,vegetarian-vegan-and-plant-based
567452,0,AH Quiche spinazie geitenkaas 2-pack,AH,vegetarisch-vegan-en-plantaardig,Vlees,Vegetarische schnitzel,7.66,7.98,4.0,4% volume voordeel,,,2 stuks,,True,AHOO,4% volume voordeel,2026-08-12,2999-12-31,,True,AH,https://www.ah.nl/producten/product/wi567452,2026-08-12,AH Quiche spinach goat cheese 2-pack,vegetarian-vegan-and-plant-based
401934,850503,Oatly! Biologische haverdrank,Oatly!,vegetarisch-vegan-en-plantaardig,"Vegetarisch, vegan en plantaardig",Haverdrink,2.89,2.89,,,,,1 l,prijs per liter €2.89,False,,,,,C,True,AH,https://www.ah.nl/producten/product/wi401934,2026-08-12,Oatly! Organic oat drink,vegetarian-vegan-and-plant-based
611233,0,Oatly! Haverdrank bio 4-pack,Oatly!,vegetarisch-vegan-en-plantaardig,"Vegetarisch, vegan en plantaardig",Haverdrink,10.98,11.56,5.0,5% volume voordeel,,,4 stuks,,True,AHOO,5% volume voordeel,2026-08-12,2999-12-31,,True,AH,https://www.ah.nl/producten/product/wi611233,2026-08-12,Oatly! Oat drink organic 4-pack,vegetarian-vegan-and-plant-based
475112,727769,Vivera Vegetarische kaas schnitzel,Vivera,vegetarisch-vegan-en-plantaardig,Vlees,Vegetarische schnitzel,3.29,3.29,,,,,150 g,prijs per kg €21.93,False,,,,,E,True,AH,https://www.ah.nl/producten/product/wi475112,2026-08-12,Vivera Vegetarian cheese schnitzel,vegetarian-vegan-and-plant-based
520119,695871,Alpro Plantaardige variatie op kwark aardbei,Alpro,vegetarisch-vegan-en-plantaardig,"Vegetarisch, vegan en plantaardig","Plantaardige kwark, vla",1.995,2.89,31.0,2 voor 3.99,3.99,2.0,400 g,normale prijs per kg €7.23,True,AH,2 voor 3.99,2026-08-10,2026-08-16,A,True,AH,https://www.ah.nl/producten/product/wi520119,2026-08-12,Alpro Plant-based variation on strawberry cottage cheese,vegetarian-vegan-and-plant-based
593698,0,Alpro Plantaardige kwark aardbei 2-pack,Alpro,vegetarisch-vegan-en-plantaardig,"Vegetarisch, vegan en plantaardig","Plantaardige kwark, vla",3.99,5.78,31.0,pakketkorting,,,2 stuks,,True,AHOO,,2026-08-12,2026-08-16,,True,AH,https://www.ah.nl/producten/product/wi593698,2026-08-12,Alpro Vegetable cottage cheese strawberry 2-pack,vegetarian-vegan-and-plant-based
169919,751733,Alpro Plantaardig variatie blauwe bosbes,Alpro,vegetarisch-vegan-en-plantaardig,"Vegetarisch, vegan en plantaardig",Plantaardige yoghurt met smaak,1.995,2.69,25.8,2 voor 3.99,3.99,2.0,500 g,normale prijs per kg €5.38,True,AH,2 voor 3.99,2026-08-10,2026-08-16,B,True,AH,https://www.ah.nl/producten/product/wi169919,2026-08-12,Alpro Vegetable variation bilberry,vegetarian-vegan-and-plant-based
593705,0,Alpro Plantaardig blauwe bosbes 2-pack,Alpro,vegetarisch-vegan-en-plantaardig,"Vegetarisch, vegan en plantaardig",Plantaardige yoghurt met smaak,3.99,5.38,25.8,pakketkorting,,,2 stuks,,True,AHOO,,2026-08-12,2026-08-16,,True,AH,https://www.ah.nl/producten/product/wi593705,2026-08-12,Alpro Vegetable blueberry 2-pack,vegetarian-vegan-and-plant-based
461863,714667,Alpro Plantaardige variatie vla vanillesmaak,Alpro,vegetarisch-vegan-en-plantaardig,"Vegetarisch, vegan en plantaardig","Plantaardige kwark, vla",1.99,1.99,,,,,525 g,prijs per kg €3.79,False,,,,,A,True,AH,https://www.ah.nl/producten/product/wi461863,2026-08-12,Alpro Vegetable variation custard vanilla flavor,vegetarian-vegan-and-plant-based
593702,0,Alpro Plantaardige vla vanillesmaak 2-pack,Alpro,vegetarisch-vegan-en-plantaardig,"Vegetarisch, vegan en plantaardig","Plantaardige kwark, vla",3.78,3.98,5.0,5% volume voordeel,,,2 stuks,,True,AHOO,5% volume voordeel,2026-08-12,2999-12-31,,True,AH,https://www.ah.nl/producten/product/wi593702,2026-08-12,Alpro Vegetable custard vanilla flavor 2-pack,vegetarian-vegan-and-plant-based
619074,0,AH Terra Plantaardige grillworst 4-pack,AH Terra,vegetarisch-vegan-en-plantaardig,"Vegetarisch, vegan en plantaardig",Plantaardige vleeswaren,7.48,7.96,6.0,6% volume voordeel,,,4 stuks,,True,AHOO,6% volume voordeel,2026-08-12,2999-12-31,,True,AH,https://www.ah.nl/producten/product/wi619074,2026-08-12,AH Terra Vegetable grilled sausage 4-pack,vegetarian-vegan-and-plant-based
561002,673404,AH Terra Plantaardig smashed avocado,AH Terra,vegetarisch-vegan-en-plantaardig,"Vegetarisch, vegan en plantaardig",Plantaardige spreads,2.39,2.39,,,,,110 g,prijs per kg €21.73,False,,,,,B,True,AH,https://www.ah.nl/producten/product/wi561002,2026-08-12,AH Terra Plantaardig smashed avocado,vegetarian-vegan-and-plant-based
565764,4556,AH Terra Plantaardige kokosdrink,AH Terra,vegetarisch-vegan-en-plantaardig,"Vegetarisch, vegan en plantaardig",Kokosdrink,1.99,1.99,,,,,1 l,prijs per liter €1.99,False,,,,,C,True,AH,https://www.ah.nl/producten/product/wi565764,2026-08-12,AH Terra Vegetable coconut drink,vegetarian-vegan-and-plant-based
619072,0,AH Terra Plantaardige grillworst 2-pack,AH Terra,vegetarisch-vegan-en-plantaardig,"Vegetarisch, vegan en plantaardig",Plantaardige vleeswaren,3.9,3.98,2.0,2% volume voordeel,,,2 stuks,,True,AHOO,2% volume voordeel,2026-08-12,2999-12-31,,True,AH,https://www.ah.nl/producten/product/wi619072,2026-08-12,AH Terra Vegetable grilled sausage 2-pack,vegetarian-vegan-and-plant-based
619073,0,AH Terra Plantaardige grillworst 3-pack,AH Terra,vegetarisch-vegan-en-plantaardig,"Vegetarisch, vegan en plantaardig",Plantaardige vleeswaren,5.79,5.97,3.0,3% volume voordeel,,,3 stuks,,True,AHOO,3% volume voordeel,2026-08-12,2999-12-31,,True,AH,https://www.ah.nl/producten/product/wi619073,2026-08-12,AH Terra Vegetable grilled sausage 3-pack,vegetarian-vegan-and-plant-based
397382,848146,Vivera Plantaardige kipkrokant schnitzel,Vivera,vegetarisch-vegan-en-plantaardig,Vlees,Vegetarische schnitzel,3.39,3.39,,,,,200 g,prijs per kg €16.95,False,,,,,B,True,AH,https://www.ah.nl/producten/product/wi397382,2026-08-12,Vivera Plantaardige kipkrokant schnitzel,vegetarian-vegan-and-plant-based
610663,67443,AH Terra Biologische soja drink ongezoet,AH Terra,vegetarisch-vegan-en-plantaardig,"Vegetarisch, vegan en plantaardig",Sojadrink,0.99,0.99,,,,,1 l,prijs per liter €0.99,False,,,,,B,True,AH,https://www.ah.nl/producten/product/wi610663,2026-08-12,AH Terra Organic soy drink unsweetened,vegetarian-vegan-and-plant-based
470263,722482,Alpro Plantaardige variatie op kwark vanille,Alpro,vegetarisch-vegan-en-plantaardig,"Vegetarisch, vegan en plantaardig","Plantaardige kwark, vla",1.995,2.89,31.0,2 voor 3.99,3.99,2.0,400 g,normale prijs per kg €7.23,True,AH,2 voor 3.99,2026-08-10,2026-08-16,A,True,AH,https://www.ah.nl/producten/product/wi470263,2026-08-12,Alpro Plant-based variation on vanilla cottage cheese,vegetarian-vegan-and-plant-based
593700,0,Alpro Plantaardige kwark vanille 2-pack,Alpro,vegetarisch-vegan-en-plantaardig,"Vegetarisch, vegan en plantaardig","Plantaardige kwark, vla",3.99,5.78,31.0,pakketkorting,,,2 stuks,,True,AHOO,,2026-08-12,2026-08-16,,True,AH,https://www.ah.nl/producten/product/wi593700,2026-08-12,Alpro Vegetable cottage cheese vanilla 2-pack,vegetarian-vegan-and-plant-based
457669,91929,Beyond Meat Plant-based burger,Beyond Meat,vegetarisch-vegan-en-plantaardig,Vlees,Vegetarische burgers,4.69,4.69,,,,,226 g,prijs per kg €20.75,False,,,,,B,True,AH,https://www.ah.nl/producten/product/wi457669,2026-08-12,Beyond Meat Plant-based burger,vegetarian-vegan-and-plant-based
437544,64381,Alpro Barista soja,Alpro,vegetarisch-vegan-en-plantaardig,"Vegetarisch, vegan en plantaardig",Sojadrink,2.69,2.69,,,,,1 l,prijs per liter €2.69,False,,,,,A,True,AH,https://www.ah.nl/producten/product/wi437544,2026-08-12,Alpro Barista soy,vegetarian-vegan-and-plant-based
577563,0,Alpro Barista soja 6-pack,Alpro,vegetarisch-vegan-en-plantaardig,"Vegetarisch, vegan en plantaardig",Sojadrink,14.53,16.14,10.0,10% volume voordeel,,,6 stuks,,True,AHOO,10% volume voordeel,2026-08-12,2999-12-31,,True,AH,https://www.ah.nl/producten/product/wi577563,2026-08-12,Alpro Barista soy 6-pack,vegetarian-vegan-and-plant-based
113391,563047,Alpro Sojadrink banaan,Alpro,vegetarisch-vegan-en-plantaardig,"Vegetarisch, vegan en plantaardig",Sojadrink,2.79,2.79,,,,,1 l,prijs per liter €2.79,False,,,,,B,True,AH,https://www.ah.nl/producten/product/wi113391,2026-08-12,Alpro Soya Drink Banana,vegetarian-vegan-and-plant-based
581569,0,Alpro Sojadrink banaan 4-pack,Alpro,vegetarisch-vegan-en-plantaardig,"Vegetarisch, vegan en plantaardig",Sojadrink,10.6,11.16,5.0,5% volume voordeel,,,4 stuks,,True,AHOO,5% volume voordeel,2026-08-12,2999-12-31,,True,AH,https://www.ah.nl/producten/product/wi581569,2026-08-12,Alpro Soya drink banana 4-pack,vegetarian-vegan-and-plant-based
145350,602679,Alpro Plantaardige variatie op yoghurt nature,Alpro,vegetarisch-vegan-en-plantaardig,"Vegetarisch, vegan en plantaardig",Plantaardige yoghurt naturel,1.995,2.39,16.5,2 voor 3.99,3.99,2.0,500 g,normale prijs per kg €4.78,True,AH,2 voor 3.99,2026-08-10,2026-08-16,A,True,AH,https://www.ah.nl/producten/product/wi145350,2026-08-12,Alpro Plant-based variation on natural yoghurt,vegetarian-vegan-and-plant-based
593701,0,Alpro Plantaardige yoghurt nature 2-pack,Alpro,vegetarisch-vegan-en-plantaardig,"Vegetarisch, vegan en plantaardig",Plantaardige yoghurt naturel,3.99,4.78,16.5,pakketkorting,,,2 stuks,,True,AHOO,,2026-08-12,2026-08-16,,True,AH,https://www.ah.nl/producten/product/wi593701,2026-08-12,Alpro Plant-based yoghurt natural 2-pack,vegetarian-vegan-and-plant-based
108650,557057,Alpro Sojadrink vanille smaak,Alpro,vegetarisch-vegan-en-plantaardig,"Vegetarisch, vegan en plantaardig",Sojadrink,2.89,2.89,,,,,1 l,prijs per liter €2.89,False,,,,,B,True,AH,https://www.ah.nl/producten/product/wi108650,2026-08-12,Alpro Soya drink vanilla flavour,vegetarian-vegan-and-plant-based
581571,0,Alpro Sojadrink vanille 4-pack,Alpro,vegetarisch-vegan-en-plantaardig,"Vegetarisch, vegan en plantaardig",Sojadrink,10.98,11.56,5.0,5% volume voordeel,,,4 stuks,,True,AHOO,5% volume voordeel,2026-08-12,2999-12-31,,True,AH,https://www.ah.nl/producten/product/wi581571,2026-08-12,Alpro Soya drink vanilla 4-pack,vegetarian-vegan-and-plant-based
462464,714671,AH Terra Soja plantaardig alternatief voor room,AH Terra,vegetarisch-vegan-en-plantaardig,"Vegetarisch, vegan en plantaardig",Plantaardige room,0.99,0.99,,,,,200 ml,prijs per liter €4.95,False,,,,,B,True,AH,https://www.ah.nl/producten/product/wi462464,2026-08-12,AH Terra Soja plantaardig alternatief voor room,vegetarian-vegan-and-plant-based
604921,58788,AH Terra Biologische hummus naturel,AH Terra,vegetarisch-vegan-en-plantaardig,"Vegetarisch, vegan en plantaardig",Hummus naturel,1.995,2.99,33.3,2 voor 3.99,3.99,2.0,175 g,normale prijs per kg €17.09,True,AH,2 voor 3.99,2026-08-10,2026-08-16,B,True,AH,https://www.ah.nl/producten/product/wi604921,2026-08-12,AH Terra Organic hummus natural,vegetarian-vegan-and-plant-based
622335,0,AH Terra Biologische hummus naturel 2-pack,AH Terra,vegetarisch-vegan-en-plantaardig,"Vegetarisch, vegan en plantaardig",Hummus naturel,3.99,5.98,33.3,pakketkorting,,,2 stuks,,True,AHOO,,2026-08-12,2026-08-16,,True,AH,https://www.ah.nl/producten/product/wi622335,2026-08-12,AH Terra Organic hummus natural 2-pack,vegetarian-vegan-and-plant-based
622337,0,AH Terra Biologische hummus naturel 4-pack,AH Terra,vegetarisch-vegan-en-plantaardig,"Vegetarisch, vegan en plantaardig",Hummus naturel,7.98,11.96,33.3,pakketkorting,,,4 stuks,,True,AHOO,,2026-08-12,2026-08-16,,True,AH,https://www.ah.nl/producten/product/wi622337,2026-08-12,AH Terra Organic hummus natural 4-pack,vegetarian-vegan-and-plant-based
622336,0,AH Terra Biologische hummus naturel 3-pack,AH Terra,vegetarisch-vegan-en-plantaardig,"Vegetarisch, vegan en plantaardig",Hummus naturel,6.98,8.97,22.2,pakketkorting,,,3 stuks,,True,AHOO,,2026-08-12,2026-08-16,,True,AH,https://www.ah.nl/producten/product/wi622336,2026-08-12,AH Terra Organic hummus natural 3-pack,vegetarian-vegan-and-plant-based
226705,819967,Vegetarische Slager Vegan kipstuckjes,Vegetarische Slager,vegetarisch-vegan-en-plantaardig,Vlees,Vegetarische stukjes,4.39,4.39,,,,,160 g,prijs per kg €27.44,False,,,,,A,True,AH,https://www.ah.nl/producten/product/wi226705,2026-08-12,Vegetarian Butcher Vegan chicken pieces,vegetarian-vegan-and-plant-based
564862,2458,AH Terra Plantaardige burger,AH Terra,vegetarisch-vegan-en-plantaardig,Vlees,Vegetarische burgers,2.99,2.99,,,,,227 g,prijs per kg €13.17,False,,,,,B,True,AH,https://www.ah.nl/producten/product/wi564862,2026-08-12,AH Terra Plant-based burger,vegetarian-vegan-and-plant-based
509552,690171,AH Terra Plantaardige plakken mild,AH Terra,vegetarisch-vegan-en-plantaardig,"Vegetarisch, vegan en plantaardig",Plantaardige kaas voor beleg,1.69,1.69,,,,,200 g,prijs per kg €8.45,False,,,,,E,True,AH,https://www.ah.nl/producten/product/wi509552,2026-08-12,AH Terra Vegetable slices mild,vegetarian-vegan-and-plant-based
580284,23299,Oatly! Barista edition lighter taste,Oatly!,vegetarisch-vegan-en-plantaardig,"Vegetarisch, vegan en plantaardig",Haverdrink,2.89,2.89,,,,,1 l,prijs per liter €2.89,False,,,,,C,True,AH,https://www.ah.nl/producten/product/wi580284,2026-08-12,Oatly! Barista edition lighter taste,vegetarian-vegan-and-plant-based
605271,59961,AH Terra Biologisch amandeldrink ongezoet,AH Terra,vegetarisch-vegan-en-plantaardig,"Vegetarisch, vegan en plantaardig","Amandel, cashewdrink",1.59,1.59,,,,,1 l,prijs per liter €1.59,False,,,,,B,True,AH,https://www.ah.nl/producten/product/wi605271,2026-08-12,AH Terra Biologisch amandeldrink ongezoet,vegetarian-vegan-and-plant-based
611229,0,Oatly! Barista edition lighter taste 4-pack,Oatly!,vegetarisch-vegan-en-plantaardig,"Vegetarisch, vegan en plantaardig",Haverdrink,10.98,11.56,5.0,5% volume voordeel,,,4 stuks,,True,AHOO,5% volume voordeel,2026-08-12,2999-12-31,,True,AH,https://www.ah.nl/producten/product/wi611229,2026-08-12,Oatly! Barista edition lighter taste 4-pack,vegetarian-vegan-and-plant-based
620367,0,AH Terra Plantaardige burger 3-pack,AH Terra,vegetarisch-vegan-en-plantaardig,Vlees,Vegetarische burgers,8.52,8.97,5.0,5% volume voordeel,,,3 stuks,,True,AHOO,5% volume voordeel,2026-08-12,2999-12-31,,True,AH,https://www.ah.nl/producten/product/wi620367,2026-08-12,AH Terra Vegetable burger 3-pack,vegetarian-vegan-and-plant-based
237280,830176,Alpro Plantaardig variatie kers,Alpro,vegetarisch-vegan-en-plantaardig,"Vegetarisch, vegan en plantaardig",Plantaardige yoghurt met smaak,1.995,2.79,28.5,2 voor 3.99,3.99,2.0,500 g,normale prijs per kg €5.58,True,AH,2 voor 3.99,2026-08-10,2026-08-16,B,True,AH,https://www.ah.nl/producten/product/wi237280,2026-08-12,Alpro Vegetable variety cherry,vegetarian-vegan-and-plant-based
604678,0,Alpro Plantaardig variatie kers 2-pack,Alpro,vegetarisch-vegan-en-plantaardig,"Vegetarisch, vegan en plantaardig",Plantaardige yoghurt met smaak,3.99,5.58,28.5,pakketkorting,,,2 stuks,,True,AHOO,,2026-08-12,2026-08-16,,True,AH,https://www.ah.nl/producten/product/wi604678,2026-08-12,Alpro Plant-based variation cherry 2-pack,vegetarian-vegan-and-plant-based
561000,609007,AH Terra Plantaardige hummus naturel,AH Terra,vegetarisch-vegan-en-plantaardig,"Vegetarisch, vegan en plantaardig",Hummus naturel,2.25,2.25,,,,,350 g,prijs per kg €6.43,False,,,,,C,True,AH,https://www.ah.nl/producten/product/wi561000,2026-08-12,AH Terra Vegetable hummus natural,vegetarian-vegan-and-plant-based
620369,0,AH Terra Plantaardige burger 5-pack,AH Terra,vegetarisch-vegan-en-plantaardig,Vlees,Vegetarische burgers,13.45,14.95,10.0,10% volume voordeel,,,5 stuks,,True,AHOO,10% volume voordeel,2026-08-12,2999-12-31,,True,AH,https://www.ah.nl/producten/product/wi620369,2026-08-12,AH Terra Vegetable burger 5-pack,vegetarian-vegan-and-plant-based
620368,0,AH Terra Plantaardige burger 4-pack,AH Terra,vegetarisch-vegan-en-plantaardig,Vlees,Vegetarische burgers,11.12,11.96,7.0,7% volume voordeel,,,4 stuks,,True,AHOO,7% volume voordeel,2026-08-12,2999-12-31,,True,AH,https://www.ah.nl/producten/product/wi620368,2026-08-12,AH Terra Vegetable burger 4-pack,vegetarian-vegan-and-plant-based
121227,557834,Alpro Sojadrink original gekoeld,Alpro,vegetarisch-vegan-en-plantaardig,"Vegetarisch, vegan en plantaardig",Sojadrink,1.995,2.79,28.5,2 voor 3.99,3.99,2.0,1 l,normale prijs per liter €2.79,True,AH,2 voor 3.99,2026-08-10,2026-08-16,A,True,AH,https://www.ah.nl/producten/product/wi121227,2026-08-12,Alpro Soya drink original chilled,vegetarian-vegan-and-plant-based
451200,579876,AH Terra Plantaardige haverdrink ongezoet,AH Terra,vegetarisch-vegan-en-plantaardig,"Vegetarisch, vegan en plantaardig",Haverdrink,1.69,1.69,,,,,1 l,prijs per liter €1.69,False,,,,,C,True,AH,https://www.ah.nl/producten/product/wi451200,2026-08-12,AH Terra Vegetable oat drink unsweetened,vegetarian-vegan-and-plant-based
502390,817843,Vegetarische Slager Vegan pluimfeestburger,Vegetarische Slager,vegetarisch-vegan-en-plantaardig,Vlees,Vegetarische burgers,3.99,3.99,,,,,180 g,prijs per kg €22.17,False,,,,,B,True,AH,https://www.ah.nl/producten/product/wi502390,2026-08-12,Vegetarian Butcher Vegan plum party burger,vegetarian-vegan-and-plant-based
605272,59962,AH Terra Biologisch haverdrink ongezoet,AH Terra,vegetarisch-vegan-en-plantaardig,"Vegetarisch, vegan en plantaardig",Haverdrink,1.49,1.49,,,,,1 l,prijs per liter €1.49,False,,,,,C,True,AH,https://www.ah.nl/producten/product/wi605272,2026-08-12,AH Terra Organic oat drink unsweetened,vegetarian-vegan-and-plant-based
224738,818230,Alpro Kokosnootdrink original,Alpro,vegetarisch-vegan-en-plantaardig,"Vegetarisch, vegan en plantaardig",Kokosdrink,3.29,3.29,,,,,1 l,prijs per liter €3.29,False,,,,,B,True,AH,https://www.ah.nl/producten/product/wi224738,2026-08-12,Alpro Coconut drink original,vegetarian-vegan-and-plant-based
581566,0,Alpro Kokosnootdrink original 4-pack,Alpro,vegetarisch-vegan-en-plantaardig,"Vegetarisch, vegan en plantaardig",Kokosdrink,12.5,13.16,5.0,5% volume voordeel,,,4-stuks,,True,AHOO,5% volume voordeel,2026-08-12,2999-12-31,,True,AH,https://www.ah.nl/producten/product/wi581566,2026-08-12,Alpro Coconut drink original 4-pack,vegetarian-vegan-and-plant-based
96640,505650,Alpro Plantaardig variatie perzik,Alpro,vegetarisch-vegan-en-plantaardig,"Vegetarisch, vegan en plantaardig",Plantaardige yoghurt met smaak,1.995,2.69,25.8,2 voor 3.99,3.99,2.0,500 g,normale prijs per kg €5.38,True,AH,2 voor 3.99,2026-08-10,2026-08-16,A,True,AH,https://www.ah.nl/producten/product/wi96640,2026-08-12,Alpro Vegetable variation peach,vegetarian-vegan-and-plant-based
604679,0,Alpro Plantaardig variatie perzik 2-pack,Alpro,vegetarisch-vegan-en-plantaardig,"Vegetarisch, vegan en plantaardig",Plantaardige yoghurt met smaak,3.99,5.38,25.8,pakketkorting,,,2 stuks,,True,AHOO,,2026-08-12,2026-08-16,,True,AH,https://www.ah.nl/producten/product/wi604679,2026-08-12,Alpro Vegetable variation peach 2-pack,vegetarian-vegan-and-plant-based
202747,520020,Maza Baba anoesh,Maza,vegetarisch-vegan-en-plantaardig,"Vegetarisch, vegan en plantaardig",Vegetarische spreads,2.39,2.39,,,,,200 g,prijs per kg €11.95,False,,,,,C,True,AH,https://www.ah.nl/producten/product/wi202747,2026-08-12,Maza Baba anush,vegetarian-vegan-and-plant-based
611388,0,Maza Baba anoesh 3-pack,Maza,vegetarisch-vegan-en-plantaardig,"Vegetarisch, vegan en plantaardig",Vegetarische spreads,6.81,7.17,5.0,5% volume voordeel,,,3 stuks,,True,AHOO,5% volume voordeel,2026-08-12,2999-12-31,,True,AH,https://www.ah.nl/producten/product/wi611388,2026-08-12,Maza Baba anush 3-pack,vegetarian-vegan-and-plant-based
564865,2461,AH Terra Plantaardige schnitzel,AH Terra,vegetarisch-vegan-en-plantaardig,Vlees,Vegetarische schnitzel,1.85,1.85,,,,,200 g,prijs per kg €9.25,False,,,,,B,True,AH,https://www.ah.nl/producten/product/wi564865,2026-08-12,AH Terra Vegetable schnitzel,vegetarian-vegan-and-plant-based
548465,602016,Oatly! Haverdrank no sugar,Oatly!,vegetarisch-vegan-en-plantaardig,"Vegetarisch, vegan en plantaardig",Haverdrink,2.89,2.89,,,,,1 l,prijs per liter €2.89,False,,,,,C,True,AH,https://www.ah.nl/producten/product/wi548465,2026-08-12,Oatly! Oat drink no sugar,vegetarian-vegan-and-plant-based
611235,0,Oatly! Haverdrank no sugar 4-pack,Oatly!,vegetarisch-vegan-en-plantaardig,"Vegetarisch, vegan en plantaardig",Haverdrink,10.98,11.56,5.0,5% volume voordeel,,,4 stuks,,True,AHOO,5% volume voordeel,2026-08-12,2999-12-31,,True,AH,https://www.ah.nl/producten/product/wi611235,2026-08-12,Oatly! Oat drink no sugar 4-pack,vegetarian-vegan-and-plant-based
447631,47432,Alpro Haverdrink zonder suikers,Alpro,vegetarisch-vegan-en-plantaardig,"Vegetarisch, vegan en plantaardig",Haverdrink,2.79,2.79,,,,,1 l,prijs per liter €2.79,False,,,,,A,True,AH,https://www.ah.nl/producten/product/wi447631,2026-08-12,Alpro Oat Drink without sugars,vegetarian-vegan-and-plant-based
581564,0,Alpro Haverdrink zonder suikers 4-pack,Alpro,vegetarisch-vegan-en-plantaardig,"Vegetarisch, vegan en plantaardig",Haverdrink,10.6,11.16,5.0,5% volume voordeel,,,4-stuks,,True,AHOO,5% volume voordeel,2026-08-12,2999-12-31,,True,AH,https://www.ah.nl/producten/product/wi581564,2026-08-12,Alpro Oat drink without sugars 4-pack,vegetarian-vegan-and-plant-based
475227,727562,Oatly! Haverdrank vol,Oatly!,vegetarisch-vegan-en-plantaardig,"Vegetarisch, vegan en plantaardig",Haverdrink,2.69,2.69,,,,,1 l,prijs per liter €2.69,False,,,,,D,True,AH,https://www.ah.nl/producten/product/wi475227,2026-08-12,Oatly! Oat drink vol,vegetarian-vegan-and-plant-based
46003,78756,Alpro Sojadrink chocolade,Alpro,vegetarisch-vegan-en-plantaardig,"Vegetarisch, vegan en plantaardig",Sojadrink,2.89,2.89,,,,,1 l,prijs per liter €2.89,False,,,,,B,True,AH,https://www.ah.nl/producten/product/wi46003,2026-08-12,Alpro Sojadrink chocolade,vegetarian-vegan-and-plant-based
607846,0,Alpro Sojadrink chocolade 4-pack,Alpro,vegetarisch-vegan-en-plantaardig,"Vegetarisch, vegan en plantaardig",Sojadrink,10.98,11.56,5.0,5% volume voordeel,,,4 stuks,,True,AHOO,5% volume voordeel,2026-08-12,2999-12-31,,True,AH,https://www.ah.nl/producten/product/wi607846,2026-08-12,Alpro Soya drink chocolate 4-pack,vegetarian-vegan-and-plant-based
612728,69476,Beyond Meat Korean BBQ flavour burger,Beyond Meat,vegetarisch-vegan-en-plantaardig,Vlees,Vegetarische burgers,4.69,4.69,,,,,200 g,prijs per kg €23.45,False,,,,,B,True,AH,https://www.ah.nl/producten/product/wi612728,2026-08-12,Beyond Meat Korean BBQ flavor burger,vegetarian-vegan-and-plant-based
570915,11851,AH Terra Plantaardig alternatief crème fraîche,AH Terra,vegetarisch-vegan-en-plantaardig,"Vegetarisch, vegan en plantaardig",Plantaardige room,0.89,0.89,,,,,175 g,prijs per kg €5.09,False,,,,,D,True,AH,https://www.ah.nl/producten/product/wi570915,2026-08-12,AH Terra Plant-based alternative crème fraîche,vegetarian-vegan-and-plant-based
388899,846093,Vegetarische Slager Kipworst,Vegetarische Slager,vegetarisch-vegan-en-plantaardig,"Vegetarisch, vegan en plantaardig",Vegetarische vleeswaren,2.79,2.79,,,,,100 g,prijs per kg €27.90,False,,,,,D,True,AH,https://www.ah.nl/producten/product/wi388899,2026-08-12,Vegetarian Butcher Chicken Sausage,vegetarian-vegan-and-plant-based
606755,63236,AH Terra Plantaardige barista kokos,AH Terra,vegetarisch-vegan-en-plantaardig,"Vegetarisch, vegan en plantaardig",Kokosdrink,1.69,1.69,,,,,1 l,prijs per liter €1.69,False,,,,,C,True,AH,https://www.ah.nl/producten/product/wi606755,2026-08-12,AH Terra Vegetable barista coconut,vegetarian-vegan-and-plant-based
548464,523483,Oatly! Haverdrank halfvol calcium,Oatly!,vegetarisch-vegan-en-plantaardig,"Vegetarisch, vegan en plantaardig",Haverdrink,2.59,2.59,,,,,1 l,prijs per liter €2.59,False,,,,,C,True,AH,https://www.ah.nl/producten/product/wi548464,2026-08-12,Oatly! Oat drink half full of calcium,vegetarian-vegan-and-plant-based
611234,0,Oatly! Haverdrank halfvol calcium 4-pack,Oatly!,vegetarisch-vegan-en-plantaardig,"Vegetarisch, vegan en plantaardig",Haverdrink,9.84,10.36,5.0,5% volume voordeel,,,4 stuks,,True,AHOO,5% volume voordeel,2026-08-12,2999-12-31,,True,AH,https://www.ah.nl/producten/product/wi611234,2026-08-12,Oatly! Oat drink half full calcium 4-pack,vegetarian-vegan-and-plant-based
378706,839845,AH Terra Plantaardige soja gurt ongezoet,AH Terra,vegetarisch-vegan-en-plantaardig,"Vegetarisch, vegan en plantaardig",Plantaardige yoghurt naturel,0.85,0.85,,,,,500 g,prijs per kg €1.70,False,,,,,A,True,AH,https://www.ah.nl/producten/product/wi378706,2026-08-12,AH Terra Vegetable soy gurt unsweetened,vegetarian-vegan-and-plant-based
383521,842784,AH Terra Plantaardige rijst drink naturel,AH Terra,vegetarisch-vegan-en-plantaardig,"Vegetarisch, vegan en plantaardig","Rijstdrank, erwtendrink",1.79,1.79,,,,,1 l,prijs per liter €1.79,False,,,,,C,True,AH,https://www.ah.nl/producten/product/wi383521,2026-08-12,AH Terra Vegetable rice drink natural,vegetarian-vegan-and-plant-based
474614,727622,AH Terra Plantaardige soja kwark,AH Terra,vegetarisch-vegan-en-plantaardig,"Vegetarisch, vegan en plantaardig",Plantaardige yoghurt naturel,1.79,1.79,,,,,500 g,prijs per kg €3.58,False,,,,,A,True,AH,https://www.ah.nl/producten/product/wi474614,2026-08-12,AH Terra Vegetable soy cottage cheese,vegetarian-vegan-and-plant-based
613330,69582,AH Terra Biologische soja gurt ongezoet,AH Terra,vegetarisch-vegan-en-plantaardig,"Vegetarisch, vegan en plantaardig",Plantaardige yoghurt naturel,1.89,1.89,,,,,1 l,prijs per liter €1.89,False,,,,,A,True,AH,https://www.ah.nl/producten/product/wi613330,2026-08-12,AH Terra Organic soy gurt unsweetened,vegetarian-vegan-and-plant-based
489128,742619,Oatly! Haver barista edition,Oatly!,vegetarisch-vegan-en-plantaardig,"Vegetarisch, vegan en plantaardig",Haverdrink,1.99,1.99,,,,,"0,5 l",prijs per liter €3.98,False,,,,,D,True,AH,https://www.ah.nl/producten/product/wi489128,2026-08-12,Oatly! Oat barista edition,vegetarian-vegan-and-plant-based
414982,857086,Vegetarische Slager Vegan petit filet americain,Vegetarische Slager,vegetarisch-vegan-en-plantaardig,"Vegetarisch, vegan en plantaardig",Plantaardige vleeswaren,2.59,2.59,,,,,5 x 24 g,prijs per kg €21.58,False,,,,,D,True,AH,https://www.ah.nl/producten/product/wi414982,2026-08-12,Vegetarian Butcher Vegan petit filet americain,vegetarian-vegan-and-plant-based
133171,582726,Valess Vegetarische schnitzel,Valess,vegetarisch-vegan-en-plantaardig,Vlees,Vegetarische schnitzel,2.495,3.79,34.2,2 voor 4.99,4.99,2.0,2 x 90 g,normale prijs per kg €21.06,True,AH,2 voor 4.99,2026-08-10,2026-08-16,B,True,AH,https://www.ah.nl/producten/product/wi133171,2026-08-12,Valess Vegetarische schnitzel,vegetarian-vegan-and-plant-based
580285,23298,Oatly! Barista edition oat drink,Oatly!,vegetarisch-vegan-en-plantaardig,"Vegetarisch, vegan en plantaardig",Haverdrink,3.89,3.89,,,,,"1,5 l",prijs per liter €2.59,False,,,,,D,True,AH,https://www.ah.nl/producten/product/wi580285,2026-08-12,Oatly! Barista edition oat drink,vegetarian-vegan-and-plant-based
570847,11082,Alpro Barista amandel,Alpro,vegetarisch-vegan-en-plantaardig,"Vegetarisch, vegan en plantaardig","Amandel, cashewdrink",2.69,2.69,,,,,"0,75 l",prijs per liter €3.59,False,,,,,C,True,AH,https://www.ah.nl/producten/product/wi570847,2026-08-12,Alpro Barista almond,vegetarian-vegan-and-plant-based
580263,23296,Alpro Barista caramel smaak,Alpro,vegetarisch-vegan-en-plantaardig,"Vegetarisch, vegan en plantaardig",Sojadrink,2.59,2.59,,,,,"0,75 l",prijs per liter €3.45,False,,,,,C,True,AH,https://www.ah.nl/producten/product/wi580263,2026-08-12,Alpro Barista caramel flavour,vegetarian-vegan-and-plant-based
600740,0,Alpro Barista caramel smaak 6-pack,Alpro,vegetarisch-vegan-en-plantaardig,"Vegetarisch, vegan en plantaardig",Sojadrink,13.99,15.54,10.0,10% volume voordeel,,,6 stuks,,True,AHOO,10% volume voordeel,2026-08-12,2999-12-31,,True,AH,https://www.ah.nl/producten/product/wi600740,2026-08-12,Alpro Barista caramel flavor 6-pack,vegetarian-vegan-and-plant-based
606095,60549,Alpro Yoghurt bosbessen muffin smaak,Alpro,vegetarisch-vegan-en-plantaardig,"Vegetarisch, vegan en plantaardig",Plantaardige yoghurt met smaak,1.995,2.79,28.5,2 voor 3.99,3.99,2.0,400 g,normale prijs per kg €6.98,True,AH,2 voor 3.99,2026-08-10,2026-08-16,B,True,AH,https://www.ah.nl/producten/product/wi606095,2026-08-12,Alpro Yoghurt blueberry muffin flavour,vegetarian-vegan-and-plant-based
412173,855709,Zonnatura Amandeldrink ongezoet,Zonnatura,vegetarisch-vegan-en-plantaardig,"Vegetarisch, vegan en plantaardig","Amandel, cashewdrink",3.39,3.39,,,,,1 l,prijs per liter €3.39,False,,,,,B,True,AH,https://www.ah.nl/producten/product/wi412173,2026-08-12,Zonnatura Almond drink unsweetened,vegetarian-vegan-and-plant-based
474825,727681,Kips Vega filet americain,Kips,vegetarisch-vegan-en-plantaardig,"Vegetarisch, vegan en plantaardig",Plantaardige vleeswaren,2.49,2.49,,,,,125 g,prijs per kg €19.92,False,,,,,C,True,AH,https://www.ah.nl/producten/product/wi474825,2026-08-12,Kips Vega filet americain,vegetarian-vegan-and-plant-based
548746,748690,Vivera Plantaardige chicken tenders,Vivera,vegetarisch-vegan-en-plantaardig,"Vegetarisch, vegan en plantaardig",Vega(n) Snacks,3.89,3.89,,,,,200 g,prijs per kg €19.45,False,,,,,C,True,AH,https://www.ah.nl/producten/product/wi548746,2026-08-12,Vivera Vegetable chicken tenders,vegetarian-vegan-and-plant-based
548752,635087,Vegetarische Slager Little willies,Vegetarische Slager,vegetarisch-vegan-en-plantaardig,Vlees,Vegetarische worst,4.39,4.39,,,,,160 g,prijs per kg €27.44,False,,,,,A,True,AH,https://www.ah.nl/producten/product/wi548752,2026-08-12,Vegetarian Butcher Little willies,vegetarian-vegan-and-plant-based
376562,838099,Maza Hoemoes kerrie,Maza,vegetarisch-vegan-en-plantaardig,"Vegetarisch, vegan en plantaardig",Hummus met smaakje,2.59,2.59,,,,,200 g,prijs per kg €12.95,False,,,,,C,True,AH,https://www.ah.nl/producten/product/wi376562,2026-08-12,Maza Hoemoes curry,vegetarian-vegan-and-plant-based
611391,0,Maza Hoemoes kerrie 3-pack,Maza,vegetarisch-vegan-en-plantaardig,"Vegetarisch, vegan en plantaardig",Hummus met smaakje,7.38,7.77,5.0,5% volume voordeel,,,3 stuks,,True,AHOO,5% volume voordeel,2026-08-12,2999-12-31,,True,AH,https://www.ah.nl/producten/product/wi611391,2026-08-12,Maza Hoemoes curry 3-pack,vegetarian-vegan-and-plant-based
522402,886536,AH Terra Plantaardig groentespread paprika,AH Terra,vegetarisch-vegan-en-plantaardig,"Vegetarisch, vegan en plantaardig",Plantaardige spreads,1.99,1.99,,,,,150 g,prijs per kg €13.27,False,,,,,B,True,AH,https://www.ah.nl/producten/product/wi522402,2026-08-12,AH Terra Vegetable vegetable spread pepper,vegetarian-vegan-and-plant-based
606097,60550,Alpro Soja yoghurt aardbei kids 4-pack,Alpro,vegetarisch-vegan-en-plantaardig,"Vegetarisch, vegan en plantaardig",Plantaardige toetjes,1.995,2.99,33.3,2 voor 3.99,3.99,2.0,460 g,normale prijs per kg €6.50,True,AH,2 voor 3.99,2026-08-10,2026-08-16,A,True,AH,https://www.ah.nl/producten/product/wi606097,2026-08-12,Alpro Soja yoghurt aardbei kids 4-pack,vegetarian-vegan-and-plant-based
580281,23297,Alpro Barista vanille smaak,Alpro,vegetarisch-vegan-en-plantaardig,"Vegetarisch, vegan en plantaardig",Sojadrink,2.59,2.59,,,,,"0,75 l",prijs per liter €3.45,False,,,,,C,True,AH,https://www.ah.nl/producten/product/wi580281,2026-08-12,Alpro Barista vanilla flavour,vegetarian-vegan-and-plant-based
600741,0,Alpro Barista vanille smaak 6-pack,Alpro,vegetarisch-vegan-en-plantaardig,"Vegetarisch, vegan en plantaardig",Sojadrink,13.99,15.54,10.0,10% volume voordeel,,,6 stuks,,True,AHOO,10% volume voordeel,2026-08-12,2999-12-31,,True,AH,https://www.ah.nl/producten/product/wi600741,2026-08-12,Alpro Barista vanilla flavor 6-pack,vegetarian-vegan-and-plant-based
556344,667380,Alpro Plantaardige yoghurt Griekse stijl,Alpro,vegetarisch-vegan-en-plantaardig,"Vegetarisch, vegan en plantaardig",Plantaardige yoghurt met smaak,1.995,2.49,19.9,2 voor 3.99,3.99,2.0,400 g,normale prijs per kg €6.23,True,AH,2 voor 3.99,2026-08-10,2026-08-16,A,True,AH,https://www.ah.nl/producten/product/wi556344,2026-08-12,Alpro Plant-based yoghurt Greek style,vegetarian-vegan-and-plant-based
593704,0,Alpro Plantaardig Griekse stijl 2-pack,Alpro,vegetarisch-vegan-en-plantaardig,"Vegetarisch, vegan en plantaardig",Plantaardige yoghurt met smaak,3.99,4.98,19.9,pakketkorting,,,2 stuks,,True,AHOO,,2026-08-12,2026-08-16,,True,AH,https://www.ah.nl/producten/product/wi593704,2026-08-12,Alpro Plant-based Greek style 2-pack,vegetarian-vegan-and-plant-based
389626,846099,Vegetarische Slager Boterhamworst,Vegetarische Slager,vegetarisch-vegan-en-plantaardig,"Vegetarisch, vegan en plantaardig",Vegetarische vleeswaren,1.99,1.99,,,,,80 g,prijs per kg €24.88,False,,,,,D,True,AH,https://www.ah.nl/producten/product/wi389626,2026-08-12,Vegetarian Butcher Sandwich Sausage,vegetarian-vegan-and-plant-based
493518,748548,Beyond Meat Hack,Beyond Meat,vegetarisch-vegan-en-plantaardig,Vlees,Vegetarisch gehakt,4.49,4.49,,,,,250 g,prijs per kg €17.96,False,,,,,B,True,AH,https://www.ah.nl/producten/product/wi493518,2026-08-12,Beyond Meat Hack,vegetarian-vegan-and-plant-based
580745,0,Alpro Barista amandel 4-pack,Alpro,vegetarisch-vegan-en-plantaardig,"Vegetarisch, vegan en plantaardig","Amandel, cashewdrink",10.22,10.76,5.0,5% volume voordeel,,,4 stuks,,True,AHOO,5% volume voordeel,2026-08-12,2999-12-31,,True,AH,https://www.ah.nl/producten/product/wi580745,2026-08-12,Alpro Barista almond 4-pack,vegetarian-vegan-and-plant-based
587063,0,Alpro Barista amandel 6-pack,Alpro,vegetarisch-vegan-en-plantaardig,"Vegetarisch, vegan en plantaardig","Amandel, cashewdrink",14.53,16.14,10.0,10% volume voordeel,,,6 stuks,,True,AHOO,10% volume voordeel,2026-08-12,2999-12-31,,True,AH,https://www.ah.nl/producten/product/wi587063,2026-08-12,Alpro Barista almond 6-pack,vegetarian-vegan-and-plant-based
598992,48321,AH Terra Groenteburger broccoli paprika,AH Terra,vegetarisch-vegan-en-plantaardig,Vlees,Vegetarische burgers,2.49,2.49,,,,,160 g,prijs per kg €15.56,False,,,,,B,True,AH,https://www.ah.nl/producten/product/wi598992,2026-08-12,AH Terra Groenteburger broccoli paprika,vegetarian-vegan-and-plant-based
608895,65275,Oatly! Matcha strawberry flavour,Oatly!,vegetarisch-vegan-en-plantaardig,"Vegetarisch, vegan en plantaardig",Haverdrink,2.59,2.59,,,,,250 ml,prijs per liter €10.36,False,,,,,D,True,AH,https://www.ah.nl/producten/product/wi608895,2026-08-12,Oatly! Matcha strawberry flavour,vegetarian-vegan-and-plant-based
623496,0,Oatly Matcha strawberry flavour 3-pack,Oatly,vegetarisch-vegan-en-plantaardig,"Vegetarisch, vegan en plantaardig",Haverdrink,6.22,7.77,20.0,20% volume voordeel,,,3 stuks,,True,AHOO,20% volume voordeel,2026-08-12,2999-12-31,,True,AH,https://www.ah.nl/producten/product/wi623496,2026-08-12,Oatly Matcha strawberry flavour 3-pack,vegetarian-vegan-and-plant-based
563706,1202,AH Terra Plantaardige shoarma,AH Terra,vegetarisch-vegan-en-plantaardig,Vlees,"Vegetarische shoarma, gyros, kebab",2.99,2.99,,,,,300 g,prijs per kg €9.97,False,,,,,A,True,AH,https://www.ah.nl/producten/product/wi563706,2026-08-12,AH Terra Vegetable shawarma,vegetarian-vegan-and-plant-based
486453,741820,Maza Hoemoes XL,Maza,vegetarisch-vegan-en-plantaardig,"Vegetarisch, vegan en plantaardig",Hummus naturel,3.99,3.99,,,,,350 g,prijs per kg €11.40,False,,,,,C,True,AH,https://www.ah.nl/producten/product/wi486453,2026-08-12,Maza Hoemoes XL,vegetarian-vegan-and-plant-based
611401,0,Maza Hoemoes XL 4-pack,Maza,vegetarisch-vegan-en-plantaardig,"Vegetarisch, vegan en plantaardig",Hummus naturel,15.16,15.96,5.0,5% volume voordeel,,,4 stuks,,True,AHOO,5% volume voordeel,2026-08-12,2999-12-31,,True,AH,https://www.ah.nl/producten/product/wi611401,2026-08-12,Maza Hoemoes XL 4-pack,vegetarian-vegan-and-plant-based
622055,0,AH Terra Groenteburger broccoli paprika 5-pack,AH Terra,vegetarisch-vegan-en-plantaardig,Vlees,Vegetarische burgers,11.2,12.45,10.0,10% volume voordeel,,,5 stuks,,True,AHOO,10% volume voordeel,2026-08-12,2999-12-31,,True,AH,https://www.ah.nl/producten/product/wi622055,2026-08-12,AH Terra Vegetable burger broccoli pepper 5-pack,vegetarian-vegan-and-plant-based
622054,0,AH Terra Groenteburger broccoli paprika 4-pack,AH Terra,vegetarisch-vegan-en-plantaardig,Vlees,Vegetarische burgers,9.26,9.96,7.0,7% volume voordeel,,,4 stuks,,True,AHOO,7% volume voordeel,2026-08-12,2999-12-31,,True,AH,https://www.ah.nl/producten/product/wi622054,2026-08-12,AH Terra Groenteburger broccoli paprika 4-pack,vegetarian-vegan-and-plant-based
522401,886793,AH Terra Plantaardig groentespread komkommer,AH Terra,vegetarisch-vegan-en-plantaardig,"Vegetarisch, vegan en plantaardig",Plantaardige spreads,1.99,1.99,,,,,150 g,prijs per kg €13.27,False,,,,,A,True,AH,https://www.ah.nl/producten/product/wi522401,2026-08-12,AH Terra Vegetable vegetable spread cucumber,vegetarian-vegan-and-plant-based
622053,0,AH Terra Groenteburger broccoli paprika 3-pack,AH Terra,vegetarisch-vegan-en-plantaardig,Vlees,Vegetarische burgers,7.1,7.47,5.0,5% volume voordeel,,,3 stuks,,True,AHOO,5% volume voordeel,2026-08-12,2999-12-31,,True,AH,https://www.ah.nl/producten/product/wi622053,2026-08-12,AH Terra Vegetable burger broccoli pepper 3-pack,vegetarian-vegan-and-plant-based
556307,716500,Alpro Plantaardige variatie yoghurt no sugars,Alpro,vegetarisch-vegan-en-plantaardig,"Vegetarisch, vegan en plantaardig",Plantaardige yoghurt naturel,1.995,2.49,19.9,2 voor 3.99,3.99,2.0,500 g,normale prijs per kg €4.98,True,AH,2 voor 3.99,2026-08-10,2026-08-16,A,True,AH,https://www.ah.nl/producten/product/wi556307,2026-08-12,Alpro Plant-based variation yoghurt no sugars,vegetarian-vegan-and-plant-based
593703,0,Alpro Plantaardige yoghurt no sugars 2-pack,Alpro,vegetarisch-vegan-en-plantaardig,"Vegetarisch, vegan en plantaardig",Plantaardige yoghurt naturel,3.99,4.98,19.9,pakketkorting,,,2 stuks,,True,AHOO,,2026-08-12,2026-08-16,,True,AH,https://www.ah.nl/producten/product/wi593703,2026-08-12,Alpro Plant-based yoghurt no sugars 2-pack,vegetarian-vegan-and-plant-based
397381,848145,Vegetarische Slager Vegan rul gehackt,Vegetarische Slager,vegetarisch-vegan-en-plantaardig,Vlees,Vegetarisch gehakt,3.79,3.79,,,,,200 g,prijs per kg €18.95,False,,,,,A,True,AH,https://www.ah.nl/producten/product/wi397381,2026-08-12,Vegetarian Butcher Vegan free hacked,vegetarian-vegan-and-plant-based
548463,71318,Oatly! Haverdrank vol,Oatly!,vegetarisch-vegan-en-plantaardig,"Vegetarisch, vegan en plantaardig",Haverdrink,2.69,2.69,,,,,1 l,prijs per liter €2.69,False,,,,,D,True,AH,https://www.ah.nl/producten/product/wi548463,2026-08-12,Oatly! Oat drink vol,vegetarian-vegan-and-plant-based
611236,0,Oatly! Haverdrank vol 4-pack,Oatly!,vegetarisch-vegan-en-plantaardig,"Vegetarisch, vegan en plantaardig",Haverdrink,10.22,10.76,5.0,5% volume voordeel,,,4 stuks,,True,AHOO,5% volume voordeel,2026-08-12,2999-12-31,,True,AH,https://www.ah.nl/producten/product/wi611236,2026-08-12,Oatly! Oat drink full 4-pack,vegetarian-vegan-and-plant-based
236920,830406,AH Terra Plantaardige amandeldrink naturel,AH Terra,vegetarisch-vegan-en-plantaardig,"Vegetarisch, vegan en plantaardig","Amandel, cashewdrink",1.59,1.59,,,,,1 l,prijs per liter €1.59,False,,,,,C,True,AH,https://www.ah.nl/producten/product/wi236920,2026-08-12,AH Terra Plantaardige amandeldrink naturel,vegetarian-vegan-and-plant-based
415707,687135,AH Terra Amandeldrink ongezoet gekoeld,AH Terra,vegetarisch-vegan-en-plantaardig,"Vegetarisch, vegan en plantaardig","Amandel, cashewdrink",1.49,1.49,,,,,1 l,prijs per liter €1.49,False,,,,,B,True,AH,https://www.ah.nl/producten/product/wi415707,2026-08-12,AH Terra Amandeldrink ongezoet gekoeld,vegetarian-vegan-and-plant-based
572430,14135,AH Terra Biologische gerookte tofu,AH Terra,vegetarisch-vegan-en-plantaardig,"Vegetarisch, vegan en plantaardig",Tofu,1.99,1.99,,,,,200 g,prijs per kg €9.95,False,,,,,B,True,AH,https://www.ah.nl/producten/product/wi572430,2026-08-12,AH Terra Organic smoked tofu,vegetarian-vegan-and-plant-based
563882,1960,Vegetarische Slager Vegan Zweedsche gehacktballetjes,Vegetarische Slager,vegetarisch-vegan-en-plantaardig,Vlees,Vega balletjes,4.19,4.19,,,,,180 g,prijs per kg €23.28,False,,,,,A,True,AH,https://www.ah.nl/producten/product/wi563882,2026-08-12,Vegetarian Butcher Vegan Swedish hacked meatballs,vegetarian-vegan-and-plant-based
605200,59969,Alpro Biologische soja no sugars,Alpro,vegetarisch-vegan-en-plantaardig,"Vegetarisch, vegan en plantaardig",Sojadrink,2.49,2.49,,,,,1 l,prijs per liter €2.49,False,,,,,B,True,AH,https://www.ah.nl/producten/product/wi605200,2026-08-12,Alpro Organic soy no sugars,vegetarian-vegan-and-plant-based
609155,0,Alpro Bio soya no sugars 2-pack,Alpro,vegetarisch-vegan-en-plantaardig,"Vegetarisch, vegan en plantaardig",Sojadrink,4.73,4.98,5.0,5% volume voordeel,,,2 stuks,,True,AHOO,5% volume voordeel,2026-08-12,2999-12-31,,True,AH,https://www.ah.nl/producten/product/wi609155,2026-08-12,Alpro Bio soya no sugars 2-pack,vegetarian-vegan-and-plant-based
493532,748563,Vivera Plantaardige kroketburger,Vivera,vegetarisch-vegan-en-plantaardig,Vlees,Vegetarische burgers,3.59,3.59,,,,,150 g,prijs per kg €23.93,False,,,,,C,True,AH,https://www.ah.nl/producten/product/wi493532,2026-08-12,Vivera Vegetable croquette burger,vegetarian-vegan-and-plant-based
553897,74995,Philadelphia Plantaardig,Philadelphia,vegetarisch-vegan-en-plantaardig,"Vegetarisch, vegan en plantaardig",Plantaardige kaas voor beleg,3.19,3.19,,,,,145 g,prijs per kg €22.00,False,,,,,D,True,AH,https://www.ah.nl/producten/product/wi553897,2026-08-12,Philadelphia Vegetable,vegetarian-vegan-and-plant-based
604922,58789,AH Hummus pesto,AH,vegetarisch-vegan-en-plantaardig,"Vegetarisch, vegan en plantaardig",Hummus met smaakje,1.995,2.99,33.3,2 voor 3.99,3.99,2.0,175 g,normale prijs per kg €17.09,True,AH,2 voor 3.99,2026-08-10,2026-08-16,A,True,AH,https://www.ah.nl/producten/product/wi604922,2026-08-12,AH Hummus pesto,vegetarian-vegan-and-plant-based
474612,727611,Alpro Plantaardig variatie aardbei,Alpro,vegetarisch-vegan-en-plantaardig,"Vegetarisch, vegan en plantaardig",Plantaardige yoghurt met smaak,1.995,2.29,12.9,2 voor 3.99,3.99,2.0,500 g,normale prijs per kg €4.58,True,AH,2 voor 3.99,2026-08-10,2026-08-16,A,True,AH,https://www.ah.nl/producten/product/wi474612,2026-08-12,Alpro Vegetable variation strawberry,vegetarian-vegan-and-plant-based
604677,0,Alpro Plantaardig variatie aardbei 2-pack,Alpro,vegetarisch-vegan-en-plantaardig,"Vegetarisch, vegan en plantaardig",Plantaardige yoghurt met smaak,3.99,4.58,12.9,pakketkorting,,,2 stuks,,True,AHOO,,2026-08-12,2026-08-16,,True,AH,https://www.ah.nl/producten/product/wi604677,2026-08-12,Alpro Plant-based variation strawberry 2-pack,vegetarian-vegan-and-plant-based
412551,855989,AH Terra Tempeh ketjap,AH Terra,vegetarisch-vegan-en-plantaardig,"Vegetarisch, vegan en plantaardig",Tempeh,1.99,1.99,,,,,180 g,prijs per kg €11.06,False,,,,,A,True,AH,https://www.ah.nl/producten/product/wi412551,2026-08-12,AH Terra Tempeh ketjap,vegetarian-vegan-and-plant-based
218617,813804,Maza Muhammara,Maza,vegetarisch-vegan-en-plantaardig,"Vegetarisch, vegan en plantaardig",Plantaardige spreads,2.95,2.95,,,,,200 g,prijs per kg €14.75,False,,,,,C,True,AH,https://www.ah.nl/producten/product/wi218617,2026-08-12,Maza Muhammara,vegetarian-vegan-and-plant-based
611402,0,Maza Muhammara 3-pack,Maza,vegetarisch-vegan-en-plantaardig,"Vegetarisch, vegan en plantaardig",Plantaardige spreads,8.41,8.85,5.0,5% volume voordeel,,,3 stuks,,True,AHOO,5% volume voordeel,2026-08-12,2999-12-31,,True,AH,https://www.ah.nl/producten/product/wi611402,2026-08-12,Maza Muhammara 3-pack,vegetarian-vegan-and-plant-based
236573,829269,Alpro Amandeldrink zonder suikers gekoeld,Alpro,vegetarisch-vegan-en-plantaardig,"Vegetarisch, vegan en plantaardig","Amandel, cashewdrink",1.995,2.99,33.3,2 voor 3.99,3.99,2.0,1 l,normale prijs per liter €2.99,True,AH,2 voor 3.99,2026-08-10,2026-08-16,B,True,AH,https://www.ah.nl/producten/product/wi236573,2026-08-12,"Alpro Almond drink without sugar, chilled",vegetarian-vegan-and-plant-based
563663,1211,Vivera Plantaardige crispy chicken burger,Vivera,vegetarisch-vegan-en-plantaardig,Vlees,Vegetarische burgers,3.89,3.89,,,,,200 g,prijs per kg €19.45,False,,,,,C,True,AH,https://www.ah.nl/producten/product/wi563663,2026-08-12,Vivera Vegetable crispy chicken burger,vegetarian-vegan-and-plant-based
226706,819968,Vegetarische Slager Vegan lecker burgerlijk,Vegetarische Slager,vegetarisch-vegan-en-plantaardig,Vlees,Vegetarische burgers,4.15,4.15,,,,,2 stuks,prijs per kg €25.94,False,,,,,B,True,AH,https://www.ah.nl/producten/product/wi226706,2026-08-12,Vegetarian Butcher Vegan Lecker Burger,vegetarian-vegan-and-plant-based
462462,714663,AH Terra Haver om mee te koken,AH Terra,vegetarisch-vegan-en-plantaardig,"Vegetarisch, vegan en plantaardig",Plantaardige room,0.95,0.95,,,,,200 ml,prijs per liter €4.75,False,,,,,B,True,AH,https://www.ah.nl/producten/product/wi462462,2026-08-12,AH Terra Oats for cooking,vegetarian-vegan-and-plant-based
538253,741659,Alpro Barista haver,Alpro,vegetarisch-vegan-en-plantaardig,"Vegetarisch, vegan en plantaardig",Haverdrink,1.99,1.99,,,,,"0,5 l",prijs per liter €3.98,False,,,,,A,True,AH,https://www.ah.nl/producten/product/wi538253,2026-08-12,Alpro Barista oats,vegetarian-vegan-and-plant-based
564792,2449,AH Terra Falafel pikant,AH Terra,vegetarisch-vegan-en-plantaardig,Vlees,Falafel,2.29,2.29,,,,,200 g,prijs per kg €11.45,False,,,,,A,True,AH,https://www.ah.nl/producten/product/wi564792,2026-08-12,AH Terra Falafel spicy,vegetarian-vegan-and-plant-based
451645,564268,Maza Hoemoes spicy mango,Maza,vegetarisch-vegan-en-plantaardig,"Vegetarisch, vegan en plantaardig",Hummus met smaakje,3.29,3.29,,,,,200 g,prijs per kg €16.45,False,,,,,C,True,AH,https://www.ah.nl/producten/product/wi451645,2026-08-12,Maza Hoemoes spicy mango,vegetarian-vegan-and-plant-based
577300,19620,AH Terra Plantaardige filet americain,AH Terra,vegetarisch-vegan-en-plantaardig,"Vegetarisch, vegan en plantaardig",Plantaardige vleeswaren,2.19,2.19,,,,,150 g,prijs per kg €14.60,False,,,,,C,True,AH,https://www.ah.nl/producten/product/wi577300,2026-08-12,AH Terra Plantaardige filet americain,vegetarian-vegan-and-plant-based
611399,0,Maza Hoemoes spicy mango 3-pack,Maza,vegetarisch-vegan-en-plantaardig,"Vegetarisch, vegan en plantaardig",Hummus met smaakje,9.38,9.87,5.0,5% volume voordeel,,,3 stuks,,True,AHOO,5% volume voordeel,2026-08-12,2999-12-31,,True,AH,https://www.ah.nl/producten/product/wi611399,2026-08-12,Maza Hoemoes spicy mango 3-pack,vegetarian-vegan-and-plant-based
442491,83455,AH Kaasschnitzel,AH,vegetarisch-vegan-en-plantaardig,Vlees,Vegetarische schnitzel,2.19,2.19,,,,,200 g,prijs per kg €10.95,False,,,,,E,True,AH,https://www.ah.nl/producten/product/wi442491,2026-08-12,AH Cheese Schnitzel,vegetarian-vegan-and-plant-based
548466,608963,Rude Health Barista kokosnoot,Rude Health,vegetarisch-vegan-en-plantaardig,"Vegetarisch, vegan en plantaardig",Kokosdrink,2.99,2.99,,,,,1 l,prijs per liter €2.99,False,,,,,D,True,AH,https://www.ah.nl/producten/product/wi548466,2026-08-12,Rude Health Barista coconut,vegetarian-vegan-and-plant-based
570155,9686,Vegetarische Slager Cordon blij,Vegetarische Slager,vegetarisch-vegan-en-plantaardig,Vlees,Vegetarische schnitzel,4.99,4.99,,,,,180 g,prijs per kg €27.72,False,,,,,C,True,AH,https://www.ah.nl/producten/product/wi570155,2026-08-12,Vegetarian Butcher Cordon happy,vegetarian-vegan-and-plant-based
564896,2478,AH Terra Biologische tofureepjes pittig,AH Terra,vegetarisch-vegan-en-plantaardig,"Vegetarisch, vegan en plantaardig",Tofu,2.89,2.89,,,,,180 g,prijs per kg €16.06,False,,,,,B,True,AH,https://www.ah.nl/producten/product/wi564896,2026-08-12,AH Terra Organic spicy tofu strips,vegetarian-vegan-and-plant-based
606100,60547,Alpro Dessert kokos stracciatella,Alpro,vegetarisch-vegan-en-plantaardig,"Vegetarisch, vegan en plantaardig",Plantaardige toetjes,1.49,1.49,,,,,120 g,prijs per kg €12.42,False,,,,,C,True,AH,https://www.ah.nl/producten/product/wi606100,2026-08-12,Alpro Dessert coconut stracciatella,vegetarian-vegan-and-plant-based
609120,0,Alpro Dessert kokos stracciatella 2-pack,Alpro,vegetarisch-vegan-en-plantaardig,"Vegetarisch, vegan en plantaardig",Plantaardige toetjes,2.83,2.98,5.0,5% volume voordeel,,,2 stuks,,True,AHOO,5% volume voordeel,2026-08-12,2999-12-31,,True,AH,https://www.ah.nl/producten/product/wi609120,2026-08-12,Alpro Dessert kokos stracciatella 2-pack,vegetarian-vegan-and-plant-based
493509,748537,AH Kaasschnitzel,AH,vegetarisch-vegan-en-plantaardig,Vlees,Vegetarische schnitzel,4.19,4.19,,,,,4 st,prijs per kg €10.48,False,,,,,E,True,AH,https://www.ah.nl/producten/product/wi493509,2026-08-12,AH Cheese Schnitzel,vegetarian-vegan-and-plant-based
548738,676660,Valess Vegetarische crunchy tenders Gouda,Valess,vegetarisch-vegan-en-plantaardig,"Vegetarisch, vegan en plantaardig",Vega(n) Snacks,2.495,3.79,34.2,2 voor 4.99,4.99,2.0,160 g,normale prijs per kg €23.69,True,AH,2 voor 4.99,2026-08-10,2026-08-16,D,True,AH,https://www.ah.nl/producten/product/wi548738,2026-08-12,Valess Vegetarian crunchy tenders Gouda,vegetarian-vegan-and-plant-based
497741,790919,AH Terra Plantaardige erwtendrink ongezoet,AH Terra,vegetarisch-vegan-en-plantaardig,"Vegetarisch, vegan en plantaardig","Rijstdrank, erwtendrink",1.99,1.99,,,,,1 l,prijs per liter €1.99,False,,,,,B,True,AH,https://www.ah.nl/producten/product/wi497741,2026-08-12,AH Terra Vegetable pea drink unsweetened,vegetarian-vegan-and-plant-based
564790,2447,AH Terra Plantaardig rulgehakt Italiaans,AH Terra,vegetarisch-vegan-en-plantaardig,Vlees,Vegetarisch gehakt,1.99,1.99,,,,,200 g,prijs per kg €9.95,False,,,,,A,True,AH,https://www.ah.nl/producten/product/wi564790,2026-08-12,AH Terra Vegetable Italian minced meat,vegetarian-vegan-and-plant-based
502068,819570,Vivera Plantaardige shoarma,Vivera,vegetarisch-vegan-en-plantaardig,Vlees,"Vegetarische shoarma, gyros, kebab",3.39,3.39,,,,,175 g,prijs per kg €19.37,False,,,,,A,True,AH,https://www.ah.nl/producten/product/wi502068,2026-08-12,Vivera Vegetable shawarma,vegetarian-vegan-and-plant-based
484128,739221,AH Terra Plantaardige barista haver,AH Terra,vegetarisch-vegan-en-plantaardig,"Vegetarisch, vegan en plantaardig",Haverdrink,1.19,1.19,,,,,"0,5 l",prijs per liter €2.38,False,,,,,C,True,AH,https://www.ah.nl/producten/product/wi484128,2026-08-12,AH Terra Plantaardige barista haver,vegetarian-vegan-and-plant-based
564894,2475,AH Terra Tempeh,AH Terra,vegetarisch-vegan-en-plantaardig,"Vegetarisch, vegan en plantaardig",Tempeh,1.59,1.59,,,,,250 g,prijs per kg €6.36,False,,,,,A,True,AH,https://www.ah.nl/producten/product/wi564894,2026-08-12,AH Terra Tempeh,vegetarian-vegan-and-plant-based
236486,828957,Heinz Sandwich spread naturel,Heinz,vegetarisch-vegan-en-plantaardig,"Vegetarisch, vegan en plantaardig",Vegetarische spreads,2.19,2.19,,,,,300 g,prijs per kg €7.30,False,,,,,D,True,AH,https://www.ah.nl/producten/product/wi236486,2026-08-12,Heinz Sandwich spread natural,vegetarian-vegan-and-plant-based
569953,9767,AH Terra Plantaardig party dip prei en kruiden,AH Terra,vegetarisch-vegan-en-plantaardig,"Vegetarisch, vegan en plantaardig",Plantaardige spreads,1.85,1.85,,,,,193 g,prijs per kg €9.59,False,,,,,D,True,AH,https://www.ah.nl/producten/product/wi569953,2026-08-12,AH Terra Vegetable party dip leek and herbs,vegetarian-vegan-and-plant-based
563664,1212,Vivera Plantaardige shoarma voordeelverpakking,Vivera,vegetarisch-vegan-en-plantaardig,Vlees,"Vegetarische shoarma, gyros, kebab",4.99,4.99,,,,,300 g,prijs per kg €16.63,False,,,,,A,True,AH,https://www.ah.nl/producten/product/wi563664,2026-08-12,Vivera Vegetable shawarma value pack,vegetarian-vegan-and-plant-based
515257,28745,Johma 100% plantaardige kip-kerriesalade,Johma,vegetarisch-vegan-en-plantaardig,"Vegetarisch, vegan en plantaardig",Plantaardige spreads,1.9967,3.19,37.4,3 stuks 5.99,5.99,3.0,175 g,normale prijs per kg €18.23,True,AH,3 stapelen voor 5.99,2026-08-10,2026-08-16,D,True,AH,https://www.ah.nl/producten/product/wi515257,2026-08-12,Johma 100% plantaardige kip-kerriesalade,vegetarian-vegan-and-plant-based
560991,757577,AH Terra Plantaardig groentespread pompoen wortel,AH Terra,vegetarisch-vegan-en-plantaardig,"Vegetarisch, vegan en plantaardig",Plantaardige spreads,1.99,1.99,,,,,150 g,prijs per kg €13.27,False,,,,,B,True,AH,https://www.ah.nl/producten/product/wi560991,2026-08-12,AH Terra Plantaardig groentespread pompoen wortel,vegetarian-vegan-and-plant-based
444783,707032,Valess Crispy sticks met chili,Valess,vegetarisch-vegan-en-plantaardig,"Vegetarisch, vegan en plantaardig",Vega(n) Snacks,2.495,3.79,34.2,2 voor 4.99,4.99,2.0,160 g,normale prijs per kg €23.69,True,AH,2 voor 4.99,2026-08-10,2026-08-16,C,True,AH,https://www.ah.nl/producten/product/wi444783,2026-08-12,Valess Crispy sticks with chili,vegetarian-vegan-and-plant-based
177503,768137,Alpro Plantaardig variatie vanille,Alpro,vegetarisch-vegan-en-plantaardig,"Vegetarisch, vegan en plantaardig",Plantaardige yoghurt met smaak,1.995,2.79,28.5,2 voor 3.99,3.99,2.0,500 g,normale prijs per kg €5.58,True,AH,2 voor 3.99,2026-08-10,2026-08-16,A,True,AH,https://www.ah.nl/producten/product/wi177503,2026-08-12,Alpro Plant-based variation vanilla,vegetarian-vegan-and-plant-based
604680,0,Alpro Plantaardig variatie vanille 2-pack,Alpro,vegetarisch-vegan-en-plantaardig,"Vegetarisch, vegan en plantaardig",Plantaardige yoghurt met smaak,3.99,5.58,28.5,pakketkorting,,,2 stuks,,True,AHOO,,2026-08-12,2026-08-16,,True,AH,https://www.ah.nl/producten/product/wi604680,2026-08-12,Alpro Plantaardig variatie vanille 2-pack,vegetarian-vegan-and-plant-based
564889,2468,AH Terra Plantaardige kipnuggets,AH Terra,vegetarisch-vegan-en-plantaardig,"Vegetarisch, vegan en plantaardig",Gourmetmini's vega,1.55,1.55,,,,,160 g,prijs per kg €9.69,False,,,,,B,True,AH,https://www.ah.nl/producten/product/wi564889,2026-08-12,AH Terra Vegetable chicken nuggets,vegetarian-vegan-and-plant-based
475225,727560,Oatly! Haverdrank halfvol,Oatly!,vegetarisch-vegan-en-plantaardig,"Vegetarisch, vegan en plantaardig",Haverdrink,2.59,2.59,,,,,1 l,prijs per liter €2.59,False,,,,,C,True,AH,https://www.ah.nl/producten/product/wi475225,2026-08-12,Oatly! Haverdrank halfvol,vegetarian-vegan-and-plant-based
585912,30744,AH Terra Plantaardig protein gurt bosvruchten,AH Terra,vegetarisch-vegan-en-plantaardig,"Vegetarisch, vegan en plantaardig",Plantaardige yoghurt met smaak,1.59,1.59,,,,,200 g,prijs per kg €7.95,False,,,,,A,True,AH,https://www.ah.nl/producten/product/wi585912,2026-08-12,AH Terra Vegetable protein gurt forest fruits,vegetarian-vegan-and-plant-based
572429,14134,AH Terra Tempeh,AH Terra,vegetarisch-vegan-en-plantaardig,"Vegetarisch, vegan en plantaardig",Tempeh,2.29,2.29,,,,,395 g,prijs per kg €5.80,False,,,,,A,True,AH,https://www.ah.nl/producten/product/wi572429,2026-08-12,AH Terra Tempeh,vegetarian-vegan-and-plant-based
598654,47331,AH Terra Plantaardige plakken intense,AH Terra,vegetarisch-vegan-en-plantaardig,"Vegetarisch, vegan en plantaardig",Plantaardige kaas voor beleg,1.99,1.99,,,,,150 g,prijs per kg €13.27,False,,,,,E,True,AH,https://www.ah.nl/producten/product/wi598654,2026-08-12,AH Terra Vegetable slices intense,vegetarian-vegan-and-plant-based
475113,727778,Vegetarische Slager Vegan auf wieder schnitzel,Vegetarische Slager,vegetarisch-vegan-en-plantaardig,Vlees,Vegetarische schnitzel,3.89,3.89,,,,,2 stuks,prijs per kg €21.61,False,,,,,B,True,AH,https://www.ah.nl/producten/product/wi475113,2026-08-12,Vegetarian Butcher Vegan with schnitzel,vegetarian-vegan-and-plant-based
605198,59967,Alpro Biologische almond no sugars,Alpro,vegetarisch-vegan-en-plantaardig,"Vegetarisch, vegan en plantaardig","Amandel, cashewdrink",3.49,3.49,,,,,1 l,prijs per liter €3.49,False,,,,,B,True,AH,https://www.ah.nl/producten/product/wi605198,2026-08-12,Alpro Organic almond no sugars,vegetarian-vegan-and-plant-based
609153,0,Alpro Bio almond no sugars 2-pack,Alpro,vegetarisch-vegan-en-plantaardig,"Vegetarisch, vegan en plantaardig","Amandel, cashewdrink",6.63,6.98,5.0,5% volume voordeel,,,2 stuks,,True,AHOO,5% volume voordeel,2026-08-12,2999-12-31,,True,AH,https://www.ah.nl/producten/product/wi609153,2026-08-12,Alpro Bio almond no sugars 2-pack,vegetarian-vegan-and-plant-based
236487,828958,Heinz Sandwich spread tomaat lente-ui,Heinz,vegetarisch-vegan-en-plantaardig,"Vegetarisch, vegan en plantaardig",Vegetarische spreads,2.39,2.39,,,,,300 g,prijs per kg €7.97,False,,,,,D,True,AH,https://www.ah.nl/producten/product/wi236487,2026-08-12,Heinz Sandwich spread tomato spring onion,vegetarian-vegan-and-plant-based
152882,622748,Alpro Sojadrink macchiato,Alpro,vegetarisch-vegan-en-plantaardig,"Vegetarisch, vegan en plantaardig",Sojadrink,2.79,2.79,,,,,1 l,prijs per liter €2.79,False,,,,,B,True,AH,https://www.ah.nl/producten/product/wi152882,2026-08-12,Alpro Soy drink macchiato,vegetarian-vegan-and-plant-based
598688,47343,AH Terra Muhammara,AH Terra,vegetarisch-vegan-en-plantaardig,"Vegetarisch, vegan en plantaardig",Plantaardige spreads,1.89,1.89,,,,,175 g,prijs per kg €10.80,False,,,,,C,True,AH,https://www.ah.nl/producten/product/wi598688,2026-08-12,AH Terra Muhammara,vegetarian-vegan-and-plant-based
601926,53616,Oatly! Matcha oat drink,Oatly!,vegetarisch-vegan-en-plantaardig,"Vegetarisch, vegan en plantaardig",Haverdrink,2.49,2.49,,,,,250 ml,prijs per liter €9.96,False,,,,,D,True,AH,https://www.ah.nl/producten/product/wi601926,2026-08-12,Oatly! Matcha oat drink,vegetarian-vegan-and-plant-based
612629,68572,AH Terra Plantaardige burger grilled onion smaak,AH Terra,vegetarisch-vegan-en-plantaardig,Vlees,Vegetarische burgers,2.49,2.49,,,,,200 g,prijs per kg €12.45,False,,,,,B,True,AH,https://www.ah.nl/producten/product/wi612629,2026-08-12,AH Terra Plantaardige burger grilled onion smaak,vegetarian-vegan-and-plant-based
623495,0,Oatly! Matcha oat drink 3-pack,Oatly!,vegetarisch-vegan-en-plantaardig,"Vegetarisch, vegan en plantaardig",Haverdrink,5.98,7.47,20.0,20% volume voordeel,,,3 stuks,,True,AHOO,20% volume voordeel,2026-08-12,2999-12-31,,True,AH,https://www.ah.nl/producten/product/wi623495,2026-08-12,Oatly! Matcha oat drink 3-pack,vegetarian-vegan-and-plant-based
590824,37607,AH Terra Plantaardige kofte spies,AH Terra,vegetarisch-vegan-en-plantaardig,Vlees,Vegetarisch gehakt,2.99,2.99,,1 + 1 gratis,,1.0,160 g,normale prijs per kg €18.69,True,AH,1 + 1 gratis,2026-08-13,2026-08-16,B,True,AH,https://www.ah.nl/producten/product/wi590824,2026-08-12,AH Terra Vegetable kofte skewer,vegetarian-vegan-and-plant-based
587228,32438,Vegetarische Slager Let it beef,Vegetarische Slager,vegetarisch-vegan-en-plantaardig,Vlees,Vegetarische steak,3.99,3.99,,,,,160 g,prijs per kg €24.94,False,,,,,A,True,AH,https://www.ah.nl/producten/product/wi587228,2026-08-12,Vegetarian Butcher Let it beef,vegetarian-vegan-and-plant-based
493545,748613,Valess Vegetarische saté schnitzel,Valess,vegetarisch-vegan-en-plantaardig,Vlees,Vegetarische schnitzel,2.495,3.79,34.2,2 voor 4.99,4.99,2.0,180 g,normale prijs per kg €21.06,True,AH,2 voor 4.99,2026-08-10,2026-08-16,C,True,AH,https://www.ah.nl/producten/product/wi493545,2026-08-12,Valess Vegetarian satay schnitzel,vegetarian-vegan-and-plant-based
601557,52546,AH Terra Plantaardig alternatief voor Griekse,AH Terra,vegetarisch-vegan-en-plantaardig,"Vegetarisch, vegan en plantaardig",Plantaardige yoghurt naturel,2.99,2.99,,,,,1 kg,prijs per kg €2.99,False,,,,,C,True,AH,https://www.ah.nl/producten/product/wi601557,2026-08-12,AH Terra Vegetable alternative to Greek,vegetarian-vegan-and-plant-based
498317,806867,Heks'nkaas Vegan,Heks'nkaas,vegetarisch-vegan-en-plantaardig,"Vegetarisch, vegan en plantaardig",Plantaardige kaas voor de borrel,3.45,3.45,,,,,200 g,prijs per kg €17.25,False,,,,,D,True,AH,https://www.ah.nl/producten/product/wi498317,2026-08-12,Witch's cheese Vegan,vegetarian-vegan-and-plant-based
617719,0,AH Terra AH Terra champignon burger 3-pack,AH Terra,vegetarisch-vegan-en-plantaardig,Vlees,Vegetarische burgers,7.67,8.07,5.0,5% volume voordeel,,,3 stuks,,True,AHOO,5% volume voordeel,2026-08-12,2999-12-31,,True,AH,https://www.ah.nl/producten/product/wi617719,2026-08-12,AH Terra AH Terra mushroom burger 3-pack,vegetarian-vegan-and-plant-based
617720,0,AH Terra AH Terra champignon burger 4-pack,AH Terra,vegetarisch-vegan-en-plantaardig,Vlees,Vegetarische burgers,10.01,10.76,7.0,7% volume voordeel,,,4 stuks,,True,AHOO,7% volume voordeel,2026-08-12,2999-12-31,,True,AH,https://www.ah.nl/producten/product/wi617720,2026-08-12,AH Terra AH Terra mushroom burger 4-pack,vegetarian-vegan-and-plant-based
617721,0,AH Terra AH Terra champignon burger 5-pack,AH Terra,vegetarisch-vegan-en-plantaardig,Vlees,Vegetarische burgers,12.1,13.45,10.0,10% volume voordeel,,,5 stuks,,True,AHOO,10% volume voordeel,2026-08-12,2999-12-31,,True,AH,https://www.ah.nl/producten/product/wi617721,2026-08-12,AH Terra AH Terra mushroom burger 5-pack,vegetarian-vegan-and-plant-based
570163,9682,Valess Vegetarische chick'n filet,Valess,vegetarisch-vegan-en-plantaardig,Vlees,Vegetarische kipfilet,2.495,3.99,37.5,2 voor 4.99,4.99,2.0,180 g,normale prijs per kg €22.17,True,AH,2 voor 4.99,2026-08-10,2026-08-16,A,True,AH,https://www.ah.nl/producten/product/wi570163,2026-08-12,Valess Vegetarian chick'n fillet,vegetarian-vegan-and-plant-based
585913,30745,AH Terra Plantaardig protein gurt banaan,AH Terra,vegetarisch-vegan-en-plantaardig,"Vegetarisch, vegan en plantaardig",Plantaardige yoghurt met smaak,1.59,1.59,,,,,200 g,prijs per kg €7.95,False,,,,,A,True,AH,https://www.ah.nl/producten/product/wi585913,2026-08-12,AH Terra Vegetable protein gurt banana,vegetarian-vegan-and-plant-based
613317,69581,AH Terra Soja gurt aardbei,AH Terra,vegetarisch-vegan-en-plantaardig,"Vegetarisch, vegan en plantaardig",Plantaardige yoghurt met smaak,1.59,1.59,,,,,"0,75 l",prijs per liter €2.12,False,,,,,B,True,AH,https://www.ah.nl/producten/product/wi613317,2026-08-12,AH Terra Soja gurt strawberry,vegetarian-vegan-and-plant-based
519788,856770,Alpro Protein sojadrink chocolade,Alpro,vegetarisch-vegan-en-plantaardig,"Vegetarisch, vegan en plantaardig",Sojadrink,2.99,2.99,,,,,1 l,prijs per liter €2.99,False,,,,,A,True,AH,https://www.ah.nl/producten/product/wi519788,2026-08-12,Alpro Protein soy drink chocolate,vegetarian-vegan-and-plant-based
601656,0,Alpro Protein sojadrink chocolade 4-pack,Alpro,vegetarisch-vegan-en-plantaardig,"Vegetarisch, vegan en plantaardig",Sojadrink,11.36,11.96,5.0,5% volume voordeel,,,4 stuks,,True,AHOO,5% volume voordeel,2026-08-12,2999-12-31,,True,AH,https://www.ah.nl/producten/product/wi601656,2026-08-12,Alpro Protein sojadrink chocolade 4-pack,vegetarian-vegan-and-plant-based
580470,23266,Planted Plantaardige spies gekruid,Planted,vegetarisch-vegan-en-plantaardig,Vlees,Vegetarische kipfilet,5.49,5.49,,,,,200 g,prijs per kg €27.45,False,,,,,B,True,AH,https://www.ah.nl/producten/product/wi580470,2026-08-12,Planted Vegetable skewer seasoned,vegetarian-vegan-and-plant-based
604342,57960,AH Terra Plantaardig kokos gurt ongezoet,AH Terra,vegetarisch-vegan-en-plantaardig,"Vegetarisch, vegan en plantaardig",Plantaardige yoghurt met smaak,2.29,2.29,,,,,500 g,prijs per kg €4.58,False,,,,,D,True,AH,https://www.ah.nl/producten/product/wi604342,2026-08-12,AH Terra Vegetable coconut gurt unsweetened,vegetarian-vegan-and-plant-based
587232,32422,AH Terra Tempeh ketjap,AH Terra,vegetarisch-vegan-en-plantaardig,"Vegetarisch, vegan en plantaardig",Tempeh,3.09,3.09,,,,,300 g,prijs per kg €10.30,False,,,,,A,True,AH,https://www.ah.nl/producten/product/wi587232,2026-08-12,AH Terra Tempeh ketjap,vegetarian-vegan-and-plant-based
604950,58808,AH Excellent Hummus labneh stijl,AH Excellent,vegetarisch-vegan-en-plantaardig,"Vegetarisch, vegan en plantaardig",Hummus met smaakje,1.995,2.99,33.3,2 voor 3.99,3.99,2.0,150 g,normale prijs per kg €19.93,True,AH,2 voor 3.99,2026-08-10,2026-08-16,A,True,AH,https://www.ah.nl/producten/product/wi604950,2026-08-12,AH Excellent Hummus labneh style,vegetarian-vegan-and-plant-based
622359,0,AH Excellent Hummus labneh stijl 2-pack,AH Excellent,vegetarisch-vegan-en-plantaardig,"Vegetarisch, vegan en plantaardig",Hummus met smaakje,3.99,5.98,33.3,pakketkorting,,,2 stuks,,True,AHOO,,2026-08-12,2026-08-16,,True,AH,https://www.ah.nl/producten/product/wi622359,2026-08-12,AH Excellent Hummus labneh style 2-pack,vegetarian-vegan-and-plant-based
383294,842542,AH Brood spread,AH,vegetarisch-vegan-en-plantaardig,"Vegetarisch, vegan en plantaardig",Vegetarische spreads,1.99,1.99,,,,,515 g,prijs per kg €3.86,False,,,,,D,True,AH,https://www.ah.nl/producten/product/wi383294,2026-08-12,AH Bread spread,vegetarian-vegan-and-plant-based
605199,59968,Alpro Biologische haver no sugars,Alpro,vegetarisch-vegan-en-plantaardig,"Vegetarisch, vegan en plantaardig",Haverdrink,2.99,2.99,,,,,1 l,prijs per liter €2.99,False,,,,,B,True,AH,https://www.ah.nl/producten/product/wi605199,2026-08-12,Alpro Organic oats no sugars,vegetarian-vegan-and-plant-based
606118,60537,AH Terra Kleintje soja dessert stracciatella,AH Terra,vegetarisch-vegan-en-plantaardig,"Vegetarisch, vegan en plantaardig",Plantaardige toetjes,0.99,0.99,,,,,150 g,prijs per kg €6.60,False,,,,,C,True,AH,https://www.ah.nl/producten/product/wi606118,2026-08-12,AH Terra Kleintje soy dessert stracciatella,vegetarian-vegan-and-plant-based
609154,0,Alpro Bio haver no sugars 2-pack,Alpro,vegetarisch-vegan-en-plantaardig,"Vegetarisch, vegan en plantaardig",Haverdrink,5.68,5.98,5.0,5% volume voordeel,,,2 stuks,,True,AHOO,5% volume voordeel,2026-08-12,2999-12-31,,True,AH,https://www.ah.nl/producten/product/wi609154,2026-08-12,Alpro Bio haver no sugars 2-pack,vegetarian-vegan-and-plant-based
185321,625375,Alpro Dessert donkere chocolade smaak,Alpro,vegetarisch-vegan-en-plantaardig,"Vegetarisch, vegan en plantaardig",Plantaardige toetjes,2.99,2.99,,,,,4 x 125 g,prijs per kg €5.98,False,,,,,B,True,AH,https://www.ah.nl/producten/product/wi185321,2026-08-12,Alpro Dessert dark chocolate flavour,vegetarian-vegan-and-plant-based
371073,836321,Vegetarische Slager Braadwurst,Vegetarische Slager,vegetarisch-vegan-en-plantaardig,Vlees,Vegetarische worst,3.99,3.99,,,,,160 g,prijs per kg €24.94,False,,,,,A,True,AH,https://www.ah.nl/producten/product/wi371073,2026-08-12,Vegetarian Butcher Bratwurst,vegetarian-vegan-and-plant-based
489280,742886,AH Terra Plantaardige ham,AH Terra,vegetarisch-vegan-en-plantaardig,"Vegetarisch, vegan en plantaardig",Plantaardige vleeswaren,1.99,1.99,,,,,80 g,prijs per kg €24.88,False,,,,,C,True,AH,https://www.ah.nl/producten/product/wi489280,2026-08-12,AH Terra Vegetable ham,vegetarian-vegan-and-plant-based
583040,26304,Blue Band Finesse plantaardig alternatief kookroom,Blue Band,vegetarisch-vegan-en-plantaardig,"Vegetarisch, vegan en plantaardig",Plantaardige room,1.79,1.79,,,,,250 ml,prijs per liter €7.16,False,,,,,C,True,AH,https://www.ah.nl/producten/product/wi583040,2026-08-12,Blue Band Finesse plant-based alternative cooking cream,vegetarian-vegan-and-plant-based
622360,0,AH Excellent Hummus labneh stijl 3-pack,AH Excellent,vegetarisch-vegan-en-plantaardig,"Vegetarisch, vegan en plantaardig",Hummus met smaakje,6.98,8.97,22.2,pakketkorting,,,3 stuks,,True,AHOO,,2026-08-12,2026-08-16,,True,AH,https://www.ah.nl/producten/product/wi622360,2026-08-12,AH Excellent Hummus labneh style 3-pack,vegetarian-vegan-and-plant-based
622361,0,AH Excellent Hummus labneh stijl 4-pack,AH Excellent,vegetarisch-vegan-en-plantaardig,"Vegetarisch, vegan en plantaardig",Hummus met smaakje,7.98,11.96,33.3,pakketkorting,,,4 stuks,,True,AHOO,,2026-08-12,2026-08-16,,True,AH,https://www.ah.nl/producten/product/wi622361,2026-08-12,AH Excellent Hummus labneh style 4-pack,vegetarian-vegan-and-plant-based
583041,26305,Blue Band Finesse plantaardig alternatief slagroom,Blue Band,vegetarisch-vegan-en-plantaardig,"Vegetarisch, vegan en plantaardig",Plantaardige room,1.79,1.79,,,,,250 ml,prijs per liter €7.16,False,,,,,D,True,AH,https://www.ah.nl/producten/product/wi583041,2026-08-12,Blue Band Finesse plant-based alternative whipped cream,vegetarian-vegan-and-plant-based
548468,45685,Rude Health Barista haver,Rude Health,vegetarisch-vegan-en-plantaardig,"Vegetarisch, vegan en plantaardig",Haverdrink,2.69,2.69,,,,,1 l,prijs per liter €2.69,False,,,,,D,True,AH,https://www.ah.nl/producten/product/wi548468,2026-08-12,Rude Health Barista oats,vegetarian-vegan-and-plant-based
601555,52547,AH Terra Plantaardig alternatief voor kwark,AH Terra,vegetarisch-vegan-en-plantaardig,"Vegetarisch, vegan en plantaardig","Plantaardige kwark, vla",3.19,3.19,,,,,1 kg,prijs per kg €3.19,False,,,,,A,True,AH,https://www.ah.nl/producten/product/wi601555,2026-08-12,AH Terra Vegetable alternative to cottage cheese,vegetarian-vegan-and-plant-based
606099,60548,Alpro Dessert kokos gezouten karamel,Alpro,vegetarisch-vegan-en-plantaardig,"Vegetarisch, vegan en plantaardig",Plantaardige toetjes,1.49,1.49,,,,,120 g,prijs per kg €12.42,False,,,,,C,True,AH,https://www.ah.nl/producten/product/wi606099,2026-08-12,Alpro Dessert coconut salted caramel,vegetarian-vegan-and-plant-based
609119,0,Alpro Dessert kokos gezouten karamel 2-pack,Alpro,vegetarisch-vegan-en-plantaardig,"Vegetarisch, vegan en plantaardig",Plantaardige toetjes,2.83,2.98,5.0,5% volume voordeel,,,2 stuks,,True,AHOO,5% volume voordeel,2026-08-12,2999-12-31,,True,AH,https://www.ah.nl/producten/product/wi609119,2026-08-12,Alpro Dessert coconut salted caramel 2-pack,vegetarian-vegan-and-plant-based
612630,68573,AH Terra Plantaardige smokey worstjes tomaat,AH Terra,vegetarisch-vegan-en-plantaardig,Vlees,Vegetarische worst,2.79,2.79,,,,,240 g,prijs per kg €11.63,False,,,,,A,True,AH,https://www.ah.nl/producten/product/wi612630,2026-08-12,AH Terra Vegetable smokey sausages tomato,vegetarian-vegan-and-plant-based
567268,5279,AH Terra Plantaardige mortadella met pistache,AH Terra,vegetarisch-vegan-en-plantaardig,"Vegetarisch, vegan en plantaardig",Plantaardige vleeswaren,2.49,2.49,,,,,80 g,prijs per kg €31.13,False,,,,,D,True,AH,https://www.ah.nl/producten/product/wi567268,2026-08-12,AH Terra Vegetable mortadella with pistachio,vegetarian-vegan-and-plant-based
620463,0,AH Terra Plantaardige mortadella met pistache 2pk,AH Terra,vegetarisch-vegan-en-plantaardig,"Vegetarisch, vegan en plantaardig",Plantaardige vleeswaren,4.88,4.98,2.0,2% volume voordeel,,,2 stuks,,True,AHOO,2% volume voordeel,2026-08-12,2999-12-31,,True,AH,https://www.ah.nl/producten/product/wi620463,2026-08-12,AH Terra Vegetable mortadella with pistachio 2pk,vegetarian-vegan-and-plant-based
604926,58793,AH Terra Hummus spicy mango,AH Terra,vegetarisch-vegan-en-plantaardig,"Vegetarisch, vegan en plantaardig",Hummus met smaakje,1.995,2.69,25.8,2 voor 3.99,3.99,2.0,175 g,normale prijs per kg €15.37,True,AH,2 voor 3.99,2026-08-10,2026-08-16,A,True,AH,https://www.ah.nl/producten/product/wi604926,2026-08-12,AH Terra Hummus spicy mango,vegetarian-vegan-and-plant-based
622368,0,AH Terra Hummus spicy mango 2-pack,AH Terra,vegetarisch-vegan-en-plantaardig,"Vegetarisch, vegan en plantaardig",Hummus met smaakje,3.99,5.38,25.8,pakketkorting,,,2 stuks,,True,AHOO,,2026-08-12,2026-08-16,,True,AH,https://www.ah.nl/producten/product/wi622368,2026-08-12,AH Terra Hummus spicy mango 2-pack,vegetarian-vegan-and-plant-based
619081,0,AH Terra Plantaardige ham 2-pack,AH Terra,vegetarisch-vegan-en-plantaardig,"Vegetarisch, vegan en plantaardig",Plantaardige vleeswaren,3.9,3.98,2.0,2% volume voordeel,,,2 stuks,,True,AHOO,2% volume voordeel,2026-08-12,2999-12-31,,True,AH,https://www.ah.nl/producten/product/wi619081,2026-08-12,AH Terra Vegetable ham 2-pack,vegetarian-vegan-and-plant-based
577215,19602,AH Terra Biologisch falafel tomaat basilicum,AH Terra,vegetarisch-vegan-en-plantaardig,Vlees,Falafel,2.99,2.99,,,,,150 g,prijs per kg €19.93,False,,,,,A,True,AH,https://www.ah.nl/producten/product/wi577215,2026-08-12,AH Terra Organic falafel tomato basil,vegetarian-vegan-and-plant-based
622369,0,AH Terra Hummus spicy mango 3-pack,AH Terra,vegetarisch-vegan-en-plantaardig,"Vegetarisch, vegan en plantaardig",Hummus met smaakje,6.68,8.07,17.2,pakketkorting,,,3 stuks,,True,AHOO,,2026-08-12,2026-08-16,,True,AH,https://www.ah.nl/producten/product/wi622369,2026-08-12,AH Terra Hummus spicy mango 3-pack,vegetarian-vegan-and-plant-based
622370,0,AH Terra Hummus spicy mango 4-pack,AH Terra,vegetarisch-vegan-en-plantaardig,"Vegetarisch, vegan en plantaardig",Hummus met smaakje,7.98,10.76,25.8,pakketkorting,,,4 stuks,,True,AHOO,,2026-08-12,2026-08-16,,True,AH,https://www.ah.nl/producten/product/wi622370,2026-08-12,AH Terra Hummus spicy mango 4-pack,vegetarian-vegan-and-plant-based
365840,832849,Zonnatura Paprika spread 67% groente,Zonnatura,vegetarisch-vegan-en-plantaardig,"Vegetarisch, vegan en plantaardig",Plantaardige spreads,3.09,3.09,,,,,135 g,prijs per kg €22.89,False,,,,,C,True,AH,https://www.ah.nl/producten/product/wi365840,2026-08-12,Zonnatura Paprika spread 67% vegetable,vegetarian-vegan-and-plant-based
619083,0,AH Terra Plantaardige ham 4-pack,AH Terra,vegetarisch-vegan-en-plantaardig,"Vegetarisch, vegan en plantaardig",Plantaardige vleeswaren,7.48,7.96,6.0,6% volume voordeel,,,4 stuks,,True,AHOO,6% volume voordeel,2026-08-12,2999-12-31,,True,AH,https://www.ah.nl/producten/product/wi619083,2026-08-12,AH Terra Vegetable ham 4-pack,vegetarian-vegan-and-plant-based
620464,0,AH Terra Plantaardige mortadella met pistache 3pk,AH Terra,vegetarisch-vegan-en-plantaardig,"Vegetarisch, vegan en plantaardig",Plantaardige vleeswaren,7.25,7.47,3.0,3% volume voordeel,,,3 stuks,,True,AHOO,3% volume voordeel,2026-08-12,2999-12-31,,True,AH,https://www.ah.nl/producten/product/wi620464,2026-08-12,AH Terra Vegetable mortadella with pistachio 3pk,vegetarian-vegan-and-plant-based
620465,0,AH Terra Plantaardige mortadella met pistache 4pk,AH Terra,vegetarisch-vegan-en-plantaardig,"Vegetarisch, vegan en plantaardig",Plantaardige vleeswaren,9.36,9.96,6.0,6% volume voordeel,,,4 stuks,,True,AHOO,6% volume voordeel,2026-08-12,2999-12-31,,True,AH,https://www.ah.nl/producten/product/wi620465,2026-08-12,AH Terra Plantaardige mortadella met pistache 4pk,vegetarian-vegan-and-plant-based
619082,0,AH Terra Plantaardige ham 3-pack,AH Terra,vegetarisch-vegan-en-plantaardig,"Vegetarisch, vegan en plantaardig",Plantaardige vleeswaren,5.79,5.97,3.0,3% volume voordeel,,,3 stuks,,True,AHOO,3% volume voordeel,2026-08-12,2999-12-31,,True,AH,https://www.ah.nl/producten/product/wi619082,2026-08-12,AH Terra Vegetable ham 3-pack,vegetarian-vegan-and-plant-based
502069,819573,Vivera Plantaardige kipstukjes,Vivera,vegetarisch-vegan-en-plantaardig,Vlees,Vegetarische stukjes,3.49,3.49,,,,,175 g,prijs per kg €19.94,False,,,,,A,True,AH,https://www.ah.nl/producten/product/wi502069,2026-08-12,Vivera Vegetable chicken pieces,vegetarian-vegan-and-plant-based
545624,549896,Neni Hummus olijfolie & kikkererwten,Neni,vegetarisch-vegan-en-plantaardig,"Vegetarisch, vegan en plantaardig",Hummus met smaakje,3.39,3.39,,,,,200 g,prijs per kg €16.95,False,,,,,A,True,AH,https://www.ah.nl/producten/product/wi545624,2026-08-12,Neni Hummus olive oil & chickpeas,vegetarian-vegan-and-plant-based
556300,53400,AH Terra Plantaardige kokos gurt vanillesmaak,AH Terra,vegetarisch-vegan-en-plantaardig,"Vegetarisch, vegan en plantaardig",Plantaardige yoghurt met smaak,2.49,2.49,,,,,500 g,prijs per kg €4.98,False,,,,,C,True,AH,https://www.ah.nl/producten/product/wi556300,2026-08-12,AH Terra Vegetable coconut gurt vanilla flavor,vegetarian-vegan-and-plant-based
564866,2462,AH Terra Plantaardige kipbraadworst,AH Terra,vegetarisch-vegan-en-plantaardig,Vlees,Vegetarische worst,2.59,2.59,,,,,200 g,prijs per kg €12.95,False,,,,,D,True,AH,https://www.ah.nl/producten/product/wi564866,2026-08-12,AH Terra Vegetable chicken sausage,vegetarian-vegan-and-plant-based
569952,9766,AH Terra Plantaardige spread kruiden,AH Terra,vegetarisch-vegan-en-plantaardig,"Vegetarisch, vegan en plantaardig",Plantaardige spreads,1.99,1.99,,,,,150 g,prijs per kg €13.27,False,,,,,D,True,AH,https://www.ah.nl/producten/product/wi569952,2026-08-12,AH Terra Vegetable spread herbs,vegetarian-vegan-and-plant-based
587111,32421,AH Terra Plantaardige smeltburger gouda stijl,AH Terra,vegetarisch-vegan-en-plantaardig,Vlees,Vegetarische burgers,2.59,2.59,,,,,200 g,prijs per kg €12.95,False,,,,,D,True,AH,https://www.ah.nl/producten/product/wi587111,2026-08-12,AH Terra Vegetable melting burger Gouda style,vegetarian-vegan-and-plant-based
604905,58674,AH Zoete aardappel chili-madras spread,AH,vegetarisch-vegan-en-plantaardig,"Vegetarisch, vegan en plantaardig",Vegetarische spreads,2.49,2.49,,,,,175 g,prijs per kg €14.23,False,,,,,C,True,AH,https://www.ah.nl/producten/product/wi604905,2026-08-12,AH Sweet potato chili-madras spread,vegetarian-vegan-and-plant-based
606091,60544,AH Terra Soja gurt vanillesmaak,AH Terra,vegetarisch-vegan-en-plantaardig,"Vegetarisch, vegan en plantaardig",Plantaardige yoghurt met smaak,1.59,1.59,,,,,750 ml,prijs per liter €2.12,False,,,,,B,True,AH,https://www.ah.nl/producten/product/wi606091,2026-08-12,AH Terra Soja gurt vanilla flavor,vegetarian-vegan-and-plant-based
621092,0,AH Terra Plantaardige smeltburger gouda stijl 3pk,AH Terra,vegetarisch-vegan-en-plantaardig,Vlees,Vegetarische burgers,,,5.0,5% volume voordeel,,,3 stuks,,True,AH,5% volume voordeel,,,,True,AH,https://www.ah.nl/producten/product/wi621092,2026-08-12,AH Terra Vegetable melting burger Gouda style 3pk,vegetarian-vegan-and-plant-based
621093,0,AH Terra Plantaardige smeltburger gouda stijl 4pk,AH Terra,vegetarisch-vegan-en-plantaardig,Vlees,Vegetarische burgers,,,7.0,7% volume voordeel,,,4 stuks,,True,AH,7% volume voordeel,,,,True,AH,https://www.ah.nl/producten/product/wi621093,2026-08-12,AH Terra Vegetable melting burger Gouda style 4pk,vegetarian-vegan-and-plant-based
621094,0,AH Terra Plantaardige smeltburger gouda stijl 5pk,AH Terra,vegetarisch-vegan-en-plantaardig,Vlees,Vegetarische burgers,,,10.0,10% volume voordeel,,,5 stuks,,True,AH,10% volume voordeel,,,,True,AH,https://www.ah.nl/producten/product/wi621094,2026-08-12,AH Terra Vegetable melting burger Gouda style 5pk,vegetarian-vegan-and-plant-based
622520,0,AH Zoete aardappel chili-madras spread 2-pk,AH,vegetarisch-vegan-en-plantaardig,"Vegetarisch, vegan en plantaardig",Vegetarische spreads,4.83,4.98,3.0,3% volume voordeel,,,2 stuks,,True,AHOO,3% volume voordeel,2026-08-12,2999-12-31,,True,AH,https://www.ah.nl/producten/product/wi622520,2026-08-12,AH Sweet potato chili-madras spread 2-pk,vegetarian-vegan-and-plant-based
564795,2453,AH Terra Plantaardig gehakt,AH Terra,vegetarisch-vegan-en-plantaardig,Vlees,Vegetarisch gehakt,2.99,2.99,,,,,250 g,prijs per kg €11.96,False,,,,,A,True,AH,https://www.ah.nl/producten/product/wi564795,2026-08-12,AH Terra Vegetable minced meat,vegetarian-vegan-and-plant-based
620354,0,AH Terra Plantaardig gehakt 3-pack,AH Terra,vegetarisch-vegan-en-plantaardig,Vlees,Vegetarisch gehakt,8.7,8.97,3.0,3% volume voordeel,,,3 stuks,,True,AHOO,3% volume voordeel,2026-08-12,2999-12-31,,True,AH,https://www.ah.nl/producten/product/wi620354,2026-08-12,AH Terra Vegetable minced meat 3-pack,vegetarian-vegan-and-plant-based
622521,0,AH Zoete aardappel chili-madras spread 3-pk,AH,vegetarisch-vegan-en-plantaardig,"Vegetarisch, vegan en plantaardig",Vegetarische spreads,7.1,7.47,5.0,5% volume voordeel,,,3 stuks,,True,AHOO,5% volume voordeel,2026-08-12,2999-12-31,,True,AH,https://www.ah.nl/producten/product/wi622521,2026-08-12,AH Sweet potato chili-madras spread 3-pk,vegetarian-vegan-and-plant-based
622522,0,AH Zoete aardappel chili-madras spread 4-pk,AH,vegetarisch-vegan-en-plantaardig,"Vegetarisch, vegan en plantaardig",Vegetarische spreads,8.96,9.96,10.0,10% volume voordeel,,,4 stuks,,True,AHOO,10% volume voordeel,2026-08-12,2999-12-31,,True,AH,https://www.ah.nl/producten/product/wi622522,2026-08-12,AH Sweet potato chili-madras spread 4-pk,vegetarian-vegan-and-plant-based
583284,26315,Alpro Lemon cheesecake flavour,Alpro,vegetarisch-vegan-en-plantaardig,"Vegetarisch, vegan en plantaardig",Plantaardige toetjes,1.39,1.39,,,,,135 g,prijs per kg €10.30,False,,,,,B,True,AH,https://www.ah.nl/producten/product/wi583284,2026-08-12,Alpro Lemon cheesecake flavour,vegetarian-vegan-and-plant-based
620355,0,AH Terra Plantaardig gehakt 4-pack,AH Terra,vegetarisch-vegan-en-plantaardig,Vlees,Vegetarisch gehakt,11.36,11.96,5.0,5% volume voordeel,,,4 stuks,,True,AHOO,5% volume voordeel,2026-08-12,2999-12-31,,True,AH,https://www.ah.nl/producten/product/wi620355,2026-08-12,AH Terra Vegetable minced meat 4-pack,vegetarian-vegan-and-plant-based
620356,0,AH Terra Plantaardig gehakt 6-pack,AH Terra,vegetarisch-vegan-en-plantaardig,Vlees,Vegetarisch gehakt,16.5,17.94,8.0,8% volume voordeel,,,6 stuks,,True,AHOO,8% volume voordeel,2026-08-12,2999-12-31,,True,AH,https://www.ah.nl/producten/product/wi620356,2026-08-12,AH Terra Vegetable minced meat 6-pack,vegetarian-vegan-and-plant-based
598687,47342,AH Terra Baba ganoush,AH Terra,vegetarisch-vegan-en-plantaardig,"Vegetarisch, vegan en plantaardig",Plantaardige spreads,1.99,1.99,,,,,175 g,prijs per kg €11.37,False,,,,,C,True,AH,https://www.ah.nl/producten/product/wi598687,2026-08-12,AH Terra Baba ganoush,vegetarian-vegan-and-plant-based
569964,9782,AH Terra Plantaardige boterhamworst,AH Terra,vegetarisch-vegan-en-plantaardig,"Vegetarisch, vegan en plantaardig",Plantaardige vleeswaren,1.99,1.99,,,,,80 g,prijs per kg €24.88,False,,,,,C,True,AH,https://www.ah.nl/producten/product/wi569964,2026-08-12,AH Terra Vegetable luncheon meat,vegetarian-vegan-and-plant-based
565423,2912,AH Terra Plantaardige rasp lekker voor pizza,AH Terra,vegetarisch-vegan-en-plantaardig,"Vegetarisch, vegan en plantaardig",Plantaardige kaas voor maaltijden,1.99,1.99,,,,,150 g,prijs per kg €13.27,False,,,,,E,True,AH,https://www.ah.nl/producten/product/wi565423,2026-08-12,"AH Terra Vegetable grater, great for pizza",vegetarian-vegan-and-plant-based
577214,19601,AH Terra Biologisch falafel courgette,AH Terra,vegetarisch-vegan-en-plantaardig,Vlees,Falafel,2.99,2.99,,,,,150 g,prijs per kg €19.93,False,,,,,A,True,AH,https://www.ah.nl/producten/product/wi577214,2026-08-12,AH Terra Organic falafel zucchini,vegetarian-vegan-and-plant-based
515725,21121,AH Terra Plantaardig dessert chocolade mousse,AH Terra,vegetarisch-vegan-en-plantaardig,"Vegetarisch, vegan en plantaardig",Plantaardige toetjes,1.39,1.39,,,,,75 g,prijs per kg €18.53,False,,,,,D,True,AH,https://www.ah.nl/producten/product/wi515725,2026-08-12,AH Terra Plantaardig dessert chocolade mousse,vegetarian-vegan-and-plant-based
114696,511454,Alpro Cooking soya,Alpro,vegetarisch-vegan-en-plantaardig,"Vegetarisch, vegan en plantaardig",Plantaardige room,1.89,1.89,,,,,250 ml,prijs per liter €7.56,False,,,,,B,True,AH,https://www.ah.nl/producten/product/wi114696,2026-08-12,Alpro Cooking soya,vegetarian-vegan-and-plant-based
497593,802274,AH Terra Plantaardige salade farmer,AH Terra,vegetarisch-vegan-en-plantaardig,"Vegetarisch, vegan en plantaardig",Plantaardige spreads,1.89,1.89,,,,,150 g,prijs per kg €12.60,False,,,,,C,True,AH,https://www.ah.nl/producten/product/wi497593,2026-08-12,AH Terra Vegetable salad farmer,vegetarian-vegan-and-plant-based
561004,737537,AH Terra Plantaardige hummus tomaat olijf,AH Terra,vegetarisch-vegan-en-plantaardig,"Vegetarisch, vegan en plantaardig",Hummus met smaakje,1.99,1.99,,,,,175 g,prijs per kg €11.37,False,,,,,C,True,AH,https://www.ah.nl/producten/product/wi561004,2026-08-12,AH Terra Vegetable hummus tomato olive,vegetarian-vegan-and-plant-based
515256,28168,Johma 100% plantaardige kip-sambasalade,Johma,vegetarisch-vegan-en-plantaardig,"Vegetarisch, vegan en plantaardig",Plantaardige spreads,1.9967,3.29,39.3,3 stuks 5.99,5.99,3.0,175 g,normale prijs per kg €18.80,True,AH,3 stapelen voor 5.99,2026-08-10,2026-08-16,D,True,AH,https://www.ah.nl/producten/product/wi515256,2026-08-12,Johma 100% vegetable chicken samba salad,vegetarian-vegan-and-plant-based
548737,534511,Valess Vegetarische crispy chick'n bites,Valess,vegetarisch-vegan-en-plantaardig,"Vegetarisch, vegan en plantaardig",Vega(n) Snacks,2.495,3.79,34.2,2 voor 4.99,4.99,2.0,170 g,normale prijs per kg €22.29,True,AH,2 voor 4.99,2026-08-10,2026-08-16,C,True,AH,https://www.ah.nl/producten/product/wi548737,2026-08-12,Valess Vegetarian crispy chick'n bites,vegetarian-vegan-and-plant-based
599752,49179,Oatly! Barista vanille,Oatly!,vegetarisch-vegan-en-plantaardig,"Vegetarisch, vegan en plantaardig",Haverdrink,2.99,2.99,,,,,1 l,prijs per liter €2.99,False,,,,,E,True,AH,https://www.ah.nl/producten/product/wi599752,2026-08-12,Oatly! Barista vanilla,vegetarian-vegan-and-plant-based
611230,0,Oatly! Barista vanille 4-pack,Oatly!,vegetarisch-vegan-en-plantaardig,"Vegetarisch, vegan en plantaardig",Haverdrink,11.36,11.96,5.0,5% volume voordeel,,,4 stuks,,True,AHOO,5% volume voordeel,2026-08-12,2999-12-31,,True,AH,https://www.ah.nl/producten/product/wi611230,2026-08-12,Oatly! Barista vanilla 4-pack,vegetarian-vegan-and-plant-based
620456,0,AH Terra Plantaardige boterhamworst 4-pack,AH Terra,vegetarisch-vegan-en-plantaardig,"Vegetarisch, vegan en plantaardig",Plantaardige vleeswaren,7.48,7.96,6.0,6% volume voordeel,,,4 stuks,,True,AHOO,6% volume voordeel,2026-08-12,2999-12-31,,True,AH,https://www.ah.nl/producten/product/wi620456,2026-08-12,AH Terra Vegetable sandwich sausage 4-pack,vegetarian-vegan-and-plant-based
438915,70537,Maza Hoemoes spicy chipotle,Maza,vegetarisch-vegan-en-plantaardig,"Vegetarisch, vegan en plantaardig",Hummus met smaakje,2.69,2.69,,,,,200 g,prijs per kg €13.45,False,,,,,C,True,AH,https://www.ah.nl/producten/product/wi438915,2026-08-12,Maza Hoemoes spicy chipotle,vegetarian-vegan-and-plant-based
507422,682003,Vivera Plantaardige krokante schnitzel voordeel,Vivera,vegetarisch-vegan-en-plantaardig,Vlees,Vegetarische schnitzel,4.99,4.99,,,,,400 g,prijs per kg €12.48,False,,,,,B,True,AH,https://www.ah.nl/producten/product/wi507422,2026-08-12,Vivera Vegetable crispy schnitzel benefit,vegetarian-vegan-and-plant-based
549895,21854,Kips Vega tuinkruiden & bospaddenstoelen paté,Kips,vegetarisch-vegan-en-plantaardig,"Vegetarisch, vegan en plantaardig",Plantaardige vleeswaren,2.59,2.59,,,,,125 g,prijs per kg €20.72,False,,,,,D,True,AH,https://www.ah.nl/producten/product/wi549895,2026-08-12,Kips Vega tuinkruiden & bospaddenstoelen paté,vegetarian-vegan-and-plant-based
605212,59795,Alpro Biologische cooking soja,Alpro,vegetarisch-vegan-en-plantaardig,"Vegetarisch, vegan en plantaardig",Plantaardige room,1.99,1.99,,,,,250 ml,prijs per liter €7.96,False,,,,,B,True,AH,https://www.ah.nl/producten/product/wi605212,2026-08-12,Alpro Organic cooking soy,vegetarian-vegan-and-plant-based
611398,0,Maza Hoemoes spicy chipotle 3-pack,Maza,vegetarisch-vegan-en-plantaardig,"Vegetarisch, vegan en plantaardig",Hummus met smaakje,7.67,8.07,5.0,5% volume voordeel,,,3 stuks,,True,AHOO,5% volume voordeel,2026-08-12,2999-12-31,,True,AH,https://www.ah.nl/producten/product/wi611398,2026-08-12,Maza Hoemoes spicy chipotle 3-pack,vegetarian-vegan-and-plant-based
479539,733090,Maza Hoemoes paprika oregano,Maza,vegetarisch-vegan-en-plantaardig,"Vegetarisch, vegan en plantaardig",Hummus met smaakje,2.69,2.69,,,,,200 g,prijs per kg €13.45,False,,,,,C,True,AH,https://www.ah.nl/producten/product/wi479539,2026-08-12,Maza Hoemoes paprika oregano,vegetarian-vegan-and-plant-based
548765,524936,Vegetarische Slager Vegan kipstuckjes XL,Vegetarische Slager,vegetarisch-vegan-en-plantaardig,Vlees,Vegetarische stukjes,6.29,6.29,,,,,300 g,prijs per kg €20.97,False,,,,,A,True,AH,https://www.ah.nl/producten/product/wi548765,2026-08-12,Vegetarian Butcher Vegan chicken pieces XL,vegetarian-vegan-and-plant-based
611395,0,Maza Hoemoes paprika oregano 3-pack,Maza,vegetarisch-vegan-en-plantaardig,"Vegetarisch, vegan en plantaardig",Hummus met smaakje,7.67,8.07,5.0,5% volume voordeel,,,3 stuks,,True,AHOO,5% volume voordeel,2026-08-12,2999-12-31,,True,AH,https://www.ah.nl/producten/product/wi611395,2026-08-12,Maza Hoemoes paprika oregano 3-pack,vegetarian-vegan-and-plant-based
460410,669782,Vivera Plantaardige gyros,Vivera,vegetarisch-vegan-en-plantaardig,Vlees,"Vegetarische shoarma, gyros, kebab",3.69,3.69,,,,,175 g,prijs per kg €21.09,False,,,,,A,True,AH,https://www.ah.nl/producten/product/wi460410,2026-08-12,Vivera Plantaardige gyros,vegetarian-vegan-and-plant-based
570867,11852,AH Terra Plantaardige tussendoortje yoghurt mango,AH Terra,vegetarisch-vegan-en-plantaardig,"Vegetarisch, vegan en plantaardig",Plantaardige tussendoortjes,1.49,1.49,,,,,180 g,prijs per kg €8.28,False,,,,,C,True,AH,https://www.ah.nl/producten/product/wi570867,2026-08-12,AH Terra Vegetable snack yogurt mango,vegetarian-vegan-and-plant-based
598686,47332,AH Terra Plantaardige witte blokjes in pekel,AH Terra,vegetarisch-vegan-en-plantaardig,"Vegetarisch, vegan en plantaardig",Plantaardige kaas voor de borrel,2.75,2.75,,,,,420 g,prijs per kg €13.75,False,,,,,E,True,AH,https://www.ah.nl/producten/product/wi598686,2026-08-12,AH Terra Plantaardige witte blokjes in pekel,vegetarian-vegan-and-plant-based
603870,56934,AH Terra Tomaat basilicum spread,AH Terra,vegetarisch-vegan-en-plantaardig,"Vegetarisch, vegan en plantaardig",Vegetarische spreads,1.99,1.99,,,,,190 g,prijs per kg €10.47,False,,,,,A,True,AH,https://www.ah.nl/producten/product/wi603870,2026-08-12,AH Terra Tomato basil spread,vegetarian-vegan-and-plant-based
620454,0,AH Terra Plantaardige boterhamworst 2-pack,AH Terra,vegetarisch-vegan-en-plantaardig,"Vegetarisch, vegan en plantaardig",Plantaardige vleeswaren,3.9,3.98,2.0,2% volume voordeel,,,2 stuks,,True,AHOO,2% volume voordeel,2026-08-12,2999-12-31,,True,AH,https://www.ah.nl/producten/product/wi620454,2026-08-12,AH Terra Vegetable luncheon meat 2-pack,vegetarian-vegan-and-plant-based
108651,557059,Alpro Sojadrink banaan,Alpro,vegetarisch-vegan-en-plantaardig,"Vegetarisch, vegan en plantaardig",Sojadrink,2.69,2.69,,,,,3 x 250 ml,prijs per liter €3.59,False,,,,,B,True,AH,https://www.ah.nl/producten/product/wi108651,2026-08-12,Alpro Soya Drink Banana,vegetarian-vegan-and-plant-based
489282,742888,AH Terra Plantaardige gehakt gebraden,AH Terra,vegetarisch-vegan-en-plantaardig,"Vegetarisch, vegan en plantaardig",Plantaardige vleeswaren,1.99,1.99,,,,,80 g,prijs per kg €24.88,False,,,,,C,True,AH,https://www.ah.nl/producten/product/wi489282,2026-08-12,AH Terra Vegetable minced meat roast,vegetarian-vegan-and-plant-based
564869,2463,AH Terra Plantaardige chipolata worstjes,AH Terra,vegetarisch-vegan-en-plantaardig,Vlees,Vegetarische worst,2.19,2.19,,,,,240 g,prijs per kg €9.13,False,,,,,A,True,AH,https://www.ah.nl/producten/product/wi564869,2026-08-12,AH Terra Plantaardige chipolata worstjes,vegetarian-vegan-and-plant-based
619069,0,AH Terra Plantaardige gehakt gebraden 2-pack,AH Terra,vegetarisch-vegan-en-plantaardig,"Vegetarisch, vegan en plantaardig",Plantaardige vleeswaren,3.9,3.98,2.0,2% volume voordeel,,,2 stuks,,True,AHOO,2% volume voordeel,2026-08-12,2999-12-31,,True,AH,https://www.ah.nl/producten/product/wi619069,2026-08-12,AH Terra Vegetable minced meat roast 2-pack,vegetarian-vegan-and-plant-based
577216,19603,Beyond Meat Biefstukpuntjes,Beyond Meat,vegetarisch-vegan-en-plantaardig,Vlees,Vegetarische steak,4.99,4.99,,,,,160 g,prijs per kg €31.19,False,,,,,A,True,AH,https://www.ah.nl/producten/product/wi577216,2026-08-12,Beyond Meat Beef Tips,vegetarian-vegan-and-plant-based
620455,0,AH Terra Plantaardige boterhamworst 3-pack,AH Terra,vegetarisch-vegan-en-plantaardig,"Vegetarisch, vegan en plantaardig",Plantaardige vleeswaren,5.79,5.97,3.0,3% volume voordeel,,,3 stuks,,True,AHOO,3% volume voordeel,2026-08-12,2999-12-31,,True,AH,https://www.ah.nl/producten/product/wi620455,2026-08-12,AH Terra Plantaardige boterhamworst 3-pack,vegetarian-vegan-and-plant-based
159491,609028,Alpro Dessert vanille,Alpro,vegetarisch-vegan-en-plantaardig,"Vegetarisch, vegan en plantaardig",Plantaardige toetjes,2.99,2.99,,,,,4 x 125 g,prijs per kg €5.98,False,,,,,B,True,AH,https://www.ah.nl/producten/product/wi159491,2026-08-12,Alpro Dessert vanille,vegetarian-vegan-and-plant-based
519787,856756,Natrue Oat drink,Natrue,vegetarisch-vegan-en-plantaardig,"Vegetarisch, vegan en plantaardig",Sojadrink,2.29,2.29,,,,,1 l,prijs per liter €2.29,False,,,,,C,True,AH,https://www.ah.nl/producten/product/wi519787,2026-08-12,Natrue Oat drink,vegetarian-vegan-and-plant-based
493528,748559,Vivera Plantaardig kruimgehakt,Vivera,vegetarisch-vegan-en-plantaardig,Vlees,Vegetarisch gehakt,3.39,3.39,,,,,200 g,prijs per kg €16.95,False,,,,,A,True,AH,https://www.ah.nl/producten/product/wi493528,2026-08-12,Vivera Vegetable minced meat,vegetarian-vegan-and-plant-based
605195,59958,AH Terra Barista haver vanillesmaak,AH Terra,vegetarisch-vegan-en-plantaardig,"Vegetarisch, vegan en plantaardig",Haverdrink,1.69,1.69,,,,,1 l,prijs per liter €1.69,False,,,,,D,True,AH,https://www.ah.nl/producten/product/wi605195,2026-08-12,AH Terra Barista oat vanilla flavor,vegetarian-vegan-and-plant-based
613316,69568,AH Terra Soja gurt perzik,AH Terra,vegetarisch-vegan-en-plantaardig,"Vegetarisch, vegan en plantaardig",Plantaardige yoghurt met smaak,1.59,1.59,,,,,"0,75 l",prijs per liter €2.12,False,,,,,B,True,AH,https://www.ah.nl/producten/product/wi613316,2026-08-12,AH Terra Soja gurt peach,vegetarian-vegan-and-plant-based
619070,0,AH Terra Plantaardige gehakt gebraden 3-pack,AH Terra,vegetarisch-vegan-en-plantaardig,"Vegetarisch, vegan en plantaardig",Plantaardige vleeswaren,5.79,5.97,3.0,3% volume voordeel,,,3 stuks,,True,AHOO,3% volume voordeel,2026-08-12,2999-12-31,,True,AH,https://www.ah.nl/producten/product/wi619070,2026-08-12,AH Terra Vegetable minced meat roast 3-pack,vegetarian-vegan-and-plant-based
619071,0,AH Terra Plantaardige gehakt gebraden 4-pack,AH Terra,vegetarisch-vegan-en-plantaardig,"Vegetarisch, vegan en plantaardig",Plantaardige vleeswaren,7.48,7.96,6.0,6% volume voordeel,,,4 stuks,,True,AHOO,6% volume voordeel,2026-08-12,2999-12-31,,True,AH,https://www.ah.nl/producten/product/wi619071,2026-08-12,AH Terra Vegetable minced meat roast 4-pack,vegetarian-vegan-and-plant-based
604927,58794,AH Terra Hummus citroen,AH Terra,vegetarisch-vegan-en-plantaardig,"Vegetarisch, vegan en plantaardig",Hummus met smaakje,1.995,2.69,25.8,2 voor 3.99,3.99,2.0,175 g,normale prijs per kg €15.37,True,AH,2 voor 3.99,2026-08-10,2026-08-16,A,True,AH,https://www.ah.nl/producten/product/wi604927,2026-08-12,AH Terra Hummus citroen,vegetarian-vegan-and-plant-based
615077,71967,Dreamfarm Plantaardig alternatief voor ricotta,Dreamfarm,vegetarisch-vegan-en-plantaardig,"Vegetarisch, vegan en plantaardig",Plantaardige kaas voor maaltijden,2.79,2.79,,,,,100 g,prijs per kg €27.90,False,,,,,A,True,AH,https://www.ah.nl/producten/product/wi615077,2026-08-12,Dreamfarm Plant-based alternative to ricotta,vegetarian-vegan-and-plant-based
622353,0,AH Terra Hummus citroen 2-pack,AH Terra,vegetarisch-vegan-en-plantaardig,"Vegetarisch, vegan en plantaardig",Hummus met smaakje,3.99,5.38,25.8,pakketkorting,,,2 stuks,,True,AHOO,,2026-08-12,2026-08-16,,True,AH,https://www.ah.nl/producten/product/wi622353,2026-08-12,AH Terra Hummus lemon 2-pack,vegetarian-vegan-and-plant-based
209777,804156,Alpro Amandeldrink original,Alpro,vegetarisch-vegan-en-plantaardig,"Vegetarisch, vegan en plantaardig","Amandel, cashewdrink",3.19,3.19,,,,,1 l,prijs per liter €3.19,False,,,,,B,True,AH,https://www.ah.nl/producten/product/wi209777,2026-08-12,Alpro Amandeldrink original,vegetarian-vegan-and-plant-based
519784,856634,Friesche Vlag Barista haver,Friesche Vlag,vegetarisch-vegan-en-plantaardig,"Vegetarisch, vegan en plantaardig",Haverdrink,2.69,2.69,,,,,1 l,prijs per liter €2.69,False,,,,,C,True,AH,https://www.ah.nl/producten/product/wi519784,2026-08-12,Friesche Vlag Barista oats,vegetarian-vegan-and-plant-based
622354,0,AH Terra Hummus citroen 3-pack,AH Terra,vegetarisch-vegan-en-plantaardig,"Vegetarisch, vegan en plantaardig",Hummus met smaakje,6.68,8.07,17.2,pakketkorting,,,3 stuks,,True,AHOO,,2026-08-12,2026-08-16,,True,AH,https://www.ah.nl/producten/product/wi622354,2026-08-12,AH Terra Hummus lemon 3-pack,vegetarian-vegan-and-plant-based
622355,0,AH Terra Hummus citroen 4-pack,AH Terra,vegetarisch-vegan-en-plantaardig,"Vegetarisch, vegan en plantaardig",Hummus met smaakje,7.98,10.76,25.8,pakketkorting,,,4 stuks,,True,AHOO,,2026-08-12,2026-08-16,,True,AH,https://www.ah.nl/producten/product/wi622355,2026-08-12,AH Terra Hummus lemon 4-pack,vegetarian-vegan-and-plant-based
412823,856194,Vegetarische Slager Vegan petit pate,Vegetarische Slager,vegetarisch-vegan-en-plantaardig,"Vegetarisch, vegan en plantaardig",Plantaardige vleeswaren,2.79,2.79,,,,,5 x 24 g,prijs per kg €23.25,False,,,,,E,True,AH,https://www.ah.nl/producten/product/wi412823,2026-08-12,Vegetarian Butcher Vegan petit pate,vegetarian-vegan-and-plant-based
533205,78813,Vivera Plantaardige kipstukjes voordeelpak,Vivera,vegetarisch-vegan-en-plantaardig,Vlees,Vegetarische stukjes,4.99,4.99,,,,,300 g,prijs per kg €16.63,False,,,,,A,True,AH,https://www.ah.nl/producten/product/wi533205,2026-08-12,Vivera Plantaardige kipstukjes voordeelpak,vegetarian-vegan-and-plant-based
467423,718592,Vivera Plantaardige spekjes,Vivera,vegetarisch-vegan-en-plantaardig,Vlees,Vegetarische spekjes,3.99,3.99,,,,,175 g,prijs per kg €22.80,False,,,,,D,True,AH,https://www.ah.nl/producten/product/wi467423,2026-08-12,Vivera Vegetable bacon,vegetarian-vegan-and-plant-based
564870,2464,AH Terra Plantaardige mini frikandel,AH Terra,vegetarisch-vegan-en-plantaardig,"Vegetarisch, vegan en plantaardig",Gourmetmini's vega,1.99,1.99,,,,,180 g,prijs per kg €11.06,False,,,,,,True,AH,https://www.ah.nl/producten/product/wi564870,2026-08-12,AH Terra Vegetable mini frikandel,vegetarian-vegan-and-plant-based
580543,23251,AH Terra Spinazie schnitzel,AH Terra,vegetarisch-vegan-en-plantaardig,Vlees,Vegetarische schnitzel,1.99,1.99,,,,,200 g,prijs per kg €9.95,False,,,,,C,True,AH,https://www.ah.nl/producten/product/wi580543,2026-08-12,AH Terra Spinach schnitzel,vegetarian-vegan-and-plant-based
583322,26316,Alpro Apple pie flavour,Alpro,vegetarisch-vegan-en-plantaardig,"Vegetarisch, vegan en plantaardig",Plantaardige toetjes,1.39,1.39,,,,,135 g,prijs per kg €10.30,False,,,,,B,True,AH,https://www.ah.nl/producten/product/wi583322,2026-08-12,Alpro Apple pie flavour,vegetarian-vegan-and-plant-based
617149,75090,Beyond Meat Bratwurst original 2 stuks,Beyond Meat,vegetarisch-vegan-en-plantaardig,Vlees,Vegetarische worst,4.39,4.39,,,,,180 g,prijs per kg €24.39,False,,,,,C,True,AH,https://www.ah.nl/producten/product/wi617149,2026-08-12,Beyond Meat Bratwurst original 2 pieces,vegetarian-vegan-and-plant-based
620923,0,AH Terra Spinazie schnitzel 2-pack,AH Terra,vegetarisch-vegan-en-plantaardig,Vlees,Vegetarische schnitzel,3.9,3.98,2.0,2% volume voordeel,,,2 stuks,,True,AHOO,2% volume voordeel,2026-08-12,2999-12-31,,True,AH,https://www.ah.nl/producten/product/wi620923,2026-08-12,AH Terra Spinach schnitzel 2-pack,vegetarian-vegan-and-plant-based
388901,846097,Vegetarische Slager Spaanse worst,Vegetarische Slager,vegetarisch-vegan-en-plantaardig,"Vegetarisch, vegan en plantaardig",Vegetarische vleeswaren,2.79,2.79,,,,,100 g,prijs per kg €27.90,False,,,,,D,True,AH,https://www.ah.nl/producten/product/wi388901,2026-08-12,Vegetarian Butcher Spanish sausage,vegetarian-vegan-and-plant-based
412171,855707,Zonnatura Hazelnoot rijst drink,Zonnatura,vegetarisch-vegan-en-plantaardig,"Vegetarisch, vegan en plantaardig","Rijstdrank, erwtendrink",3.29,3.29,,,,,1 l,prijs per liter €3.29,False,,,,,E,True,AH,https://www.ah.nl/producten/product/wi412171,2026-08-12,Zonnatura Hazelnut rice drink,vegetarian-vegan-and-plant-based
564893,2474,AH Terra Tofureepjes Aziatisch,AH Terra,vegetarisch-vegan-en-plantaardig,"Vegetarisch, vegan en plantaardig",Tofu,2.79,2.79,,,,,180 g,prijs per kg €15.50,False,,,,,B,True,AH,https://www.ah.nl/producten/product/wi564893,2026-08-12,AH Terra Tofu Strips Asian,vegetarian-vegan-and-plant-based
598991,48320,AH Terra Groenteburger broccoli,AH Terra,vegetarisch-vegan-en-plantaardig,Vlees,Vegetarische burgers,2.49,2.49,,,,,160 g,prijs per kg €15.56,False,,,,,B,True,AH,https://www.ah.nl/producten/product/wi598991,2026-08-12,AH Terra Vegetable burger broccoli,vegetarian-vegan-and-plant-based
622050,0,AH Terra Groenteburger broccoli 3-pack,AH Terra,vegetarisch-vegan-en-plantaardig,Vlees,Vegetarische burgers,,,,,,,3 stuks,,False,,,,,,True,AH,https://www.ah.nl/producten/product/wi622050,2026-08-12,AH Terra Vegetable burger broccoli 3-pack,vegetarian-vegan-and-plant-based
622051,0,AH Terra Groenteburger broccoli 4-pack,AH Terra,vegetarisch-vegan-en-plantaardig,Vlees,Vegetarische burgers,,,,,,,4 stuks,,False,,,,,,True,AH,https://www.ah.nl/producten/product/wi622051,2026-08-12,AH Terra Groenteburger broccoli 4-pack,vegetarian-vegan-and-plant-based
622052,0,AH Terra Groenteburger broccoli 5-pack,AH Terra,vegetarisch-vegan-en-plantaardig,Vlees,Vegetarische burgers,,,,,,,5 stuks,,False,,,,,,True,AH,https://www.ah.nl/producten/product/wi622052,2026-08-12,AH Terra Vegetable burger broccoli 5-pack,vegetarian-vegan-and-plant-based
569966,9784,AH Terra Plantaardige kipfilet met tuinkruiden,AH Terra,vegetarisch-vegan-en-plantaardig,"Vegetarisch, vegan en plantaardig",Plantaardige vleeswaren,1.99,1.99,,,,,80 g,prijs per kg €24.88,False,,,,,C,True,AH,https://www.ah.nl/producten/product/wi569966,2026-08-12,AH Terra Vegetable chicken fillet with garden herbs,vegetarian-vegan-and-plant-based
598816,48427,AH Terra Plantaardig tussendoortje aardbei,AH Terra,vegetarisch-vegan-en-plantaardig,"Vegetarisch, vegan en plantaardig",Plantaardige yoghurt met smaak,1.49,1.49,,,,,180 g,prijs per kg €8.28,False,,,,,C,True,AH,https://www.ah.nl/producten/product/wi598816,2026-08-12,AH Terra Vegetable snack strawberry,vegetarian-vegan-and-plant-based
620924,0,AH Terra Spinazie schnitzel 3-pack,AH Terra,vegetarisch-vegan-en-plantaardig,Vlees,Vegetarische schnitzel,5.73,5.97,4.0,4% volume voordeel,,,3 stuks,,True,AHOO,4% volume voordeel,2026-08-12,2999-12-31,,True,AH,https://www.ah.nl/producten/product/wi620924,2026-08-12,AH Terra Spinach schnitzel 3-pack,vegetarian-vegan-and-plant-based
620925,0,AH Terra Spinazie schnitzel 4-pack,AH Terra,vegetarisch-vegan-en-plantaardig,Vlees,Vegetarische schnitzel,7.56,7.96,5.0,5% volume voordeel,,,4 stuks,,True,AHOO,5% volume voordeel,2026-08-12,2999-12-31,,True,AH,https://www.ah.nl/producten/product/wi620925,2026-08-12,AH Terra Spinach schnitzel 4-pack,vegetarian-vegan-and-plant-based
587231,32427,AH Terra Tofu burger spinazie,AH Terra,vegetarisch-vegan-en-plantaardig,Vlees,Vegetarische burgers,2.29,2.29,,,,,160 g,prijs per kg €14.31,False,,,,,B,True,AH,https://www.ah.nl/producten/product/wi587231,2026-08-12,AH Terra Tofu burger spinach,vegetarian-vegan-and-plant-based
620460,0,AH Terra Plantaardige kipfilet tuinkruiden 2-pack,AH Terra,vegetarisch-vegan-en-plantaardig,"Vegetarisch, vegan en plantaardig",Plantaardige vleeswaren,3.9,3.98,2.0,2% volume voordeel,,,2 stuks,,True,AHOO,2% volume voordeel,2026-08-12,2999-12-31,,True,AH,https://www.ah.nl/producten/product/wi620460,2026-08-12,AH Terra Vegetable chicken fillet garden herbs 2-pack,vegetarian-vegan-and-plant-based
570908,11207,AH Terra Plantaardig alternatief voor yoghurt,AH Terra,vegetarisch-vegan-en-plantaardig,"Vegetarisch, vegan en plantaardig",Plantaardige yoghurt naturel,0.99,0.99,,,,,500 g,prijs per kg €1.98,False,,,,,A,True,AH,https://www.ah.nl/producten/product/wi570908,2026-08-12,AH Terra Vegetable alternative to yoghurt,vegetarian-vegan-and-plant-based
605194,59957,AH Terra Barista haver karamelsmaak,AH Terra,vegetarisch-vegan-en-plantaardig,"Vegetarisch, vegan en plantaardig",Haverdrink,1.79,1.79,,,,,1 l,prijs per liter €1.79,False,,,,,D,True,AH,https://www.ah.nl/producten/product/wi605194,2026-08-12,AH Terra Barista oat caramel flavor,vegetarian-vegan-and-plant-based
572443,14140,Vivera Plantaardige gyros voordeelverpakking,Vivera,vegetarisch-vegan-en-plantaardig,Vlees,"Vegetarische shoarma, gyros, kebab",4.99,4.99,,,,,300 g,prijs per kg €16.63,False,,,,,A,True,AH,https://www.ah.nl/producten/product/wi572443,2026-08-12,Vivera Vegetable gyros value pack,vegetarian-vegan-and-plant-based
577301,19621,AH Terra Plantaardige filet americain peper,AH Terra,vegetarisch-vegan-en-plantaardig,"Vegetarisch, vegan en plantaardig",Plantaardige vleeswaren,2.19,2.19,,,,,150 g,prijs per kg €14.60,False,,,,,C,True,AH,https://www.ah.nl/producten/product/wi577301,2026-08-12,AH Terra Plantaardige filet americain peper,vegetarian-vegan-and-plant-based
587281,32443,Vivera Gerookte tofu,Vivera,vegetarisch-vegan-en-plantaardig,"Vegetarisch, vegan en plantaardig",Tofu,2.69,2.69,,,,,280 g,prijs per kg €9.61,False,,,,,A,True,AH,https://www.ah.nl/producten/product/wi587281,2026-08-12,Vivera Gerookte tofu,vegetarian-vegan-and-plant-based
605201,59970,Alpro Plant protein vanilla flavour,Alpro,vegetarisch-vegan-en-plantaardig,"Vegetarisch, vegan en plantaardig",Sojadrink,2.99,2.99,,,,,1 l,prijs per liter €2.99,False,,,,,B,True,AH,https://www.ah.nl/producten/product/wi605201,2026-08-12,Alpro Plant protein vanilla flavour,vegetarian-vegan-and-plant-based
606756,63237,AH Terra Plantaardige barista soja,AH Terra,vegetarisch-vegan-en-plantaardig,"Vegetarisch, vegan en plantaardig",Sojadrink,1.69,1.69,,,,,1 l,prijs per liter €1.69,False,,,,,B,True,AH,https://www.ah.nl/producten/product/wi606756,2026-08-12,AH Terra Plantaardige barista soja,vegetarian-vegan-and-plant-based
609156,0,Alpro Plant protein vanilla flavour 4-pack,Alpro,vegetarisch-vegan-en-plantaardig,"Vegetarisch, vegan en plantaardig",Sojadrink,11.36,11.96,5.0,5% volume voordeel,,,4 stuks,,True,AHOO,5% volume voordeel,2026-08-12,2999-12-31,,True,AH,https://www.ah.nl/producten/product/wi609156,2026-08-12,Alpro Plant protein vanilla flavor 4-pack,vegetarian-vegan-and-plant-based
612763,69493,Vivera Vegetarische Gouda kaasschnitzel,Vivera,vegetarisch-vegan-en-plantaardig,Vlees,Vegetarische schnitzel,3.29,3.29,,,,,180 g,prijs per kg €18.28,False,,,,,C,True,AH,https://www.ah.nl/producten/product/wi612763,2026-08-12,Vivera Vegetarian Gouda cheese schnitzel,vegetarian-vegan-and-plant-based
620462,0,AH Terra Plantaardige kipfilet tuinkruiden 4-pack,AH Terra,vegetarisch-vegan-en-plantaardig,"Vegetarisch, vegan en plantaardig",Plantaardige vleeswaren,7.48,7.96,6.0,6% volume voordeel,,,4 stuks,,True,AHOO,6% volume voordeel,2026-08-12,2999-12-31,,True,AH,https://www.ah.nl/producten/product/wi620462,2026-08-12,AH Terra Vegetable chicken fillet garden herbs 4-pack,vegetarian-vegan-and-plant-based
598994,48323,AH Terra Bio tofureepjes mild gekruid,AH Terra,vegetarisch-vegan-en-plantaardig,"Vegetarisch, vegan en plantaardig",Tofu,2.69,2.69,,,,,180 g,prijs per kg €14.94,False,,,,,B,True,AH,https://www.ah.nl/producten/product/wi598994,2026-08-12,AH Terra Organic tofu strips mildly seasoned,vegetarian-vegan-and-plant-based
607348,63409,AH Terra Plantaardige rosbief,AH Terra,vegetarisch-vegan-en-plantaardig,"Vegetarisch, vegan en plantaardig",Plantaardige vleeswaren,2.69,2.69,,,,,80 g,prijs per kg €33.63,False,,,,,D,True,AH,https://www.ah.nl/producten/product/wi607348,2026-08-12,AH Terra Vegetable roast beef,vegetarian-vegan-and-plant-based
621497,0,AH Terra Plantaardige rosbief 2-pack,AH Terra,vegetarisch-vegan-en-plantaardig,"Vegetarisch, vegan en plantaardig",Plantaardige vleeswaren,5.27,5.38,2.0,2% volume voordeel,,,2 stuks,,True,AHOO,2% volume voordeel,2026-08-12,2999-12-31,,True,AH,https://www.ah.nl/producten/product/wi621497,2026-08-12,AH Terra Vegetable roast beef 2-pack,vegetarian-vegan-and-plant-based
599753,49180,Oatly! Barista caramel,Oatly!,vegetarisch-vegan-en-plantaardig,"Vegetarisch, vegan en plantaardig",Haverdrink,2.99,2.99,,,,,1 l,prijs per liter €2.99,False,,,,,E,True,AH,https://www.ah.nl/producten/product/wi599753,2026-08-12,Oatly! Barista caramel,vegetarian-vegan-and-plant-based
611227,0,Oatly! Barista caramel 4-pack,Oatly!,vegetarisch-vegan-en-plantaardig,"Vegetarisch, vegan en plantaardig",Haverdrink,11.36,11.96,5.0,5% volume voordeel,,,4 stuks,,True,AHOO,5% volume voordeel,2026-08-12,2999-12-31,,True,AH,https://www.ah.nl/producten/product/wi611227,2026-08-12,Oatly! Barista caramel 4-pack,vegetarian-vegan-and-plant-based
620461,0,AH Terra Plantaardige kipfilet tuinkruiden 3-pack,AH Terra,vegetarisch-vegan-en-plantaardig,"Vegetarisch, vegan en plantaardig",Plantaardige vleeswaren,5.79,5.97,3.0,3% volume voordeel,,,3 stuks,,True,AHOO,3% volume voordeel,2026-08-12,2999-12-31,,True,AH,https://www.ah.nl/producten/product/wi620461,2026-08-12,AH Terra Plantaardige kipfilet tuinkruiden 3-pack,vegetarian-vegan-and-plant-based
621498,0,AH Terra Plantaardige rosbief 3-pack,AH Terra,vegetarisch-vegan-en-plantaardig,"Vegetarisch, vegan en plantaardig",Plantaardige vleeswaren,7.83,8.07,3.0,3% volume voordeel,,,3 stuks,,True,AHOO,3% volume voordeel,2026-08-12,2999-12-31,,True,AH,https://www.ah.nl/producten/product/wi621498,2026-08-12,AH Terra Vegetable roast beef 3-pack,vegetarian-vegan-and-plant-based
474611,727568,AH Terra Plantaardige topping,AH Terra,vegetarisch-vegan-en-plantaardig,"Vegetarisch, vegan en plantaardig",Plantaardige room,1.59,1.59,,,,,250 g,prijs per kg €6.36,False,,,,,D,True,AH,https://www.ah.nl/producten/product/wi474611,2026-08-12,AH Terra Vegetable topping,vegetarian-vegan-and-plant-based
561001,670801,AH Terra Plantaardig avocado spread,AH Terra,vegetarisch-vegan-en-plantaardig,"Vegetarisch, vegan en plantaardig",Plantaardige spreads,2.39,2.39,,,,,110 g,prijs per kg €21.73,False,,,,,C,True,AH,https://www.ah.nl/producten/product/wi561001,2026-08-12,AH Terra Vegetable avocado spread,vegetarian-vegan-and-plant-based
539537,715823,Violife Creamy original,Violife,vegetarisch-vegan-en-plantaardig,"Vegetarisch, vegan en plantaardig",Plantaardige kaas voor maaltijden,2.99,2.99,,,,,150 g,prijs per kg €19.93,False,,,,,D,True,AH,https://www.ah.nl/producten/product/wi539537,2026-08-12,Violife Creamy original,vegetarian-vegan-and-plant-based
548467,614478,Rude Health Barista amandel,Rude Health,vegetarisch-vegan-en-plantaardig,"Vegetarisch, vegan en plantaardig","Amandel, cashewdrink",2.99,2.99,,,,,1 l,prijs per liter €2.99,False,,,,,D,True,AH,https://www.ah.nl/producten/product/wi548467,2026-08-12,Rude Health Barista amandel,vegetarian-vegan-and-plant-based
515264,28855,AH Terra Plantaardige salade kipkerrie,AH Terra,vegetarisch-vegan-en-plantaardig,"Vegetarisch, vegan en plantaardig",Plantaardige spreads,2.39,2.39,,,,,150 g,prijs per kg €15.93,False,,,,,C,True,AH,https://www.ah.nl/producten/product/wi515264,2026-08-12,AH Terra Vegetable salad chicken curry,vegetarian-vegan-and-plant-based
567251,4924,AH Terra Plantaardige soepballetjes,AH Terra,vegetarisch-vegan-en-plantaardig,Vlees,Vega balletjes,1.49,1.49,,,,,200 g,prijs per kg €7.45,False,,,,,B,True,AH,https://www.ah.nl/producten/product/wi567251,2026-08-12,AH Terra Vegetable soup balls,vegetarian-vegan-and-plant-based
591918,39394,Maza Hoemoes less fat,Maza,vegetarisch-vegan-en-plantaardig,"Vegetarisch, vegan en plantaardig",Hummus naturel,2.49,2.49,,,,,200 g,prijs per kg €12.45,False,,,,,C,True,AH,https://www.ah.nl/producten/product/wi591918,2026-08-12,Maza Hoemoes less fat,vegetarian-vegan-and-plant-based
604951,58809,AH Excellent Hummus naturel met geroosterde knoflook,AH Excellent,vegetarisch-vegan-en-plantaardig,"Vegetarisch, vegan en plantaardig",Hummus met smaakje,1.995,2.99,33.3,2 voor 3.99,3.99,2.0,150 g,normale prijs per kg €19.93,True,AH,2 voor 3.99,2026-08-10,2026-08-16,A,True,AH,https://www.ah.nl/producten/product/wi604951,2026-08-12,AH Excellent Hummus natural with roasted garlic,vegetarian-vegan-and-plant-based
611393,0,Maza Hoemoes less fat 3-pack,Maza,vegetarisch-vegan-en-plantaardig,"Vegetarisch, vegan en plantaardig",Hummus naturel,7.1,7.47,5.0,5% volume voordeel,,,3 stuks,,True,AHOO,5% volume voordeel,2026-08-12,2999-12-31,,True,AH,https://www.ah.nl/producten/product/wi611393,2026-08-12,Maza Hoemoes less fat 3-pack,vegetarian-vegan-and-plant-based
622365,0,AH Excellent Hummus naturel geroosterde knoflo 2-pck,AH Excellent,vegetarisch-vegan-en-plantaardig,"Vegetarisch, vegan en plantaardig",Hummus met smaakje,3.99,5.98,33.3,pakketkorting,,,2 stuks,,True,AHOO,,2026-08-12,2026-08-16,,True,AH,https://www.ah.nl/producten/product/wi622365,2026-08-12,AH Excellent Hummus natural roasted garlic 2-pck,vegetarian-vegan-and-plant-based
622366,0,AH Excellent Hummus naturel geroosterde knoflo 3-pack,AH Excellent,vegetarisch-vegan-en-plantaardig,"Vegetarisch, vegan en plantaardig",Hummus met smaakje,6.98,8.97,22.2,pakketkorting,,,3 stuks,,True,AHOO,,2026-08-12,2026-08-16,,True,AH,https://www.ah.nl/producten/product/wi622366,2026-08-12,AH Excellent Hummus naturel geroosterde knoflo 3-pack,vegetarian-vegan-and-plant-based
622367,0,AH Excellent Hummus naturel geroosterde knoflo 4-pack,AH Excellent,vegetarisch-vegan-en-plantaardig,"Vegetarisch, vegan en plantaardig",Hummus met smaakje,7.98,11.96,33.3,pakketkorting,,,4 stuks,,True,AHOO,,2026-08-12,2026-08-16,,True,AH,https://www.ah.nl/producten/product/wi622367,2026-08-12,AH Excellent Hummus natural roasted garlic 4-pack,vegetarian-vegan-and-plant-based
202856,798419,Maza Hoemoes koriander limoen,Maza,vegetarisch-vegan-en-plantaardig,"Vegetarisch, vegan en plantaardig",Hummus met smaakje,2.59,2.59,,,,,200 g,prijs per kg €12.95,False,,,,,C,True,AH,https://www.ah.nl/producten/product/wi202856,2026-08-12,Maza Hoemoes coriander lime,vegetarian-vegan-and-plant-based
611392,0,Maza Hoemoes koriander limoen 3-pack,Maza,vegetarisch-vegan-en-plantaardig,"Vegetarisch, vegan en plantaardig",Hummus met smaakje,7.38,7.77,5.0,5% volume voordeel,,,3 stuks,,True,AHOO,5% volume voordeel,2026-08-12,2999-12-31,,True,AH,https://www.ah.nl/producten/product/wi611392,2026-08-12,Maza Hoemoes coriander lime 3-pack,vegetarian-vegan-and-plant-based
560657,63776,Paturain Knoflook & fijne kruiden vegan,Paturain,vegetarisch-vegan-en-plantaardig,"Vegetarisch, vegan en plantaardig",Plantaardige kaas voor de borrel,3.19,3.19,,,,,140 g,prijs per kg €22.79,False,,,,,C,True,AH,https://www.ah.nl/producten/product/wi560657,2026-08-12,Paturain Garlic & fine herbs vegan,vegetarian-vegan-and-plant-based
613189,0,Paturain Knoflook & fijne kruiden vegan 3-pack,Paturain,vegetarisch-vegan-en-plantaardig,"Vegetarisch, vegan en plantaardig",Plantaardige kaas voor de borrel,9.09,9.57,5.0,5% volume voordeel,,,3 stuks,,True,AHOO,5% volume voordeel,2026-08-12,2999-12-31,,True,AH,https://www.ah.nl/producten/product/wi613189,2026-08-12,Paturain Garlic & fine herbs vegan 3-pack,vegetarian-vegan-and-plant-based
599000,48330,Vivera Kaas nuggets,Vivera,vegetarisch-vegan-en-plantaardig,"Vegetarisch, vegan en plantaardig",Vega(n) Snacks,3.49,3.49,,,,,180 g,prijs per kg €19.39,False,,,,,D,True,AH,https://www.ah.nl/producten/product/wi599000,2026-08-12,Vivera Cheese nuggets,vegetarian-vegan-and-plant-based
612660,68570,Vegetarische Slager Kipleckere tenders,Vegetarische Slager,vegetarisch-vegan-en-plantaardig,Vlees,Vegetarische kipfilet,4.19,4.19,,,,,180 g,prijs per kg €23.28,False,,,,,A,True,AH,https://www.ah.nl/producten/product/wi612660,2026-08-12,Vegetarian Butcher Kipleckere tenders,vegetarian-vegan-and-plant-based
598690,47350,AH Terra Groentespread tomaat cashew,AH Terra,vegetarisch-vegan-en-plantaardig,"Vegetarisch, vegan en plantaardig",Plantaardige spreads,1.99,1.99,,,,,150 g,prijs per kg €13.27,False,,,,,B,True,AH,https://www.ah.nl/producten/product/wi598690,2026-08-12,AH Terra Vegetable spread tomato cashew,vegetarian-vegan-and-plant-based
462485,715196,Kips Vega paté mediterraans,Kips,vegetarisch-vegan-en-plantaardig,"Vegetarisch, vegan en plantaardig",Plantaardige vleeswaren,2.49,2.49,,,,,125 g,prijs per kg €19.92,False,,,,,D,True,AH,https://www.ah.nl/producten/product/wi462485,2026-08-12,Kips Vega pate Mediterranean,vegetarian-vegan-and-plant-based
567844,6765,Redefine Meat Premium burgers,Redefine Meat,vegetarisch-vegan-en-plantaardig,Vlees,Vegetarische burgers,4.55,4.55,,,,,240 g,prijs per kg €18.96,False,,,,,C,True,AH,https://www.ah.nl/producten/product/wi567844,2026-08-12,Redefine Meat Premium burgers,vegetarian-vegan-and-plant-based
606978,0,Redefine Meat Premium burgers 3-pack,Redefine Meat,vegetarisch-vegan-en-plantaardig,Vlees,Vegetarische burgers,12.28,13.65,10.0,10% volume voordeel,,,3 stuks,,True,AHOO,10% volume voordeel,2026-08-12,2999-12-31,,True,AH,https://www.ah.nl/producten/product/wi606978,2026-08-12,Redefine Meat Premium burgers 3-pack,vegetarian-vegan-and-plant-based
609440,0,Friesche Vlag Barista haver 3-pack,Friesche Vlag,vegetarisch-vegan-en-plantaardig,"Vegetarisch, vegan en plantaardig",Haverdrink,7.67,8.07,5.0,5% volume voordeel,,,3 stuks,,True,AHOO,5% volume voordeel,2026-08-12,2999-12-31,,True,AH,https://www.ah.nl/producten/product/wi609440,2026-08-12,Friesche Vlag Barista haver 3-pack,vegetarian-vegan-and-plant-based
541519,84246,Zonnatura Mango curry smooth spread,Zonnatura,vegetarisch-vegan-en-plantaardig,"Vegetarisch, vegan en plantaardig",Plantaardige spreads,2.99,2.99,,,,,140 g,prijs per kg €21.36,False,,,,,D,True,AH,https://www.ah.nl/producten/product/wi541519,2026-08-12,Zonnatura Mango curry smooth spread,vegetarian-vegan-and-plant-based
560672,69881,AH Vegetarische kipfilet,AH,vegetarisch-vegan-en-plantaardig,"Vegetarisch, vegan en plantaardig",Vegetarische vleeswaren,1.99,1.99,,,,,80 g,prijs per kg €24.88,False,,,,,C,True,AH,https://www.ah.nl/producten/product/wi560672,2026-08-12,AH Vegetarian chicken fillet,vegetarian-vegan-and-plant-based
587278,32439,Vivera Stevige tofu a la minute,Vivera,vegetarisch-vegan-en-plantaardig,"Vegetarisch, vegan en plantaardig",Tofu,2.19,2.19,,,,,280 g,prijs per kg €7.82,False,,,,,A,True,AH,https://www.ah.nl/producten/product/wi587278,2026-08-12,Vivera Firm tofu a la minute,vegetarian-vegan-and-plant-based
609441,0,Friesche Vlag Barista haver 5-pack,Friesche Vlag,vegetarisch-vegan-en-plantaardig,"Vegetarisch, vegan en plantaardig",Haverdrink,12.1,13.45,10.0,10% volume voordeel,,,5 stuks,,True,AHOO,10% volume voordeel,2026-08-12,2999-12-31,,True,AH,https://www.ah.nl/producten/product/wi609441,2026-08-12,Friesche Vlag Barista oats 5-pack,vegetarian-vegan-and-plant-based
539538,641224,Violife Greek white block,Violife,vegetarisch-vegan-en-plantaardig,"Vegetarisch, vegan en plantaardig",Plantaardige kaas voor maaltijden,2.79,2.79,,,,,150 g,prijs per kg €18.60,False,,,,,E,True,AH,https://www.ah.nl/producten/product/wi539538,2026-08-12,Violife Greek white block,vegetarian-vegan-and-plant-based
605273,59974,Oatly! Barista edition coconut flavour,Oatly!,vegetarisch-vegan-en-plantaardig,"Vegetarisch, vegan en plantaardig",Haverdrink,2.99,2.99,,,,,1 l,prijs per liter €2.99,False,,,,,C,True,AH,https://www.ah.nl/producten/product/wi605273,2026-08-12,Oatly! Barista edition coconut flavour,vegetarian-vegan-and-plant-based
611228,0,Oatly! Barista edition churros flavour 4-pack,Oatly!,vegetarisch-vegan-en-plantaardig,"Vegetarisch, vegan en plantaardig",Haverdrink,11.96,11.96,,pakket,,,4 stuks,,False,,,,,,True,AH,https://www.ah.nl/producten/product/wi611228,2026-08-12,Oatly! Barista edition churros flavor 4-pack,vegetarian-vegan-and-plant-based
598208,0,AH Vegetarische kipfilet 2-pack,AH,vegetarisch-vegan-en-plantaardig,"Vegetarisch, vegan en plantaardig",Vegetarische vleeswaren,3.9,3.98,2.0,2% volume voordeel,,,2 stuks,,True,AHOO,2% volume voordeel,2026-08-12,2999-12-31,,True,AH,https://www.ah.nl/producten/product/wi598208,2026-08-12,AH Vegetarian chicken fillet 2-pack,vegetarian-vegan-and-plant-based
376564,838101,Maza Hoemoes ras el hanout,Maza,vegetarisch-vegan-en-plantaardig,"Vegetarisch, vegan en plantaardig",Hummus met smaakje,2.59,2.59,,,,,200 g,prijs per kg €12.95,False,,,,,D,True,AH,https://www.ah.nl/producten/product/wi376564,2026-08-12,Maza Hoemoes ras el hanout,vegetarian-vegan-and-plant-based
510320,737759,AH Terra Plantaardige dessert tiramisu,AH Terra,vegetarisch-vegan-en-plantaardig,"Vegetarisch, vegan en plantaardig",Plantaardige toetjes,1.39,1.39,,,,,95 g,prijs per kg €14.63,False,,,,,C,True,AH,https://www.ah.nl/producten/product/wi510320,2026-08-12,AH Terra Vegetable dessert tiramisu,vegetarian-vegan-and-plant-based
611396,0,Maza Hoemoes ras el hanout 3-pack,Maza,vegetarisch-vegan-en-plantaardig,"Vegetarisch, vegan en plantaardig",Hummus met smaakje,7.38,7.77,5.0,5% volume voordeel,,,3 stuks,,True,AHOO,5% volume voordeel,2026-08-12,2999-12-31,,True,AH,https://www.ah.nl/producten/product/wi611396,2026-08-12,Maza Hoemoes ras el hanout 3-pack,vegetarian-vegan-and-plant-based
563712,1196,AH Terra Plantaardige soepballetjes,AH Terra,vegetarisch-vegan-en-plantaardig,Vlees,Vega balletjes,1.85,1.85,,,,,160 g,prijs per kg €11.56,False,,,,,A,True,AH,https://www.ah.nl/producten/product/wi563712,2026-08-12,AH Terra Vegetable soup balls,vegetarian-vegan-and-plant-based
497886,800065,AH Terra Plantaardige pepersalami,AH Terra,vegetarisch-vegan-en-plantaardig,"Vegetarisch, vegan en plantaardig",Plantaardige vleeswaren,1.99,1.99,,,,,80 g,prijs per kg €24.88,False,,,,,C,True,AH,https://www.ah.nl/producten/product/wi497886,2026-08-12,AH Terra Vegetable pepper salami,vegetarian-vegan-and-plant-based
572424,14131,AH Terra Plantaardige jalapeno burger,AH Terra,vegetarisch-vegan-en-plantaardig,Vlees,Vegetarische burgers,2.99,2.99,,,,,200 g,prijs per kg €14.95,False,,,,,A,True,AH,https://www.ah.nl/producten/product/wi572424,2026-08-12,AH Terra Vegetable jalapeno burger,vegetarian-vegan-and-plant-based
577212,19599,AH Terra Plantaardige balletjes Italiaanse stijl,AH Terra,vegetarisch-vegan-en-plantaardig,Vlees,Vega balletjes,2.19,2.19,,,,,200 g,prijs per kg €10.95,False,,,,,A,True,AH,https://www.ah.nl/producten/product/wi577212,2026-08-12,AH Terra Plantaardige balletjes Italiaanse stijl,vegetarian-vegan-and-plant-based
619084,0,AH Terra Plantaardige pepersalami 2-pack,AH Terra,vegetarisch-vegan-en-plantaardig,"Vegetarisch, vegan en plantaardig",Plantaardige vleeswaren,3.9,3.98,2.0,2% volume voordeel,,,2 stuks,,True,AHOO,2% volume voordeel,2026-08-12,2999-12-31,,True,AH,https://www.ah.nl/producten/product/wi619084,2026-08-12,AH Terra Plantaardige pepersalami 2-pack,vegetarian-vegan-and-plant-based
620569,0,AH Terra Plantaardige jalapeno burger 3-pack,AH Terra,vegetarisch-vegan-en-plantaardig,Vlees,Vegetarische burgers,,,5.0,5% volume voordeel,,,3 stuks,,True,AH,5% volume voordeel,,,,True,AH,https://www.ah.nl/producten/product/wi620569,2026-08-12,AH Terra Plantaardige jalapeno burger 3-pack,vegetarian-vegan-and-plant-based
620570,0,AH Terra Plantaardige jalapeno burger 4-pack,AH Terra,vegetarisch-vegan-en-plantaardig,Vlees,Vegetarische burgers,,,7.0,7% volume voordeel,,,4 stuks,,True,AH,7% volume voordeel,,,,True,AH,https://www.ah.nl/producten/product/wi620570,2026-08-12,AH Terra Plantaardige jalapeno burger 4-pack,vegetarian-vegan-and-plant-based
620571,0,AH Terra Plantaardige jalapeno burger 5-pack,AH Terra,vegetarisch-vegan-en-plantaardig,Vlees,Vegetarische burgers,,,10.0,10% volume voordeel,,,5 stuks,,True,AH,10% volume voordeel,,,,True,AH,https://www.ah.nl/producten/product/wi620571,2026-08-12,AH Terra Vegetable jalapeno burger 5-pack,vegetarian-vegan-and-plant-based
620688,0,AH Terra Plantaardige balletjes Italiaans 3-pack,AH Terra,vegetarisch-vegan-en-plantaardig,Vlees,Vega balletjes,6.37,6.57,3.0,3% volume voordeel,,,3 stuks,,True,AHOO,3% volume voordeel,2026-08-12,2999-12-31,,True,AH,https://www.ah.nl/producten/product/wi620688,2026-08-12,AH Terra Vegetable balls Italian 3-pack,vegetarian-vegan-and-plant-based
580481,23453,Vegetarische Slager Vegan rul gehackt XL,Vegetarische Slager,vegetarisch-vegan-en-plantaardig,Vlees,Vegetarisch gehakt,4.99,4.99,,,,,300 g,prijs per kg €16.63,False,,,,,A,True,AH,https://www.ah.nl/producten/product/wi580481,2026-08-12,Vegetarian Butcher Vegan free hacked XL,vegetarian-vegan-and-plant-based
587238,32423,AH Terra Crispy tofu,AH Terra,vegetarisch-vegan-en-plantaardig,"Vegetarisch, vegan en plantaardig",Tofu,2.49,2.49,,,,,160 g,prijs per kg €15.56,False,,,,,B,True,AH,https://www.ah.nl/producten/product/wi587238,2026-08-12,AH Terra Crispy tofu,vegetarian-vegan-and-plant-based
590864,37609,AH Terra Biologisch plantaardige seitan worstjes,AH Terra,vegetarisch-vegan-en-plantaardig,"Vegetarisch, vegan en plantaardig",Seitan,3.49,3.49,,,,,160 g,prijs per kg €21.81,False,,,,,B,True,AH,https://www.ah.nl/producten/product/wi590864,2026-08-12,AH Terra Organic vegetable seitan sausages,vegetarian-vegan-and-plant-based
509555,691285,AH Terra Plantaardige plakken komijn,AH Terra,vegetarisch-vegan-en-plantaardig,"Vegetarisch, vegan en plantaardig",Plantaardige kaas voor beleg,2.29,2.29,,,,,200 g,prijs per kg €11.45,False,,,,,E,True,AH,https://www.ah.nl/producten/product/wi509555,2026-08-12,AH Terra Vegetable cumin slices,vegetarian-vegan-and-plant-based
515724,21105,AH Terra Plantaardige dessert cheesecake bes,AH Terra,vegetarisch-vegan-en-plantaardig,"Vegetarisch, vegan en plantaardig",Plantaardige toetjes,1.59,1.59,,,,,100 g,prijs per kg €15.90,False,,,,,D,True,AH,https://www.ah.nl/producten/product/wi515724,2026-08-12,AH Terra Vegetable dessert cheesecake berry,vegetarian-vegan-and-plant-based
564861,2456,AH Terra Plantaardig rulgehakt Mexicaans,AH Terra,vegetarisch-vegan-en-plantaardig,Vlees,Vegetarisch gehakt,1.99,1.99,,,,,200 g,prijs per kg €9.95,False,,,,,A,True,AH,https://www.ah.nl/producten/product/wi564861,2026-08-12,AH Terra Vegetable Mexican minced meat,vegetarian-vegan-and-plant-based
620364,0,AH Terra Plantaardig rulgehakt Mexicaans 3-pack,AH Terra,vegetarisch-vegan-en-plantaardig,Vlees,Vegetarisch gehakt,,,3.0,3% volume voordeel,,,3 stuks,,True,AH,3% volume voordeel,,,,True,AH,https://www.ah.nl/producten/product/wi620364,2026-08-12,AH Terra Vegetable loose minced Mexican 3-pack,vegetarian-vegan-and-plant-based
620365,0,AH Terra Plantaardig rulgehakt Mexicaans 4-pack,AH Terra,vegetarisch-vegan-en-plantaardig,Vlees,Vegetarisch gehakt,,,5.0,5% volume voordeel,,,4 stuks,,True,AH,5% volume voordeel,,,,True,AH,https://www.ah.nl/producten/product/wi620365,2026-08-12,AH Terra Plantaardig rulgehakt Mexicaans 4-pack,vegetarian-vegan-and-plant-based
620366,0,AH Terra Plantaardig rulgehakt Mexicaans 6-pack,AH Terra,vegetarisch-vegan-en-plantaardig,Vlees,Vegetarisch gehakt,,,8.0,8% volume voordeel,,,6 stuks,,True,AH,8% volume voordeel,,,,True,AH,https://www.ah.nl/producten/product/wi620366,2026-08-12,AH Terra Vegetable loose minced Mexican 6-pack,vegetarian-vegan-and-plant-based
569951,9763,AH Terra Plantaardige spread naturel,AH Terra,vegetarisch-vegan-en-plantaardig,"Vegetarisch, vegan en plantaardig",Plantaardige spreads,1.99,1.99,,,,,150 g,prijs per kg €13.27,False,,,,,D,True,AH,https://www.ah.nl/producten/product/wi569951,2026-08-12,AH Terra Plantaardige spread naturel,vegetarian-vegan-and-plant-based
569963,9781,AH Terra Plantaardige bacon,AH Terra,vegetarisch-vegan-en-plantaardig,"Vegetarisch, vegan en plantaardig",Plantaardige vleeswaren,2.49,2.49,,,,,80 g,prijs per kg €31.13,False,,,,,D,True,AH,https://www.ah.nl/producten/product/wi569963,2026-08-12,AH Terra Plantaardige bacon,vegetarian-vegan-and-plant-based
585908,30737,AH Terra Plantaardig soja kwark blauwe bes,AH Terra,vegetarisch-vegan-en-plantaardig,"Vegetarisch, vegan en plantaardig",Plantaardige yoghurt met smaak,1.99,1.99,,,,,500 g,prijs per kg €3.98,False,,,,,B,True,AH,https://www.ah.nl/producten/product/wi585908,2026-08-12,AH Terra Vegetable soy cottage cheese blueberry,vegetarian-vegan-and-plant-based
620451,0,AH Terra Plantaardige bacon 2-pack,AH Terra,vegetarisch-vegan-en-plantaardig,"Vegetarisch, vegan en plantaardig",Plantaardige vleeswaren,4.88,4.98,2.0,2% volume voordeel,,,2 stuks,,True,AHOO,2% volume voordeel,2026-08-12,2999-12-31,,True,AH,https://www.ah.nl/producten/product/wi620451,2026-08-12,AH Terra Vegetable bacon 2-pack,vegetarian-vegan-and-plant-based
620689,0,AH Terra Plantaardige balletjes Italiaans 4-pack,AH Terra,vegetarisch-vegan-en-plantaardig,Vlees,Vega balletjes,8.32,8.76,5.0,5% volume voordeel,,,4 stuks,,True,AHOO,5% volume voordeel,2026-08-12,2999-12-31,,True,AH,https://www.ah.nl/producten/product/wi620689,2026-08-12,AH Terra Vegetable balls Italian 4-pack,vegetarian-vegan-and-plant-based
620690,0,AH Terra Plantaardige balletjes Italiaanse 6-pack,AH Terra,vegetarisch-vegan-en-plantaardig,Vlees,Vega balletjes,12.09,13.14,8.0,8% volume voordeel,,,6 stuks,,True,AHOO,8% volume voordeel,2026-08-12,2999-12-31,,True,AH,https://www.ah.nl/producten/product/wi620690,2026-08-12,AH Terra Vegetable balls Italian 6-pack,vegetarian-vegan-and-plant-based
619085,0,AH Terra Plantaardige pepersalami 3-pack,AH Terra,vegetarisch-vegan-en-plantaardig,"Vegetarisch, vegan en plantaardig",Plantaardige vleeswaren,5.79,5.97,3.0,3% volume voordeel,,,3 stuks,,True,AHOO,3% volume voordeel,2026-08-12,2999-12-31,,True,AH,https://www.ah.nl/producten/product/wi619085,2026-08-12,AH Terra Vegetable pepper salami 3-pack,vegetarian-vegan-and-plant-based
619086,0,AH Terra Plantaardige pepersalami 4-pack,AH Terra,vegetarisch-vegan-en-plantaardig,"Vegetarisch, vegan en plantaardig",Plantaardige vleeswaren,7.48,7.96,6.0,6% volume voordeel,,,4 stuks,,True,AHOO,6% volume voordeel,2026-08-12,2999-12-31,,True,AH,https://www.ah.nl/producten/product/wi619086,2026-08-12,AH Terra Vegetable pepper salami 4-pack,vegetarian-vegan-and-plant-based
580507,23249,AH Terra Biologische seitan rulgehakt,AH Terra,vegetarisch-vegan-en-plantaardig,"Vegetarisch, vegan en plantaardig",Seitan,2.99,2.99,,,,,150 g,prijs per kg €19.93,False,,,,,B,True,AH,https://www.ah.nl/producten/product/wi580507,2026-08-12,AH Terra Organic seitan loosely chopped,vegetarian-vegan-and-plant-based
620452,0,AH Terra Plantaardige bacon 3-pack,AH Terra,vegetarisch-vegan-en-plantaardig,"Vegetarisch, vegan en plantaardig",Plantaardige vleeswaren,7.25,7.47,3.0,3% volume voordeel,,,3 stuks,,True,AHOO,3% volume voordeel,2026-08-12,2999-12-31,,True,AH,https://www.ah.nl/producten/product/wi620452,2026-08-12,AH Terra Vegetable bacon 3-pack,vegetarian-vegan-and-plant-based
620453,0,AH Terra Plantaardige bacon 4-pack,AH Terra,vegetarisch-vegan-en-plantaardig,"Vegetarisch, vegan en plantaardig",Plantaardige vleeswaren,9.36,9.96,6.0,6% volume voordeel,,,4 stuks,,True,AHOO,6% volume voordeel,2026-08-12,2999-12-31,,True,AH,https://www.ah.nl/producten/product/wi620453,2026-08-12,AH Terra Vegetable bacon 4-pack,vegetarian-vegan-and-plant-based
498025,799982,AH Terra Plantaardige grillworst pikant,AH Terra,vegetarisch-vegan-en-plantaardig,"Vegetarisch, vegan en plantaardig",Plantaardige vleeswaren,1.99,1.99,,,,,80 g,prijs per kg €24.88,False,,,,,B,True,AH,https://www.ah.nl/producten/product/wi498025,2026-08-12,AH Terra Vegetable grilled sausage spicy,vegetarian-vegan-and-plant-based
619075,0,AH Terra Plantaardige grillworst pikant 2-pack,AH Terra,vegetarisch-vegan-en-plantaardig,"Vegetarisch, vegan en plantaardig",Plantaardige vleeswaren,3.9,3.98,2.0,2% volume voordeel,,,2 stuks,,True,AHOO,2% volume voordeel,2026-08-12,2999-12-31,,True,AH,https://www.ah.nl/producten/product/wi619075,2026-08-12,AH Terra Plantaardige grillworst pikant 2-pack,vegetarian-vegan-and-plant-based
603869,56933,AH Terra Pompoen mango spread,AH Terra,vegetarisch-vegan-en-plantaardig,"Vegetarisch, vegan en plantaardig",Vegetarische spreads,1.99,1.99,,,,,190 g,prijs per kg €10.47,False,,,,,A,True,AH,https://www.ah.nl/producten/product/wi603869,2026-08-12,AH Terra Pumpkin mango spread,vegetarian-vegan-and-plant-based
598999,48329,Vivera Plantaardige nuggets southern fried,Vivera,vegetarisch-vegan-en-plantaardig,"Vegetarisch, vegan en plantaardig",Vega(n) Snacks,3.19,3.19,,,,,180 g,prijs per kg €17.72,False,,,,,C,True,AH,https://www.ah.nl/producten/product/wi598999,2026-08-12,Vivera Vegetable nuggets southern fried,vegetarian-vegan-and-plant-based
612661,68571,Vegetarische Slager Griljante burger,Vegetarische Slager,vegetarisch-vegan-en-plantaardig,Vlees,Vegetarische burgers,4.69,4.69,,,,,200 g,prijs per kg €23.45,False,,,,,A,True,AH,https://www.ah.nl/producten/product/wi612661,2026-08-12,Vegetarian Butcher Grilling burger,vegetarian-vegan-and-plant-based
619076,0,AH Terra Plantaardige grillworst pikant 3-pack,AH Terra,vegetarisch-vegan-en-plantaardig,"Vegetarisch, vegan en plantaardig",Plantaardige vleeswaren,5.79,5.97,3.0,3% volume voordeel,,,3 stuks,,True,AHOO,3% volume voordeel,2026-08-12,2999-12-31,,True,AH,https://www.ah.nl/producten/product/wi619076,2026-08-12,AH Terra Vegetable grilled sausage spicy 3-pack,vegetarian-vegan-and-plant-based
619077,0,AH Terra Plantaardige grillworst pikant 4-pack,AH Terra,vegetarisch-vegan-en-plantaardig,"Vegetarisch, vegan en plantaardig",Plantaardige vleeswaren,7.48,7.96,6.0,6% volume voordeel,,,4 stuks,,True,AHOO,6% volume voordeel,2026-08-12,2999-12-31,,True,AH,https://www.ah.nl/producten/product/wi619077,2026-08-12,AH Terra Vegetable grilled sausage spicy 4-pack,vegetarian-vegan-and-plant-based
445422,707250,Kips Vega snijworst,Kips,vegetarisch-vegan-en-plantaardig,"Vegetarisch, vegan en plantaardig",Plantaardige vleeswaren,2.49,2.49,,,,,125 g,prijs per kg €19.92,False,,,,,D,True,AH,https://www.ah.nl/producten/product/wi445422,2026-08-12,Kips Vega cut sausage,vegetarian-vegan-and-plant-based
451673,579543,Zonnatura Vegetarische pate naturel,Zonnatura,vegetarisch-vegan-en-plantaardig,"Vegetarisch, vegan en plantaardig",Plantaardige vleeswaren,4.29,4.29,,,,,125 g,prijs per kg €34.32,False,,,,,E,True,AH,https://www.ah.nl/producten/product/wi451673,2026-08-12,Zonnatura Vegetarian pate natural,vegetarian-vegan-and-plant-based
461861,714664,AH Terra Plantaardige topping,AH Terra,vegetarisch-vegan-en-plantaardig,"Vegetarisch, vegan en plantaardig",Plantaardige room,1.59,1.59,,,,,250 g,prijs per kg €6.36,False,,,,,D,True,AH,https://www.ah.nl/producten/product/wi461861,2026-08-12,AH Terra Vegetable topping,vegetarian-vegan-and-plant-based
561005,85228,AH Terra Plantaardige hummus paprika chipotle,AH Terra,vegetarisch-vegan-en-plantaardig,"Vegetarisch, vegan en plantaardig",Hummus met smaakje,1.99,1.99,,,,,175 g,prijs per kg €11.37,False,,,,,C,True,AH,https://www.ah.nl/producten/product/wi561005,2026-08-12,AH Terra Vegetable hummus paprika chipotle,vegetarian-vegan-and-plant-based
54074,508672,AH Komkommer,AH,groente-aardappelen,"Groente, aardappelen",Komkommer,0.89,0.89,,,,,per stuk,,False,,,,,A,True,AH,https://www.ah.nl/producten/product/wi54074,2026-08-12,AH Komkommer,vegetable potatoes
4117,646784,AH Paprika rood,AH,groente-aardappelen,"Groente, aardappelen",Paprika,0.99,0.99,,1 + 1 gratis,,1.0,per stuk,,True,AH,1 + 1 gratis,2026-08-10,2026-08-16,A,True,AH,https://www.ah.nl/producten/product/wi4117,2026-08-12,AH Paprika red,vegetable potatoes
4164,21003,AH Courgette,AH,groente-aardappelen,"Groente, aardappelen",Courgette,0.95,0.95,,,,,per stuk,,False,,,,,A,True,AH,https://www.ah.nl/producten/product/wi4164,2026-08-12,AH Zucchini,vegetable potatoes
101130,529604,AH Biologisch Komkommer,AH Biologisch,groente-aardappelen,"Groente, aardappelen",Komkommer,1.65,1.65,,,,,per stuk,,False,,,,,A,True,AH,https://www.ah.nl/producten/product/wi101130,2026-08-12,AH Organic Cucumber,vegetable potatoes
4177,582666,AH Broccoli,AH,groente-aardappelen,"Groente, aardappelen",Broccoli,0.89,1.35,34.1,per 500 GRAM voor €0.89,0.89,500.0,500 g,normale prijs per kg €2.70,True,AH,500 GRAM VOOR 0.89,2026-08-10,2026-08-16,A,True,AH,https://www.ah.nl/producten/product/wi4177,2026-08-12,AH Broccoli,vegetable potatoes
41194,21006,AH Paprika mix,AH,groente-aardappelen,"Groente, aardappelen",Paprika,1.99,1.99,,,,,3 stuks,,False,,,,,A,True,AH,https://www.ah.nl/producten/product/wi41194,2026-08-12,AH Paprika mix,vegetable potatoes
169797,597702,AH Avocado,AH,groente-aardappelen,"Groente, aardappelen",Avocado,1.45,1.45,,,,,per stuk,,False,,,,,A,True,AH,https://www.ah.nl/producten/product/wi169797,2026-08-12,AH Avocado,vegetable potatoes
4137,36597,AH Cherrytomaten,AH,groente-aardappelen,"Groente, aardappelen",Tomaten,1.09,1.09,,,,,250 g,prijs per kg €4.36,False,,,,,A,True,AH,https://www.ah.nl/producten/product/wi4137,2026-08-12,AH Cherry tomatoes,vegetable potatoes
129400,571118,AH Avocado eetrijp,AH,groente-aardappelen,"Groente, aardappelen",Avocado,2.99,2.99,,,,,2 stuks,,False,,,,,A,True,AH,https://www.ah.nl/producten/product/wi129400,2026-08-12,AH Avocado ready to eat,vegetable potatoes
171425,767852,AH Prei,AH,groente-aardappelen,"Groente, aardappelen",Prei,0.75,0.75,,,,,per stuk,,False,,,,,A,True,AH,https://www.ah.nl/producten/product/wi171425,2026-08-12,AH Leek,vegetable potatoes
471641,723890,AH Snoepgroente tomaat,AH,groente-aardappelen,"Groente, aardappelen",Snoepgroente,3.29,3.29,,,,,500 g,prijs per kg €6.58,False,,,,,A,True,AH,https://www.ah.nl/producten/product/wi471641,2026-08-12,AH Candy vegetable tomato,vegetable potatoes
169813,599987,AH Bosui,AH,groente-aardappelen,"Groente, aardappelen",Ui,0.99,0.99,,,,,per bosje,,False,,,,,A,True,AH,https://www.ah.nl/producten/product/wi169813,2026-08-12,AH Spring onion,vegetable potatoes
4180,809016,AH Aubergine,AH,groente-aardappelen,"Groente, aardappelen",Aubergine,0.645,0.99,34.8,2 voor 1.29,1.29,2.0,per stuk,,True,AH,2 voor 1.29,2026-08-10,2026-08-16,A,True,AH,https://www.ah.nl/producten/product/wi4180,2026-08-12,AH Eggplant,vegetable potatoes
111767,555634,AH Rucola,AH,groente-aardappelen,"Groente, aardappelen",Sla,1.09,1.09,,,,,85 g,prijs per kg €12.82,False,,,,,A,True,AH,https://www.ah.nl/producten/product/wi111767,2026-08-12,AH Arugula,vegetable potatoes
502305,819328,AH Snoepgroente komkommer,AH,groente-aardappelen,"Groente, aardappelen",Snoepgroente,1.6667,2.19,23.9,3 voor 5.00,5.0,3.0,230 g,normale prijs per kg €9.52,True,AH,3 voor 5.00,2026-08-10,2026-08-16,A,True,AH,https://www.ah.nl/producten/product/wi502305,2026-08-12,AH Candy vegetable cucumber,vegetable potatoes
4183,20960,AH Bloemkool,AH,groente-aardappelen,"Groente, aardappelen",Bloemkool,1.99,1.99,,,,,per stuk,,False,,,,,A,True,AH,https://www.ah.nl/producten/product/wi4183,2026-08-12,AH Cauliflower,vegetable potatoes
123865,526638,AH Sweet palermo rode puntpaprika,AH,groente-aardappelen,"Groente, aardappelen",Paprika,1.69,1.69,,,,,2 stuks,,False,,,,,A,True,AH,https://www.ah.nl/producten/product/wi123865,2026-08-12,AH Sweet palermo red pointed pepper,vegetable potatoes
123864,501842,AH Tasty Tom trostomaten,AH,groente-aardappelen,"Groente, aardappelen",Tomaten,2.89,2.89,,,,,380 g,prijs per kg €7.61,False,,,,,A,True,AH,https://www.ah.nl/producten/product/wi123864,2026-08-12,AH Tasty Tom vine tomatoes,vegetable potatoes
4088,582662,AH Tomaten,AH,groente-aardappelen,"Groente, aardappelen",Tomaten,1.79,1.79,,,,,500 g,prijs per kg €3.58,False,,,,,A,True,AH,https://www.ah.nl/producten/product/wi4088,2026-08-12,AH Tomatoes,vegetable potatoes
193247,794420,AH Fijngesneden ijsbergsla,AH,groente-aardappelen,"Groente, aardappelen",Sla,0.99,0.99,,,,,100 g,prijs per kg €9.90,False,,,,,A,True,AH,https://www.ah.nl/producten/product/wi193247,2026-08-12,AH Fijngesneden ijsbergsla,vegetable potatoes
165583,596488,AH Sweet cherry cherrytomaten,AH,groente-aardappelen,"Groente, aardappelen",Tomaten,2.99,2.99,,,,,250 g,prijs per kg €11.96,False,,,,,A,True,AH,https://www.ah.nl/producten/product/wi165583,2026-08-12,AH Sweet cherry cherry tomatoes,vegetable potatoes
4099,20952,AH Ijsbergsla,AH,groente-aardappelen,"Groente, aardappelen",Sla,1.09,1.09,,,,,per stuk,,False,,,,,A,True,AH,https://www.ah.nl/producten/product/wi4099,2026-08-12,AH Iceberg lettuce,vegetable potatoes
238834,831963,AH Witlof,AH,groente-aardappelen,"Groente, aardappelen",Witlof en roodlof,2.29,2.29,,,,,4 stuks,,False,,,,,A,True,AH,https://www.ah.nl/producten/product/wi238834,2026-08-12,AH Chicory,vegetable potatoes
611642,67842,AH Basilicum,AH,groente-aardappelen,"Groente, aardappelen",Verse kruiden,1.19,1.19,,,,,22 g,prijs per kg €54.09,False,,,,,A,True,AH,https://www.ah.nl/producten/product/wi611642,2026-08-12,AH Basil,vegetable potatoes
129684,583659,AH IJsbergsla,AH,groente-aardappelen,"Groente, aardappelen",Sla,1.09,1.09,,,,,200 g,prijs per kg €5.45,False,,,,,A,True,AH,https://www.ah.nl/producten/product/wi129684,2026-08-12,AH Iceberg lettuce,vegetable potatoes
4160,21023,AH Knoflook,AH,groente-aardappelen,"Groente, aardappelen",Knoflook,1.45,1.45,,,,,2 stuks,,False,,,,,A,True,AH,https://www.ah.nl/producten/product/wi4160,2026-08-12,AH Garlic,vegetable potatoes
185202,780552,AH Biologisch Courgette,AH Biologisch,groente-aardappelen,"Groente, aardappelen",Courgette,1.19,1.19,,,,,per stuk,,False,,,,,A,True,AH,https://www.ah.nl/producten/product/wi185202,2026-08-12,AH Organic Zucchini,vegetable potatoes
389076,845953,AH Biologisch Trostomaten,AH Biologisch,groente-aardappelen,"Groente, aardappelen",Tomaten,2.99,2.99,,,,,500 g,prijs per kg €5.98,False,,,,,A,True,AH,https://www.ah.nl/producten/product/wi389076,2026-08-12,AH Organic Vine tomatoes,vegetable potatoes
198690,583615,AH Mini krieltjes,AH,groente-aardappelen,"Groente, aardappelen",Krieltjes geschild,1.19,1.19,,,,,600 g,prijs per kg €1.98,False,,,,,A,True,AH,https://www.ah.nl/producten/product/wi198690,2026-08-12,AH Mini potatoes,vegetable potatoes
4169,21012,AH Witte champignons,AH,groente-aardappelen,"Groente, aardappelen",Champignons,1.29,1.29,,,,,250 g,prijs per kg €5.16,False,,,,,A,True,AH,https://www.ah.nl/producten/product/wi4169,2026-08-12,AH White mushrooms,vegetable potatoes
4083,20988,AH Gele uien,AH,groente-aardappelen,"Groente, aardappelen",Ui,1.29,1.29,,,,,1 kg,prijs per kg €1.29,False,,,,,A,True,AH,https://www.ah.nl/producten/product/wi4083,2026-08-12,AH Yellow onions,vegetable potatoes
4102,582663,AH Sperziebonen,AH,groente-aardappelen,"Groente, aardappelen",Sperziebonen,2.29,2.29,,,,,500 g,prijs per kg €4.58,False,,,,,A,True,AH,https://www.ah.nl/producten/product/wi4102,2026-08-12,AH Green beans,vegetable potatoes
395946,847344,AH Sperziebonen,AH,groente-aardappelen,"Groente, aardappelen",Sperziebonen,2.39,2.39,,,,,400 g,prijs per kg €5.98,False,,,,,A,True,AH,https://www.ah.nl/producten/product/wi395946,2026-08-12,AH Green beans,vegetable potatoes
104818,526617,AH Biologisch Gember,AH Biologisch,groente-aardappelen,"Groente, aardappelen",Gember en pepers,2.19,2.19,,,,,150 g,prijs per kg €14.60,False,,,,,A,True,AH,https://www.ah.nl/producten/product/wi104818,2026-08-12,AH Organic Ginger,vegetable potatoes
128148,583663,AH Geschrapte worteltjes grootverpakking,AH,groente-aardappelen,"Groente, aardappelen",Wortel en peen,1.79,1.79,,,,,500 g,prijs per kg €3.58,False,,,,,A,True,AH,https://www.ah.nl/producten/product/wi128148,2026-08-12,AH Scraped carrots in bulk packaging,vegetable potatoes
490796,745269,AH Snoepgroente tomaat,AH,groente-aardappelen,"Groente, aardappelen",Snoepgroente,1.6667,2.29,27.2,3 voor 5.00,5.0,3.0,250 g,normale prijs per kg €9.16,True,AH,3 voor 5.00,2026-08-10,2026-08-16,A,True,AH,https://www.ah.nl/producten/product/wi490796,2026-08-12,AH Candy vegetable tomato,vegetable potatoes
2226,80364,AH Tomatenpuree,AH,groente-aardappelen,"Pasta, rijst, wereldkeuken",Tomatenpuree,0.49,0.49,,,,,70 g,prijs per kg €7.00,False,,,,,A,True,AH,https://www.ah.nl/producten/product/wi2226,2026-08-12,AH Tomatenpuree,vegetable potatoes
394821,846713,AH Snoepgroente worteltjes,AH,groente-aardappelen,"Groente, aardappelen",Snoepgroente,0.99,0.99,,,,,150 g,prijs per kg €6.60,False,,,,,A,True,AH,https://www.ah.nl/producten/product/wi394821,2026-08-12,AH Candy vegetable carrots,vegetable potatoes
455430,711407,AH Finest Red Nederlandse trostomaten,AH,groente-aardappelen,"Groente, aardappelen",Tomaten,2.49,2.49,,,,,450 g,prijs per kg €5.53,False,,,,,A,True,AH,https://www.ah.nl/producten/product/wi455430,2026-08-12,AH Finest Red Dutch vine tomatoes,vegetable potatoes
425999,692778,AH Biologisch Zoete puntpaprika,AH Biologisch,groente-aardappelen,"Groente, aardappelen",Paprika,2.99,2.99,,,,,2 stuks,,False,,,,,A,True,AH,https://www.ah.nl/producten/product/wi425999,2026-08-12,AH Organic Sweet pointed pepper,vegetable potatoes
99036,538981,AH Winterpeen,AH,groente-aardappelen,"Groente, aardappelen",Wortel en peen,0.35,0.35,,,,,per stuk,,False,,,,,A,True,AH,https://www.ah.nl/producten/product/wi99036,2026-08-12,AH Winter carrot,vegetable potatoes
525254,747629,AH Mini krieltjes bistro,AH,groente-aardappelen,"Groente, aardappelen",Krieltjes geschild,1.09,1.09,,,,,450 g,prijs per kg €2.42,False,,,,,B,True,AH,https://www.ah.nl/producten/product/wi525254,2026-08-12,AH Mini baby potatoes bistro,vegetable potatoes
155600,622991,AH Aardappelschijfjes,AH,groente-aardappelen,"Groente, aardappelen",Aardappelschijfjes,1.19,1.19,,,,,600 g,prijs per kg €1.98,False,,,,,A,True,AH,https://www.ah.nl/producten/product/wi155600,2026-08-12,AH Aardappelschijfjes,vegetable potatoes
96049,549729,AH Iets kruimige aardappel,AH,groente-aardappelen,"Groente, aardappelen",Iets kruimige aardappelen,3.85,3.85,,,,,3 kg,prijs per kg €1.28,False,,,,,B,True,AH,https://www.ah.nl/producten/product/wi96049,2026-08-12,AH Slightly floury potato,vegetable potatoes
221495,815501,AH Wortelen,AH,groente-aardappelen,"Groente, aardappelen",Wortel en peen,1.29,1.29,,,,,500 g,prijs per kg €2.58,False,,,,,A,True,AH,https://www.ah.nl/producten/product/wi221495,2026-08-12,AH Carrots,vegetable potatoes
41080,91082,AH Roerbakgroente Italiaans,AH,groente-aardappelen,"Groente, aardappelen",Roerbakgroente,1.995,2.29,12.9,2 voor 3.99,3.99,2.0,400 g,normale prijs per kg €5.73,True,AH,2 voor 3.99,2026-08-10,2026-08-16,A,True,AH,https://www.ah.nl/producten/product/wi41080,2026-08-12,AH Roerbakgroente Italiaans,vegetable potatoes
502389,813914,AH Biologisch Snoepgroente tomaat,AH Biologisch,groente-aardappelen,"Groente, aardappelen",Snoepgroente,3.99,3.99,,,,,400 g,prijs per kg €9.98,False,,,,,A,True,AH,https://www.ah.nl/producten/product/wi502389,2026-08-12,AH Biologisch Snoepgroente tomaat,vegetable potatoes
567548,0,AH Groene pesto 4-pack,AH,groente-aardappelen,"Groente, aardappelen",Kappertjes,10.76,11.96,10.0,10% volume voordeel,,,4 stuks,,True,AHOO,10% volume voordeel,2026-08-12,2999-12-31,,True,AH,https://www.ah.nl/producten/product/wi567548,2026-08-12,AH Green pesto 4-pack,vegetable potatoes
481844,736631,AH Tomaten passata gezeefd,AH,groente-aardappelen,"Pasta, rijst, wereldkeuken","Gezeefde tomaten, frito, passata",0.75,0.75,,,,,500 g,prijs per kg €1.50,False,,,,,A,True,AH,https://www.ah.nl/producten/product/wi481844,2026-08-12,AH Tomato passata sieved,vegetable potatoes
415248,686902,AH Biologisch Paprika duo,AH Biologisch,groente-aardappelen,"Groente, aardappelen",Paprika,2.99,2.99,,,,,2 stuks,,False,,,,,A,True,AH,https://www.ah.nl/producten/product/wi415248,2026-08-12,AH Organic Paprika duo,vegetable potatoes
525847,738410,AH Gele uien,AH,groente-aardappelen,"Groente, aardappelen",Ui,1.09,1.09,,,,,3 stuks,,False,,,,,A,True,AH,https://www.ah.nl/producten/product/wi525847,2026-08-12,AH Yellow onions,vegetable potatoes
368705,834546,AH Paprika geel,AH,groente-aardappelen,"Groente, aardappelen",Paprika,1.09,1.09,,1 + 1 gratis,,1.0,per stuk,,True,AH,1 + 1 gratis,2026-08-10,2026-08-16,A,True,AH,https://www.ah.nl/producten/product/wi368705,2026-08-12,AH Paprika yellow,vegetable potatoes
466127,715890,AH Biologisch Broccoli,AH Biologisch,groente-aardappelen,"Groente, aardappelen",Broccoli,2.79,2.79,,,,,per stuk,,False,,,,,A,True,AH,https://www.ah.nl/producten/product/wi466127,2026-08-12,AH Organic Broccoli,vegetable potatoes
395960,847359,AH Spinazie,AH,groente-aardappelen,"Groente, aardappelen",Spinazie (vers),0.99,2.19,54.8,voor 0.99,0.99,,450 g,normale prijs per kg €4.87,True,AH,VOOR 0.99,2026-08-10,2026-08-16,A,True,AH,https://www.ah.nl/producten/product/wi395960,2026-08-12,AH Spinach,vegetable potatoes
107685,534133,AH Romaatjes,AH,groente-aardappelen,"Groente, aardappelen",Tomaten,2.09,2.09,,,,,250 g,prijs per kg €8.36,False,,,,,A,True,AH,https://www.ah.nl/producten/product/wi107685,2026-08-12,AH Romaatjes,vegetable potatoes
111781,563896,AH Geschrapte worteltjes,AH,groente-aardappelen,"Groente, aardappelen",Wortel en peen,1.29,1.29,,,,,300 g,prijs per kg €4.30,False,,,,,A,True,AH,https://www.ah.nl/producten/product/wi111781,2026-08-12,AH Scraped carrots,vegetable potatoes
395948,847346,AH Spinazie kleinverpakking,AH,groente-aardappelen,"Groente, aardappelen",Spinazie (vers),1.69,1.69,,,,,200 g,prijs per kg €8.45,False,,,,,A,True,AH,https://www.ah.nl/producten/product/wi395948,2026-08-12,AH Spinazie kleinverpakking,vegetable potatoes
615295,0,AH Spinazie kleinverpakking 2-pack,AH,groente-aardappelen,"Groente, aardappelen",Spinazie (vers),3.21,3.38,5.0,5% volume voordeel,,,2 stuks,,True,AHOO,5% volume voordeel,2026-08-12,2999-12-31,,True,AH,https://www.ah.nl/producten/product/wi615295,2026-08-12,AH Spinach small package 2-pack,vegetable potatoes
67874,537853,AH Roma tomaten,AH,groente-aardappelen,"Groente, aardappelen",Tomaten,2.89,2.89,,,,,750 g,prijs per kg €3.85,False,,,,,A,True,AH,https://www.ah.nl/producten/product/wi67874,2026-08-12,AH Roma tomaten,vegetable potatoes
490280,744328,AH Rode uien,AH,groente-aardappelen,"Groente, aardappelen",Ui,1.09,1.09,,,,,3 stuks,,False,,,,,A,True,AH,https://www.ah.nl/producten/product/wi490280,2026-08-12,AH Red onions,vegetable potatoes
615296,0,AH Spinazie kleinverpakking 3-pack,AH,groente-aardappelen,"Groente, aardappelen",Spinazie (vers),4.56,5.07,10.0,10% volume voordeel,,,3 stuks,,True,AHOO,10% volume voordeel,2026-08-12,2999-12-31,,True,AH,https://www.ah.nl/producten/product/wi615296,2026-08-12,AH Spinach small package 3-pack,vegetable potatoes
561136,581596,AH Biologisch Winterpeen,AH Biologisch,groente-aardappelen,"Groente, aardappelen",Wortel en peen,1.39,1.39,,,,,750 g,prijs per kg €1.85,False,,,,,A,True,AH,https://www.ah.nl/producten/product/wi561136,2026-08-12,AH Organic Winter Carrots,vegetable potatoes
449311,708785,AH Biologisch Baby romaine,AH Biologisch,groente-aardappelen,"Groente, aardappelen",Sla,2.39,2.39,,,,,2 stuks,,False,,,,,A,True,AH,https://www.ah.nl/producten/product/wi449311,2026-08-12,AH Organic Baby romaine,vegetable potatoes
114589,517459,AH Biologisch Avocado,AH Biologisch,groente-aardappelen,"Groente, aardappelen",Avocado,2.99,2.99,,,,,2 stuks,,False,,,,,A,True,AH,https://www.ah.nl/producten/product/wi114589,2026-08-12,AH Biologisch Avocado,vegetable potatoes
111388,549733,AH Iets kruimige aardappelen,AH,groente-aardappelen,"Groente, aardappelen",Iets kruimige aardappelen,1.29,1.29,,,,,1 kg,prijs per kg €1.29,False,,,,,B,True,AH,https://www.ah.nl/producten/product/wi111388,2026-08-12,AH Iets kruimige aardappelen,vegetable potatoes
167873,644793,AH Terra Kikkererwten,AH Terra,groente-aardappelen,"Groente, aardappelen",Kikkererwten,0.99,0.99,,,,,400 g,prijs per kg €3.74,False,,,,,A,True,AH,https://www.ah.nl/producten/product/wi167873,2026-08-12,AH Terra Chickpeas,vegetable potatoes
218641,813831,AH Biologisch Rode bieten gekookt,AH Biologisch,groente-aardappelen,"Groente, aardappelen",Rode bieten,1.65,1.65,,,,,500 g,prijs per kg €3.30,False,,,,,A,True,AH,https://www.ah.nl/producten/product/wi218641,2026-08-12,AH Organic Boiled beetroot,vegetable potatoes
579310,22924,AH Sweet Palermo rode puntpaprika,AH,groente-aardappelen,"Groente, aardappelen",Paprika,3.29,3.29,,,,,500 g,prijs per kg €6.58,False,,,,,A,True,AH,https://www.ah.nl/producten/product/wi579310,2026-08-12,AH Sweet Palermo red pointed pepper,vegetable potatoes
164358,636033,AH Oranje zoete aardappel,AH,groente-aardappelen,"Groente, aardappelen",Zoete aardappelen,3.49,3.49,,,,,1 kg,prijs per kg €3.49,False,,,,,B,True,AH,https://www.ah.nl/producten/product/wi164358,2026-08-12,AH Oranje zoete aardappel,vegetable potatoes
67907,540287,AH Krieltjes,AH,groente-aardappelen,"Groente, aardappelen",Krieltjes geschild,1.09,1.09,,,,,500 g,prijs per kg €2.18,False,,,,,B,True,AH,https://www.ah.nl/producten/product/wi67907,2026-08-12,AH Krieltjes,vegetable potatoes
387770,845187,AH Rode peper,AH,groente-aardappelen,"Groente, aardappelen",Gember en pepers,0.49,0.49,,,,,per stuk,,False,,,,,A,True,AH,https://www.ah.nl/producten/product/wi387770,2026-08-12,AH Red pepper,vegetable potatoes
3840,46102,AH IJsbergsla melange,AH,groente-aardappelen,"Groente, aardappelen",Sla,1.39,1.39,,,,,200 g,prijs per kg €6.95,False,,,,,A,True,AH,https://www.ah.nl/producten/product/wi3840,2026-08-12,AH Iceberg lettuce blend,vegetable potatoes
465601,714549,AH Snoepgroente tomaat,AH,groente-aardappelen,"Groente, aardappelen",Snoepgroente,5.99,5.99,,,,,1 kg,prijs per kg €5.99,False,,,,,A,True,AH,https://www.ah.nl/producten/product/wi465601,2026-08-12,AH Candy vegetable tomato,vegetable potatoes
127259,559681,AH Snijbonen,AH,groente-aardappelen,"Groente, aardappelen",Snijbonen,2.29,2.29,,,,,400 g,prijs per kg €5.73,False,,,,,A,True,AH,https://www.ah.nl/producten/product/wi127259,2026-08-12,AH String beans,vegetable potatoes
62661,526266,AH Rucola slamelange,AH,groente-aardappelen,"Groente, aardappelen",Sla,1.39,1.39,,,,,75 g,prijs per kg €18.53,False,,,,,A,True,AH,https://www.ah.nl/producten/product/wi62661,2026-08-12,AH Arugula salad mix,vegetable potatoes
502289,818887,AH Snoepgroente paprikamix,AH,groente-aardappelen,"Groente, aardappelen",Snoepgroente,1.6667,2.29,27.2,3 voor 5.00,5.0,3.0,175 g,normale prijs per kg €13.09,True,AH,3 voor 5.00,2026-08-10,2026-08-16,A,True,AH,https://www.ah.nl/producten/product/wi502289,2026-08-12,AH Snoepgroente paprikamix,vegetable potatoes
439146,70928,AH Rode uien,AH,groente-aardappelen,"Groente, aardappelen",Ui,1.39,1.39,,,,,1 kg,prijs per kg €1.39,False,,,,,A,True,AH,https://www.ah.nl/producten/product/wi439146,2026-08-12,AH Red onions,vegetable potatoes
800,48118,AH Maiskorrels fris en knapperig,AH,groente-aardappelen,"Groente, aardappelen",Mais conserven,1.19,1.19,,,,,340 g,prijs per kg €4.18,False,,,,,A,True,AH,https://www.ah.nl/producten/product/wi800,2026-08-12,AH Corn kernels fresh and crunchy,vegetable potatoes
235203,828280,AH Biologisch Spinazie,AH Biologisch,groente-aardappelen,"Groente, aardappelen",Spinazie (vers),2.79,2.79,,,,,200 g,prijs per kg €13.95,False,,,,,A,True,AH,https://www.ah.nl/producten/product/wi235203,2026-08-12,AH Organic Spinach,vegetable potatoes
128874,537135,AH Biologisch Paprika rood,AH Biologisch,groente-aardappelen,"Groente, aardappelen",Paprika,1.45,1.45,,,,,per stuk,,False,,,,,A,True,AH,https://www.ah.nl/producten/product/wi128874,2026-08-12,AH Organic Red Paprika,vegetable potatoes
238971,831603,AH Platte peterselie,AH,groente-aardappelen,"Groente, aardappelen",Verse kruiden,1.19,1.19,,,,,15 g,prijs per kg €79.33,False,,,,,A,True,AH,https://www.ah.nl/producten/product/wi238971,2026-08-12,AH Flat parsley,vegetable potatoes
30428,83690,AH Terra Kidneybonen,AH Terra,groente-aardappelen,"Groente, aardappelen",Kidney bonen,0.65,0.65,,,,,400 g,prijs per kg €2.60,False,,,,,A,True,AH,https://www.ah.nl/producten/product/wi30428,2026-08-12,AH Terra Kidney beans,vegetable potatoes
482757,737742,AH Aardappelen kruimig,AH,groente-aardappelen,"Groente, aardappelen",Stamppot aardappelen,1.49,1.49,,,,,800 g,prijs per kg €1.86,False,,,,,B,True,AH,https://www.ah.nl/producten/product/wi482757,2026-08-12,AH Potatoes floury,vegetable potatoes
476241,729095,AH Mini krieltjes,AH,groente-aardappelen,"Groente, aardappelen",Krieltjes geschild,0.95,0.95,,,,,450 g,prijs per kg €2.11,False,,,,,A,True,AH,https://www.ah.nl/producten/product/wi476241,2026-08-12,AH Mini potatoes,vegetable potatoes
441049,704657,AH Radijs,AH,groente-aardappelen,"Groente, aardappelen",Radijs,0.79,0.79,,,,,200 g,prijs per kg €3.95,False,,,,,A,True,AH,https://www.ah.nl/producten/product/wi441049,2026-08-12,AH Radish,vegetable potatoes
104817,510567,AH Peen julienne,AH,groente-aardappelen,"Groente, aardappelen",Wortel en peen,1.19,1.19,,,,,150 g,prijs per kg €7.93,False,,,,,A,True,AH,https://www.ah.nl/producten/product/wi104817,2026-08-12,AH Peen julienne,vegetable potatoes
382984,842312,AH Kropsla,AH,groente-aardappelen,"Groente, aardappelen",Sla,0.95,0.95,,,,,per stuk,,False,,,,,A,True,AH,https://www.ah.nl/producten/product/wi382984,2026-08-12,AH Kropsla,vegetable potatoes
185774,521755,AH Biologisch Knoflook,AH Biologisch,groente-aardappelen,"Groente, aardappelen",Knoflook,1.45,1.45,,,,,100 g,prijs per kg €14.50,False,,,,,A,True,AH,https://www.ah.nl/producten/product/wi185774,2026-08-12,AH Biologisch Knoflook,vegetable potatoes
490798,745271,AH Snoepgroente komkommer,AH,groente-aardappelen,"Groente, aardappelen",Snoepgroente,3.39,3.39,,,,,400 g,prijs per kg €8.48,False,,,,,A,True,AH,https://www.ah.nl/producten/product/wi490798,2026-08-12,AH Candy vegetable cucumber,vegetable potatoes
230848,817389,AH Sperziebonen kleinverpakking,AH,groente-aardappelen,"Groente, aardappelen",Sperziebonen,1.99,1.99,,,,,200 g,prijs per kg €9.95,False,,,,,A,True,AH,https://www.ah.nl/producten/product/wi230848,2026-08-12,AH Green beans small package,vegetable potatoes
509288,712412,AH Maiskorrels fris en knapperig 3-pack,AH,groente-aardappelen,"Groente, aardappelen",Mais conserven,1.99,1.99,,,,,450 g,prijs per kg €14.21,False,,,,,A,True,AH,https://www.ah.nl/producten/product/wi509288,2026-08-12,AH Corn kernels fresh and crunchy 3-pack,vegetable potatoes
615293,0,AH Sperziebonen kleinverpakking 2-pack,AH,groente-aardappelen,"Groente, aardappelen",Sperziebonen,3.78,3.98,5.0,5% volume voordeel,,,2 stuks,,True,AHOO,5% volume voordeel,2026-08-12,2999-12-31,,True,AH,https://www.ah.nl/producten/product/wi615293,2026-08-12,AH Green beans small package 2-pack,vegetable potatoes
418283,689618,AH Roerbakgroente Italiaans fijngesneden,AH,groente-aardappelen,"Groente, aardappelen",Roerbakgroente,1.995,2.99,33.3,2 voor 3.99,3.99,2.0,400 g,normale prijs per kg €7.48,True,AH,2 voor 3.99,2026-08-10,2026-08-16,A,True,AH,https://www.ah.nl/producten/product/wi418283,2026-08-12,AH Roerbakgroente Italiaans fijngesneden,vegetable potatoes
476742,730437,AH Biologisch Rucola,AH Biologisch,groente-aardappelen,"Groente, aardappelen",Sla,1.39,1.39,,,,,40 g,prijs per kg €34.75,False,,,,,A,True,AH,https://www.ah.nl/producten/product/wi476742,2026-08-12,AH Organic Arugula,vegetable potatoes
3527,80365,AH Tomatenpuree,AH,groente-aardappelen,"Pasta, rijst, wereldkeuken",Tomatenpuree,0.69,0.69,,,,,140 g,prijs per kg €4.93,False,,,,,A,True,AH,https://www.ah.nl/producten/product/wi3527,2026-08-12,AH Tomatenpuree,vegetable potatoes
497411,798683,AH Mini krieltjes BBQ,AH,groente-aardappelen,"Groente, aardappelen",Krieltjes geschild,1.29,1.29,,,,,600 g,prijs per kg €2.15,False,,,,,B,True,AH,https://www.ah.nl/producten/product/wi497411,2026-08-12,AH Mini baby potatoes BBQ,vegetable potatoes
615294,0,AH Sperziebonen kleinverpakking 3-pack,AH,groente-aardappelen,"Groente, aardappelen",Sperziebonen,5.37,5.97,10.0,10% volume voordeel,,,3 stuks,,True,AHOO,10% volume voordeel,2026-08-12,2999-12-31,,True,AH,https://www.ah.nl/producten/product/wi615294,2026-08-12,AH Green beans small package 3-pack,vegetable potatoes
67842,535883,AH Witte champignons,AH,groente-aardappelen,"Groente, aardappelen",Champignons,1.99,1.99,,,,,400 g,prijs per kg €4.98,False,,,,,A,True,AH,https://www.ah.nl/producten/product/wi67842,2026-08-12,AH White mushrooms,vegetable potatoes
4178,20948,AH Bleekselderij,AH,groente-aardappelen,"Groente, aardappelen",Bleekselderij,1.59,1.59,,,,,per stuk,,False,,,,,A,True,AH,https://www.ah.nl/producten/product/wi4178,2026-08-12,AH Celery,vegetable potatoes
67593,60443,AH Veldsla,AH,groente-aardappelen,"Groente, aardappelen",Sla,1.29,1.29,,,,,85 g,prijs per kg €15.18,False,,,,,A,True,AH,https://www.ah.nl/producten/product/wi67593,2026-08-12,AH Lamb's Lettuce,vegetable potatoes
494448,749686,AH Macaroni spaghetti groente,AH,groente-aardappelen,"Groente, aardappelen",Roerbakgroente,1.89,1.89,,,,,450 g,prijs per kg €4.20,False,,,,,A,True,AH,https://www.ah.nl/producten/product/wi494448,2026-08-12,AH Macaroni spaghetti vegetable,vegetable potatoes
494452,749690,AH Nasi groente,AH,groente-aardappelen,"Groente, aardappelen",Wokgroente,1.89,1.89,,,,,450 g,prijs per kg €4.20,False,,,,,A,True,AH,https://www.ah.nl/producten/product/wi494452,2026-08-12,AH Nasi vegetables,vegetable potatoes
4076,92890,AH Winterpeen,AH,groente-aardappelen,"Groente, aardappelen",Wortel en peen,1.39,1.39,,,,,1 kg,prijs per kg €1.39,False,,,,,A,True,AH,https://www.ah.nl/producten/product/wi4076,2026-08-12,AH Winter carrot,vegetable potatoes
611645,67845,AH Munt grootverpakking,AH,groente-aardappelen,"Groente, aardappelen",Verse kruiden,1.99,1.99,,,,,75 g,prijs per kg €26.53,False,,,,,A,True,AH,https://www.ah.nl/producten/product/wi611645,2026-08-12,AH Munt bulk packaging,vegetable potatoes
186650,787633,AH Biologisch Prei,AH Biologisch,groente-aardappelen,"Groente, aardappelen",Prei,0.99,0.99,,,,,per stuk,,False,,,,,A,True,AH,https://www.ah.nl/producten/product/wi186650,2026-08-12,AH Biologisch Prei,vegetable potatoes
215683,809213,AH Krieltjes vastkokend,AH,groente-aardappelen,"Groente, aardappelen",Krieltjes ongeschild,2.39,2.39,,,,,1 kg,prijs per kg €2.39,False,,,,,B,True,AH,https://www.ah.nl/producten/product/wi215683,2026-08-12,AH Krieltjes vastkokend,vegetable potatoes
436200,700218,Looye Honingtomaten,Looye,groente-aardappelen,"Groente, aardappelen",Tomaten,3.99,3.99,,,,,180 g,prijs per kg €22.17,False,,,,,A,True,AH,https://www.ah.nl/producten/product/wi436200,2026-08-12,Looye Honey Tomatoes,vegetable potatoes
127590,583138,AH Bospeen,AH,groente-aardappelen,"Groente, aardappelen",Wortel en peen,1.59,1.59,,,,,per bos,,False,,,,,A,True,AH,https://www.ah.nl/producten/product/wi127590,2026-08-12,AH Bospeen,vegetable potatoes
520805,886718,AH Snoepgroente tomatenmix,AH,groente-aardappelen,"Groente, aardappelen",Snoepgroente,1.6667,2.29,27.2,3 voor 5.00,5.0,3.0,250 g,normale prijs per kg €9.16,True,AH,3 voor 5.00,2026-08-10,2026-08-16,A,True,AH,https://www.ah.nl/producten/product/wi520805,2026-08-12,AH Candy vegetable tomato mix,vegetable potatoes
238969,831601,AH Munt,AH,groente-aardappelen,"Groente, aardappelen",Verse kruiden,1.19,1.19,,,,,15 g,prijs per kg €79.33,False,,,,,A,True,AH,https://www.ah.nl/producten/product/wi238969,2026-08-12,AH Mint,vegetable potatoes
96050,549735,AH Vastkokende aardappelen,AH,groente-aardappelen,"Groente, aardappelen",Vastkokende aardappelen,3.85,3.85,,,,,3 kg,prijs per kg €1.28,False,,,,,B,True,AH,https://www.ah.nl/producten/product/wi96050,2026-08-12,AH Waxy potatoes,vegetable potatoes
41203,77602,AH Kastanjechampignons,AH,groente-aardappelen,"Groente, aardappelen",Champignons,1.89,1.89,,,,,250 g,prijs per kg €7.56,False,,,,,A,True,AH,https://www.ah.nl/producten/product/wi41203,2026-08-12,AH Chestnut mushrooms,vegetable potatoes
101132,531327,AH Biologisch Kastanjechampignons,AH Biologisch,groente-aardappelen,"Groente, aardappelen",Champignons,2.19,2.19,,,,,250 g,prijs per kg €8.76,False,,,,,A,True,AH,https://www.ah.nl/producten/product/wi101132,2026-08-12,AH Organic Chestnut Mushrooms,vegetable potatoes
462427,713320,AH Avocado,AH,groente-aardappelen,"Groente, aardappelen",Avocado,3.19,3.19,,,,,650 g,prijs per kg €4.91,False,,,,,A,True,AH,https://www.ah.nl/producten/product/wi462427,2026-08-12,AH Avocado,vegetable potatoes
41069,91084,AH Wokgroente Chinees,AH,groente-aardappelen,"Groente, aardappelen",Wokgroente,2.39,2.39,,,,,400 g,prijs per kg €5.98,False,,,,,A,True,AH,https://www.ah.nl/producten/product/wi41069,2026-08-12,AH Wokgroente Chinees,vegetable potatoes
615297,0,AH Wokgroente Chinees 2-pack,AH,groente-aardappelen,"Groente, aardappelen",Wokgroente,4.54,4.78,5.0,5% volume voordeel,,,2 stuks,,True,AHOO,5% volume voordeel,2026-08-12,2999-12-31,,True,AH,https://www.ah.nl/producten/product/wi615297,2026-08-12,AH Chinese stir-fry vegetables 2-pack,vegetable potatoes
238968,831600,AH Koriander,AH,groente-aardappelen,"Groente, aardappelen",Verse kruiden,1.19,1.19,,,,,15 g,prijs per kg €79.33,False,,,,,A,True,AH,https://www.ah.nl/producten/product/wi238968,2026-08-12,AH Coriander,vegetable potatoes
169688,647499,AH Aardappelen voor de stamppot,AH,groente-aardappelen,"Groente, aardappelen",Stamppot aardappelen,1.59,1.59,,,,,600 g,prijs per kg €2.65,False,,,,,A,True,AH,https://www.ah.nl/producten/product/wi169688,2026-08-12,AH Potatoes for the stew,vegetable potatoes
123866,549732,AH Vastkokende aardappelen,AH,groente-aardappelen,"Groente, aardappelen",Vastkokende aardappelen,1.29,1.29,,,,,1 kg,prijs per kg €1.29,False,,,,,B,True,AH,https://www.ah.nl/producten/product/wi123866,2026-08-12,AH Waxy potatoes,vegetable potatoes
615298,0,AH Wokgroente Chinees 3-pack,AH,groente-aardappelen,"Groente, aardappelen",Wokgroente,6.45,7.17,10.0,10% volume voordeel,,,3 stuks,,True,AHOO,10% volume voordeel,2026-08-12,2999-12-31,,True,AH,https://www.ah.nl/producten/product/wi615298,2026-08-12,AH Chinese stir-fry vegetables 3-pack,vegetable potatoes
378632,839779,Heinz Tomato frito original,Heinz,groente-aardappelen,"Pasta, rijst, wereldkeuken","Gezeefde tomaten, frito, passata",1.39,1.39,,,,,350 g,prijs per kg €3.97,False,,,,,A,True,AH,https://www.ah.nl/producten/product/wi378632,2026-08-12,Heinz Tomato frito original,vegetable potatoes
233440,826271,AH Curry madras verspakket,AH,groente-aardappelen,"Groente, aardappelen",Ongesneden verspakketten,5.99,5.99,,,,,4 pers | 30 min,,False,,,,,B,True,AH,https://www.ah.nl/producten/product/wi233440,2026-08-12,AH Curry madras fresh package,vegetable potatoes
525357,98278,AH Aardappel partjes provencaals gekruid,AH,groente-aardappelen,"Groente, aardappelen",Aardappelpartjes,1.49,1.49,,,,,600 g,prijs per kg €2.48,False,,,,,B,True,AH,https://www.ah.nl/producten/product/wi525357,2026-08-12,AH Potato wedges provencal seasoned,vegetable potatoes
409997,854218,AH Biologisch Bladspinazie deelblokjes,AH Biologisch,groente-aardappelen,Diepvries,Spinazie (diepvries),1.39,1.39,,,,,450 g,prijs per kg €3.09,False,,,,,A,True,AH,https://www.ah.nl/producten/product/wi409997,2026-08-12,AH Organic Leaf Spinach cubes,vegetable potatoes
611643,67843,AH Dille,AH,groente-aardappelen,"Groente, aardappelen",Verse kruiden,1.19,1.19,,,,,20 g,prijs per kg €59.50,False,,,,,A,True,AH,https://www.ah.nl/producten/product/wi611643,2026-08-12,AH Dill,vegetable potatoes
226181,820552,AH Venkel,AH,groente-aardappelen,"Groente, aardappelen",Venkel,1.09,1.09,,,,,per stuk,,False,,,,,A,True,AH,https://www.ah.nl/producten/product/wi226181,2026-08-12,AH Venkel,vegetable potatoes
435427,46885,AH Snoepgroente worteltjes,AH,groente-aardappelen,"Groente, aardappelen",Snoepgroente,2.99,2.99,,,,,650 g,prijs per kg €4.60,False,,,,,A,True,AH,https://www.ah.nl/producten/product/wi435427,2026-08-12,AH Candy vegetable carrots,vegetable potatoes
612292,0,Heinz Tomato frito original 3-pack,Heinz,groente-aardappelen,"Pasta, rijst, wereldkeuken","Gezeefde tomaten, frito, passata",3.75,4.17,10.0,10% volume voordeel,,,3 stuks,,True,AHOO,10% volume voordeel,2026-08-12,2999-12-31,,True,AH,https://www.ah.nl/producten/product/wi612292,2026-08-12,Heinz Tomato frito original 3-pack,vegetable potatoes
56338,514236,AH Andijvie fijngesneden kleinverpakking,AH,groente-aardappelen,"Groente, aardappelen",Andijvie,1.49,1.49,,,,,250 g,prijs per kg €5.96,False,,,,,A,True,AH,https://www.ah.nl/producten/product/wi56338,2026-08-12,AH Endive finely chopped small pack,vegetable potatoes
4162,21025,AH Maiskolven,AH,groente-aardappelen,"Groente, aardappelen",Maiskolven,2.59,2.59,,,,,2 stuks,,False,,,,,A,True,AH,https://www.ah.nl/producten/product/wi4162,2026-08-12,AH Corn on the cob,vegetable potatoes
217088,810984,AH Bakaardappeltjes,AH,groente-aardappelen,"Groente, aardappelen",Aardappelpartjes,1.09,1.09,,,,,500 g,prijs per kg €2.18,False,,,,,A,True,AH,https://www.ah.nl/producten/product/wi217088,2026-08-12,AH Baking potatoes,vegetable potatoes
185200,779669,AH Gemengde salade,AH,groente-aardappelen,"Groente, aardappelen",Sla,2.69,2.69,,,,,150 g,prijs per kg €17.93,False,,,,,A,True,AH,https://www.ah.nl/producten/product/wi185200,2026-08-12,AH Mixed salad,vegetable potatoes
615265,0,AH Andijvie fijngesneden kleinverpak 2-pack,AH,groente-aardappelen,"Groente, aardappelen",Andijvie,2.83,2.98,5.0,5% volume voordeel,,,2 stuks,,True,AHOO,5% volume voordeel,2026-08-12,2999-12-31,,True,AH,https://www.ah.nl/producten/product/wi615265,2026-08-12,AH Andijvie fijngesneden kleinverpak 2-pack,vegetable potatoes
168154,633950,AH Slamelange jonge bladsla veldsla,AH,groente-aardappelen,"Groente, aardappelen",Sla,1.89,1.89,,,,,100 g,prijs per kg €18.90,False,,,,,A,True,AH,https://www.ah.nl/producten/product/wi168154,2026-08-12,AH Slamelange young leaf lettuce lamb's lettuce,vegetable potatoes
192851,602895,AH Bimi,AH,groente-aardappelen,"Groente, aardappelen",Broccoli,2.99,2.99,,,,,200 g,prijs per kg €14.95,False,,,,,A,True,AH,https://www.ah.nl/producten/product/wi192851,2026-08-12,AH Bimi,vegetable potatoes
475828,728736,AH Minikriel kruidenboter,AH,groente-aardappelen,"Groente, aardappelen",Krieltjes geschild,1.29,1.29,,,,,450 g,prijs per kg €2.87,False,,,,,C,True,AH,https://www.ah.nl/producten/product/wi475828,2026-08-12,AH Mini bantam herb butter,vegetable potatoes
291654,834394,AH Maiskolf,AH,groente-aardappelen,"Groente, aardappelen",Maiskolven,1.19,1.19,,,,,per stuk,,False,,,,,A,True,AH,https://www.ah.nl/producten/product/wi291654,2026-08-12,AH Corn on the cob,vegetable potatoes
594650,43349,AH Biologisch Sweet Cherry trostomaten,AH Biologisch,groente-aardappelen,"Groente, aardappelen",Tomaten,2.99,2.99,,,,,200 g,prijs per kg €14.95,False,,,,,A,True,AH,https://www.ah.nl/producten/product/wi594650,2026-08-12,AH Organic Sweet Cherry vine tomatoes,vegetable potatoes
914,9887,AH Augurken partysticks zoetzuur,AH,groente-aardappelen,"Groente, aardappelen",Augurken,1.15,1.15,,,,,670 g,prijs per kg €3.19,False,,,,,A,True,AH,https://www.ah.nl/producten/product/wi914,2026-08-12,AH Pickles party sticks sweet and sour,vegetable potatoes
67739,523224,AH Biologisch Cherrytomaten,AH Biologisch,groente-aardappelen,"Groente, aardappelen",Tomaten,2.99,2.99,,,,,250 g,prijs per kg €11.96,False,,,,,A,True,AH,https://www.ah.nl/producten/product/wi67739,2026-08-12,AH Organic Cherry Tomatoes,vegetable potatoes
615266,0,AH Andijvie fijngesneden kleinverpak 3-pack,AH,groente-aardappelen,"Groente, aardappelen",Andijvie,4.02,4.47,10.0,10% volume voordeel,,,3 stuks,,True,AHOO,10% volume voordeel,2026-08-12,2999-12-31,,True,AH,https://www.ah.nl/producten/product/wi615266,2026-08-12,"AH Endive finely chopped, small pack, 3-pack",vegetable potatoes
238965,831597,AH Bieslook,AH,groente-aardappelen,"Groente, aardappelen",Verse kruiden,1.19,1.19,,,,,25 g,prijs per kg €47.60,False,,,,,A,True,AH,https://www.ah.nl/producten/product/wi238965,2026-08-12,AH Chives,vegetable potatoes
612294,0,Heinz Tomato frito original 6-pack,Heinz,groente-aardappelen,"Pasta, rijst, wereldkeuken","Gezeefde tomaten, frito, passata",7.09,8.34,15.0,15% volume voordeel,,,6 stuks,,True,AHOO,15% volume voordeel,2026-08-12,2999-12-31,,True,AH,https://www.ah.nl/producten/product/wi612294,2026-08-12,Heinz Tomato frito original 6-pack,vegetable potatoes
169198,559663,AH Biologisch Iets kruimige aardappelen,AH Biologisch,groente-aardappelen,"Groente, aardappelen",Iets kruimige aardappelen,2.19,2.19,,,,,1 kg,prijs per kg €2.19,False,,,,,B,True,AH,https://www.ah.nl/producten/product/wi169198,2026-08-12,AH Biologisch Iets kruimige aardappelen,vegetable potatoes
198386,800277,AH Tomatensoep verspakket,AH,groente-aardappelen,"Groente, aardappelen",Soeppakketten,4.79,4.79,,,,,6 pers | 30 min,,False,,,,,B,True,AH,https://www.ah.nl/producten/product/wi198386,2026-08-12,AH Tomato soup fresh package,vegetable potatoes
186043,582453,AH Biologisch Bleekselderij,AH Biologisch,groente-aardappelen,"Groente, aardappelen",Bleekselderij,2.09,2.09,,,,,per stuk,,False,,,,,A,True,AH,https://www.ah.nl/producten/product/wi186043,2026-08-12,AH Biologisch Bleekselderij,vegetable potatoes
224710,817384,AH Babyspinazie,AH,groente-aardappelen,"Groente, aardappelen",Spinazie (vers),1.39,1.39,,,,,100 g,prijs per kg €13.90,False,,,,,A,True,AH,https://www.ah.nl/producten/product/wi224710,2026-08-12,AH Babyspinazie,vegetable potatoes
226973,821430,AH Lasagne verspakket,AH,groente-aardappelen,"Groente, aardappelen",Ongesneden verspakketten,5.99,5.99,,,,,4 pers | 25 min,,False,,,,,C,True,AH,https://www.ah.nl/producten/product/wi226973,2026-08-12,AH Lasagna fresh package,vegetable potatoes
133277,596503,AH Roerbakgroente Italiaans champignons,AH,groente-aardappelen,"Groente, aardappelen",Roerbakgroente,1.995,2.29,12.9,2 voor 3.99,3.99,2.0,400 g,normale prijs per kg €5.73,True,AH,2 voor 3.99,2026-08-10,2026-08-16,A,True,AH,https://www.ah.nl/producten/product/wi133277,2026-08-12,AH Stir-fry vegetables Italian mushrooms,vegetable potatoes
465600,714548,AH Snoepgroente komkommer,AH,groente-aardappelen,"Groente, aardappelen",Snoepgroente,5.79,5.79,,,,,700 g,prijs per kg €8.27,False,,,,,A,True,AH,https://www.ah.nl/producten/product/wi465600,2026-08-12,AH Candy vegetable cucumber,vegetable potatoes
123184,540286,AH Aardappelpartjes,AH,groente-aardappelen,"Groente, aardappelen",Aardappelpartjes,1.39,1.39,,,,,500 g,prijs per kg €2.78,False,,,,,B,True,AH,https://www.ah.nl/producten/product/wi123184,2026-08-12,AH Potato wedges,vegetable potatoes
239244,830558,AH Biologisch Aubergine,AH Biologisch,groente-aardappelen,"Groente, aardappelen",Aubergine,1.69,1.69,,,,,per stuk,,False,,,,,A,True,AH,https://www.ah.nl/producten/product/wi239244,2026-08-12,AH Organic Eggplant,vegetable potatoes
611644,67844,AH Koriander grootverpakking,AH,groente-aardappelen,"Groente, aardappelen",Verse kruiden,1.49,1.49,,,,,50 g,prijs per kg €29.80,False,,,,,A,True,AH,https://www.ah.nl/producten/product/wi611644,2026-08-12,AH Coriander bulk packaging,vegetable potatoes
395947,847345,AH Sperziebonen grootverpakking,AH,groente-aardappelen,"Groente, aardappelen",Sperziebonen,3.49,3.49,,,,,600 g,prijs per kg €5.82,False,,,,,A,True,AH,https://www.ah.nl/producten/product/wi395947,2026-08-12,AH Green beans in bulk packaging,vegetable potatoes
168092,644402,AH Rucola grootverpakking,AH,groente-aardappelen,"Groente, aardappelen",Sla,1.79,1.79,,,,,150 g,prijs per kg €11.93,False,,,,,A,True,AH,https://www.ah.nl/producten/product/wi168092,2026-08-12,AH Arugula bulk packaging,vegetable potatoes
519871,882305,AH Puntpaprika mix,AH,groente-aardappelen,"Groente, aardappelen",Paprika,3.29,3.29,,,,,4 stuks,,False,,,,,A,True,AH,https://www.ah.nl/producten/product/wi519871,2026-08-12,AH Pointed pepper mix,vegetable potatoes
185765,781270,AH Roerbakgroente Mexicaans,AH,groente-aardappelen,"Groente, aardappelen",Roerbakgroente,1.995,2.49,19.9,2 voor 3.99,3.99,2.0,400 g,normale prijs per kg €6.23,True,AH,2 voor 3.99,2026-08-10,2026-08-16,A,True,AH,https://www.ah.nl/producten/product/wi185765,2026-08-12,AH Mexican stir-fry vegetables,vegetable potatoes
41219,88596,AH Paksoi,AH,groente-aardappelen,"Groente, aardappelen",Paksoi,1.55,1.55,,,,,per stuk,,False,,,,,A,True,AH,https://www.ah.nl/producten/product/wi41219,2026-08-12,AH Pak Choi,vegetable potatoes
517597,738386,AH IJsbergsla fijngesneden,AH,groente-aardappelen,"Groente, aardappelen",Sla,1.69,1.69,,,,,200 g,prijs per kg €8.45,False,,,,,A,True,AH,https://www.ah.nl/producten/product/wi517597,2026-08-12,AH Iceberg lettuce finely chopped,vegetable potatoes
186629,532357,AH Biologisch Bloemkool,AH Biologisch,groente-aardappelen,"Groente, aardappelen",Bloemkool,3.29,3.29,,,,,per stuk,,False,,,,,A,True,AH,https://www.ah.nl/producten/product/wi186629,2026-08-12,AH Organic Cauliflower,vegetable potatoes
525848,68426,AH Biologisch Gele uien,AH Biologisch,groente-aardappelen,"Groente, aardappelen",Ui,0.99,0.99,,,,,500 g,prijs per kg €1.98,False,,,,,A,True,AH,https://www.ah.nl/producten/product/wi525848,2026-08-12,AH Organic Yellow onions,vegetable potatoes
470588,723066,AH Baby avocado eetrijp,AH,groente-aardappelen,"Groente, aardappelen",Avocado,2.99,2.99,,,,,4 stuks,,False,,,,,A,True,AH,https://www.ah.nl/producten/product/wi470588,2026-08-12,AH Baby avocado ready to eat,vegetable potatoes
395954,847353,AH Broccoli,AH,groente-aardappelen,"Groente, aardappelen",Broccoli,2.49,2.49,,,,,400 g,prijs per kg €6.23,False,,,,,A,True,AH,https://www.ah.nl/producten/product/wi395954,2026-08-12,AH Broccoli,vegetable potatoes
613973,71076,Heinz Frito tomatenblokjes,Heinz,groente-aardappelen,"Pasta, rijst, wereldkeuken","Gezeefde tomaten, frito, passata",1.69,1.69,,,,,390 g,prijs per kg €4.33,False,,,,,A,True,AH,https://www.ah.nl/producten/product/wi613973,2026-08-12,Heinz Frito diced tomatoes,vegetable potatoes
207510,802782,AH Biologisch Tomaten gepeld,AH Biologisch,groente-aardappelen,"Pasta, rijst, wereldkeuken",Gepelde tomaten,0.79,0.79,,,,,400 g,prijs per kg €1.98,False,,,,,A,True,AH,https://www.ah.nl/producten/product/wi207510,2026-08-12,AH Biologisch Tomaten gepeld,vegetable potatoes
509423,725718,AH Snoepgroente pitloze paprika rood,AH,groente-aardappelen,"Groente, aardappelen",Snoepgroente,1.6667,2.29,27.2,3 voor 5.00,5.0,3.0,175 g,normale prijs per kg €13.09,True,AH,3 voor 5.00,2026-08-10,2026-08-16,A,True,AH,https://www.ah.nl/producten/product/wi509423,2026-08-12,AH Candy vegetables seedless red pepper,vegetable potatoes
226440,786925,Iglo Spinazie à la crème,Iglo,groente-aardappelen,Diepvries,Spinazie (diepvries),2.29,2.29,,,,,750 g,prijs per kg €3.05,False,,,,,A,True,AH,https://www.ah.nl/producten/product/wi226440,2026-08-12,Igloo Spinach à la crème,vegetable potatoes
525846,70633,AH Sjalotten,AH,groente-aardappelen,"Groente, aardappelen",Ui,1.49,1.49,,,,,500 g,prijs per kg €2.98,False,,,,,A,True,AH,https://www.ah.nl/producten/product/wi525846,2026-08-12,AH Shallots,vegetable potatoes
165336,622946,AH Snijbonen,AH,groente-aardappelen,"Groente, aardappelen",Snijbonen,2.39,2.39,,,,,400 g,prijs per kg €5.98,False,,,,,A,True,AH,https://www.ah.nl/producten/product/wi165336,2026-08-12,AH String beans,vegetable potatoes
494450,749688,AH Bami groente,AH,groente-aardappelen,"Groente, aardappelen",Roerbakgroente,1.89,1.89,,,,,450 g,prijs per kg €4.20,False,,,,,A,True,AH,https://www.ah.nl/producten/product/wi494450,2026-08-12,AH Bami vegetable,vegetable potatoes
500621,812465,Heinz Tomato frito biologisch,Heinz,groente-aardappelen,"Pasta, rijst, wereldkeuken","Gezeefde tomaten, frito, passata",1.99,1.99,,,,,350 g,prijs per kg €5.69,False,,,,,A,True,AH,https://www.ah.nl/producten/product/wi500621,2026-08-12,Heinz Tomato frito organic,vegetable potatoes
185768,781312,AH Luxe wok Japans champignons peultjes,AH,groente-aardappelen,"Groente, aardappelen",Wokgroente,2.99,2.99,,,,,400 g,prijs per kg €7.48,False,,,,,A,True,AH,https://www.ah.nl/producten/product/wi185768,2026-08-12,AH Luxury wok Japanese mushrooms snow peas,vegetable potatoes
615281,0,AH Luxe wok Japans champignons peultjes 2pk,AH,groente-aardappelen,"Groente, aardappelen",Wokgroente,5.68,5.98,5.0,5% volume voordeel,,,2 stuks,,True,AHOO,5% volume voordeel,2026-08-12,2999-12-31,,True,AH,https://www.ah.nl/producten/product/wi615281,2026-08-12,AH Luxury wok Japanese mushrooms snow peas 2pk,vegetable potatoes
803,1557,AH Tomaten gepeld,AH,groente-aardappelen,"Pasta, rijst, wereldkeuken",Gepelde tomaten,0.69,0.69,,,,,400 g,prijs per kg €1.73,False,,,,,A,True,AH,https://www.ah.nl/producten/product/wi803,2026-08-12,AH Tomaten gepeld,vegetable potatoes
497403,797688,AH Verse friet,AH,groente-aardappelen,"Groente, aardappelen",Verse friet,2.59,2.59,,,,,1 kg,prijs per kg €2.59,False,,,,,A,True,AH,https://www.ah.nl/producten/product/wi497403,2026-08-12,AH Fresh fries,vegetable potatoes
186750,596489,AH Biologisch Witlof,AH Biologisch,groente-aardappelen,"Groente, aardappelen",Witlof en roodlof,3.19,3.19,,,,,500 g,prijs per kg €6.38,False,,,,,A,True,AH,https://www.ah.nl/producten/product/wi186750,2026-08-12,AH Organic Chicory,vegetable potatoes
368706,834547,AH Paprika groen,AH,groente-aardappelen,"Groente, aardappelen",Paprika,1.09,1.09,,,,,per stuk,,False,,,,,A,True,AH,https://www.ah.nl/producten/product/wi368706,2026-08-12,AH Paprika green,vegetable potatoes
547130,677924,AH Biologisch Gekookte maïskolven,AH Biologisch,groente-aardappelen,"Groente, aardappelen",Maiskolven,2.99,2.99,,,,,2 stuks,,False,,,,,A,True,AH,https://www.ah.nl/producten/product/wi547130,2026-08-12,AH Organically Boiled Corn Cobs,vegetable potatoes
572142,14346,AH Koolmix,AH,groente-aardappelen,"Groente, aardappelen",Rauwkost,1.69,1.69,,,,,150 g,prijs per kg €11.27,False,,,,,A,True,AH,https://www.ah.nl/producten/product/wi572142,2026-08-12,AH Koolmix,vegetable potatoes
4074,20917,AH Andijvie gesneden,AH,groente-aardappelen,"Groente, aardappelen",Andijvie,1.79,1.79,,,,,400 g,prijs per kg €4.48,False,,,,,A,True,AH,https://www.ah.nl/producten/product/wi4074,2026-08-12,AH Andijvie gesneden,vegetable potatoes
615282,0,AH Luxe wok Japans champignons peultjes 3pk,AH,groente-aardappelen,"Groente, aardappelen",Wokgroente,8.07,8.97,10.0,10% volume voordeel,,,3 stuks,,True,AHOO,10% volume voordeel,2026-08-12,2999-12-31,,True,AH,https://www.ah.nl/producten/product/wi615282,2026-08-12,AH Luxury wok Japanese mushrooms snow peas 3pk,vegetable potatoes
777,6441,AH Spinazie à la creme,AH,groente-aardappelen,Diepvries,Spinazie (diepvries),0.89,0.89,,,,,450 g,prijs per kg €1.98,False,,,,,A,True,AH,https://www.ah.nl/producten/product/wi777,2026-08-12,AH Spinach à la creme,vegetable potatoes
155598,622962,AH Rucola slamelange grootverpakking,AH,groente-aardappelen,"Groente, aardappelen",Sla,2.49,2.49,,,,,150 g,prijs per kg €16.60,False,,,,,A,True,AH,https://www.ah.nl/producten/product/wi155598,2026-08-12,AH Arugula salad mix bulk packaging,vegetable potatoes
553673,698301,AH Biologisch Pompoen stukjes,AH Biologisch,groente-aardappelen,"Groente, aardappelen",Pompoen,1.99,1.99,,,,,450 g,prijs per kg €4.42,False,,,,,A,True,AH,https://www.ah.nl/producten/product/wi553673,2026-08-12,AH Organic Pumpkin pieces,vegetable potatoes
495901,787489,AH Gesneden verspakket nasi,AH,groente-aardappelen,"Groente, aardappelen",Gesneden verspakketten,6.99,6.99,,,,,2-3 pers|15 min,,False,,,,,B,True,AH,https://www.ah.nl/producten/product/wi495901,2026-08-12,AH Sliced ​​fresh package of nasi,vegetable potatoes
104819,532495,AH Biologisch Uiensnippers,AH Biologisch,groente-aardappelen,"Groente, aardappelen",Ui,2.09,2.09,,,,,175 g,prijs per kg €11.94,False,,,,,A,True,AH,https://www.ah.nl/producten/product/wi104819,2026-08-12,AH Organic Onion Slices,vegetable potatoes
455936,612266,AH Krulslamelange,AH,groente-aardappelen,"Groente, aardappelen",Sla,1.29,1.29,,,,,100 g,prijs per kg €12.90,False,,,,,A,True,AH,https://www.ah.nl/producten/product/wi455936,2026-08-12,AH Krulslamelange,vegetable potatoes
101207,548473,AH Biologisch Tomaten passata gezeefd,AH Biologisch,groente-aardappelen,"Pasta, rijst, wereldkeuken","Gezeefde tomaten, frito, passata",1.99,1.99,,,,,690 g,prijs per kg €2.88,False,,,,,A,True,AH,https://www.ah.nl/producten/product/wi101207,2026-08-12,AH Organic Tomato passata sieved,vegetable potatoes
476324,729693,AH Bakaardappeltjes paprika en knoflook,AH,groente-aardappelen,"Groente, aardappelen",Aardappelpartjes,1.39,1.39,,,,,450 g,prijs per kg €3.09,False,,,,,C,True,AH,https://www.ah.nl/producten/product/wi476324,2026-08-12,AH Baking potatoes peppers and garlic,vegetable potatoes
168153,633946,AH IJsbergsla grootverpakking,AH,groente-aardappelen,"Groente, aardappelen",Sla,1.99,1.99,,,,,400 g,prijs per kg €4.98,False,,,,,A,True,AH,https://www.ah.nl/producten/product/wi168153,2026-08-12,AH Iceberg lettuce in bulk packaging,vegetable potatoes
160720,627245,AH Andijvie fijngesneden grootverpakking,AH,groente-aardappelen,"Groente, aardappelen",Andijvie,2.89,2.89,,,,,500 g,prijs per kg €5.78,False,,,,,A,True,AH,https://www.ah.nl/producten/product/wi160720,2026-08-12,AH Endive finely chopped bulk packaging,vegetable potatoes
197384,649011,AH Rauwkost komkommer,AH,groente-aardappelen,"Groente, aardappelen",Rauwkost,2.0,2.49,19.7,2 voor 4.00,4.0,2.0,150 g,normale prijs per kg €16.60,True,AH,2 voor 4.00,2026-08-10,2026-08-16,A,True,AH,https://www.ah.nl/producten/product/wi197384,2026-08-12,AH Raw cucumber,vegetable potatoes
591518,39362,AH Midi komkommers,AH,groente-aardappelen,"Groente, aardappelen",Komkommer,1.49,1.99,25.1,voor 1.49,1.49,,3 stuks,,True,AH,VOOR 1.49,2026-08-10,2026-08-16,A,True,AH,https://www.ah.nl/producten/product/wi591518,2026-08-12,AH Midi cucumbers,vegetable potatoes
41084,91080,AH Roerbakgroente Hollands,AH,groente-aardappelen,"Groente, aardappelen",Roerbakgroente,1.995,2.49,19.9,2 voor 3.99,3.99,2.0,400 g,normale prijs per kg €6.23,True,AH,2 voor 3.99,2026-08-10,2026-08-16,A,True,AH,https://www.ah.nl/producten/product/wi41084,2026-08-12,AH Roerbakgroente Hollands,vegetable potatoes
39103,25658,AH Doperwten en wortelen,AH,groente-aardappelen,"Groente, aardappelen",Groentemix conserven,0.59,0.59,,,,,680 g,prijs per kg €1.31,False,,,,,A,True,AH,https://www.ah.nl/producten/product/wi39103,2026-08-12,AH Doperwten en wortelen,vegetable potatoes
593055,40967,AH Tagliatelle met roomsaus verspakket,AH,groente-aardappelen,"Groente, aardappelen",Ongesneden verspakketten,5.99,5.99,,,,,4 pers | 25 min,,False,,,,,B,True,AH,https://www.ah.nl/producten/product/wi593055,2026-08-12,AH Tagliatelle met roomsaus verspakket,vegetable potatoes
196691,797847,AH Aardappelschijfjes kleinverpakking,AH,groente-aardappelen,"Groente, aardappelen",Aardappelschijfjes,0.85,0.85,,,,,200 g,prijs per kg €4.25,False,,,,,A,True,AH,https://www.ah.nl/producten/product/wi196691,2026-08-12,AH Potato slices in small packaging,vegetable potatoes
164108,617706,AH Haricots verts,AH,groente-aardappelen,"Groente, aardappelen",Haricots verts,3.89,3.89,,,,,350 g,prijs per kg €11.11,False,,,,,A,True,AH,https://www.ah.nl/producten/product/wi164108,2026-08-12,AH Haricots verts,vegetable potatoes
67663,502942,AH Thaise wokgroente prei rode peper,AH,groente-aardappelen,"Groente, aardappelen",Wokgroente,2.39,2.39,,,,,400 g,prijs per kg €5.98,False,,,,,A,True,AH,https://www.ah.nl/producten/product/wi67663,2026-08-12,"AH Thai stir-fried vegetables leek, red pepper",vegetable potatoes
611646,67853,AH Peterselie,AH,groente-aardappelen,"Groente, aardappelen",Verse kruiden,1.19,1.19,,,,,45 g,prijs per kg €26.44,False,,,,,A,True,AH,https://www.ah.nl/producten/product/wi611646,2026-08-12,AH Parsley,vegetable potatoes
525266,697601,AH Slaverrijker sojabonen,AH,groente-aardappelen,"Groente, aardappelen",Slaverrijkers,2.0,2.29,12.7,3 voor 6.00,6.0,3.0,120 g,normale prijs per kg €19.08,True,AH,3 voor 6.00,2026-08-10,2026-08-16,A,True,AH,https://www.ah.nl/producten/product/wi525266,2026-08-12,AH Slaverrich soybeans,vegetable potatoes
394814,846705,AH Kastanjechampignons,AH,groente-aardappelen,"Groente, aardappelen",Champignons,2.49,2.49,,,,,400 g,prijs per kg €6.23,False,,,,,A,True,AH,https://www.ah.nl/producten/product/wi394814,2026-08-12,AH Chestnut mushrooms,vegetable potatoes
615303,0,AH Thaise wokgroente prei rode peper 2-pack,AH,groente-aardappelen,"Groente, aardappelen",Wokgroente,4.54,4.78,5.0,5% volume voordeel,,,2 stuks,,True,AHOO,5% volume voordeel,2026-08-12,2999-12-31,,True,AH,https://www.ah.nl/producten/product/wi615303,2026-08-12,AH Thaise wokgroente prei rode peper 2-pack,vegetable potatoes
160707,587841,AH Spinazie grootverpakking,AH,groente-aardappelen,"Groente, aardappelen",Spinazie (vers),2.99,2.99,,,,,600 g,prijs per kg €4.98,False,,,,,A,True,AH,https://www.ah.nl/producten/product/wi160707,2026-08-12,AH Spinach bulk packaging,vegetable potatoes
195105,798355,Hak Doperwtjes met worteltjes,Hak,groente-aardappelen,"Groente, aardappelen",Groentemix conserven,2.15,2.15,,1 + 1 gratis,,1.0,350 g,normale prijs per kg €9.35,True,AH,1 + 1 gratis,2026-08-10,2026-08-16,A,True,AH,https://www.ah.nl/producten/product/wi195105,2026-08-12,Hak Peas with carrots,vegetable potatoes
610246,0,Hak Doperwtjes met worteltjes 4-pack,Hak,groente-aardappelen,"Groente, aardappelen",Groentemix conserven,4.3,8.6,50.0,pakketkorting,,,4 stuks,,True,AHOO,,2026-08-12,2026-08-16,,True,AH,https://www.ah.nl/producten/product/wi610246,2026-08-12,Hak Doperwtjes met worteltjes 4-pack,vegetable potatoes
168788,646188,AH Augurken plakjes zoetzuur,AH,groente-aardappelen,"Groente, aardappelen",Augurken,1.39,1.39,,,,,530 g,prijs per kg €4.79,False,,,,,A,True,AH,https://www.ah.nl/producten/product/wi168788,2026-08-12,AH Augurken plakjes zoetzuur,vegetable potatoes
3537,32155,Bonduelle Crispy maïs,Bonduelle,groente-aardappelen,"Groente, aardappelen",Mais conserven,1.39,1.39,,,,,150 g,prijs per kg €9.93,False,,,,,A,True,AH,https://www.ah.nl/producten/product/wi3537,2026-08-12,Bonduelle Crispy maïs,vegetable potatoes
188265,788909,AH Terra Zwarte bonen,AH Terra,groente-aardappelen,"Groente, aardappelen",Zwarte bonen,1.05,1.05,,,,,400 g,prijs per kg €4.17,False,,,,,A,True,AH,https://www.ah.nl/producten/product/wi188265,2026-08-12,AH Terra Black beans,vegetable potatoes
41138,68087,AH Taugé,AH,groente-aardappelen,"Groente, aardappelen",Kiemgroenten en tauge,1.09,1.09,,,,,125 g,prijs per kg €8.72,False,,,,,A,True,AH,https://www.ah.nl/producten/product/wi41138,2026-08-12,AH Bean Sprouts,vegetable potatoes
615304,0,AH Thaise wokgroente prei rode peper 3-pack,AH,groente-aardappelen,"Groente, aardappelen",Wokgroente,6.45,7.17,10.0,10% volume voordeel,,,3 stuks,,True,AHOO,10% volume voordeel,2026-08-12,2999-12-31,,True,AH,https://www.ah.nl/producten/product/wi615304,2026-08-12,AH Thai stir-fried vegetables leek red pepper 3-pack,vegetable potatoes
582544,25160,AH Paprikablokjes,AH,groente-aardappelen,"Groente, aardappelen",Paprika,1.89,1.89,,,,,450 g,prijs per kg €4.20,False,,,,,A,True,AH,https://www.ah.nl/producten/product/wi582544,2026-08-12,AH Paprika cubes,vegetable potatoes
532245,699921,AH Biologisch Krieltjes vastkokend,AH Biologisch,groente-aardappelen,"Groente, aardappelen",Krieltjes ongeschild,2.09,2.09,,,,,500 g,prijs per kg €4.18,False,,,,,B,True,AH,https://www.ah.nl/producten/product/wi532245,2026-08-12,"AH Organic Baby potatoes, waxy cooking",vegetable potatoes
486429,741250,Iglo Spinazie à la crème,Iglo,groente-aardappelen,Diepvries,Spinazie (diepvries),1.59,1.59,,,,,500 g,prijs per kg €3.18,False,,,,,A,True,AH,https://www.ah.nl/producten/product/wi486429,2026-08-12,Igloo Spinach à la crème,vegetable potatoes
160705,567103,AH Gemengde salade grootverpakking,AH,groente-aardappelen,"Groente, aardappelen",Sla,3.99,3.99,,,,,300 g,prijs per kg €13.30,False,,,,,A,True,AH,https://www.ah.nl/producten/product/wi160705,2026-08-12,AH Mixed salad bulk packaging,vegetable potatoes
378693,839801,AH Champignons gesneden,AH,groente-aardappelen,"Groente, aardappelen",Champignons,1.99,1.99,,,,,250 g,prijs per kg €7.96,False,,,,,A,True,AH,https://www.ah.nl/producten/product/wi378693,2026-08-12,AH Sliced ​​mushrooms,vegetable potatoes
139446,601049,AH Verse franse friet,AH,groente-aardappelen,"Groente, aardappelen",Verse friet,1.99,1.99,,,,,700 g,prijs per kg €2.84,False,,,,,A,True,AH,https://www.ah.nl/producten/product/wi139446,2026-08-12,AH Fresh French fries,vegetable potatoes
80217,545342,AH Botersla,AH,groente-aardappelen,"Groente, aardappelen",Sla,2.79,2.79,,,,,100 g,prijs per kg €27.90,False,,,,,A,True,AH,https://www.ah.nl/producten/product/wi80217,2026-08-12,AH Butter Lettuce,vegetable potatoes
159762,605569,AH Roerbakgroente Italiaans grootverpakking,AH,groente-aardappelen,"Groente, aardappelen",Roerbakgroente,3.19,3.19,,,,,600 g,prijs per kg €5.32,False,,,,,A,True,AH,https://www.ah.nl/producten/product/wi159762,2026-08-12,AH Italian stir-fry vegetables in bulk packaging,vegetable potatoes
378626,839773,Heinz Tomaten blokjes naturel,Heinz,groente-aardappelen,"Pasta, rijst, wereldkeuken",Tomatenblokjes,1.35,1.35,,,,,390 g,prijs per kg €3.46,False,,,,,B,True,AH,https://www.ah.nl/producten/product/wi378626,2026-08-12,Heinz Tomato cubes natural,vegetable potatoes
611647,67854,AH Platte peterselie grootverpakking,AH,groente-aardappelen,"Groente, aardappelen",Verse kruiden,1.49,1.49,,,,,50 g,prijs per kg €29.80,False,,,,,A,True,AH,https://www.ah.nl/producten/product/wi611647,2026-08-12,AH Flat parsley in bulk packaging,vegetable potatoes
139461,609630,AH Rauwkost radijs,AH,groente-aardappelen,"Groente, aardappelen",Rauwkost,2.0,2.49,19.7,2 voor 4.00,4.0,2.0,150 g,normale prijs per kg €16.60,True,AH,2 voor 4.00,2026-08-10,2026-08-16,A,True,AH,https://www.ah.nl/producten/product/wi139461,2026-08-12,AH Raw radish,vegetable potatoes
189681,791532,AH Zongedroogde tomaten,AH,groente-aardappelen,"Pasta, rijst, wereldkeuken",Zongedroogde tomaten,1.75,1.75,,,,,285 g,prijs per kg €9.72,False,,,,,C,True,AH,https://www.ah.nl/producten/product/wi189681,2026-08-12,AH Sun-dried tomatoes,vegetable potatoes
133275,596472,AH Aardappelpuree,AH,groente-aardappelen,"Groente, aardappelen","Aardappel ovenschotel, gratin en puree",1.59,1.59,,,,,450 g,prijs per kg €3.53,False,,,,,C,True,AH,https://www.ah.nl/producten/product/wi133275,2026-08-12,AH Mashed Potatoes,vegetable potatoes
575197,16869,AH Vleestomaten,AH,groente-aardappelen,"Groente, aardappelen",Tomaten,1.99,1.99,,,,,2 stuks,,False,,,,,A,True,AH,https://www.ah.nl/producten/product/wi575197,2026-08-12,AH Beef tomatoes,vegetable potatoes
160709,609635,AH Fijne soepgroente grootverpakking,AH,groente-aardappelen,"Groente, aardappelen",Soepgroente,1.89,1.89,,,,,400 g,prijs per kg €4.73,False,,,,,A,True,AH,https://www.ah.nl/producten/product/wi160709,2026-08-12,AH Fine soup vegetables in bulk packaging,vegetable potatoes
525845,757649,AH Biologisch Rode uien,AH Biologisch,groente-aardappelen,"Groente, aardappelen",Ui,1.09,1.09,,,,,500 g,prijs per kg €2.18,False,,,,,A,True,AH,https://www.ah.nl/producten/product/wi525845,2026-08-12,AH Organic Red onions,vegetable potatoes
612280,0,Heinz Tomaten blokjes naturel 3-pack,Heinz,groente-aardappelen,"Pasta, rijst, wereldkeuken",Tomatenblokjes,3.64,4.05,10.0,10% volume voordeel,,,3 stuks,,True,AHOO,10% volume voordeel,2026-08-12,2999-12-31,,True,AH,https://www.ah.nl/producten/product/wi612280,2026-08-12,Heinz Tomato cubes natural 3-pack,vegetable potatoes
203003,792399,AH Biologisch Pastinaak,AH Biologisch,groente-aardappelen,"Groente, aardappelen",Pastinaak,1.99,1.99,,,,,400 g,prijs per kg €4.98,False,,,,,A,True,AH,https://www.ah.nl/producten/product/wi203003,2026-08-12,AH Organic Parsnip,vegetable potatoes
230681,817380,AH Fijngesneden prei,AH,groente-aardappelen,"Groente, aardappelen",Prei,1.09,1.09,,,,,200 g,prijs per kg €5.45,False,,,,,A,True,AH,https://www.ah.nl/producten/product/wi230681,2026-08-12,AH Fijngesneden prei,vegetable potatoes
216034,809955,AH Rauwkost Amsterdamse ui,AH,groente-aardappelen,"Groente, aardappelen",Rauwkost,2.0,2.39,16.3,2 voor 4.00,4.0,2.0,150 g,normale prijs per kg €15.93,True,AH,2 voor 4.00,2026-08-10,2026-08-16,A,True,AH,https://www.ah.nl/producten/product/wi216034,2026-08-12,AH Rauwkost Amsterdamse ui,vegetable potatoes
107686,538674,AH Groene aspergetips,AH,groente-aardappelen,"Groente, aardappelen",Asperges,4.49,4.49,,,,,100 g,prijs per kg €44.90,False,,,,,A,True,AH,https://www.ah.nl/producten/product/wi107686,2026-08-12,AH Green asparagus tips,vegetable potatoes
416509,857260,AH Zongedroogde tomaten jullienne,AH,groente-aardappelen,"Pasta, rijst, wereldkeuken",Zongedroogde tomaten,1.89,1.89,,,,,285 g,prijs per kg €10.50,False,,,,,C,True,AH,https://www.ah.nl/producten/product/wi416509,2026-08-12,AH Sun-dried tomatoes julienne,vegetable potatoes
378694,839802,AH Kastanjechampignons gesneden,AH,groente-aardappelen,"Groente, aardappelen",Champignons,2.19,2.19,,,,,250 g,prijs per kg €8.76,False,,,,,A,True,AH,https://www.ah.nl/producten/product/wi378694,2026-08-12,AH Sliced ​​chestnut mushrooms,vegetable potatoes
395953,847352,AH Bloemkoolroosjes,AH,groente-aardappelen,"Groente, aardappelen",Bloemkool,2.49,2.49,,,,,400 g,prijs per kg €6.23,False,,,,,A,True,AH,https://www.ah.nl/producten/product/wi395953,2026-08-12,AH Cauliflower florets,vegetable potatoes
597255,45908,AH Halve kriel rozemarijn zeezout,AH,groente-aardappelen,"Groente, aardappelen",Krieltjes geschild,1.25,1.25,,,,,500 g,prijs per kg €2.50,False,,,,,C,True,AH,https://www.ah.nl/producten/product/wi597255,2026-08-12,AH Half baby rosemary sea salt,vegetable potatoes
822,1151,AH Gebroken sperziebonen,AH,groente-aardappelen,"Groente, aardappelen",Sperziebonen (conserven),1.19,1.19,,,,,660 g,prijs per kg €3.31,False,,,,,A,True,AH,https://www.ah.nl/producten/product/wi822,2026-08-12,AH Broken green beans,vegetable potatoes
494449,749687,AH Macaroni spaghetti groente klein,AH,groente-aardappelen,"Groente, aardappelen",Roerbakgroente,1.59,1.59,,,,,250 g,prijs per kg €6.36,False,,,,,A,True,AH,https://www.ah.nl/producten/product/wi494449,2026-08-12,AH Macaroni spaghetti vegetable small,vegetable potatoes
404283,851618,AH Gesneden rode uien,AH,groente-aardappelen,"Groente, aardappelen",Ui,1.89,1.89,,,,,150 g,prijs per kg €12.60,False,,,,,A,True,AH,https://www.ah.nl/producten/product/wi404283,2026-08-12,AH Sliced ​​red onions,vegetable potatoes
369971,835265,AH Bloemkool broccoli kleinverpakking,AH,groente-aardappelen,"Groente, aardappelen",Bloemkool,1.99,1.99,,,,,200 g,prijs per kg €9.95,False,,,,,A,True,AH,https://www.ah.nl/producten/product/wi369971,2026-08-12,AH Cauliflower broccoli small package,vegetable potatoes
395956,847355,AH Fijne soepgroente,AH,groente-aardappelen,"Groente, aardappelen",Soepgroente,1.19,1.19,,,,,250 g,prijs per kg €4.76,False,,,,,A,True,AH,https://www.ah.nl/producten/product/wi395956,2026-08-12,AH Fijne soepgroente,vegetable potatoes
615285,0,AH Macaroni spaghetti groente klein 2-pack,AH,groente-aardappelen,"Groente, aardappelen",Roerbakgroente,3.02,3.18,5.0,5% volume voordeel,,,2 stuks,,True,AHOO,5% volume voordeel,2026-08-12,2999-12-31,,True,AH,https://www.ah.nl/producten/product/wi615285,2026-08-12,AH Macaroni spaghetti groente klein 2-pack,vegetable potatoes
202196,798339,Hak Witte bonen in tomatensaus,Hak,groente-aardappelen,"Groente, aardappelen",Witte bonen,2.59,2.59,,1 + 1 gratis,,1.0,360 g,normale prijs per kg €7.19,True,AH,1 + 1 gratis,2026-08-10,2026-08-16,A,True,AH,https://www.ah.nl/producten/product/wi202196,2026-08-12,Hak White beans in tomato sauce,vegetable potatoes
395949,847347,AH Fijngesneden spitskool,AH,groente-aardappelen,"Groente, aardappelen",Spitskool,1.09,1.09,,,,,200 g,prijs per kg €5.45,False,,,,,A,True,AH,https://www.ah.nl/producten/product/wi395949,2026-08-12,AH Finely chopped pointed cabbage,vegetable potatoes
610266,0,Hak Witte bonen in tomatensaus 4-pack,Hak,groente-aardappelen,"Groente, aardappelen",Witte bonen,5.18,10.36,50.0,pakketkorting,,,4 stuks,,True,AHOO,,2026-08-12,2026-08-16,,True,AH,https://www.ah.nl/producten/product/wi610266,2026-08-12,Hak White beans in tomato sauce 4-pack,vegetable potatoes
611859,67918,AH Biologisch Veldsla,AH Biologisch,groente-aardappelen,"Groente, aardappelen",Sla,1.55,1.55,,,,,40 g,prijs per kg €38.75,False,,,,,A,True,AH,https://www.ah.nl/producten/product/wi611859,2026-08-12,AH Organic Lamb's Lettuce,vegetable potatoes
234848,827845,Mutti Polpa fijne tomatenpulp,Mutti,groente-aardappelen,"Pasta, rijst, wereldkeuken",Tomatenpulp,1.99,1.99,,,,,425 ml,prijs per liter €4.68,False,,,,,A,True,AH,https://www.ah.nl/producten/product/wi234848,2026-08-12,Mutti Polpa fine tomato pulp,vegetable potatoes
614638,72543,AH Biologisch Snoepgroente tomaat,AH Biologisch,groente-aardappelen,"Groente, aardappelen",Snoepgroente,1.6667,2.19,23.9,3 voor 5.00,5.0,3.0,200 g,normale prijs per kg €10.95,True,AH,3 voor 5.00,2026-08-10,2026-08-16,A,True,AH,https://www.ah.nl/producten/product/wi614638,2026-08-12,AH Biologisch Snoepgroente tomaat,vegetable potatoes
615267,0,AH Bloemkool broccoli kleinverpakking 2-pck,AH,groente-aardappelen,"Groente, aardappelen",Bloemkool,3.78,3.98,5.0,5% volume voordeel,,,2 stuks,,True,AHOO,5% volume voordeel,2026-08-12,2999-12-31,,True,AH,https://www.ah.nl/producten/product/wi615267,2026-08-12,AH Cauliflower broccoli small pack 2-pc,vegetable potatoes
133238,576914,AH Jonge bladsla met rucola,AH,groente-aardappelen,"Groente, aardappelen",Sla,1.89,1.89,,,,,100 g,prijs per kg €18.90,False,,,,,A,True,AH,https://www.ah.nl/producten/product/wi133238,2026-08-12,AH Young leaf lettuce with arugula,vegetable potatoes
96399,536500,AH Eikenblad slamelange,AH,groente-aardappelen,"Groente, aardappelen",Sla,1.59,1.59,,,,,100 g,prijs per kg €15.90,False,,,,,A,True,AH,https://www.ah.nl/producten/product/wi96399,2026-08-12,AH Oak leaf lettuce blend,vegetable potatoes
435436,47017,AH Biologisch Slamelange rucola veldsla,AH Biologisch,groente-aardappelen,"Groente, aardappelen",Sla,1.99,1.99,,,,,100 g,prijs per kg €19.90,False,,,,,A,True,AH,https://www.ah.nl/producten/product/wi435436,2026-08-12,AH Biologisch Slamelange rucola veldsla,vegetable potatoes
575257,16865,AH Pomodoro San Marzano tomaten,AH,groente-aardappelen,"Groente, aardappelen",Tomaten,2.99,2.99,,,,,500 g,prijs per kg €5.98,False,,,,,A,True,AH,https://www.ah.nl/producten/product/wi575257,2026-08-12,AH Pomodoro San Marzano tomatoes,vegetable potatoes
615655,73206,AH Snoepgroente pitloze paprika rood,AH,groente-aardappelen,"Groente, aardappelen",Snoepgroente,3.29,3.29,,,,,300 g,prijs per kg €10.97,False,,,,,A,True,AH,https://www.ah.nl/producten/product/wi615655,2026-08-12,AH Candy vegetables seedless red pepper,vegetable potatoes
615286,0,AH Macaroni spaghetti groente klein 3-pack,AH,groente-aardappelen,"Groente, aardappelen",Roerbakgroente,4.29,4.77,10.0,10% volume voordeel,,,3 stuks,,True,AHOO,10% volume voordeel,2026-08-12,2999-12-31,,True,AH,https://www.ah.nl/producten/product/wi615286,2026-08-12,AH Macaroni spaghetti groente klein 3-pack,vegetable potatoes
221221,815503,AH Salademix,AH,groente-aardappelen,"Groente, aardappelen",Sla,1.49,1.49,,,,,300 g,prijs per kg €4.97,False,,,,,A,True,AH,https://www.ah.nl/producten/product/wi221221,2026-08-12,AH Salad mix,vegetable potatoes
415244,686822,AH Jalapeño peper groen,AH,groente-aardappelen,"Groente, aardappelen",Gember en pepers,0.59,0.59,,,,,per stuk,,False,,,,,A,True,AH,https://www.ah.nl/producten/product/wi415244,2026-08-12,AH Jalapeño pepper green,vegetable potatoes
168813,646453,AH Terra Biologisch kikkererwten,AH Terra,groente-aardappelen,"Groente, aardappelen",Kikkererwten,1.29,1.29,,,,,330 g,prijs per kg €6.00,False,,,,,A,True,AH,https://www.ah.nl/producten/product/wi168813,2026-08-12,AH Terra Biologisch kikkererwten,vegetable potatoes
196692,797851,AH BBQ mini krieltjes,AH,groente-aardappelen,"Groente, aardappelen",Krieltjes geschild,0.79,0.79,,,,,200 g,prijs per kg €3.95,False,,,,,B,True,AH,https://www.ah.nl/producten/product/wi196692,2026-08-12,AH BBQ mini potatoes,vegetable potatoes
195106,798362,Hak Doperwtjes met worteltjes,Hak,groente-aardappelen,"Groente, aardappelen",Groentemix conserven,2.79,2.79,,1 + 1 gratis,,1.0,680 g,normale prijs per kg €6.20,True,AH,1 + 1 gratis,2026-08-10,2026-08-16,A,True,AH,https://www.ah.nl/producten/product/wi195106,2026-08-12,Hak Peas with carrots,vegetable potatoes
195104,798352,Hak Doperwtjes,Hak,groente-aardappelen,"Groente, aardappelen",Doperwten,2.49,2.49,,1 + 1 gratis,,1.0,350 g,normale prijs per kg €10.83,True,AH,1 + 1 gratis,2026-08-10,2026-08-16,A,True,AH,https://www.ah.nl/producten/product/wi195104,2026-08-12,Chop Peas,vegetable potatoes
610245,0,Hak Doperwtjes 4-pack,Hak,groente-aardappelen,"Groente, aardappelen",Doperwten,4.98,9.96,50.0,pakketkorting,,,4 stuks,,True,AHOO,,2026-08-12,2026-08-16,,True,AH,https://www.ah.nl/producten/product/wi610245,2026-08-12,Hak Peas 4-pack,vegetable potatoes
215707,811636,AH Groene asperges,AH,groente-aardappelen,"Groente, aardappelen",Asperges,5.49,5.49,,,,,350 g,prijs per kg €15.69,False,,,,,,True,AH,https://www.ah.nl/producten/product/wi215707,2026-08-12,AH Groene asperges,vegetable potatoes
476323,729692,AH Krieltjes kleinverpakking,AH,groente-aardappelen,"Groente, aardappelen",Krieltjes geschild,0.79,0.79,,,,,200 g,prijs per kg €3.95,False,,,,,B,True,AH,https://www.ah.nl/producten/product/wi476323,2026-08-12,AH Kriels in small packaging,vegetable potatoes
491167,745533,AH Snoepgroente tomatenmix,AH,groente-aardappelen,"Groente, aardappelen",Snoepgroente,2.99,2.99,,,,,400 g,prijs per kg €7.48,False,,,,,A,True,AH,https://www.ah.nl/producten/product/wi491167,2026-08-12,AH Candy vegetable tomato mix,vegetable potatoes
615268,0,AH Bloemkool broccoli kleinverpakking 3-pck,AH,groente-aardappelen,"Groente, aardappelen",Bloemkool,5.37,5.97,10.0,10% volume voordeel,,,3 stuks,,True,AHOO,10% volume voordeel,2026-08-12,2999-12-31,,True,AH,https://www.ah.nl/producten/product/wi615268,2026-08-12,AH Cauliflower broccoli small pack 3-pc,vegetable potatoes
197296,540823,AH Kleine bloemkool,AH,groente-aardappelen,"Groente, aardappelen",Bloemkool,1.79,1.79,,,,,per stuk,,False,,,,,A,True,AH,https://www.ah.nl/producten/product/wi197296,2026-08-12,AH Small cauliflower,vegetable potatoes
128941,586420,AH Aardappel partjes Toscaans gekruid,AH,groente-aardappelen,"Groente, aardappelen",Aardappelpartjes,0.99,0.99,,,,,450 g,prijs per kg €2.20,False,,,,,C,True,AH,https://www.ah.nl/producten/product/wi128941,2026-08-12,AH Tuscan seasoned potato wedges,vegetable potatoes
612281,0,Heinz Tomaten blokjes naturel 6-pack,Heinz,groente-aardappelen,"Pasta, rijst, wereldkeuken",Tomatenblokjes,6.88,8.1,15.0,15% volume voordeel,,,6 stuks,,True,AHOO,15% volume voordeel,2026-08-12,2999-12-31,,True,AH,https://www.ah.nl/producten/product/wi612281,2026-08-12,Heinz Tomato cubes natural 6-pack,vegetable potatoes
504991,839867,AH Sugar snaps,AH,groente-aardappelen,"Groente, aardappelen",Peultjes,2.99,2.99,,,,,250 g,prijs per kg €11.96,False,,,,,A,True,AH,https://www.ah.nl/producten/product/wi504991,2026-08-12,AH Sugar snaps,vegetable potatoes
226376,658104,AH Peen julienne,AH,groente-aardappelen,"Groente, aardappelen",Wortel en peen,1.99,1.99,,,,,300 g,prijs per kg €6.63,False,,,,,A,True,AH,https://www.ah.nl/producten/product/wi226376,2026-08-12,AH Peen julienne,vegetable potatoes
230846,817388,AH Snijbonen kleinverpakking,AH,groente-aardappelen,"Groente, aardappelen",Snijbonen,1.99,1.99,,,,,200 g,prijs per kg €9.95,False,,,,,A,True,AH,https://www.ah.nl/producten/product/wi230846,2026-08-12,AH String beans small package,vegetable potatoes
99028,502940,AH Luxe roerbak Provençaals,AH,groente-aardappelen,"Groente, aardappelen",Roerbakgroente,1.995,2.99,33.3,2 voor 3.99,3.99,2.0,400 g,normale prijs per kg €7.48,True,AH,2 voor 3.99,2026-08-10,2026-08-16,A,True,AH,https://www.ah.nl/producten/product/wi99028,2026-08-12,AH Luxury stir-fry Provencal,vegetable potatoes
615291,0,AH Snijbonen kleinverpakking 2-pack,AH,groente-aardappelen,"Groente, aardappelen",Snijbonen,3.78,3.98,5.0,5% volume voordeel,,,2 stuks,,True,AHOO,5% volume voordeel,2026-08-12,2999-12-31,,True,AH,https://www.ah.nl/producten/product/wi615291,2026-08-12,AH String beans small pack 2-pack,vegetable potatoes
127726,549727,AH Biologisch Vastkokende aardappelen,AH Biologisch,groente-aardappelen,"Groente, aardappelen",Vastkokende aardappelen,2.19,2.19,,,,,1 kg,prijs per kg €2.19,False,,,,,B,True,AH,https://www.ah.nl/producten/product/wi127726,2026-08-12,AH Organic Waxy potatoes,vegetable potatoes
167872,644792,AH Terra Linzen,AH Terra,groente-aardappelen,"Groente, aardappelen",Linzen,1.15,1.15,,,,,400 g,prijs per kg €4.34,False,,,,,A,True,AH,https://www.ah.nl/producten/product/wi167872,2026-08-12,AH Terra Lentils,vegetable potatoes
198387,800281,AH Groentesoep verspakket,AH,groente-aardappelen,"Groente, aardappelen",Soeppakketten,4.99,4.99,,,,,6 pers | 30 min,,False,,,,,B,True,AH,https://www.ah.nl/producten/product/wi198387,2026-08-12,AH Vegetable soup fresh package,vegetable potatoes
615292,0,AH Snijbonen kleinverpakking 3-pack,AH,groente-aardappelen,"Groente, aardappelen",Snijbonen,5.37,5.97,10.0,10% volume voordeel,,,3 stuks,,True,AHOO,10% volume voordeel,2026-08-12,2999-12-31,,True,AH,https://www.ah.nl/producten/product/wi615292,2026-08-12,AH String beans small package 3-pack,vegetable potatoes
769,6430,AH Spinazie,AH,groente-aardappelen,Diepvries,Spinazie (diepvries),0.99,0.99,,,,,450 g,prijs per kg €2.20,False,,,,,A,True,AH,https://www.ah.nl/producten/product/wi769,2026-08-12,AH Spinach,vegetable potatoes
418286,689621,AH Slamelange rodebiet,AH,groente-aardappelen,"Groente, aardappelen",Sla,2.69,2.69,,,,,150 g,prijs per kg €17.93,False,,,,,A,True,AH,https://www.ah.nl/producten/product/wi418286,2026-08-12,AH Salad beetroot salad,vegetable potatoes
108672,562194,AH Biologisch Iets kruimige aardappelen,AH Biologisch,groente-aardappelen,"Groente, aardappelen",Iets kruimige aardappelen,5.49,5.49,,,,,3 kg,prijs per kg €1.83,False,,,,,B,True,AH,https://www.ah.nl/producten/product/wi108672,2026-08-12,AH Biologisch Iets kruimige aardappelen,vegetable potatoes
582313,25127,AH Macaroni groente,AH,groente-aardappelen,"Groente, aardappelen",Roerbakgroente,1.59,1.59,,,,,450 g,prijs per kg €3.53,False,,,,,A,True,AH,https://www.ah.nl/producten/product/wi582313,2026-08-12,AH Macaroni vegetable,vegetable potatoes
104064,81345,Bonduelle Crispy maïs,Bonduelle,groente-aardappelen,"Groente, aardappelen",Mais conserven,2.19,2.19,,,,,300 g,prijs per kg €7.68,False,,,,,A,True,AH,https://www.ah.nl/producten/product/wi104064,2026-08-12,Bonduelle Crispy maïs,vegetable potatoes
471758,677222,AH Terra Zwarte bonen,AH Terra,groente-aardappelen,"Groente, aardappelen",Zwarte bonen,0.79,0.79,,,,,200 g,prijs per kg €6.08,False,,,,,A,True,AH,https://www.ah.nl/producten/product/wi471758,2026-08-12,AH Terra Black beans,vegetable potatoes
167874,644794,AH Terra Kikkererwten,AH Terra,groente-aardappelen,"Groente, aardappelen",Kikkererwten,0.85,0.85,,,,,200 g,prijs per kg €6.54,False,,,,,A,True,AH,https://www.ah.nl/producten/product/wi167874,2026-08-12,AH Terra Chickpeas,vegetable potatoes
494451,749689,AH Nasi bami groente kleinverpakking,AH,groente-aardappelen,"Groente, aardappelen",Roerbakgroente,1.69,1.69,,,,,250 g,prijs per kg €6.76,False,,,,,A,True,AH,https://www.ah.nl/producten/product/wi494451,2026-08-12,AH Nasi bami groente kleinverpakking,vegetable potatoes
399571,849228,AH Ovenfriet zoete aardappel,AH,groente-aardappelen,"Groente, aardappelen",Verse friet,2.09,2.09,,,,,400 g,prijs per kg €5.23,False,,,,,B,True,AH,https://www.ah.nl/producten/product/wi399571,2026-08-12,AH Oven fries sweet potato,vegetable potatoes
525249,47261,AH Luxe wok Japans,AH,groente-aardappelen,"Groente, aardappelen",Wokgroente,3.59,3.59,,,,,400 g,prijs per kg €8.98,False,,,,,A,True,AH,https://www.ah.nl/producten/product/wi525249,2026-08-12,AH Luxe wok Japans,vegetable potatoes
367212,833752,Zespri Kiwi sungold,Zespri,fruit-verse-sappen,"Fruit, verse sappen",Kiwi,6.59,6.59,,,,,750 g,prijs per kg €8.79,False,,,,,A,True,AH,https://www.ah.nl/producten/product/wi367212,2026-08-12,Zespri Kiwi sungold,fresh fruit juices
523724,82867,Zespri Kiwi sungold,Zespri,fruit-verse-sappen,"Fruit, verse sappen",Kiwi,3.49,3.49,,,,,3 stuks,,False,,,,,A,True,AH,https://www.ah.nl/producten/product/wi523724,2026-08-12,Zespri Kiwi sungold,fresh fruit juices
491168,745534,AH Nederlandse aardbeien,AH,fruit-verse-sappen,"Fruit, verse sappen",Aardbeien,3.99,3.99,,,,,400 g,prijs per kg €9.98,False,,,,,A,True,AH,https://www.ah.nl/producten/product/wi491168,2026-08-12,AH Dutch strawberries,fresh fruit juices
197393,767854,AH Bananen tros,AH,fruit-verse-sappen,"Fruit, verse sappen",Bananen,1.49,1.49,,,,,Tros,,False,,,,,A,True,AH,https://www.ah.nl/producten/product/wi197393,2026-08-12,AH Bananen tros,fresh fruit juices
368480,834184,AH Biologisch Fairtrade bananen,AH Biologisch,fruit-verse-sappen,"Fruit, verse sappen",Bananen,2.39,2.39,,,,,5 stuks,,False,,,,,A,True,AH,https://www.ah.nl/producten/product/wi368480,2026-08-12,AH Organic Fairtrade bananas,fresh fruit juices
505698,853219,Zespri Sungold kiwi bio,Zespri,fruit-verse-sappen,"Fruit, verse sappen",Kiwi,5.49,5.49,,,,,4 stuks,,False,,,,,A,True,AH,https://www.ah.nl/producten/product/wi505698,2026-08-12,Zespri Sungold kiwi organic,fresh fruit juices
177754,587596,AH Blauwe bessen,AH,fruit-verse-sappen,"Fruit, verse sappen",Blauwe bessen,3.42,4.89,30.0,30% korting,,,300 g,normale prijs per kg €16.30,True,AH,30% korting,2026-08-10,2026-08-16,A,True,AH,https://www.ah.nl/producten/product/wi177754,2026-08-12,AH Blueberries,fresh fruit juices
80585,521838,AH Witte druiven pitloos,AH,fruit-verse-sappen,"Fruit, verse sappen",Druiven,2.59,2.59,,,,,500 g,prijs per kg €5.18,False,,,,,A,True,AH,https://www.ah.nl/producten/product/wi80585,2026-08-12,AH White grapes seedless,fresh fruit juices
595323,44089,Chiquita Ready to eat bananen,Chiquita,fruit-verse-sappen,"Fruit, verse sappen",Bananen,1.75,2.19,20.1,2 voor 3.50,3.5,2.0,5 stuks,,True,AH,2 voor 3.50,2026-08-10,2026-08-16,A,True,AH,https://www.ah.nl/producten/product/wi595323,2026-08-12,Chiquita Ready to eat bananas,fresh fruit juices
604045,0,Chiquita ready to eat 2-pack,Chiquita,fruit-verse-sappen,"Fruit, verse sappen",Bananen,3.5,4.38,20.1,pakketkorting,,,2 stuks,,True,AHOO,,2026-08-12,2026-08-16,,True,AH,https://www.ah.nl/producten/product/wi604045,2026-08-12,Chiquita ready to eat 2-pack,fresh fruit juices
596101,0,Chiquita Groen & Geel mix 4-pakket,Chiquita,fruit-verse-sappen,"Fruit, verse sappen",Bananen,7.0,8.76,20.1,pakketkorting,,,per pakket,,True,AHOO,,2026-08-12,2026-08-16,,True,AH,https://www.ah.nl/producten/product/wi596101,2026-08-12,Chiquita Groen & Geel mix 4-pakket,fresh fruit juices
93224,20869,AH Mango,AH,fruit-verse-sappen,"Fruit, verse sappen",Mango,1.99,1.99,,,,,per stuk,,False,,,,,A,True,AH,https://www.ah.nl/producten/product/wi93224,2026-08-12,AH Mango,fresh fruit juices
141,20842,AH Galia meloen,AH,fruit-verse-sappen,"Fruit, verse sappen",Meloenen,2.79,2.79,50.0,2 stapelen tot 50%,,2.0,per stuk,,True,AH,2 stapelen tot 50%,2026-08-10,2026-08-16,A,True,AH,https://www.ah.nl/producten/product/wi141,2026-08-12,AH Galia melon,fresh fruit juices
595324,44090,Chiquita Groene bananen,Chiquita,fruit-verse-sappen,"Fruit, verse sappen",Bananen,1.75,2.19,20.1,2 voor 3.50,3.5,2.0,5 stuks,,True,AH,2 voor 3.50,2026-08-10,2026-08-16,A,True,AH,https://www.ah.nl/producten/product/wi595324,2026-08-12,Chiquita Green bananas,fresh fruit juices
596099,0,Chiquita Groene bananen 2-pack,Chiquita,fruit-verse-sappen,"Fruit, verse sappen",Bananen,3.5,4.38,20.1,pakketkorting,,,2 stuks,,True,AHOO,,2026-08-12,2026-08-16,,True,AH,https://www.ah.nl/producten/product/wi596099,2026-08-12,Chiquita Groene bananen 2-pack,fresh fruit juices
221526,817687,AH Mini watermeloen,AH,fruit-verse-sappen,"Fruit, verse sappen",Meloenen,3.79,3.79,,,,,per stuk,,False,,,,,A,True,AH,https://www.ah.nl/producten/product/wi221526,2026-08-12,AH Mini watermeloen,fresh fruit juices
100232,542683,AH Rode druiven pitloos,AH,fruit-verse-sappen,"Fruit, verse sappen",Druiven,2.79,2.79,,,,,500 g,prijs per kg €5.58,False,,,,,A,True,AH,https://www.ah.nl/producten/product/wi100232,2026-08-12,AH Red grapes seedless,fresh fruit juices
100860,557635,AH Nectarines schaal,AH,fruit-verse-sappen,"Fruit, verse sappen",Nectarines,3.99,3.99,,,,,1 kg,prijs per kg €3.99,False,,,,,A,True,AH,https://www.ah.nl/producten/product/wi100860,2026-08-12,AH Nectarines bowl,fresh fruit juices
117190,516797,Pink Lady Appels schaal,Pink Lady,fruit-verse-sappen,"Fruit, verse sappen",Schaal,3.39,3.39,,,,,4 stuks,,False,,,,,A,True,AH,https://www.ah.nl/producten/product/wi117190,2026-08-12,Pink Lady Apples bowl,fresh fruit juices
598453,0,Pink Lady Appels schaal 2-pack,Pink Lady,fruit-verse-sappen,"Fruit, verse sappen",Schaal,6.44,6.78,5.0,5% volume voordeel,,,2 stuks,,True,AHOO,5% volume voordeel,2026-08-12,2999-12-31,,True,AH,https://www.ah.nl/producten/product/wi598453,2026-08-12,Pink Lady Apples bowl 2-pack,fresh fruit juices
577882,21268,AH Nederlandse kersen,AH,fruit-verse-sappen,"Fruit, verse sappen",Kersen,3.99,3.99,,,,,350 g,prijs per kg €11.40,False,,,,,A,True,AH,https://www.ah.nl/producten/product/wi577882,2026-08-12,AH Dutch cherries,fresh fruit juices
107671,81582,AH Cantaloupe meloen,AH,fruit-verse-sappen,"Fruit, verse sappen",Meloenen,2.79,2.79,50.0,2 stapelen tot 50%,,2.0,per stuk,,True,AH,2 stapelen tot 50%,2026-08-10,2026-08-16,A,True,AH,https://www.ah.nl/producten/product/wi107671,2026-08-12,AH Cantaloupe melon,fresh fruit juices
519637,82879,AH Biologisch Blauwe bessen,AH Biologisch,fruit-verse-sappen,"Fruit, verse sappen",Blauwe bessen,4.39,4.39,,,,,200 g,prijs per kg €21.95,False,,,,,A,True,AH,https://www.ah.nl/producten/product/wi519637,2026-08-12,AH Organic Blueberries,fresh fruit juices
383655,842982,AH Conference bak,AH,fruit-verse-sappen,"Fruit, verse sappen",Peren,2.09,2.09,,,,,1 kg,prijs per kg €2.09,False,,,,,A,True,AH,https://www.ah.nl/producten/product/wi383655,2026-08-12,AH Conference box,fresh fruit juices
619155,0,AH Conference bak 2-pack,AH,fruit-verse-sappen,"Fruit, verse sappen",Peren,4.05,4.18,3.0,3% volume voordeel,,,2 stuks,,True,AHOO,3% volume voordeel,2026-08-12,2999-12-31,,True,AH,https://www.ah.nl/producten/product/wi619155,2026-08-12,AH Conference container 2-pack,fresh fruit juices
619157,0,AH Conference bak 4-pack,AH,fruit-verse-sappen,"Fruit, verse sappen",Peren,7.52,8.36,10.0,10% volume voordeel,,,4 stuks,,True,AHOO,10% volume voordeel,2026-08-12,2999-12-31,,True,AH,https://www.ah.nl/producten/product/wi619157,2026-08-12,AH Conference bak 4-pack,fresh fruit juices
619156,0,AH Conference bak 3-pack,AH,fruit-verse-sappen,"Fruit, verse sappen",Peren,5.96,6.27,5.0,5% volume voordeel,,,3 stuks,,True,AHOO,5% volume voordeel,2026-08-12,2999-12-31,,True,AH,https://www.ah.nl/producten/product/wi619156,2026-08-12,AH Conference container 3-pack,fresh fruit juices
618384,0,Coca-Cola Original. taste 4pk,Coca-Cola,fruit-verse-sappen,"Fruit, verse sappen",Bananen,8.5,8.76,3.0,3% volume voordeel,,,4 stuks,,True,AHOO,3% volume voordeel,2026-08-12,2999-12-31,,True,AH,https://www.ah.nl/producten/product/wi618384,2026-08-12,Coca Cola Original. taste 4hp,fresh fruit juices
618376,0,Coca-Cola Original taste 5-pack,Coca-Cola,fruit-verse-sappen,"Fruit, verse sappen",Bananen,10.4,10.95,5.0,5% volume voordeel,,,5 stuks,,True,AHOO,5% volume voordeel,2026-08-12,2999-12-31,,True,AH,https://www.ah.nl/producten/product/wi618376,2026-08-12,Coca-Cola Original taste 5-pack,fresh fruit juices
94782,548401,AH Mandarijnen,AH,fruit-verse-sappen,"Fruit, verse sappen",Mandarijnen,2.59,2.59,,,,,1 kg,prijs per kg €2.59,False,,,,,A,True,AH,https://www.ah.nl/producten/product/wi94782,2026-08-12,AH Mandarins,fresh fruit juices
129993,590269,AH Zoete kleine appeltjes,AH,fruit-verse-sappen,"Fruit, verse sappen",Zakken,2.99,2.99,,,,,1 kg,prijs per kg €2.99,False,,,,,A,True,AH,https://www.ah.nl/producten/product/wi129993,2026-08-12,AH Sweet little apples,fresh fruit juices
618365,0,AH Zoete kleine appeltjes 2-pack,AH,fruit-verse-sappen,"Fruit, verse sappen",Zakken,5.8,5.98,3.0,3% volume voordeel,,,2 stuks,,True,AHOO,3% volume voordeel,2026-08-12,2999-12-31,,True,AH,https://www.ah.nl/producten/product/wi618365,2026-08-12,AH Sweet little apples 2-pack,fresh fruit juices
618366,0,AH Zoete kleine appeltjes 4-pack,AH,fruit-verse-sappen,"Fruit, verse sappen",Zakken,10.76,11.96,10.0,10% volume voordeel,,,4 stuks,,True,AHOO,10% volume voordeel,2026-08-12,2999-12-31,,True,AH,https://www.ah.nl/producten/product/wi618366,2026-08-12,AH Sweet little apples 4-pack,fresh fruit juices
559182,0,AH Zoete kleine appeltjes 3-pack,AH,fruit-verse-sappen,"Fruit, verse sappen",Zakken,8.52,8.97,5.0,5% volume voordeel,,,3 stuks,,True,AHOO,5% volume voordeel,2026-08-12,2999-12-31,,True,AH,https://www.ah.nl/producten/product/wi559182,2026-08-12,AH Sweet little apples 3-pack,fresh fruit juices
565851,4727,AH Citroen,AH,fruit-verse-sappen,"Fruit, verse sappen",Citroenen,1.59,1.59,,,,,500 g,prijs per kg €3.18,False,,,,,A,True,AH,https://www.ah.nl/producten/product/wi565851,2026-08-12,AH Lemon,fresh fruit juices
439903,703341,AH Wilde perziken schaal,AH,fruit-verse-sappen,"Fruit, verse sappen",Perziken,3.99,3.99,,,,,1 kg,prijs per kg €3.99,False,,,,,A,True,AH,https://www.ah.nl/producten/product/wi439903,2026-08-12,AH Wild peach bowl,fresh fruit juices
230708,45371,AH Citroen,AH,fruit-verse-sappen,"Fruit, verse sappen",Citroenen,0.69,0.69,,,,,per stuk,,False,,,,,A,True,AH,https://www.ah.nl/producten/product/wi230708,2026-08-12,AH Lemon,fresh fruit juices
96271,101409,AH Perssinaasappelen,AH,fruit-verse-sappen,"Fruit, verse sappen",Sinaasappels,2.99,2.99,,,,,2 kg,prijs per kg €1.50,False,,,,,A,True,AH,https://www.ah.nl/producten/product/wi96271,2026-08-12,AH Perssinaasappelen,fresh fruit juices
67896,542405,AH Handsinaasappelen,AH,fruit-verse-sappen,"Fruit, verse sappen",Sinaasappels,3.29,3.29,,,,,2 kg,prijs per kg €1.65,False,,,,,A,True,AH,https://www.ah.nl/producten/product/wi67896,2026-08-12,AH Hand Oranges,fresh fruit juices
571711,13967,AH Ananas eetrijp,AH,fruit-verse-sappen,"Fruit, verse sappen",Ananas,1.5,2.29,34.5,2 voor 3.00,3.0,2.0,per stuk,,True,AH,2 voor 3.00,2026-08-10,2026-08-16,A,True,AH,https://www.ah.nl/producten/product/wi571711,2026-08-12,AH Pineapple ready to eat,fresh fruit juices
367237,833879,AH Nederlandse frambozen,AH,fruit-verse-sappen,"Fruit, verse sappen",Frambozen,2.99,2.99,,,,,140 g,prijs per kg €21.36,False,,,,,A,True,AH,https://www.ah.nl/producten/product/wi367237,2026-08-12,AH Dutch raspberries,fresh fruit juices
96398,516344,AH Conference schaal,AH,fruit-verse-sappen,"Fruit, verse sappen",Peren,2.49,2.49,,,,,4 stuks,,False,,,,,A,True,AH,https://www.ah.nl/producten/product/wi96398,2026-08-12,AH Conference scale,fresh fruit juices
617968,0,AH Conference schaal 2-pack,AH,fruit-verse-sappen,"Fruit, verse sappen",Peren,4.83,4.98,3.0,3% volume voordeel,,,2 stuks,,True,AHOO,3% volume voordeel,2026-08-12,2999-12-31,,True,AH,https://www.ah.nl/producten/product/wi617968,2026-08-12,AH Conference bowl 2-pack,fresh fruit juices
617970,0,AH Conference schaal 4-pack,AH,fruit-verse-sappen,"Fruit, verse sappen",Peren,8.96,9.96,10.0,10% volume voordeel,,,4 stuks,,True,AHOO,10% volume voordeel,2026-08-12,2999-12-31,,True,AH,https://www.ah.nl/producten/product/wi617970,2026-08-12,AH Conference bowl 4-pack,fresh fruit juices
617969,0,AH Conference schaal 3-pack,AH,fruit-verse-sappen,"Fruit, verse sappen",Peren,7.1,7.47,5.0,5% volume voordeel,,,3 stuks,,True,AHOO,5% volume voordeel,2026-08-12,2999-12-31,,True,AH,https://www.ah.nl/producten/product/wi617969,2026-08-12,AH Conference schaal 3-pack,fresh fruit juices
128579,73895,AH Watermeloen,AH,fruit-verse-sappen,"Fruit, verse sappen",Meloenen,5.99,5.99,50.0,2 stapelen tot 50%,,2.0,per stuk,,True,AH,2 stapelen tot 50%,2026-08-10,2026-08-16,A,True,AH,https://www.ah.nl/producten/product/wi128579,2026-08-12,AH Watermelon,fresh fruit juices
388475,844475,AH Verse granaatappelpitjes,AH,fruit-verse-sappen,"Fruit, verse sappen",Fruitsalade,1.6667,2.49,33.1,3 voor 5.00,5.0,3.0,90 g,normale prijs per kg €27.67,True,AH,3 voor 5.00,2026-08-10,2026-08-16,A,True,AH,https://www.ah.nl/producten/product/wi388475,2026-08-12,AH Fresh pomegranate seeds,fresh fruit juices
618379,0,Fanta Orange zero sugar 4pk,Fanta,fruit-verse-sappen,"Fruit, verse sappen",Bananen,8.11,8.36,3.0,3% volume voordeel,,,4 stuks,,True,AHOO,3% volume voordeel,2026-08-12,2999-12-31,,True,AH,https://www.ah.nl/producten/product/wi618379,2026-08-12,Fanta Orange zero sugar 4pk,fresh fruit juices
167880,644800,AH Knijpfruit appel-aardbei,AH,fruit-verse-sappen,"Fruit, verse sappen",Fruitmix conserven,1.85,1.85,,,,,4 x 90 g,prijs per kg €5.14,False,,,,,A,True,AH,https://www.ah.nl/producten/product/wi167880,2026-08-12,AH Knijpfruit apple-strawberry,fresh fruit juices
618382,0,Sprite Zero sugar lemon-lime 4-pack,Sprite,fruit-verse-sappen,"Fruit, verse sappen",Bananen,8.89,9.16,3.0,3% volume voordeel,,,4 stuks,,True,AHOO,3% volume voordeel,2026-08-12,2999-12-31,,True,AH,https://www.ah.nl/producten/product/wi618382,2026-08-12,Sprite Zero sugar lemon-lime 4-pack,fresh fruit juices
109078,87864,AH Jonagold zak,AH,fruit-verse-sappen,"Fruit, verse sappen",Zakken,2.19,2.19,,,,,"1,5 kg",prijs per kg €1.46,False,,,,,A,True,AH,https://www.ah.nl/producten/product/wi109078,2026-08-12,AH Jonagold bag,fresh fruit juices
544086,63427,AH Verse mango,AH,fruit-verse-sappen,"Fruit, verse sappen",Fruitsalade,1.6667,2.49,33.1,3 voor 5.00,5.0,3.0,120 g,normale prijs per kg €20.75,True,AH,3 voor 5.00,2026-08-10,2026-08-16,A,True,AH,https://www.ah.nl/producten/product/wi544086,2026-08-12,AH Fresh mango,fresh fruit juices
396952,846934,AH Nederlandse frambozen,AH,fruit-verse-sappen,"Fruit, verse sappen",Frambozen,4.99,4.99,,,,,225 g,prijs per kg €22.18,False,,,,,A,True,AH,https://www.ah.nl/producten/product/wi396952,2026-08-12,AH Dutch raspberries,fresh fruit juices
492393,747354,AH Appelmoes,AH,fruit-verse-sappen,"Fruit, verse sappen","Appelmoes, appelcompote",0.49,0.49,,,,,710 g,prijs per kg €0.69,False,,,,,A,True,AH,https://www.ah.nl/producten/product/wi492393,2026-08-12,AH Applesauce,fresh fruit juices
416489,688055,AH Bramen,AH,fruit-verse-sappen,"Fruit, verse sappen",Bramen,4.19,5.99,30.0,30% korting,,,225 g,normale prijs per kg €26.62,True,AH,30% korting,2026-08-10,2026-08-16,A,True,AH,https://www.ah.nl/producten/product/wi416489,2026-08-12,AH Bramen,fresh fruit juices
618385,0,Coca-Cola Zero sugar 0% caffeïne 4-pack,Coca-Cola,fruit-verse-sappen,"Fruit, verse sappen",Bananen,9.27,9.56,3.0,3% volume voordeel,,,4 stuks,,True,AHOO,3% volume voordeel,2026-08-12,2999-12-31,,True,AH,https://www.ah.nl/producten/product/wi618385,2026-08-12,Coca-Cola Zero sugar 0% caffeine 4-pack,fresh fruit juices
184957,779650,AH Biologisch Gala schaal,AH Biologisch,fruit-verse-sappen,"Fruit, verse sappen",Schaal,2.89,2.89,,,,,4 stuks,,False,,,,,A,True,AH,https://www.ah.nl/producten/product/wi184957,2026-08-12,AH Organic Gala bowl,fresh fruit juices
129399,571116,AH Mango eetrijp,AH,fruit-verse-sappen,"Fruit, verse sappen",Mango,3.85,3.85,,,,,2 stuks,,False,,,,,A,True,AH,https://www.ah.nl/producten/product/wi129399,2026-08-12,AH Mango ready to eat,fresh fruit juices
47354,501090,AH Vers geperst sap sinaasappel,AH,fruit-verse-sappen,"Fruit, verse sappen",Sinaasappelsap en jus d'orange (vers),2.49,2.49,,,,,500 ml,prijs per liter €4.98,False,,,,,C,True,AH,https://www.ah.nl/producten/product/wi47354,2026-08-12,AH Freshly squeezed orange juice,fresh fruit juices
519646,95049,AH Limoenen,AH,fruit-verse-sappen,"Fruit, verse sappen",Limoenen,1.45,1.45,,,,,4 stuks,,False,,,,,A,True,AH,https://www.ah.nl/producten/product/wi519646,2026-08-12,AH Limoenen,fresh fruit juices
618315,0,AH Vers geperst sap sinaasappel 2-pack,AH,fruit-verse-sappen,"Fruit, verse sappen",Sinaasappelsap en jus d'orange (vers),4.88,4.98,2.0,2% volume voordeel,,,2 stuks,,True,AHOO,2% volume voordeel,2026-08-12,2999-12-31,,True,AH,https://www.ah.nl/producten/product/wi618315,2026-08-12,AH Freshly squeezed orange juice 2-pack,fresh fruit juices
106260,549860,AH Mandarijnen groot,AH,fruit-verse-sappen,"Fruit, verse sappen",Mandarijnen,3.37,4.49,25.0,25% korting,,,"1,5 kg",normale prijs per kg €2.99,True,AH,25% korting,2026-08-10,2026-08-16,A,True,AH,https://www.ah.nl/producten/product/wi106260,2026-08-12,AH Mandarins large,fresh fruit juices
133713,563952,AH Verse ananas stukjes,AH,fruit-verse-sappen,"Fruit, verse sappen",Fruitsalade,2.89,2.89,,,,,250 g,prijs per kg €11.56,False,,,,,A,True,AH,https://www.ah.nl/producten/product/wi133713,2026-08-12,AH Verse ananas stukjes,fresh fruit juices
143235,512256,AH Blauwe bessen,AH,fruit-verse-sappen,"Fruit, verse sappen",Blauwe bessen,2.99,2.99,,,,,150 g,prijs per kg €19.93,False,,,,,A,True,AH,https://www.ah.nl/producten/product/wi143235,2026-08-12,AH Blueberries,fresh fruit juices
209178,804407,AH Biologisch Appel zak,AH Biologisch,fruit-verse-sappen,"Fruit, verse sappen",Zakken,3.99,3.99,,,,,1 kg,prijs per kg €3.99,False,,,,,A,True,AH,https://www.ah.nl/producten/product/wi209178,2026-08-12,AH Organic Apple bag,fresh fruit juices
495931,790002,AH Blauwe bessen,AH,fruit-verse-sappen,"Fruit, verse sappen",Blauwe bessen,6.59,6.59,,,,,500 g,prijs per kg €13.18,False,,,,,A,True,AH,https://www.ah.nl/producten/product/wi495931,2026-08-12,AH Blueberries,fresh fruit juices
618317,0,AH Vers geperst sap sinaasappel 3-pack,AH,fruit-verse-sappen,"Fruit, verse sappen",Sinaasappelsap en jus d'orange (vers),7.25,7.47,3.0,3% volume voordeel,,,3 stuks,,True,AHOO,3% volume voordeel,2026-08-12,2999-12-31,,True,AH,https://www.ah.nl/producten/product/wi618317,2026-08-12,AH Freshly squeezed orange juice 3-pack,fresh fruit juices
618319,0,AH Vers geperst sap sinaasappel 4-pack,AH,fruit-verse-sappen,"Fruit, verse sappen",Sinaasappelsap en jus d'orange (vers),9.46,9.96,5.0,5% volume voordeel,,,4 stuks,,True,AHOO,5% volume voordeel,2026-08-12,2999-12-31,,True,AH,https://www.ah.nl/producten/product/wi618319,2026-08-12,AH Freshly squeezed orange juice 4-pack,fresh fruit juices
113414,541585,AH Nederlandse pruimen,AH,fruit-verse-sappen,"Fruit, verse sappen",Pruimen,2.29,3.29,30.4,€1.00 euro korting,,,500 g,normale prijs per kg €6.58,True,AH,1 euro korting,2026-08-10,2026-08-16,A,True,AH,https://www.ah.nl/producten/product/wi113414,2026-08-12,AH Dutch plums,fresh fruit juices
600996,52486,AH Biologisch Zoete kleine appeltjes,AH Biologisch,fruit-verse-sappen,"Fruit, verse sappen",Zakken,4.29,4.29,,,,,1 kg,prijs per kg €4.29,False,,,,,A,True,AH,https://www.ah.nl/producten/product/wi600996,2026-08-12,AH Organic Sweet little apples,fresh fruit juices
195431,799126,AH Granny Smith schaal,AH,fruit-verse-sappen,"Fruit, verse sappen",Schaal,2.99,2.99,,,,,4 stuks,,False,,,,,A,True,AH,https://www.ah.nl/producten/product/wi195431,2026-08-12,AH Granny Smith bowl,fresh fruit juices
231211,797047,AH Limoen,AH,fruit-verse-sappen,"Fruit, verse sappen",Limoenen,0.69,0.69,,,,,per stuk,,False,,,,,A,True,AH,https://www.ah.nl/producten/product/wi231211,2026-08-12,AH Limoen,fresh fruit juices
504988,839846,AH Perziken,AH,fruit-verse-sappen,"Fruit, verse sappen",Perziken,3.99,3.99,,,,,1 kg,prijs per kg €3.99,False,,,,,A,True,AH,https://www.ah.nl/producten/product/wi504988,2026-08-12,AH Peaches,fresh fruit juices
128780,565308,AH Appels,AH,fruit-verse-sappen,"Fruit, verse sappen",Zakken,3.99,3.99,,,,,"2,5 kg",prijs per kg €1.60,False,,,,,A,True,AH,https://www.ah.nl/producten/product/wi128780,2026-08-12,AH Apples,fresh fruit juices
435163,46007,AH Pizzadeeg,AH,maaltijden-salades,"Maaltijden, salades",Pizzabodem (vers),1.99,1.99,,,,,260 g,prijs per kg €7.65,False,,,,,C,True,AH,https://www.ah.nl/producten/product/wi435163,2026-08-12,AH Pizza dough,meals-salads
410944,855015,AH Verse gnocchi,AH,maaltijden-salades,"Maaltijden, salades",Verse pasta,2.99,2.99,,,,,400 g,prijs per kg €7.48,False,,,,,C,True,AH,https://www.ah.nl/producten/product/wi410944,2026-08-12,AH Fresh gnocchi,meals-salads
598385,0,AH Verse gnocchi 2-pack,AH,maaltijden-salades,"Maaltijden, salades",Verse pasta,5.74,5.98,4.0,4% volume voordeel,,,2 stuks,,True,AHOO,4% volume voordeel,2026-08-12,2999-12-31,,True,AH,https://www.ah.nl/producten/product/wi598385,2026-08-12,AH Fresh gnocchi 2-pack,meals-salads
617763,0,AH Pizzadeeg 2-pack,AH,maaltijden-salades,"Maaltijden, salades",Pizzabodem (vers),3.82,3.98,4.0,4% volume voordeel,,,2 stuks,,True,AHOO,4% volume voordeel,2026-08-12,2999-12-31,,True,AH,https://www.ah.nl/producten/product/wi617763,2026-08-12,AH Pizza dough 2-pack,meals-salads
617764,0,AH Pizzadeeg 3-pack,AH,maaltijden-salades,"Maaltijden, salades",Pizzabodem (vers),5.55,5.97,7.0,7% volume voordeel,,,3 stuks,,True,AHOO,7% volume voordeel,2026-08-12,2999-12-31,,True,AH,https://www.ah.nl/producten/product/wi617764,2026-08-12,AH Pizza dough 3-pack,meals-salads
236874,828611,AH Poffertjes,AH,maaltijden-salades,"Maaltijden, salades",Poffertjes,1.89,1.89,,,,,24 stuks,,False,,,,,C,True,AH,https://www.ah.nl/producten/product/wi236874,2026-08-12,AH Poffertjes,meals-salads
617264,0,AH Verse gnocchi 3-pack,AH,maaltijden-salades,"Maaltijden, salades",Verse pasta,8.25,8.97,8.0,8% volume voordeel,,,3 stuks,,True,AHOO,8% volume voordeel,2026-08-12,2999-12-31,,True,AH,https://www.ah.nl/producten/product/wi617264,2026-08-12,AH Fresh gnocchi 3-pack,meals-salads
617265,0,AH Verse gnocchi 4-pack,AH,maaltijden-salades,"Maaltijden, salades",Verse pasta,10.52,11.96,12.0,12% volume voordeel,,,4 stuks,,True,AHOO,12% volume voordeel,2026-08-12,2999-12-31,,True,AH,https://www.ah.nl/producten/product/wi617265,2026-08-12,AH Fresh gnocchi 4-pack,meals-salads
120332,554635,AH Pastasaus tomaat mascarpone,AH,maaltijden-salades,"Maaltijden, salades",Verse pastasaus,2.49,2.49,,,,,225 g,prijs per kg €11.07,False,,,,,C,True,AH,https://www.ah.nl/producten/product/wi120332,2026-08-12,AH Pasta sauce tomato mascarpone,meals-salads
598376,0,AH Pastasaus tomaat mascarpone 2-pack,AH,maaltijden-salades,"Maaltijden, salades",Verse pastasaus,4.78,4.98,4.0,4% volume voordeel,,,2 stuks,,True,AHOO,4% volume voordeel,2026-08-12,2999-12-31,,True,AH,https://www.ah.nl/producten/product/wi598376,2026-08-12,AH Pasta sauce tomato mascarpone 2-pack,meals-salads
187619,788657,Van Gilse Poedersuiker,Van Gilse,maaltijden-salades,"Maaltijden, salades","Suiker, poedersuiker",1.05,1.05,,,,,250 g,prijs per kg €4.20,False,,,,,E,True,AH,https://www.ah.nl/producten/product/wi187619,2026-08-12,Van Gilse Powdered Sugar,meals-salads
31392,93834,AH Bapao rundvlees,AH,maaltijden-salades,"Maaltijden, salades",Bapao,1.29,1.29,,,,,115 g,prijs per kg €11.22,False,,,,,C,True,AH,https://www.ah.nl/producten/product/wi31392,2026-08-12,AH Bapao beef,meals-salads
618174,0,AH Pastasaus tomaat mascarpone 3-pack,AH,maaltijden-salades,"Maaltijden, salades",Verse pastasaus,6.87,7.47,8.0,8% volume voordeel,,,3 stuks,,True,AHOO,8% volume voordeel,2026-08-12,2999-12-31,,True,AH,https://www.ah.nl/producten/product/wi618174,2026-08-12,AH Pasta sauce tomato mascarpone 3-pack,meals-salads
618175,0,AH Pastasaus tomaat mascarpone 4-pack,AH,maaltijden-salades,"Maaltijden, salades",Verse pastasaus,8.76,9.96,12.0,12% volume voordeel,,,4 stuks,,True,AHOO,12% volume voordeel,2026-08-12,2999-12-31,,True,AH,https://www.ah.nl/producten/product/wi618175,2026-08-12,AH Pasta sauce tomato mascarpone 4-pack,meals-salads
160917,627977,AH Pasta Pestosaus,AH,maaltijden-salades,"Maaltijden, salades",Verse pastasaus,2.49,2.49,,,,,125 g,prijs per kg €19.92,False,,,,,E,True,AH,https://www.ah.nl/producten/product/wi160917,2026-08-12,AH Pasta Pestosaus,meals-salads
383671,843081,AH Banaan spelt pancakes,AH,maaltijden-salades,"Maaltijden, salades",Pannenkoeken,2.39,2.39,,,,,160 g,prijs per kg €14.94,False,,,,,C,True,AH,https://www.ah.nl/producten/product/wi383671,2026-08-12,AH Banana spelled pancakes,meals-salads
59296,513034,AH Verse ravioli formaggio e pomodoro,AH,maaltijden-salades,"Maaltijden, salades",Verse pasta,2.49,2.49,,,,,250 g,prijs per kg €9.96,False,,,,,C,True,AH,https://www.ah.nl/producten/product/wi59296,2026-08-12,AH Fresh ravioli formaggio e pomodoro,meals-salads
618339,0,AH Verse ravioli formaggio e pomodoro 2-pck,AH,maaltijden-salades,"Maaltijden, salades",Verse pasta,4.78,4.98,4.0,4% volume voordeel,,,2 stuks,,True,AHOO,4% volume voordeel,2026-08-12,2999-12-31,,True,AH,https://www.ah.nl/producten/product/wi618339,2026-08-12,AH Fresh ravioli formaggio e pomodoro 2-pck,meals-salads
598492,0,AH Banaan spelt pancakes 3-pack,AH,maaltijden-salades,"Maaltijden, salades",Pannenkoeken,6.88,7.17,4.0,4% volume voordeel,,,3 stuks,,True,AHOO,4% volume voordeel,2026-08-12,2999-12-31,,True,AH,https://www.ah.nl/producten/product/wi598492,2026-08-12,AH Banana spelled pancakes 3-pack,meals-salads
130455,590323,AH Pannenkoeken naturel,AH,maaltijden-salades,"Maaltijden, salades",Pannenkoeken,2.89,2.89,,,,,8 stuks,,False,,,,,C,True,AH,https://www.ah.nl/producten/product/wi130455,2026-08-12,AH Pannenkoeken naturel,meals-salads
618340,0,AH Verse ravioli formaggio e pomodoro 3-pck,AH,maaltijden-salades,"Maaltijden, salades",Verse pasta,6.87,7.47,8.0,8% volume voordeel,,,3 stuks,,True,AHOO,8% volume voordeel,2026-08-12,2999-12-31,,True,AH,https://www.ah.nl/producten/product/wi618340,2026-08-12,AH Fresh ravioli formaggio e pomodoro 3-pck,meals-salads
618341,0,AH Verse ravioli formaggio e pomodoro 4-pck,AH,maaltijden-salades,"Maaltijden, salades",Verse pasta,8.76,9.96,12.0,12% volume voordeel,,,4 stuks,,True,AHOO,12% volume voordeel,2026-08-12,2999-12-31,,True,AH,https://www.ah.nl/producten/product/wi618341,2026-08-12,AH Fresh ravioli formaggio e pomodoro 4-pck,meals-salads
560988,80240,AH Flammkuchendeeg,AH,maaltijden-salades,"Maaltijden, salades",Pizzabodem (vers),2.19,2.19,,,,,260 g,prijs per kg €8.42,False,,,,,C,True,AH,https://www.ah.nl/producten/product/wi560988,2026-08-12,AH Flammkuchendeeg,meals-salads
56027,527485,AH Tagliatelle all' uovo,AH,maaltijden-salades,"Maaltijden, salades",Verse pasta,2.49,2.49,,,,,250 g,prijs per kg €9.96,False,,,,,A,True,AH,https://www.ah.nl/producten/product/wi56027,2026-08-12,AH Tagliatelle all'uovo,meals-salads
619140,0,AH Banaan spelt pancakes 2-pack,AH,maaltijden-salades,"Maaltijden, salades",Pannenkoeken,4.68,4.78,2.0,2% volume voordeel,,,2 stuks,,True,AHOO,2% volume voordeel,2026-08-12,2999-12-31,,True,AH,https://www.ah.nl/producten/product/wi619140,2026-08-12,AH Banaan spelt pancakes 2-pack,meals-salads
618165,0,AH Pannenkoeken naturel 2-pack,AH,maaltijden-salades,"Maaltijden, salades",Pannenkoeken,5.66,5.78,2.0,2% volume voordeel,,,2 stuks,,True,AHOO,2% volume voordeel,2026-08-12,2999-12-31,,True,AH,https://www.ah.nl/producten/product/wi618165,2026-08-12,AH Pancakes natural 2-pack,meals-salads
618303,0,AH Tagliatelle all' uovo 2-pack,AH,maaltijden-salades,"Maaltijden, salades",Verse pasta,4.78,4.98,4.0,4% volume voordeel,,,2 stuks,,True,AHOO,4% volume voordeel,2026-08-12,2999-12-31,,True,AH,https://www.ah.nl/producten/product/wi618303,2026-08-12,AH Tagliatelle all' uovo 2-pack,meals-salads
120877,563913,AH Caesar mix M,AH,maaltijden-salades,"Maaltijden, salades",Kleine salade,3.5,4.29,18.4,2 voor 7.00,7.0,2.0,275 g,normale prijs per kg €15.60,True,AH,2 voor 7.00,2026-08-10,2026-08-16,C,True,AH,https://www.ah.nl/producten/product/wi120877,2026-08-12,AH Caesar mix M,meals-salads
618166,0,AH Pannenkoeken naturel 4-pack,AH,maaltijden-salades,"Maaltijden, salades",Pannenkoeken,10.87,11.56,6.0,6% volume voordeel,,,4 stuks,,True,AHOO,6% volume voordeel,2026-08-12,2999-12-31,,True,AH,https://www.ah.nl/producten/product/wi618166,2026-08-12,AH Pancakes natural 4-pack,meals-salads
203226,797335,Bieze Rauwkost coleslaw,Bieze,maaltijden-salades,"Maaltijden, salades",Rauwkostsalade,1.99,1.99,,,,,250 g,prijs per kg €7.96,False,,,,,C,True,AH,https://www.ah.nl/producten/product/wi203226,2026-08-12,Bieze Raw coleslaw,meals-salads
567391,0,AH Pannenkoeken naturel 3-pack,AH,maaltijden-salades,"Maaltijden, salades",Pannenkoeken,8.32,8.67,4.0,4% volume voordeel,,,3 stuks,,True,AHOO,4% volume voordeel,2026-08-12,2999-12-31,,True,AH,https://www.ah.nl/producten/product/wi567391,2026-08-12,AH Pancakes natural 3-pack,meals-salads
619141,0,AH Banaan spelt pancakes 4-pack,AH,maaltijden-salades,"Maaltijden, salades",Pannenkoeken,8.99,9.56,6.0,6% volume voordeel,,,4 stuks,,True,AHOO,6% volume voordeel,2026-08-12,2999-12-31,,True,AH,https://www.ah.nl/producten/product/wi619141,2026-08-12,AH Banana spelled pancakes 4-pack,meals-salads
618305,0,AH Tagliatelle all' uovo 4-pack,AH,maaltijden-salades,"Maaltijden, salades",Verse pasta,8.76,9.96,12.0,12% volume voordeel,,,4 stuks,,True,AHOO,12% volume voordeel,2026-08-12,2999-12-31,,True,AH,https://www.ah.nl/producten/product/wi618305,2026-08-12,AH Tagliatelle all' uovo 4-pack,meals-salads
618304,0,AH Tagliatelle all' uovo 3-pack,AH,maaltijden-salades,"Maaltijden, salades",Verse pasta,6.87,7.47,8.0,8% volume voordeel,,,3 stuks,,True,AHOO,8% volume voordeel,2026-08-12,2999-12-31,,True,AH,https://www.ah.nl/producten/product/wi618304,2026-08-12,AH Tagliatelle all' uovo 3-pack,meals-salads
55960,512924,AH Quiche lorraine,AH,maaltijden-salades,"Maaltijden, salades",Quiches,3.99,3.99,,,,,300 g,prijs per kg €13.30,False,,,,,D,True,AH,https://www.ah.nl/producten/product/wi55960,2026-08-12,AH Quiche lorraine,meals-salads
598117,0,AH Quiche lorraine 2-pack,AH,maaltijden-salades,"Maaltijden, salades",Quiches,7.66,7.98,4.0,4% volume voordeel,,,2 stuks,,True,AHOO,4% volume voordeel,2026-08-12,2999-12-31,,True,AH,https://www.ah.nl/producten/product/wi598117,2026-08-12,AH Quiche lorraine 2-pack,meals-salads
62699,527483,AH Tortelloni verdi ricotta spinaci,AH,maaltijden-salades,"Maaltijden, salades",Verse pasta,2.49,2.49,,,,,250 g,prijs per kg €9.96,False,,,,,C,True,AH,https://www.ah.nl/producten/product/wi62699,2026-08-12,AH Tortelloni verdi ricotta spinaci,meals-salads
618306,0,AH Tortelloni verdi ricotta spinaci 2-pack,AH,maaltijden-salades,"Maaltijden, salades",Verse pasta,4.78,4.98,4.0,4% volume voordeel,,,2 stuks,,True,AHOO,4% volume voordeel,2026-08-12,2999-12-31,,True,AH,https://www.ah.nl/producten/product/wi618306,2026-08-12,AH Tortelloni verdi ricotta spinaci 2-pack,meals-salads
618197,0,AH Quiche lorraine 4-pack,AH,maaltijden-salades,"Maaltijden, salades",Quiches,14.04,15.96,12.0,12% volume voordeel,,,4 stuks,,True,AHOO,12% volume voordeel,2026-08-12,2999-12-31,,True,AH,https://www.ah.nl/producten/product/wi618197,2026-08-12,AH Quiche lorraine 4-pack,meals-salads
618196,0,AH Quiche lorraine 3-pack,AH,maaltijden-salades,"Maaltijden, salades",Quiches,11.01,11.97,8.0,8% volume voordeel,,,3 stuks,,True,AHOO,8% volume voordeel,2026-08-12,2999-12-31,,True,AH,https://www.ah.nl/producten/product/wi618196,2026-08-12,AH Quiche lorraine 3-pack,meals-salads
168206,581672,AH Spaghetti all' uovo,AH,maaltijden-salades,"Maaltijden, salades",Verse pasta,2.49,2.49,,,,,250 g,prijs per kg €9.96,False,,,,,A,True,AH,https://www.ah.nl/producten/product/wi168206,2026-08-12,AH Spaghetti all' uovo,meals-salads
598379,0,AH Spaghetti all' uovo 2-pack,AH,maaltijden-salades,"Maaltijden, salades",Verse pasta,4.78,4.98,4.0,4% volume voordeel,,,2 stuks,,True,AHOO,4% volume voordeel,2026-08-12,2999-12-31,,True,AH,https://www.ah.nl/producten/product/wi598379,2026-08-12,AH Spaghetti all' uovo 2-pack,meals-salads
598021,0,AH Flammkuchendeeg 3-pack,AH,maaltijden-salades,"Maaltijden, salades",Pizzabodem (vers),6.11,6.57,7.0,7% volume voordeel,,,3 stuks,,True,AHOO,7% volume voordeel,2026-08-12,2999-12-31,,True,AH,https://www.ah.nl/producten/product/wi598021,2026-08-12,AH Flammkuchen dough 3-pack,meals-salads
120328,541704,AH Bapao kipsate,AH,maaltijden-salades,"Maaltijden, salades",Bapao,1.29,1.29,,,,,115 g,prijs per kg €11.22,False,,,,,C,True,AH,https://www.ah.nl/producten/product/wi120328,2026-08-12,AH Bapao chicken satay,meals-salads
618307,0,AH Tortelloni verdi ricotta spinaci 3-pack,AH,maaltijden-salades,"Maaltijden, salades",Verse pasta,6.87,7.47,8.0,8% volume voordeel,,,3 stuks,,True,AHOO,8% volume voordeel,2026-08-12,2999-12-31,,True,AH,https://www.ah.nl/producten/product/wi618307,2026-08-12,AH Tortelloni verdi ricotta spinaci 3-pack,meals-salads
618308,0,AH Tortelloni verdi ricotta spinaci 4-pack,AH,maaltijden-salades,"Maaltijden, salades",Verse pasta,8.76,9.96,12.0,12% volume voordeel,,,4 stuks,,True,AHOO,12% volume voordeel,2026-08-12,2999-12-31,,True,AH,https://www.ah.nl/producten/product/wi618308,2026-08-12,AH Tortelloni verdi ricotta spinaci 4-pack,meals-salads
140715,612543,AH American pancakes naturel,AH,maaltijden-salades,"Maaltijden, salades",Pannenkoeken,2.09,2.09,,,,,6 stuks,,False,,,,,C,True,AH,https://www.ah.nl/producten/product/wi140715,2026-08-12,AH American pancakes natural,meals-salads
620218,0,AH Flammkuchendeeg 2-pack,AH,maaltijden-salades,"Maaltijden, salades",Pizzabodem (vers),4.2,4.38,4.0,4% volume voordeel,,,2 stuks,,True,AHOO,4% volume voordeel,2026-08-12,2999-12-31,,True,AH,https://www.ah.nl/producten/product/wi620218,2026-08-12,AH Flammkuchen dough 2-pack,meals-salads
3697,6294,Van Gilse Kristalsuiker,Van Gilse,maaltijden-salades,"Maaltijden, salades","Suiker, poedersuiker",0.95,0.95,,,,,1 kg,prijs per kg €0.95,False,,,,,E,True,AH,https://www.ah.nl/producten/product/wi3697,2026-08-12,Van Gilse Kristalsuiker,meals-salads
620219,0,AH Flammkuchendeeg 4-pack,AH,maaltijden-salades,"Maaltijden, salades",Pizzabodem (vers),7.88,8.76,10.0,10% volume voordeel,,,4 stuks,,True,AHOO,10% volume voordeel,2026-08-12,2999-12-31,,True,AH,https://www.ah.nl/producten/product/wi620219,2026-08-12,AH Flammkuchen dough 4-pack,meals-salads
132561,595301,AH Kip Caesar L,AH,maaltijden-salades,"Maaltijden, salades",Maaltijdsalade,4.49,5.49,18.2,€1.00 euro korting,,,450 g,normale prijs per kg €12.20,True,AH,1 euro korting,2026-08-10,2026-08-16,B,True,AH,https://www.ah.nl/producten/product/wi132561,2026-08-12,AH Kip Caesar L,meals-salads
618129,0,AH Maaltijdsalade kip caesar 3-pack,AH,maaltijden-salades,"Maaltijden, salades",Maaltijdsalade,13.47,16.47,18.2,pakketkorting,,,3 stuks,,True,AHOO,,2026-08-12,2026-08-16,,True,AH,https://www.ah.nl/producten/product/wi618129,2026-08-12,AH Meal salad chicken caesar 3-pack,meals-salads
128130,583567,AH Italiaanse mix M,AH,maaltijden-salades,"Maaltijden, salades",Kleine salade,3.5,4.19,16.5,2 voor 7.00,7.0,2.0,240 g,normale prijs per kg €17.46,True,AH,2 voor 7.00,2026-08-10,2026-08-16,B,True,AH,https://www.ah.nl/producten/product/wi128130,2026-08-12,AH Italian mix M,meals-salads
618130,0,AH Maaltijdsalade kip caesar 4-pack,AH,maaltijden-salades,"Maaltijden, salades",Maaltijdsalade,17.96,21.96,18.2,pakketkorting,,,4 stuks,,True,AHOO,,2026-08-12,2026-08-16,,True,AH,https://www.ah.nl/producten/product/wi618130,2026-08-12,AH Maaltijdsalade kip caesar 4-pack,meals-salads
3706,6296,AH Suikerklontjes,AH,maaltijden-salades,"Maaltijden, salades","Suiker, poedersuiker",1.79,1.79,,,,,1 kg,prijs per kg €1.79,False,,,,,E,True,AH,https://www.ah.nl/producten/product/wi3706,2026-08-12,AH Sugar cubes,meals-salads
525358,735672,AH Cappelletti prosciutto crudo,AH,maaltijden-salades,"Maaltijden, salades",Verse pasta,2.49,2.49,,,,,250 g,prijs per kg €9.96,False,,,,,D,True,AH,https://www.ah.nl/producten/product/wi525358,2026-08-12,AH Cappelletti prosciutto crudo,meals-salads
619660,0,AH Cappelletti prosciutto crudo 2-pack,AH,maaltijden-salades,"Maaltijden, salades",Verse pasta,4.78,4.98,4.0,4% volume voordeel,,,2 stuks,,True,AHOO,4% volume voordeel,2026-08-12,2999-12-31,,True,AH,https://www.ah.nl/producten/product/wi619660,2026-08-12,AH Cappelletti prosciutto crudo 2-pack,meals-salads
503093,825452,AH Vers bladerdeeg,AH,maaltijden-salades,"Maaltijden, salades",Pizzabodem (vers),1.39,1.39,,,,,270 g,prijs per kg €5.15,False,,,,,D,True,AH,https://www.ah.nl/producten/product/wi503093,2026-08-12,AH Fresh puff pastry,meals-salads
564706,1893,AH Terra Quinoa noten S,AH Terra,maaltijden-salades,"Maaltijden, salades",Kleine salade,3.29,3.29,,,,,205 g,prijs per kg €16.05,False,,,,,A,True,AH,https://www.ah.nl/producten/product/wi564706,2026-08-12,AH Terra Quinoa noten S,meals-salads
620370,0,AH Terra Plantaardige kln salade quinoa noten 3pk,AH Terra,maaltijden-salades,"Maaltijden, salades",Kleine salade,9.57,9.87,3.0,3% volume voordeel,,,3 stuks,,True,AHOO,3% volume voordeel,2026-08-12,2999-12-31,,True,AH,https://www.ah.nl/producten/product/wi620370,2026-08-12,AH Terra Vegetable cln salad quinoa nuts 3pk,meals-salads
620371,0,AH Terra Plantaardige kl salade quinoa noten 4pck,AH Terra,maaltijden-salades,"Maaltijden, salades",Kleine salade,12.5,13.16,5.0,5% volume voordeel,,,4 stuks,,True,AHOO,5% volume voordeel,2026-08-12,2999-12-31,,True,AH,https://www.ah.nl/producten/product/wi620371,2026-08-12,AH Terra Vegetable cl salad quinoa nuts 4pck,meals-salads
619662,0,AH Cappelletti prosciutto crudo 4-pack,AH,maaltijden-salades,"Maaltijden, salades",Verse pasta,8.76,9.96,12.0,12% volume voordeel,,,4 stuks,,True,AHOO,12% volume voordeel,2026-08-12,2999-12-31,,True,AH,https://www.ah.nl/producten/product/wi619662,2026-08-12,AH Cappelletti prosciutto crudo 4-pack,meals-salads
619661,0,AH Cappelletti prosciutto crudo 3-pack,AH,maaltijden-salades,"Maaltijden, salades",Verse pasta,6.87,7.47,8.0,8% volume voordeel,,,3 stuks,,True,AHOO,8% volume voordeel,2026-08-12,2999-12-31,,True,AH,https://www.ah.nl/producten/product/wi619661,2026-08-12,AH Cappelletti prosciutto crudo 3-pack,meals-salads
619120,0,AH Vers bladerdeeg 3-pack,AH,maaltijden-salades,"Maaltijden, salades",Pizzabodem (vers),3.88,4.17,7.0,7% volume voordeel,,,3 stuks,,True,AHOO,7% volume voordeel,2026-08-12,2999-12-31,,True,AH,https://www.ah.nl/producten/product/wi619120,2026-08-12,AH Vers bladerdeeg 3-pack,meals-salads
619121,0,AH Vers bladerdeeg 4-pack,AH,maaltijden-salades,"Maaltijden, salades",Pizzabodem (vers),5.0,5.56,10.0,10% volume voordeel,,,4 stuks,,True,AHOO,10% volume voordeel,2026-08-12,2999-12-31,,True,AH,https://www.ah.nl/producten/product/wi619121,2026-08-12,AH Fresh puff pastry 4-pack,meals-salads
164341,629936,Westland Rundvlees slaatje voordeelverpakking,Westland,maaltijden-salades,"Maaltijden, salades",Slaatjes,4.59,4.59,,,,,560 g,prijs per kg €8.20,False,,,,,C,True,AH,https://www.ah.nl/producten/product/wi164341,2026-08-12,Westland Beef salad value pack,meals-salads
407552,852980,Van Gilse Schenkstroop,Van Gilse,maaltijden-salades,"Maaltijden, salades",Schenkstroop,1.99,1.99,,,,,600 g,prijs per kg €3.32,False,,,,,E,True,AH,https://www.ah.nl/producten/product/wi407552,2026-08-12,By Gilse Schenkstroop,meals-salads
497933,804098,Jan Poffertjes met boter en suiker,Jan,maaltijden-salades,"Maaltijden, salades",Poffertjes,3.29,3.29,,,,,38 st,,False,,,,,D,True,AH,https://www.ah.nl/producten/product/wi497933,2026-08-12,Jan Poffertjes with butter and sugar,meals-salads
160914,581671,AH Lasagne all uovo,AH,maaltijden-salades,"Maaltijden, salades",Verse pasta,2.49,2.49,,,,,250 g,prijs per kg €9.96,False,,,,,A,True,AH,https://www.ah.nl/producten/product/wi160914,2026-08-12,AH Lasagna all uovo,meals-salads
598365,0,AH Lasagne all uovo 2-pack,AH,maaltijden-salades,"Maaltijden, salades",Verse pasta,4.78,4.98,4.0,4% volume voordeel,,,2 stuks,,True,AHOO,4% volume voordeel,2026-08-12,2999-12-31,,True,AH,https://www.ah.nl/producten/product/wi598365,2026-08-12,AH Lasagna all uovo 2-pack,meals-salads
203227,797336,Bieze Rauwkost farmer,Bieze,maaltijden-salades,"Maaltijden, salades",Rauwkostsalade,1.99,1.99,,,,,250 g,prijs per kg €7.96,False,,,,,C,True,AH,https://www.ah.nl/producten/product/wi203227,2026-08-12,Bieze Rauwkost farmer,meals-salads
237426,830647,AH Appel witlof M,AH,maaltijden-salades,"Maaltijden, salades",Kleine salade,3.5,4.19,16.5,2 voor 7.00,7.0,2.0,335 g,normale prijs per kg €12.51,True,AH,2 voor 7.00,2026-08-10,2026-08-16,A,True,AH,https://www.ah.nl/producten/product/wi237426,2026-08-12,AH Appel witlof M,meals-salads
161789,629937,AH Rundvleesslaatje,AH,maaltijden-salades,"Maaltijden, salades",Slaatjes,0.85,0.85,,,,,140 g,prijs per kg €6.07,False,,,,,C,True,AH,https://www.ah.nl/producten/product/wi161789,2026-08-12,AH Beef salad,meals-salads
232065,792696,AH Kip Caesar M,AH,maaltijden-salades,"Maaltijden, salades",Maaltijdsalade,3.5,4.49,22.0,2 voor 7.00,7.0,2.0,230 g,normale prijs per kg €19.52,True,AH,2 voor 7.00,2026-08-10,2026-08-16,C,True,AH,https://www.ah.nl/producten/product/wi232065,2026-08-12,AH Kip Caesar M,meals-salads
142435,590730,AH Verse ravioli 5 formaggio,AH,maaltijden-salades,"Maaltijden, salades",Verse pasta,2.49,2.49,,,,,250 g,prijs per kg €9.96,False,,,,,C,True,AH,https://www.ah.nl/producten/product/wi142435,2026-08-12,AH Fresh ravioli 5 formaggio,meals-salads
390014,846605,AH Huzarenslaatje,AH,maaltijden-salades,"Maaltijden, salades",Slaatjes,0.69,0.69,,,,,150 g,prijs per kg €4.60,False,,,,,C,True,AH,https://www.ah.nl/producten/product/wi390014,2026-08-12,AH Huzarensaltje,meals-salads
497932,804096,Jan Pannenkoeken naturel,Jan,maaltijden-salades,"Maaltijden, salades",Pannenkoeken,3.69,3.69,,,,,675 g,prijs per kg €5.47,False,,,,,C,True,AH,https://www.ah.nl/producten/product/wi497932,2026-08-12,Jan Pancakes natural,meals-salads
128131,583568,AH Boeren mix M,AH,maaltijden-salades,"Maaltijden, salades",Kleine salade,3.5,4.19,16.5,2 voor 7.00,7.0,2.0,280 g,normale prijs per kg €14.96,True,AH,2 voor 7.00,2026-08-10,2026-08-16,B,True,AH,https://www.ah.nl/producten/product/wi128131,2026-08-12,AH Boeren mix M,meals-salads
525360,657081,AH Terra Plantaardig ravioli agli spinaci,AH Terra,maaltijden-salades,"Maaltijden, salades",Verse pasta,3.19,3.19,,,,,250 g,prijs per kg €12.76,False,,,,,C,True,AH,https://www.ah.nl/producten/product/wi525360,2026-08-12,AH Terra Vegetable ravioli agli spinaci,meals-salads
619679,0,AH Terra Plantaardig ravioli agli spinaci 2-pack,AH Terra,maaltijden-salades,"Maaltijden, salades",Verse pasta,6.12,6.38,4.0,4% volume voordeel,,,2 stuks,,True,AHOO,4% volume voordeel,2026-08-12,2999-12-31,,True,AH,https://www.ah.nl/producten/product/wi619679,2026-08-12,AH Terra Plantaardig ravioli agli spinaci 2-pack,meals-salads
386308,843913,Magioni Magioni bloemkoolbodem pizza,Magioni,maaltijden-salades,"Maaltijden, salades",Pizzabodem (vers),3.99,3.99,,,,,2 x 195 g,prijs per kg €10.23,False,,,,,A,True,AH,https://www.ah.nl/producten/product/wi386308,2026-08-12,Magioni Magioni cauliflower base pizza,meals-salads
474117,726522,AH Quiche spinazie geitenkaas,AH,maaltijden-salades,"Maaltijden, salades",Quiches,3.99,3.99,,,,,300 g,prijs per kg €13.30,False,,,,,C,True,AH,https://www.ah.nl/producten/product/wi474117,2026-08-12,AH Quiche spinach goat cheese,meals-salads
619681,0,AH Terra Plantaardig ravioli agli spinaci 4-pack,AH Terra,maaltijden-salades,"Maaltijden, salades",Verse pasta,11.23,12.76,12.0,12% volume voordeel,,,4 stuks,,True,AHOO,12% volume voordeel,2026-08-12,2999-12-31,,True,AH,https://www.ah.nl/producten/product/wi619681,2026-08-12,AH Terra Vegetable ravioli agli spinaci 4-pack,meals-salads
619680,0,AH Terra Plantaardig ravioli agli spinaci 3-pack,AH Terra,maaltijden-salades,"Maaltijden, salades",Verse pasta,8.8,9.57,8.0,8% volume voordeel,,,3 stuks,,True,AHOO,8% volume voordeel,2026-08-12,2999-12-31,,True,AH,https://www.ah.nl/producten/product/wi619680,2026-08-12,AH Terra Plantaardig ravioli agli spinaci 3-pack,meals-salads
419093,690398,AH Quiche & taartdeeg,AH,maaltijden-salades,"Maaltijden, salades",Quiches,1.75,1.75,,,,,230 g,prijs per kg €7.61,False,,,,,E,True,AH,https://www.ah.nl/producten/product/wi419093,2026-08-12,AH Quiche & pie dough,meals-salads
618730,0,AH Quiche spinazie geitenkaas 4-pack,AH,maaltijden-salades,"Maaltijden, salades",Quiches,14.04,15.96,12.0,12% volume voordeel,,,4 stuks,,True,AHOO,12% volume voordeel,2026-08-12,2999-12-31,,True,AH,https://www.ah.nl/producten/product/wi618730,2026-08-12,AH Quiche spinach goat cheese 4-pack,meals-salads
618729,0,AH Quiche spinazie geitenkaas 3-pack,AH,maaltijden-salades,"Maaltijden, salades",Quiches,11.01,11.97,8.0,8% volume voordeel,,,3 stuks,,True,AHOO,8% volume voordeel,2026-08-12,2999-12-31,,True,AH,https://www.ah.nl/producten/product/wi618729,2026-08-12,AH Quiche spinach goat cheese 3-pack,meals-salads
142442,615835,AH Tagliatelle all' uovo,AH,maaltijden-salades,"Maaltijden, salades",Verse pasta,3.89,3.89,,,,,500 g,prijs per kg €7.78,False,,,,,A,True,AH,https://www.ah.nl/producten/product/wi142442,2026-08-12,AH Tagliatelle all'uovo,meals-salads
418284,689619,AH Terra Verse pureersoep tomaat oregano,AH Terra,maaltijden-salades,"Maaltijden, salades",Verse soepen,3.5,4.49,22.0,2 voor 7.00,7.0,2.0,638 g,normale prijs per kg €7.04,True,AH,2 voor 7.00,2026-08-10,2026-08-16,B,True,AH,https://www.ah.nl/producten/product/wi418284,2026-08-12,AH Terra Fresh puree soup tomato oregano,meals-salads
203229,797339,Bieze Rauwkost 4 seizoenen,Bieze,maaltijden-salades,"Maaltijden, salades",Rauwkostsalade,1.99,1.99,,,,,250 g,prijs per kg €7.96,False,,,,,C,True,AH,https://www.ah.nl/producten/product/wi203229,2026-08-12,Bieze Rauwkost 4 seasons,meals-salads
525268,42769,AH Biologisch Tagliatelle volkoren,AH Biologisch,maaltijden-salades,"Maaltijden, salades",Verse pasta,2.69,2.69,,,,,250 g,prijs per kg €10.76,False,,,,,A,True,AH,https://www.ah.nl/producten/product/wi525268,2026-08-12,AH Organic Tagliatelle whole wheat,meals-salads
619634,0,AH Biologisch Tagliatelle volkoren 2-pack,AH Biologisch,maaltijden-salades,"Maaltijden, salades",Verse pasta,5.16,5.38,4.0,4% volume voordeel,,,2 stuks,,True,AHOO,4% volume voordeel,2026-08-12,2999-12-31,,True,AH,https://www.ah.nl/producten/product/wi619634,2026-08-12,AH Organic Tagliatelle whole wheat 2-pack,meals-salads
203228,797338,Bieze Rauwkost komkommer,Bieze,maaltijden-salades,"Maaltijden, salades",Rauwkostsalade,1.99,1.99,,,,,250 g,prijs per kg €7.96,False,,,,,C,True,AH,https://www.ah.nl/producten/product/wi203228,2026-08-12,Bieze Raw cucumber,meals-salads
619635,0,AH Biologisch Tagliatelle volkoren 3-pack,AH Biologisch,maaltijden-salades,"Maaltijden, salades",Verse pasta,7.42,8.07,8.0,8% volume voordeel,,,3 stuks,,True,AHOO,8% volume voordeel,2026-08-12,2999-12-31,,True,AH,https://www.ah.nl/producten/product/wi619635,2026-08-12,AH Organic Tagliatelle whole wheat 3-pack,meals-salads
619636,0,AH Biologisch Tagliatelle volkoren 4-pack,AH Biologisch,maaltijden-salades,"Maaltijden, salades",Verse pasta,9.47,10.76,12.0,12% volume voordeel,,,4 stuks,,True,AHOO,12% volume voordeel,2026-08-12,2999-12-31,,True,AH,https://www.ah.nl/producten/product/wi619636,2026-08-12,AH Organic Tagliatelle whole wheat 4-pack,meals-salads
893,67351,AH Aardappel salade,AH,maaltijden-salades,"Maaltijden, salades",Aardappelsalade,1.99,1.99,,,,,600 g,prijs per kg €3.32,False,,,,,C,True,AH,https://www.ah.nl/producten/product/wi893,2026-08-12,AH Aardappel salade,meals-salads
598611,46445,AH XL pizzadeeg,AH,maaltijden-salades,"Maaltijden, salades",Pizzabodem (vers),2.49,2.49,,,,,550 g,prijs per kg €4.53,False,,,,,C,True,AH,https://www.ah.nl/producten/product/wi598611,2026-08-12,AH XL pizza dough,meals-salads
217090,811685,AH Pastasaus pomodori basilicum,AH,maaltijden-salades,"Maaltijden, salades",Verse pastasaus,2.49,2.49,,,,,225 g,prijs per kg €11.07,False,,,,,C,True,AH,https://www.ah.nl/producten/product/wi217090,2026-08-12,AH Pasta sauce pomodori basil,meals-salads
487349,742259,AH Pizzabodem houtoven,AH,maaltijden-salades,"Maaltijden, salades",Pizzabodem (vers),3.39,3.39,,,,,500 g,prijs per kg €6.78,False,,,,,C,True,AH,https://www.ah.nl/producten/product/wi487349,2026-08-12,AH Pizzabodem houtoven,meals-salads
598374,0,AH Pastasaus pomodori basilicum 2-pack,AH,maaltijden-salades,"Maaltijden, salades",Verse pastasaus,4.78,4.98,4.0,4% volume voordeel,,,2 stuks,,True,AHOO,4% volume voordeel,2026-08-12,2999-12-31,,True,AH,https://www.ah.nl/producten/product/wi598374,2026-08-12,AH Pasta sauce pomodori basil 2-pack,meals-salads
538379,572916,Westland Huzaren slaatje,Westland,maaltijden-salades,"Maaltijden, salades",Slaatjes,1.29,1.29,,,,,140 g,prijs per kg €9.21,False,,,,,C,True,AH,https://www.ah.nl/producten/product/wi538379,2026-08-12,Westland Hussar salad,meals-salads
597723,46233,AH Ajam sate &bami,AH,maaltijden-salades,"Maaltijden, salades",Aziatische vleesmaaltijden,4.99,4.99,,,,,450 g,prijs per kg €11.09,False,,,,,C,True,AH,https://www.ah.nl/producten/product/wi597723,2026-08-12,AH Ajam satay & bami,meals-salads
617506,0,AH Quiche & taartdeeg 4-pack,AH,maaltijden-salades,"Maaltijden, salades",Quiches,6.3,7.0,10.0,10% volume voordeel,,,4 stuks,,True,AHOO,10% volume voordeel,2026-08-12,2999-12-31,,True,AH,https://www.ah.nl/producten/product/wi617506,2026-08-12,AH Quiche & pie dough 4-pack,meals-salads
621752,0,AH Ajam sate &bami 3-pack,AH,maaltijden-salades,"Maaltijden, salades",Aziatische vleesmaaltijden,14.52,14.97,3.0,3% volume voordeel,,,3 stuks,,True,AHOO,3% volume voordeel,2026-08-12,2999-12-31,,True,AH,https://www.ah.nl/producten/product/wi621752,2026-08-12,AH Ajam sate &bami 3-pack,meals-salads
617505,0,AH Quiche & taartdeeg 3-pack,AH,maaltijden-salades,"Maaltijden, salades",Quiches,4.88,5.25,7.0,7% volume voordeel,,,3 stuks,,True,AHOO,7% volume voordeel,2026-08-12,2999-12-31,,True,AH,https://www.ah.nl/producten/product/wi617505,2026-08-12,AH Quiche & pie dough 3-pack,meals-salads
621753,0,AH Ajam sate &bami 4-pack,AH,maaltijden-salades,"Maaltijden, salades",Aziatische vleesmaaltijden,18.96,19.96,5.0,5% volume voordeel,,,4 stuks,,True,AHOO,5% volume voordeel,2026-08-12,2999-12-31,,True,AH,https://www.ah.nl/producten/product/wi621753,2026-08-12,AH Ajam satay & noodles 4-pack,meals-salads
597760,46448,AH Verse pinsa caprese,AH,maaltijden-salades,"Maaltijden, salades",Verse Pizza,5.0,5.99,16.5,2 voor 10.00,10.0,2.0,360 g,normale prijs per kg €16.64,True,AH,2 voor 10.00,2026-08-10,2026-08-16,C,True,AH,https://www.ah.nl/producten/product/wi597760,2026-08-12,AH Fresh pinsa caprese,meals-salads
560642,708127,AH Proteïne pancakes 4 stuks,AH,maaltijden-salades,"Maaltijden, salades",Pannenkoeken,2.39,2.39,,,,,160 g,prijs per kg €14.94,False,,,,,C,True,AH,https://www.ah.nl/producten/product/wi560642,2026-08-12,AH Protein pancakes 4 pieces,meals-salads
622106,0,AH XL pizzadeeg 2-pack,AH,maaltijden-salades,"Maaltijden, salades",Pizzabodem (vers),4.78,4.98,4.0,4% volume voordeel,,,2 stuks,,True,AHOO,4% volume voordeel,2026-08-12,2999-12-31,,True,AH,https://www.ah.nl/producten/product/wi622106,2026-08-12,AH XL pizzadeeg 2-pack,meals-salads
399173,849091,AH Groene curry verspakket,AH,maaltijden-salades,"Groente, aardappelen",Ongesneden verspakketten,5.99,5.99,,,,,4 pers | 25 min,,False,,,,,C,True,AH,https://www.ah.nl/producten/product/wi399173,2026-08-12,AH Green curry fresh package,meals-salads
465735,716117,AH Quiche kip pesto spinazie,AH,maaltijden-salades,"Maaltijden, salades",Quiches,3.99,3.99,,,,,300 g,prijs per kg €13.30,False,,,,,D,True,AH,https://www.ah.nl/producten/product/wi465735,2026-08-12,AH Quiche chicken pesto spinach,meals-salads
618614,0,AH Quiche kip pesto spinazie 2-pack,AH,maaltijden-salades,"Maaltijden, salades",Quiches,7.66,7.98,4.0,4% volume voordeel,,,2 stuks,,True,AHOO,4% volume voordeel,2026-08-12,2999-12-31,,True,AH,https://www.ah.nl/producten/product/wi618614,2026-08-12,AH Quiche chicken pesto spinach 2-pack,meals-salads
619066,0,AH Pizzabodem houtoven 2-pack,AH,maaltijden-salades,"Maaltijden, salades",Pizzabodem (vers),6.51,6.78,4.0,4% volume voordeel,,,2 stuks,,True,AHOO,4% volume voordeel,2026-08-12,2999-12-31,,True,AH,https://www.ah.nl/producten/product/wi619066,2026-08-12,AH Pizza base wood oven 2-pack,meals-salads
434347,698919,AH Hamsterchef Pannenkoeken volkoren,AH Hamsterchef,maaltijden-salades,"Maaltijden, salades",Pannenkoeken,2.89,2.89,,,,,8 stuks,,False,,,,,A,True,AH,https://www.ah.nl/producten/product/wi434347,2026-08-12,AH Hamsterchef Whole wheat pancakes,meals-salads
618616,0,AH Quiche kip pesto spinazie 4-pack,AH,maaltijden-salades,"Maaltijden, salades",Quiches,14.04,15.96,12.0,12% volume voordeel,,,4 stuks,,True,AHOO,12% volume voordeel,2026-08-12,2999-12-31,,True,AH,https://www.ah.nl/producten/product/wi618616,2026-08-12,AH Quiche chicken pesto spinach 4-pack,meals-salads
620238,0,AH Proteïne pancakes 4 stuks 2-pack,AH,maaltijden-salades,"Maaltijden, salades",Pannenkoeken,4.68,4.78,2.0,2% volume voordeel,,,2 stuks,,True,AHOO,2% volume voordeel,2026-08-12,2999-12-31,,True,AH,https://www.ah.nl/producten/product/wi620238,2026-08-12,AH Protein pancakes 4 pieces 2-pack,meals-salads
390015,846606,AH Rundvleesslaatje,AH,maaltijden-salades,"Maaltijden, salades",Slaatjes,0.59,0.59,,,,,150 g,prijs per kg €3.93,False,,,,,C,True,AH,https://www.ah.nl/producten/product/wi390015,2026-08-12,AH Beef salad,meals-salads
618615,0,AH Quiche kip pesto spinazie 3-pack,AH,maaltijden-salades,"Maaltijden, salades",Quiches,11.01,11.97,8.0,8% volume voordeel,,,3 stuks,,True,AHOO,8% volume voordeel,2026-08-12,2999-12-31,,True,AH,https://www.ah.nl/producten/product/wi618615,2026-08-12,AH Quiche chicken pesto spinach 3-pack,meals-salads
622108,0,AH XL pizzadeeg 4-pack,AH,maaltijden-salades,"Maaltijden, salades",Pizzabodem (vers),8.96,9.96,10.0,10% volume voordeel,,,4 stuks,,True,AHOO,10% volume voordeel,2026-08-12,2999-12-31,,True,AH,https://www.ah.nl/producten/product/wi622108,2026-08-12,AH XL pizza dough 4-pack,meals-salads
103429,555434,AH Verse ravioli ai funghi,AH,maaltijden-salades,"Maaltijden, salades",Verse pasta,2.49,2.49,,,,,250 g,prijs per kg €9.96,False,,,,,C,True,AH,https://www.ah.nl/producten/product/wi103429,2026-08-12,AH Fresh ravioli ai funghi,meals-salads
622107,0,AH XL pizzadeeg 3-pack,AH,maaltijden-salades,"Maaltijden, salades",Pizzabodem (vers),6.95,7.47,7.0,7% volume voordeel,,,3 stuks,,True,AHOO,7% volume voordeel,2026-08-12,2999-12-31,,True,AH,https://www.ah.nl/producten/product/wi622107,2026-08-12,AH XL pizzadeeg 3-pack,meals-salads
561686,570234,AH Verse soep tomaat,AH,maaltijden-salades,"Maaltijden, salades",Verse soepen,3.0,3.59,16.4,2 voor 6.00,6.0,2.0,500 g,normale prijs per kg €7.18,True,AH,2 voor 6.00,2026-08-10,2026-08-16,B,True,AH,https://www.ah.nl/producten/product/wi561686,2026-08-12,AH Fresh tomato soup,meals-salads
554910,72853,AH Mango geitenkaas S,AH,maaltijden-salades,"Maaltijden, salades",Kleine salade,3.99,3.99,,,,,200 g,prijs per kg €19.95,False,,,,,C,True,AH,https://www.ah.nl/producten/product/wi554910,2026-08-12,AH Mango goat cheese S,meals-salads
620240,0,AH Proteïne pancakes 4 stuks 4-pack,AH,maaltijden-salades,"Maaltijden, salades",Pannenkoeken,8.99,9.56,6.0,6% volume voordeel,,,4 stuks,,True,AHOO,6% volume voordeel,2026-08-12,2999-12-31,,True,AH,https://www.ah.nl/producten/product/wi620240,2026-08-12,AH Protein pancakes 4 pieces 4-pack,meals-salads
597762,46450,AH Verse pinsa pepperoni,AH,maaltijden-salades,"Maaltijden, salades",Verse Pizza,5.0,5.99,16.5,2 voor 10.00,10.0,2.0,376 g,normale prijs per kg €15.93,True,AH,2 voor 10.00,2026-08-10,2026-08-16,D,True,AH,https://www.ah.nl/producten/product/wi597762,2026-08-12,AH Verse pinsa pepperoni,meals-salads
618336,0,AH Verse ravioli ai funghi 2-pack,AH,maaltijden-salades,"Maaltijden, salades",Verse pasta,4.78,4.98,4.0,4% volume voordeel,,,2 stuks,,True,AHOO,4% volume voordeel,2026-08-12,2999-12-31,,True,AH,https://www.ah.nl/producten/product/wi618336,2026-08-12,AH Fresh ravioli ai funghi 2-pack,meals-salads
620032,0,AH Kleine salade mango geitenkaas 3-pack,AH,maaltijden-salades,"Maaltijden, salades",Kleine salade,11.61,11.97,3.0,3% volume voordeel,,,3 stuks,,True,AHOO,3% volume voordeel,2026-08-12,2999-12-31,,True,AH,https://www.ah.nl/producten/product/wi620032,2026-08-12,AH Kleine salade mango geitenkaas 3-pack,meals-salads
617760,0,AH Pannenkoeken volkoren 4-pack,AH,maaltijden-salades,"Maaltijden, salades",Pannenkoeken,10.87,11.56,6.0,6% volume voordeel,,,4 stuks,,True,AHOO,6% volume voordeel,2026-08-12,2999-12-31,,True,AH,https://www.ah.nl/producten/product/wi617760,2026-08-12,AH Pancakes whole wheat 4-pack,meals-salads
620239,0,AH Proteïne pancakes 4 stuks 3-pack,AH,maaltijden-salades,"Maaltijden, salades",Pannenkoeken,6.88,7.17,4.0,4% volume voordeel,,,3 stuks,,True,AHOO,4% volume voordeel,2026-08-12,2999-12-31,,True,AH,https://www.ah.nl/producten/product/wi620239,2026-08-12,AH Protein pancakes 4 pieces 3-pack,meals-salads
617758,0,AH Pannenkoeken volkoren 2-pack,AH,maaltijden-salades,"Maaltijden, salades",Pannenkoeken,5.66,5.78,2.0,2% volume voordeel,,,2 stuks,,True,AHOO,2% volume voordeel,2026-08-12,2999-12-31,,True,AH,https://www.ah.nl/producten/product/wi617758,2026-08-12,AH Pancakes whole wheat 2-pack,meals-salads
620033,0,AH Kleine salade mango geitenkaas 4-pack,AH,maaltijden-salades,"Maaltijden, salades",Kleine salade,15.16,15.96,5.0,5% volume voordeel,,,4 stuks,,True,AHOO,5% volume voordeel,2026-08-12,2999-12-31,,True,AH,https://www.ah.nl/producten/product/wi620033,2026-08-12,AH Small salad mango goat cheese 4-pack,meals-salads
550888,595827,AH Gesneden verspakket tomatenrisotto,AH,maaltijden-salades,"Groente, aardappelen",Gesneden verspakketten,6.89,6.89,,,,,2-3 pers | 30 m,prijs per kg €8.78,False,,,,,C,True,AH,https://www.ah.nl/producten/product/wi550888,2026-08-12,AH Sliced ​​fresh package of tomato risotto,meals-salads
619068,0,AH Pizzabodem houtoven 4-pack,AH,maaltijden-salades,"Maaltijden, salades",Pizzabodem (vers),12.2,13.56,10.0,10% volume voordeel,,,4 stuks,,True,AHOO,10% volume voordeel,2026-08-12,2999-12-31,,True,AH,https://www.ah.nl/producten/product/wi619068,2026-08-12,AH Pizza base wood oven 4-pack,meals-salads
386311,843922,AH Lasagne bolognese,AH,maaltijden-salades,"Maaltijden, salades",Kant-en-klare Italiaanse maaltijden,2.59,2.59,,,,,400 g,prijs per kg €6.48,False,,,,,C,True,AH,https://www.ah.nl/producten/product/wi386311,2026-08-12,AH Lasagna bolognese,meals-salads
595144,43504,AH Bapao pittig rundvlees,AH,maaltijden-salades,"Maaltijden, salades",Bapao,1.29,1.29,,,,,115 g,prijs per kg €11.22,False,,,,,C,True,AH,https://www.ah.nl/producten/product/wi595144,2026-08-12,AH Bapao spicy beef,meals-salads
617759,0,AH Pannenkoeken volkoren 3-pack,AH,maaltijden-salades,"Maaltijden, salades",Pannenkoeken,8.32,8.67,4.0,4% volume voordeel,,,3 stuks,,True,AHOO,4% volume voordeel,2026-08-12,2999-12-31,,True,AH,https://www.ah.nl/producten/product/wi617759,2026-08-12,AH Pancakes whole wheat 3-pack,meals-salads
619067,0,AH Pizzabodem houtoven 3-pack,AH,maaltijden-salades,"Maaltijden, salades",Pizzabodem (vers),9.46,10.17,7.0,7% volume voordeel,,,3 stuks,,True,AHOO,7% volume voordeel,2026-08-12,2999-12-31,,True,AH,https://www.ah.nl/producten/product/wi619067,2026-08-12,AH Pizza base wood oven 3-pack,meals-salads
390005,846593,AH Salade specialiteit rundvlees,AH,maaltijden-salades,"Maaltijden, salades",Rundvleessalade,2.99,2.99,,,,,400 g,prijs per kg €7.48,False,,,,,,True,AH,https://www.ah.nl/producten/product/wi390005,2026-08-12,AH Salad specialty beef,meals-salads
618338,0,AH Verse ravioli ai funghi 4-pack,AH,maaltijden-salades,"Maaltijden, salades",Verse pasta,8.76,9.96,12.0,12% volume voordeel,,,4 stuks,,True,AHOO,12% volume voordeel,2026-08-12,2999-12-31,,True,AH,https://www.ah.nl/producten/product/wi618338,2026-08-12,AH Fresh ravioli ai funghi 4-pack,meals-salads
618337,0,AH Verse ravioli ai funghi 3-pack,AH,maaltijden-salades,"Maaltijden, salades",Verse pasta,6.87,7.47,8.0,8% volume voordeel,,,3 stuks,,True,AHOO,8% volume voordeel,2026-08-12,2999-12-31,,True,AH,https://www.ah.nl/producten/product/wi618337,2026-08-12,AH Verse ravioli ai funghi 3-pack,meals-salads
187620,788658,Van Gilse Witte basterdsuiker,Van Gilse,maaltijden-salades,"Maaltijden, salades","Suiker, poedersuiker",1.55,1.55,,,,,600 g,prijs per kg €2.58,False,,,,,E,True,AH,https://www.ah.nl/producten/product/wi187620,2026-08-12,Van Gilse White caster sugar,meals-salads
456172,610345,AH Broodje hotdog,AH,maaltijden-salades,"Maaltijden, salades",Overige snelle snacks,1.99,1.99,,,,,"218,5 g",prijs per kg €9.13,False,,,,,D,True,AH,https://www.ah.nl/producten/product/wi456172,2026-08-12,AH Hot dog sandwich,meals-salads
365406,832145,AH Blauwe kaas peer M,AH,maaltijden-salades,"Maaltijden, salades",Kleine salade,3.5,4.49,22.0,2 voor 7.00,7.0,2.0,260 g,normale prijs per kg €17.27,True,AH,2 voor 7.00,2026-08-10,2026-08-16,C,True,AH,https://www.ah.nl/producten/product/wi365406,2026-08-12,AH Blue cheese pear M,meals-salads
619261,0,AH Rundvleessalade 2-pack,AH,maaltijden-salades,"Maaltijden, salades",Rundvleessalade,5.8,5.98,3.0,3% volume voordeel,,,2 stuks,,True,AHOO,3% volume voordeel,2026-08-12,2999-12-31,,True,AH,https://www.ah.nl/producten/product/wi619261,2026-08-12,AH Beef salad 2-pack,meals-salads
187621,788659,Van Gilse Donkere basterdsuiker,Van Gilse,maaltijden-salades,"Maaltijden, salades","Suiker, poedersuiker",1.55,1.55,,,,,600 g,prijs per kg €2.58,False,,,,,E,True,AH,https://www.ah.nl/producten/product/wi187621,2026-08-12,Van Gilse Dark caster sugar,meals-salads
525237,800372,AH Gesneden verspakket bami,AH,maaltijden-salades,"Groente, aardappelen",Gesneden verspakketten,6.99,6.99,,,,,2-3 pers|20 min,,False,,,,,B,True,AH,https://www.ah.nl/producten/product/wi525237,2026-08-12,AH Sliced ​​fresh package of noodles,meals-salads
203881,797500,AH Poffertjes naturel,AH,maaltijden-salades,"Maaltijden, salades",Poffertjes,4.69,4.69,,,,,75 stuks,,False,,,,,C,True,AH,https://www.ah.nl/producten/product/wi203881,2026-08-12,AH Poffertjes natural,meals-salads
598467,0,AH Poffertjes naturel 2-pack,AH,maaltijden-salades,"Maaltijden, salades",Poffertjes,9.19,9.38,2.0,2% volume voordeel,,,2 stuks,,True,AHOO,2% volume voordeel,2026-08-12,2999-12-31,,True,AH,https://www.ah.nl/producten/product/wi598467,2026-08-12,AH Poffertjes naturel 2-pack,meals-salads
132574,595405,AH Walnoot geitenkaas L,AH,maaltijden-salades,"Maaltijden, salades",Maaltijdsalade,4.49,5.49,18.2,€1.00 euro korting,,,450 g,normale prijs per kg €12.20,True,AH,1 euro korting,2026-08-10,2026-08-16,C,True,AH,https://www.ah.nl/producten/product/wi132574,2026-08-12,AH Walnut goat cheese L,meals-salads
618131,0,AH Maaltijdsalade walnoot geitenkaas 3-pack,AH,maaltijden-salades,"Maaltijden, salades",Maaltijdsalade,13.47,16.47,18.2,pakketkorting,,,3 stuks,,True,AHOO,,2026-08-12,2026-08-16,,True,AH,https://www.ah.nl/producten/product/wi618131,2026-08-12,AH Meal salad walnut goat cheese 3-pack,meals-salads
618132,0,AH Maaltijdsalade walnoot geitenkaas 4-pack,AH,maaltijden-salades,"Maaltijden, salades",Maaltijdsalade,17.96,21.96,18.2,pakketkorting,,,4 stuks,,True,AHOO,,2026-08-12,2026-08-16,,True,AH,https://www.ah.nl/producten/product/wi618132,2026-08-12,AH Maaltijdsalade walnoot geitenkaas 4-pack,meals-salads
619263,0,AH Rundvleessalade 4-pack,AH,maaltijden-salades,"Maaltijden, salades",Rundvleessalade,10.76,11.96,10.0,10% volume voordeel,,,4 stuks,,True,AHOO,10% volume voordeel,2026-08-12,2999-12-31,,True,AH,https://www.ah.nl/producten/product/wi619263,2026-08-12,AH Beef salad 4-pack,meals-salads
584929,29573,AH Proteine pancakes banaan,AH,maaltijden-salades,"Maaltijden, salades",Pannenkoeken,2.49,2.49,,,,,160 g,prijs per kg €15.56,False,,,,,C,True,AH,https://www.ah.nl/producten/product/wi584929,2026-08-12,AH Protein pancakes banana,meals-salads
619262,0,AH Rundvleessalade 3-pack,AH,maaltijden-salades,"Maaltijden, salades",Rundvleessalade,8.52,8.97,5.0,5% volume voordeel,,,3 stuks,,True,AHOO,5% volume voordeel,2026-08-12,2999-12-31,,True,AH,https://www.ah.nl/producten/product/wi619262,2026-08-12,AH Beef salad 3-pack,meals-salads
386070,843924,AH Stoommaaltijd zalm roomsaus,AH,maaltijden-salades,"Maaltijden, salades",Stoommaaltijden,4.995,7.49,33.3,2 voor 9.99,9.99,2.0,460 g,normale prijs per kg €16.28,True,AH,2 voor 9.99,2026-08-10,2026-08-16,A,True,AH,https://www.ah.nl/producten/product/wi386070,2026-08-12,AH Steam meal salmon cream sauce,meals-salads
619268,0,AH Stoommaaltijd zalm roomsaus 3-pack,AH,maaltijden-salades,"Maaltijden, salades",Stoommaaltijden,17.48,22.47,22.2,pakketkorting,,,3 stuks,,True,AHOO,,2026-08-12,2026-08-16,,True,AH,https://www.ah.nl/producten/product/wi619268,2026-08-12,AH Steam meal salmon cream sauce 3-pack,meals-salads
224709,817378,AH Tomaat komkommer M,AH,maaltijden-salades,"Maaltijden, salades",Kleine salade,3.5,4.19,16.5,2 voor 7.00,7.0,2.0,340 g,normale prijs per kg €12.32,True,AH,2 voor 7.00,2026-08-10,2026-08-16,A,True,AH,https://www.ah.nl/producten/product/wi224709,2026-08-12,AH Tomato cucumber M,meals-salads
557059,661642,AH Pie scharrelkip ragout,AH,maaltijden-salades,"Maaltijden, salades",Hartige taart,3.89,3.89,,,,,250 g,prijs per kg €15.56,False,,,,,D,True,AH,https://www.ah.nl/producten/product/wi557059,2026-08-12,AH Pie scharrelkip ragout,meals-salads
597732,46245,AH Nasi,AH,maaltijden-salades,"Maaltijden, salades",Aziatische vleesmaaltijden,3.59,3.59,,,,,300 g,prijs per kg €11.97,False,,,,,C,True,AH,https://www.ah.nl/producten/product/wi597732,2026-08-12,AH Nasi,meals-salads
619269,0,AH Stoommaaltijd zalm roomsaus 4-pack,AH,maaltijden-salades,"Maaltijden, salades",Stoommaaltijden,19.98,29.96,33.3,pakketkorting,,,4 stuks,,True,AHOO,,2026-08-12,2026-08-16,,True,AH,https://www.ah.nl/producten/product/wi619269,2026-08-12,AH Steam meal salmon cream sauce 4-pack,meals-salads
525240,21851,AH Gesneden verspakket pita gyros,AH,maaltijden-salades,"Groente, aardappelen",Gesneden verspakketten,6.99,6.99,,,,,2 pers | 15 min,,False,,,,,B,True,AH,https://www.ah.nl/producten/product/wi525240,2026-08-12,AH Sliced ​​fresh package of pita gyros,meals-salads
622063,0,AH Nasi 3-pack,AH,maaltijden-salades,"Maaltijden, salades",Aziatische vleesmaaltijden,10.45,10.77,3.0,3% volume voordeel,,,3 stuks,,True,AHOO,3% volume voordeel,2026-08-12,2999-12-31,,True,AH,https://www.ah.nl/producten/product/wi622063,2026-08-12,AH Nasi 3-pack,meals-salads
96778,531032,AH Pastasaus carbonara,AH,maaltijden-salades,"Maaltijden, salades",Verse pastasaus,2.49,2.49,,,,,225 g,prijs per kg €11.07,False,,,,,C,True,AH,https://www.ah.nl/producten/product/wi96778,2026-08-12,AH Pasta sauce carbonara,meals-salads
434655,698965,AH Burrito's verspakket,AH,maaltijden-salades,"Groente, aardappelen",Ongesneden verspakketten,5.99,5.99,,,,,4 pers | 25 min,,False,,,,,B,True,AH,https://www.ah.nl/producten/product/wi434655,2026-08-12,AH Burritos fresh package,meals-salads
621095,0,AH Proteine pancakes banaan 2-pack,AH,maaltijden-salades,"Maaltijden, salades",Pannenkoeken,4.88,4.98,2.0,2% volume voordeel,,,2 stuks,,True,AHOO,2% volume voordeel,2026-08-12,2999-12-31,,True,AH,https://www.ah.nl/producten/product/wi621095,2026-08-12,AH Protein pancakes banana 2-pack,meals-salads
525431,579236,AH Fusilli salsa rossa verspakket,AH,maaltijden-salades,"Groente, aardappelen",Ongesneden verspakketten,5.99,5.99,,,,,4 pers | 30 min,,False,,,,,B,True,AH,https://www.ah.nl/producten/product/wi525431,2026-08-12,AH Fusilli salsa rossa fresh package,meals-salads
598116,0,AH Pie scharrelkip ragout 2-pack,AH,maaltijden-salades,"Maaltijden, salades",Hartige taart,7.47,7.78,4.0,4% volume voordeel,,,2 stuks,,True,AHOO,4% volume voordeel,2026-08-12,2999-12-31,,True,AH,https://www.ah.nl/producten/product/wi598116,2026-08-12,AH Pie scharrelkip ragout 2-pack,meals-salads
590081,35847,AH Aardappelsalade voordeelverpakking,AH,maaltijden-salades,"Maaltijden, salades",Aardappelsalade,2.15,2.15,,,,,1 kg,prijs per kg €2.15,False,,,,,C,True,AH,https://www.ah.nl/producten/product/wi590081,2026-08-12,AH Potato salad value pack,meals-salads
598372,0,AH Pastasaus carbonara 2-pack,AH,maaltijden-salades,"Maaltijden, salades",Verse pastasaus,4.78,4.98,4.0,4% volume voordeel,,,2 stuks,,True,AHOO,4% volume voordeel,2026-08-12,2999-12-31,,True,AH,https://www.ah.nl/producten/product/wi598372,2026-08-12,AH Pasta sauce carbonara 2-pack,meals-salads
622064,0,AH Nasi 4-pack,AH,maaltijden-salades,"Maaltijden, salades",Aziatische vleesmaaltijden,13.64,14.36,5.0,5% volume voordeel,,,4 stuks,,True,AHOO,5% volume voordeel,2026-08-12,2999-12-31,,True,AH,https://www.ah.nl/producten/product/wi622064,2026-08-12,AH Nasi 4-pack,meals-salads
418293,689649,AH Terra Verse pureersoep pompoen wortel,AH Terra,maaltijden-salades,"Maaltijden, salades",Verse soepen,3.5,4.49,22.0,2 voor 7.00,7.0,2.0,528 g,normale prijs per kg €8.50,True,AH,2 voor 7.00,2026-08-10,2026-08-16,B,True,AH,https://www.ah.nl/producten/product/wi418293,2026-08-12,AH Terra Fresh pumpkin carrot puree soup,meals-salads
210762,803911,AH Hachee stoofpeer,AH,maaltijden-salades,"Maaltijden, salades",Traditionele Hollandse gerechten,5.79,5.79,,,,,500 g,prijs per kg €11.58,False,,,,,C,True,AH,https://www.ah.nl/producten/product/wi210762,2026-08-12,AH Hachee stoofpeer,meals-salads
597725,46235,AH Babi pangang & bami,AH,maaltijden-salades,"Maaltijden, salades",Aziatische vleesmaaltijden,4.99,4.99,,,,,450 g,prijs per kg €11.09,False,,,,,C,True,AH,https://www.ah.nl/producten/product/wi597725,2026-08-12,AH Babi pangang & noodles,meals-salads
597720,46307,AH Verse maaltijd nasi kipsate,AH,maaltijden-salades,"Maaltijden, salades",Verse wereld maaltijden,6.0,6.49,7.6,2 voor 12.00,12.0,2.0,450 g,normale prijs per kg €14.42,True,AH,2 VOOR 12.00,2026-08-10,2026-08-16,C,True,AH,https://www.ah.nl/producten/product/wi597720,2026-08-12,AH Fresh meal nasi chicken satay,meals-salads
622013,0,AH Babi pangang & bami 4-pack,AH,maaltijden-salades,"Maaltijden, salades",Aziatische vleesmaaltijden,18.96,19.96,5.0,5% volume voordeel,,,4 stuks,,True,AHOO,5% volume voordeel,2026-08-12,2999-12-31,,True,AH,https://www.ah.nl/producten/product/wi622013,2026-08-12,AH Babi pangang & noodles 4-pack,meals-salads
622012,0,AH Babi pangang & bami 3-pack,AH,maaltijden-salades,"Maaltijden, salades",Aziatische vleesmaaltijden,14.52,14.97,3.0,3% volume voordeel,,,3 stuks,,True,AHOO,3% volume voordeel,2026-08-12,2999-12-31,,True,AH,https://www.ah.nl/producten/product/wi622012,2026-08-12,AH Babi pangang & bami 3-pack,meals-salads
552780,65401,AH Mezzelune con mozzarella,AH,maaltijden-salades,"Maaltijden, salades",Verse pasta,2.99,2.99,,,,,250 g,prijs per kg €11.96,False,,,,,,True,AH,https://www.ah.nl/producten/product/wi552780,2026-08-12,AH Mezzelune con mozzarella,meals-salads
609193,66957,Jan Pizzadeeg Napoli XL,Jan,maaltijden-salades,"Maaltijden, salades",Pizzabodem (vers),2.99,2.99,,,,,500 g,prijs per kg €5.98,False,,,,,C,True,AH,https://www.ah.nl/producten/product/wi609193,2026-08-12,Jan Pizza dough Napoli XL,meals-salads
597727,46240,AH Bami goreng,AH,maaltijden-salades,"Maaltijden, salades",Aziatische vleesmaaltijden,3.59,3.59,,,,,300 g,prijs per kg €11.97,False,,,,,C,True,AH,https://www.ah.nl/producten/product/wi597727,2026-08-12,AH Bami goreng,meals-salads
621096,0,AH Proteine pancakes banaan 3-pack,AH,maaltijden-salades,"Maaltijden, salades",Pannenkoeken,7.17,7.47,4.0,4% volume voordeel,,,3 stuks,,True,AHOO,4% volume voordeel,2026-08-12,2999-12-31,,True,AH,https://www.ah.nl/producten/product/wi621096,2026-08-12,AH Protein pancakes banana 3-pack,meals-salads
619867,0,AH Mezzelune con mozzarella 2-pack,AH,maaltijden-salades,"Maaltijden, salades",Verse pasta,5.74,5.98,4.0,4% volume voordeel,,,2 stuks,,True,AHOO,4% volume voordeel,2026-08-12,2999-12-31,,True,AH,https://www.ah.nl/producten/product/wi619867,2026-08-12,AH Mezzelune con mozzarella 2-pack,meals-salads
621097,0,AH Proteine pancakes banaan 4-pack,AH,maaltijden-salades,"Maaltijden, salades",Pannenkoeken,9.36,9.96,6.0,6% volume voordeel,,,4 stuks,,True,AHOO,6% volume voordeel,2026-08-12,2999-12-31,,True,AH,https://www.ah.nl/producten/product/wi621097,2026-08-12,AH Protein pancakes banana 4-pack,meals-salads
622020,0,AH Bami goreng 3-pack,AH,maaltijden-salades,"Maaltijden, salades",Aziatische vleesmaaltijden,10.45,10.77,3.0,3% volume voordeel,,,3 stuks,,True,AHOO,3% volume voordeel,2026-08-12,2999-12-31,,True,AH,https://www.ah.nl/producten/product/wi622020,2026-08-12,AH Bami goreng 3-pack,meals-salads
577109,19347,AH Quiche zalm spinazie,AH,maaltijden-salades,"Maaltijden, salades",Quiches,3.99,3.99,,,,,300 g,prijs per kg €13.30,False,,,,,C,True,AH,https://www.ah.nl/producten/product/wi577109,2026-08-12,AH Quiche salmon spinach,meals-salads
603298,0,AH Quiche zalm spinazie 2-pack,AH,maaltijden-salades,"Maaltijden, salades",Quiches,7.66,7.98,4.0,4% volume voordeel,,,2 stuks,,True,AHOO,4% volume voordeel,2026-08-12,2999-12-31,,True,AH,https://www.ah.nl/producten/product/wi603298,2026-08-12,AH Quiche salmon spinach 2-pack,meals-salads
618173,0,AH Pastasaus carbonara 4-pack,AH,maaltijden-salades,"Maaltijden, salades",Verse pastasaus,8.76,9.96,12.0,12% volume voordeel,,,4 stuks,,True,AHOO,12% volume voordeel,2026-08-12,2999-12-31,,True,AH,https://www.ah.nl/producten/product/wi618173,2026-08-12,AH Pasta sauce carbonara 4-pack,meals-salads
622021,0,AH Bami goreng 4-pack,AH,maaltijden-salades,"Maaltijden, salades",Aziatische vleesmaaltijden,13.64,14.36,5.0,5% volume voordeel,,,4 stuks,,True,AHOO,5% volume voordeel,2026-08-12,2999-12-31,,True,AH,https://www.ah.nl/producten/product/wi622021,2026-08-12,AH Bami goreng 4-pack,meals-salads
57542,513000,AH Cordon bleu met spinazie,AH,maaltijden-salades,"Maaltijden, salades",Traditionele Hollandse gerechten,4.99,4.99,,,,,500 g,prijs per kg €9.98,False,,,,,C,True,AH,https://www.ah.nl/producten/product/wi57542,2026-08-12,AH Cordon bleu with spinach,meals-salads
617971,0,AH Cordon bleu met spinazie 3-pack,AH,maaltijden-salades,"Maaltijden, salades",Traditionele Hollandse gerechten,14.52,14.97,3.0,3% volume voordeel,,,3 stuks,,True,AHOO,3% volume voordeel,2026-08-12,2999-12-31,,True,AH,https://www.ah.nl/producten/product/wi617971,2026-08-12,AH Cordon bleu with spinach 3-pack,meals-salads
99076,554448,Van Gilse Fijne kristalsuiker,Van Gilse,maaltijden-salades,"Maaltijden, salades","Suiker, poedersuiker",1.89,1.89,,,,,750 g,prijs per kg €2.52,False,,,,,E,True,AH,https://www.ah.nl/producten/product/wi99076,2026-08-12,Van Gilse Fine granulated sugar,meals-salads
517582,79167,AH Gesneden verspakket Mexicaanse salade,AH,maaltijden-salades,"Groente, aardappelen",Gesneden verspakketten,6.99,6.99,,,,,2-3 pers | 18 m,prijs per kg €9.58,False,,,,,A,True,AH,https://www.ah.nl/producten/product/wi517582,2026-08-12,AH Sliced ​​fresh package of Mexican salad,meals-salads
619868,0,AH Mezzelune con mozzarella 3-pack,AH,maaltijden-salades,"Maaltijden, salades",Verse pasta,8.25,8.97,8.0,8% volume voordeel,,,3 stuks,,True,AHOO,8% volume voordeel,2026-08-12,2999-12-31,,True,AH,https://www.ah.nl/producten/product/wi619868,2026-08-12,AH Mezzelune con mozzarella 3-pack,meals-salads
47098,630288,AH Suikerstaafjes,AH,maaltijden-salades,"Maaltijden, salades","Suiker, poedersuiker",1.39,1.39,,,,,50 stuks,,False,,,,,E,True,AH,https://www.ah.nl/producten/product/wi47098,2026-08-12,AH Sugar Sticks,meals-salads
617972,0,AH Cordon bleu met spinazie 4-pack,AH,maaltijden-salades,"Maaltijden, salades",Traditionele Hollandse gerechten,18.96,19.96,5.0,5% volume voordeel,,,4 stuks,,True,AHOO,5% volume voordeel,2026-08-12,2999-12-31,,True,AH,https://www.ah.nl/producten/product/wi617972,2026-08-12,AH Cordon bleu with spinach 4-pack,meals-salads
136425,581669,AH Pappardelle all' uovo,AH,maaltijden-salades,"Maaltijden, salades",Verse pasta,2.49,2.49,,,,,250 g,prijs per kg €9.96,False,,,,,A,True,AH,https://www.ah.nl/producten/product/wi136425,2026-08-12,AH Pappardelle all' uovo,meals-salads
598370,0,AH Pappardelle all' uovo 2-pack,AH,maaltijden-salades,"Maaltijden, salades",Verse pasta,4.78,4.98,4.0,4% volume voordeel,,,2 stuks,,True,AHOO,4% volume voordeel,2026-08-12,2999-12-31,,True,AH,https://www.ah.nl/producten/product/wi598370,2026-08-12,AH Pappardelle all' uovo 2-pack,meals-salads
619869,0,AH Mezzelune con mozzarella 4-pack,AH,maaltijden-salades,"Maaltijden, salades",Verse pasta,10.52,11.96,12.0,12% volume voordeel,,,4 stuks,,True,AHOO,12% volume voordeel,2026-08-12,2999-12-31,,True,AH,https://www.ah.nl/producten/product/wi619869,2026-08-12,AH Mezzelune con mozzarella 4-pack,meals-salads
620055,0,AH Pie scharrelkip ragout 4-pack,AH,maaltijden-salades,"Maaltijden, salades",Hartige taart,13.69,15.56,12.0,12% volume voordeel,,,4 stuks,,True,AHOO,12% volume voordeel,2026-08-12,2999-12-31,,True,AH,https://www.ah.nl/producten/product/wi620055,2026-08-12,AH Pie free-range chicken ragout 4-pack,meals-salads
620054,0,AH Pie scharrelkip ragout 3-pack,AH,maaltijden-salades,"Maaltijden, salades",Hartige taart,10.74,11.67,8.0,8% volume voordeel,,,3 stuks,,True,AHOO,8% volume voordeel,2026-08-12,2999-12-31,,True,AH,https://www.ah.nl/producten/product/wi620054,2026-08-12,AH Pie free-range chicken ragout 3-pack,meals-salads
48306,102352,AH Hachee rodekool,AH,maaltijden-salades,"Maaltijden, salades",Traditionele Hollandse gerechten,5.29,5.29,,,,,500 g,prijs per kg €10.58,False,,,,,C,True,AH,https://www.ah.nl/producten/product/wi48306,2026-08-12,AH Hachee red cabbage,meals-salads
618078,0,AH Hachee rodekool 3-pack,AH,maaltijden-salades,"Maaltijden, salades",Traditionele Hollandse gerechten,15.39,15.87,3.0,3% volume voordeel,,,3 stuks,,True,AHOO,3% volume voordeel,2026-08-12,2999-12-31,,True,AH,https://www.ah.nl/producten/product/wi618078,2026-08-12,AH Hachee rodekool 3-pack,meals-salads
618079,0,AH Hachee rodekool 4-pack,AH,maaltijden-salades,"Maaltijden, salades",Traditionele Hollandse gerechten,20.1,21.16,5.0,5% volume voordeel,,,4 stuks,,True,AHOO,5% volume voordeel,2026-08-12,2999-12-31,,True,AH,https://www.ah.nl/producten/product/wi618079,2026-08-12,AH Hachee rodekool 4-pack,meals-salads
36392,36039,Van Gilse Geleisuiker speciaal,Van Gilse,maaltijden-salades,"Maaltijden, salades","Suiker, poedersuiker",2.39,2.39,,,,,500 g,prijs per kg €4.78,False,,,,,E,True,AH,https://www.ah.nl/producten/product/wi36392,2026-08-12,Van Gilse Special jelly sugar,meals-salads
193241,794402,AH Appel kip M,AH,maaltijden-salades,"Maaltijden, salades",Kleine salade,3.5,4.79,26.9,2 voor 7.00,7.0,2.0,310 g,normale prijs per kg €15.45,True,AH,2 voor 7.00,2026-08-10,2026-08-16,A,True,AH,https://www.ah.nl/producten/product/wi193241,2026-08-12,AH Apple chicken M,meals-salads
221441,814415,Wester Ruwe rietsuiker,Wester,maaltijden-salades,"Maaltijden, salades","Suiker, poedersuiker",1.99,1.99,,,,,750 g,prijs per kg €2.65,False,,,,,E,True,AH,https://www.ah.nl/producten/product/wi221441,2026-08-12,Wester Raw cane sugar,meals-salads
620691,0,AH Quiche zalm spinazie 3-pack,AH,maaltijden-salades,"Maaltijden, salades",Quiches,11.01,11.97,8.0,8% volume voordeel,,,3 stuks,,True,AHOO,8% volume voordeel,2026-08-12,2999-12-31,,True,AH,https://www.ah.nl/producten/product/wi620691,2026-08-12,AH Quiche salmon spinach 3-pack,meals-salads
620692,0,AH Quiche zalm spinazie 4-pack,AH,maaltijden-salades,"Maaltijden, salades",Quiches,14.04,15.96,12.0,12% volume voordeel,,,4 stuks,,True,AHOO,12% volume voordeel,2026-08-12,2999-12-31,,True,AH,https://www.ah.nl/producten/product/wi620692,2026-08-12,AH Quiche salmon spinach 4-pack,meals-salads
187622,788661,Van Gilse Lichte basterdsuiker,Van Gilse,maaltijden-salades,"Maaltijden, salades","Suiker, poedersuiker",1.55,1.55,,,,,600 g,prijs per kg €2.58,False,,,,,E,True,AH,https://www.ah.nl/producten/product/wi187622,2026-08-12,Van Gilse Lichte basterdsuiker,meals-salads
386312,843923,AH Lasagne bolognese,AH,maaltijden-salades,"Maaltijden, salades",Kant-en-klare Italiaanse maaltijden,4.99,4.99,,,,,1 kg,prijs per kg €4.99,False,,,,,C,True,AH,https://www.ah.nl/producten/product/wi386312,2026-08-12,AH Lasagna bolognese,meals-salads
390009,846598,AH Salade specialiteit aardappel ei,AH,maaltijden-salades,"Maaltijden, salades",Aardappelsalade,2.99,2.99,,,,,400 g,prijs per kg €7.48,False,,,,,C,True,AH,https://www.ah.nl/producten/product/wi390009,2026-08-12,AH Salad specialty potato egg,meals-salads
538500,70710,OaYeah! Pancakes,OaYeah!,maaltijden-salades,"Maaltijden, salades",Pannenkoeken,2.49,2.49,,,,,160 g,prijs per kg €15.56,False,,,,,B,True,AH,https://www.ah.nl/producten/product/wi538500,2026-08-12,OaYeah! Pancakes,meals-salads
365389,832128,AH Pasta tonijn M,AH,maaltijden-salades,"Maaltijden, salades",Pastasalade,3.5,4.49,22.0,2 voor 7.00,7.0,2.0,350 g,normale prijs per kg €12.83,True,AH,2 voor 7.00,2026-08-10,2026-08-16,A,True,AH,https://www.ah.nl/producten/product/wi365389,2026-08-12,AH Pasta tuna M,meals-salads
52394,96203,AH Hollandse stamppot andijvie gehaktbal,AH,maaltijden-salades,"Maaltijden, salades",Stamppot,4.69,4.69,,,,,500 g,prijs per kg €9.38,False,,,,,C,True,AH,https://www.ah.nl/producten/product/wi52394,2026-08-12,AH Hollandse stamppot andijvie gehaktbal,meals-salads
554904,78842,AH Kip bacon L,AH,maaltijden-salades,"Maaltijden, salades",Maaltijdsalade,3.99,4.99,20.0,€1.00 euro korting,,,400 g,normale prijs per kg €12.48,True,AH,1 euro korting,2026-08-10,2026-08-16,B,True,AH,https://www.ah.nl/producten/product/wi554904,2026-08-12,AH Chicken bacon L,meals-salads
618089,0,AH Hollandse stamppot andijvie gehaktbl 3pk,AH,maaltijden-salades,"Maaltijden, salades",Stamppot,13.65,14.07,3.0,3% volume voordeel,,,3 stuks,,True,AHOO,3% volume voordeel,2026-08-12,2999-12-31,,True,AH,https://www.ah.nl/producten/product/wi618089,2026-08-12,AH Dutch stew endive minced meat bl 3pk,meals-salads
620042,0,AH Maaltijdsalade kip bacon 3-pack,AH,maaltijden-salades,"Maaltijden, salades",Maaltijdsalade,11.97,14.97,20.0,pakketkorting,,,3 stuks,,True,AHOO,,2026-08-12,2026-08-16,,True,AH,https://www.ah.nl/producten/product/wi620042,2026-08-12,AH Meal salad chicken bacon 3-pack,meals-salads
620043,0,AH Maaltijdsalade kip bacon 4-pack,AH,maaltijden-salades,"Maaltijden, salades",Maaltijdsalade,15.96,19.96,20.0,pakketkorting,,,4 stuks,,True,AHOO,,2026-08-12,2026-08-16,,True,AH,https://www.ah.nl/producten/product/wi620043,2026-08-12,AH Maaltijdsalade kip bacon 4-pack,meals-salads
579360,0,AH Aardappel vrije-uitloop ei 2-pack,AH,maaltijden-salades,"Maaltijden, salades",Aardappelsalade,5.8,5.98,3.0,3% volume voordeel,,,2 stuks,,True,AHOO,3% volume voordeel,2026-08-12,2999-12-31,,True,AH,https://www.ah.nl/producten/product/wi579360,2026-08-12,AH Potato free-range egg 2-pack,meals-salads
618090,0,AH Hollandse stamppot andijvie gehaktbl 4pk,AH,maaltijden-salades,"Maaltijden, salades",Stamppot,17.82,18.76,5.0,5% volume voordeel,,,4 stuks,,True,AHOO,5% volume voordeel,2026-08-12,2999-12-31,,True,AH,https://www.ah.nl/producten/product/wi618090,2026-08-12,AH Dutch stew endive minced meat bl 4pk,meals-salads
132848,590244,AH Quiche mediterrane groenten,AH,maaltijden-salades,"Maaltijden, salades",Quiches,3.99,3.99,,,,,300 g,prijs per kg €13.30,False,,,,,C,True,AH,https://www.ah.nl/producten/product/wi132848,2026-08-12,AH Quiche Mediterranean vegetables,meals-salads
530961,615820,AH Gesneden verspakket gado gado,AH,maaltijden-salades,"Groente, aardappelen",Gesneden verspakketten,6.99,6.99,,,,,2-3 pers|16 min,,False,,,,,B,True,AH,https://www.ah.nl/producten/product/wi530961,2026-08-12,AH Gesneden verspakket gado gado,meals-salads
618198,0,AH Quiche mediterrane groenten 2-pack,AH,maaltijden-salades,"Maaltijden, salades",Quiches,7.66,7.98,4.0,4% volume voordeel,,,2 stuks,,True,AHOO,4% volume voordeel,2026-08-12,2999-12-31,,True,AH,https://www.ah.nl/producten/product/wi618198,2026-08-12,AH Quiche Mediterranean vegetables 2-pack,meals-salads
132575,595406,AH Grote garnalen L,AH,maaltijden-salades,"Maaltijden, salades",Maaltijdsalade,4.99,5.99,16.7,€1.00 euro korting,,,450 g,normale prijs per kg €13.31,True,AH,1 euro korting,2026-08-10,2026-08-16,B,True,AH,https://www.ah.nl/producten/product/wi132575,2026-08-12,AH Large shrimp L,meals-salads
618125,0,AH Maaltijdsalade garnalen 3-pack,AH,maaltijden-salades,"Maaltijden, salades",Maaltijdsalade,14.97,17.97,16.7,pakketkorting,,,3 stuks,,True,AHOO,,2026-08-12,2026-08-16,,True,AH,https://www.ah.nl/producten/product/wi618125,2026-08-12,AH Meal salad shrimp 3-pack,meals-salads
618126,0,AH Maaltijdsalade garnalen 4-pack,AH,maaltijden-salades,"Maaltijden, salades",Maaltijdsalade,19.96,23.96,16.7,pakketkorting,,,4 stuks,,True,AHOO,,2026-08-12,2026-08-16,,True,AH,https://www.ah.nl/producten/product/wi618126,2026-08-12,AH Meal salad shrimp 4-pack,meals-salads
210763,803912,AH Kipfilet pepersaus met wortel en doperwt,AH,maaltijden-salades,"Maaltijden, salades",Traditionele Hollandse gerechten,5.79,5.79,,,,,500 g,prijs per kg €11.58,False,,,,,A,True,AH,https://www.ah.nl/producten/product/wi210763,2026-08-12,AH Chicken fillet pepper sauce with carrot and pea,meals-salads
435122,46158,AH Couscous hummus S,AH,maaltijden-salades,"Maaltijden, salades",Kleine salade,3.49,3.49,,,,,200 g,prijs per kg €17.45,False,,,,,C,True,AH,https://www.ah.nl/producten/product/wi435122,2026-08-12,AH Couscous hummus S,meals-salads
594321,41781,AH Pinsa,AH,maaltijden-salades,"Maaltijden, salades",Pizzabodem (ongekoeld),2.69,2.69,,,,,per stuk,,False,,,,,B,True,AH,https://www.ah.nl/producten/product/wi594321,2026-08-12,AH Pinsa,meals-salads
146483,581673,AH Pastasaus 5 kazen,AH,maaltijden-salades,"Maaltijden, salades",Verse pastasaus,2.49,2.49,,,,,225 g,prijs per kg €11.07,False,,,,,C,True,AH,https://www.ah.nl/producten/product/wi146483,2026-08-12,AH Pasta sauce 5 cheeses,meals-salads
598371,0,AH Pastasaus 5 kazen 2-pack,AH,maaltijden-salades,"Maaltijden, salades",Verse pastasaus,4.78,4.98,4.0,4% volume voordeel,,,2 stuks,,True,AHOO,4% volume voordeel,2026-08-12,2999-12-31,,True,AH,https://www.ah.nl/producten/product/wi598371,2026-08-12,AH Pasta sauce 5 cheeses 2-pack,meals-salads
520281,14517,Westland Ei slaatje voordeelverpakking,Westland,maaltijden-salades,"Maaltijden, salades",Slaatjes,4.69,4.69,,,,,560 g,prijs per kg €8.38,False,,,,,C,True,AH,https://www.ah.nl/producten/product/wi520281,2026-08-12,Westland Egg salad value pack,meals-salads
580123,0,AH Kleine salade couscous hummus 3-pack,AH,maaltijden-salades,"Maaltijden, salades",Maaltijdsalade,10.16,10.47,3.0,3% volume voordeel,,,3 stuks,,True,AHOO,3% volume voordeel,2026-08-12,2999-12-31,,True,AH,https://www.ah.nl/producten/product/wi580123,2026-08-12,AH Small salad couscous hummus 3-pack,meals-salads
440495,704100,Bieze Witte kool rauwkost,Bieze,maaltijden-salades,"Maaltijden, salades",Rauwkostsalade,1.99,1.99,,,,,250 g,prijs per kg €7.96,False,,,,,C,True,AH,https://www.ah.nl/producten/product/wi440495,2026-08-12,Bieze White cabbage raw vegetables,meals-salads
597730,46243,AH Mihoen goreng,AH,maaltijden-salades,"Maaltijden, salades",Aziatische vleesmaaltijden,3.69,3.69,,,,,300 g,prijs per kg €12.30,False,,,,,C,True,AH,https://www.ah.nl/producten/product/wi597730,2026-08-12,AH Mihoen goreng,meals-salads
597731,46244,AH Babi pangang,AH,maaltijden-salades,"Maaltijden, salades",Aziatische vleesmaaltijden,3.99,3.99,,,,,275 g,prijs per kg €14.51,False,,,,,C,True,AH,https://www.ah.nl/producten/product/wi597731,2026-08-12,AH Babi pangang,meals-salads
606661,61983,Il Molino Bloem voor pizza,Il Molino,maaltijden-salades,"Maaltijden, salades",Pizzabodem mix,1.29,1.29,,,,,500 g,prijs per kg €2.58,False,,,,,A,True,AH,https://www.ah.nl/producten/product/wi606661,2026-08-12,Il Molino Flour for pizza,meals-salads
436414,57131,AH Biologisch Linguine volkoren,AH Biologisch,maaltijden-salades,"Maaltijden, salades",Verse pasta,2.69,2.69,,,,,250 g,prijs per kg €10.76,False,,,,,A,True,AH,https://www.ah.nl/producten/product/wi436414,2026-08-12,AH Biologisch Linguine volkoren,meals-salads
617752,0,AH Biologisch Linguine volkoren 2-pack,AH Biologisch,maaltijden-salades,"Maaltijden, salades",Verse pasta,5.16,5.38,4.0,4% volume voordeel,,,2 stuks,,True,AHOO,4% volume voordeel,2026-08-12,2999-12-31,,True,AH,https://www.ah.nl/producten/product/wi617752,2026-08-12,AH Organic Linguine whole wheat 2-pack,meals-salads
551437,598038,AH Bami goreng,AH,maaltijden-salades,"Maaltijden, salades",Aziatische vleesmaaltijden,3.95,3.95,,,,,1 kg,prijs per kg €3.95,False,,,,,B,True,AH,https://www.ah.nl/producten/product/wi551437,2026-08-12,AH Bami goreng,meals-salads
622059,0,AH Mihoen goreng 3-pack,AH,maaltijden-salades,"Maaltijden, salades",Aziatische vleesmaaltijden,10.74,11.07,3.0,3% volume voordeel,,,3 stuks,,True,AHOO,3% volume voordeel,2026-08-12,2999-12-31,,True,AH,https://www.ah.nl/producten/product/wi622059,2026-08-12,AH Mihoen goreng 3-pack,meals-salads
508038,684454,AH Pie runderstoof ui,AH,maaltijden-salades,"Maaltijden, salades",Hartige taart,3.95,3.95,,,,,250 g,prijs per kg €15.80,False,,,,,D,True,AH,https://www.ah.nl/producten/product/wi508038,2026-08-12,AH Pie beef stew onion,meals-salads
622016,0,AH Babi pangang 3-pack,AH,maaltijden-salades,"Maaltijden, salades",Aziatische vleesmaaltijden,11.61,11.97,3.0,3% volume voordeel,,,3 stuks,,True,AHOO,3% volume voordeel,2026-08-12,2999-12-31,,True,AH,https://www.ah.nl/producten/product/wi622016,2026-08-12,AH Babi pangang 3-pack,meals-salads
617753,0,AH Biologisch Linguine volkoren 3-pack,AH Biologisch,maaltijden-salades,"Maaltijden, salades",Verse pasta,7.42,8.07,8.0,8% volume voordeel,,,3 stuks,,True,AHOO,8% volume voordeel,2026-08-12,2999-12-31,,True,AH,https://www.ah.nl/producten/product/wi617753,2026-08-12,AH Biologisch Linguine volkoren 3-pack,meals-salads
617754,0,AH Biologisch Linguine volkoren 4-pack,AH Biologisch,maaltijden-salades,"Maaltijden, salades",Verse pasta,9.47,10.76,12.0,12% volume voordeel,,,4 stuks,,True,AHOO,12% volume voordeel,2026-08-12,2999-12-31,,True,AH,https://www.ah.nl/producten/product/wi617754,2026-08-12,AH Organic Linguine whole wheat 4-pack,meals-salads
622017,0,AH Babi pangang 4-pack,AH,maaltijden-salades,"Maaltijden, salades",Aziatische vleesmaaltijden,15.16,15.96,5.0,5% volume voordeel,,,4 stuks,,True,AHOO,5% volume voordeel,2026-08-12,2999-12-31,,True,AH,https://www.ah.nl/producten/product/wi622017,2026-08-12,AH Babi pangang 4-pack,meals-salads
411089,855028,AH Biologisch Verse tagliatelle all' uovo,AH Biologisch,maaltijden-salades,"Maaltijden, salades",Verse pasta,2.69,2.69,,,,,250 g,prijs per kg €10.76,False,,,,,A,True,AH,https://www.ah.nl/producten/product/wi411089,2026-08-12,AH Organic Fresh tagliatelle all' uovo,meals-salads
598115,0,AH Pie runderstoof ui 2-pack,AH,maaltijden-salades,"Maaltijden, salades",Hartige taart,7.58,7.9,4.0,4% volume voordeel,,,2 stuks,,True,AHOO,4% volume voordeel,2026-08-12,2999-12-31,,True,AH,https://www.ah.nl/producten/product/wi598115,2026-08-12,AH Pie beef stew onion 2-pack,meals-salads
617266,0,AH Biologisch Verse tagliatelle all' uovo 2-pack,AH Biologisch,maaltijden-salades,"Maaltijden, salades",Verse pasta,5.16,5.38,4.0,4% volume voordeel,,,2 stuks,,True,AHOO,4% volume voordeel,2026-08-12,2999-12-31,,True,AH,https://www.ah.nl/producten/product/wi617266,2026-08-12,AH Organic Fresh tagliatelle all'uovo 2-pack,meals-salads
622060,0,AH Mihoen goreng 4-pack,AH,maaltijden-salades,"Maaltijden, salades",Aziatische vleesmaaltijden,14.02,14.76,5.0,5% volume voordeel,,,4 stuks,,True,AHOO,5% volume voordeel,2026-08-12,2999-12-31,,True,AH,https://www.ah.nl/producten/product/wi622060,2026-08-12,AH Mihoen goreng 4-pack,meals-salads
552938,675192,AH Gesneden verspakket kip madras,AH,maaltijden-salades,"Groente, aardappelen",Gesneden verspakketten,6.99,6.99,,,,,2-3 pers|20 min,prijs per kg €8.58,False,,,,,B,True,AH,https://www.ah.nl/producten/product/wi552938,2026-08-12,AH Sliced ​​fresh package of chicken madras,meals-salads
617267,0,AH Biologisch Verse tagliatelle all' uovo 3-pack,AH Biologisch,maaltijden-salades,"Maaltijden, salades",Verse pasta,7.42,8.07,8.0,8% volume voordeel,,,3 stuks,,True,AHOO,8% volume voordeel,2026-08-12,2999-12-31,,True,AH,https://www.ah.nl/producten/product/wi617267,2026-08-12,AH Organic Fresh tagliatelle all'uovo 3-pack,meals-salads
617268,0,AH Biologisch Verse tagliatelle all' uovo 4-pack,AH Biologisch,maaltijden-salades,"Maaltijden, salades",Verse pasta,9.47,10.76,12.0,12% volume voordeel,,,4 stuks,,True,AHOO,12% volume voordeel,2026-08-12,2999-12-31,,True,AH,https://www.ah.nl/producten/product/wi617268,2026-08-12,AH Biologisch Verse tagliatelle all' uovo 4-pack,meals-salads
595138,43324,AH Quiche broccoli kaas,AH,maaltijden-salades,"Maaltijden, salades",Quiches,3.99,3.99,,,,,300 g,prijs per kg €13.30,False,,,,,C,True,AH,https://www.ah.nl/producten/product/wi595138,2026-08-12,AH Quiche broccoli cheese,meals-salads
621786,0,AH Quiche broccoli kaas 2-pack,AH,maaltijden-salades,"Maaltijden, salades",Quiches,7.66,7.98,4.0,4% volume voordeel,,,2 stuks,,True,AHOO,4% volume voordeel,2026-08-12,2999-12-31,,True,AH,https://www.ah.nl/producten/product/wi621786,2026-08-12,AH Quiche broccoli cheese 2-pack,meals-salads
613121,70105,AH Gesneden verspakket orzo groente en feta,AH,maaltijden-salades,"Groente, aardappelen",Gesneden verspakketten,6.99,6.99,,,,,3 pers | 30 min,prijs per kg €10.06,False,,,,,A,True,AH,https://www.ah.nl/producten/product/wi613121,2026-08-12,AH Sliced ​​fresh package of orzo vegetables and feta,meals-salads
619137,0,AH Aardappel vrije-uitloop ei 4-pack,AH,maaltijden-salades,"Maaltijden, salades",Aardappelsalade,10.76,11.96,10.0,10% volume voordeel,,,4 stuks,,True,AHOO,10% volume voordeel,2026-08-12,2999-12-31,,True,AH,https://www.ah.nl/producten/product/wi619137,2026-08-12,AH Potato free-range egg 4-pack,meals-salads
617747,0,AH Kleine salade couscous hummus 4-pack,AH,maaltijden-salades,"Maaltijden, salades",Kleine salade,13.26,13.96,5.0,5% volume voordeel,,,4 stuks,,True,AHOO,5% volume voordeel,2026-08-12,2999-12-31,,True,AH,https://www.ah.nl/producten/product/wi617747,2026-08-12,AH Small salad couscous hummus 4-pack,meals-salads
619136,0,AH Aardappel vrije-uitloop ei 3-pack,AH,maaltijden-salades,"Maaltijden, salades",Aardappelsalade,8.52,8.97,5.0,5% volume voordeel,,,3 stuks,,True,AHOO,5% volume voordeel,2026-08-12,2999-12-31,,True,AH,https://www.ah.nl/producten/product/wi619136,2026-08-12,AH Aardappel vrije-uitloop ei 3-pack,meals-salads
238918,830631,AH Verse stamppot andijvie,AH,maaltijden-salades,"Maaltijden, salades",Verse Hollandse maaltijden,5.59,5.59,,,,,500 g,prijs per kg €11.18,False,,,,,C,True,AH,https://www.ah.nl/producten/product/wi238918,2026-08-12,AH Fresh endive stew,meals-salads
590079,35845,AH Huzarensalade,AH,maaltijden-salades,"Maaltijden, salades",Huzarensalades,2.79,2.79,,,,,1 kg,prijs per kg €2.79,False,,,,,C,True,AH,https://www.ah.nl/producten/product/wi590079,2026-08-12,AH Huzarensalad,meals-salads
621787,0,AH Quiche broccoli kaas 3-pack,AH,maaltijden-salades,"Maaltijden, salades",Quiches,11.01,11.97,8.0,8% volume voordeel,,,3 stuks,,True,AHOO,8% volume voordeel,2026-08-12,2999-12-31,,True,AH,https://www.ah.nl/producten/product/wi621787,2026-08-12,AH Quiche broccoli kaas 3-pack,meals-salads
621788,0,AH Quiche broccoli kaas 4-pack,AH,maaltijden-salades,"Maaltijden, salades",Quiches,14.04,15.96,12.0,12% volume voordeel,,,4 stuks,,True,AHOO,12% volume voordeel,2026-08-12,2999-12-31,,True,AH,https://www.ah.nl/producten/product/wi621788,2026-08-12,AH Quiche broccoli cheese 4-pack,meals-salads
556734,81562,Bertolli Pinsa,Bertolli,maaltijden-salades,"Maaltijden, salades",Pizzabodem (vers),3.39,3.39,,,,,230 g,prijs per kg €14.74,False,,,,,C,True,AH,https://www.ah.nl/producten/product/wi556734,2026-08-12,Bertolli Pinsa,meals-salads
600641,51397,AH Gesneden verspakket chicken tortilla's,AH,maaltijden-salades,"Groente, aardappelen",Gesneden verspakketten,7.59,7.59,,,,,4 pers | 20 min,prijs per kg €6.62,False,,,,,A,True,AH,https://www.ah.nl/producten/product/wi600641,2026-08-12,AH Gesneden verspakket chicken tortilla's,meals-salads
619516,0,AH Pie runderstoof ui 4-pack,AH,maaltijden-salades,"Maaltijden, salades",Hartige taart,13.9,15.8,12.0,12% volume voordeel,,,4 stuks,,True,AHOO,12% volume voordeel,2026-08-12,2999-12-31,,True,AH,https://www.ah.nl/producten/product/wi619516,2026-08-12,AH Pie beef stew onion 4-pack,meals-salads
597741,46254,AH Spaghetti bolognese,AH,maaltijden-salades,"Maaltijden, salades",Kant-en-klare Italiaanse maaltijden,2.69,2.69,,,,,450 g,prijs per kg €5.98,False,,,,,B,True,AH,https://www.ah.nl/producten/product/wi597741,2026-08-12,AH Spaghetti bolognese,meals-salads
597803,46405,AH Verse soep tomaat crème,AH,maaltijden-salades,"Maaltijden, salades",Verse soepen,3.0,3.59,16.4,2 voor 6.00,6.0,2.0,500 g,normale prijs per kg €7.18,True,AH,2 voor 6.00,2026-08-10,2026-08-16,C,True,AH,https://www.ah.nl/producten/product/wi597803,2026-08-12,AH Fresh soup tomato cream,meals-salads
619515,0,AH Pie runderstoof ui 3-pack,AH,maaltijden-salades,"Maaltijden, salades",Hartige taart,10.9,11.85,8.0,8% volume voordeel,,,3 stuks,,True,AHOO,8% volume voordeel,2026-08-12,2999-12-31,,True,AH,https://www.ah.nl/producten/product/wi619515,2026-08-12,AH Pie beef stew onion 3-pack,meals-salads
419068,690294,AH Rode biet gehaktbal,AH,maaltijden-salades,"Maaltijden, salades",Traditionele Hollandse gerechten,5.69,5.69,,,,,500 g,prijs per kg €11.38,False,,,,,C,True,AH,https://www.ah.nl/producten/product/wi419068,2026-08-12,AH Beetroot meatball,meals-salads
142440,615816,AH Kip Italiaanse stijl L,AH,maaltijden-salades,"Maaltijden, salades",Maaltijdsalade,4.99,5.99,16.7,€1.00 euro korting,,,450 g,normale prijs per kg €13.31,True,AH,1 euro korting,2026-08-10,2026-08-16,B,True,AH,https://www.ah.nl/producten/product/wi142440,2026-08-12,AH Kip Italian style L,meals-salads
617512,0,AH Rode biet gehaktbal 4-pack,AH,maaltijden-salades,"Maaltijden, salades",Traditionele Hollandse gerechten,21.62,22.76,5.0,5% volume voordeel,,,4 stuks,,True,AHOO,5% volume voordeel,2026-08-12,2999-12-31,,True,AH,https://www.ah.nl/producten/product/wi617512,2026-08-12,AH Beetroot meatball 4-pack,meals-salads
435208,699601,AH Mozzarella tomaat S,AH,maaltijden-salades,"Maaltijden, salades",Kleine salade,3.99,3.99,,,,,210 g,prijs per kg €19.00,False,,,,,B,True,AH,https://www.ah.nl/producten/product/wi435208,2026-08-12,AH Mozzarella tomato S,meals-salads
597737,46250,AH Mihoen kip ketjap,AH,maaltijden-salades,"Maaltijden, salades",Aziatische vleesmaaltijden,4.99,4.99,,,,,450 g,prijs per kg €11.09,False,,,,,C,True,AH,https://www.ah.nl/producten/product/wi597737,2026-08-12,AH Mihoen chicken ketjap,meals-salads
607364,63404,Johma Huzarensalade,Johma,maaltijden-salades,"Maaltijden, salades",Huzarensalades,1.9967,2.49,19.8,3 stuks 5.99,5.99,3.0,400 g,normale prijs per kg €6.23,True,AH,3 stapelen voor 5.99,2026-08-10,2026-08-16,C,True,AH,https://www.ah.nl/producten/product/wi607364,2026-08-12,Johma Huzarensalad,meals-salads
617511,0,AH Rode biet gehaktbal 3-pack,AH,maaltijden-salades,"Maaltijden, salades",Traditionele Hollandse gerechten,16.56,17.07,3.0,3% volume voordeel,,,3 stuks,,True,AHOO,3% volume voordeel,2026-08-12,2999-12-31,,True,AH,https://www.ah.nl/producten/product/wi617511,2026-08-12,AH Beetroot meatball 3-pack,meals-salads
617748,0,AH Kleine salade italiaans 3-pack,AH,maaltijden-salades,"Maaltijden, salades",Kleine salade,11.61,11.97,3.0,3% volume voordeel,,,3 stuks,,True,AHOO,3% volume voordeel,2026-08-12,2999-12-31,,True,AH,https://www.ah.nl/producten/product/wi617748,2026-08-12,AH Small Italian salad 3-pack,meals-salads
622061,0,AH Mihoen kip ketjap 3-pack,AH,maaltijden-salades,"Maaltijden, salades",Aziatische vleesmaaltijden,14.52,14.97,3.0,3% volume voordeel,,,3 stuks,,True,AHOO,3% volume voordeel,2026-08-12,2999-12-31,,True,AH,https://www.ah.nl/producten/product/wi622061,2026-08-12,AH Mihoen kip ketjap 3-pack,meals-salads
38088,76411,AH Rundvleessalade,AH,maaltijden-salades,"Maaltijden, salades",Rundvleessalade,2.89,2.89,,,,,600 g,prijs per kg €4.82,False,,,,,C,True,AH,https://www.ah.nl/producten/product/wi38088,2026-08-12,AH Beef salad,meals-salads
142434,584388,AH Stamppot hutspot hachee,AH,maaltijden-salades,"Maaltijden, salades",Stamppot,4.69,4.69,,,,,500 g,prijs per kg €9.38,False,,,,,C,True,AH,https://www.ah.nl/producten/product/wi142434,2026-08-12,AH Stamppot hutspot hachee,meals-salads
363508,826095,AH Peulvruchten geitenkaas S,AH,maaltijden-salades,"Maaltijden, salades",Kleine salade,3.49,3.49,,,,,215 g,prijs per kg €16.23,False,,,,,B,True,AH,https://www.ah.nl/producten/product/wi363508,2026-08-12,AH Legumes goat cheese S,meals-salads
622062,0,AH Mihoen kip ketjap 4-pack,AH,maaltijden-salades,"Maaltijden, salades",Aziatische vleesmaaltijden,18.96,19.96,5.0,5% volume voordeel,,,4 stuks,,True,AHOO,5% volume voordeel,2026-08-12,2999-12-31,,True,AH,https://www.ah.nl/producten/product/wi622062,2026-08-12,AH Mihoen chicken soy sauce 4-pack,meals-salads
564705,1892,AH Terra Mango hazelnoten L,AH Terra,maaltijden-salades,"Maaltijden, salades",Maaltijdsalade,4.99,5.99,16.7,€1.00 euro korting,,,400 g,normale prijs per kg €14.98,True,AH,1 euro korting,2026-08-10,2026-08-16,B,True,AH,https://www.ah.nl/producten/product/wi564705,2026-08-12,AH Terra Mango hazelnuts L,meals-salads
617749,0,AH Kleine salade italiaans 4-pack,AH,maaltijden-salades,"Maaltijden, salades",Kleine salade,15.16,15.96,5.0,5% volume voordeel,,,4 stuks,,True,AHOO,5% volume voordeel,2026-08-12,2999-12-31,,True,AH,https://www.ah.nl/producten/product/wi617749,2026-08-12,AH Small Italian salad 4-pack,meals-salads
620362,0,AH Terra Plantaardig maaltijdsalade mango hzl 3pk,AH Terra,maaltijden-salades,"Maaltijden, salades",Maaltijdsalade,14.97,17.97,16.7,pakketkorting,,,3 stuks,,True,AHOO,,2026-08-12,2026-08-16,,True,AH,https://www.ah.nl/producten/product/wi620362,2026-08-12,AH Terra Vegetable meal salad mango hzl 3pk,meals-salads
620363,0,AH Terra Plantardig maaltijdsalade mango hazl 4pk,AH Terra,maaltijden-salades,"Maaltijden, salades",Maaltijdsalade,19.96,23.96,16.7,pakketkorting,,,4 stuks,,True,AHOO,,2026-08-12,2026-08-16,,True,AH,https://www.ah.nl/producten/product/wi620363,2026-08-12,AH Terra Vegetable meal salad mango hazl 4pk,meals-salads
564214,2253,AH Gesneden verspakket Koreaanse bowl kip,AH,maaltijden-salades,"Groente, aardappelen",Gesneden verspakketten,6.99,6.99,,,,,2-3 pers | 35 m,,False,,,,,B,True,AH,https://www.ah.nl/producten/product/wi564214,2026-08-12,AH Sliced ​​fresh package Korean bowl chicken,meals-salads
570550,11737,AH Gesneden verspakket lasagne,AH,maaltijden-salades,"Groente, aardappelen",Gesneden verspakketten,7.59,7.59,,,,,4 pers | 30 min,prijs per kg €6.44,False,,,,,B,True,AH,https://www.ah.nl/producten/product/wi570550,2026-08-12,AH Gesneden verspakket lasagne,meals-salads
498545,810121,AH Teriyaki verspakket,AH,maaltijden-salades,"Groente, aardappelen",Ongesneden verspakketten,5.99,5.99,,,,,4 pers | 25 min,,False,,,,,B,True,AH,https://www.ah.nl/producten/product/wi498545,2026-08-12,AH Teriyaki fresh package,meals-salads
597784,46330,AH Verse maaltijd pasta pesto kip,AH,maaltijden-salades,"Maaltijden, salades",Verse Italiaanse maaltijden,6.0,6.99,14.2,2 voor 12.00,12.0,2.0,450 g,normale prijs per kg €15.53,True,AH,2 VOOR 12.00,2026-08-10,2026-08-16,C,True,AH,https://www.ah.nl/producten/product/wi597784,2026-08-12,AH Fresh meal pasta pesto chicken,meals-salads
97120,92502,AH Stamppot zuurkool rookworst,AH,maaltijden-salades,"Maaltijden, salades",Stamppot,4.69,4.69,,,,,500 g,prijs per kg €9.38,False,,,,,C,True,AH,https://www.ah.nl/producten/product/wi97120,2026-08-12,AH Stew of sauerkraut smoked sausage,meals-salads
579428,22551,AH Geitenkaas appel M,AH,maaltijden-salades,"Maaltijden, salades",Kleine salade,3.5,4.49,22.0,2 voor 7.00,7.0,2.0,270 g,normale prijs per kg €16.63,True,AH,2 voor 7.00,2026-08-10,2026-08-16,C,True,AH,https://www.ah.nl/producten/product/wi579428,2026-08-12,AH Geitenkaas appel M,meals-salads
508047,690802,AH Quiche tomaat mozzarella volkoren bodem,AH,maaltijden-salades,"Maaltijden, salades",Quiches,3.99,3.99,,,,,300 g,prijs per kg €13.30,False,,,,,D,True,AH,https://www.ah.nl/producten/product/wi508047,2026-08-12,AH Quiche tomato mozzarella whole wheat base,meals-salads
597761,46449,AH Verse pinsa spek ui,AH,maaltijden-salades,"Maaltijden, salades",Verse Pizza,5.0,5.99,16.5,2 voor 10.00,10.0,2.0,375 g,normale prijs per kg €15.97,True,AH,2 voor 10.00,2026-08-10,2026-08-16,C,True,AH,https://www.ah.nl/producten/product/wi597761,2026-08-12,AH Fresh pinsa bacon onion,meals-salads
505709,850166,AH Braadworst bloemkool,AH,maaltijden-salades,"Maaltijden, salades",Traditionele Hollandse gerechten,4.99,4.99,,,,,500 g,prijs per kg €9.98,False,,,,,C,True,AH,https://www.ah.nl/producten/product/wi505709,2026-08-12,AH Bratwurst cauliflower,meals-salads
618292,0,AH Stamppot zuurkool rookworst 3-pack,AH,maaltijden-salades,"Maaltijden, salades",Stamppot,13.65,14.07,3.0,3% volume voordeel,,,3 stuks,,True,AHOO,3% volume voordeel,2026-08-12,2999-12-31,,True,AH,https://www.ah.nl/producten/product/wi618292,2026-08-12,AH Stew sauerkraut smoked sausage 3-pack,meals-salads
618968,0,AH Braadworst bloemkool 3-pack,AH,maaltijden-salades,"Maaltijden, salades",Traditionele Hollandse gerechten,14.52,14.97,3.0,3% volume voordeel,,,3 stuks,,True,AHOO,3% volume voordeel,2026-08-12,2999-12-31,,True,AH,https://www.ah.nl/producten/product/wi618968,2026-08-12,AH Bratwurst cauliflower 3-pack,meals-salads
132573,595402,AH Gerookte zalm L,AH,maaltijden-salades,"Maaltijden, salades",Maaltijdsalade,4.99,5.99,16.7,€1.00 euro korting,,,450 g,normale prijs per kg €13.31,True,AH,1 euro korting,2026-08-10,2026-08-16,B,True,AH,https://www.ah.nl/producten/product/wi132573,2026-08-12,AH Smoked salmon L,meals-salads
618127,0,AH Maaltijdsalade gerookte zalm 3-pack,AH,maaltijden-salades,"Maaltijden, salades",Maaltijdsalade,14.97,17.97,16.7,pakketkorting,,,3 stuks,,True,AHOO,,2026-08-12,2026-08-16,,True,AH,https://www.ah.nl/producten/product/wi618127,2026-08-12,AH Maaltijdsalade gerookte zalm 3-pack,meals-salads
597722,46232,AH Ajam sate & nasi,AH,maaltijden-salades,"Maaltijden, salades",Aziatische vleesmaaltijden,4.99,4.99,,,,,450 g,prijs per kg €11.09,False,,,,,C,True,AH,https://www.ah.nl/producten/product/wi597722,2026-08-12,AH Ajam satay & nasi,meals-salads
618293,0,AH Stamppot zuurkool rookworst 4-pack,AH,maaltijden-salades,"Maaltijden, salades",Stamppot,17.82,18.76,5.0,5% volume voordeel,,,4 stuks,,True,AHOO,5% volume voordeel,2026-08-12,2999-12-31,,True,AH,https://www.ah.nl/producten/product/wi618293,2026-08-12,AH Stamppot zuurkool rookworst 4-pack,meals-salads
621750,0,AH Ajam sate & nasi 3-pack,AH,maaltijden-salades,"Maaltijden, salades",Aziatische vleesmaaltijden,14.52,14.97,3.0,3% volume voordeel,,,3 stuks,,True,AHOO,3% volume voordeel,2026-08-12,2999-12-31,,True,AH,https://www.ah.nl/producten/product/wi621750,2026-08-12,AH Ajam satay & nasi 3-pack,meals-salads
618969,0,AH Braadworst bloemkool 4-pack,AH,maaltijden-salades,"Maaltijden, salades",Traditionele Hollandse gerechten,18.96,19.96,5.0,5% volume voordeel,,,4 stuks,,True,AHOO,5% volume voordeel,2026-08-12,2999-12-31,,True,AH,https://www.ah.nl/producten/product/wi618969,2026-08-12,AH Bratwurst cauliflower 4-pack,meals-salads
491171,745537,AH Prei-kerrie soep verspakket,AH,maaltijden-salades,"Groente, aardappelen",Soeppakketten,4.99,4.99,,,,,6 pers | 35 min,,False,,,,,C,True,AH,https://www.ah.nl/producten/product/wi491171,2026-08-12,AH Prei-kerrie soep verspakket,meals-salads
618128,0,AH Maaltijdsalade gerookte zalm 4-pack,AH,maaltijden-salades,"Maaltijden, salades",Maaltijdsalade,19.96,23.96,16.7,pakketkorting,,,4 stuks,,True,AHOO,,2026-08-12,2026-08-16,,True,AH,https://www.ah.nl/producten/product/wi618128,2026-08-12,AH Maaltijdsalade gerookte zalm 4-pack,meals-salads
619534,0,AH Quiche tomaat mozzarella volkrn bodm 2pk,AH,maaltijden-salades,"Maaltijden, salades",Quiches,7.66,7.98,4.0,4% volume voordeel,,,2 stuks,,True,AHOO,4% volume voordeel,2026-08-12,2999-12-31,,True,AH,https://www.ah.nl/producten/product/wi619534,2026-08-12,AH Quiche tomaat mozzarella volkrn bodm 2pk,meals-salads
621751,0,AH Ajam sate & nasi 4-pack,AH,maaltijden-salades,"Maaltijden, salades",Aziatische vleesmaaltijden,18.96,19.96,5.0,5% volume voordeel,,,4 stuks,,True,AHOO,5% volume voordeel,2026-08-12,2999-12-31,,True,AH,https://www.ah.nl/producten/product/wi621751,2026-08-12,AH Ajam sate & nasi 4-pack,meals-salads
484149,739412,AH Stoomsoep tom kha kai,AH,maaltijden-salades,"Maaltijden, salades",Stoommaaltijden,4.995,6.99,28.5,2 voor 9.99,9.99,2.0,550 g,normale prijs per kg €12.71,True,AH,2 voor 9.99,2026-08-10,2026-08-16,C,True,AH,https://www.ah.nl/producten/product/wi484149,2026-08-12,AH Steam soup tom kha kai,meals-salads
591776,0,AH Stoomsoep tom kha kai 2-pack,AH,maaltijden-salades,"Maaltijden, salades",Stoommaaltijden,9.99,13.98,28.5,pakketkorting,,,2 stuks,,True,AHOO,,2026-08-12,2026-08-16,,True,AH,https://www.ah.nl/producten/product/wi591776,2026-08-12,AH Steam soup tom kha kai 2-pack,meals-salads
619536,0,AH Quiche tomaat mozzarella vlkrn bodem 4pk,AH,maaltijden-salades,"Maaltijden, salades",Quiches,14.04,15.96,12.0,12% volume voordeel,,,4 stuks,,True,AHOO,12% volume voordeel,2026-08-12,2999-12-31,,True,AH,https://www.ah.nl/producten/product/wi619536,2026-08-12,AH Quiche tomato mozzarella fllkrn bottom 4pk,meals-salads
619535,0,AH Quiche tomaat mozzarella vlkrn bodem 3pk,AH,maaltijden-salades,"Maaltijden, salades",Quiches,11.01,11.97,8.0,8% volume voordeel,,,3 stuks,,True,AHOO,8% volume voordeel,2026-08-12,2999-12-31,,True,AH,https://www.ah.nl/producten/product/wi619535,2026-08-12,AH Quiche tomato mozzarella fllkrn bottom 3pk,meals-salads
155467,623520,AH Tomaat mozzarella L,AH,maaltijden-salades,"Maaltijden, salades",Maaltijdsalade,4.49,5.49,18.2,€1.00 euro korting,,,450 g,normale prijs per kg €12.20,True,AH,1 euro korting,2026-08-10,2026-08-16,A,True,AH,https://www.ah.nl/producten/product/wi155467,2026-08-12,AH Tomato mozzarella L,meals-salads
597733,46246,AH Sate ajam,AH,maaltijden-salades,"Maaltijden, salades",Aziatische kip en vismaaltijden,3.99,3.99,,,,,275 g,prijs per kg €14.51,False,,,,,C,True,AH,https://www.ah.nl/producten/product/wi597733,2026-08-12,AH Sate ajam,meals-salads
517577,74826,AH Terra Pureersoep courgette,AH Terra,maaltijden-salades,"Maaltijden, salades",Verse soepen,3.5,4.49,22.0,2 voor 7.00,7.0,2.0,455 g,normale prijs per kg €9.87,True,AH,2 voor 7.00,2026-08-10,2026-08-16,B,True,AH,https://www.ah.nl/producten/product/wi517577,2026-08-12,AH Terra Zucchini puree soup,meals-salads
583591,26291,Westland Kip slaatje,Westland,maaltijden-salades,"Maaltijden, salades",Slaatjes,1.29,1.29,,,,,140 g,prijs per kg €9.21,False,,,,,C,True,AH,https://www.ah.nl/producten/product/wi583591,2026-08-12,Westland Chicken salad,meals-salads
2348,41310,Van Gilse Mini suikerklontjes,Van Gilse,maaltijden-salades,"Maaltijden, salades","Suiker, poedersuiker",1.49,1.49,,,,,500 g,prijs per kg €2.98,False,,,,,E,True,AH,https://www.ah.nl/producten/product/wi2348,2026-08-12,Van Gilse Mini sugar cubes,meals-salads
38077,67352,AH Huzarensalade,AH,maaltijden-salades,"Maaltijden, salades",Huzarensalades,2.39,2.39,,,,,600 g,prijs per kg €3.98,False,,,,,C,True,AH,https://www.ah.nl/producten/product/wi38077,2026-08-12,AH Huzarensalad,meals-salads
160926,627990,AH Stamppot bloemkool-broccoli gehaktbal,AH,maaltijden-salades,"Maaltijden, salades",Stamppot,4.69,4.69,,,,,500 g,prijs per kg €9.38,False,,,,,C,True,AH,https://www.ah.nl/producten/product/wi160926,2026-08-12,AH Stew cauliflower-broccoli meatball,meals-salads
597793,46461,AH Verse pizza Amerikaans spicy salami,AH,maaltijden-salades,"Maaltijden, salades",Verse Pizza,6.0,6.99,14.2,2 voor 12.00,12.0,2.0,450 g,normale prijs per kg €15.53,True,AH,2 VOOR 12.00,2026-08-10,2026-08-16,,True,AH,https://www.ah.nl/producten/product/wi597793,2026-08-12,AH Verse pizza Amerikaans spicy salami,meals-salads
564707,1895,AH Terra Mango amandel M,AH Terra,maaltijden-salades,"Maaltijden, salades",Maaltijdsalade,3.5,4.49,22.0,2 voor 7.00,7.0,2.0,260 g,normale prijs per kg €17.27,True,AH,2 voor 7.00,2026-08-10,2026-08-16,A,True,AH,https://www.ah.nl/producten/product/wi564707,2026-08-12,AH Terra Mango almond M,meals-salads
611279,68289,AH Risotto tomaat paprika verspakket,AH,maaltijden-salades,"Groente, aardappelen",Ongesneden verspakketten,5.99,5.99,,,,,4 pers | 55 min,,False,,,,,C,True,AH,https://www.ah.nl/producten/product/wi611279,2026-08-12,AH Risotto tomaat paprika verspakket,meals-salads
221485,814597,AH Kip ketjap L,AH,maaltijden-salades,"Maaltijden, salades",Maaltijdsalade,4.49,5.49,18.2,€1.00 euro korting,,,450 g,normale prijs per kg €12.20,True,AH,1 euro korting,2026-08-10,2026-08-16,B,True,AH,https://www.ah.nl/producten/product/wi221485,2026-08-12,AH Chicken ketjap L,meals-salads
622072,0,AH Sate ajam 3-pack,AH,maaltijden-salades,"Maaltijden, salades",Aziatische kip en vismaaltijden,11.61,11.97,3.0,3% volume voordeel,,,3 stuks,,True,AHOO,3% volume voordeel,2026-08-12,2999-12-31,,True,AH,https://www.ah.nl/producten/product/wi622072,2026-08-12,AH Sate ajam 3-pack,meals-salads
435433,46932,AH Terra Pureersoep broccoli spinazie,AH Terra,maaltijden-salades,"Maaltijden, salades",Verse soepen,3.5,4.49,22.0,2 voor 7.00,7.0,2.0,450 g,normale prijs per kg €9.98,True,AH,2 voor 7.00,2026-08-10,2026-08-16,B,True,AH,https://www.ah.nl/producten/product/wi435433,2026-08-12,AH Terra Broccoli spinach puree soup,meals-salads
161792,629940,Westland Zalm slaatje,Westland,maaltijden-salades,"Maaltijden, salades",Slaatjes,1.29,1.29,,,,,140 g,prijs per kg €9.21,False,,,,,C,True,AH,https://www.ah.nl/producten/product/wi161792,2026-08-12,Westland Salmon salad,meals-salads
96779,531033,AH Terra Plantaardig pastasaus napolitana,AH Terra,maaltijden-salades,"Maaltijden, salades",Verse pastasaus,2.49,2.49,,,,,225 g,prijs per kg €11.07,False,,,,,A,True,AH,https://www.ah.nl/producten/product/wi96779,2026-08-12,AH Terra Vegetable pasta sauce napolitana,meals-salads
618193,0,AH Terra Plantaardig pastasaus napolitana 2-pack,AH Terra,maaltijden-salades,"Maaltijden, salades",Verse pastasaus,4.78,4.98,4.0,4% volume voordeel,,,2 stuks,,True,AHOO,4% volume voordeel,2026-08-12,2999-12-31,,True,AH,https://www.ah.nl/producten/product/wi618193,2026-08-12,AH Terra Vegetable pasta sauce napolitana 2-pack,meals-salads
618919,0,AH Stoomsoep tom kha kai 3-pack,AH,maaltijden-salades,"Maaltijden, salades",Stoommaaltijden,16.98,20.97,19.0,pakketkorting,,,3 stuks,,True,AHOO,,2026-08-12,2026-08-16,,True,AH,https://www.ah.nl/producten/product/wi618919,2026-08-12,AH Steam soup tom kha kai 3-pack,meals-salads
618920,0,AH Stoomsoep tom kha kai 4-pack,AH,maaltijden-salades,"Maaltijden, salades",Stoommaaltijden,19.98,27.96,28.5,pakketkorting,,,4 stuks,,True,AHOO,,2026-08-12,2026-08-16,,True,AH,https://www.ah.nl/producten/product/wi618920,2026-08-12,AH Steam soup tom kha kai 4-pack,meals-salads
618194,0,AH Terra Plantaardig pastasaus napolitana 3-pack,AH Terra,maaltijden-salades,"Maaltijden, salades",Verse pastasaus,6.87,7.47,8.0,8% volume voordeel,,,3 stuks,,True,AHOO,8% volume voordeel,2026-08-12,2999-12-31,,True,AH,https://www.ah.nl/producten/product/wi618194,2026-08-12,AH Terra Vegetable pasta sauce napolitana 3-pack,meals-salads
618195,0,AH Terra Plantaardig pastasaus napolitana 4-pack,AH Terra,maaltijden-salades,"Maaltijden, salades",Verse pastasaus,8.76,9.96,12.0,12% volume voordeel,,,4 stuks,,True,AHOO,12% volume voordeel,2026-08-12,2999-12-31,,True,AH,https://www.ah.nl/producten/product/wi618195,2026-08-12,AH Terra Vegetable pasta sauce napolitana 4-pack,meals-salads
227237,820010,AH Stoommaaltijd kip rozemarijn,AH,maaltijden-salades,"Maaltijden, salades",Stoommaaltijden,4.995,6.99,28.5,2 voor 9.99,9.99,2.0,450 g,normale prijs per kg €15.53,True,AH,2 voor 9.99,2026-08-10,2026-08-16,B,True,AH,https://www.ah.nl/producten/product/wi227237,2026-08-12,AH Steam meal chicken rosemary,meals-salads
482847,737558,AH Terra Pureersoep zoete aardappel paprika,AH Terra,maaltijden-salades,"Maaltijden, salades",Verse soepen,3.5,4.49,22.0,2 voor 7.00,7.0,2.0,480 g,normale prijs per kg €9.35,True,AH,2 voor 7.00,2026-08-10,2026-08-16,B,True,AH,https://www.ah.nl/producten/product/wi482847,2026-08-12,AH Terra Pureersoep zoete aardappel paprika,meals-salads
365392,832131,AH Pasta pesto M,AH,maaltijden-salades,"Maaltijden, salades",Pastasalade,3.5,4.49,22.0,2 voor 7.00,7.0,2.0,350 g,normale prijs per kg €12.83,True,AH,2 voor 7.00,2026-08-10,2026-08-16,C,True,AH,https://www.ah.nl/producten/product/wi365392,2026-08-12,AH Pasta pesto M,meals-salads
551438,887662,AH Nasi goreng,AH,maaltijden-salades,"Maaltijden, salades",Aziatische vleesmaaltijden,3.95,3.95,,,,,1 kg,prijs per kg €3.95,False,,,,,B,True,AH,https://www.ah.nl/producten/product/wi551438,2026-08-12,AH Nasi goreng,meals-salads
595139,43325,Jan Volkoren poffertjes,Jan,maaltijden-salades,"Maaltijden, salades",Poffertjes,2.99,2.99,,,,,30 stuks,,False,,,,,C,True,AH,https://www.ah.nl/producten/product/wi595139,2026-08-12,Jan Whole wheat pancakes,meals-salads
386315,843930,AH Gerookte kip appel L,AH,maaltijden-salades,"Maaltijden, salades",Maaltijdsalade,4.49,5.49,18.2,€1.00 euro korting,,,450 g,normale prijs per kg €12.20,True,AH,1 euro korting,2026-08-10,2026-08-16,B,True,AH,https://www.ah.nl/producten/product/wi386315,2026-08-12,AH Smoked chicken apple L,meals-salads
619240,0,AH Maaltijdsalade gerookte kip appel 3-pack,AH,maaltijden-salades,"Maaltijden, salades",Maaltijdsalade,13.47,16.47,18.2,pakketkorting,,,3 stuks,,True,AHOO,,2026-08-12,2026-08-16,,True,AH,https://www.ah.nl/producten/product/wi619240,2026-08-12,AH Meal salad smoked chicken apple 3-pack,meals-salads
619241,0,AH Maaltijdsalade gerookte kip appel 4-pack,AH,maaltijden-salades,"Maaltijden, salades",Maaltijdsalade,17.96,21.96,18.2,pakketkorting,,,4 stuks,,True,AHOO,,2026-08-12,2026-08-16,,True,AH,https://www.ah.nl/producten/product/wi619241,2026-08-12,AH Meal salad smoked chicken apple 4-pack,meals-salads
475648,728890,AH Terra Couscous falafel M,AH Terra,maaltijden-salades,"Maaltijden, salades",Maaltijdsalade,3.5,4.49,22.0,2 voor 7.00,7.0,2.0,305 g,normale prijs per kg €14.72,True,AH,2 voor 7.00,2026-08-10,2026-08-16,A,True,AH,https://www.ah.nl/producten/product/wi475648,2026-08-12,AH Terra Couscous falafel M,meals-salads
500483,812514,Bertolli Pizzabodems,Bertolli,maaltijden-salades,"Maaltijden, salades",Pizzabodem (vers),2.75,2.75,,,,,280 g,prijs per kg €9.82,False,,,,,C,True,AH,https://www.ah.nl/producten/product/wi500483,2026-08-12,Bertolli Pizza bases,meals-salads
597748,46283,AH Verse maaltijd linguini carbonara,AH,maaltijden-salades,"Maaltijden, salades",Verse Italiaanse maaltijden,6.0,6.49,7.6,2 voor 12.00,12.0,2.0,450 g,normale prijs per kg €14.42,True,AH,2 VOOR 12.00,2026-08-10,2026-08-16,C,True,AH,https://www.ah.nl/producten/product/wi597748,2026-08-12,AH Verse maaltijd linguini carbonara,meals-salads
597752,46287,AH Verse maaltijd butter chicken,AH,maaltijden-salades,"Maaltijden, salades",Verse wereld maaltijden,6.0,6.49,7.6,2 voor 12.00,12.0,2.0,450 g,normale prijs per kg €14.42,True,AH,2 VOOR 12.00,2026-08-10,2026-08-16,B,True,AH,https://www.ah.nl/producten/product/wi597752,2026-08-12,AH Fresh meal butter chicken,meals-salads
561682,744786,AH Verse soep Oosterse kip,AH,maaltijden-salades,"Maaltijden, salades",Verse soepen,3.0,3.59,16.4,2 voor 6.00,6.0,2.0,500 g,normale prijs per kg €7.18,True,AH,2 voor 6.00,2026-08-10,2026-08-16,B,True,AH,https://www.ah.nl/producten/product/wi561682,2026-08-12,AH Verse soep Oosterse kip,meals-salads
597734,46247,AH Nasi kip sate,AH,maaltijden-salades,"Maaltijden, salades",Aziatische kip en vismaaltijden,3.79,3.79,,,,,500 g,prijs per kg €7.58,False,,,,,B,True,AH,https://www.ah.nl/producten/product/wi597734,2026-08-12,AH Nasi chicken satay,meals-salads
601070,0,Marhaba Pizza lahmacun 3-pack,Marhaba,maaltijden-salades,"Maaltijden, salades",Halal snacks (vers),8.97,11.97,25.1,pakketkorting,,,3 stuks,,True,AHOO,,2026-08-12,2026-08-16,,True,AH,https://www.ah.nl/producten/product/wi601070,2026-08-12,Marhaba Pizza lahmacun 3-pack,meals-salads
120337,563815,AH Stamppot spinazie gehaktballetjes,AH,maaltijden-salades,"Maaltijden, salades",Stamppot,4.69,4.69,,,,,500 g,prijs per kg €9.38,False,,,,,C,True,AH,https://www.ah.nl/producten/product/wi120337,2026-08-12,AH Stew spinach meatballs,meals-salads
618288,0,AH Stamppot spinazie gehaktballetjes 3-pack,AH,maaltijden-salades,"Maaltijden, salades",Stamppot,13.65,14.07,3.0,3% volume voordeel,,,3 stuks,,True,AHOO,3% volume voordeel,2026-08-12,2999-12-31,,True,AH,https://www.ah.nl/producten/product/wi618288,2026-08-12,AH Stew spinach meatballs 3-pack,meals-salads
597726,46239,AH Babi pangang & nasi,AH,maaltijden-salades,"Maaltijden, salades",Aziatische vleesmaaltijden,4.99,4.99,,,,,450 g,prijs per kg €11.09,False,,,,,C,True,AH,https://www.ah.nl/producten/product/wi597726,2026-08-12,AH Babi pangang & nasi,meals-salads
597795,47245,AH Volkoren pancakes,AH,maaltijden-salades,"Maaltijden, salades",Pannenkoeken,2.59,2.59,,,,,240 g,prijs per kg €10.79,False,,,,,C,True,AH,https://www.ah.nl/producten/product/wi597795,2026-08-12,AH Whole wheat pancakes,meals-salads
622014,0,AH Babi pangang & nasi 3-pack,AH,maaltijden-salades,"Maaltijden, salades",Aziatische vleesmaaltijden,14.52,14.97,3.0,3% volume voordeel,,,3 stuks,,True,AHOO,3% volume voordeel,2026-08-12,2999-12-31,,True,AH,https://www.ah.nl/producten/product/wi622014,2026-08-12,AH Babi pangang & nasi 3-pack,meals-salads
578160,0,AH Knoflooksaus 2-pack,AH,maaltijden-salades,"Maaltijden, salades",Groente pizzabodems,7.74,7.98,3.0,3% volume voordeel,,,2 stuks,,True,AHOO,3% volume voordeel,2026-08-12,2999-12-31,,True,AH,https://www.ah.nl/producten/product/wi578160,2026-08-12,AH Garlic Sauce 2-pack,meals-salads
618289,0,AH Stamppot spinazie gehaktballetjes 4-pack,AH,maaltijden-salades,"Maaltijden, salades",Stamppot,17.82,18.76,5.0,5% volume voordeel,,,4 stuks,,True,AHOO,5% volume voordeel,2026-08-12,2999-12-31,,True,AH,https://www.ah.nl/producten/product/wi618289,2026-08-12,AH Stew spinach meatballs 4-pack,meals-salads
596754,45114,AH Verse maaltijd beef teriyaki,AH,maaltijden-salades,"Maaltijden, salades",Verse Aziatische maaltijden,6.0,6.99,14.2,2 voor 12.00,12.0,2.0,450 g,normale prijs per kg €15.53,True,AH,2 VOOR 12.00,2026-08-10,2026-08-16,C,True,AH,https://www.ah.nl/producten/product/wi596754,2026-08-12,AH Fresh meal beef teriyaki,meals-salads
611680,67943,Westland Luxe ei schotel,Westland,maaltijden-salades,"Maaltijden, salades",Huzarensalades,3.49,3.49,,,,,400 g,prijs per kg €8.73,False,,,,,C,True,AH,https://www.ah.nl/producten/product/wi611680,2026-08-12,Westland Luxe ei schotel,meals-salads
622015,0,AH Babi pangang & nasi 4-pack,AH,maaltijden-salades,"Maaltijden, salades",Aziatische vleesmaaltijden,18.96,19.96,5.0,5% volume voordeel,,,4 stuks,,True,AHOO,5% volume voordeel,2026-08-12,2999-12-31,,True,AH,https://www.ah.nl/producten/product/wi622015,2026-08-12,AH Babi pangang & nasi 4-pack,meals-salads
622103,0,AH Volkoren pancakes 2-pack,AH,maaltijden-salades,"Maaltijden, salades",Pannenkoeken,5.08,5.18,2.0,2% volume voordeel,,,2 stuks,,True,AHOO,2% volume voordeel,2026-08-12,2999-12-31,,True,AH,https://www.ah.nl/producten/product/wi622103,2026-08-12,AH Whole wheat pancakes 2-pack,meals-salads
563781,1502,AH Pasta kip kebab M,AH,maaltijden-salades,"Maaltijden, salades",Pastasalade,3.5,4.49,22.0,2 voor 7.00,7.0,2.0,350 g,normale prijs per kg €12.83,True,AH,2 voor 7.00,2026-08-10,2026-08-16,C,True,AH,https://www.ah.nl/producten/product/wi563781,2026-08-12,AH Pasta chicken kebab M,meals-salads
622105,0,AH Volkoren pancakes 4-pack,AH,maaltijden-salades,"Maaltijden, salades",Pannenkoeken,9.74,10.36,6.0,6% volume voordeel,,,4 stuks,,True,AHOO,6% volume voordeel,2026-08-12,2999-12-31,,True,AH,https://www.ah.nl/producten/product/wi622105,2026-08-12,AH Whole wheat pancakes 4-pack,meals-salads
509279,675386,Bonduelle Lunchbowl spelt,Bonduelle,maaltijden-salades,"Maaltijden, salades",Maaltijdsalade,2.99,2.99,,,,,250 g,prijs per kg €11.96,False,,,,,A,True,AH,https://www.ah.nl/producten/product/wi509279,2026-08-12,Bonduelle Lunchbowl spelt,meals-salads
597804,46406,AH Verse soep Chinese tomaat,AH,maaltijden-salades,"Maaltijden, salades",Verse soepen,3.0,3.59,16.4,2 voor 6.00,6.0,2.0,500 g,normale prijs per kg €7.18,True,AH,2 voor 6.00,2026-08-10,2026-08-16,C,True,AH,https://www.ah.nl/producten/product/wi597804,2026-08-12,AH Fresh Chinese tomato soup,meals-salads
622104,0,AH Volkoren pancakes 3-pack,AH,maaltijden-salades,"Maaltijden, salades",Pannenkoeken,7.46,7.77,4.0,4% volume voordeel,,,3 stuks,,True,AHOO,4% volume voordeel,2026-08-12,2999-12-31,,True,AH,https://www.ah.nl/producten/product/wi622104,2026-08-12,AH Whole wheat pancakes 3-pack,meals-salads
509277,675346,Bonduelle Lunchbowl quinoa,Bonduelle,maaltijden-salades,"Maaltijden, salades",Maaltijdsalade,2.99,2.99,,,,,250 g,prijs per kg €11.96,False,,,,,A,True,AH,https://www.ah.nl/producten/product/wi509277,2026-08-12,Bonduelle Lunchbowl quinoa,meals-salads
624648,0,Bonduelle Bonduelle Lunchbowl spelt 3-pack,Bonduelle,maaltijden-salades,"Maaltijden, salades",Maaltijdsalade,8.52,8.97,5.0,5% volume voordeel,,,3 stuks,,True,AHOO,5% volume voordeel,2026-08-12,2999-12-31,,True,AH,https://www.ah.nl/producten/product/wi624648,2026-08-12,Bonduelle Bonduelle Lunchbowl spelled 3-pack,meals-salads
624649,0,Bonduelle Bonduelle Lunchbowl spelt 6-pack,Bonduelle,maaltijden-salades,"Maaltijden, salades",Maaltijdsalade,16.15,17.94,10.0,10% volume voordeel,,,6 stuks,,True,AHOO,10% volume voordeel,2026-08-12,2999-12-31,,True,AH,https://www.ah.nl/producten/product/wi624649,2026-08-12,Bonduelle Bonduelle Lunchbowl spelt 6-pack,meals-salads
508037,684409,AH Pie pulled pork,AH,maaltijden-salades,"Maaltijden, salades",Hartige taart,3.85,3.85,,,,,250 g,prijs per kg €15.40,False,,,,,D,True,AH,https://www.ah.nl/producten/product/wi508037,2026-08-12,AH Pie pulled pork,meals-salads
597778,46308,AH Verse maaltijd roti kip,AH,maaltijden-salades,"Maaltijden, salades",Verse wereld maaltijden,6.0,6.99,14.2,2 voor 12.00,12.0,2.0,450 g,normale prijs per kg €15.53,True,AH,2 VOOR 12.00,2026-08-10,2026-08-16,C,True,AH,https://www.ah.nl/producten/product/wi597778,2026-08-12,AH Fresh roti chicken meal,meals-salads
619512,0,AH Pie pulled pork 2-pack,AH,maaltijden-salades,"Maaltijden, salades",Hartige taart,7.39,7.7,4.0,4% volume voordeel,,,2 stuks,,True,AHOO,4% volume voordeel,2026-08-12,2999-12-31,,True,AH,https://www.ah.nl/producten/product/wi619512,2026-08-12,AH Pie pulled pork 2-pack,meals-salads
196938,751716,Van Gilse Fijne kaneelsuiker,Van Gilse,maaltijden-salades,"Maaltijden, salades","Suiker, poedersuiker",0.99,0.99,,,,,200 g,prijs per kg €4.95,False,,,,,E,True,AH,https://www.ah.nl/producten/product/wi196938,2026-08-12,Van Gilse Fine cinnamon sugar,meals-salads
525235,701194,AH Gesneden verspakket traybake gnocchi,AH,maaltijden-salades,"Groente, aardappelen",Gesneden verspakketten,7.59,7.59,,,,,4 pers | 10 min,prijs per kg €5.03,False,,,,,A,True,AH,https://www.ah.nl/producten/product/wi525235,2026-08-12,AH Sliced ​​fresh package traybake gnocchi,meals-salads
210755,803489,AH Verse stamppot witlof ham kaas,AH,maaltijden-salades,"Maaltijden, salades",Verse Hollandse maaltijden,5.59,5.59,,,,,540 g,prijs per kg €10.35,False,,,,,A,True,AH,https://www.ah.nl/producten/product/wi210755,2026-08-12,AH Verse stamppot witlof ham kaas,meals-salads
584901,29695,AH Terra Plantaardige ravioli arrabbiata,AH Terra,maaltijden-salades,"Maaltijden, salades",Verse pasta,3.19,3.19,,,,,250 g,prijs per kg €12.76,False,,,,,C,True,AH,https://www.ah.nl/producten/product/wi584901,2026-08-12,AH Terra Vegetable ravioli arrabbiata,meals-salads
619513,0,AH Pie pulled pork 3-pack,AH,maaltijden-salades,"Maaltijden, salades",Hartige taart,10.63,11.55,8.0,8% volume voordeel,,,3 stuks,,True,AHOO,8% volume voordeel,2026-08-12,2999-12-31,,True,AH,https://www.ah.nl/producten/product/wi619513,2026-08-12,AH Pie pulled pork 3-pack,meals-salads
619514,0,AH Pie pulled pork 4-pack,AH,maaltijden-salades,"Maaltijden, salades",Hartige taart,13.55,15.4,12.0,12% volume voordeel,,,4 stuks,,True,AHOO,12% volume voordeel,2026-08-12,2999-12-31,,True,AH,https://www.ah.nl/producten/product/wi619514,2026-08-12,AH Pie pulled pork 4-pack,meals-salads
621089,0,AH Terra Plantaardige ravioli arrabbiata 2-pack,AH Terra,maaltijden-salades,"Maaltijden, salades",Verse pasta,6.12,6.38,4.0,4% volume voordeel,,,2 stuks,,True,AHOO,4% volume voordeel,2026-08-12,2999-12-31,,True,AH,https://www.ah.nl/producten/product/wi621089,2026-08-12,AH Terra Vegetable ravioli arrabbiata 2-pack,meals-salads
227236,820009,AH Stoommaaltijd kip tandoori,AH,maaltijden-salades,"Maaltijden, salades",Stoommaaltijden,4.995,6.49,23.0,2 voor 9.99,9.99,2.0,450 g,normale prijs per kg €14.42,True,AH,2 voor 9.99,2026-08-10,2026-08-16,A,True,AH,https://www.ah.nl/producten/product/wi227236,2026-08-12,AH Steam meal tandoori chicken,meals-salads
597763,46454,AH Verse pinsa gorgonzola,AH,maaltijden-salades,"Maaltijden, salades",Verse Pizza,5.0,5.99,16.5,2 voor 10.00,10.0,2.0,380 g,normale prijs per kg €15.76,True,AH,2 voor 10.00,2026-08-10,2026-08-16,C,True,AH,https://www.ah.nl/producten/product/wi597763,2026-08-12,AH Fresh pinsa gorgonzola,meals-salads
621090,0,AH Terra Plantaardige ravioli arrabbiata 3-pack,AH Terra,maaltijden-salades,"Maaltijden, salades",Verse pasta,8.8,9.57,8.0,8% volume voordeel,,,3 stuks,,True,AHOO,8% volume voordeel,2026-08-12,2999-12-31,,True,AH,https://www.ah.nl/producten/product/wi621090,2026-08-12,AH Terra Vegetable ravioli arrabbiata 3-pack,meals-salads
621091,0,AH Terra Plantaardige ravioli arrabbiata 4-pack,AH Terra,maaltijden-salades,"Maaltijden, salades",Verse pasta,11.23,12.76,12.0,12% volume voordeel,,,4 stuks,,True,AHOO,12% volume voordeel,2026-08-12,2999-12-31,,True,AH,https://www.ah.nl/producten/product/wi621091,2026-08-12,AH Terra Vegetable ravioli arrabbiata 4-pack,meals-salads
475649,728945,AH Stoommaaltijd beef teriyaki,AH,maaltijden-salades,"Maaltijden, salades",Stoommaaltijden,4.995,7.49,33.3,2 voor 9.99,9.99,2.0,450 g,normale prijs per kg €16.64,True,AH,2 voor 9.99,2026-08-10,2026-08-16,B,True,AH,https://www.ah.nl/producten/product/wi475649,2026-08-12,AH Stoommaaltijd beef teriyaki,meals-salads
618739,0,AH Stoommaaltijd beef teriyaki 3-pack,AH,maaltijden-salades,"Maaltijden, salades",Stoommaaltijden,17.48,22.47,22.2,pakketkorting,,,3 stuks,,True,AHOO,,2026-08-12,2026-08-16,,True,AH,https://www.ah.nl/producten/product/wi618739,2026-08-12,AH Stoommaaltijd beef teriyaki 3-pack,meals-salads
618740,0,AH Stoommaaltijd beef teriyaki 4-pack,AH,maaltijden-salades,"Maaltijden, salades",Stoommaaltijden,19.98,29.96,33.3,pakketkorting,,,4 stuks,,True,AHOO,,2026-08-12,2026-08-16,,True,AH,https://www.ah.nl/producten/product/wi618740,2026-08-12,AH Steam meal beef teriyaki 4-pack,meals-salads
561685,888108,AH Terra Verse soep pompoen,AH Terra,maaltijden-salades,"Maaltijden, salades",Verse soepen,3.0,3.59,16.4,2 voor 6.00,6.0,2.0,500 g,normale prijs per kg €7.18,True,AH,2 voor 6.00,2026-08-10,2026-08-16,B,True,AH,https://www.ah.nl/producten/product/wi561685,2026-08-12,AH Terra Fresh pumpkin soup,meals-salads
597743,46256,AH Lasagne bolognese,AH,maaltijden-salades,"Maaltijden, salades",Kant-en-klare Italiaanse maaltijden,3.99,3.99,,,,,400 g,prijs per kg €9.98,False,,,,,B,True,AH,https://www.ah.nl/producten/product/wi597743,2026-08-12,AH Lasagna bolognese,meals-salads
609195,66959,AH Focacciadeeg,AH,maaltijden-salades,"Maaltijden, salades",Pizzabodem (vers),1.99,1.99,,,,,385 g,prijs per kg €5.17,False,,,,,C,True,AH,https://www.ah.nl/producten/product/wi609195,2026-08-12,AH Focaccia dough,meals-salads
597721,46322,AH Verse maaltijd lasagne,AH,maaltijden-salades,"Maaltijden, salades",Verse Italiaanse maaltijden,6.0,6.49,7.6,2 voor 12.00,12.0,2.0,450 g,normale prijs per kg €14.42,True,AH,2 VOOR 12.00,2026-08-10,2026-08-16,B,True,AH,https://www.ah.nl/producten/product/wi597721,2026-08-12,AH Fresh meal lasagna,meals-salads
597736,46249,AH Bami foe yong hai,AH,maaltijden-salades,"Maaltijden, salades",Aziatische vleesmaaltijden,4.99,4.99,,,,,450 g,prijs per kg €11.09,False,,,,,C,True,AH,https://www.ah.nl/producten/product/wi597736,2026-08-12,AH Bami foe yong hai,meals-salads
597785,46331,AH Verse maaltijd spaghetti meatballs,AH,maaltijden-salades,"Maaltijden, salades",Verse Italiaanse maaltijden,6.0,6.99,14.2,2 voor 12.00,12.0,2.0,450 g,normale prijs per kg €15.53,True,AH,2 VOOR 12.00,2026-08-10,2026-08-16,C,True,AH,https://www.ah.nl/producten/product/wi597785,2026-08-12,AH Fresh meal spaghetti meatballs,meals-salads
622018,0,AH Bami foe yong hai 3-pack,AH,maaltijden-salades,"Maaltijden, salades",Aziatische vleesmaaltijden,14.52,14.97,3.0,3% volume voordeel,,,3 stuks,,True,AHOO,3% volume voordeel,2026-08-12,2999-12-31,,True,AH,https://www.ah.nl/producten/product/wi622018,2026-08-12,AH Bami foe yong hai 3-pack,meals-salads
597780,46324,AH Verse maaltijd indische runderstoof,AH,maaltijden-salades,"Maaltijden, salades",Verse wereld maaltijden,6.0,6.99,14.2,2 voor 12.00,12.0,2.0,450 g,normale prijs per kg €15.53,True,AH,2 VOOR 12.00,2026-08-10,2026-08-16,C,True,AH,https://www.ah.nl/producten/product/wi597780,2026-08-12,AH Fresh meal of Indian beef stew,meals-salads
537154,747636,AH Paprikasoep verspakket,AH,maaltijden-salades,"Groente, aardappelen",Soeppakketten,4.99,4.99,,,,,6 pers | 30 min,,False,,,,,B,True,AH,https://www.ah.nl/producten/product/wi537154,2026-08-12,AH Pepper soup fresh package,meals-salads
4004,646767,AH Rundergehakt,AH,vlees,Vlees,Rundergehakt,4.25,4.25,,,,,300 g,prijs per kg €14.17,False,,,,,C,True,AH,https://www.ah.nl/producten/product/wi4004,2026-08-12,AH Minced beef,meat
531875,803161,AH Scharrel krokante kipfiletschnitzel,AH,vlees,Vlees,Schnitzel (kip),3.99,3.99,,,,,250 g,prijs per kg €15.96,False,,,,,C,True,AH,https://www.ah.nl/producten/product/wi531875,2026-08-12,AH Scharrel krokante kipfiletschnitzel,meat
533080,683624,AH Scharrel kipfilet blokjes,AH,vlees,Vlees,Kipfilet blokjes,4.49,5.49,18.2,€1.00 euro korting,,,300 g,normale prijs per kg €18.30,True,AH,1 euro korting,2026-08-10,2026-08-16,A,True,AH,https://www.ah.nl/producten/product/wi533080,2026-08-12,AH Free-range chicken fillet cubes,meat
619728,0,AH Scharrel krokante kipfiletschnitzel 2-pk,AH,vlees,Vlees,Schnitzel (kip),7.74,7.98,3.0,3% volume voordeel,,,2 stuks,,True,AHOO,3% volume voordeel,2026-08-12,2999-12-31,,True,AH,https://www.ah.nl/producten/product/wi619728,2026-08-12,AH Scharrel krokante kipfiletschnitzel 2-pk,meat
619797,0,AH Scharrel kipfilet blokjes 3-pack,AH,vlees,Vlees,Kipfilet blokjes,13.47,16.47,18.2,pakketkorting,,,3 stuks,,True,AHOO,,2026-08-12,2026-08-16,,True,AH,https://www.ah.nl/producten/product/wi619797,2026-08-12,AH Scharrel kipfilet blokjes 3-pack,meat
619729,0,AH Scharrel krokante kipfiletschnitzel 3-pk,AH,vlees,Vlees,Schnitzel (kip),11.37,11.97,5.0,5% volume voordeel,,,3 stuks,,True,AHOO,5% volume voordeel,2026-08-12,2999-12-31,,True,AH,https://www.ah.nl/producten/product/wi619729,2026-08-12,AH Scharrel crispy chicken fillet schnitzel 3-pk,meat
619798,0,AH Scharrel kipfilet blokjes 4-pack,AH,vlees,Vlees,Kipfilet blokjes,17.96,21.96,18.2,pakketkorting,,,4 stuks,,True,AHOO,,2026-08-12,2026-08-16,,True,AH,https://www.ah.nl/producten/product/wi619798,2026-08-12,AH Scharrel chicken fillet cubes 4-pack,meat
619730,0,AH Scharrel krokante kipfiletschnitzel 4-pk,AH,vlees,Vlees,Schnitzel (kip),14.68,15.96,8.0,8% volume voordeel,,,4 stuks,,True,AHOO,8% volume voordeel,2026-08-12,2999-12-31,,True,AH,https://www.ah.nl/producten/product/wi619730,2026-08-12,AH Scharrel crispy chicken fillet schnitzel 4-pk,meat
619799,0,AH Scharrel kipfilet blokjes 6-pack,AH,vlees,Vlees,Kipfilet blokjes,26.94,32.94,18.2,pakketkorting,,,6 stuks,,True,AHOO,,2026-08-12,2026-08-16,,True,AH,https://www.ah.nl/producten/product/wi619799,2026-08-12,AH Scharrel chicken fillet cubes 6-pack,meat
533083,805391,AH Scharrel kipfilet 2 stuks,AH,vlees,Vlees,Kipfilet stuk,4.49,4.49,,,,,300 g,prijs per kg €14.97,False,,,,,A,True,AH,https://www.ah.nl/producten/product/wi533083,2026-08-12,AH Free-range chicken fillet 2 pieces,meat
374144,836799,Unox Knaks,Unox,vlees,Vlees,Knakworst,2.79,2.79,,,,,400 g,prijs per kg €12.68,False,,,,,D,True,AH,https://www.ah.nl/producten/product/wi374144,2026-08-12,Unox Knaks,meat
590447,0,Unox Knaks 2-pack,Unox,vlees,Vlees,Knakworst,5.02,5.58,10.0,10% volume voordeel,,,2 stuks,,True,AHOO,10% volume voordeel,2026-08-12,2999-12-31,,True,AH,https://www.ah.nl/producten/product/wi590447,2026-08-12,Unox Knaks 2-pack,meat
221032,815840,Meester & Zn. Gerookte spekreepjes,Meester & Zn.,vlees,Vlees,Reepjes spek en bacon (voorverpakt),3.19,3.19,,,,,300 g,prijs per kg €10.63,False,,,,,E,True,AH,https://www.ah.nl/producten/product/wi221032,2026-08-12,Meester & Zn. Smoked bacon strips,meat
4011,646768,AH Rundergehakt,AH,vlees,Vlees,Rundergehakt,5.55,5.55,,,,,500 g,prijs per kg €11.10,False,,,,,C,True,AH,https://www.ah.nl/producten/product/wi4011,2026-08-12,AH Minced beef,meat
567449,0,AH Rundergehakt 4-pack,AH,vlees,Vlees,Rundergehakt,21.09,22.2,5.0,5% volume voordeel,,,4 stuks,,True,AHOO,5% volume voordeel,2026-08-12,2999-12-31,,True,AH,https://www.ah.nl/producten/product/wi567449,2026-08-12,AH Minced Beef 4-pack,meat
561333,708531,AH Gemengd gehakt,AH,vlees,Vlees,Gehakt (half-om-half),4.59,4.59,,,,,500 g,prijs per kg €9.18,False,,,,,C,True,AH,https://www.ah.nl/producten/product/wi561333,2026-08-12,AH Mixed minced meat,meat
187594,780708,AH Greenfields Beefburger naturel 2 stuks,AH Greenfields,vlees,Vlees,Hamburgers (rund),4.99,4.99,,,,,2 stuks,prijs per kg €19.96,False,,,,,D,True,AH,https://www.ah.nl/producten/product/wi187594,2026-08-12,AH Greenfields Beefburger natural 2 pieces,meat
531867,803397,AH Scharrel kip cordon bleu 2 stuks,AH,vlees,Vlees,Cordon bleu (kip),3.39,3.39,,,,,250 g,prijs per kg €13.56,False,,,,,C,True,AH,https://www.ah.nl/producten/product/wi531867,2026-08-12,AH Free-range chicken cordon bleu 2 pieces,meat
619682,0,AH Scharrel kip cordon bleu 2 stuks 2-pack,AH,vlees,Vlees,Cordon bleu (kip),6.58,6.78,3.0,3% volume voordeel,,,2 stuks,,True,AHOO,3% volume voordeel,2026-08-12,2999-12-31,,True,AH,https://www.ah.nl/producten/product/wi619682,2026-08-12,AH Free-range chicken cordon bleu 2 pieces 2-pack,meat
619683,0,AH Scharrel kip cordon bleu 2 stuks 3-pack,AH,vlees,Vlees,Cordon bleu (kip),9.66,10.17,5.0,5% volume voordeel,,,3 stuks,,True,AHOO,5% volume voordeel,2026-08-12,2999-12-31,,True,AH,https://www.ah.nl/producten/product/wi619683,2026-08-12,AH Free-range chicken cordon bleu 2 pieces 3-pack,meat
619684,0,AH Scharrel kip cordon bleu 2 stuks 4-pack,AH,vlees,Vlees,Cordon bleu (kip),12.48,13.56,8.0,8% volume voordeel,,,4 stuks,,True,AHOO,8% volume voordeel,2026-08-12,2999-12-31,,True,AH,https://www.ah.nl/producten/product/wi619684,2026-08-12,AH Free-range chicken cordon bleu 2 pieces 4-pack,meat
533082,805509,AH Scharrel kipschnitzel 2 stuks,AH,vlees,Vlees,Schnitzel (kip),3.19,3.19,,,,,205 g,prijs per kg €15.56,False,,,,,C,True,AH,https://www.ah.nl/producten/product/wi533082,2026-08-12,AH Free-range chicken schnitzel 2 pieces,meat
567361,0,AH Scharrel kipschnitzel 2 stuks 3-pack,AH,vlees,Vlees,Schnitzel (kip),9.09,9.57,5.0,5% volume voordeel,,,3 stuks,,True,AHOO,5% volume voordeel,2026-08-12,2999-12-31,,True,AH,https://www.ah.nl/producten/product/wi567361,2026-08-12,AH Free-range chicken schnitzel 2 pieces 3-pack,meat
619803,0,AH Scharrel kipschnitzel 2 stuks 2-pack,AH,vlees,Vlees,Schnitzel (kip),6.19,6.38,3.0,3% volume voordeel,,,2 stuks,,True,AHOO,3% volume voordeel,2026-08-12,2999-12-31,,True,AH,https://www.ah.nl/producten/product/wi619803,2026-08-12,AH Free-range chicken schnitzel 2 pieces 2-pack,meat
531876,803098,AH Scharrel krokante kipfiletburger 2 stuks,AH,vlees,Vlees,Kipburger,3.49,3.49,,,,,200 g,prijs per kg €17.45,False,,,,,C,True,AH,https://www.ah.nl/producten/product/wi531876,2026-08-12,AH Scharrel crispy chicken fillet burger 2 pieces,meat
619722,0,AH Scharrel krokant kipfiletburger 2 st 2pk,AH,vlees,Vlees,Kipburger,6.77,6.98,3.0,3% volume voordeel,,,2 stuks,,True,AHOO,3% volume voordeel,2026-08-12,2999-12-31,,True,AH,https://www.ah.nl/producten/product/wi619722,2026-08-12,AH Scharrel crispy chicken fillet burger 2 pcs 2pk,meat
619804,0,AH Scharrel kipschnitzel 2 stuks 4-pack,AH,vlees,Vlees,Schnitzel (kip),11.74,12.76,8.0,8% volume voordeel,,,4 stuks,,True,AHOO,8% volume voordeel,2026-08-12,2999-12-31,,True,AH,https://www.ah.nl/producten/product/wi619804,2026-08-12,AH Free-range chicken schnitzel 2 pieces 4-pack,meat
619723,0,AH Scharrel krokant kipfiletburger 2 st 3pk,AH,vlees,Vlees,Kipburger,9.95,10.47,5.0,5% volume voordeel,,,3 stuks,,True,AHOO,5% volume voordeel,2026-08-12,2999-12-31,,True,AH,https://www.ah.nl/producten/product/wi619723,2026-08-12,AH Scharrel crispy chicken fillet burger 2 pcs 3pk,meat
619724,0,AH Scharrel krokante kipfiletburger 2st 4pk,AH,vlees,Vlees,Kipburger,12.84,13.96,8.0,8% volume voordeel,,,4 stuks,,True,AHOO,8% volume voordeel,2026-08-12,2999-12-31,,True,AH,https://www.ah.nl/producten/product/wi619724,2026-08-12,AH Scharrel crispy chicken fillet burger 2pcs 4pk,meat
531832,804698,AH Scharrel kipdijfilet reepjes,AH,vlees,Vlees,Kipfilet reepjes,4.99,4.99,,,,,350 g,prijs per kg €14.26,False,,,,,A,True,AH,https://www.ah.nl/producten/product/wi531832,2026-08-12,AH Free-range chicken thigh fillet strips,meat
169238,646771,AH Runderhamburger 2st,AH,vlees,Vlees,Hamburgers (rund),3.49,3.49,,,,,200 g,prijs per kg €17.45,False,,,,,D,True,AH,https://www.ah.nl/producten/product/wi169238,2026-08-12,AH Beef hamburger 2 pcs,meat
66067,97762,AH Kip knakworst,AH,vlees,Vlees,Knakworst,1.75,1.75,,,,,400 g,prijs per kg €8.75,False,,,,,D,True,AH,https://www.ah.nl/producten/product/wi66067,2026-08-12,AH Chicken frankfurter,meat
533079,59574,AH Scharrel kipfilet 3 stuks,AH,vlees,Vlees,Kipfilet stuk,8.29,8.29,,,,,600 g,prijs per kg €13.82,False,,,,,A,True,AH,https://www.ah.nl/producten/product/wi533079,2026-08-12,AH Free-range chicken fillet 3 pieces,meat
162009,808271,Wahid Wahid kipfilet,Wahid,vlees,Vleeswaren,Halal vleeswaren,2.69,2.69,,,,,125 g,prijs per kg €21.52,False,,,,,D,True,AH,https://www.ah.nl/producten/product/wi162009,2026-08-12,Wahid Wahid chicken fillet,meat
601157,0,Wahid Wahid kipfilet 3-pack,Wahid,vlees,Vleeswaren,Halal vleeswaren,7.67,8.07,5.0,5% volume voordeel,,,3 stuks,,True,AHOO,5% volume voordeel,2026-08-12,2999-12-31,,True,AH,https://www.ah.nl/producten/product/wi601157,2026-08-12,Wahid Wahid chicken fillet 3-pack,meat
531848,804298,AH Scharrel kipdijfilet,AH,vlees,Vlees,Kipfilet stuk,8.85,8.85,,,,,770 g,prijs per kg €11.49,False,,,,,A,True,AH,https://www.ah.nl/producten/product/wi531848,2026-08-12,AH Free-range chicken thigh fillet,meat
130257,591015,AH Biologisch Spekreepjes gerookt,AH Biologisch,vlees,Vlees,Reepjes spek en bacon (voorverpakt),4.99,4.99,,,,,200 g,prijs per kg €24.95,False,,,,,E,True,AH,https://www.ah.nl/producten/product/wi130257,2026-08-12,AH Organic Smoked Bacon Strips,meat
618281,0,AH Biologisch Spekreepjes gerookt 2-pack,AH Biologisch,vlees,Vlees,Reepjes spek en bacon (voorverpakt),9.48,9.98,5.0,5% volume voordeel,,,2 stuks,,True,AHOO,5% volume voordeel,2026-08-12,2999-12-31,,True,AH,https://www.ah.nl/producten/product/wi618281,2026-08-12,AH Organic Smoked Bacon Strips 2-pack,meat
618285,0,AH Biologisch Spekreepjes gerookt 4-pack,AH Biologisch,vlees,Vlees,Reepjes spek en bacon (voorverpakt),16.97,19.96,15.0,15% volume voordeel,,,4 stuks,,True,AHOO,15% volume voordeel,2026-08-12,2999-12-31,,True,AH,https://www.ah.nl/producten/product/wi618285,2026-08-12,AH Organic Smoked Bacon Strips 4-pack,meat
618283,0,AH Biologisch Spekreepjes gerookt 3-pack,AH Biologisch,vlees,Vlees,Reepjes spek en bacon (voorverpakt),13.47,14.97,10.0,10% volume voordeel,,,3 stuks,,True,AHOO,10% volume voordeel,2026-08-12,2999-12-31,,True,AH,https://www.ah.nl/producten/product/wi618283,2026-08-12,AH Organic Smoked Bacon Strips 3-pack,meat
533081,805643,AH Kipfilethaasjes,AH,vlees,Vlees,Kipfilet stuk,5.49,5.49,,,,,300 g,prijs per kg €18.30,False,,,,,A,True,AH,https://www.ah.nl/producten/product/wi533081,2026-08-12,AH Chicken fillet tenderloins,meat
619764,0,AH Kipfilethaasjes 3-pack,AH,vlees,Vlees,Kipfilet stuk,16.14,16.47,2.0,2% volume voordeel,,,3 stuks,,True,AHOO,2% volume voordeel,2026-08-12,2999-12-31,,True,AH,https://www.ah.nl/producten/product/wi619764,2026-08-12,AH Chicken fillet tenderloins 3-pack,meat
619765,0,AH Kipfilethaasjes 4-pack,AH,vlees,Vlees,Kipfilet stuk,21.3,21.96,3.0,3% volume voordeel,,,4 stuks,,True,AHOO,3% volume voordeel,2026-08-12,2999-12-31,,True,AH,https://www.ah.nl/producten/product/wi619765,2026-08-12,AH Chicken fillet tenderloins 4-pack,meat
619766,0,AH Kipfilethaasjes 6-pack,AH,vlees,Vlees,Kipfilet stuk,31.29,32.94,5.0,5% volume voordeel,,,6 stuks,,True,AHOO,5% volume voordeel,2026-08-12,2999-12-31,,True,AH,https://www.ah.nl/producten/product/wi619766,2026-08-12,AH Chicken fillet tenderloins 6-pack,meat
451141,579436,AH Scharrel kipfilet blokjes,AH,vlees,Vlees,Kipfilet blokjes,3.99,3.99,,,,,200 g,prijs per kg €19.95,False,,,,,A,True,AH,https://www.ah.nl/producten/product/wi451141,2026-08-12,AH Free-range chicken fillet cubes,meat
617873,0,AH Scharrel kipfilet blokjes 3-pack,AH,vlees,Vlees,Kipfilet blokjes,11.73,11.97,2.0,2% volume voordeel,,,3 stuks,,True,AHOO,2% volume voordeel,2026-08-12,2999-12-31,,True,AH,https://www.ah.nl/producten/product/wi617873,2026-08-12,AH Scharrel kipfilet blokjes 3-pack,meat
617874,0,AH Scharrel kipfilet blokjes 4-pack,AH,vlees,Vlees,Kipfilet blokjes,15.48,15.96,3.0,3% volume voordeel,,,4 stuks,,True,AHOO,3% volume voordeel,2026-08-12,2999-12-31,,True,AH,https://www.ah.nl/producten/product/wi617874,2026-08-12,AH Scharrel chicken fillet cubes 4-pack,meat
617875,0,AH Scharrel kipfilet blokjes 6-pack,AH,vlees,Vlees,Kipfilet blokjes,22.74,23.94,5.0,5% volume voordeel,,,6 stuks,,True,AHOO,5% volume voordeel,2026-08-12,2999-12-31,,True,AH,https://www.ah.nl/producten/product/wi617875,2026-08-12,AH Scharrel chicken fillet cubes 6-pack,meat
197231,793815,AH Scharrel kipdijfilet,AH,vlees,Vlees,Kipfilet stuk,5.88,5.88,,,,,ca. 480 g,prijs per kg €12.25,False,,,,,A,True,AH,https://www.ah.nl/producten/product/wi197231,2026-08-12,AH Free-range chicken thigh fillet,meat
531869,803388,AH Scharrel kip saté schnitzel 2 stuks,AH,vlees,Vlees,Schnitzel (kip),3.29,3.29,,,,,250 g,prijs per kg €13.16,False,,,,,C,True,AH,https://www.ah.nl/producten/product/wi531869,2026-08-12,AH Free-range chicken satay schnitzel 2 pieces,meat
187604,781314,AH Varkensschnitzel gepaneerd,AH,vlees,Vlees,"Schnitzel, cordon bleu",3.69,3.69,,,,,300 g,prijs per kg €12.30,False,,,,,C,True,AH,https://www.ah.nl/producten/product/wi187604,2026-08-12,AH Varkensschnitzel gepaneerd,meat
531828,805051,AH Scharrel kipfilet stukjes roerbak,AH,vlees,Vlees,Kipfilet blokjes,7.99,7.99,,,,,500 g,prijs per kg €15.98,False,,,,,A,True,AH,https://www.ah.nl/producten/product/wi531828,2026-08-12,"AH Free-range chicken fillet pieces, stir-fry",meat
577829,0,AH Scharrel kipsateschnitzel 2 stuks 3-pack,AH,vlees,Vlees,Schnitzel (kip),9.38,9.87,5.0,5% volume voordeel,,,3 stuks,,True,AHOO,5% volume voordeel,2026-08-12,2999-12-31,,True,AH,https://www.ah.nl/producten/product/wi577829,2026-08-12,AH Scharrel kipsateschnitzel 2 stuks 3-pack,meat
619688,0,AH Scharrel kip sate schnitzel 2 stuks 2-pk,AH,vlees,Vlees,Schnitzel (kip),6.38,6.58,3.0,3% volume voordeel,,,2 stuks,,True,AHOO,3% volume voordeel,2026-08-12,2999-12-31,,True,AH,https://www.ah.nl/producten/product/wi619688,2026-08-12,AH Free-range chicken satay schnitzel 2 pieces 2-pk,meat
531871,803369,AH Scharrel kipburger gepaneerd 2 stuks,AH,vlees,Vlees,Kipburger,2.79,2.79,,,,,200 g,prijs per kg €13.95,False,,,,,C,True,AH,https://www.ah.nl/producten/product/wi531871,2026-08-12,AH Scharrel chicken burger breaded 2 pieces,meat
619704,0,AH Scharrel kipfilet stukjes roerbak 3-pack,AH,vlees,Vlees,Kipfilet blokjes,23.49,23.97,2.0,2% volume voordeel,,,3 stuks,,True,AHOO,2% volume voordeel,2026-08-12,2999-12-31,,True,AH,https://www.ah.nl/producten/product/wi619704,2026-08-12,AH Scharrel chicken fillet pieces stir-fry 3-pack,meat
619689,0,AH Scharrel kip sate schnitzel 2 stuks 4pk,AH,vlees,Vlees,Schnitzel (kip),12.11,13.16,8.0,8% volume voordeel,,,4 stuks,,True,AHOO,8% volume voordeel,2026-08-12,2999-12-31,,True,AH,https://www.ah.nl/producten/product/wi619689,2026-08-12,AH Free-range chicken satay schnitzel 2 pieces 4pk,meat
619706,0,AH Scharrel kipfilet stukjes roerbak 4-pack,AH,vlees,Vlees,Kipfilet blokjes,31.0,31.96,3.0,3% volume voordeel,,,4 stuks,,True,AHOO,3% volume voordeel,2026-08-12,2999-12-31,,True,AH,https://www.ah.nl/producten/product/wi619706,2026-08-12,AH Scharrel chicken fillet pieces stir-fry 4-pack,meat
619708,0,AH Scharrel kipfilet stukjes roerbak 6-pack,AH,vlees,Vlees,Kipfilet blokjes,45.54,47.94,5.0,5% volume voordeel,,,6 stuks,,True,AHOO,5% volume voordeel,2026-08-12,2999-12-31,,True,AH,https://www.ah.nl/producten/product/wi619708,2026-08-12,AH Scharrel chicken fillet pieces stir-fry 6-pack,meat
533085,805332,AH Scharrel kipburger 2 stuks,AH,vlees,Vlees,Kipburger,3.59,3.59,,,,,250 g,prijs per kg €14.36,False,,,,,,True,AH,https://www.ah.nl/producten/product/wi533085,2026-08-12,AH Free range chicken burger 2 pieces,meat
561331,567550,AH Gemengd gehakt,AH,vlees,Vlees,Gehakt (half-om-half),3.59,3.59,,,,,300 g,prijs per kg €11.97,False,,,,,C,True,AH,https://www.ah.nl/producten/product/wi561331,2026-08-12,AH Mixed minced meat,meat
602333,0,AH Scharrel kipburger 2 stuks 2-pack,AH,vlees,Vlees,Kipburger,6.96,7.18,3.0,3% volume voordeel,,,2 stuks,,True,AHOO,3% volume voordeel,2026-08-12,2999-12-31,,True,AH,https://www.ah.nl/producten/product/wi602333,2026-08-12,AH Free range chicken burger 2 pieces 2-pack,meat
210607,803992,AH Shoarma,AH,vlees,Vlees,"Shoarma, Gyros",4.95,4.95,,,,,500 g,prijs per kg €9.90,False,,,,,C,True,AH,https://www.ah.nl/producten/product/wi210607,2026-08-12,AH Shawarma,meat
165535,638198,AH Scharrel kipfilet gerookt,AH,vlees,Vlees,Gerookte kip,3.39,3.39,,,,,ca. 160 g,prijs per kg €21.19,False,,,,,B,True,AH,https://www.ah.nl/producten/product/wi165535,2026-08-12,AH Free-range smoked chicken fillet,meat
103377,646770,AH Runder hamburger 4 stuks,AH,vlees,Vlees,Hamburgers (rund),4.85,4.85,,,,,400 g,prijs per kg €12.13,False,,,,,D,True,AH,https://www.ah.nl/producten/product/wi103377,2026-08-12,AH Beef hamburger 4 pieces,meat
619796,0,AH Scharrel kipburger 2 stuks 4-pack,AH,vlees,Vlees,Kipburger,13.21,14.36,8.0,8% volume voordeel,,,4 stuks,,True,AHOO,8% volume voordeel,2026-08-12,2999-12-31,,True,AH,https://www.ah.nl/producten/product/wi619796,2026-08-12,AH Scharrel kipburger 2 stuks 4-pack,meat
619795,0,AH Scharrel kipburger 2 stuks 3-pack,AH,vlees,Vlees,Kipburger,10.23,10.77,5.0,5% volume voordeel,,,3 stuks,,True,AHOO,5% volume voordeel,2026-08-12,2999-12-31,,True,AH,https://www.ah.nl/producten/product/wi619795,2026-08-12,AH Scharrel kipburger 2 stuks 3-pack,meat
4007,646778,AH Half-om-half gehakt,AH,vlees,Vlees,Gehakt (half-om-half),4.59,4.59,,,,,500 g,prijs per kg €9.18,False,,,,,C,True,AH,https://www.ah.nl/producten/product/wi4007,2026-08-12,AH Half-and-half minced meat,meat
436917,701237,AH Kipgehakt naturel,AH,vlees,Vlees,Gehakt (kip),3.99,3.99,,,,,300 g,prijs per kg €13.30,False,,,,,,True,AH,https://www.ah.nl/producten/product/wi436917,2026-08-12,AH Minced chicken natural,meat
132227,590598,AH Kipreepjes,AH,vlees,Vlees,Gerookte kip,3.99,3.99,,,,,200 g,prijs per kg €19.95,False,,,,,D,True,AH,https://www.ah.nl/producten/product/wi132227,2026-08-12,AH Chicken strips,meat
1565,779494,AH Ontbijtspek,AH,vlees,Vleeswaren,Plakken spek en bacon (voorverpakt),3.35,3.35,,,,,150 g,prijs per kg €22.33,False,,,,,E,True,AH,https://www.ah.nl/producten/product/wi1565,2026-08-12,AH Breakfast bacon,meat
169172,646773,AH Rundertartaar,AH,vlees,Vlees,Tartaar,3.99,3.99,,,,,2 stuks,,False,,,,,C,True,AH,https://www.ah.nl/producten/product/wi169172,2026-08-12,AH Beef tartare,meat
603293,0,AH Kipreepjes 2-pack,AH,vlees,Vlees,Gerookte kip,7.58,7.98,5.0,5% volume voordeel,,,2 stuks,,True,AHOO,5% volume voordeel,2026-08-12,2999-12-31,,True,AH,https://www.ah.nl/producten/product/wi603293,2026-08-12,AH Chicken Strips 2-pack,meat
483907,738255,AH Varkensslavink 4 stuks,AH,vlees,Vlees,"Slavinken, boomstammetjes",3.99,3.99,,,,,4 stuks,,False,,,,,D,True,AH,https://www.ah.nl/producten/product/wi483907,2026-08-12,AH Varkensslavink 4 stuks,meat
238946,830738,AH Rundersoepballetjes,AH,vlees,Vlees,Soepvlees (rund),3.59,3.59,,,,,ca. 250 g,prijs per kg €14.36,False,,,,,D,True,AH,https://www.ah.nl/producten/product/wi238946,2026-08-12,AH Beef soup balls,meat
199715,780705,AH Mager rundergehakt 300g,AH,vlees,Vlees,Rundergehakt,4.69,4.69,,,,,300 g,prijs per kg €15.63,False,,,,,C,True,AH,https://www.ah.nl/producten/product/wi199715,2026-08-12,AH Lean minced beef 300g,meat
612614,68665,AH BBQ scharrel kipsatéspies,AH,vlees,Vlees,Kipfilet blokjes,4.99,4.99,,,,,ca. 200 g,prijs per kg €24.95,False,,,,,A,True,AH,https://www.ah.nl/producten/product/wi612614,2026-08-12,AH BBQ free-range chicken satay skewer,meat
169421,646764,AH Braadworst 4 stuks,AH,vlees,Vlees,Worst (varken),3.19,3.19,,,,,4 stuks,,False,,,,,D,True,AH,https://www.ah.nl/producten/product/wi169421,2026-08-12,AH Bratwurst 4 pieces,meat
232208,822313,AH Varkenshaas,AH,vlees,Vlees,Varkenshaas,6.0,6.0,,,,,2 stuks,prijs per kg €12.50,False,,,,,A,True,AH,https://www.ah.nl/producten/product/wi232208,2026-08-12,AH Pork tenderloin,meat
618117,0,AH Kipreepjes 4-pack,AH,vlees,Vlees,Gerookte kip,13.57,15.96,15.0,15% volume voordeel,,,4 stuks,,True,AHOO,15% volume voordeel,2026-08-12,2999-12-31,,True,AH,https://www.ah.nl/producten/product/wi618117,2026-08-12,AH Chicken Strips 4-pack,meat
618116,0,AH Kipreepjes 3-pack,AH,vlees,Vlees,Gerookte kip,10.77,11.97,10.0,10% volume voordeel,,,3 stuks,,True,AHOO,10% volume voordeel,2026-08-12,2999-12-31,,True,AH,https://www.ah.nl/producten/product/wi618116,2026-08-12,AH Chicken Strips 3-pack,meat
130250,590596,AH Spekreepjes gerookt,AH,vlees,Vlees,Reepjes spek en bacon (voorverpakt),4.99,4.99,,,,,250 g,prijs per kg €19.96,False,,,,,E,True,AH,https://www.ah.nl/producten/product/wi130250,2026-08-12,AH Spekreepjes gerookt,meat
436752,60727,AH Biologisch Rundergehakt,AH Biologisch,vlees,Vlees,Rundergehakt,5.99,5.99,,,,,300 g,prijs per kg €19.97,False,,,,,D,True,AH,https://www.ah.nl/producten/product/wi436752,2026-08-12,AH Organic Minced Beef,meat
566664,0,AH Gerookte spekreepjes 2-pack,AH,vlees,Vlees,Reepjes spek en bacon (voorverpakt),9.48,9.98,5.0,5% volume voordeel,,,2 stuks,,True,AHOO,5% volume voordeel,2026-08-12,2999-12-31,,True,AH,https://www.ah.nl/producten/product/wi566664,2026-08-12,AH Smoked bacon strips 2-pack,meat
617771,0,AH Biologisch Rundergehakt 3-pack,AH Biologisch,vlees,Vlees,Rundergehakt,17.43,17.97,3.0,3% volume voordeel,,,3 stuks,,True,AHOO,3% volume voordeel,2026-08-12,2999-12-31,,True,AH,https://www.ah.nl/producten/product/wi617771,2026-08-12,AH Organic Minced Beef 3-pack,meat
617773,0,AH Biologisch Rundergehakt 4-pck,AH Biologisch,vlees,Vlees,Rundergehakt,22.76,23.96,5.0,5% volume voordeel,,,4 stuks,,True,AHOO,5% volume voordeel,2026-08-12,2999-12-31,,True,AH,https://www.ah.nl/producten/product/wi617773,2026-08-12,AH Biologisch Rundergehakt 4-pck,meat
454769,63154,AH Scharrel kipreepjes Italiaans gebraden,AH,vlees,Vlees,Gebraden kip,3.99,3.99,,,,,150 g,prijs per kg €26.60,False,,,,,B,True,AH,https://www.ah.nl/producten/product/wi454769,2026-08-12,"AH Free-range chicken strips, Italian roast",meat
617775,0,AH Biologisch Rundergehakt 6 pck,AH Biologisch,vlees,Vlees,Rundergehakt,33.06,35.94,8.0,8% volume voordeel,,,6 stuks,,True,AHOO,8% volume voordeel,2026-08-12,2999-12-31,,True,AH,https://www.ah.nl/producten/product/wi617775,2026-08-12,AH Organic Minced Beef 6 pcs,meat
589124,35035,AH Scharrel kipdijfiletblokjes,AH,vlees,Vlees,Kipfilet blokjes,3.99,3.99,,,,,300 g,prijs per kg €13.30,False,,,,,A,True,AH,https://www.ah.nl/producten/product/wi589124,2026-08-12,AH Scharrel chicken thigh fillet cubes,meat
436775,61107,AH BBQ worst smokey,AH,vlees,Vlees,Worst (varken),4.5,4.5,,,,,350 g,prijs per kg €12.86,False,,,,,,True,AH,https://www.ah.nl/producten/product/wi436775,2026-08-12,AH BBQ sausage smokey,meat
57741,517712,AH Biologisch Kipfilet 2 stuks,AH Biologisch,vlees,Vlees,Kipfilet stuk,9.69,9.69,,,,,ca. 320 g,prijs per kg €30.28,False,,,,,A,True,AH,https://www.ah.nl/producten/product/wi57741,2026-08-12,AH Biologisch Kipfilet 2 stuks,meat
617731,0,AH BBQ worst smokey 3-pack,AH,vlees,Vlees,Worst (varken),12.82,13.5,5.0,5% volume voordeel,,,3 stuks,,True,AHOO,5% volume voordeel,2026-08-12,2999-12-31,,True,AH,https://www.ah.nl/producten/product/wi617731,2026-08-12,AH BBQ sausage smokey 3-pack,meat
412503,855884,AH BBQ spareribs zoet,AH,vlees,Vlees,Spareribs,10.36,10.36,,,,,ca. 720 g,prijs per kg €14.39,False,,,,,D,True,AH,https://www.ah.nl/producten/product/wi412503,2026-08-12,AH BBQ spareribs sweet,meat
617732,0,AH BBQ worst smokey 4-pack,AH,vlees,Vlees,Worst (varken),16.2,18.0,10.0,10% volume voordeel,,,4 stuks,,True,AHOO,10% volume voordeel,2026-08-12,2999-12-31,,True,AH,https://www.ah.nl/producten/product/wi617732,2026-08-12,AH BBQ sausage smokey 4-pack,meat
618113,0,AH Biologisch Kipfilet 2 stuks 3-pack,AH Biologisch,vlees,Vlees,Kipfilet stuk,28.49,29.07,2.0,2% volume voordeel,,,3 stuks,,True,AHOO,2% volume voordeel,2026-08-12,2999-12-31,,True,AH,https://www.ah.nl/producten/product/wi618113,2026-08-12,AH Organic Chicken Fillet 2 pieces 3-pack,meat
133413,646769,AH Hamburger 8 stuks,AH,vlees,Vlees,Hamburgers (rund),8.99,8.99,,,,,800 g,prijs per kg €11.24,False,,,,,D,True,AH,https://www.ah.nl/producten/product/wi133413,2026-08-12,AH Hamburger 8 pieces,meat
618115,0,AH Biologisch Kipfilet 2 stuks 6-pack,AH Biologisch,vlees,Vlees,Kipfilet stuk,55.23,58.14,5.0,5% volume voordeel,,,6 stuks,,True,AHOO,5% volume voordeel,2026-08-12,2999-12-31,,True,AH,https://www.ah.nl/producten/product/wi618115,2026-08-12,AH Organic Chicken Fillet 2 pieces 6-pack,meat
598200,0,AH Spareribs zoet 2-pack,AH,vlees,Vlees,Spareribs,20.1,20.72,3.0,3% volume voordeel,,,2 stuks,,True,AHOO,3% volume voordeel,2026-08-12,2999-12-31,,True,AH,https://www.ah.nl/producten/product/wi598200,2026-08-12,AH Spareribs sweet 2-pack,meat
618114,0,AH Biologisch Kipfilet 2 stuks 4-pack,AH Biologisch,vlees,Vlees,Kipfilet stuk,37.6,38.76,3.0,3% volume voordeel,,,4 stuks,,True,AHOO,3% volume voordeel,2026-08-12,2999-12-31,,True,AH,https://www.ah.nl/producten/product/wi618114,2026-08-12,AH Biologisch Kipfilet 2 stuks 4-pack,meat
618627,0,AH Scharrelkipreepjes Italiaan gebraden 3pk,AH,vlees,Vlees,Gebraden kip,11.73,11.97,2.0,2% volume voordeel,,,3 stuks,,True,AHOO,2% volume voordeel,2026-08-12,2999-12-31,,True,AH,https://www.ah.nl/producten/product/wi618627,2026-08-12,AH Scharrelkipreepjes Italiaan gebraden 3pk,meat
187593,780707,AH Greenfields Beefburger jalapeno 2 stuks,AH Greenfields,vlees,Vlees,Hamburgers (rund),4.99,4.99,,,,,2 stuks,prijs per kg €19.96,False,,,,,D,True,AH,https://www.ah.nl/producten/product/wi187593,2026-08-12,AH Greenfields Beefburger jalapeno 2 stuks,meat
578168,0,AH Greenfields Beefburger jalapeno 3-pack,AH Greenfields,vlees,Vlees,Hamburgers (rund),14.22,14.97,5.0,5% volume voordeel,,,3 stuks,,True,AHOO,5% volume voordeel,2026-08-12,2999-12-31,,True,AH,https://www.ah.nl/producten/product/wi578168,2026-08-12,AH Greenfields Beefburger jalapeno 3-pack,meat
531884,803038,AH Scharrel kipkluifjes gemarineerd,AH,vlees,Vlees,Kipkluifjes,3.89,3.89,,,,,500 g,prijs per kg €7.78,False,,,,,D,True,AH,https://www.ah.nl/producten/product/wi531884,2026-08-12,AH Free-range chicken wings marinated,meat
617241,0,AH BBQ spareribs zoet 4-pack,AH,vlees,Vlees,Spareribs,37.3,41.44,10.0,10% volume voordeel,,,4 stuks,,True,AHOO,10% volume voordeel,2026-08-12,2999-12-31,,True,AH,https://www.ah.nl/producten/product/wi617241,2026-08-12,AH BBQ spareribs sweet 4-pack,meat
617240,0,AH BBQ spareribs zoet 3-pack,AH,vlees,Vlees,Spareribs,29.53,31.08,5.0,5% volume voordeel,,,3 stuks,,True,AHOO,5% volume voordeel,2026-08-12,2999-12-31,,True,AH,https://www.ah.nl/producten/product/wi617240,2026-08-12,AH BBQ spareribs sweet 3-pack,meat
436759,60795,AH Biologisch Runderchipolata,AH Biologisch,vlees,Vlees,Worst (rund),3.99,3.99,,,,,5 stuks,,False,,,,,D,True,AH,https://www.ah.nl/producten/product/wi436759,2026-08-12,AH Organic Beef Chipolata,meat
617768,0,AH Biologisch Runderchipolata 2-pack,AH Biologisch,vlees,Vlees,Worst (rund),7.66,7.98,4.0,4% volume voordeel,,,2 stuks,,True,AHOO,4% volume voordeel,2026-08-12,2999-12-31,,True,AH,https://www.ah.nl/producten/product/wi617768,2026-08-12,AH Organic Beef Chipolata 2-pack,meat
618629,0,AH Scharrelkipreepjes Italians gebraden 5pk,AH,vlees,Vlees,Gebraden kip,19.15,19.95,4.0,4% volume voordeel,,,5 stuks,,True,AHOO,4% volume voordeel,2026-08-12,2999-12-31,,True,AH,https://www.ah.nl/producten/product/wi618629,2026-08-12,AH Free-range chicken strips Italian roast 5pk,meat
543332,697661,AH Scharrel kipfilet naturel,AH,vleeswaren,Vleeswaren,Kipfilet en kalkoenfilet (voorverpakt),2.59,2.59,,,,,150 g,prijs per kg €17.27,False,,,,,C,True,AH,https://www.ah.nl/producten/product/wi543332,2026-08-12,AH Free-range chicken fillet natural,cold cuts
280081,835368,AH Biologisch Kipfilet,AH Biologisch,vleeswaren,Vleeswaren,Kipfilet en kalkoenfilet (versafdeling),3.49,3.49,,,,,ca. 100 g,prijs per kg €34.90,False,,,,,D,True,AH,https://www.ah.nl/producten/product/wi280081,2026-08-12,AH Organic Chicken Fillet,cold cuts
543364,789935,AH Boterhamworst,AH,vleeswaren,Vleeswaren,Boterhamworst (voorverpakt),1.39,1.39,,,,,150 g,prijs per kg €9.27,False,,,,,E,True,AH,https://www.ah.nl/producten/product/wi543364,2026-08-12,AH Sandwich sausage,cold cuts
462712,715707,AH Scharrel roasted kipfilet,AH,vleeswaren,Vleeswaren,Kipfilet en kalkoenfilet (versafdeling),3.79,3.79,,,,,ca. 110 g,prijs per kg €31.58,False,,,,,D,True,AH,https://www.ah.nl/producten/product/wi462712,2026-08-12,AH Scharrel roasted chicken fillet,cold cuts
598042,0,AH Scharrel roasted kipfilet 2-pack,AH,vleeswaren,Vleeswaren,Kipfilet en kalkoenfilet (versafdeling),7.35,7.58,3.0,3% volume voordeel,,,2 stuks,,True,AHOO,3% volume voordeel,2026-08-12,2999-12-31,,True,AH,https://www.ah.nl/producten/product/wi598042,2026-08-12,AH Scharrel roasted kipfilet 2-pack,cold cuts
203333,801175,AH Grillworst,AH,vleeswaren,Vleeswaren,Grillworst (versafdeling),2.79,2.79,,,,,ca. 130 g,prijs per kg €21.48,False,,,,,E,True,AH,https://www.ah.nl/producten/product/wi203333,2026-08-12,AH Grillworst,cold cuts
598466,0,AH Grillworst 2-pack,AH,vleeswaren,Vleeswaren,Grillworst (versafdeling),5.41,5.58,3.0,3% volume voordeel,,,2 stuks,,True,AHOO,3% volume voordeel,2026-08-12,2999-12-31,,True,AH,https://www.ah.nl/producten/product/wi598466,2026-08-12,AH Grillworst 2-pack,cold cuts
543386,625650,AH Cervelaat,AH,vleeswaren,Vleeswaren,Salami en cervelaat (voorverpakt),1.69,1.69,,,,,150 g,prijs per kg €11.27,False,,,,,E,True,AH,https://www.ah.nl/producten/product/wi543386,2026-08-12,AH Cervelaat,cold cuts
618631,0,AH Scharrel roasted kipfilet 4-pack,AH,vleeswaren,Vleeswaren,Kipfilet en kalkoenfilet (versafdeling),13.64,15.16,10.0,10% volume voordeel,,,4 stuks,,True,AHOO,10% volume voordeel,2026-08-12,2999-12-31,,True,AH,https://www.ah.nl/producten/product/wi618631,2026-08-12,AH Scharrel roasted chicken fillet 4-pack,cold cuts
618630,0,AH Scharrel roasted kipfilet 3-pack,AH,vleeswaren,Vleeswaren,Kipfilet en kalkoenfilet (versafdeling),10.8,11.37,5.0,5% volume voordeel,,,3 stuks,,True,AHOO,5% volume voordeel,2026-08-12,2999-12-31,,True,AH,https://www.ah.nl/producten/product/wi618630,2026-08-12,AH Scharrel roasted chicken fillet 3-pack,cold cuts
132220,590162,AH Kipfilet grootverpakking,AH,vleeswaren,Vleeswaren,Kipfilet en kalkoenfilet (voorverpakt),4.19,4.19,,,,,250 g,prijs per kg €16.76,False,,,,,C,True,AH,https://www.ah.nl/producten/product/wi132220,2026-08-12,AH Chicken fillet in bulk packaging,cold cuts
440331,72552,AH Gerookte slagersachterham,AH,vleeswaren,Vleeswaren,Ham (versafdeling),1.99,3.49,43.0,per 100 GRAM voor €1.99,1.99,100.0,ca. 110 g,normale prijs per kg €31.73,True,AH,100 GRAM VOOR 1.99,2026-08-10,2026-08-16,D,True,AH,https://www.ah.nl/producten/product/wi440331,2026-08-12,AH Smoked butcher's gammon,cold cuts
442123,83461,AH Filet americain naturel,AH,vleeswaren,Vleeswaren,Filet americain (voorverpakt),2.19,2.19,,,,,150 g,prijs per kg €14.60,False,,,,,D,True,AH,https://www.ah.nl/producten/product/wi442123,2026-08-12,AH Filet americain natural,cold cuts
188709,591109,AH Yorkham,AH,vleeswaren,Vleeswaren,Ham (versafdeling),3.49,3.49,,,,,ca. 110 g,prijs per kg €31.73,False,,,,,D,True,AH,https://www.ah.nl/producten/product/wi188709,2026-08-12,A. H. Yorkham,cold cuts
598046,0,AH Yorkham 2-pack,AH,vleeswaren,Vleeswaren,Ham (versafdeling),6.77,6.98,3.0,3% volume voordeel,,,2 stuks,,True,AHOO,3% volume voordeel,2026-08-12,2999-12-31,,True,AH,https://www.ah.nl/producten/product/wi598046,2026-08-12,AH Yorkham 2-pack,cold cuts
598474,0,AH Gerookte slagersachterham 2-pack,AH,vleeswaren,Vleeswaren,Ham (versafdeling),6.77,6.98,3.0,3% volume voordeel,,,2 stuks,,True,AH,3% volume voordeel,,,,True,AH,https://www.ah.nl/producten/product/wi598474,2026-08-12,AH Smoked butcher's gammon 2-pack,cold cuts
543345,76690,AH Achterham,AH,vleeswaren,Vleeswaren,Ham (voorverpakt),1.79,1.79,,,,,150 g,prijs per kg €11.93,False,,,,,D,True,AH,https://www.ah.nl/producten/product/wi543345,2026-08-12,AH Achterham,cold cuts
543385,734225,AH Salami,AH,vleeswaren,Vleeswaren,Salami en cervelaat (voorverpakt),1.89,1.89,,,,,150 g,prijs per kg €12.60,False,,,,,E,True,AH,https://www.ah.nl/producten/product/wi543385,2026-08-12,AH Salami,cold cuts
137939,595589,AH Scharrel kipfilet,AH,vleeswaren,Vleeswaren,Kipfilet en kalkoenfilet (versafdeling),3.69,3.69,,,,,ca. 125 g,prijs per kg €29.52,False,,,,,B,True,AH,https://www.ah.nl/producten/product/wi137939,2026-08-12,AH Free-range chicken fillet,cold cuts
598459,0,AH Scharrel kipfilet 2-pack,AH,vleeswaren,Vleeswaren,Kipfilet en kalkoenfilet (versafdeling),7.16,7.38,3.0,3% volume voordeel,,,2 stuks,,True,AHOO,3% volume voordeel,2026-08-12,2999-12-31,,True,AH,https://www.ah.nl/producten/product/wi598459,2026-08-12,AH Free-range chicken fillet 2-pack,cold cuts
617828,0,AH Gerookte slagersachterham 3-pack,AH,vleeswaren,Vleeswaren,Ham (versafdeling),9.95,10.47,5.0,5% volume voordeel,,,3 stuks,,True,AH,5% volume voordeel,,,,True,AH,https://www.ah.nl/producten/product/wi617828,2026-08-12,AH Smoked butcher's ham 3-pack,cold cuts
617829,0,AH Gerookte slagersachterham 4-pack,AH,vleeswaren,Vleeswaren,Ham (versafdeling),12.56,13.96,10.0,10% volume voordeel,,,4 stuks,,True,AH,10% volume voordeel,,,,True,AH,https://www.ah.nl/producten/product/wi617829,2026-08-12,AH Smoked butcher's gammon 4-pack,cold cuts
550829,57361,AH Gelderse gekookte worst,AH,vleeswaren,Vleeswaren,Kookworst (versafdeling),1.99,1.99,,,,,130 g,prijs per kg €15.31,False,,,,,E,True,AH,https://www.ah.nl/producten/product/wi550829,2026-08-12,AH Gelderland cooked sausage,cold cuts
598169,0,AH Gelderse gekookte worst 2-pack,AH,vleeswaren,Vleeswaren,Kookworst (versafdeling),3.86,3.98,3.0,3% volume voordeel,,,2 stuks,,True,AHOO,3% volume voordeel,2026-08-12,2999-12-31,,True,AH,https://www.ah.nl/producten/product/wi598169,2026-08-12,AH Gelderse cooked sausage 2-pack,cold cuts
370447,835448,AH Filet americain,AH,vleeswaren,Vleeswaren,Filet americain (versafdeling),2.49,3.19,21.9,voor 2.49,2.49,,150 g,normale prijs per kg €21.27,True,AH,VOOR 2.49,2026-08-10,2026-08-16,D,True,AH,https://www.ah.nl/producten/product/wi370447,2026-08-12,AH Filet americain,cold cuts
574575,0,AH Filet americain 2-pack,AH,vleeswaren,Vleeswaren,Filet americain (versafdeling),4.98,6.38,21.9,pakketkorting,,,2 stuks,,True,AHOO,,2026-08-12,2026-08-16,,True,AH,https://www.ah.nl/producten/product/wi574575,2026-08-12,AH Filet americain 2-pack,cold cuts
619843,0,AH Gelderse gekookte worst 3-pack,AH,vleeswaren,Vleeswaren,Kookworst (versafdeling),5.67,5.97,5.0,5% volume voordeel,,,3 stuks,,True,AHOO,5% volume voordeel,2026-08-12,2999-12-31,,True,AH,https://www.ah.nl/producten/product/wi619843,2026-08-12,AH Gelderse cooked sausage 3-pack,cold cuts
619844,0,AH Gelderse gekookte worst 4 pck,AH,vleeswaren,Vleeswaren,Kookworst (versafdeling),7.16,7.96,10.0,10% volume voordeel,,,4 stuks,,True,AHOO,10% volume voordeel,2026-08-12,2999-12-31,,True,AH,https://www.ah.nl/producten/product/wi619844,2026-08-12,AH Gelderse cooked sausage 4 pcs,cold cuts
186643,783943,AH Grillworst,AH,vleeswaren,Vleeswaren,Grillworst (voorverpakt),1.79,1.79,,,,,150 g,prijs per kg €11.93,False,,,,,E,True,AH,https://www.ah.nl/producten/product/wi186643,2026-08-12,AH Grillworst,cold cuts
132247,593927,AH Scharrel flinterdunne kipfilet,AH,vleeswaren,Vleeswaren,Kipfilet en kalkoenfilet (voorverpakt),2.29,2.29,,,,,100 g,prijs per kg €22.90,False,,,,,C,True,AH,https://www.ah.nl/producten/product/wi132247,2026-08-12,AH Scharrel flinterdunne kipfilet,cold cuts
192853,622631,AH Grillworst kip,AH,vleeswaren,Vleeswaren,Grillworst (versafdeling),2.79,2.79,,,,,ca. 130 g,prijs per kg €21.48,False,,,,,D,True,AH,https://www.ah.nl/producten/product/wi192853,2026-08-12,AH Grill sausage chicken,cold cuts
598463,0,AH Grillworst kip 2-pack,AH,vleeswaren,Vleeswaren,Grillworst (versafdeling),5.41,5.58,3.0,3% volume voordeel,,,2 stuks,,True,AHOO,3% volume voordeel,2026-08-12,2999-12-31,,True,AH,https://www.ah.nl/producten/product/wi598463,2026-08-12,AH Grill sausage chicken 2-pack,cold cuts
576786,19562,AH Leverworst,AH,vleeswaren,Vleeswaren,Leverworst en leverkaas (versafdeling),1.99,1.99,,,,,115 g,prijs per kg €17.30,False,,,,,D,True,AH,https://www.ah.nl/producten/product/wi576786,2026-08-12,AH Liverwurst,cold cuts
598489,0,AH Leverworst 2-pack,AH,vleeswaren,Vleeswaren,Leverworst en leverkaas (versafdeling),3.86,3.98,3.0,3% volume voordeel,,,2 stuks,,True,AHOO,3% volume voordeel,2026-08-12,2999-12-31,,True,AH,https://www.ah.nl/producten/product/wi598489,2026-08-12,AH Liverwurst 2-pack,cold cuts
543387,539355,AH Runder rookvlees,AH,vleeswaren,Vleeswaren,Rookvlees (voorverpakt),2.95,2.95,,,,,100 g,prijs per kg €29.50,False,,,,,D,True,AH,https://www.ah.nl/producten/product/wi543387,2026-08-12,AH Runder rookvlees,cold cuts
440333,72577,AH Gegrilde beenham,AH,vleeswaren,Vleeswaren,Ham (versafdeling),3.49,3.49,,,,,ca. 110 g,prijs per kg €31.73,False,,,,,D,True,AH,https://www.ah.nl/producten/product/wi440333,2026-08-12,AH Grilled ham,cold cuts
598024,0,AH Gegrilde beenham 2-pack,AH,vleeswaren,Vleeswaren,Ham (versafdeling),6.77,6.98,3.0,3% volume voordeel,,,2 stuks,,True,AHOO,3% volume voordeel,2026-08-12,2999-12-31,,True,AH,https://www.ah.nl/producten/product/wi598024,2026-08-12,AH Grilled ham 2-pack,cold cuts
132234,593638,AH Flinterdunne achterham,AH,vleeswaren,Vleeswaren,Ham (voorverpakt),1.85,1.85,,,,,100 g,prijs per kg €18.50,False,,,,,D,True,AH,https://www.ah.nl/producten/product/wi132234,2026-08-12,AH Paper-thin ham,cold cuts
543390,612984,AH Scharrel gerookte kipfilet,AH,vleeswaren,Vleeswaren,Kipfilet en kalkoenfilet (voorverpakt),2.59,2.59,,,,,150 g,prijs per kg €17.27,False,,,,,D,True,AH,https://www.ah.nl/producten/product/wi543390,2026-08-12,AH Scharrel gerookte kipfilet,cold cuts
550826,754920,AH Gebraden gehakt,AH,vleeswaren,Vleeswaren,Gegrild en gebraden gehakt (versafdeling),1.99,2.29,13.1,voor 1.99,1.99,,120 g,normale prijs per kg €19.08,True,AH,VOOR 1.99,2026-08-10,2026-08-16,E,True,AH,https://www.ah.nl/producten/product/wi550826,2026-08-12,AH Roast minced meat,cold cuts
598166,0,AH Gebraden gehakt 2-pack,AH,vleeswaren,Vleeswaren,Gegrild en gebraden gehakt (versafdeling),3.98,4.58,13.1,pakketkorting,,,2 stuks,,True,AHOO,,2026-08-12,2026-08-16,,True,AH,https://www.ah.nl/producten/product/wi598166,2026-08-12,AH Gebraden gehakt 2-pack,cold cuts
620660,0,AH Leverworst 3-pack,AH,vleeswaren,Vleeswaren,Leverworst en leverkaas (versafdeling),5.67,5.97,5.0,5% volume voordeel,,,3 stuks,,True,AHOO,5% volume voordeel,2026-08-12,2999-12-31,,True,AH,https://www.ah.nl/producten/product/wi620660,2026-08-12,AH Liverwurst 3-pack,cold cuts
620661,0,AH Leverworst 4pack,AH,vleeswaren,Vleeswaren,Leverworst en leverkaas (versafdeling),7.16,7.96,10.0,10% volume voordeel,,,4 stuks,,True,AHOO,10% volume voordeel,2026-08-12,2999-12-31,,True,AH,https://www.ah.nl/producten/product/wi620661,2026-08-12,AH Liverwurst 4pack,cold cuts
617824,0,AH Gegrilde beenham 3-pack,AH,vleeswaren,Vleeswaren,Ham (versafdeling),9.95,10.47,5.0,5% volume voordeel,,,3 stuks,,True,AHOO,5% volume voordeel,2026-08-12,2999-12-31,,True,AH,https://www.ah.nl/producten/product/wi617824,2026-08-12,AH Grilled ham 3-pack,cold cuts
617825,0,AH Gegrilde beenham 4-pack,AH,vleeswaren,Vleeswaren,Ham (versafdeling),12.56,13.96,10.0,10% volume voordeel,,,4 stuks,,True,AHOO,10% volume voordeel,2026-08-12,2999-12-31,,True,AH,https://www.ah.nl/producten/product/wi617825,2026-08-12,AH Grilled ham 4-pack,cold cuts
548312,670102,AH Scharrel kipfilet minder vet,AH,vleeswaren,Vleeswaren,Kipfilet en kalkoenfilet (voorverpakt),2.99,2.99,,,,,125 g,prijs per kg €23.92,False,,,,,B,True,AH,https://www.ah.nl/producten/product/wi548312,2026-08-12,AH Free-range chicken fillet less fat,cold cuts
197173,622630,AH Grillworst met zaanlanderkaas,AH,vleeswaren,Vleeswaren,Grillworst (versafdeling),2.79,2.79,,,,,ca. 130 g,prijs per kg €21.48,False,,,,,E,True,AH,https://www.ah.nl/producten/product/wi197173,2026-08-12,AH Grill sausage with Zaanlander cheese,cold cuts
598030,0,AH Grillworst met zaanlanderkaas 2-pack,AH,vleeswaren,Vleeswaren,Grillworst (versafdeling),5.41,5.58,3.0,3% volume voordeel,,,2 stuks,,True,AHOO,3% volume voordeel,2026-08-12,2999-12-31,,True,AH,https://www.ah.nl/producten/product/wi598030,2026-08-12,AH Grill sausage with Zaanlander cheese 2-pack,cold cuts
440336,73997,AH Roasted ham,AH,vleeswaren,Vleeswaren,Ham (versafdeling),1.99,3.49,43.0,per 100 GRAM voor €1.99,1.99,100.0,ca. 110 g,normale prijs per kg €31.73,True,AH,100 GRAM VOOR 1.99,2026-08-10,2026-08-16,D,True,AH,https://www.ah.nl/producten/product/wi440336,2026-08-12,AH Roasted ham,cold cuts
598475,0,AH Roasted ham 2-pack,AH,vleeswaren,Vleeswaren,Ham (versafdeling),6.77,6.98,3.0,3% volume voordeel,,,2 stuks,,True,AH,3% volume voordeel,,,,True,AH,https://www.ah.nl/producten/product/wi598475,2026-08-12,AH Roasted ham 2-pack,cold cuts
619839,0,AH Gebraden gehakt 4-pack,AH,vleeswaren,Vleeswaren,Gegrild en gebraden gehakt (versafdeling),7.96,9.16,13.1,pakketkorting,,,4 stuks,,True,AHOO,,2026-08-12,2026-08-16,,True,AH,https://www.ah.nl/producten/product/wi619839,2026-08-12,AH Roast minced meat 4-pack,cold cuts
619838,0,AH Gebraden gehakt 3-pack,AH,vleeswaren,Vleeswaren,Gegrild en gebraden gehakt (versafdeling),5.97,6.87,13.1,pakketkorting,,,3 stuks,,True,AHOO,,2026-08-12,2026-08-16,,True,AH,https://www.ah.nl/producten/product/wi619838,2026-08-12,AH Roast minced meat 3-pack,cold cuts
197145,587826,AH Gegrilde yorkham,AH,vleeswaren,Vleeswaren,Ham (versafdeling),3.49,3.49,,,,,ca. 110 g,prijs per kg €31.73,False,,,,,D,True,AH,https://www.ah.nl/producten/product/wi197145,2026-08-12,AH Grilled york ham,cold cuts
598464,0,AH Gegrilde yorkham 2-pack,AH,vleeswaren,Vleeswaren,Ham (versafdeling),6.77,6.98,3.0,3% volume voordeel,,,2 stuks,,True,AHOO,3% volume voordeel,2026-08-12,2999-12-31,,True,AH,https://www.ah.nl/producten/product/wi598464,2026-08-12,AH Grilled yorkham 2-pack,cold cuts
419916,691591,AH Excellent Prosciutto di parma,AH Excellent,vleeswaren,Vleeswaren,Spaanse en Italiaanse vleeswaren (versafdeling),3.99,3.99,,,,,80 g,prijs per kg €49.88,False,,,,,E,True,AH,https://www.ah.nl/producten/product/wi419916,2026-08-12,AH Excellent Prosciutto di parma,cold cuts
617502,0,AH Excellent Prosciutto di parma 2-pack,AH Excellent,vleeswaren,Vleeswaren,Spaanse en Italiaanse vleeswaren (versafdeling),7.74,7.98,3.0,3% volume voordeel,,,2 stuks,,True,AHOO,3% volume voordeel,2026-08-12,2999-12-31,,True,AH,https://www.ah.nl/producten/product/wi617502,2026-08-12,AH Excellent Prosciutto di parma 2-pack,cold cuts
617864,0,AH Roasted ham 3-pack,AH,vleeswaren,Vleeswaren,Ham (versafdeling),9.95,10.47,5.0,5% volume voordeel,,,3 stuks,,True,AH,5% volume voordeel,,,,True,AH,https://www.ah.nl/producten/product/wi617864,2026-08-12,AH Roasted ham 3-pack,cold cuts
617865,0,AH Roasted ham 4-pack,AH,vleeswaren,Vleeswaren,Ham (versafdeling),12.56,13.96,10.0,10% volume voordeel,,,4 stuks,,True,AH,10% volume voordeel,,,,True,AH,https://www.ah.nl/producten/product/wi617865,2026-08-12,AH Roasted ham 4-pack,cold cuts
617503,0,AH Excellent Prosciutto di parma 3-pack,AH Excellent,vleeswaren,Vleeswaren,Spaanse en Italiaanse vleeswaren (versafdeling),11.37,11.97,5.0,5% volume voordeel,,,3 stuks,,True,AHOO,5% volume voordeel,2026-08-12,2999-12-31,,True,AH,https://www.ah.nl/producten/product/wi617503,2026-08-12,AH Excellent Prosciutto di parma 3-pack,cold cuts
617504,0,AH Excellent Prosciutto di parma 4-pack,AH Excellent,vleeswaren,Vleeswaren,Spaanse en Italiaanse vleeswaren (versafdeling),14.36,15.96,10.0,10% volume voordeel,,,4 stuks,,True,AHOO,10% volume voordeel,2026-08-12,2999-12-31,,True,AH,https://www.ah.nl/producten/product/wi617504,2026-08-12,AH Excellent Prosciutto di parma 4-pack,cold cuts
186641,783941,AH Gelderse gekookte worst,AH,vleeswaren,Vleeswaren,Kookworst (voorverpakt),1.59,1.59,,,,,150 g,prijs per kg €10.60,False,,,,,E,True,AH,https://www.ah.nl/producten/product/wi186641,2026-08-12,AH Gelderland cooked sausage,cold cuts
543384,47347,AH Kalkoenfilet,AH,vleeswaren,Vleeswaren,Kipfilet en kalkoenfilet (voorverpakt),2.99,2.99,,,,,150 g,prijs per kg €19.93,False,,,,,C,True,AH,https://www.ah.nl/producten/product/wi543384,2026-08-12,AH Turkey fillet,cold cuts
420934,692674,AH Carpaccio,AH,vleeswaren,Vleeswaren,Carpaccio (voorverpakt),3.99,3.99,,,,,120 g,prijs per kg €33.25,False,,,,,D,True,AH,https://www.ah.nl/producten/product/wi420934,2026-08-12,AH Carpaccio,cold cuts
150883,622455,Kips Smeerleverworst,Kips,vleeswaren,Vleeswaren,Leverworst en leverkaas (voorverpakt),2.39,2.39,,,,,120 g,prijs per kg €19.92,False,,,,,E,True,AH,https://www.ah.nl/producten/product/wi150883,2026-08-12,Chicken Spread Liver Sausage,cold cuts
505580,846393,AH Cremepaté,AH,vleeswaren,Vleeswaren,Pate (versafdeling),1.25,1.69,26.0,2 voor 2.50,2.5,2.0,80 g,normale prijs per kg €21.13,True,AH,2 voor 2.50,2026-08-10,2026-08-16,E,True,AH,https://www.ah.nl/producten/product/wi505580,2026-08-12,AH Creme pate,cold cuts
568387,8022,AH Greenfields Rosbief,AH Greenfields,vleeswaren,Vleeswaren,Rosbief en fricandeau (versafdeling),3.69,3.69,,,,,ca. 100 g,prijs per kg €36.90,False,,,,,A,True,AH,https://www.ah.nl/producten/product/wi568387,2026-08-12,AH Greenfields Roast Beef,cold cuts
1983,4020,Boursin Knoflook & fijne kruiden,Boursin,kaas,Kaas,Roomkaas,2.69,3.59,25.0,25% korting,,,150 g,normale prijs per kg €23.93,True,AH,25% korting,2026-08-10,2026-08-16,D,True,AH,https://www.ah.nl/producten/product/wi1983,2026-08-12,Boursin Garlic & fine herbs,cheese
444854,707038,Boursin Creamy knoflook fijne kruiden,Boursin,kaas,Kaas,Roomkaas,2.84,3.79,25.0,25% korting,,,125 g,normale prijs per kg €30.32,True,AH,25% korting,2026-08-10,2026-08-16,D,True,AH,https://www.ah.nl/producten/product/wi444854,2026-08-12,Boursin Creamy garlic fine herbs,cheese
197226,793716,De Zaanse Hoeve Goudse jong 48+ plakken voordeel,De Zaanse Hoeve,kaas,Kaas,Jonge kaas (plakken),3.95,3.95,,,,,400 g,prijs per kg €9.88,False,,,,,D,True,AH,https://www.ah.nl/producten/product/wi197226,2026-08-12,De Zaanse Hoeve Goudse young 48+ slices advantage,cheese
506228,832099,AH Zuivelspread naturel,AH,kaas,Kaas,Zuivelspread,1.38,1.38,,,,,200 g,prijs per kg €6.90,False,,,,,D,True,AH,https://www.ah.nl/producten/product/wi506228,2026-08-12,AH Dairy spread natural,cheese
239019,830900,Garlan Verse roomkaas met knoflook & kruiden,Garlan,kaas,Kaas,Roomkaas,1.29,1.29,,,,,150 g,prijs per kg €8.60,False,,,,,D,True,AH,https://www.ah.nl/producten/product/wi239019,2026-08-12,Garlan Fresh cream cheese with garlic & herbs,cheese
1982,4023,Boursin Knoflook & fijne kruiden,Boursin,kaas,Kaas,Roomkaas,1.64,2.19,25.0,25% korting,,,80 g,normale prijs per kg €27.38,True,AH,25% korting,2026-08-10,2026-08-16,D,True,AH,https://www.ah.nl/producten/product/wi1982,2026-08-12,Boursin Garlic & fine herbs,cheese
140101,603017,De Zaanse Hoeve Mild 45+ geraspt,De Zaanse Hoeve,kaas,Kaas,Geraspte kaas,2.15,2.15,,,,,200 g,prijs per kg €10.75,False,,,,,D,True,AH,https://www.ah.nl/producten/product/wi140101,2026-08-12,De Zaanse Hoeve Mild 45+ grated,cheese
2600,66797,AH Goudse jong 48+ plakken,AH,kaas,Kaas,Jonge kaas (plakken),2.75,2.95,6.8,2 voor 5.50,5.5,2.0,190 g,normale prijs per kg €15.53,True,AH,2 voor 5.50,2026-08-10,2026-08-16,D,True,AH,https://www.ah.nl/producten/product/wi2600,2026-08-12,AH Goudse young 48+ slices,cheese
113356,565032,Eru Kids,Eru,kaas,Kaas,Smeerkaas,1.75,1.75,,,,,100 g,prijs per kg €17.50,False,,,,,C,True,AH,https://www.ah.nl/producten/product/wi113356,2026-08-12,Eru Kids,cheese
2606,69866,AH Goudse oud 48+ plakken,AH,kaas,Kaas,Oude kaas (plakken),2.75,3.89,29.3,2 voor 5.50,5.5,2.0,160 g,normale prijs per kg €24.31,True,AH,2 voor 5.50,2026-08-10,2026-08-16,E,True,AH,https://www.ah.nl/producten/product/wi2606,2026-08-12,AH Goudse old 48+ slices,cheese
123142,576899,Galbani Mozzarella,Galbani,kaas,Kaas,Mozzarella,1.75,1.75,,,,,225 g,prijs per kg €14.00,False,,,,,C,True,AH,https://www.ah.nl/producten/product/wi123142,2026-08-12,Galbani Mozzarella,cheese
614547,0,Salakis Mozzarella 125g 2-pack,Salakis,kaas,Kaas,Mozzarella,2.97,3.5,15.0,15% volume voordeel,,,2 stuks,,True,AHOO,15% volume voordeel,2026-08-12,2999-12-31,,True,AH,https://www.ah.nl/producten/product/wi614547,2026-08-12,Salakis Mozzarella 125g 2-pack,cheese
197227,793718,De Zaanse Hoeve Jong belegen 48+ plakken voordeelpak,De Zaanse Hoeve,kaas,Kaas,Jong belegen kaas (plakken),4.15,4.15,,,,,400 g,prijs per kg €10.38,False,,,,,D,True,AH,https://www.ah.nl/producten/product/wi197227,2026-08-12,De Zaanse Hoeve Young matured 48+ slices value pack,cheese
197172,619166,De Zaanse Hoeve Mild 30+ geraspt,De Zaanse Hoeve,kaas,Kaas,Geraspte kaas,2.19,2.19,,,,,200 g,prijs per kg €10.95,False,,,,,D,True,AH,https://www.ah.nl/producten/product/wi197172,2026-08-12,De Zaanse Hoeve Mild 30+ grated,cheese
462708,715388,AH Witte kaas 40+,AH,kaas,Kaas,Witte kaas,1.35,1.35,,,,,200 g,prijs per kg €6.75,False,,,,,D,True,AH,https://www.ah.nl/producten/product/wi462708,2026-08-12,AH White cheese 40+,cheese
506230,847100,AH Zuivelspread knoflook & kruiden,AH,kaas,Kaas,Zuivelspread,1.39,1.39,,,,,200 g,prijs per kg €6.95,False,,,,,D,True,AH,https://www.ah.nl/producten/product/wi506230,2026-08-12,AH Dairy spread garlic & herbs,cheese
193770,574899,De Zaanse Hoeve Pittig 45+ geraspt,De Zaanse Hoeve,kaas,Kaas,Geraspte kaas,2.49,2.49,,,,,200 g,prijs per kg €12.45,False,,,,,D,True,AH,https://www.ah.nl/producten/product/wi193770,2026-08-12,De Zaanse Hoeve Spicy 45+ grated,cheese
197208,786860,De Zaanse Hoeve Jong belegen 30+ plakken,De Zaanse Hoeve,kaas,Kaas,Jong belegen kaas (plakken),3.89,3.89,,,,,300 g,prijs per kg €12.97,False,,,,,D,True,AH,https://www.ah.nl/producten/product/wi197208,2026-08-12,De Zaanse Hoeve Young matured 30+ slices,cheese
478229,731959,Eru Goudkuipje naturel,Eru,kaas,Kaas,Smeerkaas,2.89,2.89,,,,,200 g,prijs per kg €14.45,False,,,,,D,True,AH,https://www.ah.nl/producten/product/wi478229,2026-08-12,Eru Goudkuipje natural,cheese
195370,796240,AH Italiaanse mozzarella,AH,kaas,Kaas,Mozzarella,1.69,1.69,,,,,228 g,prijs per kg €13.52,False,,,,,,True,AH,https://www.ah.nl/producten/product/wi195370,2026-08-12,AH Italiaanse mozzarella,cheese
2601,66794,AH Goudse jong belegen 48+ plakken,AH,kaas,Kaas,Jong belegen kaas (plakken),2.75,3.09,11.0,2 voor 5.50,5.5,2.0,190 g,normale prijs per kg €16.26,True,AH,2 voor 5.50,2026-08-10,2026-08-16,D,True,AH,https://www.ah.nl/producten/product/wi2601,2026-08-12,AH Goudse young matured 48+ slices,cheese
595367,43765,AH Cottage cheese,AH,kaas,Kaas,Cottage cheese,1.75,1.75,,,,,400 g,prijs per kg €4.38,False,,,,,B,True,AH,https://www.ah.nl/producten/product/wi595367,2026-08-12,AH Cottage cheese,cheese
232017,810832,AH Mozzarella geraspt,AH,kaas,Kaas,Geraspte kaas,2.5,2.79,10.4,2 voor 5.00,5.0,2.0,150 g,normale prijs per kg €18.60,True,AH,2 voor 5.00,2026-08-10,2026-08-16,D,True,AH,https://www.ah.nl/producten/product/wi232017,2026-08-12,AH Mozzarella grated,cheese
163826,623176,Galbani Mozzarella mini,Galbani,kaas,Kaas,Mozzarella,2.89,2.89,,,,,260 g,prijs per kg €19.27,False,,,,,C,True,AH,https://www.ah.nl/producten/product/wi163826,2026-08-12,Galbani Mozzarella mini,cheese
615565,0,Galbani Mozzarella mini 2-pack,Galbani,kaas,Kaas,Mozzarella,5.49,5.78,5.0,5% volume voordeel,,,2 stuks,,True,AHOO,5% volume voordeel,2026-08-12,2999-12-31,,True,AH,https://www.ah.nl/producten/product/wi615565,2026-08-12,Galbani Mozzarella mini 2-pack,cheese
579437,22103,AH Smeerkaas naturel 15+,AH,kaas,Kaas,Smeerkaas,1.25,1.25,,,,,200 g,prijs per kg €6.25,False,,,,,B,True,AH,https://www.ah.nl/producten/product/wi579437,2026-08-12,AH Smeerkaas naturel 15+,cheese
462470,715079,AH Italiaanse grana padano 32+ stuk,AH,kaas,Kaas,"Parmezaanse kaas, grano padano, pecorino",3.65,3.65,,,,,200 g,prijs per kg €18.25,False,,,,,D,True,AH,https://www.ah.nl/producten/product/wi462470,2026-08-12,AH Italian grana padano 32+ pieces,cheese
2594,66796,AH Goudse belegen 48+ plakken,AH,kaas,Kaas,Belegen kaas (plakken),2.75,3.39,18.9,2 voor 5.50,5.5,2.0,190 g,normale prijs per kg €17.84,True,AH,2 voor 5.50,2026-08-10,2026-08-16,D,True,AH,https://www.ah.nl/producten/product/wi2594,2026-08-12,AH Gouda matured 48+ slices,cheese
447741,524701,De Zaanse Hoeve Goudse jong belegen 48+ stuk voordeel,De Zaanse Hoeve,kaas,Kaas,Jong belegen kaas (stuk),8.8,8.8,,,,,ca. 1006 g,prijs per kg €8.75,False,,,,,D,True,AH,https://www.ah.nl/producten/product/wi447741,2026-08-12,De Zaanse Hoeve Goudse young matured 48+ piece advantage,cheese
560692,737348,AH Burrata 50+,AH,kaas,Kaas,Burrata,2.19,2.19,,,,,250 g,prijs per kg €17.52,False,,,,,D,True,AH,https://www.ah.nl/producten/product/wi560692,2026-08-12,AH Burrata 50+,cheese
162601,603012,AH Pasta geraspte kaas,AH,kaas,Kaas,Geraspte kaas,2.5,2.79,10.4,2 voor 5.00,5.0,2.0,150 g,normale prijs per kg €18.60,True,AH,2 voor 5.00,2026-08-10,2026-08-16,D,True,AH,https://www.ah.nl/producten/product/wi162601,2026-08-12,AH Pasta grated cheese,cheese
560688,708528,De Zaanse Hoeve Mild 45+ geraspt voordeel,De Zaanse Hoeve,kaas,Kaas,Geraspte kaas,4.09,4.09,,,,,400 g,prijs per kg €10.23,False,,,,,D,True,AH,https://www.ah.nl/producten/product/wi560688,2026-08-12,De Zaanse Hoeve Mild 45+ grated advantage,cheese
497552,801760,AH Biologisch Griekse feta,AH Biologisch,kaas,Kaas,Feta,2.59,2.59,,,,,150 g,prijs per kg €17.27,False,,,,,D,True,AH,https://www.ah.nl/producten/product/wi497552,2026-08-12,AH Organic Greek feta,cheese
454161,600439,AH Cheddar geraspte kaas,AH,kaas,Kaas,Cheddar kaas,2.5,2.99,16.4,2 voor 5.00,5.0,2.0,150 g,normale prijs per kg €19.93,True,AH,2 voor 5.00,2026-08-10,2026-08-16,D,True,AH,https://www.ah.nl/producten/product/wi454161,2026-08-12,AH Cheddar grated cheese,cheese
618992,0,AH Biologisch Griekse feta 2-pack,AH Biologisch,kaas,Kaas,Feta,5.08,5.18,2.0,2% volume voordeel,,,2 stuks,,True,AHOO,2% volume voordeel,2026-08-12,2999-12-31,,True,AH,https://www.ah.nl/producten/product/wi618992,2026-08-12,AH Organic Greek feta 2-pack,cheese
613286,69747,AH Mozzarella light,AH,kaas,Kaas,Mozzarella,0.99,0.99,,,,,200 g,prijs per kg €7.92,False,,,,,B,True,AH,https://www.ah.nl/producten/product/wi613286,2026-08-12,AH Mozzarella light,cheese
618994,0,AH Biologisch Griekse feta 4-pack,AH Biologisch,kaas,Kaas,Feta,9.53,10.36,8.0,8% volume voordeel,,,4 stuks,,True,AHOO,8% volume voordeel,2026-08-12,2999-12-31,,True,AH,https://www.ah.nl/producten/product/wi618994,2026-08-12,AH Organic Greek feta 4-pack,cheese
618993,0,AH Biologisch Griekse feta 3-pack,AH Biologisch,kaas,Kaas,Feta,7.38,7.77,5.0,5% volume voordeel,,,3 stuks,,True,AHOO,5% volume voordeel,2026-08-12,2999-12-31,,True,AH,https://www.ah.nl/producten/product/wi618993,2026-08-12,AH Organic Greek feta 3-pack,cheese
384175,842512,Philadelphia Philadelphia original,Philadelphia,kaas,Kaas,Roomkaas,2.99,2.99,,,,,200 g,prijs per kg €14.95,False,,,,,D,True,AH,https://www.ah.nl/producten/product/wi384175,2026-08-12,Philadelphia Philadelphia original,cheese
562458,0,Philadelphia Zuivelspread naturel 2-pack,Philadelphia,kaas,Kaas,Roomkaas,5.68,5.98,5.0,5% volume voordeel,,,2 stuks,,True,AHOO,5% volume voordeel,2026-08-12,2999-12-31,,True,AH,https://www.ah.nl/producten/product/wi562458,2026-08-12,Philadelphia Dairy spread natural 2-pack,cheese
400471,849725,AH Biologisch Italiaanse parmigiano reggiano,AH Biologisch,kaas,Kaas,"Parmezaanse kaas, grano padano, pecorino",1.99,1.99,,,,,40 g,prijs per kg €49.75,False,,,,,,True,AH,https://www.ah.nl/producten/product/wi400471,2026-08-12,AH Biologisch Italiaanse parmigiano reggiano,cheese
619218,0,AH Biologisch Italiaanse parmigiano reggiano 2-pack,AH Biologisch,kaas,Kaas,"Parmezaanse kaas, grano padano, pecorino",3.78,3.98,5.0,5% volume voordeel,,,2 stuks,,True,AHOO,5% volume voordeel,2026-08-12,2999-12-31,,True,AH,https://www.ah.nl/producten/product/wi619218,2026-08-12,AH Organic Italian parmigiano reggiano 2-pack,cheese
619219,0,AH Biologisch Italiaanse parmigiano reggiano 3-pack,AH Biologisch,kaas,Kaas,"Parmezaanse kaas, grano padano, pecorino",5.55,5.97,7.0,7% volume voordeel,,,3 stuks,,True,AHOO,7% volume voordeel,2026-08-12,2999-12-31,,True,AH,https://www.ah.nl/producten/product/wi619219,2026-08-12,AH Organic Italian parmigiano reggiano 3-pack,cheese
619220,0,AH Biologisch Italiaanse parmigiano reggiano 4-pack,AH Biologisch,kaas,Kaas,"Parmezaanse kaas, grano padano, pecorino",7.32,7.96,8.0,8% volume voordeel,,,4 stuks,,True,AHOO,8% volume voordeel,2026-08-12,2999-12-31,,True,AH,https://www.ah.nl/producten/product/wi619220,2026-08-12,AH Organic Italian parmigiano reggiano 4-pack,cheese
197154,603010,AH Geraspte kaas speciaal voor pizza,AH,kaas,Kaas,Geraspte kaas,2.5,2.79,10.4,2 voor 5.00,5.0,2.0,150 g,normale prijs per kg €18.60,True,AH,2 voor 5.00,2026-08-10,2026-08-16,D,True,AH,https://www.ah.nl/producten/product/wi197154,2026-08-12,AH Geraspte kaas speciaal voor pizza,cheese
3856,7386,Eru Goudkuipje naturel,Eru,kaas,Kaas,Smeerkaas,1.75,1.75,,,,,100 g,prijs per kg €17.50,False,,,,,D,True,AH,https://www.ah.nl/producten/product/wi3856,2026-08-12,Eru Goudkuipje natural,cheese
611562,0,Philadelphia Philadelphia original 4-pack,Philadelphia,kaas,Kaas,Roomkaas,11.12,11.96,7.0,7% volume voordeel,,,4 stuks,,True,AHOO,7% volume voordeel,2026-08-12,2999-12-31,,True,AH,https://www.ah.nl/producten/product/wi611562,2026-08-12,Philadelphia Philadelphia original 4-pack,cheese
579436,22102,AH Smeerkaas naturel 48+,AH,kaas,Kaas,Smeerkaas,1.35,1.35,,,,,200 g,prijs per kg €6.75,False,,,,,D,True,AH,https://www.ah.nl/producten/product/wi579436,2026-08-12,AH Smeerkaas naturel 48+,cheese
613284,69733,AH Mozzarella mini,AH,kaas,Kaas,Mozzarella,1.15,1.15,,,,,245 g,prijs per kg €9.20,False,,,,,C,True,AH,https://www.ah.nl/producten/product/wi613284,2026-08-12,AH Mozzarella mini,cheese
506229,840579,AH Zuivelspread light,AH,kaas,Kaas,Zuivelspread,1.38,1.38,,,,,200 g,prijs per kg €6.90,False,,,,,B,True,AH,https://www.ah.nl/producten/product/wi506229,2026-08-12,AH Dairy spread light,cheese
162764,631937,Philadelphia Knoflook & fijne kruiden,Philadelphia,kaas,Kaas,Roomkaas,2.99,2.99,,,,,185 g,prijs per kg €16.16,False,,,,,D,True,AH,https://www.ah.nl/producten/product/wi162764,2026-08-12,Philadelphia Garlic & fine herbs,cheese
236957,828399,De Zaanse Hoeve Jong 30+ plakken,De Zaanse Hoeve,kaas,Kaas,Jonge kaas (plakken),3.49,3.49,,,,,300 g,prijs per kg €11.63,False,,,,,D,True,AH,https://www.ah.nl/producten/product/wi236957,2026-08-12,De Zaanse Hoeve Jong 30+ slices,cheese
590122,0,Philadelphia Knoflook & Kruiden 2-pack,Philadelphia,kaas,Kaas,Roomkaas,5.68,5.98,5.0,5% volume voordeel,,,2 stuks,,True,AHOO,5% volume voordeel,2026-08-12,2999-12-31,,True,AH,https://www.ah.nl/producten/product/wi590122,2026-08-12,Philadelphia Garlic & Herbs 2-pack,cheese
46563,93905,AH Romige brie 60+,AH,kaas,Kaas,Brie,2.89,2.89,,,,,200 g,prijs per kg €14.45,False,,,,,D,True,AH,https://www.ah.nl/producten/product/wi46563,2026-08-12,AH Creamy brie 60+,cheese
602978,0,AH Romige brie 60+ 2-pack,AH,kaas,Kaas,Brie,5.66,5.78,2.0,2% volume voordeel,,,2 stuks,,True,AHOO,2% volume voordeel,2026-08-12,2999-12-31,,True,AH,https://www.ah.nl/producten/product/wi602978,2026-08-12,AH Creamy brie 60+ 2-pack,cheese
611560,0,Philadelphia Knoflook & fijne kruiden 4-pack,Philadelphia,kaas,Kaas,Roomkaas,11.12,11.96,7.0,7% volume voordeel,,,4 stuks,,True,AHOO,7% volume voordeel,2026-08-12,2999-12-31,,True,AH,https://www.ah.nl/producten/product/wi611560,2026-08-12,Philadelphia Garlic & fine herbs 4-pack,cheese
213365,809026,Heks'nkaas Origineel,Heks'nkaas,kaas,Kaas,Roomkaas,3.29,3.29,,,,,200 g,prijs per kg €16.45,False,,,,,D,True,AH,https://www.ah.nl/producten/product/wi213365,2026-08-12,Heks'nkaas Origineel,cheese
136084,603028,AH Goudse jong belegen 30+ plakken,AH,kaas,Kaas,Jong belegen kaas (plakken),2.75,3.25,15.4,2 voor 5.50,5.5,2.0,190 g,normale prijs per kg €17.11,True,AH,2 voor 5.50,2026-08-10,2026-08-16,D,True,AH,https://www.ah.nl/producten/product/wi136084,2026-08-12,AH Goudse young matured 30+ slices,cheese
104392,536391,AH Zaanlander Jong 48+ plakken,AH Zaanlander,kaas,Kaas,Jonge kaas (plakken),2.86,3.82,25.0,25% korting,,,ca. 210 g,normale prijs per kg €18.29,True,AH,25% korting,2026-08-10,2026-08-16,D,True,AH,https://www.ah.nl/producten/product/wi104392,2026-08-12,AH Zaanlander Young 48+ slices,cheese
384176,842513,Philadelphia Light,Philadelphia,kaas,Kaas,Roomkaas,2.99,2.99,,,,,200 g,prijs per kg €14.95,False,,,,,C,True,AH,https://www.ah.nl/producten/product/wi384176,2026-08-12,Philadelphia Light,cheese
618096,0,AH Zaanlander Jong 48+ plakken 3-pack,AH Zaanlander,kaas,Kaas,Jonge kaas (plakken),8.59,11.46,25.0,pakketkorting,,,3 stuks,,True,AHOO,,2026-08-12,2026-08-16,,True,AH,https://www.ah.nl/producten/product/wi618096,2026-08-12,AH Zaanlander Jong 48+ slices 3-pack,cheese
257,71405,AH Kruiden roomkaas,AH,kaas,Kaas,Roomkaas,1.09,1.09,,,,,125 g,prijs per kg €8.72,False,,,,,E,True,AH,https://www.ah.nl/producten/product/wi257,2026-08-12,AH Herbal cream cheese,cheese
618097,0,AH Zaanlander Jong 48+ plakken 4-pack,AH Zaanlander,kaas,Kaas,Jonge kaas (plakken),11.46,15.28,25.0,pakketkorting,,,4 stuks,,True,AHOO,,2026-08-12,2026-08-16,,True,AH,https://www.ah.nl/producten/product/wi618097,2026-08-12,AH Zaanlander Jong 48+ plakken 4-pack,cheese
486707,741558,De Zaanse Hoeve Jong belegen 48+ blokjes,De Zaanse Hoeve,kaas,Kaas,Kaasblokjes,2.69,2.69,,,,,250 g,prijs per kg €10.76,False,,,,,D,True,AH,https://www.ah.nl/producten/product/wi486707,2026-08-12,De Zaanse Hoeve Young matured 48+ cubes,cheese
600581,0,Philadelphia Light Zuivelspread 2-pack,Philadelphia,kaas,Kaas,Roomkaas,5.68,5.98,5.0,5% volume voordeel,,,2 stuks,,True,AHOO,5% volume voordeel,2026-08-12,2999-12-31,,True,AH,https://www.ah.nl/producten/product/wi600581,2026-08-12,Philadelphia Light Dairy Spread 2-pack,cheese
1932,8045,Danone Hüttenkäse original,Danone,kaas,Kaas,Cottage cheese,1.99,1.99,,,,,200 g,prijs per kg €9.95,False,,,,,B,True,AH,https://www.ah.nl/producten/product/wi1932,2026-08-12,Danone Hüttenkäse original,cheese
607857,0,Danone Hüttenkäse original 2-pack,Danone,kaas,Kaas,Cottage cheese,3.78,3.98,5.0,5% volume voordeel,,,2 stuks,,True,AHOO,5% volume voordeel,2026-08-12,2999-12-31,,True,AH,https://www.ah.nl/producten/product/wi607857,2026-08-12,Danone Hüttenkäse original 2-pack,cheese
121178,574916,AH Goudse jong 48+ plakken,AH,kaas,Kaas,Jonge kaas (plakken),5.59,5.59,,,,,400 g,prijs per kg €13.98,False,,,,,D,True,AH,https://www.ah.nl/producten/product/wi121178,2026-08-12,AH Goudse young 48+ slices,cheese
602321,0,AH Goudse jong 48+ plakken 3-pack,AH,kaas,Kaas,Jonge kaas (plakken),15.76,16.77,6.0,6% volume voordeel,,,3 stuks,,True,AHOO,6% volume voordeel,2026-08-12,2999-12-31,,True,AH,https://www.ah.nl/producten/product/wi602321,2026-08-12,AH Goudse young 48+ slices 3-pack,cheese
104394,536393,AH Zaanlander Jong belegen 48+ plakken,AH Zaanlander,kaas,Kaas,Jong belegen kaas (plakken),3.14,4.19,25.0,25% korting,,,ca. 210 g,normale prijs per kg €20.05,True,AH,25% korting,2026-08-10,2026-08-16,D,True,AH,https://www.ah.nl/producten/product/wi104394,2026-08-12,AH Zaanlander Jong belegen 48+ plakken,cheese
611561,0,Philadelphia Light 3-pack,Philadelphia,kaas,Kaas,Roomkaas,8.34,8.97,7.0,7% volume voordeel,,,3 stuks,,True,AHOO,7% volume voordeel,2026-08-12,2999-12-31,,True,AH,https://www.ah.nl/producten/product/wi611561,2026-08-12,Philadelphia Light 3-pack,cheese
168583,634907,Galbani Mozzarella maxi,Galbani,kaas,Kaas,Mozzarella,2.89,2.89,,,,,385 g,prijs per kg €14.45,False,,,,,C,True,AH,https://www.ah.nl/producten/product/wi168583,2026-08-12,Galbani Mozzarella maxi,cheese
615564,0,Galbani Mozzarella maxi 2-pack,Galbani,kaas,Kaas,Mozzarella,5.49,5.78,5.0,5% volume voordeel,,,2 stuks,,True,AHOO,5% volume voordeel,2026-08-12,2999-12-31,,True,AH,https://www.ah.nl/producten/product/wi615564,2026-08-12,Galbani Mozzarella maxi 2-pack,cheese
618228,0,AH Romige brie 60+ 3-pack,AH,kaas,Kaas,Brie,8.06,8.67,7.0,7% volume voordeel,,,3 stuks,,True,AHOO,7% volume voordeel,2026-08-12,2999-12-31,,True,AH,https://www.ah.nl/producten/product/wi618228,2026-08-12,AH Creamy brie 60+ 3-pack,cheese
618100,0,AH Zaanlander Jong belegen 48+ plakken 3-pack,AH Zaanlander,kaas,Kaas,Jong belegen kaas (plakken),9.43,12.57,25.0,pakketkorting,,,3 stuks,,True,AHOO,,2026-08-12,2026-08-16,,True,AH,https://www.ah.nl/producten/product/wi618100,2026-08-12,AH Zaanlander Jong belegen 48+ plakken 3-pack,cheese
618229,0,AH Romige brie 60+ 4-pack,AH,kaas,Kaas,Brie,10.4,11.56,10.0,10% volume voordeel,,,4 stuks,,True,AHOO,10% volume voordeel,2026-08-12,2999-12-31,,True,AH,https://www.ah.nl/producten/product/wi618229,2026-08-12,AH Creamy brie 60+ 4-pack,cheese
618101,0,AH Zaanlander Jong belegen 48+ plakken 4-pack,AH Zaanlander,kaas,Kaas,Jong belegen kaas (plakken),12.57,16.76,25.0,pakketkorting,,,4 stuks,,True,AHOO,,2026-08-12,2026-08-16,,True,AH,https://www.ah.nl/producten/product/wi618101,2026-08-12,AH Zaanlander Young matured 48+ slices 4-pack,cheese
478021,731521,AH Franse roombrie 60+,AH,kaas,Kaas,Brie,2.0,2.75,27.3,3 voor 6.00,6.0,3.0,155 g,normale prijs per kg €17.74,True,AH,3 voor 6.00,2026-08-10,2026-08-16,D,True,AH,https://www.ah.nl/producten/product/wi478021,2026-08-12,AH French cream brie 60+,cheese
2597,66798,AH Goudse jong komijn 48+ plakken,AH,kaas,Kaas,Gekruide kaas (plakken),2.75,3.15,12.7,2 voor 5.50,5.5,2.0,190 g,normale prijs per kg €16.58,True,AH,2 voor 5.50,2026-08-10,2026-08-16,D,True,AH,https://www.ah.nl/producten/product/wi2597,2026-08-12,AH Goudse young cumin 48+ slices,cheese
497554,801789,AH Mascarpone 80+,AH,kaas,Kaas,Mascarpone,1.99,1.99,,,,,250 g,prijs per kg €7.96,False,,,,,D,True,AH,https://www.ah.nl/producten/product/wi497554,2026-08-12,AH Mascarpone 80+,cheese
462684,715084,AH Italiaanse mozzarella di bufala campana,AH,kaas,Kaas,Mozzarella,1.95,1.95,,,,,260 g,prijs per kg €15.60,False,,,,,D,True,AH,https://www.ah.nl/producten/product/wi462684,2026-08-12,AH Italian mozzarella di bufala campana,cheese
202090,796238,AH Ovengratin geraspte kaas,AH,kaas,Kaas,Geraspte kaas,2.5,2.79,10.4,2 voor 5.00,5.0,2.0,150 g,normale prijs per kg €18.60,True,AH,2 voor 5.00,2026-08-10,2026-08-16,D,True,AH,https://www.ah.nl/producten/product/wi202090,2026-08-12,AH Ovengratin geraspte kaas,cheese
575897,17602,AH Mini burratine,AH,kaas,Kaas,Burrata,2.99,2.99,,,,,420 g,,False,,,,,D,True,AH,https://www.ah.nl/producten/product/wi575897,2026-08-12,AH Mini burratine,cheese
602290,54184,AH Zaanlander Belegen 48+ plakken,AH Zaanlander,kaas,Kaas,Belegen kaas (plakken),2.89,2.89,,,,,150 g,prijs per kg €19.27,False,,,,,D,True,AH,https://www.ah.nl/producten/product/wi602290,2026-08-12,AH Zaanlander Belegen 48+ plakken,cheese
610787,0,Zaanlander Belegen 48+ plakken 2-pack,Zaanlander,kaas,Kaas,Belegen kaas (plakken),5.49,5.78,5.0,5% volume voordeel,,,2 stuks,,True,AHOO,5% volume voordeel,2026-08-12,2999-12-31,,True,AH,https://www.ah.nl/producten/product/wi610787,2026-08-12,Zaanlander Matured 48+ slices 2-pack,cheese
462468,715077,AH Griekse feta 2-pack,AH,kaas,Kaas,Feta,2.25,2.25,,,,,2 x 75 g,prijs per kg €15.00,False,,,,,D,True,AH,https://www.ah.nl/producten/product/wi462468,2026-08-12,AH Greek feta 2-pack,cheese
622735,0,AH Zaanlander Belegen 48+ plakken 4-pack,AH Zaanlander,kaas,Kaas,Belegen kaas (plakken),10.4,11.56,10.0,10% volume voordeel,,,4 stuks,,True,AHOO,10% volume voordeel,2026-08-12,2999-12-31,,True,AH,https://www.ah.nl/producten/product/wi622735,2026-08-12,AH Zaanlander Matured 48+ slices 4-pack,cheese
564907,0,AH Zaanlander Belegen 48+ plakken 3-pack,AH Zaanlander,kaas,Kaas,Belegen kaas (plakken),19.9,23.64,15.8,pakketkorting,,,3 stuks,,True,AHOO,,2026-08-12,2026-08-16,,True,AH,https://www.ah.nl/producten/product/wi564907,2026-08-12,AH Zaanlander Matured 48+ slices 3-pack,cheese
613359,70988,Leerdammer Extra mild,Leerdammer,kaas,Kaas,Jonge kaas (plakken),2.49,2.49,,,,,130 g,prijs per kg €19.15,False,,,,,D,True,AH,https://www.ah.nl/producten/product/wi613359,2026-08-12,Leerdammer Extra mild,cheese
30140,595685,AH Goudse belegen 48+ geraspt,AH,kaas,Kaas,Geraspte kaas,3.89,3.89,,,,,175 g,prijs per kg €22.23,False,,,,,D,True,AH,https://www.ah.nl/producten/product/wi30140,2026-08-12,AH Gouda matured 48+ grated,cheese
564929,0,AH Goudse belegen 48+ geraspt 3-pack,AH,kaas,Kaas,Geraspte kaas,11.09,11.67,5.0,5% volume voordeel,,,3 stuks,,True,AHOO,5% volume voordeel,2026-08-12,2999-12-31,,True,AH,https://www.ah.nl/producten/product/wi564929,2026-08-12,AH Gouda matured 48+ grated 3-pack,cheese
618039,0,AH Goudse belegen 48+ geraspt 4-pack,AH,kaas,Kaas,Geraspte kaas,14.0,15.56,10.0,10% volume voordeel,,,4 stuks,,True,AHOO,10% volume voordeel,2026-08-12,2999-12-31,,True,AH,https://www.ah.nl/producten/product/wi618039,2026-08-12,AH Gouda matured 48+ grated 4-pack,cheese
618040,0,AH Goudse belegen 48+ geraspt 5-pack,AH,kaas,Kaas,Geraspte kaas,16.53,19.45,15.0,15% volume voordeel,,,5 stuks,,True,AHOO,15% volume voordeel,2026-08-12,2999-12-31,,True,AH,https://www.ah.nl/producten/product/wi618040,2026-08-12,AH Goudse belegen 48+ geraspt 5-pack,cheese
618587,0,AH Griekse feta 2-pack 2-pack,AH,kaas,Kaas,Feta,4.41,4.5,2.0,2% volume voordeel,,,2 stuks,,True,AHOO,2% volume voordeel,2026-08-12,2999-12-31,,True,AH,https://www.ah.nl/producten/product/wi618587,2026-08-12,AH Greek feta 2-pack 2-pack,cheese
478232,731985,AH Tex-mex geraspte kaas,AH,kaas,Kaas,Geraspte kaas,2.5,2.79,10.4,2 voor 5.00,5.0,2.0,150 g,normale prijs per kg €18.60,True,AH,2 voor 5.00,2026-08-10,2026-08-16,D,True,AH,https://www.ah.nl/producten/product/wi478232,2026-08-12,AH Tex-mex grated cheese,cheese
620664,0,AH Mini burratine 2-pack,AH,kaas,Kaas,Burrata,5.86,5.98,2.0,2% volume voordeel,,,2 stuks,,True,AHOO,2% volume voordeel,2026-08-12,2999-12-31,,True,AH,https://www.ah.nl/producten/product/wi620664,2026-08-12,AH Mini burratine 2-pack,cheese
591155,37889,Dairly Cottage cheese 20+,Dairly,kaas,Kaas,Cottage cheese,0.99,0.99,,,,,200 g,prijs per kg €4.95,False,,,,,B,True,AH,https://www.ah.nl/producten/product/wi591155,2026-08-12,Dairy Cottage cheese 20+,cheese
138205,597371,AH Goudse belegen 48+ geraspt,AH,kaas,Kaas,Geraspte kaas,5.89,5.89,,,,,300 g,prijs per kg €19.63,False,,,,,D,True,AH,https://www.ah.nl/producten/product/wi138205,2026-08-12,AH Gouda matured 48+ grated,cheese
618589,0,AH Griekse feta 2-pack 4-pack,AH,kaas,Kaas,Feta,8.28,9.0,8.0,8% volume voordeel,,,4 stuks,,True,AHOO,8% volume voordeel,2026-08-12,2999-12-31,,True,AH,https://www.ah.nl/producten/product/wi618589,2026-08-12,AH Griekse feta 2-pack 4-pack,cheese
618588,0,AH Griekse feta 2-pack 3-pack,AH,kaas,Kaas,Feta,6.41,6.75,5.0,5% volume voordeel,,,3 stuks,,True,AHOO,5% volume voordeel,2026-08-12,2999-12-31,,True,AH,https://www.ah.nl/producten/product/wi618588,2026-08-12,AH Greek feta 2-pack 3-pack,cheese
575924,17605,Président Extra smeuige brie,Président,kaas,Kaas,Brie,3.49,3.49,,,,,200 g,prijs per kg €17.45,False,,,,,D,True,AH,https://www.ah.nl/producten/product/wi575924,2026-08-12,Président Extra creamy brie,cheese
121168,574906,AH Goudse jong belegen 48+ plakken,AH,kaas,Kaas,Jong belegen kaas (plakken),5.89,5.89,,,,,400 g,prijs per kg €14.73,False,,,,,D,True,AH,https://www.ah.nl/producten/product/wi121168,2026-08-12,AH Goudse young matured 48+ slices,cheese
618061,0,AH Goudse jong belegen 48+ plakken 3pk,AH,kaas,Kaas,Jong belegen kaas (plakken),17.14,17.67,3.0,3% volume voordeel,,,3 stuks,,True,AHOO,3% volume voordeel,2026-08-12,2999-12-31,,True,AH,https://www.ah.nl/producten/product/wi618061,2026-08-12,AH Goudse jong belegen 48+ plakken 3pk,cheese
620666,0,AH Mini burratine 4-pack,AH,kaas,Kaas,Burrata,11.0,11.96,8.0,8% volume voordeel,,,4 stuks,,True,AHOO,8% volume voordeel,2026-08-12,2999-12-31,,True,AH,https://www.ah.nl/producten/product/wi620666,2026-08-12,AH Mini burratine 4-pack,cheese
419552,691149,Beemster Jong belegen 48+ plakken voordeel,Beemster,kaas,Kaas,Jong belegen kaas (plakken),4.89,4.89,,,,,250 g,prijs per kg €19.56,False,,,,,D,True,AH,https://www.ah.nl/producten/product/wi419552,2026-08-12,Beemster Young matured 48+ slices advantage,cheese
602289,54183,AH Zaanlander Jong belegen 48+ plakken,AH Zaanlander,kaas,Kaas,Jong belegen kaas (plakken),2.65,2.65,,,,,150 g,prijs per kg €17.67,False,,,,,D,True,AH,https://www.ah.nl/producten/product/wi602289,2026-08-12,AH Zaanlander Jong belegen 48+ plakken,cheese
610789,0,Zaanlander Jong belegen 48+ plakken 2-pack,Zaanlander,kaas,Kaas,Jong belegen kaas (plakken),5.03,5.3,5.0,5% volume voordeel,,,2 stuks,,True,AHOO,5% volume voordeel,2026-08-12,2999-12-31,,True,AH,https://www.ah.nl/producten/product/wi610789,2026-08-12,Zaanlander Young matured 48+ slices 2-pack,cheese
185784,634283,AH Biologisch Jong belegen 50+ plakken,AH Biologisch,kaas,Kaas,Jong belegen kaas (plakken),4.19,4.19,,,,,ca. 210 g,prijs per kg €19.75,False,,,,,D,True,AH,https://www.ah.nl/producten/product/wi185784,2026-08-12,AH Organic Young matured 50+ slices,cheese
620665,0,AH Mini burratine 3-pack,AH,kaas,Kaas,Burrata,8.52,8.97,5.0,5% volume voordeel,,,3 stuks,,True,AHOO,5% volume voordeel,2026-08-12,2999-12-31,,True,AH,https://www.ah.nl/producten/product/wi620665,2026-08-12,AH Mini burratine 3-pack,cheese
622755,0,AH Zaanlander Jong belegen 48+ plakken 4-pack,AH Zaanlander,kaas,Kaas,Jong belegen kaas (plakken),9.54,10.6,10.0,10% volume voordeel,,,4 stuks,,True,AHOO,10% volume voordeel,2026-08-12,2999-12-31,,True,AH,https://www.ah.nl/producten/product/wi622755,2026-08-12,AH Zaanlander Young matured 48+ slices 4-pack,cheese
564904,0,AH Zaanlander Jong belegen 48+ plakken 3-pack,AH Zaanlander,kaas,Kaas,Jong belegen kaas (plakken),17.38,20.52,15.3,pakketkorting,,,3 stuks,,True,AHOO,,2026-08-12,2026-08-16,,True,AH,https://www.ah.nl/producten/product/wi564904,2026-08-12,AH Zaanlander Jong belegen 48+ plakken 3-pack,cheese
238912,825531,AH Biologisch Buffelmozzarella 52+,AH Biologisch,kaas,Kaas,Mozzarella,2.79,2.79,,,,,300 g,prijs per kg €22.32,False,,,,,C,True,AH,https://www.ah.nl/producten/product/wi238912,2026-08-12,AH Organic Buffalo Mozzarella 52+,cheese
602288,54169,AH Zaanlander Jong belegen 48+ plakken voordeel,AH Zaanlander,kaas,Kaas,Jong belegen kaas (plakken),3.99,3.99,,,,,250 g,prijs per kg €15.96,False,,,,,D,True,AH,https://www.ah.nl/producten/product/wi602288,2026-08-12,AH Zaanlander Young matured 48+ slices advantage,cheese
622756,0,AH Zaanlander Jong belegen 48+ plakken voordeel 2-pack,AH Zaanlander,kaas,Kaas,Jong belegen kaas (plakken),7.74,7.98,3.0,3% volume voordeel,,,2 stuks,,True,AHOO,3% volume voordeel,2026-08-12,2999-12-31,,True,AH,https://www.ah.nl/producten/product/wi622756,2026-08-12,AH Zaanlander Jong belegen 48+ plakken voordeel 2-pack,cheese
622758,0,AH Zaanlander Jong belegen 48+ plakken voordeel 4-pack,AH Zaanlander,kaas,Kaas,Jong belegen kaas (plakken),14.36,15.96,10.0,10% volume voordeel,,,4 stuks,,True,AHOO,10% volume voordeel,2026-08-12,2999-12-31,,True,AH,https://www.ah.nl/producten/product/wi622758,2026-08-12,AH Zaanlander Young matured 48+ slices discount 4-pack,cheese
622757,0,AH Zaanlander Jong belegen 48+ plakken voordeel 3-pack,AH Zaanlander,kaas,Kaas,Jong belegen kaas (plakken),11.37,11.97,5.0,5% volume voordeel,,,3 stuks,,True,AHOO,5% volume voordeel,2026-08-12,2999-12-31,,True,AH,https://www.ah.nl/producten/product/wi622757,2026-08-12,AH Zaanlander Young matured 48+ slices discount 3-pack,cheese
233269,825887,La Vache Qui Rit Smeerkaaspuntjes naturel,La Vache Qui Rit,kaas,Kaas,Smeerkaas,1.64,2.19,25.0,25% korting,,,120 g,normale prijs per kg €18.25,True,AH,25% korting,2026-08-10,2026-08-16,D,True,AH,https://www.ah.nl/producten/product/wi233269,2026-08-12,La Vache Qui Rit Natural Cheese Spreads,cheese
612875,0,La Vache Qui Rit Smeerkaaspuntjes naturel 3-pack,La Vache Qui Rit,kaas,Kaas,Smeerkaas,4.93,6.57,25.0,pakketkorting,,,3 stuks,,True,AHOO,,2026-08-12,2026-08-16,,True,AH,https://www.ah.nl/producten/product/wi612875,2026-08-12,La Vache Qui Rit Cheese spread natural 3-pack,cheese
121115,506585,Chavroux Pure geitenkaas,Chavroux,kaas,Kaas,Geitenkaas (stuk),3.79,3.79,,,,,150 g,prijs per kg €25.27,False,,,,,D,True,AH,https://www.ah.nl/producten/product/wi121115,2026-08-12,Chavroux Pure goat cheese,cheese
123135,573761,La Vache Qui Rit Cheez dippers smeerkaas,La Vache Qui Rit,kaas,Kaas,Smeerkaas,2.62,3.49,25.0,25% korting,,,5 x 35 g,normale prijs per kg €19.94,True,AH,25% korting,2026-08-10,2026-08-16,D,True,AH,https://www.ah.nl/producten/product/wi123135,2026-08-12,La Vache Qui Rit Cheez dippers cheese spread,cheese
612873,0,La Vache Qui Rit Cheez dippers smeerkaas 3-pack,La Vache Qui Rit,kaas,Kaas,Smeerkaas,7.85,10.47,25.0,pakketkorting,,,3 stuks,,True,AHOO,,2026-08-12,2026-08-16,,True,AH,https://www.ah.nl/producten/product/wi612873,2026-08-12,La Vache Qui Rit Cheez dippers smeerkaas 3-pack,cheese
191606,793902,MonChou Original verse roomkaas,MonChou,kaas,Kaas,Monchou,1.99,1.99,,,,,100 g,prijs per kg €19.90,False,,,,,D,True,AH,https://www.ah.nl/producten/product/wi191606,2026-08-12,MonChou Original fresh cream cheese,cheese
478226,731956,Salakis Classic greek feta,Salakis,kaas,Kaas,Feta,2.75,2.75,,,,,125 g,prijs per kg €22.00,False,,,,,E,True,AH,https://www.ah.nl/producten/product/wi478226,2026-08-12,Salakis Classic greek feta,cheese
614558,0,Salakis Classic Greek feta 125g 2-pack,Salakis,kaas,Kaas,Feta,4.67,5.5,15.0,15% volume voordeel,,,2 stuks,,True,AHOO,15% volume voordeel,2026-08-12,2999-12-31,,True,AH,https://www.ah.nl/producten/product/wi614558,2026-08-12,Salakis Classic Greek feta 125g 2-pack,cheese
409195,853961,AH Biologisch Jong belegen 30+ plakken,AH Biologisch,kaas,Kaas,Jong belegen kaas (plakken),3.97,3.97,,,,,ca. 185 g,prijs per kg €21.70,False,,,,,D,True,AH,https://www.ah.nl/producten/product/wi409195,2026-08-12,AH Organic Young matured 30+ slices,cheese
67552,8047,Danone Hüttenkäse original,Danone,kaas,Kaas,Cottage cheese,3.79,3.79,,,,,400 g,prijs per kg €9.48,False,,,,,B,True,AH,https://www.ah.nl/producten/product/wi67552,2026-08-12,Danone Hüttenkäse original,cheese
607858,0,Danone Hüttenkäse original 2-pack,Danone,kaas,Kaas,Cottage cheese,7.2,7.58,5.0,5% volume voordeel,,,2 stuks,,True,AHOO,5% volume voordeel,2026-08-12,2999-12-31,,True,AH,https://www.ah.nl/producten/product/wi607858,2026-08-12,Danone Hüttenkäse original 2-pack,cheese
477910,731530,AH Clemont rouge 60+,AH,kaas,Kaas,Roodflora kaas,2.0,2.99,33.1,3 voor 6.00,6.0,3.0,150 g,normale prijs per kg €19.93,True,AH,3 voor 6.00,2026-08-10,2026-08-16,D,True,AH,https://www.ah.nl/producten/product/wi477910,2026-08-12,AH Clemont blush 60+,cheese
617255,0,AH Biologisch Jong belegen 30+ plakken 3-pack,AH Biologisch,kaas,Kaas,Jong belegen kaas (plakken),11.31,11.91,5.0,5% volume voordeel,,,3 stuks,,True,AHOO,5% volume voordeel,2026-08-12,2999-12-31,,True,AH,https://www.ah.nl/producten/product/wi617255,2026-08-12,AH Organic Young matured 30+ slices 3-pack,cheese
162763,631936,Philadelphia Bieslook,Philadelphia,kaas,Kaas,Roomkaas,2.99,2.99,,,,,185 g,prijs per kg €16.16,False,,,,,C,True,AH,https://www.ah.nl/producten/product/wi162763,2026-08-12,Philadelphia Chives,cheese
617256,0,AH Biologisch Jong belegen 30+ plakken 4-pack,AH Biologisch,kaas,Kaas,Jong belegen kaas (plakken),14.29,15.88,10.0,10% volume voordeel,,,4 stuks,,True,AHOO,10% volume voordeel,2026-08-12,2999-12-31,,True,AH,https://www.ah.nl/producten/product/wi617256,2026-08-12,AH Organic Young matured 30+ slices 4-pack,cheese
595368,43766,AH Cottage cheese naturel,AH,kaas,Kaas,Cottage cheese,1.39,1.39,,,,,200 g,prijs per kg €6.95,False,,,,,B,True,AH,https://www.ah.nl/producten/product/wi595368,2026-08-12,AH Cottage cheese natural,cheese
497553,801775,AH Grana Padano poeder,AH,kaas,Kaas,"Parmezaanse kaas, grano padano, pecorino",3.59,3.59,,,,,150 g,prijs per kg €23.93,False,,,,,D,True,AH,https://www.ah.nl/producten/product/wi497553,2026-08-12,AH Grana Padano powder,cheese
589889,35142,Old Amsterdam Original 48+ plakken voordeelverpakking,Old Amsterdam,kaas,Kaas,Oude kaas (plakken),4.89,4.89,,,,,200 g,prijs per kg €24.45,False,,,,,D,True,AH,https://www.ah.nl/producten/product/wi589889,2026-08-12,Old Amsterdam Original 48+ slices value pack,cheese
497570,802086,Eru Balans naturel,Eru,kaas,Kaas,Smeerkaas,1.75,1.75,,,,,100 g,prijs per kg €17.50,False,,,,,C,True,AH,https://www.ah.nl/producten/product/wi497570,2026-08-12,Eru Balance natural,cheese
188827,634900,AH Kruidenkaas light,AH,kaas,Kaas,Roomkaas,1.09,1.09,,,,,125 g,prijs per kg €8.72,False,,,,,C,True,AH,https://www.ah.nl/producten/product/wi188827,2026-08-12,AH Herb cheese light,cheese
419553,691150,Beemster Belegen 48+ plakken voordeel,Beemster,kaas,Kaas,Belegen kaas (plakken),4.99,4.99,,,,,250 g,prijs per kg €19.96,False,,,,,D,True,AH,https://www.ah.nl/producten/product/wi419553,2026-08-12,Beemster Matured 48+ slices advantage,cheese
613312,69710,Philadelphia Feta komkommer,Philadelphia,kaas,Kaas,Roomkaas,2.99,2.99,,,,,175 g,prijs per kg €17.09,False,,,,,D,True,AH,https://www.ah.nl/producten/product/wi613312,2026-08-12,Philadelphia Feta cucumber,cheese
454163,600553,De Zaanse Hoeve Goudse belegen 48+ stuk voordeel,De Zaanse Hoeve,kaas,Kaas,Belegen kaas (stuk),9.33,9.33,,,,,ca. 973 g,prijs per kg €9.59,False,,,,,D,True,AH,https://www.ah.nl/producten/product/wi454163,2026-08-12,The Zaanse Hoeve Goudse matured 48+ piece advantage,cheese
497560,801850,AH Ricotta,AH,kaas,Kaas,Ricotta,2.09,2.09,,,,,250 g,prijs per kg €8.36,False,,,,,C,True,AH,https://www.ah.nl/producten/product/wi497560,2026-08-12,AH Ricotta,cheese
611558,0,Philadelphia Bieslook 2-pack,Philadelphia,kaas,Kaas,Roomkaas,5.68,5.98,5.0,5% volume voordeel,,,2 stuks,,True,AHOO,5% volume voordeel,2026-08-12,2999-12-31,,True,AH,https://www.ah.nl/producten/product/wi611558,2026-08-12,Philadelphia Chives 2-pack,cheese
223450,816858,Eru Goudkuipje sambal,Eru,kaas,Kaas,Smeerkaas,1.89,1.89,,,,,100 g,prijs per kg €18.90,False,,,,,E,True,AH,https://www.ah.nl/producten/product/wi223450,2026-08-12,Eru Goudkuipje sambal,cheese
590123,0,Liga Cracotte Crackers Naturel 3-pack,Liga,kaas,Kaas,Roomkaas,6.24,6.57,5.0,5% volume voordeel,,,3 stuks,,True,AHOO,5% volume voordeel,2026-08-12,2999-12-31,,True,AH,https://www.ah.nl/producten/product/wi590123,2026-08-12,Liga Cracotte Crackers Natural 3-pack,cheese
602286,54162,AH Zaanlander Jong 48+ plakken voordeel,AH Zaanlander,kaas,Kaas,Jonge kaas (plakken),3.59,3.59,,,,,250 g,prijs per kg €14.36,False,,,,,D,True,AH,https://www.ah.nl/producten/product/wi602286,2026-08-12,AH Zaanlander Jong 48+ slices advantage,cheese
622752,0,AH Zaanlander Jong 48+ plakken voordeel 2-pack,AH Zaanlander,kaas,Kaas,Jonge kaas (plakken),6.96,7.18,3.0,3% volume voordeel,,,2 stuks,,True,AHOO,3% volume voordeel,2026-08-12,2999-12-31,,True,AH,https://www.ah.nl/producten/product/wi622752,2026-08-12,AH Zaanlander Jong 48+ plakken voordeel 2-pack,cheese
622753,0,AH Zaanlander Jong 48+ plakken voordeel 3-pack,AH Zaanlander,kaas,Kaas,Jonge kaas (plakken),10.23,10.77,5.0,5% volume voordeel,,,3 stuks,,True,AHOO,5% volume voordeel,2026-08-12,2999-12-31,,True,AH,https://www.ah.nl/producten/product/wi622753,2026-08-12,AH Zaanlander Jong 48+ slices discount 3-pack,cheese
622754,0,AH Zaanlander Jong 48+ plakken voordeel 4-pack,AH Zaanlander,kaas,Kaas,Jonge kaas (plakken),12.92,14.36,10.0,10% volume voordeel,,,4 stuks,,True,AHOO,10% volume voordeel,2026-08-12,2999-12-31,,True,AH,https://www.ah.nl/producten/product/wi622754,2026-08-12,AH Zaanlander Jong 48+ slices discount 4-pack,cheese
611559,0,Philadelphia Bieslook 3-pack,Philadelphia,kaas,Kaas,Roomkaas,8.34,8.97,7.0,7% volume voordeel,,,3 stuks,,True,AHOO,7% volume voordeel,2026-08-12,2999-12-31,,True,AH,https://www.ah.nl/producten/product/wi611559,2026-08-12,Philadelphia Chives 3-pack,cheese
160607,627255,Cheestrings Original,Cheestrings,kaas,Kaas,Kaasblokjes,3.69,3.69,,,,,8 x 20 g,prijs per kg €23.06,False,,,,,D,True,AH,https://www.ah.nl/producten/product/wi160607,2026-08-12,Cheestrings Original,cheese
238911,825528,AH Biologisch Italiaanse mozzarella,AH Biologisch,kaas,Kaas,Mozzarella,2.59,2.59,,,,,317 g,prijs per kg €20.72,False,,,,,C,True,AH,https://www.ah.nl/producten/product/wi238911,2026-08-12,AH Organic Italian mozzarella,cheese
595370,43768,AH Cottage cheese sweet chili,AH,kaas,Kaas,Cottage cheese,1.39,1.39,,,,,200 g,prijs per kg €6.95,False,,,,,C,True,AH,https://www.ah.nl/producten/product/wi595370,2026-08-12,AH Cottage cheese sweet chili,cheese
613335,69711,La Vache Qui Rit Smeerkaaspuntjes light,La Vache Qui Rit,kaas,Kaas,Smeerkaas,1.87,2.49,25.0,25% korting,,,133 g,normale prijs per kg €18.72,True,AH,25% korting,2026-08-10,2026-08-16,C,True,AH,https://www.ah.nl/producten/product/wi613335,2026-08-12,La Vache Qui Rit Smeerkaaspuntjes light,cheese
626068,0,La Vache Qui Rit Smeerkaaspuntjes light 3-pack,La Vache Qui Rit,kaas,Kaas,Smeerkaas,5.6,7.47,25.0,pakketkorting,,,3 stuks,,True,AHOO,,2026-08-12,2026-08-16,,True,AH,https://www.ah.nl/producten/product/wi626068,2026-08-12,La Vache Qui Rit Cheese spread light 3-pack,cheese
36874,80322,Apetina Witte kaasblokjes in olie,Apetina,kaas,Kaas,Witte kaas,2.99,2.99,,,,,265 g,prijs per kg €19.93,False,,,,,E,True,AH,https://www.ah.nl/producten/product/wi36874,2026-08-12,Apetina White cheese cubes in oil,cheese
486703,741551,AH Goudse jong belegen 48+ stuk,AH,kaas,Kaas,Jong belegen kaas (stuk),7.36,7.36,,,,,ca. 535 g,prijs per kg €13.79,False,,,,,D,True,AH,https://www.ah.nl/producten/product/wi486703,2026-08-12,AH Goudse young matured 48+ piece,cheese
478224,731952,Zanetti Parmigiano reggiano 30+,Zanetti,kaas,Kaas,"Parmezaanse kaas, grano padano, pecorino",5.19,5.19,,,,,150 g,prijs per kg €34.60,False,,,,,D,True,AH,https://www.ah.nl/producten/product/wi478224,2026-08-12,Zanetti Parmigiano reggiano 30+,cheese
609554,0,MonChou Original verse roomkaas 2-pack,MonChou,kaas,Kaas,Monchou,3.78,3.98,5.0,5% volume voordeel,,,2 stuks,,True,AHOO,5% volume voordeel,2026-08-12,2999-12-31,,True,AH,https://www.ah.nl/producten/product/wi609554,2026-08-12,MonChou Original fresh cream cheese 2-pack,cheese
602967,0,AH Goudse Jong belegen 48+ stuk kvp 2-pack,AH,kaas,Kaas,Jong belegen kaas (stuk),14.28,14.72,3.0,3% volume voordeel,,,2 stuks,,True,AHOO,3% volume voordeel,2026-08-12,2999-12-31,,True,AH,https://www.ah.nl/producten/product/wi602967,2026-08-12,AH Goudse Jong belegen 48+ stuk kvp 2-pack,cheese
160592,603043,Beemster Oud 30+ plakken,Beemster,kaas,Kaas,Oude kaas (plakken),3.69,3.69,,,,,150 g,prijs per kg €24.60,False,,,,,D,True,AH,https://www.ah.nl/producten/product/wi160592,2026-08-12,Beemster Oud 30+ plakken,cheese
165625,639245,AH Goudse belegen geraspte kaas 50+,AH,kaas,Kaas,Geraspte kaas,3.79,3.79,,,,,150 g,prijs per kg €25.27,False,,,,,D,True,AH,https://www.ah.nl/producten/product/wi165625,2026-08-12,AH Gouda mature grated cheese 50+,cheese
2595,66795,AH Goudse extra belegen 48+ plakken,AH,kaas,Kaas,Extra belegen kaas (plakken),2.75,3.19,13.8,2 voor 5.50,5.5,2.0,160 g,normale prijs per kg €19.94,True,AH,2 voor 5.50,2026-08-10,2026-08-16,D,True,AH,https://www.ah.nl/producten/product/wi2595,2026-08-12,AH Gouda extra matured 48+ slices,cheese
560689,788126,AH Parmigiano reggiano 32+ flakes,AH,kaas,Kaas,"Parmezaanse kaas, grano padano, pecorino",3.39,3.39,,,,,125 g,prijs per kg €27.12,False,,,,,D,True,AH,https://www.ah.nl/producten/product/wi560689,2026-08-12,AH Parmigiano reggiano 32+ flakes,cheese
163846,634271,AH Biologisch Jong belegen 50+ stuk,AH Biologisch,kaas,Kaas,Jong belegen kaas (stuk),6.85,6.85,,,,,ca. 380 g,prijs per kg €17.99,False,,,,,D,True,AH,https://www.ah.nl/producten/product/wi163846,2026-08-12,AH Organic Young matured 50+ piece,cheese
195373,796243,AH Verse geitenkaas naturel 48+,AH,kaas,Kaas,Geitenkaas (stuk),1.65,1.65,,,,,125 g,prijs per kg €13.20,False,,,,,C,True,AH,https://www.ah.nl/producten/product/wi195373,2026-08-12,AH Fresh goat cheese natural 48+,cheese
609343,0,Arla Apetina classic white cheese oil 2-pack,Arla,kaas,Kaas,Witte kaas,5.68,5.98,5.0,5% volume voordeel,,,2 stuks,,True,AHOO,5% volume voordeel,2026-08-12,2999-12-31,,True,AH,https://www.ah.nl/producten/product/wi609343,2026-08-12,Arla Apetina classic white cheese oil 2-pack,cheese
575951,17611,Eru Balans 15+ naturel,Eru,kaas,Kaas,Smeerkaas,2.99,2.99,,,,,200 g,prijs per kg €14.95,False,,,,,C,True,AH,https://www.ah.nl/producten/product/wi575951,2026-08-12,Eru Balance 15+ natural,cheese
620235,0,AH Parmigiano reggiano 32+ flakes 2-pack,AH,kaas,Kaas,"Parmezaanse kaas, grano padano, pecorino",6.64,6.78,2.0,2% volume voordeel,,,2 stuks,,True,AHOO,2% volume voordeel,2026-08-12,2999-12-31,,True,AH,https://www.ah.nl/producten/product/wi620235,2026-08-12,AH Parmigiano reggiano 32+ flakes 2-pack,cheese
618880,0,AH Goudse jong belegen 48+ stuk 4-pack,AH,kaas,Kaas,Jong belegen kaas (stuk),26.5,29.44,10.0,10% volume voordeel,,,4 stuks,,True,AHOO,10% volume voordeel,2026-08-12,2999-12-31,,True,AH,https://www.ah.nl/producten/product/wi618880,2026-08-12,AH Goudse young matured 48+ piece 4-pack,cheese
595369,43767,AH Cottage cheese bieslook,AH,kaas,Kaas,Cottage cheese,1.39,1.39,,,,,200 g,prijs per kg €6.95,False,,,,,B,True,AH,https://www.ah.nl/producten/product/wi595369,2026-08-12,AH Cottage cheese chives,cheese
618879,0,AH Goudse jong belegen 48+ stuk 3-pack,AH,kaas,Kaas,Jong belegen kaas (stuk),20.98,22.08,5.0,5% volume voordeel,,,3 stuks,,True,AHOO,5% volume voordeel,2026-08-12,2999-12-31,,True,AH,https://www.ah.nl/producten/product/wi618879,2026-08-12,AH Goudse young matured 48+ piece 3-pack,cheese
130834,589072,AH Goudse jong belegen 30+ geraspt,AH,kaas,Kaas,Geraspte kaas,2.99,2.99,,,,,150 g,prijs per kg €19.93,False,,,,,D,True,AH,https://www.ah.nl/producten/product/wi130834,2026-08-12,AH Goudse young matured 30+ grated,cheese
478225,731953,Beemster Jong 48+ plakken voordeelverpakking,Beemster,kaas,Kaas,Jonge kaas (plakken),4.49,4.49,,,,,250 g,prijs per kg €17.96,False,,,,,D,True,AH,https://www.ah.nl/producten/product/wi478225,2026-08-12,Beemster Jong 48+ slices value pack,cheese
212481,806472,AH Parmigiano reggiano,AH,kaas,Kaas,"Parmezaanse kaas, grano padano, pecorino",3.39,3.39,,,,,90 g,prijs per kg €37.67,False,,,,,,True,AH,https://www.ah.nl/producten/product/wi212481,2026-08-12,AH Parmigiano reggiano,cheese
564932,0,AH Goudse jong belegen 30+ geraspt 3-pack,AH,kaas,Kaas,Geraspte kaas,8.52,8.97,5.0,5% volume voordeel,,,3 stuks,,True,AHOO,5% volume voordeel,2026-08-12,2999-12-31,,True,AH,https://www.ah.nl/producten/product/wi564932,2026-08-12,AH Goudse young matured 30+ grated 3-pack,cheese
160591,603033,Beemster Oud 48+ plakken,Beemster,kaas,Kaas,Oude kaas (plakken),3.59,3.59,,,,,150 g,prijs per kg €23.93,False,,,,,D,True,AH,https://www.ah.nl/producten/product/wi160591,2026-08-12,Beemster Old 48+ slices,cheese
605133,59502,AH Zaanlander Kaasblokjes jong belegen 48+,AH Zaanlander,kaas,Kaas,Kaasblokjes,2.69,2.69,,,,,120 g,prijs per kg €22.42,False,,,,,D,True,AH,https://www.ah.nl/producten/product/wi605133,2026-08-12,AH Zaanlander Cheese cubes young matured 48+,cheese
444861,707063,De Zaanse Hoeve Jong 48+ plakken,De Zaanse Hoeve,kaas,Kaas,Jonge kaas (plakken),2.19,2.19,,,,,190 g,prijs per kg €11.53,False,,,,,D,True,AH,https://www.ah.nl/producten/product/wi444861,2026-08-12,De Zaanse Hoeve Jong 48+ slices,cheese
612838,0,Boursin Knoflook & fijne kruiden 3pack,Boursin,kaas,Kaas,Roomkaas,8.08,10.77,25.0,pakketkorting,,,3 stuks,,True,AHOO,,2026-08-12,2026-08-16,,True,AH,https://www.ah.nl/producten/product/wi612838,2026-08-12,Boursin Garlic & fine herbs 3pack,cheese
620236,0,AH Parmigiano reggiano 32+ flakes 3-pack,AH,kaas,Kaas,"Parmezaanse kaas, grano padano, pecorino",9.66,10.17,5.0,5% volume voordeel,,,3 stuks,,True,AHOO,5% volume voordeel,2026-08-12,2999-12-31,,True,AH,https://www.ah.nl/producten/product/wi620236,2026-08-12,AH Parmigiano reggiano 32+ flakes 3-pack,cheese
620237,0,AH Parmigiano reggiano 32+ flakes 4-pack,AH,kaas,Kaas,"Parmezaanse kaas, grano padano, pecorino",12.48,13.56,8.0,8% volume voordeel,,,4 stuks,,True,AHOO,8% volume voordeel,2026-08-12,2999-12-31,,True,AH,https://www.ah.nl/producten/product/wi620237,2026-08-12,AH Parmigiano reggiano 32+ flakes 4-pack,cheese
2002,4097,Président Le brie,Président,kaas,Kaas,Brie,3.29,3.29,,,,,200 g,prijs per kg €16.45,False,,,,,D,True,AH,https://www.ah.nl/producten/product/wi2002,2026-08-12,President Le brie,cheese
618059,0,AH Goudse jong belegen 30+ geraspt 4-pack,AH,kaas,Kaas,Geraspte kaas,10.76,11.96,10.0,10% volume voordeel,,,4 stuks,,True,AHOO,10% volume voordeel,2026-08-12,2999-12-31,,True,AH,https://www.ah.nl/producten/product/wi618059,2026-08-12,AH Goudse young matured 30+ grated 4-pack,cheese
223419,815858,Leerdammer Lightlife jong belegen 35+ plakken,Leerdammer,kaas,Kaas,Gatenkaas (plakken),2.79,2.79,,,,,160 g,prijs per kg €17.44,False,,,,,D,True,AH,https://www.ah.nl/producten/product/wi223419,2026-08-12,Leerdammer Lightlife young matured 35+ slices,cheese
615567,0,Leerdammer Lightlife jong belegen 35+ plakken 2pack,Leerdammer,kaas,Kaas,Gatenkaas (plakken),5.3,5.58,5.0,5% volume voordeel,,,2 stuks,,True,AHOO,5% volume voordeel,2026-08-12,2999-12-31,,True,AH,https://www.ah.nl/producten/product/wi615567,2026-08-12,Leerdammer Lightlife young matured 35+ slices 2pack,cheese
51245,99425,AH Zaanlander Jong belegen 48+ stuk,AH Zaanlander,kaas,Kaas,Jong belegen kaas (stuk),5.92,7.89,25.0,25% korting,,,ca. 435 g,normale prijs per kg €18.14,True,AH,25% korting,2026-08-10,2026-08-16,D,True,AH,https://www.ah.nl/producten/product/wi51245,2026-08-12,AH Zaanlander Young matured 48+ piece,cheese
602350,0,AH Zaanlander Jong belegen 48+ stuk 2-pack,AH Zaanlander,kaas,Kaas,Jong belegen kaas (stuk),11.83,15.78,25.0,pakketkorting,,,2 stuks,,True,AHOO,,2026-08-12,2026-08-16,,True,AH,https://www.ah.nl/producten/product/wi602350,2026-08-12,AH Zaanlander Young matured 48+ piece 2-pack,cheese
618060,0,AH Goudse jong belegen 30+ geraspt 5-pack,AH,kaas,Kaas,Geraspte kaas,12.71,14.95,15.0,15% volume voordeel,,,5 stuks,,True,AHOO,15% volume voordeel,2026-08-12,2999-12-31,,True,AH,https://www.ah.nl/producten/product/wi618060,2026-08-12,AH Goudse young matured 30+ grated 5-pack,cheese
621874,0,AH Zaanlander Kaasblokjes jong belegen 48+ 2-pack,AH Zaanlander,kaas,Kaas,Kaasblokjes,5.22,5.38,3.0,3% volume voordeel,,,2 stuks,,True,AHOO,3% volume voordeel,2026-08-12,2999-12-31,,True,AH,https://www.ah.nl/producten/product/wi621874,2026-08-12,AH Zaanlander Cheese cubes young matured 48+ 2-pack,cheese
609555,0,MonChou Original verse roomkaas 4-pack,MonChou,kaas,Kaas,Monchou,7.16,7.96,10.0,10% volume voordeel,,,4 stuks,,True,AHOO,10% volume voordeel,2026-08-12,2999-12-31,,True,AH,https://www.ah.nl/producten/product/wi609555,2026-08-12,MonChou Original fresh cream cheese 4-pack,cheese
621875,0,AH Zaanlander Kaasblokjes jong belegen 48+ 3-pack,AH Zaanlander,kaas,Kaas,Kaasblokjes,7.67,8.07,5.0,5% volume voordeel,,,3 stuks,,True,AHOO,5% volume voordeel,2026-08-12,2999-12-31,,True,AH,https://www.ah.nl/producten/product/wi621875,2026-08-12,AH Zaanlander Cheese cubes young matured 48+ 3-pack,cheese
518863,96482,AH Zaanlander Prestige extra oud 48+ plakken,AH Zaanlander,kaas,Kaas,Oude kaas (plakken),2.7,3.6,25.0,25% korting,,,ca. 135 g,normale prijs per kg €26.29,True,AH,25% korting,2026-08-10,2026-08-16,E,True,AH,https://www.ah.nl/producten/product/wi518863,2026-08-12,AH Zaanlander Prestige extra old 48+ slices,cheese
621876,0,AH Zaanlander Kaasblokjes jong belegen 48+ 4-pack,AH Zaanlander,kaas,Kaas,Kaasblokjes,9.68,10.76,10.0,10% volume voordeel,,,4 stuks,,True,AHOO,10% volume voordeel,2026-08-12,2999-12-31,,True,AH,https://www.ah.nl/producten/product/wi621876,2026-08-12,AH Zaanlander Cheese cubes young matured 48+ 4-pack,cheese
618102,0,AH Zaanlander Jong belegen 48+ stuk 3-pack,AH Zaanlander,kaas,Kaas,Jong belegen kaas (stuk),17.75,23.67,25.0,pakketkorting,,,3 stuks,,True,AHOO,,2026-08-12,2026-08-16,,True,AH,https://www.ah.nl/producten/product/wi618102,2026-08-12,AH Zaanlander Young matured 48+ piece 3-pack,cheese
618103,0,AH Zaanlander Jong belegen 48+ stuk 4-pack,AH Zaanlander,kaas,Kaas,Jong belegen kaas (stuk),23.67,31.56,25.0,pakketkorting,,,4 stuks,,True,AHOO,,2026-08-12,2026-08-16,,True,AH,https://www.ah.nl/producten/product/wi618103,2026-08-12,AH Zaanlander Young matured 48+ piece 4-pack,cheese
409183,853941,Beemster Jong belegen 48+ plakken,Beemster,kaas,Kaas,Jong belegen kaas (plakken),2.99,2.99,,,,,150 g,prijs per kg €19.93,False,,,,,D,True,AH,https://www.ah.nl/producten/product/wi409183,2026-08-12,Beemster Young matured 48+ slices,cheese
621632,0,AH Sweetpeppers roomkaas 2-pack,AH,kaas,Kaas,Roomkaas,6.58,6.78,3.0,3% volume voordeel,,,2 stuks,,True,AHOO,3% volume voordeel,2026-08-12,2999-12-31,,True,AH,https://www.ah.nl/producten/product/wi621632,2026-08-12,AH Sweetpeppers cream cheese 2-pack,cheese
238913,825532,AH Biologisch Parmigiano reggiano,AH Biologisch,kaas,Kaas,"Parmezaanse kaas, grano padano, pecorino",6.59,6.59,,,,,ca. 145 g,prijs per kg €45.14,False,,,,,,True,AH,https://www.ah.nl/producten/product/wi238913,2026-08-12,AH Organic Parmigiano reggiano,cheese
613287,69818,AH Halloumi,AH,kaas,Kaas,Halloumi en grillkaas,2.59,2.59,,,,,225 g,prijs per kg €11.51,False,,,,,D,True,AH,https://www.ah.nl/producten/product/wi613287,2026-08-12,AH Halloumi,cheese
615574,0,Président Le brie 2-pack,Président,kaas,Kaas,Brie,6.25,6.58,5.0,5% volume voordeel,,,2 stuks,,True,AHOO,5% volume voordeel,2026-08-12,2999-12-31,,True,AH,https://www.ah.nl/producten/product/wi615574,2026-08-12,President Le brie 2-pack,cheese
621633,0,AH Sweetpeppers roomkaas 3-pack,AH,kaas,Kaas,Roomkaas,9.66,10.17,5.0,5% volume voordeel,,,3 stuks,,True,AHOO,5% volume voordeel,2026-08-12,2999-12-31,,True,AH,https://www.ah.nl/producten/product/wi621633,2026-08-12,AH Sweetpeppers cream cheese 3-pack,cheese
621634,0,AH Sweetpeppers roomkaas 4-pack,AH,kaas,Kaas,Roomkaas,12.2,13.56,10.0,10% volume voordeel,,,4 stuks,,True,AHOO,10% volume voordeel,2026-08-12,2999-12-31,,True,AH,https://www.ah.nl/producten/product/wi621634,2026-08-12,AH Sweetpeppers cream cheese 4-pack,cheese
619526,0,AH Zaanlander Prestige extra oud 48+ plakken 3-pack,AH Zaanlander,kaas,Kaas,Oude kaas (plakken),8.1,10.8,25.0,pakketkorting,,,3 stuks,,True,AHOO,,2026-08-12,2026-08-16,,True,AH,https://www.ah.nl/producten/product/wi619526,2026-08-12,AH Zaanlander Prestige extra old 48+ slices 3-pack,cheese
613288,69775,AH Cottage cheese appel-kaneel,AH,kaas,Kaas,Cottage cheese,1.39,1.39,,,,,200 g,prijs per kg €6.95,False,,,,,B,True,AH,https://www.ah.nl/producten/product/wi613288,2026-08-12,AH Cottage cheese apple-cinnamon,cheese
609344,0,Arla Apetina classic white cheese oil 4-pack,Arla,kaas,Kaas,Witte kaas,10.76,11.96,10.0,10% volume voordeel,,,4 stuks,,True,AHOO,10% volume voordeel,2026-08-12,2999-12-31,,True,AH,https://www.ah.nl/producten/product/wi609344,2026-08-12,Arla Apetina classic white cheese oil 4-pack,cheese
619527,0,AH Zaanlander Prestige extra oud 48+ plakken 4-pack,AH Zaanlander,kaas,Kaas,Oude kaas (plakken),10.8,14.4,25.0,pakketkorting,,,4 stuks,,True,AHOO,,2026-08-12,2026-08-16,,True,AH,https://www.ah.nl/producten/product/wi619527,2026-08-12,AH Zaanlander Prestige extra oud 48+ plakken 4-pack,cheese
558280,744604,Dodoni Feta,Dodoni,kaas,Kaas,Feta,3.25,3.25,,,,,150 g,prijs per kg €21.67,False,,,,,E,True,AH,https://www.ah.nl/producten/product/wi558280,2026-08-12,Dodoni Feta,cheese
163822,617018,AH Parmigiano reggiano,AH,kaas,Kaas,"Parmezaanse kaas, grano padano, pecorino",6.39,6.39,,,,,ca. 165 g,prijs per kg €38.73,False,,,,,,True,AH,https://www.ah.nl/producten/product/wi163822,2026-08-12,AH Parmigiano reggiano,cheese
409182,853940,Beemster Jong 48+ plakken,Beemster,kaas,Kaas,Jonge kaas (plakken),2.89,2.89,,,,,150 g,prijs per kg €19.27,False,,,,,D,True,AH,https://www.ah.nl/producten/product/wi409182,2026-08-12,Beemster Jong 48+ slices,cheese
602287,54168,AH Zaanlander Jong 48+ plakken,AH Zaanlander,kaas,Kaas,Jonge kaas (plakken),2.39,2.39,,,,,150 g,prijs per kg €15.93,False,,,,,D,True,AH,https://www.ah.nl/producten/product/wi602287,2026-08-12,AH Zaanlander Young 48+ slices,cheese
232019,810834,AH Franse gruyere geraspt,AH,kaas,Kaas,Geraspte kaas,2.5,3.45,27.5,2 voor 5.00,5.0,2.0,130 g,normale prijs per kg €26.54,True,AH,2 voor 5.00,2026-08-10,2026-08-16,D,True,AH,https://www.ah.nl/producten/product/wi232019,2026-08-12,AH French Gruyere grated,cheese
610788,0,Zaanlander Jong 48+ plakken 2-pack,Zaanlander,kaas,Kaas,Jonge kaas (plakken),4.54,4.78,5.0,5% volume voordeel,,,2 stuks,,True,AHOO,5% volume voordeel,2026-08-12,2999-12-31,,True,AH,https://www.ah.nl/producten/product/wi610788,2026-08-12,Zaanlander Jong 48+ plakken 2-pack,cheese
622751,0,AH Zaanlander Jong 48+ plakken 4-pack,AH Zaanlander,kaas,Kaas,Jonge kaas (plakken),8.6,9.56,10.0,10% volume voordeel,,,4 stuks,,True,AHOO,10% volume voordeel,2026-08-12,2999-12-31,,True,AH,https://www.ah.nl/producten/product/wi622751,2026-08-12,AH Zaanlander Jong 48+ plakken 4-pack,cheese
223416,815846,Dodoni Halloumi,Dodoni,kaas,Kaas,Halloumi en grillkaas,4.29,4.29,,,,,225 g,prijs per kg €19.07,False,,,,,D,True,AH,https://www.ah.nl/producten/product/wi223416,2026-08-12,Dodoni Halloumi,cheese
564905,0,AH Zaanlander Jong 48+ plakken 3-pack,AH Zaanlander,kaas,Kaas,Jong belegen kaas (plakken),8.59,11.46,25.0,pakketkorting,,,3 stuks,,True,AHOO,,2026-08-12,2026-08-16,,True,AH,https://www.ah.nl/producten/product/wi564905,2026-08-12,AH Zaanlander Jong 48+ slices 3-pack,cheese
122566,565110,Apetina Witte kaasblokjes in brine light,Apetina,kaas,Kaas,Witte kaas,3.19,3.19,,,,,410 g,prijs per kg €15.95,False,,,,,D,True,AH,https://www.ah.nl/producten/product/wi122566,2026-08-12,Apetina White cheese cubes in brine light,cheese
104395,536394,AH Zaanlander Belegen 48+ plakken,AH Zaanlander,kaas,Kaas,Belegen kaas (plakken),3.74,4.99,25.0,25% korting,,,ca. 225 g,normale prijs per kg €21.97,True,AH,25% korting,2026-08-10,2026-08-16,D,True,AH,https://www.ah.nl/producten/product/wi104395,2026-08-12,AH Zaanlander Belegen 48+ plakken,cheese
572635,14758,Milner Jong belegen 20+ plakken,Milner,kaas,Kaas,Jong belegen kaas (plakken),1.995,3.09,35.4,2 voor 3.99,3.99,2.0,150 g,normale prijs per kg €20.60,True,AH,2 voor 3.99,2026-08-10,2026-08-16,C,True,AH,https://www.ah.nl/producten/product/wi572635,2026-08-12,Milner Jong belegen 20+ plakken,cheese
617932,0,AH Zaanlander Belegen 48+ plakken 3-pack,AH Zaanlander,kaas,Kaas,Belegen kaas (plakken),11.23,14.97,25.0,pakketkorting,,,3 stuks,,True,AHOO,,2026-08-12,2026-08-16,,True,AH,https://www.ah.nl/producten/product/wi617932,2026-08-12,AH Zaanlander Matured 48+ slices 3-pack,cheese
615575,0,Président Le brie 3-pack,Président,kaas,Kaas,Brie,8.88,9.87,10.0,10% volume voordeel,,,3 stuks,,True,AHOO,10% volume voordeel,2026-08-12,2999-12-31,,True,AH,https://www.ah.nl/producten/product/wi615575,2026-08-12,President Le brie 3-pack,cheese
595372,43771,AH Smeerkaas sambal 15+,AH,kaas,Kaas,Smeerkaas,1.39,1.39,,,,,200 g,prijs per kg €6.95,False,,,,,B,True,AH,https://www.ah.nl/producten/product/wi595372,2026-08-12,AH Cheese spread sambal 15+,cheese
165044,631934,Eru Prestige,Eru,kaas,Kaas,Smeerkaas,2.19,2.19,,,,,100 g,prijs per kg €21.90,False,,,,,E,True,AH,https://www.ah.nl/producten/product/wi165044,2026-08-12,Eru Prestige,cheese
478230,731960,Apetina Witte kaas plak 40% minder vet,Apetina,kaas,Kaas,Witte kaas,2.19,2.19,,,,,150 g,prijs per kg €14.60,False,,,,,D,True,AH,https://www.ah.nl/producten/product/wi478230,2026-08-12,Apetina Witte kaas plak 40% minder vet,cheese
421292,693090,Milner Oud 30+ plakken,Milner,kaas,Kaas,Oude kaas (plakken),1.995,3.69,45.9,2 voor 3.99,3.99,2.0,150 g,normale prijs per kg €24.60,True,AH,2 voor 3.99,2026-08-10,2026-08-16,D,True,AH,https://www.ah.nl/producten/product/wi421292,2026-08-12,Milner Old 30+ slices,cheese
617933,0,AH Zaanlander Belegen 48+ plakken 4-pack,AH Zaanlander,kaas,Kaas,Belegen kaas (plakken),14.97,19.96,25.0,pakketkorting,,,4 stuks,,True,AHOO,,2026-08-12,2026-08-16,,True,AH,https://www.ah.nl/producten/product/wi617933,2026-08-12,AH Zaanlander Matured 48+ slices 4-pack,cheese
193642,796214,Babybel Original mini 10 stuks,Babybel,kaas,Kaas,Kaasblokjes,4.99,4.99,,,,,200 g,prijs per kg €24.95,False,,,,,D,True,AH,https://www.ah.nl/producten/product/wi193642,2026-08-12,Babybel Original mini 10 pieces,cheese
612834,0,Babybel Original mini 10 stuks 3-pack,Babybel,kaas,Kaas,Kaasblokjes,14.22,14.97,5.0,5% volume voordeel,,,3 stuks,,True,AHOO,5% volume voordeel,2026-08-12,2999-12-31,,True,AH,https://www.ah.nl/producten/product/wi612834,2026-08-12,Babybel Original mini 10 pieces 3-pack,cheese
1969,817114,Paturain Knoflook,Paturain,kaas,Kaas,Roomkaas,1.99,1.99,,,,,90 g,prijs per kg €22.11,False,,,,,D,True,AH,https://www.ah.nl/producten/product/wi1969,2026-08-12,Paturain Garlic,cheese
613190,0,Paturain Knoflook 3-pack,Paturain,kaas,Kaas,Roomkaas,5.67,5.97,5.0,5% volume voordeel,,,3 stuks,,True,AHOO,5% volume voordeel,2026-08-12,2999-12-31,,True,AH,https://www.ah.nl/producten/product/wi613190,2026-08-12,Paturain Garlic 3-pack,cheese
59673,72735,AH Goudse jong belegen 48+ plakken,AH,kaas,Kaas,Jong belegen kaas (plakken),4.58,4.58,,,,,ca. 245 g,prijs per kg €18.69,False,,,,,D,True,AH,https://www.ah.nl/producten/product/wi59673,2026-08-12,AH Goudse young matured 48+ slices,cheese
618062,0,AH Goudse jong belegen 48+ plakken 3-pack,AH,kaas,Kaas,Jong belegen kaas (plakken),13.05,13.74,5.0,5% volume voordeel,,,3 stuks,,True,AHOO,5% volume voordeel,2026-08-12,2999-12-31,,True,AH,https://www.ah.nl/producten/product/wi618062,2026-08-12,AH Goudse young matured 48+ slices 3-pack,cheese
56810,515132,AH Goudse jong 48+ geraspt grootverpakking,AH,kaas,Kaas,Geraspte kaas,5.49,5.49,,,,,300 g,prijs per kg €18.30,False,,,,,D,True,AH,https://www.ah.nl/producten/product/wi56810,2026-08-12,AH Goudse jong 48+ geraspt grootverpakking,cheese
3853,594566,AH Goudse oud 48+ geraspt,AH,kaas,Kaas,Geraspte kaas,4.29,4.29,,,,,175 g,prijs per kg €24.51,False,,,,,E,True,AH,https://www.ah.nl/producten/product/wi3853,2026-08-12,AH Goudse old 48+ grated,cheese
486696,741544,AH Goudse Jong 48+ pondstuk var,AH,kaas,Kaas,Jonge kaas (stuk),7.13,7.13,,,,,ca. 545 g,prijs per kg €13.09,False,,,,,D,True,AH,https://www.ah.nl/producten/product/wi486696,2026-08-12,AH Goudse Jong 48+ pondstuk var,cheese
564930,0,AH Goudse oud 48+ geraspt 3-pack,AH,kaas,Kaas,Geraspte kaas,12.23,12.87,5.0,5% volume voordeel,,,3 stuks,,True,AHOO,5% volume voordeel,2026-08-12,2999-12-31,,True,AH,https://www.ah.nl/producten/product/wi564930,2026-08-12,AH Goudse oud 48+ geraspt 3-pack,cheese
602966,0,AH Goudse Jong 48+ pondstuk var 2-pack,AH,kaas,Kaas,Jonge kaas (stuk),13.83,14.26,3.0,3% volume voordeel,,,2 stuks,,True,AHOO,3% volume voordeel,2026-08-12,2999-12-31,,True,AH,https://www.ah.nl/producten/product/wi602966,2026-08-12,AH Goudse Jong 48+ pound piece of 2-pack,cheese
136086,603031,AH Goudse belegen 30+ plakken,AH,kaas,Kaas,Belegen kaas (plakken),2.75,3.75,26.7,2 voor 5.50,5.5,2.0,190 g,normale prijs per kg €19.74,True,AH,2 voor 5.50,2026-08-10,2026-08-16,D,True,AH,https://www.ah.nl/producten/product/wi136086,2026-08-12,AH Gouda matured 30+ slices,cheese
544744,0,AH Goudse jong belegen 48+ plakken 4-pack,AH,kaas,Kaas,Jong belegen kaas (plakken),37.69,41.88,10.0,10% volume voordeel,,,4 stuks,,True,AHOO,10% volume voordeel,2026-08-12,2999-12-31,,True,AH,https://www.ah.nl/producten/product/wi544744,2026-08-12,AH Goudse young matured 48+ slices 4-pack,cheese
609349,0,Arla Apetina white cheese in brine 40% 2-pack,Arla,kaas,Kaas,Witte kaas,6.06,6.38,5.0,5% volume voordeel,,,2 stuks,,True,AHOO,5% volume voordeel,2026-08-12,2999-12-31,,True,AH,https://www.ah.nl/producten/product/wi609349,2026-08-12,Arla Apetina white cheese in brine 40% 2-pack,cheese
618053,0,AH Goudse jong 48+ geraspt grootverpak 3pck,AH,kaas,Kaas,Geraspte kaas,15.65,16.47,5.0,5% volume voordeel,,,3 stuks,,True,AHOO,5% volume voordeel,2026-08-12,2999-12-31,,True,AH,https://www.ah.nl/producten/product/wi618053,2026-08-12,AH Goudse young 48+ grated bulk pack 3pcs,cheese
618065,0,AH Goudse oud 48+ geraspt 4-pack,AH,kaas,Kaas,Geraspte kaas,15.44,17.16,10.0,10% volume voordeel,,,4 stuks,,True,AHOO,10% volume voordeel,2026-08-12,2999-12-31,,True,AH,https://www.ah.nl/producten/product/wi618065,2026-08-12,AH Goudse old 48+ grated 4-pack,cheese
618066,0,AH Goudse oud 48+ geraspt 5-pack,AH,kaas,Kaas,Geraspte kaas,18.23,21.45,15.0,15% volume voordeel,,,5 stuks,,True,AHOO,15% volume voordeel,2026-08-12,2999-12-31,,True,AH,https://www.ah.nl/producten/product/wi618066,2026-08-12,AH Goudse old 48+ grated 5-pack,cheese
462714,715904,Galbani Burrata,Galbani,kaas,Kaas,Burrata,3.79,3.79,,,,,285 g,prijs per kg €25.27,False,,,,,D,True,AH,https://www.ah.nl/producten/product/wi462714,2026-08-12,Galbani Burrata,cheese
615556,0,Galbani Burrata 2-pack,Galbani,kaas,Kaas,Burrata,7.2,7.58,5.0,5% volume voordeel,,,2 stuks,,True,AHOO,5% volume voordeel,2026-08-12,2999-12-31,,True,AH,https://www.ah.nl/producten/product/wi615556,2026-08-12,Galbani Burrata 2-pack,cheese
188818,625032,AH Rookkaas naturel 45+ plakken,AH,kaas,Kaas,Rookkaas (plakken),2.35,2.35,,,,,ca. 140 g,prijs per kg €16.77,False,,,,,D,True,AH,https://www.ah.nl/producten/product/wi188818,2026-08-12,AH Rookkaas naturel 45+ plakken,cheese
475277,728038,AH Queso iberico,AH,kaas,Kaas,Schapenkaas (stuk),2.0,2.79,28.3,3 voor 6.00,6.0,3.0,118 g,normale prijs per kg €23.64,True,AH,3 voor 6.00,2026-08-10,2026-08-16,D,True,AH,https://www.ah.nl/producten/product/wi475277,2026-08-12,AH Queso iberico,cheese
605139,59543,AH Gemarineerde kaasblokjes mosterd dille,AH,kaas,Kaas,Kaasblokjes,2.79,2.79,,,,,100 g,prijs per kg €27.90,False,,,,,D,True,AH,https://www.ah.nl/producten/product/wi605139,2026-08-12,AH Marinated cheese cubes mustard dill,cheese
409012,853898,Beemster Belegen 30+ plakken,Beemster,kaas,Kaas,Belegen kaas (plakken),3.39,3.39,,,,,150 g,prijs per kg €22.60,False,,,,,D,True,AH,https://www.ah.nl/producten/product/wi409012,2026-08-12,Beemster Belegen 30+ plakken,cheese
549778,611838,Maaslander Jong 50+ plakken,Maaslander,kaas,Kaas,Jonge kaas (plakken),2.89,2.89,,,,,150 g,prijs per kg €19.27,False,,,,,D,True,AH,https://www.ah.nl/producten/product/wi549778,2026-08-12,Maaslander Young 50+ slices,cheese
618055,0,AH Goudse jong 48+ geraspt grootverpak 5pck,AH,kaas,Kaas,Geraspte kaas,23.33,27.45,15.0,15% volume voordeel,,,5 stuks,,True,AHOO,15% volume voordeel,2026-08-12,2999-12-31,,True,AH,https://www.ah.nl/producten/product/wi618055,2026-08-12,AH Goudse young 48+ grated bulk pack 5pcs,cheese
609545,0,Milner jong belegen 20+ plakken 2-pack,Milner,kaas,Kaas,Jong belegen kaas (plakken),3.99,6.18,35.4,pakketkorting,,,2 stuks,,True,AHOO,,2026-08-12,2026-08-16,,True,AH,https://www.ah.nl/producten/product/wi609545,2026-08-12,Milner young matured 20+ slices 2-pack,cheese
618054,0,AH Goudse jong 48+ geraspt grootverpak 4pck,AH,kaas,Kaas,Geraspte kaas,19.76,21.96,10.0,10% volume voordeel,,,4 stuks,,True,AHOO,10% volume voordeel,2026-08-12,2999-12-31,,True,AH,https://www.ah.nl/producten/product/wi618054,2026-08-12,AH Goudse young 48+ grated large pack 4pcs,cheese
128799,582794,AH Goudse belegen 48+ plakken groot,AH,kaas,Kaas,Belegen kaas (plakken),6.49,6.49,,,,,400 g,prijs per kg €16.23,False,,,,,D,True,AH,https://www.ah.nl/producten/product/wi128799,2026-08-12,AH Gouda matured 48+ slices large,cheese
608496,0,Milner Oud 30+ plakken 2-pack,Milner,kaas,Kaas,Oude kaas (plakken),3.99,7.38,45.9,pakketkorting,,,2 stuks,,True,AHOO,,2026-08-12,2026-08-16,,True,AH,https://www.ah.nl/producten/product/wi608496,2026-08-12,Milner Old 30+ slices 2-pack,cheese
607357,63711,Becel Romig,Becel,zuivel-eieren,"Zuivel, eieren",Plantaardige boter,3.99,3.99,,,,,450 g,prijs per kg €8.87,False,,,,,C,True,AH,https://www.ah.nl/producten/product/wi607357,2026-08-12,Becel Creamy,dairy eggs
122553,575726,Croma Bakken en braden,Croma,zuivel-eieren,"Zuivel, eieren",Bak- en braadboter,1.99,1.99,,,,,250 g,prijs per kg €7.96,False,,,,,E,True,AH,https://www.ah.nl/producten/product/wi122553,2026-08-12,Croma Baking and roasting,dairy eggs
200486,574301,De Zaanse Hoeve Halfvolle melk,De Zaanse Hoeve,zuivel-eieren,"Zuivel, eieren",Halfvolle melk,1.78,1.78,,,,,2 l,prijs per liter €0.89,False,,,,,B,True,AH,https://www.ah.nl/producten/product/wi200486,2026-08-12,De Zaanse Hoeve Semi-skimmed milk,dairy eggs
450534,569053,AH Houdbare halfvolle melk,AH,zuivel-eieren,"Zuivel, eieren",Houdbare melk,0.85,0.85,,,,,1 l,prijs per liter €0.85,False,,,,,B,True,AH,https://www.ah.nl/producten/product/wi450534,2026-08-12,AH Long-life semi-skimmed milk,dairy eggs
33693,92154,AH Halfvolle melk,AH,zuivel-eieren,"Zuivel, eieren",Halfvolle melk,1.79,1.79,,,,,"1,5 l",prijs per liter €1.19,False,,,,,B,True,AH,https://www.ah.nl/producten/product/wi33693,2026-08-12,AH Semi-skimmed milk,dairy eggs
214654,809776,Becel Original vloeibaar voordeelfles,Becel,zuivel-eieren,"Zuivel, eieren",Bak- en braadboter,4.65,4.65,,,,,"0,75 l",prijs per liter €6.20,False,,,,,B,True,AH,https://www.ah.nl/producten/product/wi214654,2026-08-12,Becel Original liquid value bottle,dairy eggs
1525,11943,AH Halfvolle melk,AH,zuivel-eieren,"Zuivel, eieren",Halfvolle melk,1.29,1.29,,,,,1 l,prijs per liter €1.29,False,,,,,B,True,AH,https://www.ah.nl/producten/product/wi1525,2026-08-12,AH Semi-skimmed milk,dairy eggs
450535,569071,AH Houdbare volle melk,AH,zuivel-eieren,"Zuivel, eieren",Houdbare melk,0.99,0.99,,,,,1 l,prijs per liter €0.99,False,,,,,C,True,AH,https://www.ah.nl/producten/product/wi450535,2026-08-12,AH Long-life whole milk,dairy eggs
216237,809358,De Zaanse Hoeve Yoghurt Griekse stijl 10% vet,De Zaanse Hoeve,zuivel-eieren,"Zuivel, eieren",Griekse yoghurt,1.99,1.99,,,,,1 kg,prijs per kg €1.99,False,,,,,C,True,AH,https://www.ah.nl/producten/product/wi216237,2026-08-12,De Zaanse Hoeve Yoghurt Griekse stijl 10% vet,dairy eggs
382907,842195,AH Biologisch Halfvolle melk,AH Biologisch,zuivel-eieren,"Zuivel, eieren",Halfvolle melk,1.95,1.95,,,,,"1,5 l",prijs per liter €1.30,False,,,,,B,True,AH,https://www.ah.nl/producten/product/wi382907,2026-08-12,AH Organic Semi-skimmed milk,dairy eggs
458995,643482,De Zaanse Hoeve Magere kwark,De Zaanse Hoeve,zuivel-eieren,"Zuivel, eieren",Magere kwark,1.89,1.89,,,,,1 kg,prijs per kg €1.89,False,,,,,A,True,AH,https://www.ah.nl/producten/product/wi458995,2026-08-12,De Zaanse Hoeve Low-fat cottage cheese,dairy eggs
442922,87804,AH Witte vrije uitloopeieren M,AH,zuivel-eieren,"Zuivel, eieren",Vrije uitloop eieren,1.99,1.99,,,,,6 stuks,,False,,,,,A,True,AH,https://www.ah.nl/producten/product/wi442922,2026-08-12,AH White free-range eggs M,dairy eggs
407959,853187,De Zaanse Hoeve Yoghurt Griekse stijl 2% vet,De Zaanse Hoeve,zuivel-eieren,"Zuivel, eieren",Griekse yoghurt,2.09,2.09,,,,,1 kg,prijs per kg €2.09,False,,,,,A,True,AH,https://www.ah.nl/producten/product/wi407959,2026-08-12,De Zaanse Hoeve Yoghurt Griekse stijl 2% vet,dairy eggs
63453,531306,AH Magere kwark,AH,zuivel-eieren,"Zuivel, eieren",Magere kwark,1.49,1.49,,,,,500 g,prijs per kg €2.98,False,,,,,A,True,AH,https://www.ah.nl/producten/product/wi63453,2026-08-12,AH Low-fat cottage cheese,dairy eggs
130273,606972,AH Verse scharreleieren M,AH,zuivel-eieren,"Zuivel, eieren",Scharreleieren,6.99,6.99,,,,,20 stuks,,False,,,,,A,True,AH,https://www.ah.nl/producten/product/wi130273,2026-08-12,AH Fresh free-range eggs M,dairy eggs
618342,0,AH Verse scharreleieren M 3-pack,AH,zuivel-eieren,"Zuivel, eieren",Scharreleieren,19.92,20.97,5.0,5% volume voordeel,,,3 stuks,,True,AHOO,5% volume voordeel,2026-08-12,2999-12-31,,True,AH,https://www.ah.nl/producten/product/wi618342,2026-08-12,AH Fresh free-range eggs M 3-pack,dairy eggs
195849,573255,De Zaanse Hoeve Creme fraiche,De Zaanse Hoeve,zuivel-eieren,"Zuivel, eieren",Creme fraiche,0.99,0.99,,,,,200 g,prijs per kg €4.95,False,,,,,D,True,AH,https://www.ah.nl/producten/product/wi195849,2026-08-12,The Zaanse Hoeve Creme fraiche,dairy eggs
429772,28392,AH Biologisch Halfvolle yoghurt,AH Biologisch,zuivel-eieren,"Zuivel, eieren",Halfvolle yoghurt,1.65,1.65,,,,,1 l,prijs per liter €1.65,False,,,,,B,True,AH,https://www.ah.nl/producten/product/wi429772,2026-08-12,AH Organic Semi-skimmed yoghurt,dairy eggs
1108,54072,AH Halfvolle koffiemelk,AH,zuivel-eieren,"Zuivel, eieren",Koffiemelk,1.05,1.05,,,,,465 ml,prijs per liter €2.26,False,,,,,E,True,AH,https://www.ah.nl/producten/product/wi1108,2026-08-12,AH Semi-skimmed coffee milk,dairy eggs
195653,600587,De Zaanse Hoeve Volle melk,De Zaanse Hoeve,zuivel-eieren,"Zuivel, eieren",Volle melk,0.95,0.95,,,,,1 l,prijs per liter €0.95,False,,,,,C,True,AH,https://www.ah.nl/producten/product/wi195653,2026-08-12,De Zaanse Hoeve Volle melk,dairy eggs
114817,567485,AH Biologisch Magere kwark,AH Biologisch,zuivel-eieren,"Zuivel, eieren",Magere kwark,1.65,1.65,,,,,500 g,prijs per kg €3.30,False,,,,,A,True,AH,https://www.ah.nl/producten/product/wi114817,2026-08-12,AH Biologisch Magere kwark,dairy eggs
108655,560339,AH Biologisch Houdbare halfvolle melk,AH Biologisch,zuivel-eieren,"Zuivel, eieren",Houdbare melk,1.29,1.29,,,,,1 l,prijs per liter €1.29,False,,,,,B,True,AH,https://www.ah.nl/producten/product/wi108655,2026-08-12,AH Organic Long-life semi-skimmed milk,dairy eggs
1503,11946,De Zaanse Hoeve Karnemelk,De Zaanse Hoeve,zuivel-eieren,"Zuivel, eieren",Karnemelk,0.93,0.93,,,,,1 l,prijs per liter €0.93,False,,,,,B,True,AH,https://www.ah.nl/producten/product/wi1503,2026-08-12,The Zaanse Hoeve Buttermilk,dairy eggs
231878,823326,AH Magere kwark,AH,zuivel-eieren,"Zuivel, eieren",Magere kwark,2.49,2.49,,,,,1 kg,prijs per kg €2.49,False,,,,,A,True,AH,https://www.ah.nl/producten/product/wi231878,2026-08-12,AH Low-fat cottage cheese,dairy eggs
1530,13387,AH Verse scharreleieren M L,AH,zuivel-eieren,"Zuivel, eieren",Scharreleieren,4.09,4.09,,,,,10 stuks,,False,,,,,A,True,AH,https://www.ah.nl/producten/product/wi1530,2026-08-12,AH Fresh free-range eggs M L,dairy eggs
598389,0,AH Verse scharreleieren M L 3-pack,AH,zuivel-eieren,"Zuivel, eieren",Scharreleieren,11.66,12.27,5.0,5% volume voordeel,,,3 stuks,,True,AHOO,5% volume voordeel,2026-08-12,2999-12-31,,True,AH,https://www.ah.nl/producten/product/wi598389,2026-08-12,AH Fresh free-range eggs M L 3-pack,dairy eggs
1510,11956,De Zaanse Hoeve Vanille vla,De Zaanse Hoeve,zuivel-eieren,"Zuivel, eieren",Vanillevla,0.99,0.99,,,,,1 l,prijs per liter €0.99,False,,,,,C,True,AH,https://www.ah.nl/producten/product/wi1510,2026-08-12,De Zaanse Hoeve Vanilla custard,dairy eggs
451172,582138,AH Biologisch Yoghurt Griekse stijl,AH Biologisch,zuivel-eieren,"Zuivel, eieren",Griekse yoghurt,2.99,2.99,,,,,1 kg,prijs per kg €2.99,False,,,,,C,True,AH,https://www.ah.nl/producten/product/wi451172,2026-08-12,AH Organic Yogurt Greek style,dairy eggs
60746,106377,AH Biologisch Volle yoghurt,AH Biologisch,zuivel-eieren,"Zuivel, eieren",Volle yoghurt,1.79,1.79,,,,,1 l,prijs per liter €1.79,False,,,,,B,True,AH,https://www.ah.nl/producten/product/wi60746,2026-08-12,AH Organic Full-fat yoghurt,dairy eggs
450536,569106,AH Houdbare magere melk,AH,zuivel-eieren,"Zuivel, eieren",Houdbare melk,0.79,0.79,,,,,1 l,prijs per liter €0.79,False,,,,,B,True,AH,https://www.ah.nl/producten/product/wi450536,2026-08-12,AH Long-life skimmed milk,dairy eggs
118132,11954,De Zaanse Hoeve Volle yoghurt,De Zaanse Hoeve,zuivel-eieren,"Zuivel, eieren",Volle yoghurt,1.39,1.39,,,,,1 l,prijs per liter €1.39,False,,,,,B,True,AH,https://www.ah.nl/producten/product/wi118132,2026-08-12,De Zaanse Hoeve Full-fat yoghurt,dairy eggs
1524,11944,AH Volle melk,AH,zuivel-eieren,"Zuivel, eieren",Volle melk,1.39,1.39,,,,,1 l,prijs per liter €1.39,False,,,,,C,True,AH,https://www.ah.nl/producten/product/wi1524,2026-08-12,AH Whole milk,dairy eggs
448314,708857,AH Lactosevrije houdbare halfvolle melk,AH,zuivel-eieren,"Zuivel, eieren",Lactosevrije melk,1.29,1.29,,,,,1 l,prijs per liter €1.29,False,,,,,B,True,AH,https://www.ah.nl/producten/product/wi448314,2026-08-12,AH Lactose-free long-life semi-skimmed milk,dairy eggs
442940,89791,AH Biologisch Eieren S M L,AH Biologisch,zuivel-eieren,"Zuivel, eieren",Vrije uitloop eieren,6.49,6.49,,,,,15 stuks,,False,,,,,A,True,AH,https://www.ah.nl/producten/product/wi442940,2026-08-12,AH Organic Eggs S M L,dairy eggs
617813,0,AH Biologisch Eieren S M L 3pack,AH Biologisch,zuivel-eieren,"Zuivel, eieren",Vrije uitloop eieren,18.89,19.47,3.0,3% volume voordeel,,,3 stuks,,True,AHOO,3% volume voordeel,2026-08-12,2999-12-31,,True,AH,https://www.ah.nl/producten/product/wi617813,2026-08-12,AH Organic Eggs S M L 3pack,dairy eggs
617815,0,AH Biologisch Eieren S M L 4-pack,AH Biologisch,zuivel-eieren,"Zuivel, eieren",Vrije uitloop eieren,24.66,25.96,5.0,5% volume voordeel,,,4 stuks,,True,AHOO,5% volume voordeel,2026-08-12,2999-12-31,,True,AH,https://www.ah.nl/producten/product/wi617815,2026-08-12,AH Organic Eggs S M L 4-pack,dairy eggs
168502,751795,AH Biologisch Eieren S M L,AH Biologisch,zuivel-eieren,"Zuivel, eieren",Vrije uitloop eieren,4.59,4.59,,,,,10 stuks,,False,,,,,A,True,AH,https://www.ah.nl/producten/product/wi168502,2026-08-12,AH Organic Eggs S M L,dairy eggs
61007,106375,AH Biologisch Halfvolle melk,AH Biologisch,zuivel-eieren,"Zuivel, eieren",Halfvolle melk,1.39,1.39,,,,,1 l,prijs per liter €1.39,False,,,,,B,True,AH,https://www.ah.nl/producten/product/wi61007,2026-08-12,AH Organic Semi-skimmed milk,dairy eggs
108654,560338,AH Biologisch Houdbare volle melk,AH Biologisch,zuivel-eieren,"Zuivel, eieren",Houdbare melk,1.45,1.45,,,,,1 l,prijs per liter €1.45,False,,,,,C,True,AH,https://www.ah.nl/producten/product/wi108654,2026-08-12,AH Organic Long-life whole milk,dairy eggs
127489,581971,AH Terra Plantaardig halvarine lekker op brood,AH Terra,zuivel-eieren,"Zuivel, eieren",Plantaardige boter,1.39,1.39,,,,,500 g,prijs per kg €2.78,False,,,,,C,True,AH,https://www.ah.nl/producten/product/wi127489,2026-08-12,AH Terra Vegetable low-fat margarine delicious on bread,dairy eggs
469397,721621,Campina Langlekker halfvolle melk,Campina,zuivel-eieren,"Zuivel, eieren",Houdbare melk,1.79,1.79,,,,,1 l,prijs per liter €1.79,False,,,,,B,True,AH,https://www.ah.nl/producten/product/wi469397,2026-08-12,Campina Langlekker semi-skimmed milk,dairy eggs
61009,106374,AH Biologisch Volle melk,AH Biologisch,zuivel-eieren,"Zuivel, eieren",Volle melk,1.49,1.49,,,,,1 l,prijs per liter €1.49,False,,,,,C,True,AH,https://www.ah.nl/producten/product/wi61009,2026-08-12,AH Organic Whole milk,dairy eggs
1519,11955,De Zaanse Hoeve Magere yoghurt,De Zaanse Hoeve,zuivel-eieren,"Zuivel, eieren",Magere yoghurt,0.89,0.89,,,,,1 l,prijs per liter €0.89,False,,,,,A,True,AH,https://www.ah.nl/producten/product/wi1519,2026-08-12,De Zaanse Hoeve Low-fat yogurt,dairy eggs
130274,606862,AH Verse scharreleieren L XL,AH,zuivel-eieren,"Zuivel, eieren",Scharreleieren,4.19,4.19,,,,,10 stuks,,False,,,,,A,True,AH,https://www.ah.nl/producten/product/wi130274,2026-08-12,AH Verse scharreleieren L XL,dairy eggs
567385,0,AH Verse scharreleieren L/XL 3-pack,AH,zuivel-eieren,"Zuivel, eieren",Scharreleieren,11.94,12.57,5.0,5% volume voordeel,,,3 stuks,,True,AHOO,5% volume voordeel,2026-08-12,2999-12-31,,True,AH,https://www.ah.nl/producten/product/wi567385,2026-08-12,AH Fresh free-range eggs L/XL 3-pack,dairy eggs
609672,0,Campina Langlekker halfvolle melk 3-pack,Campina,zuivel-eieren,"Zuivel, eieren",Houdbare melk,5.1,5.37,5.0,5% volume voordeel,,,3 stuks,,True,AHOO,5% volume voordeel,2026-08-12,2999-12-31,,True,AH,https://www.ah.nl/producten/product/wi609672,2026-08-12,Campina Langlekker semi-skimmed milk 3-pack,dairy eggs
609411,0,Campina Langlekker halfvolle melk 8-pack,Campina,zuivel-eieren,"Zuivel, eieren",Houdbare melk,12.89,14.32,10.0,10% volume voordeel,,,8 stuks,,True,AHOO,10% volume voordeel,2026-08-12,2999-12-31,,True,AH,https://www.ah.nl/producten/product/wi609411,2026-08-12,Campina Langlekker semi-skimmed milk 8-pack,dairy eggs
177474,636832,De Zaanse Hoeve Halfvolle yoghurt vanillesmaak,De Zaanse Hoeve,zuivel-eieren,"Zuivel, eieren",Vanille yoghurt,1.49,1.49,,,,,1 l,prijs per liter €1.49,False,,,,,C,True,AH,https://www.ah.nl/producten/product/wi177474,2026-08-12,De Zaanse Hoeve Semi-skimmed yoghurt vanilla flavour,dairy eggs
141708,615967,AH Drinkyoghurt framboossmaak,AH,zuivel-eieren,"Zuivel, eieren","Drinkyoghurt, ontbijtdranken",1.29,1.29,,,,,1 l,prijs per liter €1.29,False,,,,,B,True,AH,https://www.ah.nl/producten/product/wi141708,2026-08-12,AH Drinking yoghurt raspberry flavour,dairy eggs
61010,512652,AH Biologisch Magere yoghurt,AH Biologisch,zuivel-eieren,"Zuivel, eieren",Magere yoghurt,1.49,1.49,,,,,1 l,prijs per liter €1.49,False,,,,,A,True,AH,https://www.ah.nl/producten/product/wi61010,2026-08-12,AH Organic Low-fat yogurt,dairy eggs
443661,87310,AH Biologisch Halfvolle melk,AH Biologisch,zuivel-eieren,"Zuivel, eieren",Halfvolle melk,2.55,2.55,,,,,2 l,prijs per liter €1.28,False,,,,,B,True,AH,https://www.ah.nl/producten/product/wi443661,2026-08-12,AH Organic Semi-skimmed milk,dairy eggs
58082,505412,AH Biologisch Roomboter ongezouten,AH Biologisch,zuivel-eieren,"Zuivel, eieren",Ongezouten roomboter,2.89,2.89,,,,,250 g,prijs per kg €11.56,False,,,,,E,True,AH,https://www.ah.nl/producten/product/wi58082,2026-08-12,"AH Organic Butter, unsalted",dairy eggs
216238,809402,Melkunie Breaker aardbei yoghurt,Melkunie,zuivel-eieren,"Zuivel, eieren",Yoghurt tussendoortjes,1.59,1.59,,,,,200 g,prijs per kg €7.95,False,,,,,C,True,AH,https://www.ah.nl/producten/product/wi216238,2026-08-12,Melkunie Breaker aardbei yoghurt,dairy eggs
456324,66205,AH Drinkyoghurt aardbei kerssmaak,AH,zuivel-eieren,"Zuivel, eieren","Drinkyoghurt, ontbijtdranken",1.29,1.29,,,,,1 l,prijs per liter €1.29,False,,,,,B,True,AH,https://www.ah.nl/producten/product/wi456324,2026-08-12,AH Drinking yoghurt strawberry cherry flavour,dairy eggs
618237,0,AH Biologisch Roomboter ongezouten 2-pack,AH Biologisch,zuivel-eieren,"Zuivel, eieren",Ongezouten roomboter,5.61,5.78,3.0,3% volume voordeel,,,2 stuks,,True,AHOO,3% volume voordeel,2026-08-12,2999-12-31,,True,AH,https://www.ah.nl/producten/product/wi618237,2026-08-12,AH Biologisch Roomboter ongezouten 2-pack,dairy eggs
602213,54324,AH Biologisch Volle melk,AH Biologisch,zuivel-eieren,"Zuivel, eieren",Volle melk,2.09,2.09,,,,,"1,5 l",prijs per liter €1.39,False,,,,,C,True,AH,https://www.ah.nl/producten/product/wi602213,2026-08-12,AH Organic Whole milk,dairy eggs
618240,0,AH Biologisch Roomboter ongezouten 5-pack,AH Biologisch,zuivel-eieren,"Zuivel, eieren",Ongezouten roomboter,13.0,14.45,10.0,10% volume voordeel,,,5 stuks,,True,AHOO,10% volume voordeel,2026-08-12,2999-12-31,,True,AH,https://www.ah.nl/producten/product/wi618240,2026-08-12,AH Organic Butter unsalted 5-pack,dairy eggs
567982,0,AH Biologisch Roomboter ongezouten 3-pack,AH Biologisch,zuivel-eieren,"Zuivel, eieren",Ongezouten roomboter,8.24,8.67,5.0,5% volume voordeel,,,3 stuks,,True,AHOO,5% volume voordeel,2026-08-12,2999-12-31,,True,AH,https://www.ah.nl/producten/product/wi567982,2026-08-12,AH Organic Butter unsalted 3-pack,dairy eggs
61008,106376,AH Biologisch Karnemelk,AH Biologisch,zuivel-eieren,"Zuivel, eieren",Karnemelk,1.29,1.29,,,,,1 l,prijs per liter €1.29,False,,,,,B,True,AH,https://www.ah.nl/producten/product/wi61008,2026-08-12,AH Organic Buttermilk,dairy eggs
438675,702107,De Zaanse Hoeve Halfvolle yoghurt,De Zaanse Hoeve,zuivel-eieren,"Zuivel, eieren",Halfvolle yoghurt,0.95,0.95,,,,,1 l,prijs per liter €0.95,False,,,,,A,True,AH,https://www.ah.nl/producten/product/wi438675,2026-08-12,De Zaanse Hoeve Semi-skimmed yoghurt,dairy eggs
425567,694382,Danoontje Knijpyoghurt aardbei,Danoontje,zuivel-eieren,"Zuivel, eieren",Yoghurt tussendoortjes,0.99,0.99,,,,,70 g,prijs per kg €14.14,False,,,,,B,True,AH,https://www.ah.nl/producten/product/wi425567,2026-08-12,Danoontje Strawberry squeeze yoghurt,dairy eggs
548937,0,Danoontje Knijpyoghurt aardbei 5-pack,Danoontje,zuivel-eieren,"Zuivel, eieren",Yoghurt tussendoortjes,4.7,4.95,5.0,5% volume voordeel,,,5 stuks,,True,AHOO,5% volume voordeel,2026-08-12,2999-12-31,,True,AH,https://www.ah.nl/producten/product/wi548937,2026-08-12,Danoontje Squeeze yoghurt strawberry 5-pack,dairy eggs
469256,98070,Campina Langlekker volle melk,Campina,zuivel-eieren,"Zuivel, eieren",Houdbare melk,1.99,1.99,,,,,1 l,prijs per liter €1.99,False,,,,,C,True,AH,https://www.ah.nl/producten/product/wi469256,2026-08-12,Campina Langlekker whole milk,dairy eggs
514748,884361,De Zaanse Hoeve Ongezouten roomboter,De Zaanse Hoeve,zuivel-eieren,"Zuivel, eieren",Ongezouten roomboter,2.49,2.49,,,,,500 g,prijs per kg €4.98,False,,,,,E,True,AH,https://www.ah.nl/producten/product/wi514748,2026-08-12,De Zaanse Hoeve Unsalted butter,dairy eggs
168925,751659,Arla Biologisch halfvolle melk,Arla,zuivel-eieren,"Zuivel, eieren",Halfvolle melk,1.79,1.79,,,,,1 l,prijs per liter €1.79,False,,,,,B,True,AH,https://www.ah.nl/producten/product/wi168925,2026-08-12,Arla Organic semi-skimmed milk,dairy eggs
451700,581894,De Zaanse Hoeve Volle kwark,De Zaanse Hoeve,zuivel-eieren,"Zuivel, eieren",Volle kwark,1.29,1.29,,,,,500 g,prijs per kg €2.58,False,,,,,C,True,AH,https://www.ah.nl/producten/product/wi451700,2026-08-12,De Zaanse Hoeve Volle kwark,dairy eggs
61758,521009,Optimel Drinkyoghurt framboos,Optimel,zuivel-eieren,"Zuivel, eieren","Drinkyoghurt, ontbijtdranken",1.99,1.99,,,,,1 l,prijs per liter €1.99,False,,,,,B,True,AH,https://www.ah.nl/producten/product/wi61758,2026-08-12,Optimel Drinking yoghurt raspberry,dairy eggs
608455,0,Campina Langlekker volle melk 3-pack,Campina,zuivel-eieren,"Zuivel, eieren",Houdbare melk,5.67,5.97,5.0,5% volume voordeel,,,3 stuks,,True,AHOO,5% volume voordeel,2026-08-12,2999-12-31,,True,AH,https://www.ah.nl/producten/product/wi608455,2026-08-12,Campina Langlekker whole milk 3-pack,dairy eggs
582865,0,Arla Biologisch halfvolle melk 3-pack,Arla,zuivel-eieren,"Zuivel, eieren",Halfvolle melk,5.1,5.37,5.0,5% volume voordeel,,,3 stuks,,True,AHOO,5% volume voordeel,2026-08-12,2999-12-31,,True,AH,https://www.ah.nl/producten/product/wi582865,2026-08-12,Arla Organic semi-skimmed milk 3-pack,dairy eggs
608456,0,Campina Langlekker volle melk 8-pack,Campina,zuivel-eieren,"Zuivel, eieren",Houdbare melk,14.33,15.92,10.0,10% volume voordeel,,,8 stuks,,True,AHOO,10% volume voordeel,2026-08-12,2999-12-31,,True,AH,https://www.ah.nl/producten/product/wi608456,2026-08-12,Campina Langlekker whole milk 8-pack,dairy eggs
456336,66374,AH Drinkyoghurt passievrucht mangosmaak,AH,zuivel-eieren,"Zuivel, eieren","Drinkyoghurt, ontbijtdranken",1.29,1.29,,,,,1 l,prijs per liter €1.29,False,,,,,B,True,AH,https://www.ah.nl/producten/product/wi456336,2026-08-12,AH Drinking yoghurt passion fruit mango flavour,dairy eggs
441199,76369,Campina Halfvolle melk voordeelverpakking,Campina,zuivel-eieren,"Zuivel, eieren",Halfvolle melk,1.89,1.89,,,,,"1,5 l",prijs per liter €1.26,False,,,,,B,True,AH,https://www.ah.nl/producten/product/wi441199,2026-08-12,Campina Semi-skimmed milk value pack,dairy eggs
67781,530940,AH Creme fraiche light 15% vet,AH,zuivel-eieren,"Zuivel, eieren",Creme fraiche,1.39,1.39,,,,,125 g,prijs per kg €11.12,False,,,,,D,True,AH,https://www.ah.nl/producten/product/wi67781,2026-08-12,AH Creme fraiche light 15% vet,dairy eggs
509631,720377,AH Kookroom,AH,zuivel-eieren,"Zuivel, eieren",Kookroom,0.99,0.99,,,,,250 ml,prijs per liter €3.96,False,,,,,D,True,AH,https://www.ah.nl/producten/product/wi509631,2026-08-12,AH Cooking cream,dairy eggs
608505,0,Optimel Drinkyoghurt framboos 2-pack,Optimel,zuivel-eieren,"Zuivel, eieren","Drinkyoghurt, ontbijtdranken",3.78,3.98,5.0,5% volume voordeel,,,2 stuks,,True,AHOO,5% volume voordeel,2026-08-12,2999-12-31,,True,AH,https://www.ah.nl/producten/product/wi608505,2026-08-12,Optimel Drinking yoghurt raspberry 2-pack,dairy eggs
127487,581968,AH Roomboter ongezouten,AH,zuivel-eieren,"Zuivel, eieren",Ongezouten roomboter,2.19,2.19,,,,,250 g,prijs per kg €8.76,False,,,,,E,True,AH,https://www.ah.nl/producten/product/wi127487,2026-08-12,AH Unsalted butter,dairy eggs
609662,0,Arla Biologisch halfvolle melk 4-pack,Arla,zuivel-eieren,"Zuivel, eieren",Halfvolle melk,6.44,7.16,10.0,10% volume voordeel,,,4 stuks,,True,AHOO,10% volume voordeel,2026-08-12,2999-12-31,,True,AH,https://www.ah.nl/producten/product/wi609662,2026-08-12,Arla Organic semi-skimmed milk 4-pack,dairy eggs
561662,0,Melkunie Breaker aardbei yoghurt 6-pack,Melkunie,zuivel-eieren,"Zuivel, eieren",Yoghurt tussendoortjes,8.59,9.54,10.0,10% volume voordeel,,,6 stuks,,True,AHOO,10% volume voordeel,2026-08-12,2999-12-31,,True,AH,https://www.ah.nl/producten/product/wi561662,2026-08-12,Melkunie Breaker strawberry yogurt 6-pack,dairy eggs
1516,11945,AH Magere melk,AH,zuivel-eieren,"Zuivel, eieren",Magere melk,1.19,1.19,,,,,1 l,prijs per liter €1.19,False,,,,,B,True,AH,https://www.ah.nl/producten/product/wi1516,2026-08-12,AH Skimmed milk,dairy eggs
509633,722517,AH Slagroom,AH,zuivel-eieren,"Zuivel, eieren",Slagroom,1.35,1.35,,,,,250 ml,prijs per liter €5.40,False,,,,,D,True,AH,https://www.ah.nl/producten/product/wi509633,2026-08-12,AH Whipped cream,dairy eggs
582008,0,Melkunie Breaker Aardbei yoghurt 4-pack,Melkunie,zuivel-eieren,"Zuivel, eieren",Yoghurt tussendoortjes,6.04,6.36,5.0,5% volume voordeel,,,4 stuks,,True,AHOO,5% volume voordeel,2026-08-12,2999-12-31,,True,AH,https://www.ah.nl/producten/product/wi582008,2026-08-12,Melkunie Breaker Aardbei yoghurt 4-pack,dairy eggs
129244,587840,Optimel Drinkyoghurt mango passievrucht,Optimel,zuivel-eieren,"Zuivel, eieren","Drinkyoghurt, ontbijtdranken",1.99,1.99,,,,,1 l,prijs per liter €1.99,False,,,,,B,True,AH,https://www.ah.nl/producten/product/wi129244,2026-08-12,Optimel Drinking yoghurt mango passion fruit,dairy eggs
48785,831576,Campina Halfvolle yoghurt,Campina,zuivel-eieren,"Zuivel, eieren",Halfvolle yoghurt,1.89,1.89,,,,,1 l,prijs per liter €1.89,False,,,,,A,True,AH,https://www.ah.nl/producten/product/wi48785,2026-08-12,Campina Semi-skimmed yoghurt,dairy eggs
173573,795753,AH Halfvolle koffiemelk cups,AH,zuivel-eieren,"Zuivel, eieren",Koffiemelk,0.45,0.45,,,,,70 ml,prijs per liter €6.43,False,,,,,E,True,AH,https://www.ah.nl/producten/product/wi173573,2026-08-12,AH Semi-skimmed coffee milk cups,dairy eggs
608506,0,Optimel Drinkyoghurt framboos 4-pack,Optimel,zuivel-eieren,"Zuivel, eieren","Drinkyoghurt, ontbijtdranken",7.16,7.96,10.0,10% volume voordeel,,,4 stuks,,True,AHOO,10% volume voordeel,2026-08-12,2999-12-31,,True,AH,https://www.ah.nl/producten/product/wi608506,2026-08-12,Optimel Drinking yoghurt raspberry 4-pack,dairy eggs
609405,0,Campina Halfvolle yoghurt 3-pack,Campina,zuivel-eieren,"Zuivel, eieren",Halfvolle yoghurt,5.39,5.67,5.0,5% volume voordeel,,,3 stuks,,True,AHOO,5% volume voordeel,2026-08-12,2999-12-31,,True,AH,https://www.ah.nl/producten/product/wi609405,2026-08-12,Campina Semi-skimmed yoghurt 3-pack,dairy eggs
566899,0,AH Creme Fraiche Light 3-pack,AH,zuivel-eieren,"Zuivel, eieren",Creme fraiche,3.96,4.17,5.0,5% volume voordeel,,,3-pack,,True,AHOO,5% volume voordeel,2026-08-12,2999-12-31,,True,AH,https://www.ah.nl/producten/product/wi566899,2026-08-12,AH Creme Fraiche Light 3-pack,dairy eggs
608509,0,Optimel Drinkyoghurt mango passievrucht 2-pack,Optimel,zuivel-eieren,"Zuivel, eieren","Drinkyoghurt, ontbijtdranken",3.78,3.98,5.0,5% volume voordeel,,,2 stuks,,True,AHOO,5% volume voordeel,2026-08-12,2999-12-31,,True,AH,https://www.ah.nl/producten/product/wi608509,2026-08-12,Optimel Drinking yoghurt mango passion fruit 2-pack,dairy eggs
457983,647871,Arla Skyr naturel yoghurt 0% vet XL,Arla,zuivel-eieren,"Zuivel, eieren",Skyr naturel,3.99,3.99,,,,,1 kg,prijs per kg €3.99,False,,,,,A,True,AH,https://www.ah.nl/producten/product/wi457983,2026-08-12,Arla Skyr natural yoghurt 0% fat XL,dairy eggs
166916,642878,Brinta Volkoren graanontbijt,Brinta,zuivel-eieren,"Zuivel, eieren",Pap,2.09,2.09,,,,,500 g,prijs per kg €4.18,False,,,,,A,True,AH,https://www.ah.nl/producten/product/wi166916,2026-08-12,Brinta Whole grain breakfast,dairy eggs
161932,629848,AH Kokosmelk,AH,zuivel-eieren,"Zuivel, eieren",Kokosmelk,1.35,1.35,,,,,200 ml,prijs per liter €6.75,False,,,,,D,True,AH,https://www.ah.nl/producten/product/wi161932,2026-08-12,AH Coconut milk,dairy eggs
617979,0,AH Creme fraiche light 15% vet 2-pack,AH,zuivel-eieren,"Zuivel, eieren",Creme fraiche,2.7,2.78,3.0,3% volume voordeel,,,2 stuks,,True,AHOO,3% volume voordeel,2026-08-12,2999-12-31,,True,AH,https://www.ah.nl/producten/product/wi617979,2026-08-12,AH Creme fraiche light 15% fat 2-pack,dairy eggs
1109,54073,AH Volle koffiemelk,AH,zuivel-eieren,"Zuivel, eieren",Koffiemelk,0.99,0.99,,,,,463 ml,prijs per liter €2.14,False,,,,,E,True,AH,https://www.ah.nl/producten/product/wi1109,2026-08-12,AH Whole coffee milk,dairy eggs
403752,851111,AH Halfvolle kwark,AH,zuivel-eieren,"Zuivel, eieren",Volle kwark,1.69,1.69,,,,,500 g,prijs per kg €3.38,False,,,,,A,True,AH,https://www.ah.nl/producten/product/wi403752,2026-08-12,AH Semi-skimmed cottage cheese,dairy eggs
396393,847732,AH Biologisch Volle kwark,AH Biologisch,zuivel-eieren,"Zuivel, eieren",Volle kwark,1.89,1.89,,,,,500 g,prijs per kg €3.78,False,,,,,C,True,AH,https://www.ah.nl/producten/product/wi396393,2026-08-12,AH Biologisch Volle kwark,dairy eggs
425564,694379,Arla Biologisch skyr naturel yoghurt,Arla,zuivel-eieren,"Zuivel, eieren",Skyr naturel,2.59,2.59,,,,,450 g,prijs per kg €5.76,False,,,,,A,True,AH,https://www.ah.nl/producten/product/wi425564,2026-08-12,Arla Organic skyr natural yoghurt,dairy eggs
387970,845350,Campina Magere milde kwark naturel,Campina,zuivel-eieren,"Zuivel, eieren",Magere kwark,1.99,1.99,,,,,500 g,prijs per kg €3.98,False,,,,,A,True,AH,https://www.ah.nl/producten/product/wi387970,2026-08-12,"Campina Low-fat mild cottage cheese, natural",dairy eggs
585909,30741,AH Magere kwark met magere yoghurt aardbei,AH,zuivel-eieren,"Zuivel, eieren",Kwark met smaak,1.59,1.59,,,,,500 g,prijs per kg €3.18,False,,,,,A,True,AH,https://www.ah.nl/producten/product/wi585909,2026-08-12,AH Low-fat cottage cheese with low-fat strawberry yogurt,dairy eggs
585910,30742,AH Magere kwark met magere yoghurt vanille,AH,zuivel-eieren,"Zuivel, eieren",Kwark met smaak,1.59,1.59,,,,,500 g,prijs per kg €3.18,False,,,,,A,True,AH,https://www.ah.nl/producten/product/wi585910,2026-08-12,AH Low-fat cottage cheese with low-fat vanilla yogurt,dairy eggs
33691,27506,AH Halfvolle melk,AH,zuivel-eieren,"Zuivel, eieren",Halfvolle melk,0.79,0.79,,,,,"0,5 l",prijs per liter €1.58,False,,,,,B,True,AH,https://www.ah.nl/producten/product/wi33691,2026-08-12,AH Semi-skimmed milk,dairy eggs
96643,540177,AH Magere yoghurt,AH,zuivel-eieren,"Zuivel, eieren",Magere yoghurt,1.39,1.39,,,,,1 l,prijs per liter €1.39,False,,,,,A,True,AH,https://www.ah.nl/producten/product/wi96643,2026-08-12,AH Low-fat yogurt,dairy eggs
596890,45277,Dr. Oetker Just for me brownie mini cake,Dr. Oetker,bakkerij,Bakkerij,Cakemix,2.29,2.29,,,,,70 g,prijs per kg €32.71,False,,,,,D,True,AH,https://www.ah.nl/producten/product/wi596890,2026-08-12,Dr. Oetker Just for me brownie mini cake,bakery
606745,62805,Koopmans Kwarkcake appelkaneel,Koopmans,bakkerij,Bakkerij,Cakemix,2.69,2.69,,,,,400 g,prijs per kg €6.73,False,,,,,C,True,AH,https://www.ah.nl/producten/product/wi606745,2026-08-12,Koopmans Kwarkcake appelkaneel,bakery
32494,568325,AH Extra lang lekker zaans witte bol 10st,AH,bakkerij,Bakkerij,Verse bolletjes,1.99,1.99,,,,,10 stuks,,False,,,,,B,True,AH,https://www.ah.nl/producten/product/wi32494,2026-08-12,AH Extra long delicious Zaans white bun 10 pcs,bakery
523365,605868,AH Extra lang lekker tijger volkoren heel,AH,bakkerij,Bakkerij,Extra lang lekker en waldkorn volkoren,1.35,1.35,,,,,per stuk,,False,,,,,A,True,AH,https://www.ah.nl/producten/product/wi523365,2026-08-12,AH Extra long tasty tiger whole wheat,bakery
446412,707729,AH Tijger volkoren heel,AH,bakkerij,Bakkerij,Bakkersbrood volkoren,1.99,1.99,,,,,per stuk,prijs per kg €2.49,False,,,,,A,True,AH,https://www.ah.nl/producten/product/wi446412,2026-08-12,AH Tiger whole wheat,bakery
606746,62802,Dr. Oetker Deco drip pistache smaak,Dr. Oetker,bakkerij,Bakkerij,Bakdecoratie,4.19,4.19,,,,,80 g,prijs per kg €52.38,False,,,,,E,True,AH,https://www.ah.nl/producten/product/wi606746,2026-08-12,Dr. Oetker Deco drip pistachio flavor,bakery
569994,10623,AH Kaiserbroodjes,AH,bakkerij,Bakkerij,"Afbakbroodjes wit, mix",0.55,0.55,,,,,4 stuks,,False,,,,,,True,AH,https://www.ah.nl/producten/product/wi569994,2026-08-12,AH Kaiser rolls,bakery
73,44858,AH Franse baguettes,AH,bakkerij,Bakkerij,Stokbrood en ciabatta,0.69,0.69,,,,,2 stuks,,False,,,,,C,True,AH,https://www.ah.nl/producten/product/wi73,2026-08-12,AH Franse baguettes,bakery
487022,742362,AH Rond volkoren heel,AH,bakkerij,Bakkerij,Bakkersbrood volkoren,1.89,1.89,,,,,per stuk,,False,,,,,A,True,AH,https://www.ah.nl/producten/product/wi487022,2026-08-12,AH Round whole wheat,bakery
112339,507869,AH Extra lang lekker tijger bruin heel,AH,bakkerij,Bakkerij,Extra lang lekker bruin,1.35,1.35,,,,,per stuk,,False,,,,,B,True,AH,https://www.ah.nl/producten/product/wi112339,2026-08-12,AH Extra long nice tiger brown whole,bakery
582990,25958,AH Extra lang lekker Zaans volkoren heel,AH,bakkerij,Bakkerij,Extra lang lekker en waldkorn volkoren,1.89,1.89,,,,,per stuk,,False,,,,,A,True,AH,https://www.ah.nl/producten/product/wi582990,2026-08-12,AH Extra long delicious Zaans whole wheat,bakery
582991,25959,AH Extra lang lekker Zaans volkoren half,AH,bakkerij,Bakkerij,Extra lang lekker en waldkorn volkoren,0.99,0.99,,,,,per stuk,,False,,,,,A,True,AH,https://www.ah.nl/producten/product/wi582991,2026-08-12,AH Extra long delicious Zaans whole wheat half,bakery
439816,703397,AH Extra lang lekker zaans volkoren bol 10s,AH,bakkerij,Bakkerij,Verse bolletjes,1.99,1.99,,,,,10 stuks,,False,,,,,A,True,AH,https://www.ah.nl/producten/product/wi439816,2026-08-12,AH Extra long delicious Zaans whole wheat bun 10s,bakery
446406,707723,AH Les pains boulogne heel,AH,bakkerij,Bakkerij,Bakkersbrood volkoren,2.39,2.39,,,,,per stuk,prijs per kg €2.99,False,,,,,A,True,AH,https://www.ah.nl/producten/product/wi446406,2026-08-12,AH Les pains boulogne whole,bakery
589882,36313,AH Extra lang lekker volkoren heel,AH,bakkerij,Bakkerij,Extra lang lekker en waldkorn volkoren,0.99,0.99,,,,,per stuk,,False,,,,,A,True,AH,https://www.ah.nl/producten/product/wi589882,2026-08-12,AH Extra long delicious whole wheat,bakery
446408,707725,AH Les pains triomphe heel,AH,bakkerij,Bakkerij,Bakkersbrood wit,2.39,2.39,,,,,per stuk,prijs per kg €2.99,False,,,,,A,True,AH,https://www.ah.nl/producten/product/wi446408,2026-08-12,AH Les pains triomphe heel,bakery
562106,393,AH Tijger tarwe maïs heel,AH,bakkerij,Bakkerij,"Meergranen, maïsbrood",1.99,1.99,,,,,per stuk,,False,,,,,B,True,AH,https://www.ah.nl/producten/product/wi562106,2026-08-12,AH Tiger wheat corn whole,bakery
497624,802613,AH Extra lang lekker mini rozijnenbollen,AH,bakkerij,Bakkerij,Krentenbollen en mueslibollen,1.99,1.99,,,,,9 stuks,,False,,,,,D,True,AH,https://www.ah.nl/producten/product/wi497624,2026-08-12,AH Extra long delicious mini raisin balls,bakery
1625,32307,AH Beschuit volkoren,AH,bakkerij,Bakkerij,Beschuit,0.59,0.59,,,,,140 g,prijs per kg €4.21,False,,,,,A,True,AH,https://www.ah.nl/producten/product/wi1625,2026-08-12,AH whole wheat rusk,bakery
582995,25963,AH Extra lang lekker zaans witte bollen 6st,AH,bakkerij,Bakkerij,Verse bolletjes,1.59,1.59,,,,,6 stuks,,False,,,,,B,True,AH,https://www.ah.nl/producten/product/wi582995,2026-08-12,AH Extra long delicious Zaans white balls 6 pcs,bakery
199378,567787,AH Schnittbroodjes,AH,bakkerij,Bakkerij,"Afbakbroodjes wit, mix",0.99,0.99,,,,,300 g,prijs per kg €3.30,False,,,,,C,True,AH,https://www.ah.nl/producten/product/wi199378,2026-08-12,AH Schnitt rolls,bakery
446405,707722,AH Les pains bastille heel,AH,bakkerij,Bakkerij,Bakkersbrood volkoren,2.39,2.39,,,,,per stuk,prijs per kg €2.99,False,,,,,A,True,AH,https://www.ah.nl/producten/product/wi446405,2026-08-12,AH Les pains bastille whole,bakery
596719,45656,AH Extra lang lekker waldkorn volkoren heel,AH,bakkerij,Bakkerij,Extra lang lekker en waldkorn volkoren,2.59,2.59,,,,,per stuk,,False,,,,,A,True,AH,https://www.ah.nl/producten/product/wi596719,2026-08-12,AH Extra long tasty waldkorn whole wheat,bakery
485689,740772,AH Les pains boulogne half,AH,bakkerij,Bakkerij,Bakkersbrood volkoren,1.29,1.29,,,,,per stuk,,False,,,,,A,True,AH,https://www.ah.nl/producten/product/wi485689,2026-08-12,AH Les pains boulogne half,bakery
600958,51448,AH Biologisch Frans stokbrood wit,AH Biologisch,bakkerij,Bakkerij,"Afbakbroodjes wit, mix",1.39,1.39,,,,,per stuk,,False,,,,,C,True,AH,https://www.ah.nl/producten/product/wi600958,2026-08-12,AH Organic white French baguette,bakery
523355,98969,AH Extra lang lekker tijger volkoren half,AH,bakkerij,Bakkerij,Extra lang lekker en waldkorn volkoren,0.75,0.75,,,,,per stuk,,False,,,,,A,True,AH,https://www.ah.nl/producten/product/wi523355,2026-08-12,AH Extra long tasty tiger whole wheat half,bakery
2432,527935,LU Mini crackers olijfolie & oregano,LU,bakkerij,Bakkerij,Toast crackers,2.19,2.19,,,,,250 g,prijs per kg €8.76,False,,,,,E,True,AH,https://www.ah.nl/producten/product/wi2432,2026-08-12,LU Mini crackers olive oil & oregano,bakery
600702,51446,AH Eiwitrijk flatbread,AH,bakkerij,Bakkerij,"Pitabroodjes, flatbread, bao buns",2.49,2.49,,,,,4 stuks,,False,,,,,B,True,AH,https://www.ah.nl/producten/product/wi600702,2026-08-12,AH Eiwitrijk flatbread,bakery
387906,845205,Wasa Volkoren,Wasa,bakkerij,Bakkerij,Knackebrod,1.75,1.75,,,,,260 g,prijs per kg €6.73,False,,,,,A,True,AH,https://www.ah.nl/producten/product/wi387906,2026-08-12,Wasa Whole wheat,bakery
478210,731914,AH Luxe hamburger broodjes,AH,bakkerij,Bakkerij,Hamburgerbroodjes,1.99,1.99,,,,,4 stuks,,False,,,,,C,True,AH,https://www.ah.nl/producten/product/wi478210,2026-08-12,AH Luxe hamburger broodjes,bakery
498340,804202,AH Flatbread,AH,bakkerij,Bakkerij,"Pitabroodjes, flatbread, bao buns",2.29,2.29,,,,,210 g,prijs per kg €10.90,False,,,,,C,True,AH,https://www.ah.nl/producten/product/wi498340,2026-08-12,AH Flatbread,bakery
569850,9269,AH Luxe kaiserbroodjes,AH,bakkerij,Bakkerij,"Afbakbroodjes wit, mix",0.99,0.99,,,,,4 stuks,,False,,,,,,True,AH,https://www.ah.nl/producten/product/wi569850,2026-08-12,AH Luxury Kaiser rolls,bakery
53734,507897,AH Extra lang lekker tijger bruin half,AH,bakkerij,Bakkerij,Extra lang lekker bruin,0.75,0.75,,,,,per stuk,,False,,,,,B,True,AH,https://www.ah.nl/producten/product/wi53734,2026-08-12,AH Extra long nice tiger brown half,bakery
477554,730833,Bolletje Echte beschuit,Bolletje,bakkerij,Bakkerij,Beschuit,0.94,0.94,,,,,13 stuks,,False,,,,,B,True,AH,https://www.ah.nl/producten/product/wi477554,2026-08-12,Bolletje Real rusk,bakery
596720,45655,AH Extra lang lekker waldkorn volkoren half,AH,bakkerij,Bakkerij,Extra lang lekker en waldkorn volkoren,1.39,1.39,,,,,per stuk,,False,,,,,A,True,AH,https://www.ah.nl/producten/product/wi596720,2026-08-12,AH Extra long delicious waldkorn whole wheat half,bakery
598366,0,AH Luxe hamburger broodjes 3-pack,AH,bakkerij,Bakkerij,Hamburgerbroodjes,5.67,5.97,5.0,5% volume voordeel,,,3 stuks,,True,AHOO,5% volume voordeel,2026-08-12,2999-12-31,,True,AH,https://www.ah.nl/producten/product/wi598366,2026-08-12,AH Luxury hamburger buns 3-pack,bakery
200583,568369,AH Extra lang lekker rozijnen krentenbollen,AH,bakkerij,Bakkerij,Krentenbollen en mueslibollen,2.49,2.49,,,,,10 stuks,,False,,,,,C,True,AH,https://www.ah.nl/producten/product/wi200583,2026-08-12,AH Extra long delicious raisin currant buns,bakery
611528,0,LU Mini crackers olijfolie & oregano 2-pack,LU,bakkerij,Bakkerij,Toast crackers,4.16,4.38,5.0,5% volume voordeel,,,2 stuks,,True,AHOO,5% volume voordeel,2026-08-12,2999-12-31,,True,AH,https://www.ah.nl/producten/product/wi611528,2026-08-12,LU Mini crackers olive oil & oregano 2-pack,bakery
572388,0,LU Mini crackers olijfolie & oregano 3-pack,LU,bakkerij,Bakkerij,Toast crackers,5.91,6.57,10.0,10% volume voordeel,,,3 stuks,,True,AHOO,10% volume voordeel,2026-08-12,2999-12-31,,True,AH,https://www.ah.nl/producten/product/wi572388,2026-08-12,LU Mini crackers olive oil & oregano 3-pack,bakery
585619,30135,Koopmans Pannenkoeken glutenvrij,Koopmans,glutenvrij,Glutenvrij,Glutenvrije pannenkoekenmix,2.09,2.09,,,,,300 g,prijs per kg €6.97,False,,,,,C,True,AH,https://www.ah.nl/producten/product/wi585619,2026-08-12,Koopmans Pannenkoeken glutenvrij,gluten-free
587624,32645,BFree High proteine wraps glutenvrij,BFree,glutenvrij,Glutenvrij,Glutenvrije wraps,5.49,5.49,,,,,168 g,prijs per kg €32.68,False,,,,,A,True,AH,https://www.ah.nl/producten/product/wi587624,2026-08-12,BFree High proteine wraps glutenvrij,gluten-free
416967,688330,AH Glutenvrij Brood donker meerzaden half,AH Glutenvrij,glutenvrij,Bakkerij,Glutenvrij brood,3.59,3.59,,,,,480 g,,False,,,,,A,True,AH,https://www.ah.nl/producten/product/wi416967,2026-08-12,AH Gluten-free Bread dark multi-seed half,gluten-free
617455,0,AH Glutenvrij Brood donker meerzaden half 2-pack,AH Glutenvrij,glutenvrij,Bakkerij,Glutenvrij brood,7.04,7.18,2.0,2% volume voordeel,,,2 stuks,,True,AHOO,2% volume voordeel,2026-08-12,2999-12-31,,True,AH,https://www.ah.nl/producten/product/wi617455,2026-08-12,AH Glutenvrij Brood donker meerzaden half 2-pack,gluten-free
617456,0,AH Glutenvrij Brood donker meerzaden half 4-pack,AH Glutenvrij,glutenvrij,Bakkerij,Glutenvrij brood,14.07,14.36,2.0,2% volume voordeel,,,4 stuks,,True,AHOO,2% volume voordeel,2026-08-12,2999-12-31,,True,AH,https://www.ah.nl/producten/product/wi617456,2026-08-12,AH Gluten Free Bread dark multi-seed half 4-pack,gluten-free
396114,847392,BFree Meergranen wraps glutenvrij,BFree,glutenvrij,Glutenvrij,Glutenvrije wraps,5.49,5.49,,,,,252 g,prijs per kg €21.79,False,,,,,B,True,AH,https://www.ah.nl/producten/product/wi396114,2026-08-12,BFree Multigrain wraps gluten-free,gluten-free
568283,0,AH Glutenvrij Brood donker meerzaden half 3-pack,AH Glutenvrij,glutenvrij,Bakkerij,Glutenvrij brood,10.55,10.77,2.0,2% volume voordeel,,,3 stuks,,True,AHOO,2% volume voordeel,2026-08-12,2999-12-31,,True,AH,https://www.ah.nl/producten/product/wi568283,2026-08-12,AH Gluten Free Bread dark multi-seed half 3-pack,gluten-free
416957,688280,AH Glutenvrij Brood licht meerzaden half,AH Glutenvrij,glutenvrij,Bakkerij,Glutenvrij brood,3.59,3.59,,,,,480 g,,False,,,,,A,True,AH,https://www.ah.nl/producten/product/wi416957,2026-08-12,AH Glutenvrij Brood licht meerzaden half,gluten-free
617457,0,AH Glutenvrij Brood licht meerzaden half 2-pack,AH Glutenvrij,glutenvrij,Bakkerij,Glutenvrij brood,7.04,7.18,2.0,2% volume voordeel,,,2 stuks,,True,AHOO,2% volume voordeel,2026-08-12,2999-12-31,,True,AH,https://www.ah.nl/producten/product/wi617457,2026-08-12,AH Gluten Free Bread light multi-seed half 2-pack,gluten-free
617459,0,AH Glutenvrij Brood licht meerzaden half 4-pack,AH Glutenvrij,glutenvrij,Bakkerij,Glutenvrij brood,14.07,14.36,2.0,2% volume voordeel,,,4 stuks,,True,AHOO,2% volume voordeel,2026-08-12,2999-12-31,,True,AH,https://www.ah.nl/producten/product/wi617459,2026-08-12,AH Gluten Free Bread light multi-seed half 4-pack,gluten-free
617458,0,AH Glutenvrij Brood licht meerzaden half 3-pack,AH Glutenvrij,glutenvrij,Bakkerij,Glutenvrij brood,10.55,10.77,2.0,2% volume voordeel,,,3 stuks,,True,AHOO,2% volume voordeel,2026-08-12,2999-12-31,,True,AH,https://www.ah.nl/producten/product/wi617458,2026-08-12,AH Gluten Free Bread light multi-seed half 3-pack,gluten-free
419899,691529,Wasa Glutenvrij en lactosevrij classic,Wasa,glutenvrij,Bakkerij,"Glutenvrije crackers, knackebrod",3.99,3.99,,,,,240 g,prijs per kg €16.63,False,,,,,C,True,AH,https://www.ah.nl/producten/product/wi419899,2026-08-12,Wasa Gluten-free and lactose-free classic,gluten-free
497604,802569,AH Glutenvrij Witte bollen,AH Glutenvrij,glutenvrij,Bakkerij,Glutenvrij brood,1.79,1.79,,,,,2 stuks,,False,,,,,C,True,AH,https://www.ah.nl/producten/product/wi497604,2026-08-12,AH Glutenvrij Witte bollen,gluten-free
228420,820389,Schär Meesterbakker classic glutenvrij,Schär,glutenvrij,Bakkerij,Glutenvrij brood,3.29,3.29,,,,,300 g,prijs per kg €10.97,False,,,,,A,True,AH,https://www.ah.nl/producten/product/wi228420,2026-08-12,Schär Master Baker classic gluten-free,gluten-free
388651,848195,Eat Natural Protein packed repen pinda's & chocolade,Eat Natural,glutenvrij,Glutenvrij,Glutenvrije repen,3.39,3.39,,,,,3 x 40g,prijs per kg €28.25,False,,,,,D,True,AH,https://www.ah.nl/producten/product/wi388651,2026-08-12,Eat Natural Protein packed bars peanuts & chocolate,gluten-free
401986,850534,Dr. Oetker Ristorante pizza salami glutenvrij,Dr. Oetker,glutenvrij,Glutenvrij,Glutenvrije pizza,4.99,4.99,,,,,315 g,prijs per kg €15.84,False,,,,,D,True,AH,https://www.ah.nl/producten/product/wi401986,2026-08-12,Dr. Oetker Ristorante pizza salami gluten-free,gluten-free
401987,850536,Dr. Oetker Ristorante pizza mozzarella glutenvrij,Dr. Oetker,glutenvrij,Glutenvrij,Glutenvrije pizza,4.99,4.99,,,,,370 g,prijs per kg €13.49,False,,,,,C,True,AH,https://www.ah.nl/producten/product/wi401987,2026-08-12,Dr. Oetker Ristorante pizza mozzarella gluten-free,gluten-free
407789,853052,AH Glutenvrij Volkoren havermout,AH Glutenvrij,glutenvrij,Glutenvrij,Glutenvrije havermout en pap,2.89,2.89,,,,,450 g,prijs per kg €6.42,False,,,,,A,True,AH,https://www.ah.nl/producten/product/wi407789,2026-08-12,AH Gluten-free Whole grain oatmeal,gluten-free
587882,33166,AH Glutenvrij Mini crackers,AH Glutenvrij,glutenvrij,Bakkerij,"Glutenvrije crackers, knackebrod",1.99,1.99,,,,,200 g,prijs per kg €9.95,False,,,,,D,True,AH,https://www.ah.nl/producten/product/wi587882,2026-08-12,AH Gluten Free Mini crackers,gluten-free
621356,0,AH Glutenvrij Mini crackers 3-pack,AH Glutenvrij,glutenvrij,Bakkerij,"Glutenvrije crackers, knackebrod",,,,,,,3 stuks,,False,,,,,,True,AH,https://www.ah.nl/producten/product/wi621356,2026-08-12,AH Gluten-free Mini crackers 3-pack,gluten-free
621357,0,AH Glutenvrij Mini crackers 4-pack,AH Glutenvrij,glutenvrij,Bakkerij,"Glutenvrije crackers, knackebrod",,,,,,,4 stuks,,False,,,,,,True,AH,https://www.ah.nl/producten/product/wi621357,2026-08-12,AH Gluten-free Mini crackers 4-pack,gluten-free
621358,0,AH Glutenvrij Mini crackers 6-pack,AH Glutenvrij,glutenvrij,Bakkerij,"Glutenvrije crackers, knackebrod",,,,,,,6 stuks,,False,,,,,,True,AH,https://www.ah.nl/producten/product/wi621358,2026-08-12,AH Gluten Free Mini crackers 6-pack,gluten-free
579000,0,AH Glutenvrij Volkoren havermout 2-pack,AH Glutenvrij,glutenvrij,Glutenvrij,Glutenvrije havermout en pap,5.61,5.78,3.0,3% volume voordeel,,,2 stuks,,True,AHOO,3% volume voordeel,2026-08-12,2999-12-31,,True,AH,https://www.ah.nl/producten/product/wi579000,2026-08-12,AH Gluten-free Wholegrain oatmeal 2-pack,gluten-free
587626,32677,AH Glutenvrij Crackers zaden,AH Glutenvrij,glutenvrij,Bakkerij,"Glutenvrije crackers, knackebrod",2.99,2.99,,,,,175 g,prijs per kg €17.09,False,,,,,A,True,AH,https://www.ah.nl/producten/product/wi587626,2026-08-12,AH Gluten-free Crackers seeds,gluten-free
456008,69188,Wasa Sesame & sea salt glutenvrij,Wasa,glutenvrij,Bakkerij,"Glutenvrije crackers, knackebrod",4.49,4.49,,,,,240 g,prijs per kg €18.71,False,,,,,C,True,AH,https://www.ah.nl/producten/product/wi456008,2026-08-12,Wasa Sesame & sea salt gluten free,gluten-free
494410,748783,AH Glutenvrij Mueslireep chocolade,AH Glutenvrij,glutenvrij,Glutenvrij,Glutenvrije repen,2.39,2.39,,,,,125 g,prijs per kg €19.12,False,,,,,E,True,AH,https://www.ah.nl/producten/product/wi494410,2026-08-12,AH Gluten-free Muesli bar chocolate,gluten-free
494240,748785,AH Glutenvrij Vezelrijk knäckebröd,AH Glutenvrij,glutenvrij,Bakkerij,"Glutenvrije crackers, knackebrod",2.99,2.99,,,,,230 g,prijs per kg €13.00,False,,,,,D,True,AH,https://www.ah.nl/producten/product/wi494240,2026-08-12,AH Gluten-free Fiber-rich crispbread,gluten-free
228422,820392,Schär Meesterbakker mehrkorn glutenvrij,Schär,glutenvrij,Bakkerij,Glutenvrij brood,3.29,3.29,,,,,300 g,prijs per kg €10.97,False,,,,,B,True,AH,https://www.ah.nl/producten/product/wi228422,2026-08-12,Schär Master Baker mehrkorn gluten-free,gluten-free
589582,36302,AH Glutenvrij Wit brood half,AH Glutenvrij,glutenvrij,Bakkerij,Glutenvrij brood,3.59,3.59,,,,,per stuk,,False,,,,,A,True,AH,https://www.ah.nl/producten/product/wi589582,2026-08-12,AH Glutenvrij Wit brood half,gluten-free
621402,0,AH Glutenvrij Wit brood half 2-pack,AH Glutenvrij,glutenvrij,Bakkerij,Glutenvrij brood,,,2.0,2% volume voordeel,,,2 stuks,,True,AH,2% volume voordeel,,,,True,AH,https://www.ah.nl/producten/product/wi621402,2026-08-12,AH Gluten-free White bread half 2-pack,gluten-free
621403,0,AH Glutenvrij Wit brood half 3-pack,AH Glutenvrij,glutenvrij,Bakkerij,Glutenvrij brood,,,2.0,2% volume voordeel,,,3 stuks,,True,AH,2% volume voordeel,,,,True,AH,https://www.ah.nl/producten/product/wi621403,2026-08-12,AH Glutenvrij Wit brood half 3-pack,gluten-free
621404,0,AH Glutenvrij Wit brood half 4-pack,AH Glutenvrij,glutenvrij,Bakkerij,Glutenvrij brood,,,2.0,2% volume voordeel,,,4 stuks,,True,AH,2% volume voordeel,,,,True,AH,https://www.ah.nl/producten/product/wi621404,2026-08-12,AH Gluten Free White bread half 4-pack,gluten-free
587888,33169,AH Glutenvrij Wraps,AH Glutenvrij,glutenvrij,Glutenvrij,Glutenvrije wraps,3.29,3.29,,,,,180 g,prijs per kg €18.28,False,,,,,C,True,AH,https://www.ah.nl/producten/product/wi587888,2026-08-12,AH Gluten Free Wraps,gluten-free
619045,0,AH Glutenvrij Mueslireep chocolade 2-pack,AH Glutenvrij,glutenvrij,Glutenvrij,Glutenvrije repen,4.64,4.78,3.0,3% volume voordeel,,,2 stuks,,True,AHOO,3% volume voordeel,2026-08-12,2999-12-31,,True,AH,https://www.ah.nl/producten/product/wi619045,2026-08-12,AH Gluten-free Muesli bar chocolate 2-pack,gluten-free
550449,606924,AH Glutenvrij Italiaanse bol,AH Glutenvrij,glutenvrij,Bakkerij,"Glutenvrije bolletjes, broodjes, croissants",2.99,2.99,,,,,2 stuks,,False,,,,,C,True,AH,https://www.ah.nl/producten/product/wi550449,2026-08-12,AH Gluten-free Italian bun,gluten-free
188968,525221,Eat Natural Fruit & nut bars amandel & abrikoos,Eat Natural,glutenvrij,Glutenvrij,Glutenvrije repen,3.39,3.39,,,,,3 x 40g,prijs per kg €28.25,False,,,,,E,True,AH,https://www.ah.nl/producten/product/wi188968,2026-08-12,Eat Natural Fruit & nut bars almond & apricot,gluten-free
619047,0,AH Glutenvrij Mueslireep chocolade 4-pack,AH Glutenvrij,glutenvrij,Glutenvrij,Glutenvrije repen,8.8,9.56,8.0,8% volume voordeel,,,4 stuks,,True,AHOO,8% volume voordeel,2026-08-12,2999-12-31,,True,AH,https://www.ah.nl/producten/product/wi619047,2026-08-12,AH Glutenvrij Mueslireep chocolade 4-pack,gluten-free
619046,0,AH Glutenvrij Mueslireep chocolade 3-pack,AH Glutenvrij,glutenvrij,Glutenvrij,Glutenvrije repen,6.81,7.17,5.0,5% volume voordeel,,,3 stuks,,True,AHOO,5% volume voordeel,2026-08-12,2999-12-31,,True,AH,https://www.ah.nl/producten/product/wi619046,2026-08-12,AH Gluten-free Muesli bar chocolate 3-pack,gluten-free
228421,820391,Schär Meesterbakker vital glutenvrij,Schär,glutenvrij,Bakkerij,Glutenvrij brood,3.39,3.39,,,,,350 g,prijs per kg €9.69,False,,,,,B,True,AH,https://www.ah.nl/producten/product/wi228421,2026-08-12,Schär Master Baker vital gluten-free,gluten-free
126880,576962,Dr. Oetker Pizzabodem origineel,Dr. Oetker,pasta-rijst-wereldkeuken,"Maaltijden, salades",Pizzabodem mix,0.99,0.99,,,,,450 g,prijs per kg €2.20,False,,,,,C,True,AH,https://www.ah.nl/producten/product/wi126880,2026-08-12,Dr. Oetker Pizzabodem origineel,pasta-rice-world cuisine
582864,25443,AH Tortilla volkoren wraps medium,AH,pasta-rijst-wereldkeuken,"Pasta, rijst, wereldkeuken","Taco, tortilla, wrap, burrito",0.95,0.95,,,,,320 g,prijs per kg €2.97,False,,,,,A,True,AH,https://www.ah.nl/producten/product/wi582864,2026-08-12,AH Tortilla whole wheat wraps medium,pasta-rice-world cuisine
217297,807589,AH Groene pesto,AH,pasta-rijst-wereldkeuken,"Borrel, chips, snacks",Pesto (vers),2.99,2.99,,,,,90 g,prijs per kg €33.22,False,,,,,D,True,AH,https://www.ah.nl/producten/product/wi217297,2026-08-12,AH Green pesto,pasta-rice-world cuisine
140637,611758,AH Tortilla naturel wraps large 6 stuks,AH,pasta-rijst-wereldkeuken,"Pasta, rijst, wereldkeuken","Taco, tortilla, wrap, burrito",0.95,0.95,,,,,370 g,prijs per kg €2.57,False,,,,,C,True,AH,https://www.ah.nl/producten/product/wi140637,2026-08-12,AH Tortilla naturel wraps large 6 stuks,pasta-rice-world cuisine
170655,760028,AH Groene pesto,AH,pasta-rijst-wereldkeuken,"Borrel, chips, snacks",Pesto in pot,1.15,1.15,,,,,190 g,prijs per kg €6.05,False,,,,,D,True,AH,https://www.ah.nl/producten/product/wi170655,2026-08-12,AH Green pesto,pasta-rice-world cuisine
197585,624781,AH Basmatirijst,AH,pasta-rijst-wereldkeuken,"Pasta, rijst, wereldkeuken",Basmatirijst,1.85,1.85,,,,,1 kg,prijs per kg €1.85,False,,,,,B,True,AH,https://www.ah.nl/producten/product/wi197585,2026-08-12,AH Basmati rice,pasta-rice-world cuisine
490540,744648,AH Kroepoek naturel,AH,pasta-rijst-wereldkeuken,"Pasta, rijst, wereldkeuken",Kroepoek,1.09,1.09,,,,,100 g,prijs per kg €10.90,False,,,,,D,True,AH,https://www.ah.nl/producten/product/wi490540,2026-08-12,AH Kroepoek natural,pasta-rice-world cuisine
221858,815437,AH Pita broodjes,AH,pasta-rijst-wereldkeuken,Bakkerij,"Pitabroodjes, flatbread, bao buns",0.77,0.77,,,,,10 stuks,,False,,,,,C,True,AH,https://www.ah.nl/producten/product/wi221858,2026-08-12,AH Pita sandwiches,pasta-rice-world cuisine
468009,719493,AH Fusilli volkoren,AH,pasta-rijst-wereldkeuken,"Pasta, rijst, wereldkeuken","Fusilli, casarecce",1.25,1.25,,,,,500 g,prijs per kg €2.50,False,,,,,A,True,AH,https://www.ah.nl/producten/product/wi468009,2026-08-12,AH Fusilli whole wheat,pasta-rice-world cuisine
221857,815380,AH Witte pita's,AH,pasta-rijst-wereldkeuken,Bakkerij,"Pitabroodjes, flatbread, bao buns",0.89,0.89,,,,,5 stuks,,False,,,,,C,True,AH,https://www.ah.nl/producten/product/wi221857,2026-08-12,AH White pitas,pasta-rice-world cuisine
58169,518618,AH Volkoren spaghetti,AH,pasta-rijst-wereldkeuken,"Pasta, rijst, wereldkeuken",Spaghetti,0.85,0.85,,,,,500 g,prijs per kg €1.70,False,,,,,A,True,AH,https://www.ah.nl/producten/product/wi58169,2026-08-12,AH Whole wheat spaghetti,pasta-rice-world cuisine
459008,653888,AH Volkoren pita's,AH,pasta-rijst-wereldkeuken,Bakkerij,"Pitabroodjes, flatbread, bao buns",0.89,0.89,,,,,5 stuks,,False,,,,,A,True,AH,https://www.ah.nl/producten/product/wi459008,2026-08-12,AH Whole wheat pitas,pasta-rice-world cuisine
167781,644613,Conimex Kroepoek naturel,Conimex,pasta-rijst-wereldkeuken,"Pasta, rijst, wereldkeuken",Kroepoek,1.69,1.69,,,,,73 g,prijs per kg €23.15,False,,,,,E,True,AH,https://www.ah.nl/producten/product/wi167781,2026-08-12,Conimex prawn crackers natural,pasta-rice-world cuisine
210482,799784,AH Gnocchi,AH,pasta-rijst-wereldkeuken,"Pasta, rijst, wereldkeuken",Gnocchi,1.49,1.49,,,,,500 g,prijs per kg €2.98,False,,,,,C,True,AH,https://www.ah.nl/producten/product/wi210482,2026-08-12,AH Gnocchi,pasta-rice-world cuisine
162513,600126,AH Zilvervliesrijst,AH,pasta-rijst-wereldkeuken,"Pasta, rijst, wereldkeuken",Zilvervliesrijst,1.42,1.42,,,,,1 kg,prijs per kg €1.42,False,,,,,A,True,AH,https://www.ah.nl/producten/product/wi162513,2026-08-12,AH Brown rice,pasta-rice-world cuisine
598377,0,AH Pestosaus groen 2-pack,AH,pasta-rijst-wereldkeuken,"Borrel, chips, snacks",Pesto (vers),4.78,4.98,4.0,4% volume voordeel,,,2 stuks,,True,AHOO,4% volume voordeel,2026-08-12,2999-12-31,,True,AH,https://www.ah.nl/producten/product/wi598377,2026-08-12,AH Pesto sauce green 2-pack,pasta-rice-world cuisine
3472,9008,Honig Basis voor macaroni en spaghetti,Honig,pasta-rijst-wereldkeuken,"Pasta, rijst, wereldkeuken","Italiaanse maaltijdpakketten, mixen",1.4975,1.99,24.7,4 voor 5.99,5.99,4.0,41 g,normale prijs per kg €48.54,True,AH,4 voor 5.99,2026-08-10,2026-08-16,E,True,AH,https://www.ah.nl/producten/product/wi3472,2026-08-12,Honig Basis for macaroni and spaghetti,pasta-rice-world cuisine
2090,9350,Grand' Italia Spaghetti tradizionali,Grand' Italia,pasta-rijst-wereldkeuken,"Pasta, rijst, wereldkeuken",Spaghetti,1.49,1.49,,,,,500 g,prijs per kg €2.98,False,,,,,A,True,AH,https://www.ah.nl/producten/product/wi2090,2026-08-12,Grand' Italia Spaghetti tradizionali,pasta-rice-world cuisine
612334,0,Honig Basis voor macaroni en spaghetti 3-pack,Honig,pasta-rijst-wereldkeuken,"Pasta, rijst, wereldkeuken","Italiaanse maaltijdpakketten, mixen",5.37,5.97,10.0,10% volume voordeel,,,3 stuks,,True,AH,10% volume voordeel,,,,True,AH,https://www.ah.nl/producten/product/wi612334,2026-08-12,Honig Basic for macaroni and spaghetti 3-pack,pasta-rice-world cuisine
130071,589846,AH Satésaus kant & klaar.,AH,pasta-rijst-wereldkeuken,"Soepen, sauzen, kruiden, olie",Satésaus,1.39,1.39,,,,,500 g,prijs per kg €2.78,False,,,,,D,True,AH,https://www.ah.nl/producten/product/wi130071,2026-08-12,AH Satay sauce ready-made.,pasta-rice-world cuisine
612335,0,Honig Basis voor macaroni en spaghetti 6-pack,Honig,pasta-rijst-wereldkeuken,"Pasta, rijst, wereldkeuken","Italiaanse maaltijdpakketten, mixen",9.97,11.94,16.5,pakketkorting,,,6 stuks,,True,AHOO,,2026-08-12,2026-08-16,,True,AH,https://www.ah.nl/producten/product/wi612335,2026-08-12,Honig Basis voor macaroni en spaghetti 6-pack,pasta-rice-world cuisine
159760,566022,AH Spaghetti,AH,pasta-rijst-wereldkeuken,"Pasta, rijst, wereldkeuken",Spaghetti,0.85,0.85,,,,,500 g,prijs per kg €1.70,False,,,,,A,True,AH,https://www.ah.nl/producten/product/wi159760,2026-08-12,AH Spaghetti,pasta-rice-world cuisine
161652,628014,Lotus Biscoff Speculoos pasta creamy,Lotus Biscoff,ontbijtgranen-beleg,"Ontbijtgranen, beleg",Speculoospasta,3.29,3.29,,,,,400 g,prijs per kg €8.23,False,,,,,E,True,AH,https://www.ah.nl/producten/product/wi161652,2026-08-12,Lotus Biscoff Speculoos pasta creamy,breakfast cereal toppings
563725,769,Peijnenburg Ontbijtkoek naturel gesneden,Peijnenburg,ontbijtgranen-beleg,"Ontbijtgranen, beleg",Ontbijtkoek (gesneden),2.99,2.99,,,,,550 g,prijs per kg €5.44,False,,,,,D,True,AH,https://www.ah.nl/producten/product/wi563725,2026-08-12,Peijnenburg Naturally sliced ​​gingerbread,breakfast cereal toppings
382538,842149,AH Biologisch Maiswafels met zeezout,AH Biologisch,ontbijtgranen-beleg,"Ontbijtgranen, beleg",Maiswafels,0.99,0.99,,,,,130 g,prijs per kg €7.62,False,,,,,B,True,AH,https://www.ah.nl/producten/product/wi382538,2026-08-12,AH Organic Corn Waffles with sea salt,breakfast cereal toppings
365760,832767,Lotus Biscoff Speculoos pasta crunchy,Lotus Biscoff,ontbijtgranen-beleg,"Ontbijtgranen, beleg",Speculoospasta,3.89,3.89,,,,,400 g,prijs per kg €9.73,False,,,,,E,True,AH,https://www.ah.nl/producten/product/wi365760,2026-08-12,Lotus Biscoff Speculoos pasta crunchy,breakfast cereal toppings
3579,5359,Calvé Pindakaas pot,Calvé,ontbijtgranen-beleg,"Ontbijtgranen, beleg",Pindakaas,3.49,3.49,,,,,350 g,prijs per kg €9.97,False,,,,,B,True,AH,https://www.ah.nl/producten/product/wi3579,2026-08-12,Calvé peanut butter jar,breakfast cereal toppings
608618,0,Calvé Pindakaas pot 2-pack,Calvé,ontbijtgranen-beleg,"Ontbijtgranen, beleg",Pindakaas,20.29,21.36,5.0,5% volume voordeel,,,2 stuks,,True,AHOO,5% volume voordeel,2026-08-12,2999-12-31,,True,AH,https://www.ah.nl/producten/product/wi608618,2026-08-12,Calvé Pindakaas pot 2-pack,breakfast cereal toppings
608620,0,Calvé Pindakaas pot 4-pack,Calvé,ontbijtgranen-beleg,"Ontbijtgranen, beleg",Pindakaas,36.31,42.72,15.0,15% volume voordeel,,,4 stuks,,True,AHOO,15% volume voordeel,2026-08-12,2999-12-31,,True,AH,https://www.ah.nl/producten/product/wi608620,2026-08-12,Calvé Peanut butter jar 4-pack,breakfast cereal toppings
608619,0,Calvé Pindakaas pot 3-pack,Calvé,ontbijtgranen-beleg,"Ontbijtgranen, beleg",Pindakaas,28.84,32.04,10.0,10% volume voordeel,,,3 stuks,,True,AHOO,10% volume voordeel,2026-08-12,2999-12-31,,True,AH,https://www.ah.nl/producten/product/wi608619,2026-08-12,Calvé Peanut butter jar 3-pack,breakfast cereal toppings
518107,69687,AH Biologisch Dunne maïswafels met zeezout,AH Biologisch,ontbijtgranen-beleg,"Ontbijtgranen, beleg",Maiswafels,1.49,1.49,,,,,100 g,prijs per kg €14.90,False,,,,,B,True,AH,https://www.ah.nl/producten/product/wi518107,2026-08-12,AH Biologisch Dunne maïswafels met zeezout,breakfast cereal toppings
569985,9587,AH Volkoren havermout fijne vlokken,AH,ontbijtgranen-beleg,"Ontbijtgranen, beleg",Havermout,1.45,1.45,,,,,1 kg,prijs per kg €1.45,False,,,,,A,True,AH,https://www.ah.nl/producten/product/wi569985,2026-08-12,AH Whole grain oatmeal fine flakes,breakfast cereal toppings
168655,751957,Zonnatura Maïswafels,Zonnatura,ontbijtgranen-beleg,"Ontbijtgranen, beleg",Maiswafels,1.19,1.19,,,,,100 g,prijs per kg €11.90,False,,,,,B,True,AH,https://www.ah.nl/producten/product/wi168655,2026-08-12,Zonnatura Corn Waffles,breakfast cereal toppings
619411,0,AH Biologisch Dunne maïswafels met zeezout 4-pack,AH Biologisch,ontbijtgranen-beleg,"Ontbijtgranen, beleg",Maiswafels,5.72,5.96,4.0,4% volume voordeel,,,4 stuks,,True,AHOO,4% volume voordeel,2026-08-12,2999-12-31,,True,AH,https://www.ah.nl/producten/product/wi619411,2026-08-12,AH Organic Thin corn waffles with sea salt 4-pack,breakfast cereal toppings
619409,0,AH Biologisch Dunne maïswafels met zeezout 2-pack,AH Biologisch,ontbijtgranen-beleg,"Ontbijtgranen, beleg",Maiswafels,2.92,2.98,2.0,2% volume voordeel,,,2 stuks,,True,AHOO,2% volume voordeel,2026-08-12,2999-12-31,,True,AH,https://www.ah.nl/producten/product/wi619409,2026-08-12,AH Biologisch Dunne maïswafels met zeezout 2-pack,breakfast cereal toppings
619410,0,AH Biologisch Dunne maïswafels met zeezout 3-pack,AH Biologisch,ontbijtgranen-beleg,"Ontbijtgranen, beleg",Maiswafels,4.34,4.47,3.0,3% volume voordeel,,,3 stuks,,True,AHOO,3% volume voordeel,2026-08-12,2999-12-31,,True,AH,https://www.ah.nl/producten/product/wi619410,2026-08-12,AH Organic Thin corn waffles with sea salt 3-pack,breakfast cereal toppings
455672,68734,AH Knäckebröd volkoren,AH,ontbijtgranen-beleg,Bakkerij,Knackebrod,1.29,1.29,,,,,375 g,prijs per kg €3.44,False,,,,,A,True,AH,https://www.ah.nl/producten/product/wi455672,2026-08-12,AH Knäckebröd volkoren,breakfast cereal toppings
594562,43314,AH Halvarine 100% plantaardig,AH,ontbijtgranen-beleg,"Zuivel, eieren",Plantaardige boter,0.58,0.58,,,,,500 g,prijs per kg €1.16,False,,,,,C,True,AH,https://www.ah.nl/producten/product/wi594562,2026-08-12,AH Halvarine 100% vegetable,breakfast cereal toppings
564838,2503,AH Terra Plantaardig 100% pindakaas naturel,AH Terra,ontbijtgranen-beleg,"Ontbijtgranen, beleg",Pindakaas,3.19,3.19,,,,,600 g,prijs per kg €5.32,False,,,,,A,True,AH,https://www.ah.nl/producten/product/wi564838,2026-08-12,AH Terra Vegetable 100% peanut butter natural,breakfast cereal toppings
564827,2502,AH Terra Plantaardig 100% pindakaas naturel,AH Terra,ontbijtgranen-beleg,"Ontbijtgranen, beleg",Pindakaas,2.49,2.49,,,,,350 g,prijs per kg €7.11,False,,,,,A,True,AH,https://www.ah.nl/producten/product/wi564827,2026-08-12,AH Terra Vegetable 100% peanut butter natural,breakfast cereal toppings
32847,44674,Calvé Pindakaas stukjes pinda,Calvé,ontbijtgranen-beleg,"Ontbijtgranen, beleg",Pindakaas,3.49,3.49,,,,,350 g,prijs per kg €9.97,False,,,,,B,True,AH,https://www.ah.nl/producten/product/wi32847,2026-08-12,Calvé Peanut butter peanut pieces,breakfast cereal toppings
49816,503972,Blue Band Goede start met calcium,Blue Band,ontbijtgranen-beleg,"Zuivel, eieren",Halvarine,1.99,1.99,,,,,500 g,prijs per kg €3.98,False,,,,,C,True,AH,https://www.ah.nl/producten/product/wi49816,2026-08-12,Blue Band Good start with calcium,breakfast cereal toppings
608621,0,Calvé Pindakaas stukjes pinda 3-pack,Calvé,ontbijtgranen-beleg,"Ontbijtgranen, beleg",Pindakaas,9.42,10.47,10.0,10% volume voordeel,,,3 stuks,,True,AHOO,10% volume voordeel,2026-08-12,2999-12-31,,True,AH,https://www.ah.nl/producten/product/wi608621,2026-08-12,Calvé Peanut butter peanut pieces 3-pack,breakfast cereal toppings
620342,0,AH Terra Plantaardig 100% pindakaas naturel 2-pck,AH Terra,ontbijtgranen-beleg,"Ontbijtgranen, beleg",Pindakaas,4.83,4.98,3.0,3% volume voordeel,,,2 stuks,,True,AHOO,3% volume voordeel,2026-08-12,2999-12-31,,True,AH,https://www.ah.nl/producten/product/wi620342,2026-08-12,AH Terra Vegetable 100% peanut butter natural 2-pck,breakfast cereal toppings
620344,0,AH Terra Plantaardig 100% pindakaas naturel 4-pck,AH Terra,ontbijtgranen-beleg,"Ontbijtgranen, beleg",Pindakaas,8.96,9.96,10.0,10% volume voordeel,,,4 stuks,,True,AHOO,10% volume voordeel,2026-08-12,2999-12-31,,True,AH,https://www.ah.nl/producten/product/wi620344,2026-08-12,AH Terra Vegetable 100% peanut butter natural 4-pck,breakfast cereal toppings
62912,527938,LU Mini crackers naturel,LU,ontbijtgranen-beleg,Bakkerij,Toast crackers,2.29,2.29,,,,,250 g,prijs per kg €9.16,False,,,,,D,True,AH,https://www.ah.nl/producten/product/wi62912,2026-08-12,LU Mini crackers natural,breakfast cereal toppings
625801,0,Blue Band Goede start met calcium 2-pack,Blue Band,ontbijtgranen-beleg,"Zuivel, eieren",Halvarine,3.78,3.98,5.0,5% volume voordeel,,,2 stuks,,True,AHOO,5% volume voordeel,2026-08-12,2999-12-31,,True,AH,https://www.ah.nl/producten/product/wi625801,2026-08-12,Blue Band Good start with calcium 2-pack,breakfast cereal toppings
479788,733248,AH Honing,AH,ontbijtgranen-beleg,"Ontbijtgranen, beleg",Honing,1.65,1.65,,,,,350 g,prijs per kg €4.71,False,,,,,E,True,AH,https://www.ah.nl/producten/product/wi479788,2026-08-12,AH Honey,breakfast cereal toppings
608622,0,Calvé Pindakaas stukjes pinda 4-pack,Calvé,ontbijtgranen-beleg,"Ontbijtgranen, beleg",Pindakaas,11.87,13.96,15.0,15% volume voordeel,,,4 stuks,,True,AHOO,15% volume voordeel,2026-08-12,2999-12-31,,True,AH,https://www.ah.nl/producten/product/wi608622,2026-08-12,Calvé Peanut Butter Peanut Pieces 4-pack,breakfast cereal toppings
620343,0,AH Terra Plantaardig 100% pindakaas naturl 3-pack,AH Terra,ontbijtgranen-beleg,"Ontbijtgranen, beleg",Pindakaas,7.1,7.47,5.0,5% volume voordeel,,,3 stuks,,True,AHOO,5% volume voordeel,2026-08-12,2999-12-31,,True,AH,https://www.ah.nl/producten/product/wi620343,2026-08-12,AH Terra Vegetable 100% peanut butter naturl 3-pack,breakfast cereal toppings
477439,730841,AH Dunne maiswafels kaas 4-pack,AH,ontbijtgranen-beleg,"Ontbijtgranen, beleg",Maiswafels,1.35,1.35,,,,,104 g,prijs per kg €12.98,False,,,,,C,True,AH,https://www.ah.nl/producten/product/wi477439,2026-08-12,AH Thin corn waffles cheese 4-pack,breakfast cereal toppings
625824,0,Blue Band Goede start met calcium 4-pack,Blue Band,ontbijtgranen-beleg,"Zuivel, eieren",Halvarine,7.16,7.96,10.0,10% volume voordeel,,,4 stuks,,True,AHOO,10% volume voordeel,2026-08-12,2999-12-31,,True,AH,https://www.ah.nl/producten/product/wi625824,2026-08-12,Blue Band Good start with calcium 4-pack,breakfast cereal toppings
604302,57935,AH Dunne linzenwafels paprika smaak 4-pack,AH,ontbijtgranen-beleg,"Ontbijtgranen, beleg","Linzenwafels, kikkererwtwafels",2.19,2.19,,,,,4 stuks,,False,,,,,A,True,AH,https://www.ah.nl/producten/product/wi604302,2026-08-12,AH Thin lentil waffles paprika flavor 4-pack,breakfast cereal toppings
166806,642658,AH Dikke rijstwafels meergranen,AH,ontbijtgranen-beleg,"Ontbijtgranen, beleg",Rijstwafels,1.19,1.19,,,,,120 g,prijs per kg €9.92,False,,,,,B,True,AH,https://www.ah.nl/producten/product/wi166806,2026-08-12,AH Thick multigrain rice cakes,breakfast cereal toppings
1608,32488,AH Hagelslag puur,AH,ontbijtgranen-beleg,"Ontbijtgranen, beleg",Hagelslag,2.69,2.69,,,,,400 g,prijs per kg €6.73,False,,,,,E,True,AH,https://www.ah.nl/producten/product/wi1608,2026-08-12,AH Hagelslag pure,breakfast cereal toppings
442765,22731,Bolletje Volkoren beschuit,Bolletje,ontbijtgranen-beleg,Bakkerij,Beschuit,1.09,1.09,,,,,13 stuks,,False,,,,,A,True,AH,https://www.ah.nl/producten/product/wi442765,2026-08-12,Bolletje Whole wheat rusk,breakfast cereal toppings
217848,812700,AH Ontbijtkoek naturel gesneden,AH,ontbijtgranen-beleg,"Ontbijtgranen, beleg",Ontbijtkoek (gesneden),1.45,1.45,,,,,485 g,prijs per kg €2.99,False,,,,,D,True,AH,https://www.ah.nl/producten/product/wi217848,2026-08-12,AH Natural sliced ​​gingerbread,breakfast cereal toppings
622456,0,AH Dunne linzenwafel paprika smaak 4x 2pack,AH,ontbijtgranen-beleg,"Ontbijtgranen, beleg","Linzenwafels, kikkererwtwafels",4.29,4.38,2.0,2% volume voordeel,,,2 stuks,,True,AHOO,2% volume voordeel,2026-08-12,2999-12-31,,True,AH,https://www.ah.nl/producten/product/wi622456,2026-08-12,AH Thin lentil waffle paprika flavor 4x 2pack,breakfast cereal toppings
32655,509080,AH Mini crackers naturel,AH,ontbijtgranen-beleg,Bakkerij,Toast crackers,1.49,1.49,,,,,250 g,prijs per kg €5.96,False,,,,,D,True,AH,https://www.ah.nl/producten/product/wi32655,2026-08-12,AH Mini crackers natural,breakfast cereal toppings
622458,0,AH Dunne linzenwafels paprika smaak 4x 4pck,AH,ontbijtgranen-beleg,"Ontbijtgranen, beleg","Linzenwafels, kikkererwtwafels",8.41,8.76,4.0,4% volume voordeel,,,4 stuks,,True,AHOO,4% volume voordeel,2026-08-12,2999-12-31,,True,AH,https://www.ah.nl/producten/product/wi622458,2026-08-12,AH Thin lentil waffles paprika flavor 4x 4pck,breakfast cereal toppings
611526,0,LU Mini crackers naturel 2-pack,LU,ontbijtgranen-beleg,Bakkerij,Toast crackers,4.35,4.58,5.0,5% volume voordeel,,,2 stuks,,True,AHOO,5% volume voordeel,2026-08-12,2999-12-31,,True,AH,https://www.ah.nl/producten/product/wi611526,2026-08-12,LU Mini crackers natural 2-pack,breakfast cereal toppings
622457,0,AH Dunne linzenwafels paprika smaak 4x 3pck,AH,ontbijtgranen-beleg,"Ontbijtgranen, beleg","Linzenwafels, kikkererwtwafels",6.37,6.57,3.0,3% volume voordeel,,,3 stuks,,True,AHOO,3% volume voordeel,2026-08-12,2999-12-31,,True,AH,https://www.ah.nl/producten/product/wi622457,2026-08-12,AH Thin lentil waffles paprika flavor 4x 3pck,breakfast cereal toppings
3826,1855,Blue Band Halvarine palmolievrij voordeelpak,Blue Band,ontbijtgranen-beleg,"Zuivel, eieren",Halvarine,2.19,2.19,,,,,500 g,prijs per kg €4.38,False,,,,,C,True,AH,https://www.ah.nl/producten/product/wi3826,2026-08-12,Blue Band Halvarine palm oil-free value pack,breakfast cereal toppings
517892,70008,AH Dunne maïswafels melkchocolade 4-pack,AH,ontbijtgranen-beleg,"Ontbijtgranen, beleg",Maiswafels,2.19,2.19,,,,,136 g,prijs per kg €16.10,False,,,,,E,True,AH,https://www.ah.nl/producten/product/wi517892,2026-08-12,AH Thin corn waffles milk chocolate 4-pack,breakfast cereal toppings
625800,0,Blue Band Halvarine palmolievrij voordeelpak 2pack,Blue Band,ontbijtgranen-beleg,"Zuivel, eieren",Halvarine,4.16,4.38,5.0,5% volume voordeel,,,2 stuks,,True,AHOO,5% volume voordeel,2026-08-12,2999-12-31,,True,AH,https://www.ah.nl/producten/product/wi625800,2026-08-12,Blue Band Halvarine palm oil-free value pack 2pack,breakfast cereal toppings
217850,812702,AH Ontbijtkoek volkoren gesneden,AH,ontbijtgranen-beleg,"Ontbijtgranen, beleg",Ontbijtkoek (gesneden),1.39,1.39,,,,,485 g,prijs per kg €2.87,False,,,,,D,True,AH,https://www.ah.nl/producten/product/wi217850,2026-08-12,AH Whole wheat gingerbread sliced,breakfast cereal toppings
607356,63710,Becel Light voordeelpak,Becel,ontbijtgranen-beleg,"Zuivel, eieren",Margarine,3.75,3.75,,,,,550 g,prijs per kg €6.82,False,,,,,C,True,AH,https://www.ah.nl/producten/product/wi607356,2026-08-12,Becel Light value pack,breakfast cereal toppings
625819,0,Becel Light voordeelpak 3-pack,Becel,ontbijtgranen-beleg,"Zuivel, eieren",Margarine,9.56,11.25,15.0,15% volume voordeel,,,3 stuks,,True,AHOO,15% volume voordeel,2026-08-12,2999-12-31,,True,AH,https://www.ah.nl/producten/product/wi625819,2026-08-12,Becel Light value pack 3-pack,breakfast cereal toppings
625823,0,Blue Band Halvarine palmolievrij voordeelpak 4pack,Blue Band,ontbijtgranen-beleg,"Zuivel, eieren",Halvarine,7.88,8.76,10.0,10% volume voordeel,,,4 stuks,,True,AHOO,10% volume voordeel,2026-08-12,2999-12-31,,True,AH,https://www.ah.nl/producten/product/wi625823,2026-08-12,Blue Band Halvarine palm oil-free value pack 4pack,breakfast cereal toppings
1607,32485,AH Hagelslag melk,AH,ontbijtgranen-beleg,"Ontbijtgranen, beleg",Hagelslag,2.65,2.65,,,,,400 g,prijs per kg €6.63,False,,,,,E,True,AH,https://www.ah.nl/producten/product/wi1607,2026-08-12,AH Hagelslag milk,breakfast cereal toppings
479581,733222,AH Hagelslag mix,AH,ontbijtgranen-beleg,"Ontbijtgranen, beleg",Hagelslag,2.99,2.99,,,,,600 g,prijs per kg €4.98,False,,,,,E,True,AH,https://www.ah.nl/producten/product/wi479581,2026-08-12,AH Hagelslag mix,breakfast cereal toppings
382537,842148,AH Biologisch Maiswafels met zeezout langwerpig,AH Biologisch,ontbijtgranen-beleg,"Ontbijtgranen, beleg",Maiswafels,1.49,1.49,,,,,130 g,prijs per kg €11.46,False,,,,,C,True,AH,https://www.ah.nl/producten/product/wi382537,2026-08-12,"AH Organic Corn waffles with sea salt, elongated",breakfast cereal toppings
195879,600590,De Zaanse Hoeve Rijstdessert vanille,De Zaanse Hoeve,ontbijtgranen-beleg,"Zuivel, eieren",Pap,0.79,0.79,,,,,200 g,prijs per kg €3.95,False,,,,,C,True,AH,https://www.ah.nl/producten/product/wi195879,2026-08-12,The Zaanse Hoeve Vanilla Rice Dessert,breakfast cereal toppings
170914,761798,AH Ei salade,AH,ontbijtgranen-beleg,"Borrel, chips, snacks",Eiersalades (beleg),1.59,1.59,,,,,300 g,prijs per kg €5.30,False,,,,,C,True,AH,https://www.ah.nl/producten/product/wi170914,2026-08-12,AH Ei salade,breakfast cereal toppings
584737,0,LU Mini crackers naturel 3-pack,LU,ontbijtgranen-beleg,Bakkerij,Toast crackers,6.18,6.87,10.0,10% volume voordeel,,,3 stuks,,True,AHOO,10% volume voordeel,2026-08-12,2999-12-31,,True,AH,https://www.ah.nl/producten/product/wi584737,2026-08-12,LU Mini crackers naturel 3-pack,breakfast cereal toppings
193451,794126,Johma Kip-samba salade,Johma,ontbijtgranen-beleg,"Borrel, chips, snacks",Kipsalades (beleg),1.9967,3.19,37.4,3 stuks 5.99,5.99,3.0,175 g,normale prijs per kg €18.23,True,AH,3 stapelen voor 5.99,2026-08-10,2026-08-16,D,True,AH,https://www.ah.nl/producten/product/wi193451,2026-08-12,Johma Chicken samba salad,breakfast cereal toppings
136785,607322,AH Luchtige crackers naturel,AH,ontbijtgranen-beleg,Bakkerij,Crackers,1.35,1.35,,,,,250 g,prijs per kg €5.40,False,,,,,A,True,AH,https://www.ah.nl/producten/product/wi136785,2026-08-12,"AH Light, natural crackers",breakfast cereal toppings
605034,59610,AH Excellent Forel salade,AH Excellent,ontbijtgranen-beleg,Vis,Vissalades (beleg),3.39,3.39,,,,,125 g,prijs per kg €27.12,False,,,,,D,True,AH,https://www.ah.nl/producten/product/wi605034,2026-08-12,AH Excellent Trout salad,breakfast cereal toppings
622347,0,AH Excellent Forel salade 2-pack,AH Excellent,ontbijtgranen-beleg,Vis,Vissalades (beleg),6.58,6.78,3.0,3% volume voordeel,,,2 stuks,,True,AHOO,3% volume voordeel,2026-08-12,2999-12-31,,True,AH,https://www.ah.nl/producten/product/wi622347,2026-08-12,AH Excellent Trout salad 2-pack,breakfast cereal toppings
611527,0,LU Mini crackers naturel 4-pack,LU,ontbijtgranen-beleg,Bakkerij,Toast crackers,8.06,9.16,12.0,12% volume voordeel,,,4 stuks,,True,AHOO,12% volume voordeel,2026-08-12,2999-12-31,,True,AH,https://www.ah.nl/producten/product/wi611527,2026-08-12,LU Mini crackers natural 4-pack,breakfast cereal toppings
619406,0,AH Dunne maiswafels melkchocolade 4x 2-pack,AH,ontbijtgranen-beleg,"Ontbijtgranen, beleg",Maiswafels,4.29,4.38,2.0,2% volume voordeel,,,2 stuks,,True,AHOO,2% volume voordeel,2026-08-12,2999-12-31,,True,AH,https://www.ah.nl/producten/product/wi619406,2026-08-12,AH Thin corn waffles milk chocolate 4x 2-pack,breakfast cereal toppings
622348,0,AH Excellent Forel salade 3-pack,AH Excellent,ontbijtgranen-beleg,Vis,Vissalades (beleg),9.66,10.17,5.0,5% volume voordeel,,,3 stuks,,True,AHOO,5% volume voordeel,2026-08-12,2999-12-31,,True,AH,https://www.ah.nl/producten/product/wi622348,2026-08-12,AH Excellent Trout salad 3-pack,breakfast cereal toppings
622349,0,AH Excellent Forel salade 4-pack,AH Excellent,ontbijtgranen-beleg,Vis,Vissalades (beleg),12.2,13.56,10.0,10% volume voordeel,,,4 stuks,,True,AHOO,10% volume voordeel,2026-08-12,2999-12-31,,True,AH,https://www.ah.nl/producten/product/wi622349,2026-08-12,AH Excellent Trout salad 4-pack,breakfast cereal toppings
619408,0,AH Dunne maiswafels melkchocolade 4x 4-pack,AH,ontbijtgranen-beleg,"Ontbijtgranen, beleg",Maiswafels,8.41,8.76,4.0,4% volume voordeel,,,4 stuks,,True,AHOO,4% volume voordeel,2026-08-12,2999-12-31,,True,AH,https://www.ah.nl/producten/product/wi619408,2026-08-12,AH Thin corn waffles milk chocolate 4x 4-pack,breakfast cereal toppings
114389,547231,Liga Cracotte vezelrijk,Liga,ontbijtgranen-beleg,Bakkerij,Crackers,2.19,2.19,,,,,250 g,prijs per kg €8.76,False,,,,,C,True,AH,https://www.ah.nl/producten/product/wi114389,2026-08-12,Liga Cracotte vezelrijk,breakfast cereal toppings
387920,845281,Wasa Vezelrijk,Wasa,ontbijtgranen-beleg,Bakkerij,Knackebrod,1.99,1.99,,,,,300 g,prijs per kg €6.63,False,,,,,A,True,AH,https://www.ah.nl/producten/product/wi387920,2026-08-12,Wasa High in fiber,breakfast cereal toppings
476548,729705,Nescafé Dolce Gusto Lungo capsules,Nescafé Dolce Gusto,koffie-thee,"Koffie, thee",Nescafe Dolce Gusto cups,6.49,6.49,,,,,16 stuks,,False,,,,,B,True,AH,https://www.ah.nl/producten/product/wi476548,2026-08-12,Nescafé Dolce Gusto Lungo capsules,coffee-tea
456079,614336,Starbucks Nespresso espresso roast capsules,Starbucks,koffie-thee,"Koffie, thee",Starbucks Nespresso cups,4.99,4.99,,,,,10 stuks,,False,,,,,B,True,AH,https://www.ah.nl/producten/product/wi456079,2026-08-12,Starbucks Nespresso espresso roast capsules,coffee-tea
601577,53424,Pickwick Evening blend herbal harmony,Pickwick,koffie-thee,"Koffie, thee",Pickwick kruidenthee,2.39,2.39,,,,,15 stuks,,False,,,,,B,True,AH,https://www.ah.nl/producten/product/wi601577,2026-08-12,Pickwick Evening blend herbal harmony,coffee-tea
3737,31630,Douwe Egberts Aroma rood filterkoffie,Douwe Egberts,koffie-thee,"Koffie, thee",Douwe Egberts filterkoffie,9.59,9.59,,,,,500 g,prijs per kg €19.18,False,,,,,B,True,AH,https://www.ah.nl/producten/product/wi3737,2026-08-12,Douwe Egberts Aroma red filter coffee,coffee-tea
615467,0,Douwe Egberts Aroma rood filterkoffie 4-pack,Douwe Egberts,koffie-thee,"Koffie, thee",Douwe Egberts filterkoffie,36.44,38.36,5.0,5% volume voordeel,,,4 stuks,,True,AHOO,5% volume voordeel,2026-08-12,2999-12-31,,True,AH,https://www.ah.nl/producten/product/wi615467,2026-08-12,Douwe Egberts Aroma red filter coffee 4-pack,coffee-tea
171156,761777,Perla Huisblends Aroma snelfiltermaling 2-pack voordeel,Perla Huisblends,koffie-thee,"Koffie, thee",Perla filterkoffie,15.49,15.49,,,,,2 x 500 g,prijs per kg €15.49,False,,,,,B,True,AH,https://www.ah.nl/producten/product/wi171156,2026-08-12,Perla Huisblends Aroma quick filter grind 2-pack advantage,coffee-tea
595593,0,Perla Huisblends Aroma snelfiltermaling 4-pack,Perla Huisblends,koffie-thee,"Koffie, thee",Perla filterkoffie,60.1,61.96,3.0,3% volume voordeel,,,4 stuks,,True,AHOO,3% volume voordeel,2026-08-12,2999-12-31,,True,AH,https://www.ah.nl/producten/product/wi595593,2026-08-12,Perla Huisblends Aroma quick filter grind 4-pack,coffee-tea
1487,64121,Perla Huisblends Aroma snelfiltermaling,Perla Huisblends,koffie-thee,"Koffie, thee",Perla filterkoffie,7.99,7.99,,,,,500 g,prijs per kg €15.98,False,,,,,B,True,AH,https://www.ah.nl/producten/product/wi1487,2026-08-12,Perla Huisblends Aroma quick filter grind,coffee-tea
617928,0,Perla Huisblends Aroma snelfiltermaling 4-pck,Perla Huisblends,koffie-thee,"Koffie, thee",Perla filterkoffie,31.0,31.96,3.0,3% volume voordeel,,,4 stuks,,True,AHOO,3% volume voordeel,2026-08-12,2999-12-31,,True,AH,https://www.ah.nl/producten/product/wi617928,2026-08-12,Perla Huisblends Aroma snelfiltermaling 4-pck,coffee-tea
124423,579237,Perla Huisblends Classic koffiepads,Perla Huisblends,koffie-thee,"Koffie, thee",Perla koffiepads,5.79,5.79,,1 + 1 gratis,,1.0,36 stuks,,True,AH,1 + 1 gratis,2026-08-10,2026-08-16,B,True,AH,https://www.ah.nl/producten/product/wi124423,2026-08-12,Perla Huisblends Classic coffee pods,coffee-tea
617962,0,Perla Huisblends Classic koffiepads 4-pack,Perla Huisblends,koffie-thee,"Koffie, thee",Perla koffiepads,11.58,23.16,50.0,pakketkorting,,,4 stuks,,True,AHOO,,2026-08-12,2026-08-16,,True,AH,https://www.ah.nl/producten/product/wi617962,2026-08-12,Perla Huisblends Classic koffiepads 4-pack,coffee-tea
442228,84632,Friesche Vlag Latte opschuimmelk,Friesche Vlag,koffie-thee,"Zuivel, eieren",Koffiemelk,2.19,2.19,,,,,1 l,prijs per liter €2.19,False,,,,,C,True,AH,https://www.ah.nl/producten/product/wi442228,2026-08-12,Friesche Vlag Latte foam milk,coffee-tea
46794,100200,Friesche Vlag Halvamel,Friesche Vlag,koffie-thee,"Zuivel, eieren",Koffiemelk,0.79,0.79,,,,,10 x 7 ml,prijs per liter €11.29,False,,,,,E,True,AH,https://www.ah.nl/producten/product/wi46794,2026-08-12,Frisian Flag Halvamel,coffee-tea
3704,48211,Pickwick Earl grey zwarte thee,Pickwick,koffie-thee,"Koffie, thee",Pickwick zwarte thee,1.79,1.79,,,,,20 stuks,,False,,,,,B,True,AH,https://www.ah.nl/producten/product/wi3704,2026-08-12,Pickwick Earl gray black tea,coffee-tea
459917,712726,AH Koffiefilters no4,AH,koffie-thee,"Koffie, thee","Koffiefilters, theefilters",0.85,0.85,,,,,100 stuks,,False,,,,,,True,AH,https://www.ah.nl/producten/product/wi459917,2026-08-12,AH Coffee filters no4,coffee-tea
186751,620424,Pickwick English zwarte thee,Pickwick,koffie-thee,"Koffie, thee",Pickwick zwarte thee,2.49,2.49,,,,,40 stuks,,False,,,,,B,True,AH,https://www.ah.nl/producten/product/wi186751,2026-08-12,Pickwick English black tea,coffee-tea
193676,795911,Friesche Vlag Halvamel,Friesche Vlag,koffie-thee,"Zuivel, eieren",Koffiemelk,1.75,1.75,,,,,455 ml,prijs per liter €3.85,False,,,,,E,True,AH,https://www.ah.nl/producten/product/wi193676,2026-08-12,Frisian Flag Halvamel,coffee-tea
456069,613041,Starbucks Nespresso house blend lungo capsules,Starbucks,koffie-thee,"Koffie, thee",Starbucks Nespresso cups,4.99,4.99,,,,,10 stuks,,False,,,,,B,True,AH,https://www.ah.nl/producten/product/wi456069,2026-08-12,Starbucks Nespresso house blend lungo capsules,coffee-tea
575714,0,Friesche Vlag Latte 1L 3-pack,Friesche Vlag,koffie-thee,"Zuivel, eieren",Koffiemelk,6.24,6.57,5.0,5% volume voordeel,,,3 stuks,,True,AHOO,5% volume voordeel,2026-08-12,2999-12-31,,True,AH,https://www.ah.nl/producten/product/wi575714,2026-08-12,Frisian Flag Latte 1L 3-pack,coffee-tea
575715,0,Friesche Vlag Halvamel 3-pack,Friesche Vlag,koffie-thee,"Zuivel, eieren",Koffiemelk,4.99,5.25,5.0,5% volume voordeel,,,3 stuks,,True,AHOO,5% volume voordeel,2026-08-12,2999-12-31,,True,AH,https://www.ah.nl/producten/product/wi575715,2026-08-12,Frisian Flag Halvamel 3-pack,coffee-tea
608487,0,Friesche Vlag Latte opschuimmelk 5-pack,Friesche Vlag,koffie-thee,"Zuivel, eieren",Koffiemelk,9.85,10.95,10.0,10% volume voordeel,,,5 stuks,,True,AHOO,10% volume voordeel,2026-08-12,2999-12-31,,True,AH,https://www.ah.nl/producten/product/wi608487,2026-08-12,Friesche Vlag Latte foam milk 5-pack,coffee-tea
607811,0,Starbucks Nespresso house blend lungo caps 4-pack,Starbucks,koffie-thee,"Koffie, thee",Starbucks Nespresso cups,19.36,19.96,3.0,3% volume voordeel,,,4 stuks,,True,AHOO,3% volume voordeel,2026-08-12,2999-12-31,,True,AH,https://www.ah.nl/producten/product/wi607811,2026-08-12,Starbucks Nespresso house blend lungo caps 4-pack,coffee-tea
238687,831450,Perla Biologisch Aroma snelfiltermaling,Perla Biologisch,koffie-thee,"Koffie, thee",Perla filterkoffie,8.99,8.99,,,,,500 g,prijs per kg €17.98,False,,,,,B,True,AH,https://www.ah.nl/producten/product/wi238687,2026-08-12,Perla Organic Aroma quick filter grind,coffee-tea
608484,0,Friesche Vlag Halvamel 5-pack7ml,Friesche Vlag,koffie-thee,"Zuivel, eieren",Koffiemelk,3.55,3.95,10.0,10% volume voordeel,,,5 stuks,,True,AHOO,10% volume voordeel,2026-08-12,2999-12-31,,True,AH,https://www.ah.nl/producten/product/wi608484,2026-08-12,Friesche Vlag Halvamel 5-pack7ml,coffee-tea
607812,0,Starbucks Nespresso house blend lungo caps 6-pack,Starbucks,koffie-thee,"Koffie, thee",Starbucks Nespresso cups,28.14,29.94,6.0,6% volume voordeel,,,6 stuks,,True,AHOO,6% volume voordeel,2026-08-12,2999-12-31,,True,AH,https://www.ah.nl/producten/product/wi607812,2026-08-12,Starbucks Nespresso house blend lungo caps 6-pack,coffee-tea
607810,0,Starbucks Nespresso house blend lungo caps 14-pack,Starbucks,koffie-thee,"Koffie, thee",Starbucks Nespresso cups,62.87,69.86,10.0,10% volume voordeel,,,14 stuks,,True,AHOO,10% volume voordeel,2026-08-12,2999-12-31,,True,AH,https://www.ah.nl/producten/product/wi607810,2026-08-12,Starbucks Nespresso house blend lungo caps 14-pack,coffee-tea
3738,7134,Douwe Egberts Aroma rood filterkoffie,Douwe Egberts,koffie-thee,"Koffie, thee",Douwe Egberts filterkoffie,5.49,5.49,,,,,250 g,prijs per kg €21.96,False,,,,,B,True,AH,https://www.ah.nl/producten/product/wi3738,2026-08-12,Douwe Egberts Aroma red filter coffee,coffee-tea
588198,33491,Nescafé Cappuccino,Nescafé,koffie-thee,"Koffie, thee",IJskoffie,1.99,1.99,,,,,250 ml,prijs per liter €7.96,False,,,,,C,True,AH,https://www.ah.nl/producten/product/wi588198,2026-08-12,Nescafe Cappuccino,coffee-tea
63783,529674,Pickwick Original rooibos thee,Pickwick,koffie-thee,"Koffie, thee",Rooibosthee,1.99,1.99,,,,,20 stuks,,False,,,,,B,True,AH,https://www.ah.nl/producten/product/wi63783,2026-08-12,Pickwick Original rooibos tea,coffee-tea
1101,35875,AH Halfvolle koffiemelk,AH,koffie-thee,"Zuivel, eieren",Koffiemelk,0.95,0.95,,,,,186 ml,prijs per liter €5.11,False,,,,,E,True,AH,https://www.ah.nl/producten/product/wi1101,2026-08-12,AH Semi-skimmed coffee milk,coffee-tea
381410,841331,AH Zwarte thee bosvruchten,AH,koffie-thee,"Koffie, thee",AH zwarte thee,0.79,0.79,,,,,20 stuks,,False,,,,,B,True,AH,https://www.ah.nl/producten/product/wi381410,2026-08-12,AH Black tea forest fruits,coffee-tea
608482,0,Friesche Vlag Halvamel 3-pack7ml,Friesche Vlag,koffie-thee,"Zuivel, eieren",Koffiemelk,2.25,2.37,5.0,5% volume voordeel,,,3 stuks,,True,AHOO,5% volume voordeel,2026-08-12,2999-12-31,,True,AH,https://www.ah.nl/producten/product/wi608482,2026-08-12,Friesche Vlag Halvamel 3-pack7ml,coffee-tea
607934,0,Nescafé Cappuccino 12-pack,Nescafé,koffie-thee,"Koffie, thee",IJskoffie,21.49,23.88,10.0,10% volume voordeel,,,12 stuks,,True,AHOO,10% volume voordeel,2026-08-12,2999-12-31,,True,AH,https://www.ah.nl/producten/product/wi607934,2026-08-12,Nescafé Cappuccino 12-pack,coffee-tea
607935,0,Nescafé Cappuccino 4-pack,Nescafé,koffie-thee,"Koffie, thee",IJskoffie,7.72,7.96,3.0,3% volume voordeel,,,4 stuks,,True,AHOO,3% volume voordeel,2026-08-12,2999-12-31,,True,AH,https://www.ah.nl/producten/product/wi607935,2026-08-12,Nescafé Cappuccino 4-pack,coffee-tea
607980,0,Nescafé Cappuccino 6-pack,Nescafé,koffie-thee,"Koffie, thee",IJskoffie,11.22,11.94,6.0,6% volume voordeel,,,6 stuks,,True,AHOO,6% volume voordeel,2026-08-12,2999-12-31,,True,AH,https://www.ah.nl/producten/product/wi607980,2026-08-12,Nescafé Cappuccino 6-pack,coffee-tea
365872,832883,Starbucks Cappuccino ijskoffie,Starbucks,koffie-thee,"Koffie, thee",IJskoffie,1.99,1.99,,1 + 1 gratis,,1.0,220 ml,normale prijs per liter €9.05,True,AH,1 + 1 gratis,2026-08-10,2026-08-16,D,True,AH,https://www.ah.nl/producten/product/wi365872,2026-08-12,Starbucks Cappuccino iced coffee,coffee-tea
195720,761771,Perla Huisblends Aroma koffiebonen,Perla Huisblends,koffie-thee,"Koffie, thee",Perla koffiebonen,15.99,15.99,,,,,1 kg,prijs per kg €15.99,False,,,,,B,True,AH,https://www.ah.nl/producten/product/wi195720,2026-08-12,Perla Huisblends Aroma koffiebonen,coffee-tea
414809,856955,Douwe Egberts Lungo intens capsules,Douwe Egberts,koffie-thee,"Koffie, thee",Douwe Egberts Nespresso cups,6.19,6.19,,,,,20 stuks,,False,,,,,B,True,AH,https://www.ah.nl/producten/product/wi414809,2026-08-12,Douwe Egberts Lungo intense capsules,coffee-tea
609682,0,Friesche Vlag Halvamel 5-pack,Friesche Vlag,koffie-thee,"Zuivel, eieren",Koffiemelk,7.87,8.75,10.0,10% volume voordeel,,,5 stuks,,True,AHOO,10% volume voordeel,2026-08-12,2999-12-31,,True,AH,https://www.ah.nl/producten/product/wi609682,2026-08-12,Friesche Vlag Halvamel 5-pack,coffee-tea
187350,786950,Friesche Vlag Goudband volle koffiemelk,Friesche Vlag,koffie-thee,"Zuivel, eieren",Koffiemelk,2.29,2.29,,,,,455 ml,prijs per liter €5.03,False,,,,,E,True,AH,https://www.ah.nl/producten/product/wi187350,2026-08-12,Friesche Vlag Goudband full coffee milk,coffee-tea
3708,37408,Pickwick English zwarte thee,Pickwick,koffie-thee,"Koffie, thee",Pickwick zwarte thee,1.39,1.39,,,,,20 stuks,,False,,,,,B,True,AH,https://www.ah.nl/producten/product/wi3708,2026-08-12,Pickwick English black tea,coffee-tea
63782,529673,Pickwick Green lemon groene thee,Pickwick,koffie-thee,"Koffie, thee",Pickwick groene thee,2.19,2.19,,,,,20 stuks,,False,,,,,B,True,AH,https://www.ah.nl/producten/product/wi63782,2026-08-12,Pickwick Green lemon green tea,coffee-tea
196704,798556,Pickwick Bosvruchten vruchtenthee,Pickwick,koffie-thee,"Koffie, thee",Vruchtenthee,1.99,1.99,,,,,20 stuks,,False,,,,,B,True,AH,https://www.ah.nl/producten/product/wi196704,2026-08-12,Pickwick Forest fruits fruit tea,coffee-tea
615490,0,Pickwick Bosvruchten vruchtenthee 4-pack,Pickwick,koffie-thee,"Koffie, thee",Vruchtenthee,7.56,7.96,5.0,5% volume voordeel,,,4 stuks,,True,AHOO,5% volume voordeel,2026-08-12,2999-12-31,,True,AH,https://www.ah.nl/producten/product/wi615490,2026-08-12,Pickwick Forest fruits fruit tea 4-pack,coffee-tea
609579,0,Starbucks Cappuccino ijskoffie 6-pack,Starbucks,koffie-thee,"Koffie, thee",IJskoffie,5.97,11.94,50.0,pakketkorting,,,6 stuks,,True,AHOO,,2026-08-12,2026-08-16,,True,AH,https://www.ah.nl/producten/product/wi609579,2026-08-12,Starbucks Cappuccino iced coffee 6-pack,coffee-tea
593400,39536,AH IJskoffie cappuccino proteine,AH,koffie-thee,"Koffie, thee",IJskoffie,0.89,0.89,,,,,250 ml,prijs per liter €3.56,False,,,,,C,True,AH,https://www.ah.nl/producten/product/wi593400,2026-08-12,AH IJskoffie cappuccino proteine,coffee-tea
414792,856936,L'OR Espresso lungo profondo capsules,L'OR,koffie-thee,"Koffie, thee",L'OR Nespresso cups,8.19,8.19,,,,,20 stuks,,False,,,,,B,True,AH,https://www.ah.nl/producten/product/wi414792,2026-08-12,L'OR Espresso lungo profondo capsules,coffee-tea
615487,0,L'OR Espresso lungo profondo capsules 5-pack,L'OR,koffie-thee,"Koffie, thee",L'OR Nespresso cups,38.9,40.95,5.0,5% volume voordeel,,,5 stuks,,True,AHOO,5% volume voordeel,2026-08-12,2999-12-31,,True,AH,https://www.ah.nl/producten/product/wi615487,2026-08-12,L'OR Espresso lungo profondo capsules 5-pack,coffee-tea
33963,63858,Perla Huisblends Decaf snelfiltermaling,Perla Huisblends,koffie-thee,"Koffie, thee",Perla filterkoffie,8.49,8.49,,,,,500 g,prijs per kg €16.98,False,,,,,B,True,AH,https://www.ah.nl/producten/product/wi33963,2026-08-12,Perla Huisblends Decaf quick filter grind,coffee-tea
617987,0,Perla Huisblends Decaf snelfiltermaling 4-pack,Perla Huisblends,koffie-thee,"Koffie, thee",Perla filterkoffie,32.94,33.96,3.0,3% volume voordeel,,,4 stuks,,True,AHOO,3% volume voordeel,2026-08-12,2999-12-31,,True,AH,https://www.ah.nl/producten/product/wi617987,2026-08-12,Perla Huisblends Decaf quick filter grind 4-pack,coffee-tea
195721,761784,Perla Superiore Finest dark roast koffiebonen,Perla Superiore,koffie-thee,"Koffie, thee",Perla Superiore koffiebonen,17.99,17.99,,,,,1 kg,prijs per kg €17.99,False,,,,,B,True,AH,https://www.ah.nl/producten/product/wi195721,2026-08-12,Perla Superiore Finest dark roast coffee beans,coffee-tea
195024,798462,Starbucks Caramel macchiato ijskoffie,Starbucks,koffie-thee,"Koffie, thee",IJskoffie,1.99,1.99,,1 + 1 gratis,,1.0,220 ml,normale prijs per liter €9.05,True,AH,1 + 1 gratis,2026-08-10,2026-08-16,C,True,AH,https://www.ah.nl/producten/product/wi195024,2026-08-12,Starbucks Caramel macchiato iced coffee,coffee-tea
609578,0,Starbucks Cappuccino ijskoffie 4-pack,Starbucks,koffie-thee,"Koffie, thee",IJskoffie,3.98,7.96,50.0,pakketkorting,,,4 stuks,,True,AHOO,,2026-08-12,2026-08-16,,True,AH,https://www.ah.nl/producten/product/wi609578,2026-08-12,Starbucks Cappuccino iced coffee 4-pack,coffee-tea
46030,93821,Becel Romig voor in de koffie,Becel,koffie-thee,"Zuivel, eieren",Koffiemelk,2.19,2.19,,,,,467 ml,prijs per liter €4.69,False,,,,,E,True,AH,https://www.ah.nl/producten/product/wi46030,2026-08-12,Becel Creamy for coffee,coffee-tea
223367,815581,Starbucks Caffè latte no added sugar ijskoffie,Starbucks,koffie-thee,"Koffie, thee",IJskoffie,1.99,1.99,,1 + 1 gratis,,1.0,220 ml,normale prijs per liter €9.05,True,AH,1 + 1 gratis,2026-08-10,2026-08-16,C,True,AH,https://www.ah.nl/producten/product/wi223367,2026-08-12,Starbucks Caffè latte no added sugar iced coffee,coffee-tea
124424,579238,Perla Huisblends Dark roast koffiepads,Perla Huisblends,koffie-thee,"Koffie, thee",Perla koffiepads,5.79,5.79,,1 + 1 gratis,,1.0,36 stuks,,True,AH,1 + 1 gratis,2026-08-10,2026-08-16,B,True,AH,https://www.ah.nl/producten/product/wi124424,2026-08-12,Perla Huisblends Dark roast koffiepads,coffee-tea
609442,0,Friesche Vlag Goudband volle koffiemelk 3-pack,Friesche Vlag,koffie-thee,"Zuivel, eieren",Koffiemelk,6.53,6.87,5.0,5% volume voordeel,,,3 stuks,,True,AHOO,5% volume voordeel,2026-08-12,2999-12-31,,True,AH,https://www.ah.nl/producten/product/wi609442,2026-08-12,Friesche Vlag Goudband full coffee milk 3-pack,coffee-tea
137823,607705,Perla Huisblends Extra dark roast koffiepads,Perla Huisblends,koffie-thee,"Koffie, thee",Perla koffiepads,5.79,5.79,,1 + 1 gratis,,1.0,36 stuks,,True,AH,1 + 1 gratis,2026-08-10,2026-08-16,B,True,AH,https://www.ah.nl/producten/product/wi137823,2026-08-12,Perla Huisblends Extra dark roast koffiepads,coffee-tea
130367,590653,Perla Huisblends Decaf koffiepads,Perla Huisblends,koffie-thee,"Koffie, thee",Perla koffiepads,5.79,5.79,,1 + 1 gratis,,1.0,36 stuks,,True,AH,1 + 1 gratis,2026-08-10,2026-08-16,B,True,AH,https://www.ah.nl/producten/product/wi130367,2026-08-12,Perla Huisblends Decaf coffee pods,coffee-tea
617984,0,Perla Huisblends Decaf koffiepads 4-pack,Perla Huisblends,koffie-thee,"Koffie, thee",Perla koffiepads,11.58,23.16,50.0,pakketkorting,,,4 stuks,,True,AHOO,,2026-08-12,2026-08-16,,True,AH,https://www.ah.nl/producten/product/wi617984,2026-08-12,Perla Huisblends Decaf coffee pods 4-pack,coffee-tea
415680,686828,AH IJskoffie cappuccino,AH,koffie-thee,"Koffie, thee",IJskoffie,0.79,0.79,,,,,250 ml,prijs per liter €3.16,False,,,,,D,True,AH,https://www.ah.nl/producten/product/wi415680,2026-08-12,AH Iced coffee cappuccino,coffee-tea
609575,0,Starbucks Caffé latte gst ijskoffie 6-pack,Starbucks,koffie-thee,"Koffie, thee",IJskoffie,5.97,11.94,50.0,pakketkorting,,,6 stuks,,True,AHOO,,2026-08-12,2026-08-16,,True,AH,https://www.ah.nl/producten/product/wi609575,2026-08-12,Starbucks Caffé latte gst iced coffee 6-pack,coffee-tea
485613,740542,Nescafé Farmers origins Brazil capsules,Nescafé,koffie-thee,"Koffie, thee",Nescafe Nespresso cups,4.29,4.29,,,,,10 stuks,,False,,,,,B,True,AH,https://www.ah.nl/producten/product/wi485613,2026-08-12,Nescafé Farmers origins Brazil capsules,coffee-tea
588199,33492,Nescafé Latte caramel,Nescafé,koffie-thee,"Koffie, thee",IJskoffie,1.99,1.99,,,,,250 ml,prijs per liter €7.96,False,,,,,C,True,AH,https://www.ah.nl/producten/product/wi588199,2026-08-12,Nescafe Latte caramel,coffee-tea
594680,0,Starbucks Caramel macchiato 2-pack,Starbucks,koffie-thee,"Koffie, thee",IJskoffie,1.99,3.98,50.0,pakketkorting,,,2 stuks,,True,AHOO,,2026-08-12,2026-08-16,,True,AH,https://www.ah.nl/producten/product/wi594680,2026-08-12,Starbucks Caramel macchiato 2-pack,coffee-tea
609583,0,Starbucks Caramel macchiato ijskoffie 6-pack,Starbucks,koffie-thee,"Koffie, thee",IJskoffie,5.97,11.94,50.0,pakketkorting,,,6 stuks,,True,AHOO,,2026-08-12,2026-08-16,,True,AH,https://www.ah.nl/producten/product/wi609583,2026-08-12,Starbucks Caramel macchiato iced coffee 6-pack,coffee-tea
609574,0,Starbucks Caffé latte gst ijskoffie 4-pack,Starbucks,koffie-thee,"Koffie, thee",IJskoffie,3.98,7.96,50.0,pakketkorting,,,4 stuks,,True,AHOO,,2026-08-12,2026-08-16,,True,AH,https://www.ah.nl/producten/product/wi609574,2026-08-12,Starbucks Caffé latte gst iced coffee 4-pack,coffee-tea
195959,636634,Pickwick Original rooibos thee voordeelpak,Pickwick,koffie-thee,"Koffie, thee",Rooibosthee,3.49,3.49,,,,,40 stuks,,False,,,,,B,True,AH,https://www.ah.nl/producten/product/wi195959,2026-08-12,Pickwick Original rooibos tea value pack,coffee-tea
609582,0,Starbucks Caramel macchiato ijskoffie 4-pack,Starbucks,koffie-thee,"Koffie, thee",IJskoffie,3.98,7.96,50.0,pakketkorting,,,4 stuks,,True,AHOO,,2026-08-12,2026-08-16,,True,AH,https://www.ah.nl/producten/product/wi609582,2026-08-12,Starbucks Caramel macchiato iced coffee 4-pack,coffee-tea
608938,65272,Starbucks Frappuccino caramel flavour ijskoffie,Starbucks,koffie-thee,"Koffie, thee",IJskoffie,3.99,3.99,,1 + 1 gratis,,1.0,"0,7 l",normale prijs per liter €5.70,True,AH,1 + 1 gratis,2026-08-10,2026-08-16,D,True,AH,https://www.ah.nl/producten/product/wi608938,2026-08-12,Starbucks Frappuccino caramel flavor iced coffee,coffee-tea
216331,811622,AH Zoetjes,AH,koffie-thee,"Koffie, thee",Zoetstof,1.05,1.05,,,,,1200 stuks,,False,,,,,E,True,AH,https://www.ah.nl/producten/product/wi216331,2026-08-12,AH Zoetjes,coffee-tea
609443,0,Friesche Vlag Goudband volle koffiemelk 5-pack,Friesche Vlag,koffie-thee,"Zuivel, eieren",Koffiemelk,10.3,11.45,10.0,10% volume voordeel,,,5 stuks,,True,AHOO,10% volume voordeel,2026-08-12,2999-12-31,,True,AH,https://www.ah.nl/producten/product/wi609443,2026-08-12,Friesche Vlag Goudband full coffee milk 5-pack,coffee-tea
134315,599626,Senseo Classic koffiepads,Senseo,koffie-thee,"Koffie, thee",Senseo koffiepads,6.39,6.39,,,,,36 stuks,,False,,,,,B,True,AH,https://www.ah.nl/producten/product/wi134315,2026-08-12,Senseo Classic coffee pods,coffee-tea
580108,0,Senseo Classic koffiepads 4-pack,Senseo,koffie-thee,"Koffie, thee",Senseo koffiepads,24.28,25.56,5.0,5% volume voordeel,,,4 stuks,,True,AHOO,5% volume voordeel,2026-08-12,2999-12-31,,True,AH,https://www.ah.nl/producten/product/wi580108,2026-08-12,Senseo Classic koffiepads 4-pack,coffee-tea
106661,559208,AH Kruiden kamille,AH,koffie-thee,"Koffie, thee",AH kruidenthee,1.05,1.05,,,,,20 stuks,,False,,,,,B,True,AH,https://www.ah.nl/producten/product/wi106661,2026-08-12,AH Herbal chamomile,coffee-tea
485615,740544,Nescafé Cappuccino oploskoffie,Nescafé,koffie-thee,"Koffie, thee",Oploskoffie (melkbasis),3.69,3.69,,,,,10 stuks,,False,,,,,C,True,AH,https://www.ah.nl/producten/product/wi485615,2026-08-12,Nescafé Cappuccino instant coffee,coffee-tea
607978,0,Nescafé Latte caramel 12-pack,Nescafé,koffie-thee,"Koffie, thee",IJskoffie,21.49,23.88,10.0,10% volume voordeel,,,12 stuks,,True,AHOO,10% volume voordeel,2026-08-12,2999-12-31,,True,AH,https://www.ah.nl/producten/product/wi607978,2026-08-12,Nescafé Latte caramel 12-pack,coffee-tea
607979,0,Nescafé Latte caramel 4-pack,Nescafé,koffie-thee,"Koffie, thee",IJskoffie,7.72,7.96,3.0,3% volume voordeel,,,4 stuks,,True,AHOO,3% volume voordeel,2026-08-12,2999-12-31,,True,AH,https://www.ah.nl/producten/product/wi607979,2026-08-12,Nescafé Latte caramel 4-pack,coffee-tea
607982,0,Nescafé Latte caramel 6-pack,Nescafé,koffie-thee,"Koffie, thee",IJskoffie,11.22,11.94,6.0,6% volume voordeel,,,6 stuks,,True,AHOO,6% volume voordeel,2026-08-12,2999-12-31,,True,AH,https://www.ah.nl/producten/product/wi607982,2026-08-12,Nescafé Latte caramel 6-pack,coffee-tea
65775,538316,Pickwick Sterrenmunt kruidenthee,Pickwick,koffie-thee,"Koffie, thee",Pickwick kruidenthee,2.19,2.19,,,,,20 stuks,,False,,,,,B,True,AH,https://www.ah.nl/producten/product/wi65775,2026-08-12,Pickwick Starmint herbal tea,coffee-tea
615498,0,Pickwick Sterrenmunt kruidenthee 4-pack,Pickwick,koffie-thee,"Koffie, thee",Pickwick kruidenthee,8.32,8.76,5.0,5% volume voordeel,,,4 stuks,,True,AHOO,5% volume voordeel,2026-08-12,2999-12-31,,True,AH,https://www.ah.nl/producten/product/wi615498,2026-08-12,Pickwick Starmint herbal tea 4-pack,coffee-tea
615600,0,Starbucks Frappuccino caramel flav ijskoffie 4pack,Starbucks,koffie-thee,"Koffie, thee",IJskoffie,7.98,15.96,50.0,pakketkorting,,,4 stuks,,True,AHOO,,2026-08-12,2026-08-16,,True,AH,https://www.ah.nl/producten/product/wi615600,2026-08-12,Starbucks Frappuccino caramel flav iced coffee 4pack,coffee-tea
615599,0,Starbucks Frappuccino caramel flav ijskoffie 2pack,Starbucks,koffie-thee,"Koffie, thee",IJskoffie,3.99,7.98,50.0,pakketkorting,,,2 stuks,,True,AHOO,,2026-08-12,2026-08-16,,True,AH,https://www.ah.nl/producten/product/wi615599,2026-08-12,Starbucks Frappuccino caramel flav ijskoffie 2pack,coffee-tea
195960,636635,Pickwick Lemon groene thee voordeelpak,Pickwick,koffie-thee,"Koffie, thee",Pickwick groene thee,3.49,3.49,,,,,40 stuks,,False,,,,,B,True,AH,https://www.ah.nl/producten/product/wi195960,2026-08-12,Pickwick Lemon green tea value pack,coffee-tea
168915,752013,Douwe Egberts Ice cappuccino ijskoffie,Douwe Egberts,koffie-thee,"Koffie, thee",IJskoffie,1.59,1.59,,,,,230 ml,prijs per liter €6.91,False,,,,,C,True,AH,https://www.ah.nl/producten/product/wi168915,2026-08-12,Douwe Egberts Ice cappuccino iced coffee,coffee-tea
607805,0,Starbucks Nespresso espresso roast capsules 4-pack,Starbucks,koffie-thee,"Koffie, thee",Starbucks Nespresso cups,19.36,19.96,3.0,3% volume voordeel,,,4 stuks,,True,AHOO,3% volume voordeel,2026-08-12,2999-12-31,,True,AH,https://www.ah.nl/producten/product/wi607805,2026-08-12,Starbucks Nespresso espresso roast capsules 4-pack,coffee-tea
3675,27911,Friesche Vlag Goudband,Friesche Vlag,koffie-thee,"Zuivel, eieren",Koffiemelk,0.95,0.95,,,,,10 x 7 ml,prijs per liter €13.57,False,,,,,E,True,AH,https://www.ah.nl/producten/product/wi3675,2026-08-12,Frisian Flag Gold Band,coffee-tea
607806,0,Starbucks Nespresso espresso roast capsules 6-pack,Starbucks,koffie-thee,"Koffie, thee",Starbucks Nespresso cups,28.14,29.94,6.0,6% volume voordeel,,,6 stuks,,True,AHOO,6% volume voordeel,2026-08-12,2999-12-31,,True,AH,https://www.ah.nl/producten/product/wi607806,2026-08-12,Starbucks Nespresso espresso roast capsules 6-pack,coffee-tea
130368,590654,Perla Huisblends Mokka koffiepads,Perla Huisblends,koffie-thee,"Koffie, thee",Perla koffiepads,5.79,5.79,,1 + 1 gratis,,1.0,36 stuks,,True,AH,1 + 1 gratis,2026-08-10,2026-08-16,B,True,AH,https://www.ah.nl/producten/product/wi130368,2026-08-12,Perla Huisblends Mocha coffee pods,coffee-tea
458829,629186,AH Biologisch Rooibos puur,AH Biologisch,koffie-thee,"Koffie, thee",AH Biologisch kruidenthee,1.5,1.89,20.6,2 voor 3.00,3.0,2.0,20 stuks,,True,AH,2 voor 3.00,2026-08-10,2026-08-16,B,True,AH,https://www.ah.nl/producten/product/wi458829,2026-08-12,AH Organic Rooibos pure,coffee-tea
607804,0,Starbucks Nespresso espresso roast capsules 14-pck,Starbucks,koffie-thee,"Koffie, thee",Starbucks Nespresso cups,62.87,69.86,10.0,10% volume voordeel,,,14 stuks,,True,AHOO,10% volume voordeel,2026-08-12,2999-12-31,,True,AH,https://www.ah.nl/producten/product/wi607804,2026-08-12,Starbucks Nespresso espresso roast capsules 14-pack,coffee-tea
618141,0,Perla Huisblends Mokka koffiepads 4-pack,Perla Huisblends,koffie-thee,"Koffie, thee",Perla koffiepads,11.58,23.16,50.0,pakketkorting,,,4 stuks,,True,AHOO,,2026-08-12,2026-08-16,,True,AH,https://www.ah.nl/producten/product/wi618141,2026-08-12,Perla Huisblends Mocha coffee pods 4-pack,coffee-tea
387548,845079,Nescafé Dolce Gusto Cappuccino capsules,Nescafé Dolce Gusto,koffie-thee,"Koffie, thee",Nescafe Dolce Gusto cups,9.99,9.99,,,,,30 stuks,,False,,,,,E,True,AH,https://www.ah.nl/producten/product/wi387548,2026-08-12,Nescafé Dolce Gusto Cappuccino capsules,coffee-tea
566134,3578,AH IJskoffie macchiato karamelsmaak,AH,koffie-thee,"Koffie, thee",IJskoffie,1.99,1.99,,,,,1 l,prijs per liter €1.99,False,,,,,C,True,AH,https://www.ah.nl/producten/product/wi566134,2026-08-12,AH Iced coffee macchiato caramel flavor,coffee-tea
382489,842142,Friesche Vlag Latte opschuimmelk,Friesche Vlag,koffie-thee,"Zuivel, eieren",Koffiemelk,1.59,1.59,,,,,"0,5 l",prijs per liter €3.18,False,,,,,C,True,AH,https://www.ah.nl/producten/product/wi382489,2026-08-12,Friesche Vlag Latte foam milk,coffee-tea
238676,831379,Douwe Egberts Aroma rood dubbelpak filterkoffie,Douwe Egberts,koffie-thee,"Koffie, thee",Douwe Egberts filterkoffie,19.15,19.15,,,,,2 x 500 g,prijs per kg €19.15,False,,,,,B,True,AH,https://www.ah.nl/producten/product/wi238676,2026-08-12,Douwe Egberts Aroma red double pack of filter coffee,coffee-tea
456058,612577,Starbucks Nespresso decaf espresso roast capsules,Starbucks,koffie-thee,"Koffie, thee",Starbucks Nespresso cups,4.99,4.99,,,,,10 stuks,,False,,,,,B,True,AH,https://www.ah.nl/producten/product/wi456058,2026-08-12,Starbucks Nespresso decaf espresso roast capsules,coffee-tea
420293,691985,Pickwick Fruit infusion variatiebox kruidenthee,Pickwick,koffie-thee,"Koffie, thee",Variatiebox thee,2.39,2.39,,,,,20 stuks,,False,,,,,B,True,AH,https://www.ah.nl/producten/product/wi420293,2026-08-12,Pickwick Fruit infusion variation box herbal tea,coffee-tea
615491,0,Pickwick Fruit infusion varia box kruidenthee 4pk,Pickwick,koffie-thee,"Koffie, thee",Variatiebox thee,9.08,9.56,5.0,5% volume voordeel,,,4 stuks,,True,AHOO,5% volume voordeel,2026-08-12,2999-12-31,,True,AH,https://www.ah.nl/producten/product/wi615491,2026-08-12,Pickwick Fruit infusion varia box herbal tea 4pk,coffee-tea
127402,68005,Blooker Cacaopoeder,Blooker,koffie-thee,"Koffie, thee",Cacaopoeder,3.89,3.89,,,,,250 g,prijs per kg €15.56,False,,,,,C,True,AH,https://www.ah.nl/producten/product/wi127402,2026-08-12,Blooker Cacaopoeder,coffee-tea
161516,628261,Nescafé Dolce Gusto Cappuccino capsules,Nescafé Dolce Gusto,koffie-thee,"Koffie, thee",Nescafe Dolce Gusto cups,6.49,6.49,,,,,16 stuks,,False,,,,,B,True,AH,https://www.ah.nl/producten/product/wi161516,2026-08-12,Nescafé Dolce Gusto Cappuccino capsules,coffee-tea
456080,614356,Starbucks Nespresso pike place lungo capsules,Starbucks,koffie-thee,"Koffie, thee",Starbucks Nespresso cups,4.99,4.99,,,,,10 stuks,,False,,,,,B,True,AH,https://www.ah.nl/producten/product/wi456080,2026-08-12,Starbucks Nespresso pike place lungo capsules,coffee-tea
3746,42082,Kanis & Gunnink Regular filterkoffie,Kanis & Gunnink,koffie-thee,"Koffie, thee",Overige merken filterkoffie,8.29,8.29,,,,,500 g,prijs per kg €16.58,False,,,,,B,True,AH,https://www.ah.nl/producten/product/wi3746,2026-08-12,Kanis & Gunnink Regular filterkoffie,coffee-tea
615478,0,Kanis & Gunnink Regular filterkoffie 4-pack,Kanis & Gunnink,koffie-thee,"Koffie, thee",Overige merken filterkoffie,31.5,33.16,5.0,5% volume voordeel,,,4 stuks,,True,AHOO,5% volume voordeel,2026-08-12,2999-12-31,,True,AH,https://www.ah.nl/producten/product/wi615478,2026-08-12,Kanis & Gunnink Regular filter coffee 4-pack,coffee-tea
195854,579317,Pickwick Mango & perzik rooibos thee,Pickwick,koffie-thee,"Koffie, thee",Rooibosthee,1.99,1.99,,,,,20 stuks,,False,,,,,B,True,AH,https://www.ah.nl/producten/product/wi195854,2026-08-12,Pickwick Mango & peach rooibos tea,coffee-tea
607942,0,Nescafé Dolce Gusto Cappuccino capsules 3-pack,Nescafé Dolce Gusto,koffie-thee,"Koffie, thee",Nescafe Dolce Gusto cups,18.89,19.47,3.0,3% volume voordeel,,,3 stuks,,True,AHOO,3% volume voordeel,2026-08-12,2999-12-31,,True,AH,https://www.ah.nl/producten/product/wi607942,2026-08-12,Nescafé Dolce Gusto Cappuccino capsules 3-pack,coffee-tea
481083,735583,Perla Huisblends Lungo classic capsules,Perla Huisblends,koffie-thee,"Koffie, thee",Perla Nespresso cups,2.995,5.29,43.4,2 voor 5.99,5.99,2.0,20 stuks,,True,AH,2 voor 5.99,2026-08-10,2026-08-16,B,True,AH,https://www.ah.nl/producten/product/wi481083,2026-08-12,Perla Huisblends Lungo classic capsules,coffee-tea
225679,819712,Pickwick Variatiebox rood vruchtenthee,Pickwick,koffie-thee,"Koffie, thee",Variatiebox thee,1.99,1.99,,,,,20 stuks,,False,,,,,B,True,AH,https://www.ah.nl/producten/product/wi225679,2026-08-12,Pickwick Variation box red fruit tea,coffee-tea
457771,73295,Douwe Egberts Lungo intens capsules,Douwe Egberts,koffie-thee,"Koffie, thee",Douwe Egberts Nespresso cups,11.79,11.79,,,,,40 stuks,,False,,,,,B,True,AH,https://www.ah.nl/producten/product/wi457771,2026-08-12,Douwe Egberts Lungo intense capsules,coffee-tea
456083,614416,Starbucks Nespresso Colombia capsules,Starbucks,koffie-thee,"Koffie, thee",Starbucks Nespresso cups,4.75,4.75,,,,,10 stuks,,False,,,,,B,True,AH,https://www.ah.nl/producten/product/wi456083,2026-08-12,Starbucks Nespresso Colombia capsules,coffee-tea
607802,0,Starbucks Nespresso decaf espresso roast cap 4-pck,Starbucks,koffie-thee,"Koffie, thee",Starbucks Nespresso cups,19.36,19.96,3.0,3% volume voordeel,,,4 stuks,,True,AHOO,3% volume voordeel,2026-08-12,2999-12-31,,True,AH,https://www.ah.nl/producten/product/wi607802,2026-08-12,Starbucks Nespresso decaf espresso roast cap 4-pack,coffee-tea
438711,68354,Caffè Gondoliere Espresso extra dark coffee beans,Caffè Gondoliere,koffie-thee,"Koffie, thee",Caffe Gondoliere koffiebonen,9.99,9.99,,,,,1 kg,prijs per kg €9.99,False,,,,,B,True,AH,https://www.ah.nl/producten/product/wi438711,2026-08-12,Caffè Gondoliere Espresso extra dark coffee beans,coffee-tea
607801,0,Starbucks Nespresso decaf espresso roast 14-pck,Starbucks,koffie-thee,"Koffie, thee",Starbucks Nespresso cups,62.87,69.86,10.0,10% volume voordeel,,,14 stuks,,True,AHOO,10% volume voordeel,2026-08-12,2999-12-31,,True,AH,https://www.ah.nl/producten/product/wi607801,2026-08-12,Starbucks Nespresso decaf espresso roast 14-pck,coffee-tea
1706,74764,Nescafé Espresso original oploskoffie,Nescafé,koffie-thee,"Koffie, thee",Oploskoffie (regular),4.45,4.45,,,,,25 stuks,,False,,,,,B,True,AH,https://www.ah.nl/producten/product/wi1706,2026-08-12,Nescafé Espresso original oploskoffie,coffee-tea
607803,0,Starbucks Nespresso decaf espresso roast cap 6-pck,Starbucks,koffie-thee,"Koffie, thee",Starbucks Nespresso cups,28.14,29.94,6.0,6% volume voordeel,,,6 stuks,,True,AHOO,6% volume voordeel,2026-08-12,2999-12-31,,True,AH,https://www.ah.nl/producten/product/wi607803,2026-08-12,Starbucks Nespresso decaf espresso roast cap 6-pack,coffee-tea
551440,749158,Starbucks Nespresso smooth caramel capsules,Starbucks,koffie-thee,"Koffie, thee",Starbucks Nespresso cups,4.99,4.99,,,,,10 stuks,,False,,,,,,True,AH,https://www.ah.nl/producten/product/wi551440,2026-08-12,Starbucks Nespresso smooth caramel capsules,coffee-tea
1494,64120,Perla Huisblends Aroma snelfiltermaling,Perla Huisblends,koffie-thee,"Koffie, thee",Perla filterkoffie,4.49,4.49,,,,,250 g,prijs per kg €17.96,False,,,,,B,True,AH,https://www.ah.nl/producten/product/wi1494,2026-08-12,Perla Huisblends Aroma quick filter grind,coffee-tea
476551,729708,Nescafé Dolce Gusto Lungo capsules,Nescafé Dolce Gusto,koffie-thee,"Koffie, thee",Nescafe Dolce Gusto cups,9.99,9.99,,,,,30 stuks,,False,,,,,B,True,AH,https://www.ah.nl/producten/product/wi476551,2026-08-12,Nescafé Dolce Gusto Lungo capsules,coffee-tea
588117,33504,Starbucks Oat caramel macchiato ijskoffie,Starbucks,koffie-thee,"Koffie, thee",IJskoffie,2.29,2.29,,1 + 1 gratis,,1.0,220 ml,normale prijs per liter €10.41,True,AH,1 + 1 gratis,2026-08-10,2026-08-16,E,True,AH,https://www.ah.nl/producten/product/wi588117,2026-08-12,Starbucks Oat caramel macchiato iced coffee,coffee-tea
595605,0,Perla Huisblends Lungo classic capsules 4-pack,Perla Huisblends,koffie-thee,"Koffie, thee",Perla Nespresso cups,11.98,21.16,43.4,pakketkorting,,,4 stuks,,True,AHOO,,2026-08-12,2026-08-16,,True,AH,https://www.ah.nl/producten/product/wi595605,2026-08-12,Perla Huisblends Lungo classic capsules 4-pack,coffee-tea
607540,0,Nescafé Dolce Gusto Cappuccino capsules 8-pack,Nescafé Dolce Gusto,koffie-thee,"Koffie, thee",Nescafe Dolce Gusto cups,46.73,51.92,10.0,10% volume voordeel,,,8 stuks,,True,AHOO,10% volume voordeel,2026-08-12,2999-12-31,,True,AH,https://www.ah.nl/producten/product/wi607540,2026-08-12,Nescafé Dolce Gusto Cappuccino capsules 8-pack,coffee-tea
127407,559164,illy Classico 100% Arabica koffiebonen,illy,koffie-thee,"Koffie, thee",Illy koffiebonen,8.49,8.49,,,,,250 g,prijs per kg €33.96,False,,,,,B,True,AH,https://www.ah.nl/producten/product/wi127407,2026-08-12,illy Classico 100% Arabica coffee beans,coffee-tea
607943,0,Nescafé Dolce Gusto Cappuccino capsules 5-pack,Nescafé Dolce Gusto,koffie-thee,"Koffie, thee",Nescafe Dolce Gusto cups,30.5,32.45,6.0,6% volume voordeel,,,5 stuks,,True,AHOO,6% volume voordeel,2026-08-12,2999-12-31,,True,AH,https://www.ah.nl/producten/product/wi607943,2026-08-12,Nescafé Dolce Gusto Cappuccino capsules 5-pack,coffee-tea
197514,798560,Pickwick Mango vruchtenthee,Pickwick,koffie-thee,"Koffie, thee",Vruchtenthee,1.99,1.99,,,,,20 stuks,,False,,,,,B,True,AH,https://www.ah.nl/producten/product/wi197514,2026-08-12,Pickwick Mango fruit tea,coffee-tea
481154,735844,Perla Huisblends Lungo dark capsules,Perla Huisblends,koffie-thee,"Koffie, thee",Perla Nespresso cups,2.995,5.29,43.4,2 voor 5.99,5.99,2.0,20 stuks,,True,AH,2 voor 5.99,2026-08-10,2026-08-16,B,True,AH,https://www.ah.nl/producten/product/wi481154,2026-08-12,Perla Huisblends Lungo dark capsules,coffee-tea
607817,0,Starbucks Nespresso pike place lungo caps 4-pack,Starbucks,koffie-thee,"Koffie, thee",Starbucks Nespresso cups,19.36,19.96,3.0,3% volume voordeel,,,4 stuks,,True,AHOO,3% volume voordeel,2026-08-12,2999-12-31,,True,AH,https://www.ah.nl/producten/product/wi607817,2026-08-12,Starbucks Nespresso pike place lungo caps 4-pack,coffee-tea
609596,0,Starbucks Oat caramel macchiato ijskoffie 4-pack,Starbucks,koffie-thee,"Koffie, thee",IJskoffie,4.58,9.16,50.0,pakketkorting,,,4 stuks,,True,AHOO,,2026-08-12,2026-08-16,,True,AH,https://www.ah.nl/producten/product/wi609596,2026-08-12,Starbucks Oat caramel macchiato iced coffee 4-pack,coffee-tea
168909,751993,Douwe Egberts Ice macchiato ijskoffie,Douwe Egberts,koffie-thee,"Koffie, thee",IJskoffie,1.59,1.59,,,,,230 ml,prijs per liter €6.91,False,,,,,C,True,AH,https://www.ah.nl/producten/product/wi168909,2026-08-12,Douwe Egberts Ice macchiato iced coffee,coffee-tea
523269,843183,Pickwick Ginger goodness lemon kruidenthee,Pickwick,koffie-thee,"Koffie, thee",Gemberthee,2.39,2.39,,,,,15 stuks,,False,,,,,B,True,AH,https://www.ah.nl/producten/product/wi523269,2026-08-12,Pickwick Ginger goodness lemon herbal tea,coffee-tea
615495,0,Pickwick Ginger goodness lemon kruidenthee 4-pack,Pickwick,koffie-thee,"Koffie, thee",Gemberthee,9.08,9.56,5.0,5% volume voordeel,,,4 stuks,,True,AHOO,5% volume voordeel,2026-08-12,2999-12-31,,True,AH,https://www.ah.nl/producten/product/wi615495,2026-08-12,Pickwick Ginger goodness lemon herbal tea 4-pack,coffee-tea
415679,686825,AH IJskoffie espresso,AH,koffie-thee,"Koffie, thee",IJskoffie,0.79,0.79,,,,,250 ml,prijs per liter €3.16,False,,,,,C,True,AH,https://www.ah.nl/producten/product/wi415679,2026-08-12,AH Iced coffee espresso,coffee-tea
607816,0,Starbucks Nespresso pike place lungo caps 14-pack,Starbucks,koffie-thee,"Koffie, thee",Starbucks Nespresso cups,62.87,69.86,10.0,10% volume voordeel,,,14 stuks,,True,AHOO,10% volume voordeel,2026-08-12,2999-12-31,,True,AH,https://www.ah.nl/producten/product/wi607816,2026-08-12,Starbucks Nespresso pike place lungo caps 14-pack,coffee-tea
609597,0,Starbucks Oat caramel macchiato ijskoffie 6-pack,Starbucks,koffie-thee,"Koffie, thee",IJskoffie,6.87,13.74,50.0,pakketkorting,,,6 stuks,,True,AHOO,,2026-08-12,2026-08-16,,True,AH,https://www.ah.nl/producten/product/wi609597,2026-08-12,Starbucks Oat caramel macchiato iced coffee 6-pack,coffee-tea
476713,729921,Coca-Cola Zero sugar 8-pack,Coca-Cola,frisdrank-sappen-water,"Frisdrank, sappen, water","Cola zero, suikervrij, light",4.75,4.75,,,,,"8 x 0,25 l",prijs per liter €2.38,False,,,,,C,True,AH,https://www.ah.nl/producten/product/wi476713,2026-08-12,Coca-Cola Zero sugar 8-pack,soft drinks-juices-water
516933,882919,Fanta Orange tray,Fanta,frisdrank-sappen-water,"Frisdrank, sappen, water",Sinas,19.89,19.89,,,,,"24 x 0,33 l",prijs per liter €2.51,False,,,,,D,True,AH,https://www.ah.nl/producten/product/wi516933,2026-08-12,Fanta Orange tray,soft drinks-juices-water
137739,606983,Coca-Cola Zero sugar,Coca-Cola,frisdrank-sappen-water,"Frisdrank, sappen, water","Cola zero, suikervrij, light",2.29,2.29,,,,,"1,5 l",prijs per liter €1.53,False,,,,,C,True,AH,https://www.ah.nl/producten/product/wi137739,2026-08-12,Coca Cola Zero sugar,soft drinks-juices-water
572502,0,Coca-Cola Zero sugar 4-pack,Coca-Cola,frisdrank-sappen-water,"Frisdrank, sappen, water","Cola zero, suikervrij, light",7.92,9.16,13.0,13.5% volume voordeel,,,4 stuks,,True,AHOO,13.5% volume voordeel,2026-08-12,2999-12-31,,True,AH,https://www.ah.nl/producten/product/wi572502,2026-08-12,Coca-Cola Zero sugar 4-pack,soft drinks-juices-water
616709,0,"Coca-Cola Coca Cola Zero 1,5L 6-pack",Coca-Cola,frisdrank-sappen-water,"Frisdrank, sappen, water","Cola zero, suikervrij, light",11.68,13.74,15.0,15% volume voordeel,,,6 stuks,,True,AHOO,15% volume voordeel,2026-08-12,2999-12-31,,True,AH,https://www.ah.nl/producten/product/wi616709,2026-08-12,Coca-Cola Coca Cola Zero 1.5L 6-pack,soft drinks-juices-water
67881,539123,Red Bull Energy drink 4-pack,Red Bull,frisdrank-sappen-water,"Frisdrank, sappen, water",Energydrinks,6.95,6.95,,,,,"	4 x 0,25 l",prijs per liter €6.95,False,,,,,E,True,AH,https://www.ah.nl/producten/product/wi67881,2026-08-12,Red Bull Energy drink 4-pack,soft drinks-juices-water
137741,606985,Coca-Cola Zero sugar,Coca-Cola,frisdrank-sappen-water,"Frisdrank, sappen, water","Cola zero, suikervrij, light",2.19,2.19,,,,,1 l,prijs per liter €2.19,False,,,,,C,True,AH,https://www.ah.nl/producten/product/wi137741,2026-08-12,Coca Cola Zero sugar,soft drinks-juices-water
2800,593459,Coca-Cola Original taste,Coca-Cola,frisdrank-sappen-water,"Frisdrank, sappen, water",Cola regular,2.29,2.29,,,,,"1,5 l",prijs per liter €1.53,False,,,,,E,True,AH,https://www.ah.nl/producten/product/wi2800,2026-08-12,Coca-Cola Original taste,soft drinks-juices-water
618377,0,Coca-Cola Zero sugar 4pk,Coca-Cola,frisdrank-sappen-water,"Frisdrank, sappen, water","Cola zero, suikervrij, light",8.5,8.76,3.0,3% volume voordeel,,,4 stuks,,True,AHOO,3% volume voordeel,2026-08-12,2999-12-31,,True,AH,https://www.ah.nl/producten/product/wi618377,2026-08-12,Coca-Cola Zero sugar 4pk,soft drinks-juices-water
616731,0,Coca-Cola Zero sugar 10-pack,Coca-Cola,frisdrank-sappen-water,"Frisdrank, sappen, water","Cola zero, suikervrij, light",18.61,21.9,15.0,15% volume voordeel,,,10 stuks,,True,AHOO,15% volume voordeel,2026-08-12,2999-12-31,,True,AH,https://www.ah.nl/producten/product/wi616731,2026-08-12,Coca-Cola Zero sugar 10-pack,soft drinks-juices-water
616735,0,Coca-Cola Zero sugar 5-pack,Coca-Cola,frisdrank-sappen-water,"Frisdrank, sappen, water","Cola zero, suikervrij, light",10.4,10.95,5.0,5% volume voordeel,,,5 stuks,,True,AHOO,5% volume voordeel,2026-08-12,2999-12-31,,True,AH,https://www.ah.nl/producten/product/wi616735,2026-08-12,Coca-Cola Zero sugar 5-pack,soft drinks-juices-water
573407,0,Coca-Cola Original taste 4-pack,Coca-Cola,frisdrank-sappen-water,"Frisdrank, sappen, water",Cola regular,7.92,9.16,13.0,13.5% volume voordeel,,,4 stuks,,True,AHOO,13.5% volume voordeel,2026-08-12,2999-12-31,,True,AH,https://www.ah.nl/producten/product/wi573407,2026-08-12,Coca-Cola Original taste 4-pack,soft drinks-juices-water
476710,729916,AH Cola no sugar,AH,frisdrank-sappen-water,"Frisdrank, sappen, water","Cola zero, suikervrij, light",0.95,0.95,,,,,"1,5 l",prijs per liter €0.63,False,,,,,C,True,AH,https://www.ah.nl/producten/product/wi476710,2026-08-12,AH Cola no sugar,soft drinks-juices-water
130874,593448,Coca-Cola Original taste,Coca-Cola,frisdrank-sappen-water,"Frisdrank, sappen, water",Cola regular,2.19,2.19,,,,,1 l,prijs per liter €2.19,False,,,,,E,True,AH,https://www.ah.nl/producten/product/wi130874,2026-08-12,Coca-Cola Original taste,soft drinks-juices-water
616714,0,Coca-Cola Original taste 10-pack,Coca-Cola,frisdrank-sappen-water,"Frisdrank, sappen, water",Cola regular,18.61,21.9,15.0,15% volume voordeel,,,10 stuks,,True,AHOO,15% volume voordeel,2026-08-12,2999-12-31,,True,AH,https://www.ah.nl/producten/product/wi616714,2026-08-12,Coca-Cola Original taste 10-pack,soft drinks-juices-water
616715,0,Coca-Cola Original taste 6-pack,Coca-Cola,frisdrank-sappen-water,"Frisdrank, sappen, water",Cola regular,11.83,13.14,10.0,10% volume voordeel,,,6 stuks,,True,AHOO,10% volume voordeel,2026-08-12,2999-12-31,,True,AH,https://www.ah.nl/producten/product/wi616715,2026-08-12,Coca-Cola Original taste 6-pack,soft drinks-juices-water
605795,0,Coca-Cola Zero sugar 24-pack,Coca-Cola,frisdrank-sappen-water,"Frisdrank, sappen, water","Cola zero, suikervrij, light",12.82,14.25,10.0,10% volume voordeel,,,3 stuks,,True,AHOO,10% volume voordeel,2026-08-12,2999-12-31,,True,AH,https://www.ah.nl/producten/product/wi605795,2026-08-12,Coca-Cola Zero sugar 24-pack,soft drinks-juices-water
375004,837504,Lipton Ice tea green,Lipton,frisdrank-sappen-water,"Frisdrank, sappen, water",Ice tea green,2.99,2.99,,,,,"1,5 l",prijs per liter €1.99,False,,,,,D,True,AH,https://www.ah.nl/producten/product/wi375004,2026-08-12,Lipton Ice tea green,soft drinks-juices-water
616722,0,Coca-Cola Regular 6-pack,Coca-Cola,frisdrank-sappen-water,"Frisdrank, sappen, water",Cola regular,12.37,13.74,10.0,10% volume voordeel,,,6 stuks,,True,AHOO,10% volume voordeel,2026-08-12,2999-12-31,,True,AH,https://www.ah.nl/producten/product/wi616722,2026-08-12,Coca-Cola Regular 6-pack,soft drinks-juices-water
608748,0,Lipton Ice tea green 1.5L 6-pack,Lipton,frisdrank-sappen-water,"Frisdrank, sappen, water",Ice tea green,15.25,17.94,15.0,15% volume voordeel,,,6 stuks,,True,AHOO,15% volume voordeel,2026-08-12,2999-12-31,,True,AH,https://www.ah.nl/producten/product/wi608748,2026-08-12,Lipton Ice tea green 1.5L 6-pack,soft drinks-juices-water
608746,0,Lipton Ice tea green 1.5L 4-pack,Lipton,frisdrank-sappen-water,"Frisdrank, sappen, water",Ice tea green,10.76,11.96,10.0,10% volume voordeel,,,4 stuks,,True,AHOO,10% volume voordeel,2026-08-12,2999-12-31,,True,AH,https://www.ah.nl/producten/product/wi608746,2026-08-12,Lipton Ice tea green 1.5L 4-pack,soft drinks-juices-water
616736,0,Coca-Cola Zero sugar 40-pack,Coca-Cola,frisdrank-sappen-water,"Frisdrank, sappen, water","Cola zero, suikervrij, light",20.19,23.75,15.0,15% volume voordeel,,,5 stuks,,True,AHOO,15% volume voordeel,2026-08-12,2999-12-31,,True,AH,https://www.ah.nl/producten/product/wi616736,2026-08-12,Coca-Cola Zero sugar 40 pack,soft drinks-juices-water
608744,0,Lipton Ice tea green 1.5L 2-pack,Lipton,frisdrank-sappen-water,"Frisdrank, sappen, water",Ice tea green,5.68,5.98,5.0,5% volume voordeel,,,2 stuks,,True,AHOO,5% volume voordeel,2026-08-12,2999-12-31,,True,AH,https://www.ah.nl/producten/product/wi608744,2026-08-12,Lipton Ice tea green 1.5L 2-pack,soft drinks-juices-water
415185,686633,AH Ice tea green koolzuurvrij,AH,frisdrank-sappen-water,"Frisdrank, sappen, water",Ice tea green,1.25,1.25,,,,,"1,5 l",prijs per liter €0.83,False,,,,,C,True,AH,https://www.ah.nl/producten/product/wi415185,2026-08-12,AH Ice tea green carbon-free,soft drinks-juices-water
569283,9552,Bar-le-Duc Mineraalwater koolzuurhoudend,Bar-le-Duc,frisdrank-sappen-water,"Frisdrank, sappen, water",Koolzuurhoudend water,0.85,0.85,,,,,"1,5 l",prijs per liter €0.57,False,,,,,A,True,AH,https://www.ah.nl/producten/product/wi569283,2026-08-12,Bar-le-Duc Mineral water carbonated,soft drinks-juices-water
123416,577176,AH Mineraalwater koolzuurvrij 6-pack,AH,frisdrank-sappen-water,"Frisdrank, sappen, water",Koolzuurvrij water,2.29,2.29,,,,,"6 x 0,5 l",prijs per liter €0.76,False,,,,,,True,AH,https://www.ah.nl/producten/product/wi123416,2026-08-12,AH Mineral water carbon-free 6-pack,soft drinks-juices-water
485568,740420,AH Appelsap,AH,frisdrank-sappen-water,"Frisdrank, sappen, water",Appelsap en perensap,1.69,1.69,,,,,"1,5 l",prijs per liter €1.13,False,,,,,C,True,AH,https://www.ah.nl/producten/product/wi485568,2026-08-12,AH Apple juice,soft drinks-juices-water
371500,836558,AH Bruisend mineraalwater citroen,AH,frisdrank-sappen-water,"Frisdrank, sappen, water",Water met smaak,1.09,1.09,,,,,"1,5 l",prijs per liter €0.73,False,,,,,B,True,AH,https://www.ah.nl/producten/product/wi371500,2026-08-12,AH Bruisend mineraalwater citroen,soft drinks-juices-water
63922,607072,AH Cola regular,AH,frisdrank-sappen-water,"Frisdrank, sappen, water",Cola regular,0.85,0.85,,,,,"1,5 l",prijs per liter €0.57,False,,,,,E,True,AH,https://www.ah.nl/producten/product/wi63922,2026-08-12,AH Cola regular,soft drinks-juices-water
477060,730719,Coca-Cola Original taste 8-pack,Coca-Cola,frisdrank-sappen-water,"Frisdrank, sappen, water",Cola regular,5.29,5.29,,,,,"8 x 0,25 l",prijs per liter €2.65,False,,,,,E,True,AH,https://www.ah.nl/producten/product/wi477060,2026-08-12,Coca-Cola Original taste 8-pack,soft drinks-juices-water
177570,779454,Lipton Ice tea sparkling original,Lipton,frisdrank-sappen-water,"Frisdrank, sappen, water",Ice tea regular,2.99,2.99,,,,,"1,5 l",prijs per liter €1.99,False,,,,,D,True,AH,https://www.ah.nl/producten/product/wi177570,2026-08-12,Lipton Ice tea sparkling original,soft drinks-juices-water
519034,886057,Lipton Ice tea green zero sugar,Lipton,frisdrank-sappen-water,"Frisdrank, sappen, water",Ice tea zero,3.69,3.69,,,,,"1,5 l",prijs per liter €2.46,False,,,,,C,True,AH,https://www.ah.nl/producten/product/wi519034,2026-08-12,Lipton Ice tea green zero sugar,soft drinks-juices-water
605793,0,Coca-Cola Original taste 24-pack,Coca-Cola,frisdrank-sappen-water,"Frisdrank, sappen, water",Cola regular,14.28,15.87,10.0,10% volume voordeel,,,3 stuks,,True,AHOO,10% volume voordeel,2026-08-12,2999-12-31,,True,AH,https://www.ah.nl/producten/product/wi605793,2026-08-12,Coca-Cola Original taste 24-pack,soft drinks-juices-water
477062,730721,Pepsi Zero sugar,Pepsi,frisdrank-sappen-water,"Frisdrank, sappen, water","Cola zero, suikervrij, light",2.29,2.29,,,,,1 l,prijs per liter €2.29,False,,,,,C,True,AH,https://www.ah.nl/producten/product/wi477062,2026-08-12,Pepsi Zero sugar,soft drinks-juices-water
614663,0,Pepsi Zero sugar 4-pack,Pepsi,frisdrank-sappen-water,"Frisdrank, sappen, water","Cola zero, suikervrij, light",8.24,9.16,10.0,10% volume voordeel,,,4 stuks,,True,AHOO,10% volume voordeel,2026-08-12,2999-12-31,,True,AH,https://www.ah.nl/producten/product/wi614663,2026-08-12,Pepsi Zero sugar 4-pack,soft drinks-juices-water
476866,729911,AH Lemon & lime zero,AH,frisdrank-sappen-water,"Frisdrank, sappen, water",Lemon en lime,0.89,0.89,,,,,"1,5 l",prijs per liter €0.59,False,,,,,C,True,AH,https://www.ah.nl/producten/product/wi476866,2026-08-12,AH Lemon & lime zero,soft drinks-juices-water
614664,0,Pepsi Zero sugar 6-pack,Pepsi,frisdrank-sappen-water,"Frisdrank, sappen, water","Cola zero, suikervrij, light",11.68,13.74,15.0,15% volume voordeel,,,6 stuks,,True,AHOO,15% volume voordeel,2026-08-12,2999-12-31,,True,AH,https://www.ah.nl/producten/product/wi614664,2026-08-12,Pepsi Zero sugar 6-pack,soft drinks-juices-water
608758,0,Lipton Ice tea sparkling original 4-pack,Lipton,frisdrank-sappen-water,"Frisdrank, sappen, water",Ice tea regular,10.76,11.96,10.0,10% volume voordeel,,,4 stuks,,True,AHOO,10% volume voordeel,2026-08-12,2999-12-31,,True,AH,https://www.ah.nl/producten/product/wi608758,2026-08-12,Lipton Ice tea sparkling original 4-pack,soft drinks-juices-water
616716,0,Coca-Cola Original taste 40-pack,Coca-Cola,frisdrank-sappen-water,"Frisdrank, sappen, water",Cola regular,22.48,26.45,15.0,15% volume voordeel,,,5 stuks,,True,AHOO,15% volume voordeel,2026-08-12,2999-12-31,,True,AH,https://www.ah.nl/producten/product/wi616716,2026-08-12,Coca-Cola Original taste 40-pack,soft drinks-juices-water
608757,0,Lipton Ice tea sparkling original 2-pack,Lipton,frisdrank-sappen-water,"Frisdrank, sappen, water",Ice tea regular,5.68,5.98,5.0,5% volume voordeel,,,2 stuks,,True,AHOO,5% volume voordeel,2026-08-12,2999-12-31,,True,AH,https://www.ah.nl/producten/product/wi608757,2026-08-12,Lipton Ice tea sparkling original 2-pack,soft drinks-juices-water
614662,0,Pepsi Zero sugar 10-pack,Pepsi,frisdrank-sappen-water,"Frisdrank, sappen, water","Cola zero, suikervrij, light",18.32,22.9,20.0,20% volume voordeel,,,10 stuks,,True,AHOO,20% volume voordeel,2026-08-12,2999-12-31,,True,AH,https://www.ah.nl/producten/product/wi614662,2026-08-12,Pepsi Zero sugar 10-pack,soft drinks-juices-water
608759,0,Lipton Ice tea sparkling original 6-pack,Lipton,frisdrank-sappen-water,"Frisdrank, sappen, water",Ice tea regular,15.25,17.94,15.0,15% volume voordeel,,,6 stuks,,True,AHOO,15% volume voordeel,2026-08-12,2999-12-31,,True,AH,https://www.ah.nl/producten/product/wi608759,2026-08-12,Lipton Ice tea sparkling original 6-pack,soft drinks-juices-water
140123,611314,Royal Club Tonic classic 0% suiker,Royal Club,frisdrank-sappen-water,"Frisdrank, sappen, water",Tonic,2.49,2.49,,,,,1 l,prijs per liter €2.49,False,,,,,C,True,AH,https://www.ah.nl/producten/product/wi140123,2026-08-12,Royal Club Tonic classic 0% sugar,soft drinks-juices-water
597121,0,Royal Club Tonic classic 0% suiker 4-pack,Royal Club,frisdrank-sappen-water,"Frisdrank, sappen, water",Tonic,8.96,9.96,10.0,10% volume voordeel,,,4 stuks,,True,AHOO,10% volume voordeel,2026-08-12,2999-12-31,,True,AH,https://www.ah.nl/producten/product/wi597121,2026-08-12,Royal Club Tonic classic 0% sugar 4-pack,soft drinks-juices-water
389544,846380,Raak Vruchtensiroop frambozen zero sugar,Raak,frisdrank-sappen-water,"Frisdrank, sappen, water",Limonadesiroop (suikerbewust en suikervrij),2.89,2.89,,,,,"0,75 l",prijs per liter €3.85,False,,,,,C,True,AH,https://www.ah.nl/producten/product/wi389544,2026-08-12,Raak Vruchtensiroop frambozen zero sugar,soft drinks-juices-water
137777,607446,AH Mineraalwater koolzuurhoudend,AH,frisdrank-sappen-water,"Frisdrank, sappen, water",Koolzuurhoudend water,0.65,0.65,,,,,"1,5 l",prijs per liter €0.43,False,,,,,,True,AH,https://www.ah.nl/producten/product/wi137777,2026-08-12,AH Mineral water carbonated,soft drinks-juices-water
140130,611356,Rivella Original,Rivella,frisdrank-sappen-water,"Frisdrank, sappen, water",Rivella,2.49,2.49,,,,,1 l,prijs per liter €2.49,False,,,,,C,True,AH,https://www.ah.nl/producten/product/wi140130,2026-08-12,Rivella Original,soft drinks-juices-water
511929,745620,Fanta Orange zero sugar,Fanta,frisdrank-sappen-water,"Frisdrank, sappen, water",Sinas,2.09,2.09,,,,,1 l,prijs per liter €2.09,False,,,,,C,True,AH,https://www.ah.nl/producten/product/wi511929,2026-08-12,Fanta Orange zero sugar,soft drinks-juices-water
161329,628964,Fanta Orange zero sugar,Fanta,frisdrank-sappen-water,"Frisdrank, sappen, water",Sinas,2.59,2.59,,,,,"1,5 l",prijs per liter €1.73,False,,,,,C,True,AH,https://www.ah.nl/producten/product/wi161329,2026-08-12,Fanta Orange zero sugar,soft drinks-juices-water
616769,0,Fanta Orange Zero Sugar 4-pack,Fanta,frisdrank-sappen-water,"Frisdrank, sappen, water",Sinas,9.32,10.36,10.0,10% volume voordeel,,,4 stuks,,True,AHOO,10% volume voordeel,2026-08-12,2999-12-31,,True,AH,https://www.ah.nl/producten/product/wi616769,2026-08-12,Fanta Orange Zero Sugar 4-pack,soft drinks-juices-water
171607,767898,Coca-Cola Zero sugar zero caffeïne,Coca-Cola,frisdrank-sappen-water,"Frisdrank, sappen, water",Cola caffeïnevrij,2.49,2.49,,,,,"1,5 l",prijs per liter €1.66,False,,,,,C,True,AH,https://www.ah.nl/producten/product/wi171607,2026-08-12,Coca-Cola Zero sugar zero caffeine,soft drinks-juices-water
614595,0,Rivella Original 4-pack,Rivella,frisdrank-sappen-water,"Frisdrank, sappen, water",Rivella,8.96,9.96,10.0,10% volume voordeel,,,4 stuks,,True,AHOO,10% volume voordeel,2026-08-12,2999-12-31,,True,AH,https://www.ah.nl/producten/product/wi614595,2026-08-12,Rivella Original 4-pack,soft drinks-juices-water
553872,86225,Sprite Zero sugar lemon-lime,Sprite,frisdrank-sappen-water,"Frisdrank, sappen, water",Lemon en lime,2.29,2.29,,,,,1 l,prijs per liter €2.29,False,,,,,C,True,AH,https://www.ah.nl/producten/product/wi553872,2026-08-12,Sprite Zero sugar lemon lime,soft drinks-juices-water
614403,0,Raak Vruchtensiroop frambozen zs 3-pack,Raak,frisdrank-sappen-water,"Frisdrank, sappen, water",Limonadesiroop (suikerbewust en suikervrij),7.8,8.67,10.0,10% volume voordeel,,,3 stuks,,True,AHOO,10% volume voordeel,2026-08-12,2999-12-31,,True,AH,https://www.ah.nl/producten/product/wi614403,2026-08-12,Raak Vruchtensiroop frambozen zs 3-pack,soft drinks-juices-water
616770,0,Fanta Orange zero sugar 5-pack,Fanta,frisdrank-sappen-water,"Frisdrank, sappen, water",Sinas,9.93,10.45,5.0,5% volume voordeel,,,5 stuks,,True,AHOO,5% volume voordeel,2026-08-12,2999-12-31,,True,AH,https://www.ah.nl/producten/product/wi616770,2026-08-12,Fanta Orange zero sugar 5-pack,soft drinks-juices-water
616768,0,Fanta Orange zero sugar 10-pack,Fanta,frisdrank-sappen-water,"Frisdrank, sappen, water",Sinas,17.76,20.9,15.0,15% volume voordeel,,,10 stuks,,True,AHOO,15% volume voordeel,2026-08-12,2999-12-31,,True,AH,https://www.ah.nl/producten/product/wi616768,2026-08-12,Fanta Orange zero sugar 10-pack,soft drinks-juices-water
614594,0,Rivella Original 10-pack,Rivella,frisdrank-sappen-water,"Frisdrank, sappen, water",Rivella,19.92,24.9,20.0,20% volume voordeel,,,10 stuks,,True,AHOO,20% volume voordeel,2026-08-12,2999-12-31,,True,AH,https://www.ah.nl/producten/product/wi614594,2026-08-12,Rivella Original 10-pack,soft drinks-juices-water
614484,0,Royal Club Tonic classic 0% suiker 10-pack,Royal Club,frisdrank-sappen-water,"Frisdrank, sappen, water",Tonic,19.92,24.9,20.0,20% volume voordeel,,,10 stuks,,True,AHOO,20% volume voordeel,2026-08-12,2999-12-31,,True,AH,https://www.ah.nl/producten/product/wi614484,2026-08-12,Royal Club Tonic classic 0% sugar 10-pack,soft drinks-juices-water
614597,0,Rivella Original 6-pack,Rivella,frisdrank-sappen-water,"Frisdrank, sappen, water",Rivella,12.7,14.94,15.0,15% volume voordeel,,,6 stuks,,True,AHOO,15% volume voordeel,2026-08-12,2999-12-31,,True,AH,https://www.ah.nl/producten/product/wi614597,2026-08-12,Rivella Original 6-pack,soft drinks-juices-water
614479,0,Royal Club Tonic classic 0% suiker 6-pack,Royal Club,frisdrank-sappen-water,"Frisdrank, sappen, water",Tonic,12.7,14.94,15.0,15% volume voordeel,,,6 stuks,,True,AHOO,15% volume voordeel,2026-08-12,2999-12-31,,True,AH,https://www.ah.nl/producten/product/wi614479,2026-08-12,Royal Club Tonic classic 0% sugar 6-pack,soft drinks-juices-water
614404,0,Raak Vruchtensiroop frambozen zs 4-pack,Raak,frisdrank-sappen-water,"Frisdrank, sappen, water",Limonadesiroop (suikerbewust en suikervrij),9.83,11.56,15.0,15% volume voordeel,,,4 stuks,,True,AHOO,15% volume voordeel,2026-08-12,2999-12-31,,True,AH,https://www.ah.nl/producten/product/wi614404,2026-08-12,Raak Fruit syrup raspberries zs 4-pack,soft drinks-juices-water
616838,0,Sprite Zero sugar lemon-lime 10-pack,Sprite,frisdrank-sappen-water,"Frisdrank, sappen, water",Lemon en lime,19.46,22.9,15.0,15% volume voordeel,,,10 stuks,,True,AHOO,15% volume voordeel,2026-08-12,2999-12-31,,True,AH,https://www.ah.nl/producten/product/wi616838,2026-08-12,Sprite Zero sugar lemon-lime 10-pack,soft drinks-juices-water
616841,0,Sprite Zero sugar lemon-lime 5pack,Sprite,frisdrank-sappen-water,"Frisdrank, sappen, water",Lemon en lime,10.88,11.45,5.0,5% volume voordeel,,,5 stuks,,True,AHOO,5% volume voordeel,2026-08-12,2999-12-31,,True,AH,https://www.ah.nl/producten/product/wi616841,2026-08-12,Sprite Zero sugar lemon-lime 5pack,soft drinks-juices-water
518942,883308,Coca-Cola Zero sugar zero caffeïne,Coca-Cola,frisdrank-sappen-water,"Frisdrank, sappen, water",Cola caffeïnevrij,2.39,2.39,,,,,1 l,prijs per liter €2.39,False,,,,,C,True,AH,https://www.ah.nl/producten/product/wi518942,2026-08-12,Coca-Cola Zero sugar zero caffeine,soft drinks-juices-water
550293,670921,Bar-le-Duc Mineraalwater bruisend,Bar-le-Duc,frisdrank-sappen-water,"Frisdrank, sappen, water",Koolzuurhoudend water,0.79,0.79,,,,,1 l,prijs per liter €0.79,False,,,,,A,True,AH,https://www.ah.nl/producten/product/wi550293,2026-08-12,Bar-le-Duc Mineral water sparkling,soft drinks-juices-water
523334,7210,AH Ice tea green mango zero zonder koolzuur,AH,frisdrank-sappen-water,"Frisdrank, sappen, water",Ice tea zero,1.25,1.25,,,,,"1,5 l",prijs per liter €0.83,False,,,,,C,True,AH,https://www.ah.nl/producten/product/wi523334,2026-08-12,AH Ice tea green mango zero without carbon dioxide,soft drinks-juices-water
211783,779455,Lipton Ice tea sparkling zero sugar,Lipton,frisdrank-sappen-water,"Frisdrank, sappen, water",Ice tea zero,3.69,3.69,,,,,"1,5 l",prijs per liter €2.46,False,,,,,C,True,AH,https://www.ah.nl/producten/product/wi211783,2026-08-12,Lipton Ice tea sparkling zero sugar,soft drinks-juices-water
604612,0,Lipton Ice tea sparkling zero sugar 2-pack,Lipton,frisdrank-sappen-water,"Frisdrank, sappen, water",Ice tea zero,6.64,7.38,10.0,10% volume voordeel,,,2 stuks,,True,AHOO,10% volume voordeel,2026-08-12,2999-12-31,,True,AH,https://www.ah.nl/producten/product/wi604612,2026-08-12,Lipton Ice tea sparkling zero sugar 2-pack,soft drinks-juices-water
202453,788567,Spa Intense rood bruisend mineraalwater,Spa,frisdrank-sappen-water,"Frisdrank, sappen, water",Koolzuurhoudend water,1.15,1.15,,,,,1 l,prijs per liter €1.15,False,,,,,A,True,AH,https://www.ah.nl/producten/product/wi202453,2026-08-12,Spa Intense red sparkling mineral water,soft drinks-juices-water
616743,0,Coca-Cola Zero sugar zero caffeïne 10-pack,Coca-Cola,frisdrank-sappen-water,"Frisdrank, sappen, water",Cola caffeïnevrij,20.31,23.9,15.0,15% volume voordeel,,,10 stuks,,True,AHOO,15% volume voordeel,2026-08-12,2999-12-31,,True,AH,https://www.ah.nl/producten/product/wi616743,2026-08-12,Coca-Cola Zero sugar zero caffeine 10-pack,soft drinks-juices-water
616744,0,Coca-Cola Zero sugar zero caffeïne 5-pack,Coca-Cola,frisdrank-sappen-water,"Frisdrank, sappen, water",Cola caffeïnevrij,11.35,11.95,5.0,5% volume voordeel,,,5 stuks,,True,AHOO,5% volume voordeel,2026-08-12,2999-12-31,,True,AH,https://www.ah.nl/producten/product/wi616744,2026-08-12,Coca-Cola Zero sugar zero caffeine 5-pack,soft drinks-juices-water
554753,86317,Fanta Orange zero sugar 8-pack,Fanta,frisdrank-sappen-water,"Frisdrank, sappen, water",Sinas,5.29,5.29,,,,,"8 x 0,25 l",prijs per liter €2.65,False,,,,,C,True,AH,https://www.ah.nl/producten/product/wi554753,2026-08-12,Fanta Orange zero sugar 8-pack,soft drinks-juices-water
137776,607445,AH Mineraalwater koolzuurvrij 6-pack,AH,frisdrank-sappen-water,"Frisdrank, sappen, water",Koolzuurvrij water,3.89,3.89,,,,,"6 x 1,5 l",prijs per liter €0.43,False,,,,,,True,AH,https://www.ah.nl/producten/product/wi137776,2026-08-12,AH Mineral water carbon-free 6-pack,soft drinks-juices-water
2803,593446,Fanta Orange,Fanta,frisdrank-sappen-water,"Frisdrank, sappen, water",Sinas,2.59,2.59,,,,,"1,5 l",prijs per liter €1.73,False,,,,,D,True,AH,https://www.ah.nl/producten/product/wi2803,2026-08-12,Fanta Orange,soft drinks-juices-water
553278,0,"Fanta Orange 1,5L 4-pack",Fanta,frisdrank-sappen-water,"Frisdrank, sappen, water",Sinas,9.32,10.36,10.0,10% volume voordeel,,,4x1.5 l,,True,AHOO,10% volume voordeel,2026-08-12,2999-12-31,,True,AH,https://www.ah.nl/producten/product/wi553278,2026-08-12,Fanta Orange 1.5L 4-pack,soft drinks-juices-water
553873,69118,Sprite Zero sugar lemon-lime,Sprite,frisdrank-sappen-water,"Frisdrank, sappen, water",Lemon en lime,2.59,2.59,,,,,"1,5 l",prijs per liter €1.73,False,,,,,C,True,AH,https://www.ah.nl/producten/product/wi553873,2026-08-12,Sprite Zero sugar lemon lime,soft drinks-juices-water
616842,0,Sprite Zero sugar lemon-lime 5-pack,Sprite,frisdrank-sappen-water,"Frisdrank, sappen, water",Lemon en lime,11.01,12.95,15.0,15% volume voordeel,,,5 stuks,,True,AHOO,15% volume voordeel,2026-08-12,2999-12-31,,True,AH,https://www.ah.nl/producten/product/wi616842,2026-08-12,Sprite Zero sugar lemon-lime 5-pack,soft drinks-juices-water
369371,834972,Raak Vruchtensiroop multivruchten zero sugar,Raak,frisdrank-sappen-water,"Frisdrank, sappen, water",Limonadesiroop (suikerbewust en suikervrij),3.19,3.19,,,,,"0,75 l",prijs per liter €4.25,False,,,,,C,True,AH,https://www.ah.nl/producten/product/wi369371,2026-08-12,Raak Fruit syrup multifruit zero sugar,soft drinks-juices-water
137779,607448,AH Mineraalwater licht bruisend,AH,frisdrank-sappen-water,"Frisdrank, sappen, water",Koolzuurhoudend water,0.65,0.65,,,,,"1,5 l",prijs per liter €0.43,False,,,,,,True,AH,https://www.ah.nl/producten/product/wi137779,2026-08-12,AH Mineral water slightly sparkling,soft drinks-juices-water
550295,68877,Bar-le-Duc Natuurlijk mineraal water 6-pack,Bar-le-Duc,frisdrank-sappen-water,"Frisdrank, sappen, water",Koolzuurvrij water,6.49,6.49,,,,,6 x 2 l,prijs per liter €0.54,False,,,,,A,True,AH,https://www.ah.nl/producten/product/wi550295,2026-08-12,Bar-le-Duc Natural mineral water 6-pack,soft drinks-juices-water
616771,0,Fanta Orange zero sugar 24-pack,Fanta,frisdrank-sappen-water,"Frisdrank, sappen, water",Sinas,15.08,15.87,5.0,5% volume voordeel,,,3 stuks,,True,AHOO,5% volume voordeel,2026-08-12,2999-12-31,,True,AH,https://www.ah.nl/producten/product/wi616771,2026-08-12,Fanta Orange zero sugar 24 pack,soft drinks-juices-water
436053,700496,Spa Touch of lemon,Spa,frisdrank-sappen-water,"Frisdrank, sappen, water",Water met smaak,1.79,1.79,,,,,1 l,prijs per liter €1.79,False,,,,,B,True,AH,https://www.ah.nl/producten/product/wi436053,2026-08-12,Spa Touch of lemon,soft drinks-juices-water
603316,0,Raak Vruchtensiroop multivruchten zero 3-pack,Raak,frisdrank-sappen-water,"Frisdrank, sappen, water",Limonadesiroop (suikerbewust en suikervrij),8.61,9.57,10.0,10% volume voordeel,,,3 stuks,,True,AHOO,10% volume voordeel,2026-08-12,2999-12-31,,True,AH,https://www.ah.nl/producten/product/wi603316,2026-08-12,Raak Vruchtensiroop multivruchten zero 3-pack,soft drinks-juices-water
389513,846376,Raak Vruchtensiroop aardbeien zero sugar,Raak,frisdrank-sappen-water,"Frisdrank, sappen, water",Limonadesiroop (suikerbewust en suikervrij),2.95,2.95,,,,,"0,75 l",prijs per liter €3.93,False,,,,,C,True,AH,https://www.ah.nl/producten/product/wi389513,2026-08-12,Touch Fruit syrup strawberries zero sugar,soft drinks-juices-water
616772,0,Fanta Orange zero sugar 40-pack,Fanta,frisdrank-sappen-water,"Frisdrank, sappen, water",Sinas,23.8,26.45,10.0,10% volume voordeel,,,5 stuks,,True,AHOO,10% volume voordeel,2026-08-12,2999-12-31,,True,AH,https://www.ah.nl/producten/product/wi616772,2026-08-12,Fanta Orange zero sugar 40 pack,soft drinks-juices-water
171022,632640,Taksi Tropisch fruit geen suiker toegevoegd,Taksi,frisdrank-sappen-water,"Frisdrank, sappen, water",Frisse fruitdranken,1.85,1.85,,,,,"1,5 l",prijs per liter €1.23,False,,,,,D,True,AH,https://www.ah.nl/producten/product/wi171022,2026-08-12,Taksi Tropical fruit no sugar added,soft drinks-juices-water
594418,0,Taksi GST Tropisch Fruit 3-pack,Taksi,frisdrank-sappen-water,"Frisdrank, sappen, water",Frisse fruitdranken,4.99,5.55,10.0,10% volume voordeel,,,3 stuks,,True,AHOO,10% volume voordeel,2026-08-12,2999-12-31,,True,AH,https://www.ah.nl/producten/product/wi594418,2026-08-12,Taksi GST Tropisch Fruit 3-pack,soft drinks-juices-water
130862,593390,Fanta Orange,Fanta,frisdrank-sappen-water,"Frisdrank, sappen, water",Sinas,2.09,2.09,,,,,1 l,prijs per liter €2.09,False,,,,,D,True,AH,https://www.ah.nl/producten/product/wi130862,2026-08-12,Fanta Orange,soft drinks-juices-water
398597,848514,S. Pellegrino Natuurlijk mineraalwater,S. Pellegrino,frisdrank-sappen-water,"Frisdrank, sappen, water",Koolzuurhoudend water,1.35,1.35,,,,,1 l,prijs per liter €1.35,False,,,,,A,True,AH,https://www.ah.nl/producten/product/wi398597,2026-08-12,S. Pellegrino Natural mineral water,soft drinks-juices-water
611838,0,Spa Touch of lemon 4-pack,Spa,frisdrank-sappen-water,"Frisdrank, sappen, water",Water met smaak,6.44,7.16,10.0,10% volume voordeel,,,4 stuks,,True,AHOO,10% volume voordeel,2026-08-12,2999-12-31,,True,AH,https://www.ah.nl/producten/product/wi611838,2026-08-12,Spa Touch of lemon 4-pack,soft drinks-juices-water
457839,621424,Royal Club Ginger ale 0% suiker,Royal Club,frisdrank-sappen-water,"Frisdrank, sappen, water","Ginger ale, ginger beer",2.39,2.39,,,,,1 l,prijs per liter €2.39,False,,,,,C,True,AH,https://www.ah.nl/producten/product/wi457839,2026-08-12,Royal Club Ginger ale 0% sugar,soft drinks-juices-water
531001,614157,Karvan Cévitam Original aardbei siroop,Karvan Cévitam,frisdrank-sappen-water,"Frisdrank, sappen, water",Limonadesiroop,4.19,4.19,,,,,"0,6 l",prijs per liter €6.98,False,,,,,E,True,AH,https://www.ah.nl/producten/product/wi531001,2026-08-12,Karvan Cévitam Original strawberry syrup,soft drinks-juices-water
62198,520310,AH Vers geperst sap sinaasappel,AH,frisdrank-sappen-water,"Fruit, verse sappen",Sinaasappelsap en jus d'orange (vers),3.99,3.99,,,,,1 l,prijs per liter €3.99,False,,,,,C,True,AH,https://www.ah.nl/producten/product/wi62198,2026-08-12,AH Freshly squeezed orange juice,soft drinks-juices-water
614405,0,Raak Vruchtensiroop multivruchten zs 4-pack,Raak,frisdrank-sappen-water,"Frisdrank, sappen, water",Limonadesiroop (suikerbewust en suikervrij),10.85,12.76,15.0,15% volume voordeel,,,4 stuks,,True,AHOO,15% volume voordeel,2026-08-12,2999-12-31,,True,AH,https://www.ah.nl/producten/product/wi614405,2026-08-12,Raak Fruit syrup multifruit zs 4-pack,soft drinks-juices-water
137775,607444,AH Mineraalwater koolzuurvrij,AH,frisdrank-sappen-water,"Frisdrank, sappen, water",Koolzuurvrij water,0.65,0.65,,,,,"1,5 l",prijs per liter €0.43,False,,,,,,True,AH,https://www.ah.nl/producten/product/wi137775,2026-08-12,AH Mineral water carbon-free,soft drinks-juices-water
63923,607074,AH Cola light,AH,frisdrank-sappen-water,"Frisdrank, sappen, water","Cola zero, suikervrij, light",0.95,0.95,,,,,"1,5 l",prijs per liter €0.63,False,,,,,C,True,AH,https://www.ah.nl/producten/product/wi63923,2026-08-12,AH Cola light,soft drinks-juices-water
597114,0,Royal Club Ginger ale 0% suiker 4-pack,Royal Club,frisdrank-sappen-water,"Frisdrank, sappen, water","Ginger ale, ginger beer",8.6,9.56,10.0,10% volume voordeel,,,4 stuks,,True,AHOO,10% volume voordeel,2026-08-12,2999-12-31,,True,AH,https://www.ah.nl/producten/product/wi597114,2026-08-12,Royal Club Ginger ale 0% sugar 4-pack,soft drinks-juices-water
603314,0,Raak Vruchtensiroop aardbeien zero 3-pack,Raak,frisdrank-sappen-water,"Frisdrank, sappen, water",Limonadesiroop (suikerbewust en suikervrij),7.96,8.85,10.0,10% volume voordeel,,,3 stuks,,True,AHOO,10% volume voordeel,2026-08-12,2999-12-31,,True,AH,https://www.ah.nl/producten/product/wi603314,2026-08-12,Raak Fruit syrup strawberries zero 3-pack,soft drinks-juices-water
614401,0,Raak Vruchtensiroop aardbeien zs 4-pack,Raak,frisdrank-sappen-water,"Frisdrank, sappen, water",Limonadesiroop (suikerbewust en suikervrij),10.03,11.8,15.0,15% volume voordeel,,,4 stuks,,True,AHOO,15% volume voordeel,2026-08-12,2999-12-31,,True,AH,https://www.ah.nl/producten/product/wi614401,2026-08-12,Raak Fruit Syrup Strawberries 4-pack,soft drinks-juices-water
616761,0,Fanta Orange 5-pack,Fanta,frisdrank-sappen-water,"Frisdrank, sappen, water",Sinas,9.93,10.45,5.0,5% volume voordeel,,,5 stuks,,True,AHOO,5% volume voordeel,2026-08-12,2999-12-31,,True,AH,https://www.ah.nl/producten/product/wi616761,2026-08-12,Fanta Orange 5-pack,soft drinks-juices-water
616759,0,Fanta Orange 10-pack,Fanta,frisdrank-sappen-water,"Frisdrank, sappen, water",Sinas,17.76,20.9,15.0,15% volume voordeel,,,10 stuks,,True,AHOO,15% volume voordeel,2026-08-12,2999-12-31,,True,AH,https://www.ah.nl/producten/product/wi616759,2026-08-12,Fanta Orange 10-pack,soft drinks-juices-water
612348,0,Karvan Cévitam Original aardbei siroop 3-pack,Karvan Cévitam,frisdrank-sappen-water,"Frisdrank, sappen, water",Limonadesiroop,11.94,12.57,5.0,5% volume voordeel,,,3 stuks,,True,AHOO,5% volume voordeel,2026-08-12,2999-12-31,,True,AH,https://www.ah.nl/producten/product/wi612348,2026-08-12,Karvan Cévitam Original aardbei siroop 3-pack,soft drinks-juices-water
485577,740436,DubbelFrisss 1Kcal Appel & perzik,DubbelFrisss,frisdrank-sappen-water,"Frisdrank, sappen, water",Frisse fruitdranken,2.75,2.75,,,,,"1,5 l",prijs per liter €1.83,False,,,,,C,True,AH,https://www.ah.nl/producten/product/wi485577,2026-08-12,DubbelFrisss 1Kcal Apple & peach,soft drinks-juices-water
569883,8626,CoolBest Fruit drink mango,CoolBest,frisdrank-sappen-water,"Fruit, verse sappen",Multivruchtensap (vers),2.29,2.29,,,,,1 l,prijs per liter €2.29,False,,,,,D,True,AH,https://www.ah.nl/producten/product/wi569883,2026-08-12,CoolBest Fruit drink mango,soft drinks-juices-water
137778,607447,AH Mineraalwater koolzuurhoudend,AH,frisdrank-sappen-water,"Frisdrank, sappen, water",Koolzuurhoudend water,3.89,3.89,,,,,"6 x 1,5 l",prijs per liter €0.43,False,,,,,,True,AH,https://www.ah.nl/producten/product/wi137778,2026-08-12,AH Mineral water carbonated,soft drinks-juices-water
611839,0,Spa Touch of lemon 6-pack,Spa,frisdrank-sappen-water,"Frisdrank, sappen, water",Water met smaak,9.13,10.74,15.0,15% volume voordeel,,,6 stuks,,True,AHOO,15% volume voordeel,2026-08-12,2999-12-31,,True,AH,https://www.ah.nl/producten/product/wi611839,2026-08-12,Spa Touch of lemon 6-pack,soft drinks-juices-water
618316,0,AH Vers geperst sap sinaasappel 2-pack,AH,frisdrank-sappen-water,"Fruit, verse sappen",Sinaasappelsap en jus d'orange (vers),7.82,7.98,2.0,2% volume voordeel,,,2 stuks,,True,AHOO,2% volume voordeel,2026-08-12,2999-12-31,,True,AH,https://www.ah.nl/producten/product/wi618316,2026-08-12,AH Freshly squeezed orange juice 2-pack,soft drinks-juices-water
550058,86583,Bar-le-Duc Natuurlijk mineraalwater,Bar-le-Duc,frisdrank-sappen-water,"Frisdrank, sappen, water",Koolzuurvrij water,1.09,1.09,,,,,2 l,prijs per liter €0.55,False,,,,,A,True,AH,https://www.ah.nl/producten/product/wi550058,2026-08-12,Bar-le-Duc Natural mineral water,soft drinks-juices-water
612135,0,CoolBest Fruit drink mango 3-pack,CoolBest,frisdrank-sappen-water,"Fruit, verse sappen",Multivruchtensap (vers),6.18,6.87,10.0,10% volume voordeel,,,3 stuks,,True,AHOO,10% volume voordeel,2026-08-12,2999-12-31,,True,AH,https://www.ah.nl/producten/product/wi612135,2026-08-12,CoolBest Fruit drink mango 3-pack,soft drinks-juices-water
523394,807131,AH Ice tea green lemon zero zonder koolzuur,AH,frisdrank-sappen-water,"Frisdrank, sappen, water",Ice tea zero,1.25,1.25,,,,,"1,5 l",prijs per liter €0.83,False,,,,,C,True,AH,https://www.ah.nl/producten/product/wi523394,2026-08-12,AH Ice tea green lemon zero without carbon dioxide,soft drinks-juices-water
415225,686757,Lipton Ice tea peach,Lipton,frisdrank-sappen-water,"Frisdrank, sappen, water",Ice tea peach,3.69,3.69,,,,,"1,5 l",prijs per liter €2.46,False,,,,,D,True,AH,https://www.ah.nl/producten/product/wi415225,2026-08-12,Lipton Ice tea peach,soft drinks-juices-water
614516,0,Royal Club Ginger ale 0% suiker 10-pack,Royal Club,frisdrank-sappen-water,"Frisdrank, sappen, water","Ginger ale, ginger beer",19.12,23.9,20.0,20% volume voordeel,,,10 stuks,,True,AHOO,20% volume voordeel,2026-08-12,2999-12-31,,True,AH,https://www.ah.nl/producten/product/wi614516,2026-08-12,Royal Club Ginger ale 0% sugar 10-pack,soft drinks-juices-water
614517,0,Royal Club Ginger ale 0% suiker 6-pack,Royal Club,frisdrank-sappen-water,"Frisdrank, sappen, water","Ginger ale, ginger beer",12.19,14.34,15.0,15% volume voordeel,,,6 stuks,,True,AHOO,15% volume voordeel,2026-08-12,2999-12-31,,True,AH,https://www.ah.nl/producten/product/wi614517,2026-08-12,Royal Club Ginger ale 0% sugar 6-pack,soft drinks-juices-water
569282,9551,Bar-le-Duc Mineraalwater koolzuurvrij,Bar-le-Duc,frisdrank-sappen-water,"Frisdrank, sappen, water",Koolzuurvrij water,0.85,0.85,,,,,"1,5 l",prijs per liter €0.57,False,,,,,A,True,AH,https://www.ah.nl/producten/product/wi569282,2026-08-12,"Bar-le-Duc Mineral water, carbon-free",soft drinks-juices-water
67830,535365,Spa Reine koolzuurvrij mineraalwater,Spa,frisdrank-sappen-water,"Frisdrank, sappen, water",Koolzuurvrij water,3.99,3.99,,,,,"6 x 0,5 l",prijs per liter €1.33,False,,,,,A,True,AH,https://www.ah.nl/producten/product/wi67830,2026-08-12,Spa Reine koolzuurvrij mineraalwater,soft drinks-juices-water
612349,0,Karvan Cévitam Original aardbei siroop 6-pack,Karvan Cévitam,frisdrank-sappen-water,"Frisdrank, sappen, water",Limonadesiroop,22.63,25.14,10.0,10% volume voordeel,,,6 stuks,,True,AHOO,10% volume voordeel,2026-08-12,2999-12-31,,True,AH,https://www.ah.nl/producten/product/wi612349,2026-08-12,Karvan Cévitam Original strawberry syrup 6-pack,soft drinks-juices-water
618318,0,AH Vers geperst sap sinaasappel 3-pack,AH,frisdrank-sappen-water,"Fruit, verse sappen",Sinaasappelsap en jus d'orange (vers),11.61,11.97,3.0,3% volume voordeel,,,3 stuks,,True,AHOO,3% volume voordeel,2026-08-12,2999-12-31,,True,AH,https://www.ah.nl/producten/product/wi618318,2026-08-12,AH Freshly squeezed orange juice 3-pack,soft drinks-juices-water
618320,0,AH Vers geperst sap sinaasappel 4-pack,AH,frisdrank-sappen-water,"Fruit, verse sappen",Sinaasappelsap en jus d'orange (vers),15.16,15.96,5.0,5% volume voordeel,,,4 stuks,,True,AHOO,5% volume voordeel,2026-08-12,2999-12-31,,True,AH,https://www.ah.nl/producten/product/wi618320,2026-08-12,AH Freshly squeezed orange juice 4-pack,soft drinks-juices-water
608749,0,Lipton Ice tea peach 1.5 L 2-pack,Lipton,frisdrank-sappen-water,"Frisdrank, sappen, water",Ice tea peach,7.01,7.38,5.0,5% volume voordeel,,,2 stuks,,True,AHOO,5% volume voordeel,2026-08-12,2999-12-31,,True,AH,https://www.ah.nl/producten/product/wi608749,2026-08-12,Lipton Ice tea peach 1.5 L 2-pack,soft drinks-juices-water
612136,0,CoolBest Fruit drink mango 6-pack,CoolBest,frisdrank-sappen-water,"Fruit, verse sappen",Multivruchtensap (vers),11.68,13.74,15.0,15% volume voordeel,,,6 stuks,,True,AHOO,15% volume voordeel,2026-08-12,2999-12-31,,True,AH,https://www.ah.nl/producten/product/wi612136,2026-08-12,CoolBest Fruit drink mango 6-pack,soft drinks-juices-water
608752,0,Lipton Ice tea peach 1.5 L 6-pack,Lipton,frisdrank-sappen-water,"Frisdrank, sappen, water",Ice tea peach,18.82,22.14,15.0,15% volume voordeel,,,6 stuks,,True,AHOO,15% volume voordeel,2026-08-12,2999-12-31,,True,AH,https://www.ah.nl/producten/product/wi608752,2026-08-12,Lipton Ice tea peach 1.5 L 6-pack,soft drinks-juices-water
608751,0,Lipton Ice tea peach 1.5 L 4-pack,Lipton,frisdrank-sappen-water,"Frisdrank, sappen, water",Ice tea peach,13.28,14.76,10.0,10% volume voordeel,,,4 stuks,,True,AHOO,10% volume voordeel,2026-08-12,2999-12-31,,True,AH,https://www.ah.nl/producten/product/wi608751,2026-08-12,Lipton Ice tea peach 1.5 L 4-pack,soft drinks-juices-water
489953,743213,Fuze Tea Green ice tea,Fuze Tea,frisdrank-sappen-water,"Frisdrank, sappen, water",Ice tea green,2.245,2.75,18.4,2 voor 4.49,4.49,2.0,"1,25 l",normale prijs per liter €2.20,True,AH,2 voor 4.49,2026-08-10,2026-08-16,D,True,AH,https://www.ah.nl/producten/product/wi489953,2026-08-12,Fuze Tea Green ice tea,soft drinks-juices-water
518907,689404,Coca-Cola Zero sugar zero caffeïne 8-pack,Coca-Cola,frisdrank-sappen-water,"Frisdrank, sappen, water",Cola caffeïnevrij,6.49,6.49,,,,,"8 x 0,25 l",prijs per liter €3.25,False,,,,,C,True,AH,https://www.ah.nl/producten/product/wi518907,2026-08-12,Coca-Cola Zero sugar zero caffeine 8-pack,soft drinks-juices-water
567973,6858,Spa Intense bruisend mineraalwater,Spa,frisdrank-sappen-water,"Frisdrank, sappen, water",Koolzuurhoudend water,0.99,1.29,23.3,voor 0.99,0.99,,"1,5 l",normale prijs per liter €0.86,True,AH,VOOR 0.99,2026-08-10,2026-08-16,A,True,AH,https://www.ah.nl/producten/product/wi567973,2026-08-12,Spa Intense sparkling mineral water,soft drinks-juices-water
436664,700968,Pepsi Zero sugar,Pepsi,frisdrank-sappen-water,"Frisdrank, sappen, water","Cola zero, suikervrij, light",2.125,2.65,19.8,2 voor 4.25,4.25,2.0,"1,5 l",normale prijs per liter €1.77,True,AH,2 VOOR 4.25,2026-08-10,2026-08-16,C,True,AH,https://www.ah.nl/producten/product/wi436664,2026-08-12,Pepsi Zero sugar,soft drinks-juices-water
576125,0,Fuze Tea Green Ice Tea 4-pack,Fuze Tea,frisdrank-sappen-water,"Frisdrank, sappen, water",Ice tea green,8.98,11.0,18.4,pakketkorting,,,4 stuks,,True,AHOO,,2026-08-12,2026-08-16,,True,AH,https://www.ah.nl/producten/product/wi576125,2026-08-12,Fuze Tea Green Ice Tea 4-pack,soft drinks-juices-water
616745,0,Coca-Cola Zero sugar zero caffeïne 24-pack,Coca-Cola,frisdrank-sappen-water,"Frisdrank, sappen, water",Cola caffeïnevrij,17.52,19.47,10.0,10% volume voordeel,,,3 stuks,,True,AHOO,10% volume voordeel,2026-08-12,2999-12-31,,True,AH,https://www.ah.nl/producten/product/wi616745,2026-08-12,Coca-Cola Zero sugar zero caffeine 24-pack,soft drinks-juices-water
608901,65293,1Fruit Appel drink,1Fruit,frisdrank-sappen-water,"Frisdrank, sappen, water",Appelsap en perensap,0.99,0.99,,,,,200 ml,prijs per liter €4.95,False,,,,,C,True,AH,https://www.ah.nl/producten/product/wi608901,2026-08-12,1Fruit Appel drink,soft drinks-juices-water
377719,838930,AH Appelsap,AH,frisdrank-sappen-water,"Frisdrank, sappen, water",Appelsap en perensap,2.39,2.39,,,,,"1,5 l",prijs per liter €1.59,False,,,,,C,True,AH,https://www.ah.nl/producten/product/wi377719,2026-08-12,AH Apple juice,soft drinks-juices-water
448504,708759,E Energy drink,E,frisdrank-sappen-water,"Frisdrank, sappen, water",Energydrinks,0.89,0.89,,,,,250 ml,prijs per liter €3.56,False,,,,,,True,AH,https://www.ah.nl/producten/product/wi448504,2026-08-12,E Energy drink,soft drinks-juices-water
616746,0,Coca-Cola Zero sugar zero caffeïne 40-pack,Coca-Cola,frisdrank-sappen-water,"Frisdrank, sappen, water",Cola caffeïnevrij,27.58,32.45,15.0,15% volume voordeel,,,5 stuks,,True,AHOO,15% volume voordeel,2026-08-12,2999-12-31,,True,AH,https://www.ah.nl/producten/product/wi616746,2026-08-12,Coca-Cola Zero sugar zero caffeine 40 pack,soft drinks-juices-water
123417,577177,AH Mineraalwater licht bruisend 6-pack,AH,frisdrank-sappen-water,"Frisdrank, sappen, water",Koolzuurhoudend water,2.29,2.29,,,,,"6 x 0,5 l",prijs per liter €0.76,False,,,,,,True,AH,https://www.ah.nl/producten/product/wi123417,2026-08-12,AH Mineral water slightly sparkling 6-pack,soft drinks-juices-water
436060,700507,Spa Reine koolzuurvrij mineraalwater,Spa,frisdrank-sappen-water,"Frisdrank, sappen, water",Koolzuurvrij water,7.19,7.19,,,,,"6 x 1,5 l",prijs per liter €0.80,False,,,,,A,True,AH,https://www.ah.nl/producten/product/wi436060,2026-08-12,Spa Reine koolzuurvrij mineraalwater,soft drinks-juices-water
2799,593460,Coca-Cola Light,Coca-Cola,frisdrank-sappen-water,"Frisdrank, sappen, water","Cola zero, suikervrij, light",2.29,2.29,,,,,"1,5 l",prijs per liter €1.53,False,,,,,C,True,AH,https://www.ah.nl/producten/product/wi2799,2026-08-12,Coca Cola Light,soft drinks-juices-water
616800,0,Fuze Tea Green ice tea 10-pack,Fuze Tea,frisdrank-sappen-water,"Frisdrank, sappen, water",Ice tea green,22.45,27.5,18.4,pakketkorting,,,10 stuks,,True,AHOO,,2026-08-12,2026-08-16,,True,AH,https://www.ah.nl/producten/product/wi616800,2026-08-12,Fuze Tea Green ice tea 10-pack,soft drinks-juices-water
130270,591181,AH Houdbare halfvolle melk 6-pack,AH,frisdrank-sappen-water,"Zuivel, eieren",Melk drinkpakjes,1.35,1.35,,,,,6 x 200 ml,prijs per liter €1.13,False,,,,,B,True,AH,https://www.ah.nl/producten/product/wi130270,2026-08-12,AH Long-life semi-skimmed milk 6-pack,soft drinks-juices-water
128382,584027,AH Frisse fruitdrank appel perzik,AH,frisdrank-sappen-water,"Frisdrank, sappen, water",Frisse fruitdranken,1.25,1.25,,,,,"1,5 l",prijs per liter €0.83,False,,,,,D,True,AH,https://www.ah.nl/producten/product/wi128382,2026-08-12,AH Fresh fruit drink apple peach,soft drinks-juices-water
616807,0,Fuze Tea Green ice tea 5-pack,Fuze Tea,frisdrank-sappen-water,"Frisdrank, sappen, water",Ice tea green,11.73,13.75,14.7,pakketkorting,,,5 stuks,,True,AHOO,,2026-08-12,2026-08-16,,True,AH,https://www.ah.nl/producten/product/wi616807,2026-08-12,Fuze Tea Green ice tea 5-pack,soft drinks-juices-water
553877,70433,Sprite Zero sugar lemon-lime 4-pack,Sprite,frisdrank-sappen-water,"Frisdrank, sappen, water",Lemon en lime,3.25,3.25,,,,,"4 x 0,25 l",prijs per liter €3.25,False,,,,,C,True,AH,https://www.ah.nl/producten/product/wi553877,2026-08-12,Sprite Zero sugar lemon-lime 4-pack,soft drinks-juices-water
454524,602203,Fuze Tea Black ice tea peach hibiscus,Fuze Tea,frisdrank-sappen-water,"Frisdrank, sappen, water",Ice tea peach,2.245,2.75,18.4,2 voor 4.49,4.49,2.0,"1,25 l",normale prijs per liter €2.20,True,AH,2 voor 4.49,2026-08-10,2026-08-16,D,True,AH,https://www.ah.nl/producten/product/wi454524,2026-08-12,Fuze Tea Black ice tea peach hibiscus,soft drinks-juices-water
196062,780665,Rivella Original,Rivella,frisdrank-sappen-water,"Frisdrank, sappen, water",Rivella,2.99,2.99,,,,,"1,5 l",prijs per liter €1.99,False,,,,,C,True,AH,https://www.ah.nl/producten/product/wi196062,2026-08-12,Rivella Original,soft drinks-juices-water
480794,734411,AH Cola zero sugar 6-pack,AH,frisdrank-sappen-water,"Frisdrank, sappen, water","Cola zero, suikervrij, light",2.19,2.19,,,,,"6 x 0,33 l",prijs per liter €1.11,False,,,,,C,True,AH,https://www.ah.nl/producten/product/wi480794,2026-08-12,AH Cola zero sugar 6-pack,soft drinks-juices-water
607668,64657,Coca-Cola Zero sugar mini 8-pack,Coca-Cola,frisdrank-sappen-water,"Frisdrank, sappen, water","Cola zero, suikervrij, light",4.69,4.69,,,,,"1,2 l",prijs per liter €3.91,False,,,,,C,True,AH,https://www.ah.nl/producten/product/wi607668,2026-08-12,Coca-Cola Zero sugar mini 8-pack,soft drinks-juices-water
485578,740437,DubbelFrisss 1kcal Framboos & cranberry,DubbelFrisss,frisdrank-sappen-water,"Frisdrank, sappen, water",Frisse fruitdranken,2.75,2.75,,,,,"1,5 l",prijs per liter €1.83,False,,,,,C,True,AH,https://www.ah.nl/producten/product/wi485578,2026-08-12,DubbelFrisss 1kcal Raspberry & cranberry,soft drinks-juices-water
476706,729903,Coca-Cola Zero sugar,Coca-Cola,frisdrank-sappen-water,"Frisdrank, sappen, water","Cola zero, suikervrij, light",0.85,0.85,,,,,250 ml,prijs per liter €3.40,False,,,,,C,True,AH,https://www.ah.nl/producten/product/wi476706,2026-08-12,Coca Cola Zero sugar,soft drinks-juices-water
124420,579137,Taksi Tropisch fruit,Taksi,frisdrank-sappen-water,"Frisdrank, sappen, water",Frisse fruitdranken,1.85,1.85,,,,,"1,5 l",prijs per liter €1.23,False,,,,,D,True,AH,https://www.ah.nl/producten/product/wi124420,2026-08-12,Taksi Tropical fruit,soft drinks-juices-water
576071,0,Fuze Tea Peach Hibiscus 4-pack,Fuze Tea,frisdrank-sappen-water,"Frisdrank, sappen, water",Ice tea green,8.98,11.0,18.4,pakketkorting,,,4 stuks,,True,AHOO,,2026-08-12,2026-08-16,,True,AH,https://www.ah.nl/producten/product/wi576071,2026-08-12,Fuze Tea Peach Hibiscus 4-pack,soft drinks-juices-water
389503,846362,AH Bruisend mineraalwater bloedsinaasappel,AH,frisdrank-sappen-water,"Frisdrank, sappen, water",Water met smaak,1.09,1.09,,,,,"1,5 l",prijs per liter €0.73,False,,,,,B,True,AH,https://www.ah.nl/producten/product/wi389503,2026-08-12,AH Sparkling mineral water blood orange,soft drinks-juices-water
73235,729221,Spa Reine koolzuurvrij mineraalwater 24-pack,Spa,frisdrank-sappen-water,"Frisdrank, sappen, water",Koolzuurvrij water,14.49,14.49,,,,,"24 x 0,5 l",prijs per liter €1.21,False,,,,,A,True,AH,https://www.ah.nl/producten/product/wi73235,2026-08-12,Spa Reine carbonated mineral water 24-pack,soft drinks-juices-water
575871,17261,Spa Touch passion fizz,Spa,frisdrank-sappen-water,"Frisdrank, sappen, water",Water met smaak,1.85,1.85,,,,,1 l,prijs per liter €1.85,False,,,,,B,True,AH,https://www.ah.nl/producten/product/wi575871,2026-08-12,Spa Touch passion fizz,soft drinks-juices-water
556544,66774,Raak Vruchtensiroop reine claude zero sugar,Raak,frisdrank-sappen-water,"Frisdrank, sappen, water",Limonadesiroop (suikerbewust en suikervrij),2.85,2.85,,,,,"0,75 l",prijs per liter €3.80,False,,,,,C,True,AH,https://www.ah.nl/producten/product/wi556544,2026-08-12,Touch Fruit syrup pure claude zero sugar,soft drinks-juices-water
603318,0,Raak Vruchtensiroop reine claude zero 3-pack,Raak,frisdrank-sappen-water,"Frisdrank, sappen, water",Limonadesiroop (suikerbewust en suikervrij),7.69,8.55,10.0,10% volume voordeel,,,3 stuks,,True,AHOO,10% volume voordeel,2026-08-12,2999-12-31,,True,AH,https://www.ah.nl/producten/product/wi603318,2026-08-12,Raak Fruit syrup reine claude zero 3-pack,soft drinks-juices-water
616839,0,Sprite Zero sugar lemon-lime 16-pack,Sprite,frisdrank-sappen-water,"Frisdrank, sappen, water",Lemon en lime,11.7,13.0,10.0,10% volume voordeel,,,4 stuks,,True,AHOO,10% volume voordeel,2026-08-12,2999-12-31,,True,AH,https://www.ah.nl/producten/product/wi616839,2026-08-12,Sprite Zero sugar lemon-lime 16-pack,soft drinks-juices-water
48352,607025,Hero Cassis zero,Hero,frisdrank-sappen-water,"Frisdrank, sappen, water",Cassis,2.69,2.69,,,,,"1,25 l",prijs per liter €2.15,False,,,,,C,True,AH,https://www.ah.nl/producten/product/wi48352,2026-08-12,Hero Cassis zero,soft drinks-juices-water
612868,0,Hero Cassis zero 4-pack,Hero,frisdrank-sappen-water,"Frisdrank, sappen, water",Cassis,10.22,10.76,5.0,5% volume voordeel,,,4 stuks,,True,AHOO,5% volume voordeel,2026-08-12,2999-12-31,,True,AH,https://www.ah.nl/producten/product/wi612868,2026-08-12,Hero Cassis zero 4-pack,soft drinks-juices-water
611840,0,Spa Touch passion fizz 4-pack,Spa,frisdrank-sappen-water,"Frisdrank, sappen, water",Water met smaak,6.66,7.4,10.0,10% volume voordeel,,,4 stuks,,True,AHOO,10% volume voordeel,2026-08-12,2999-12-31,,True,AH,https://www.ah.nl/producten/product/wi611840,2026-08-12,Spa Touch passion fizz 4-pack,soft drinks-juices-water
2751,788593,Appelsientje Sinaasappelsap,Appelsientje,frisdrank-sappen-water,"Frisdrank, sappen, water","Sinaasappelsap, citrussap, grapefruitsap (jus d'orange)",2.99,2.99,,,,,1 l,prijs per liter €2.99,False,,,,,C,True,AH,https://www.ah.nl/producten/product/wi2751,2026-08-12,Appelsientje Orange juice,soft drinks-juices-water
594335,42599,Crystal Clear Appel peer,Crystal Clear,frisdrank-sappen-water,"Frisdrank, sappen, water",Fruitwater,2.19,2.19,,,,,"1,5 l",prijs per liter €1.46,False,,,,,C,True,AH,https://www.ah.nl/producten/product/wi594335,2026-08-12,Crystal Clear Appel peer,soft drinks-juices-water
239489,832328,Spa Touch bruisend blackcurrant,Spa,frisdrank-sappen-water,"Frisdrank, sappen, water",Water met smaak,1.79,1.79,,,,,1 l,prijs per liter €1.79,False,,,,,B,True,AH,https://www.ah.nl/producten/product/wi239489,2026-08-12,Spa Touch sparkling blackcurrant,soft drinks-juices-water
496904,800596,Royal Club Ginger beer 0% suiker,Royal Club,frisdrank-sappen-water,"Frisdrank, sappen, water","Ginger ale, ginger beer",2.49,2.49,,,,,1 l,prijs per liter €2.49,False,,,,,C,True,AH,https://www.ah.nl/producten/product/wi496904,2026-08-12,Royal Club Ginger beer 0% sugar,soft drinks-juices-water
616788,0,Fuze Tea Black ice tea peach hibiscus 10-pack,Fuze Tea,frisdrank-sappen-water,"Frisdrank, sappen, water",Ice tea peach,22.45,27.5,18.4,pakketkorting,,,10 stuks,,True,AHOO,,2026-08-12,2026-08-16,,True,AH,https://www.ah.nl/producten/product/wi616788,2026-08-12,Fuze Tea Black ice tea peach hibiscus 10-pack,soft drinks-juices-water
594341,42596,Crystal Clear Framboos bosbes,Crystal Clear,frisdrank-sappen-water,"Frisdrank, sappen, water",Fruitwater,2.39,2.39,,,,,"1,5 l",prijs per liter €1.59,False,,,,,C,True,AH,https://www.ah.nl/producten/product/wi594341,2026-08-12,Crystal Clear Raspberry Blueberry,soft drinks-juices-water
616793,0,Fuze Tea Black ice tea peach hibiscus 5-pack,Fuze Tea,frisdrank-sappen-water,"Frisdrank, sappen, water",Ice tea peach,11.73,13.75,14.7,pakketkorting,,,5 stuks,,True,AHOO,,2026-08-12,2026-08-16,,True,AH,https://www.ah.nl/producten/product/wi616793,2026-08-12,Fuze Tea Black ice tea peach hibiscus 5-pack,soft drinks-juices-water
389746,846425,AH Bruisend mineraalwater citroen 6-pack,AH,frisdrank-sappen-water,"Frisdrank, sappen, water",Water met smaak,2.99,2.99,,,,,"6 x 0,5 l",prijs per liter €1.00,False,,,,,B,True,AH,https://www.ah.nl/producten/product/wi389746,2026-08-12,AH Sparkling mineral water lemon 6-pack,soft drinks-juices-water
195871,598316,Raak Vruchtensiroop frambozensmaak,Raak,frisdrank-sappen-water,"Frisdrank, sappen, water",Limonadesiroop,2.89,2.89,,,,,"0,75 l",prijs per liter €3.85,False,,,,,E,True,AH,https://www.ah.nl/producten/product/wi195871,2026-08-12,Hit Fruit Syrup Raspberry Flavor,soft drinks-juices-water
567970,6859,Spa Touch cherry bruisend,Spa,frisdrank-sappen-water,"Frisdrank, sappen, water",Water met smaak,1.79,1.79,,,,,1 l,prijs per liter €1.79,False,,,,,B,True,AH,https://www.ah.nl/producten/product/wi567970,2026-08-12,Spa Touch cherry sparkling,soft drinks-juices-water
561719,86395,AH Ginger power verse gember appel citroen,AH,frisdrank-sappen-water,"Fruit, verse sappen",Fruit en groenteshots,1.09,1.09,,5 + 1 gratis,,5.0,125 ml,normale prijs per liter €8.72,True,AH,5 + 1 gratis,2026-08-10,2026-08-16,C,True,AH,https://www.ah.nl/producten/product/wi561719,2026-08-12,AH Ginger power verse gember appel citroen,soft drinks-juices-water
571533,0,AH Ginger power 6-pack,AH,frisdrank-sappen-water,"Fruit, verse sappen",Fruit en groenteshots,5.45,6.54,16.7,pakketkorting,,,6 stuks,,True,AHOO,,2026-08-12,2026-08-16,,True,AH,https://www.ah.nl/producten/product/wi571533,2026-08-12,AH Ginger power 6-pack,soft drinks-juices-water
531004,31244,Karvan Cévitam Original framboos siroop,Karvan Cévitam,frisdrank-sappen-water,"Frisdrank, sappen, water",Limonadesiroop,4.29,4.29,,,,,"0,6 l",prijs per liter €7.15,False,,,,,E,True,AH,https://www.ah.nl/producten/product/wi531004,2026-08-12,Karvan Cévitam Original raspberry syrup,soft drinks-juices-water
616840,0,Sprite Zero sugar lemon-lime 32-pack,Sprite,frisdrank-sappen-water,"Frisdrank, sappen, water",Lemon en lime,22.1,26.0,15.0,15% volume voordeel,,,8 stuks,,True,AHOO,15% volume voordeel,2026-08-12,2999-12-31,,True,AH,https://www.ah.nl/producten/product/wi616840,2026-08-12,Sprite Zero sugar lemon-lime 32-pack,soft drinks-juices-water
614525,0,Royal Club Ginger beer 0% suiker 4-pack,Royal Club,frisdrank-sappen-water,"Frisdrank, sappen, water","Ginger ale, ginger beer",8.96,9.96,10.0,10% volume voordeel,,,4 stuks,,True,AHOO,10% volume voordeel,2026-08-12,2999-12-31,,True,AH,https://www.ah.nl/producten/product/wi614525,2026-08-12,Royal Club Ginger beer 0% sugar 4-pack,soft drinks-juices-water
561718,672539,AH Ginger passion gember passievrucht,AH,frisdrank-sappen-water,"Fruit, verse sappen",Fruit en groenteshots,1.09,1.09,,5 + 1 gratis,,5.0,125 ml,normale prijs per liter €8.72,True,AH,5 + 1 gratis,2026-08-10,2026-08-16,D,True,AH,https://www.ah.nl/producten/product/wi561718,2026-08-12,AH Ginger passion ginger passion fruit,soft drinks-juices-water
571534,0,AH Ginger passion 6-pack,AH,frisdrank-sappen-water,"Fruit, verse sappen",Fruit en groenteshots,5.45,6.54,16.7,pakketkorting,,,6 stuks,,True,AHOO,,2026-08-12,2026-08-16,,True,AH,https://www.ah.nl/producten/product/wi571534,2026-08-12,AH Ginger passion 6-pack,soft drinks-juices-water
163780,607449,AH Mineraalwater licht bruisend 6-pack,AH,frisdrank-sappen-water,"Frisdrank, sappen, water",Koolzuurhoudend water,3.89,3.89,,,,,"6 x 1,5 l",prijs per liter €0.43,False,,,,,,True,AH,https://www.ah.nl/producten/product/wi163780,2026-08-12,AH Mineral water slightly sparkling 6-pack,soft drinks-juices-water
575208,16666,AH Frisse fruitdrank ananas mango 1kcal,AH,frisdrank-sappen-water,"Frisdrank, sappen, water",Frisse fruitdranken,1.25,1.25,,,,,"1,5 l",prijs per liter €0.83,False,,,,,C,True,AH,https://www.ah.nl/producten/product/wi575208,2026-08-12,AH Fresh fruit drink pineapple mango 1kcal,soft drinks-juices-water
415186,686634,AH Ice tea lemon koolzuurvrij,AH,frisdrank-sappen-water,"Frisdrank, sappen, water",Ice tea lemon,1.25,1.25,,,,,"1,5 l",prijs per liter €0.83,False,,,,,D,True,AH,https://www.ah.nl/producten/product/wi415186,2026-08-12,AH Ice tea lemon carbonated,soft drinks-juices-water
531003,525946,Karvan Cévitam Original grenadine siroop,Karvan Cévitam,frisdrank-sappen-water,"Frisdrank, sappen, water",Limonadesiroop,4.29,4.29,,,,,"0,6 l",prijs per liter €7.15,False,,,,,E,True,AH,https://www.ah.nl/producten/product/wi531003,2026-08-12,Karvan Cévitam Original grenadine syrup,soft drinks-juices-water
611841,0,Spa Touch passion fizz 6-pack,Spa,frisdrank-sappen-water,"Frisdrank, sappen, water",Water met smaak,9.43,11.1,15.0,15% volume voordeel,,,6 stuks,,True,AHOO,15% volume voordeel,2026-08-12,2999-12-31,,True,AH,https://www.ah.nl/producten/product/wi611841,2026-08-12,Spa Touch passion fizz 6-pack,soft drinks-juices-water
140127,611318,Royal Club Bitter lemon 0% suiker,Royal Club,frisdrank-sappen-water,"Frisdrank, sappen, water",Bitter lemon,2.39,2.39,,,,,1 l,prijs per liter €2.39,False,,,,,C,True,AH,https://www.ah.nl/producten/product/wi140127,2026-08-12,Royal Club Bitter lemon 0% sugar,soft drinks-juices-water
611825,0,Spa Touch bruisend blackcurrant 4-pack,Spa,frisdrank-sappen-water,"Frisdrank, sappen, water",Water met smaak,6.44,7.16,10.0,10% volume voordeel,,,4 stuks,,True,AHOO,10% volume voordeel,2026-08-12,2999-12-31,,True,AH,https://www.ah.nl/producten/product/wi611825,2026-08-12,Spa Touch sparkling blackcurrant 4-pack,soft drinks-juices-water
600445,0,Karvan Cévitam Original framboos siroop 3-pack,Karvan Cévitam,frisdrank-sappen-water,"Frisdrank, sappen, water",Limonadesiroop,10.94,12.87,15.0,15% volume voordeel,,,3 stuks,,True,AHOO,15% volume voordeel,2026-08-12,2999-12-31,,True,AH,https://www.ah.nl/producten/product/wi600445,2026-08-12,Karvan Cévitam Original raspberry syrup 3-pack,soft drinks-juices-water
398608,848725,S. Pellegrino Natuurlijk mineraalwater,S. Pellegrino,frisdrank-sappen-water,"Frisdrank, sappen, water",Koolzuurhoudend water,7.99,7.99,,,,,6 x 1 l,prijs per liter €1.33,False,,,,,A,True,AH,https://www.ah.nl/producten/product/wi398608,2026-08-12,S. Pellegrino Natural mineral water,soft drinks-juices-water
612118,0,Appelsientje Sinaasappelsap 4-pack,Appelsientje,frisdrank-sappen-water,"Frisdrank, sappen, water","Sinaasappelsap, citrussap, grapefruitsap (jus d'orange)",10.76,11.96,10.0,10% volume voordeel,,,4 stuks,,True,AHOO,10% volume voordeel,2026-08-12,2999-12-31,,True,AH,https://www.ah.nl/producten/product/wi612118,2026-08-12,Appelsientje Orange juice 4-pack,soft drinks-juices-water
614409,0,Raak Vruchtensiroop reine claude zs 4-pack,Raak,frisdrank-sappen-water,"Frisdrank, sappen, water",Limonadesiroop (suikerbewust en suikervrij),9.69,11.4,15.0,15% volume voordeel,,,4 stuks,,True,AHOO,15% volume voordeel,2026-08-12,2999-12-31,,True,AH,https://www.ah.nl/producten/product/wi614409,2026-08-12,Raak Vruchtensiroop reine claude zs 4-pack,soft drinks-juices-water
163236,750055,Royal Club Ginger ale,Royal Club,frisdrank-sappen-water,"Frisdrank, sappen, water","Ginger ale, ginger beer",2.49,2.49,,,,,1 l,prijs per liter €2.49,False,,,,,E,True,AH,https://www.ah.nl/producten/product/wi163236,2026-08-12,Royal Club Ginger ale,soft drinks-juices-water
496999,802661,Lipton Ice tea green 4-pack,Lipton,frisdrank-sappen-water,"Frisdrank, sappen, water",Ice tea green,3.59,3.59,,,,,"4 x 0,25 l",prijs per liter €3.59,False,,,,,D,True,AH,https://www.ah.nl/producten/product/wi496999,2026-08-12,Lipton Ice tea green 4-pack,soft drinks-juices-water
511095,678167,AH Licht & zonder prik appel & peer,AH,frisdrank-sappen-water,"Frisdrank, sappen, water",Frisse fruitdranken,1.39,1.39,,,,,"1,5 l",prijs per liter €0.93,False,,,,,C,True,AH,https://www.ah.nl/producten/product/wi511095,2026-08-12,AH Light & without prickly apple & pear,soft drinks-juices-water
608745,0,Lipton Ice tea green 12-pack,Lipton,frisdrank-sappen-water,"Frisdrank, sappen, water",Ice tea green,9.69,10.77,10.0,10% volume voordeel,,,3 stuks,,True,AHOO,10% volume voordeel,2026-08-12,2999-12-31,,True,AH,https://www.ah.nl/producten/product/wi608745,2026-08-12,Lipton Ice tea green 12-pack,soft drinks-juices-water
611832,0,Spa Touch cherry bruisend 4-pack,Spa,frisdrank-sappen-water,"Frisdrank, sappen, water",Water met smaak,6.44,7.16,10.0,10% volume voordeel,,,4 stuks,,True,AHOO,10% volume voordeel,2026-08-12,2999-12-31,,True,AH,https://www.ah.nl/producten/product/wi611832,2026-08-12,Spa Touch cherry sparkling 4-pack,soft drinks-juices-water
612354,0,Karvan Cévitam Original grenadine siroop 3-pack,Karvan Cévitam,frisdrank-sappen-water,"Frisdrank, sappen, water",Limonadesiroop,12.23,12.87,5.0,5% volume voordeel,,,3 stuks,,True,AHOO,5% volume voordeel,2026-08-12,2999-12-31,,True,AH,https://www.ah.nl/producten/product/wi612354,2026-08-12,Karvan Cévitam Original grenadine syrup 3-pack,soft drinks-juices-water
614524,0,Royal Club Ginger beer 0% suiker 10-pack,Royal Club,frisdrank-sappen-water,"Frisdrank, sappen, water","Ginger ale, ginger beer",19.92,24.9,20.0,20% volume voordeel,,,10 stuks,,True,AHOO,20% volume voordeel,2026-08-12,2999-12-31,,True,AH,https://www.ah.nl/producten/product/wi614524,2026-08-12,Royal Club Ginger beer 0% sugar 10-pack,soft drinks-juices-water
614526,0,Royal Club Ginger beer 0% suiker 6-pack,Royal Club,frisdrank-sappen-water,"Frisdrank, sappen, water","Ginger ale, ginger beer",12.7,14.94,15.0,15% volume voordeel,,,6 stuks,,True,AHOO,15% volume voordeel,2026-08-12,2999-12-31,,True,AH,https://www.ah.nl/producten/product/wi614526,2026-08-12,Royal Club Ginger beer 0% sugar 6-pack,soft drinks-juices-water
553399,702887,Charlie's Organics sparkling orange & mandarin,Charlie's,frisdrank-sappen-water,"Frisdrank, sappen, water",Water met smaak,1.15,1.15,,,,,330 ml,prijs per liter €3.48,False,,,,,B,True,AH,https://www.ah.nl/producten/product/wi553399,2026-08-12,Charlie's Organics sparkling orange & mandarin,soft drinks-juices-water
454525,602247,Fuze Tea Green Ice Tea Mango chamomile,Fuze Tea,frisdrank-sappen-water,"Frisdrank, sappen, water",Ice tea green,2.245,2.75,18.4,2 voor 4.49,4.49,2.0,"1,25 l",normale prijs per liter €2.20,True,AH,2 voor 4.49,2026-08-10,2026-08-16,D,True,AH,https://www.ah.nl/producten/product/wi454525,2026-08-12,Fuze Tea Green Ice Tea Mango chamomile,soft drinks-juices-water
597112,0,Royal Club Bitter lemon 0% suiker 4-pack,Royal Club,frisdrank-sappen-water,"Frisdrank, sappen, water",Bitter lemon,8.6,9.56,10.0,10% volume voordeel,,,4 stuks,,True,AHOO,10% volume voordeel,2026-08-12,2999-12-31,,True,AH,https://www.ah.nl/producten/product/wi597112,2026-08-12,Royal Club Bitter lemon 0% sugar 4-pack,soft drinks-juices-water
614669,0,Crystal Clear Appel peer 4-pack,Crystal Clear,frisdrank-sappen-water,"Frisdrank, sappen, water",Fruitwater,7.88,8.76,10.0,10% volume voordeel,,,4 stuks,,True,AHOO,10% volume voordeel,2026-08-12,2999-12-31,,True,AH,https://www.ah.nl/producten/product/wi614669,2026-08-12,Crystal Clear Apple pear 4-pack,soft drinks-juices-water
500277,811201,Slimpie Framboos siroop 0% suiker,Slimpie,frisdrank-sappen-water,"Frisdrank, sappen, water",Limonadesiroop (suikerbewust en suikervrij),3.49,3.49,,,,,"0,65 l",prijs per liter €5.37,False,,,,,C,True,AH,https://www.ah.nl/producten/product/wi500277,2026-08-12,Slimpie Raspberry syrup 0% sugar,soft drinks-juices-water
612120,0,Appelsientje Sinaasappelsap 8-pack,Appelsientje,frisdrank-sappen-water,"Frisdrank, sappen, water","Sinaasappelsap, citrussap, grapefruitsap (jus d'orange)",19.14,23.92,20.0,20% volume voordeel,,,8 stuks,,True,AHOO,20% volume voordeel,2026-08-12,2999-12-31,,True,AH,https://www.ah.nl/producten/product/wi612120,2026-08-12,Appelsientje Orange juice 8-pack,soft drinks-juices-water
119839,573006,AH Biologisch Sinaasappelsap,AH Biologisch,frisdrank-sappen-water,"Frisdrank, sappen, water","Sinaasappelsap, citrussap, grapefruitsap (jus d'orange)",2.39,2.39,,,,,1 l,prijs per liter €2.39,False,,,,,C,True,AH,https://www.ah.nl/producten/product/wi119839,2026-08-12,AH Organic Orange Juice,soft drinks-juices-water
611826,0,Spa Touch bruisend blackcurrant 6-pack,Spa,frisdrank-sappen-water,"Frisdrank, sappen, water",Water met smaak,9.13,10.74,15.0,15% volume voordeel,,,6 stuks,,True,AHOO,15% volume voordeel,2026-08-12,2999-12-31,,True,AH,https://www.ah.nl/producten/product/wi611826,2026-08-12,Spa Touch sparkling blackcurrant 6-pack,soft drinks-juices-water
567974,6861,Spa Intense bruisend mineraalwater 6-pack,Spa,frisdrank-sappen-water,"Frisdrank, sappen, water",Koolzuurhoudend water,5.94,7.69,22.8,voor 5.94,5.94,,"6 x 1,5 l",normale prijs per liter €0.85,True,AH,VOOR 5.94,2026-08-10,2026-08-16,A,True,AH,https://www.ah.nl/producten/product/wi567974,2026-08-12,Spa Intense sparkling mineral water 6-pack,soft drinks-juices-water
2742,788594,Appelsientje Goudappeltje,Appelsientje,frisdrank-sappen-water,"Frisdrank, sappen, water",Appelsap en perensap,2.89,2.89,,,,,1 l,prijs per liter €2.89,False,,,,,C,True,AH,https://www.ah.nl/producten/product/wi2742,2026-08-12,Appelsientje Goudappeltje,soft drinks-juices-water
593830,42222,AH Cassis zero sugar,AH,frisdrank-sappen-water,"Frisdrank, sappen, water",Cassis,1.45,1.45,,,,,"1,5 l",prijs per liter €0.97,False,,,,,C,True,AH,https://www.ah.nl/producten/product/wi593830,2026-08-12,AH Cassis zero sugar,soft drinks-juices-water
611833,0,Spa Touch cherry bruisend 6-pack,Spa,frisdrank-sappen-water,"Frisdrank, sappen, water",Water met smaak,9.13,10.74,15.0,15% volume voordeel,,,6 stuks,,True,AHOO,15% volume voordeel,2026-08-12,2999-12-31,,True,AH,https://www.ah.nl/producten/product/wi611833,2026-08-12,Spa Touch cherry sparkling 6-pack,soft drinks-juices-water
137742,607024,Hero Cassis,Hero,frisdrank-sappen-water,"Frisdrank, sappen, water",Cassis,2.69,2.69,,,,,"1,25 l",prijs per liter €2.15,False,,,,,E,True,AH,https://www.ah.nl/producten/product/wi137742,2026-08-12,Hero Cassis,soft drinks-juices-water
612863,0,Hero Cassis 4-pack,Hero,frisdrank-sappen-water,"Frisdrank, sappen, water",Cassis,10.22,10.76,5.0,5% volume voordeel,,,4 stuks,,True,AHOO,5% volume voordeel,2026-08-12,2999-12-31,,True,AH,https://www.ah.nl/producten/product/wi612863,2026-08-12,Hero Cassis 4-pack,soft drinks-juices-water
614522,0,Royal Club Ginger ale 4-pck,Royal Club,frisdrank-sappen-water,"Frisdrank, sappen, water","Ginger ale, ginger beer",8.96,9.96,10.0,10% volume voordeel,,,4 stuks,,True,AHOO,10% volume voordeel,2026-08-12,2999-12-31,,True,AH,https://www.ah.nl/producten/product/wi614522,2026-08-12,Royal Club Ginger ale 4-pck,soft drinks-juices-water
569884,8627,CoolBest Fruit drink strawberry,CoolBest,frisdrank-sappen-water,"Fruit, verse sappen",Multivruchtensap (vers),2.29,2.29,,,,,1 l,prijs per liter €2.29,False,,,,,C,True,AH,https://www.ah.nl/producten/product/wi569884,2026-08-12,CoolBest Fruit drink strawberry,soft drinks-juices-water
616820,0,Fuze Tea Mango Chamomile bundel 4-pack,Fuze Tea,frisdrank-sappen-water,"Frisdrank, sappen, water",Ice tea green,8.98,11.0,18.4,pakketkorting,,,4 stuks,,True,AHOO,,2026-08-12,2026-08-16,,True,AH,https://www.ah.nl/producten/product/wi616820,2026-08-12,Fuze Tea Mango Chamomile bundel 4-pack,soft drinks-juices-water
612119,0,Appelsientje Sinaasappelsap 6-pack,Appelsientje,frisdrank-sappen-water,"Frisdrank, sappen, water","Sinaasappelsap, citrussap, grapefruitsap (jus d'orange)",15.25,17.94,15.0,15% volume voordeel,,,6 stuks,,True,AHOO,15% volume voordeel,2026-08-12,2999-12-31,,True,AH,https://www.ah.nl/producten/product/wi612119,2026-08-12,Appelsientje Orange juice 6-pack,soft drinks-juices-water
196034,757801,Taksi Tropisch fruit geen suiker toegevoegd 10,Taksi,frisdrank-sappen-water,"Frisdrank, sappen, water",Fruitdrank drinkpakjes,3.09,3.09,,,,,"10 x 0,2 l",prijs per liter €1.55,False,,,,,D,True,AH,https://www.ah.nl/producten/product/wi196034,2026-08-12,Taksi Tropical fruit no sugar added 10,soft drinks-juices-water
612143,0,CoolBest Fruit drink strawberry 3-pack,CoolBest,frisdrank-sappen-water,"Fruit, verse sappen",Multivruchtensap (vers),6.18,6.87,10.0,10% volume voordeel,,,3 stuks,,True,AHOO,10% volume voordeel,2026-08-12,2999-12-31,,True,AH,https://www.ah.nl/producten/product/wi612143,2026-08-12,CoolBest Fruit drink strawberry 3-pack,soft drinks-juices-water
468202,719752,Raak Vruchtensiroop bosvruchten zero sugar,Raak,frisdrank-sappen-water,"Frisdrank, sappen, water",Limonadesiroop (suikerbewust en suikervrij),3.49,3.49,,,,,"0,75 l",prijs per liter €4.65,False,,,,,C,True,AH,https://www.ah.nl/producten/product/wi468202,2026-08-12,Raak Fruit syrup forest fruits zero sugar,soft drinks-juices-water
612355,0,Karvan Cévitam Original grenadine siroop 6-pack,Karvan Cévitam,frisdrank-sappen-water,"Frisdrank, sappen, water",Limonadesiroop,23.17,25.74,10.0,10% volume voordeel,,,6 stuks,,True,AHOO,10% volume voordeel,2026-08-12,2999-12-31,,True,AH,https://www.ah.nl/producten/product/wi612355,2026-08-12,Karvan Cévitam Original grenadine siroop 6-pack,soft drinks-juices-water
614668,0,Crystal Clear Appel peer 10-pack,Crystal Clear,frisdrank-sappen-water,"Frisdrank, sappen, water",Fruitwater,17.52,21.9,20.0,20% volume voordeel,,,10 stuks,,True,AHOO,20% volume voordeel,2026-08-12,2999-12-31,,True,AH,https://www.ah.nl/producten/product/wi614668,2026-08-12,Crystal Clear Apple pear 10-pack,soft drinks-juices-water
382528,842114,innocent Kokoswater,innocent,frisdrank-sappen-water,"Frisdrank, sappen, water","Kokoswater, aloe vera dranken",2.79,2.79,,,,,"0,5 l",prijs per liter €5.58,False,,,,,C,True,AH,https://www.ah.nl/producten/product/wi382528,2026-08-12,innocent coconut water,soft drinks-juices-water
614463,0,Royal Club Bitter lemon 0% suiker 10-pack,Royal Club,frisdrank-sappen-water,"Frisdrank, sappen, water",Bitter lemon,19.12,23.9,20.0,20% volume voordeel,,,10 stuks,,True,AHOO,20% volume voordeel,2026-08-12,2999-12-31,,True,AH,https://www.ah.nl/producten/product/wi614463,2026-08-12,Royal Club Bitter lemon 0% sugar 10-pack,soft drinks-juices-water
616810,0,Fuze Tea Green Ice Tea Mango chamomile 10-pack,Fuze Tea,frisdrank-sappen-water,"Frisdrank, sappen, water",Ice tea green,22.45,27.5,18.4,pakketkorting,,,10 stuks,,True,AHOO,,2026-08-12,2026-08-16,,True,AH,https://www.ah.nl/producten/product/wi616810,2026-08-12,Fuze Tea Green Ice Tea Mango chamomile 10-pack,soft drinks-juices-water
616817,0,Fuze Tea Green Ice Tea Mango chamomile 5-pack,Fuze Tea,frisdrank-sappen-water,"Frisdrank, sappen, water",Ice tea green,11.73,13.75,14.7,pakketkorting,,,5 stuks,,True,AHOO,,2026-08-12,2026-08-16,,True,AH,https://www.ah.nl/producten/product/wi616817,2026-08-12,Fuze Tea Green Ice Tea Mango chamomile 5-pack,soft drinks-juices-water
614467,0,Royal Club Bitter lemon 0% suiker 6-pack,Royal Club,frisdrank-sappen-water,"Frisdrank, sappen, water",Bitter lemon,12.19,14.34,15.0,15% volume voordeel,,,6 stuks,,True,AHOO,15% volume voordeel,2026-08-12,2999-12-31,,True,AH,https://www.ah.nl/producten/product/wi614467,2026-08-12,Royal Club Bitter lemon 0% sugar 6-pack,soft drinks-juices-water
518858,91621,Spa Fruit lemon cactus,Spa,frisdrank-sappen-water,"Frisdrank, sappen, water",Fruitwater,2.49,2.49,,,,,"1,25 l",prijs per liter €1.99,False,,,,,D,True,AH,https://www.ah.nl/producten/product/wi518858,2026-08-12,Spa Fruit lemon cactus,soft drinks-juices-water
476734,729953,Fanta Orange 8-pack,Fanta,frisdrank-sappen-water,"Frisdrank, sappen, water",Sinas,6.39,6.39,,,,,"8 x 0,25 l",prijs per liter €3.20,False,,,,,D,True,AH,https://www.ah.nl/producten/product/wi476734,2026-08-12,Fanta Orange 8-pack,soft drinks-juices-water
614670,0,Crystal Clear Appel peer 6-pack,Crystal Clear,frisdrank-sappen-water,"Frisdrank, sappen, water",Fruitwater,11.17,13.14,15.0,15% volume voordeel,,,6 stuks,,True,AHOO,15% volume voordeel,2026-08-12,2999-12-31,,True,AH,https://www.ah.nl/producten/product/wi614670,2026-08-12,Crystal Clear Apple pear 6-pack,soft drinks-juices-water
594419,0,Taksi Tropisch Fruit GST 3 x 10-pack,Taksi,frisdrank-sappen-water,"Frisdrank, sappen, water",Fruitdrank drinkpakjes,7.42,9.27,20.0,20% volume voordeel,,,3 stuks,,True,AHOO,20% volume voordeel,2026-08-12,2999-12-31,,True,AH,https://www.ah.nl/producten/product/wi594419,2026-08-12,Taksi Tropical Fruit GST 3 x 10 pack,soft drinks-juices-water
476709,729909,AH Cassis regular,AH,frisdrank-sappen-water,"Frisdrank, sappen, water",Cassis,1.45,1.45,,,,,"1,5 l",prijs per liter €0.97,False,,,,,D,True,AH,https://www.ah.nl/producten/product/wi476709,2026-08-12,AH Cassis regular,soft drinks-juices-water
612144,0,CoolBest Fruit drink strawberry 6-pack,CoolBest,frisdrank-sappen-water,"Fruit, verse sappen",Multivruchtensap (vers),11.68,13.74,15.0,15% volume voordeel,,,6 stuks,,True,AHOO,15% volume voordeel,2026-08-12,2999-12-31,,True,AH,https://www.ah.nl/producten/product/wi612144,2026-08-12,CoolBest Fruit drink strawberry 6-pack,soft drinks-juices-water
612107,0,Appelsientje Goudappeltje 4-pack,Appelsientje,frisdrank-sappen-water,"Frisdrank, sappen, water",Appelsap en perensap,10.4,11.56,10.0,10% volume voordeel,,,4 stuks,,True,AHOO,10% volume voordeel,2026-08-12,2999-12-31,,True,AH,https://www.ah.nl/producten/product/wi612107,2026-08-12,Appelsientje Goudappeltje 4-pack,soft drinks-juices-water
614521,0,Royal Club Ginger ale 10-pck,Royal Club,frisdrank-sappen-water,"Frisdrank, sappen, water","Ginger ale, ginger beer",19.92,24.9,20.0,20% volume voordeel,,,10 stuks,,True,AHOO,20% volume voordeel,2026-08-12,2999-12-31,,True,AH,https://www.ah.nl/producten/product/wi614521,2026-08-12,Royal Club Ginger ale 10-pck,soft drinks-juices-water
611809,0,Spa Fruit lemon cactus 4-pack,Spa,frisdrank-sappen-water,"Frisdrank, sappen, water",Fruitwater,8.96,9.96,10.0,10% volume voordeel,,,4 stuks,,True,AHOO,10% volume voordeel,2026-08-12,2999-12-31,,True,AH,https://www.ah.nl/producten/product/wi611809,2026-08-12,Spa Fruit lemon cactus 4-pack,soft drinks-juices-water
614402,0,Raak Vruchtensiroop bosvruchten zs 4-pack,Raak,frisdrank-sappen-water,"Frisdrank, sappen, water",Limonadesiroop (suikerbewust en suikervrij),11.87,13.96,15.0,15% volume voordeel,,,4 stuks,,True,AHOO,15% volume voordeel,2026-08-12,2999-12-31,,True,AH,https://www.ah.nl/producten/product/wi614402,2026-08-12,Raak Fruit syrup forest fruits ass 4-pack,soft drinks-juices-water
616762,0,Fanta Orange 24-pack,Fanta,frisdrank-sappen-water,"Frisdrank, sappen, water",Sinas,18.21,19.17,5.0,5% volume voordeel,,,3 stuks,,True,AHOO,5% volume voordeel,2026-08-12,2999-12-31,,True,AH,https://www.ah.nl/producten/product/wi616762,2026-08-12,Fanta Orange 24 pack,soft drinks-juices-water
603315,0,Raak Vruchtensiroop bosvruchten zero 3-pack,Raak,frisdrank-sappen-water,"Frisdrank, sappen, water",Limonadesiroop (suikerbewust en suikervrij),9.42,10.47,10.0,10% volume voordeel,,,3 stuks,,True,AHOO,10% volume voordeel,2026-08-12,2999-12-31,,True,AH,https://www.ah.nl/producten/product/wi603315,2026-08-12,Raak Fruit syrup forest fruits zero 3-pack,soft drinks-juices-water
612353,0,Karvan Cévitam Original framboos siroop 6-pack,Karvan Cévitam,frisdrank-sappen-water,"Frisdrank, sappen, water",Limonadesiroop,23.17,25.74,10.0,10% volume voordeel,,,6 stuks,,True,AHOO,10% volume voordeel,2026-08-12,2999-12-31,,True,AH,https://www.ah.nl/producten/product/wi612353,2026-08-12,Karvan Cévitam Original raspberry syrup 6-pack,soft drinks-juices-water
614523,0,Royal Club Ginger ale 6-pck,Royal Club,frisdrank-sappen-water,"Frisdrank, sappen, water","Ginger ale, ginger beer",12.7,14.94,15.0,15% volume voordeel,,,6 stuks,,True,AHOO,15% volume voordeel,2026-08-12,2999-12-31,,True,AH,https://www.ah.nl/producten/product/wi614523,2026-08-12,Royal Club Ginger ale 6-pck,soft drinks-juices-water
530992,580573,Karvan Cévitam Zero aardbei siroop,Karvan Cévitam,frisdrank-sappen-water,"Frisdrank, sappen, water",Limonadesiroop (suikerbewust en suikervrij),4.29,4.29,,,,,"0,6 l",prijs per liter €7.15,False,,,,,C,True,AH,https://www.ah.nl/producten/product/wi530992,2026-08-12,Karvan Cévitam Zero strawberry syrup,soft drinks-juices-water
237902,830764,Sourcy Vitaminwater framboos granaatappel,Sourcy,frisdrank-sappen-water,"Frisdrank, sappen, water",Vitamin water,2.69,2.69,,,,,1 l,prijs per liter €2.69,False,,,,,C,True,AH,https://www.ah.nl/producten/product/wi237902,2026-08-12,Sourcy Vitaminwater raspberry pomegranate,soft drinks-juices-water
140124,611315,Royal Club Tonic,Royal Club,frisdrank-sappen-water,"Frisdrank, sappen, water",Tonic,2.49,2.49,,,,,1 l,prijs per liter €2.49,False,,,,,D,True,AH,https://www.ah.nl/producten/product/wi140124,2026-08-12,Royal Club Tonic,soft drinks-juices-water
189767,623804,Lipton Ice tea green,Lipton,frisdrank-sappen-water,"Frisdrank, sappen, water",Ice tea green,1.99,1.99,,,,,"0,5 l",prijs per liter €3.98,False,,,,,,True,AH,https://www.ah.nl/producten/product/wi189767,2026-08-12,Lipton Ice tea green,soft drinks-juices-water
119824,572986,AH Biologisch Appelsap,AH Biologisch,frisdrank-sappen-water,"Frisdrank, sappen, water",Appelsap en perensap,2.09,2.09,,,,,1 l,prijs per liter €2.09,False,,,,,C,True,AH,https://www.ah.nl/producten/product/wi119824,2026-08-12,AH Organic Apple Juice,soft drinks-juices-water
226959,819150,AH Siroop sinaasappel,AH,frisdrank-sappen-water,"Frisdrank, sappen, water",Limonadesiroop,1.79,1.79,,,,,1 l,prijs per liter €1.79,False,,,,,D,True,AH,https://www.ah.nl/producten/product/wi226959,2026-08-12,AH Orange syrup,soft drinks-juices-water
571840,10783,DubbelFrisss Boost appel & perzik,DubbelFrisss,frisdrank-sappen-water,"Frisdrank, sappen, water",Frisse fruitdranken,1.99,1.99,,,,,"1,5 l",prijs per liter €1.33,False,,,,,D,True,AH,https://www.ah.nl/producten/product/wi571840,2026-08-12,DubbelFrisss Boost apple & peach,soft drinks-juices-water
577683,0,DubbelFrisss Boost Appel-Perzik 3-pack,DubbelFrisss,frisdrank-sappen-water,"Frisdrank, sappen, water",Frisse fruitdranken,5.37,5.97,10.0,10% volume voordeel,,,3 stuks,,True,AHOO,10% volume voordeel,2026-08-12,2999-12-31,,True,AH,https://www.ah.nl/producten/product/wi577683,2026-08-12,DubbelFrisss Boost Apple-Peach 3-pack,soft drinks-juices-water
600447,0,Karvan Cévitam Zero aardbei siroop 3-pack,Karvan Cévitam,frisdrank-sappen-water,"Frisdrank, sappen, water",Limonadesiroop (suikerbewust en suikervrij),10.94,12.87,15.0,15% volume voordeel,,,3 stuks,,True,AHOO,15% volume voordeel,2026-08-12,2999-12-31,,True,AH,https://www.ah.nl/producten/product/wi600447,2026-08-12,Karvan Cévitam Zero strawberry syrup 3-pack,soft drinks-juices-water
2739,788599,DubbelDrank Sinaasappel & perzik,DubbelDrank,frisdrank-sappen-water,"Frisdrank, sappen, water",Frisse fruitdranken,2.49,2.49,,,,,1 l,prijs per liter €2.49,False,,,,,E,True,AH,https://www.ah.nl/producten/product/wi2739,2026-08-12,DubbelDrank Orange & peach,soft drinks-juices-water
419548,691139,Bar-le-Duc Mineraal water koolzuurvrij,Bar-le-Duc,frisdrank-sappen-water,"Frisdrank, sappen, water",Koolzuurvrij water,1.99,1.99,,,,,"4 x 0,5 l",prijs per liter €1.00,False,,,,,A,True,AH,https://www.ah.nl/producten/product/wi419548,2026-08-12,"Bar-le-Duc Mineral water, carbon-free",soft drinks-juices-water
612109,0,Appelsientje Goudappeltje 8-pack,Appelsientje,frisdrank-sappen-water,"Frisdrank, sappen, water",Appelsap en perensap,18.5,23.12,20.0,20% volume voordeel,,,8 stuks,,True,AHOO,20% volume voordeel,2026-08-12,2999-12-31,,True,AH,https://www.ah.nl/producten/product/wi612109,2026-08-12,Appelsientje Goudappeltje 8-pack,soft drinks-juices-water
601781,53873,Dr Pepper Vanille float,Dr Pepper,frisdrank-sappen-water,"Frisdrank, sappen, water","Cola cherry, vanille, lemon",0.99,0.99,,,,,330 ml,prijs per liter €3.00,False,,,,,D,True,AH,https://www.ah.nl/producten/product/wi601781,2026-08-12,Dr Pepper Vanille float,soft drinks-juices-water
137749,606916,Pepsi Zero sugar cola 4-pack,Pepsi,frisdrank-sappen-water,"Frisdrank, sappen, water","Cola zero, suikervrij, light",8.5,10.55,19.4,voor 8.50,8.5,,"4 x 1,5 l",normale prijs per liter €1.76,True,AH,VOOR 8.50,2026-08-10,2026-08-16,C,True,AH,https://www.ah.nl/producten/product/wi137749,2026-08-12,Pepsi Zero sugar cola 4-pack,soft drinks-juices-water
239490,832329,Spa Touch bruisend grapefruit,Spa,frisdrank-sappen-water,"Frisdrank, sappen, water",Water met smaak,1.79,1.79,,,,,1 l,prijs per liter €1.79,False,,,,,B,True,AH,https://www.ah.nl/producten/product/wi239490,2026-08-12,Spa Touch sparkling grapefruit,soft drinks-juices-water
516348,69478,Charlie's Sparkling water raspberry and lime,Charlie's,frisdrank-sappen-water,"Frisdrank, sappen, water",Water met smaak,1.15,1.15,,,,,330 ml,prijs per liter €3.48,False,,,,,B,True,AH,https://www.ah.nl/producten/product/wi516348,2026-08-12,Charlie's Sparkling water raspberry and lime,soft drinks-juices-water
226937,819053,Raak Vruchtensiroop aardbeien,Raak,frisdrank-sappen-water,"Frisdrank, sappen, water",Limonadesiroop,2.95,2.95,,,,,"0,75 l",prijs per liter €3.93,False,,,,,E,True,AH,https://www.ah.nl/producten/product/wi226937,2026-08-12,Hit Strawberry Fruit Syrup,soft drinks-juices-water
612108,0,Appelsientje Goudappeltje 6-pack,Appelsientje,frisdrank-sappen-water,"Frisdrank, sappen, water",Appelsap en perensap,14.74,17.34,15.0,15% volume voordeel,,,6 stuks,,True,AHOO,15% volume voordeel,2026-08-12,2999-12-31,,True,AH,https://www.ah.nl/producten/product/wi612108,2026-08-12,Appelsientje Goudappeltje 6-pack,soft drinks-juices-water
124429,506229,Flevosap Appel,Flevosap,frisdrank-sappen-water,"Frisdrank, sappen, water",Appelsap en perensap,2.75,2.75,,,,,1 l,prijs per liter €2.75,False,,,,,C,True,AH,https://www.ah.nl/producten/product/wi124429,2026-08-12,Flevo juice Apple,soft drinks-juices-water
616763,0,Fanta Orange 40-pack,Fanta,frisdrank-sappen-water,"Frisdrank, sappen, water",Sinas,28.75,31.95,10.0,10% volume voordeel,,,5 stuks,,True,AHOO,10% volume voordeel,2026-08-12,2999-12-31,,True,AH,https://www.ah.nl/producten/product/wi616763,2026-08-12,Fanta Orange 40 pack,soft drinks-juices-water
530991,590933,Karvan Cévitam Original tropical siroop,Karvan Cévitam,frisdrank-sappen-water,"Frisdrank, sappen, water",Limonadesiroop,4.19,4.19,,,,,"0,6 l",prijs per liter €6.98,False,,,,,E,True,AH,https://www.ah.nl/producten/product/wi530991,2026-08-12,Karvan Cévitam Original tropical syrup,soft drinks-juices-water
611810,0,Spa Fruit lemon cactus 8-pack,Spa,frisdrank-sappen-water,"Frisdrank, sappen, water",Fruitwater,16.93,19.92,15.0,15% volume voordeel,,,8 stuks,,True,AHOO,15% volume voordeel,2026-08-12,2999-12-31,,True,AH,https://www.ah.nl/producten/product/wi611810,2026-08-12,Spa Fruit lemon cactus 8-pack,soft drinks-juices-water
478476,732292,YAYA Kombucha yuzu,YAYA,frisdrank-sappen-water,"Frisdrank, sappen, water",Kombucha,2.39,2.39,,,,,330 ml,prijs per liter €7.24,False,,,,,C,True,AH,https://www.ah.nl/producten/product/wi478476,2026-08-12,YAYA Kombucha yuzu,soft drinks-juices-water
531002,78657,Karvan Cévitam Original cassis siroop,Karvan Cévitam,frisdrank-sappen-water,"Frisdrank, sappen, water",Limonadesiroop,4.29,4.29,,,,,"0,6 l",prijs per liter €7.15,False,,,,,E,True,AH,https://www.ah.nl/producten/product/wi531002,2026-08-12,Karvan Cévitam Original cassis syrup,soft drinks-juices-water
611465,0,Taksi Tropisch fruit GST 60-pack,Taksi,frisdrank-sappen-water,"Frisdrank, sappen, water",Fruitdrank drinkpakjes,15.76,18.54,15.0,15% volume voordeel,,,6 stuks,,True,AHOO,15% volume voordeel,2026-08-12,2999-12-31,,True,AH,https://www.ah.nl/producten/product/wi611465,2026-08-12,Taksi Tropical fruit GST 60 pack,soft drinks-juices-water
614480,0,Royal Club Tonic 4-pack,Royal Club,frisdrank-sappen-water,"Frisdrank, sappen, water",Tonic,8.96,9.96,10.0,10% volume voordeel,,,4 stuks,,True,AHOO,10% volume voordeel,2026-08-12,2999-12-31,,True,AH,https://www.ah.nl/producten/product/wi614480,2026-08-12,Royal Club Tonic 4-pack,soft drinks-juices-water
607669,64656,Coca-Cola Original taste mini 8-pack,Coca-Cola,frisdrank-sappen-water,"Frisdrank, sappen, water",Cola regular,4.99,4.99,,,,,"1,2 l",prijs per liter €4.16,False,,,,,E,True,AH,https://www.ah.nl/producten/product/wi607669,2026-08-12,Coca-Cola Original taste mini 8-pack,soft drinks-juices-water
612199,0,DubbelDrank Sinaasappel & perzik 3-pack,DubbelDrank,frisdrank-sappen-water,"Frisdrank, sappen, water",Frisse fruitdranken,6.72,7.47,10.0,10% volume voordeel,,,3 stuks,,True,AHOO,10% volume voordeel,2026-08-12,2999-12-31,,True,AH,https://www.ah.nl/producten/product/wi612199,2026-08-12,DubbelDrank Orange & peach 3-pack,soft drinks-juices-water
594249,0,Lipton Ice tea green 4-pack,Lipton,frisdrank-sappen-water,"Frisdrank, sappen, water",Ice tea green,19.01,21.12,10.0,10% volume voordeel,,,4 stuks,,True,AHOO,10% volume voordeel,2026-08-12,2999-12-31,,True,AH,https://www.ah.nl/producten/product/wi594249,2026-08-12,Lipton Ice tea green 4-pack,soft drinks-juices-water
612360,0,Karvan Cévitam Original tropical siroop 3-pack,Karvan Cévitam,frisdrank-sappen-water,"Frisdrank, sappen, water",Limonadesiroop,11.94,12.57,5.0,5% volume voordeel,,,3 stuks,,True,AHOO,5% volume voordeel,2026-08-12,2999-12-31,,True,AH,https://www.ah.nl/producten/product/wi612360,2026-08-12,Karvan Cévitam Original tropical syrup 3-pack,soft drinks-juices-water
601774,53910,Fanta Pineapple grapefruit zero,Fanta,frisdrank-sappen-water,"Frisdrank, sappen, water",Sinas,0.85,0.85,,,,,250 ml,prijs per liter €3.40,False,,,,,C,True,AH,https://www.ah.nl/producten/product/wi601774,2026-08-12,Fanta Pineapple grapefruit zero,soft drinks-juices-water
137722,606866,Crystal Clear Sparkling peach,Crystal Clear,frisdrank-sappen-water,"Frisdrank, sappen, water",Fruitwater,2.39,2.39,,,,,"1,5 l",prijs per liter €1.59,False,,,,,C,True,AH,https://www.ah.nl/producten/product/wi137722,2026-08-12,Crystal Clear Sparkling peach,soft drinks-juices-water
516934,882940,Coca-Cola Zero sugar tray,Coca-Cola,frisdrank-sappen-water,"Frisdrank, sappen, water","Cola zero, suikervrij, light",18.95,18.95,,,,,"24 x 0,33 l",prijs per liter €2.39,False,,,,,C,True,AH,https://www.ah.nl/producten/product/wi516934,2026-08-12,Coca-Cola Zero sugar tray,soft drinks-juices-water
520221,686120,Spa Reine koolzuurvrij mineraalwater,Spa,frisdrank-sappen-water,"Frisdrank, sappen, water",Koolzuurvrij water,4.59,4.59,,,,,5 l,prijs per liter €0.92,False,,,,,A,True,AH,https://www.ah.nl/producten/product/wi520221,2026-08-12,Spa Reine koolzuurvrij mineraalwater,soft drinks-juices-water
594322,42594,Raak Vruchtensiroop perzik zero sugar,Raak,frisdrank-sappen-water,"Frisdrank, sappen, water",Limonadesiroop (suikerbewust en suikervrij),3.49,3.49,,,,,"0,75 l",prijs per liter €4.65,False,,,,,C,True,AH,https://www.ah.nl/producten/product/wi594322,2026-08-12,Touch Fruit syrup peach zero sugar,soft drinks-juices-water
611800,0,Spa Reine Ecopack 5l 3-pack,Spa,frisdrank-sappen-water,"Frisdrank, sappen, water",Koolzuurvrij water,12.39,13.77,10.0,10% volume voordeel,,,3 stuks,,True,AHOO,10% volume voordeel,2026-08-12,2999-12-31,,True,AH,https://www.ah.nl/producten/product/wi611800,2026-08-12,Spa Reine Ecopack 5l 3-pack,soft drinks-juices-water
615332,0,Dr Pepper Vanille float 12-pack,Dr Pepper,frisdrank-sappen-water,"Frisdrank, sappen, water","Cola cherry, vanille, lemon",10.1,11.88,15.0,15% volume voordeel,,,12 stuks,,True,AHOO,15% volume voordeel,2026-08-12,2999-12-31,,True,AH,https://www.ah.nl/producten/product/wi615332,2026-08-12,Dr Pepper Vanilla float 12-pack,soft drinks-juices-water
608747,0,Lipton Ice tea green 6-pack,Lipton,frisdrank-sappen-water,"Frisdrank, sappen, water",Ice tea green,26.93,31.68,15.0,15% volume voordeel,,,6 stuks,,True,AHOO,15% volume voordeel,2026-08-12,2999-12-31,,True,AH,https://www.ah.nl/producten/product/wi608747,2026-08-12,Lipton Ice tea green 6-pack,soft drinks-juices-water
600444,0,Karvan Cévitam Original cassis siroop 3-pack,Karvan Cévitam,frisdrank-sappen-water,"Frisdrank, sappen, water",Limonadesiroop,11.58,12.87,10.0,10% volume voordeel,,,3 stuks,,True,AHOO,10% volume voordeel,2026-08-12,2999-12-31,,True,AH,https://www.ah.nl/producten/product/wi600444,2026-08-12,Karvan Cévitam Original cassis syrup 3-pack,soft drinks-juices-water
611827,0,Spa Touch bruisend grapefruit 4-pack,Spa,frisdrank-sappen-water,"Frisdrank, sappen, water",Water met smaak,6.44,7.16,10.0,10% volume voordeel,,,4 stuks,,True,AHOO,10% volume voordeel,2026-08-12,2999-12-31,,True,AH,https://www.ah.nl/producten/product/wi611827,2026-08-12,Spa Touch sparkling grapefruit 4-pack,soft drinks-juices-water
615333,0,Dr Pepper Vanille float 6-pack,Dr Pepper,frisdrank-sappen-water,"Frisdrank, sappen, water","Cola cherry, vanille, lemon",5.35,5.94,10.0,10% volume voordeel,,,6 stuks,,True,AHOO,10% volume voordeel,2026-08-12,2999-12-31,,True,AH,https://www.ah.nl/producten/product/wi615333,2026-08-12,Dr Pepper Vanilla float 6-pack,soft drinks-juices-water
503328,824161,Lipton Green zero,Lipton,frisdrank-sappen-water,"Frisdrank, sappen, water",Ice tea zero,1.99,1.99,,,,,"0,5 l",prijs per liter €3.98,False,,,,,C,True,AH,https://www.ah.nl/producten/product/wi503328,2026-08-12,Lipton Green zero,soft drinks-juices-water
590462,36601,Royal Club Pink grapefruit 0% suiker,Royal Club,frisdrank-sappen-water,"Frisdrank, sappen, water",Craft en speciaal fris,2.49,2.49,,,,,1 l,prijs per liter €2.49,False,,,,,C,True,AH,https://www.ah.nl/producten/product/wi590462,2026-08-12,Royal Club Pink grapefruit 0% sugar,soft drinks-juices-water
612370,0,Karvan Cévitam Zero aardbei siroop 6-pack,Karvan Cévitam,frisdrank-sappen-water,"Frisdrank, sappen, water",Limonadesiroop (suikerbewust en suikervrij),23.17,25.74,10.0,10% volume voordeel,,,6 stuks,,True,AHOO,10% volume voordeel,2026-08-12,2999-12-31,,True,AH,https://www.ah.nl/producten/product/wi612370,2026-08-12,Karvan Cévitam Zero strawberry syrup 6-pack,soft drinks-juices-water
608743,0,Lipton Ice tea green 2-pack,Lipton,frisdrank-sappen-water,"Frisdrank, sappen, water",Ice tea green,10.03,10.56,5.0,5% volume voordeel,,,2 stuks,,True,AHOO,5% volume voordeel,2026-08-12,2999-12-31,,True,AH,https://www.ah.nl/producten/product/wi608743,2026-08-12,Lipton Ice tea green 2-pack,soft drinks-juices-water
132597,788626,Lipton Ice tea green,Lipton,frisdrank-sappen-water,"Frisdrank, sappen, water",Ice tea green,3.29,3.29,,,,,"1,5 l",prijs per liter €2.19,False,,,,,D,True,AH,https://www.ah.nl/producten/product/wi132597,2026-08-12,Lipton Ice tea green,soft drinks-juices-water
415209,686727,AH Ice tea zero met koolzuur,AH,frisdrank-sappen-water,"Frisdrank, sappen, water",Ice tea zero,1.19,1.19,,,,,"1,5 l",prijs per liter €0.79,False,,,,,C,True,AH,https://www.ah.nl/producten/product/wi415209,2026-08-12,AH Ice tea zero with carbon dioxide,soft drinks-juices-water
575599,17260,Spa Touch mojito,Spa,frisdrank-sappen-water,"Frisdrank, sappen, water",Water met smaak,1.85,1.85,,,,,1 l,prijs per liter €1.85,False,,,,,B,True,AH,https://www.ah.nl/producten/product/wi575599,2026-08-12,Spa Touch mojito,soft drinks-juices-water
612200,0,DubbelDrank Sinaasappel & perzik 6-pack,DubbelDrank,frisdrank-sappen-water,"Frisdrank, sappen, water",Frisse fruitdranken,12.7,14.94,15.0,15% volume voordeel,,,6 stuks,,True,AHOO,15% volume voordeel,2026-08-12,2999-12-31,,True,AH,https://www.ah.nl/producten/product/wi612200,2026-08-12,DubbelDrank Orange & peach 6-pack,soft drinks-juices-water
190881,788566,Spa Finesse licht bruisend mineraalwater,Spa,frisdrank-sappen-water,"Frisdrank, sappen, water",Koolzuurhoudend water,1.15,1.15,,,,,1 l,prijs per liter €1.15,False,,,,,A,True,AH,https://www.ah.nl/producten/product/wi190881,2026-08-12,Spa Finesse slightly sparkling mineral water,soft drinks-juices-water
614454,0,Sourcy Vitaminwater framboos granaatappel 6-pk,Sourcy,frisdrank-sappen-water,"Frisdrank, sappen, water",Vitamin water,13.72,16.14,15.0,15% volume voordeel,,,6 stuks,,True,AHOO,15% volume voordeel,2026-08-12,2999-12-31,,True,AH,https://www.ah.nl/producten/product/wi614454,2026-08-12,Sourcy Vitaminwater raspberry pomegranate 6-pk,soft drinks-juices-water
161332,628967,Fanta Lemon zero sugar,Fanta,frisdrank-sappen-water,"Frisdrank, sappen, water",Lemon en lime,2.85,2.85,,,,,"1,5 l",prijs per liter €1.90,False,,,,,C,True,AH,https://www.ah.nl/producten/product/wi161332,2026-08-12,Fanta Lemon zero sugar,soft drinks-juices-water
614032,71535,AH Cola zero sugar mango flavour,AH,frisdrank-sappen-water,"Frisdrank, sappen, water","Cola zero, suikervrij, light",0.55,0.55,,,,,330 ml,prijs per liter €1.67,False,,,,,C,True,AH,https://www.ah.nl/producten/product/wi614032,2026-08-12,AH Cola zero sugar mango flavour,soft drinks-juices-water
624374,0,Lipton Green zero 6-pack,Lipton,frisdrank-sappen-water,"Frisdrank, sappen, water",Ice tea zero,10.15,11.94,15.0,15% volume voordeel,,,6 stuks,,True,AHOO,15% volume voordeel,2026-08-12,2999-12-31,,True,AH,https://www.ah.nl/producten/product/wi624374,2026-08-12,Lipton Green zero 6-pack,soft drinks-juices-water
569888,8628,CoolBest Fruit drink orange,CoolBest,frisdrank-sappen-water,"Fruit, verse sappen",Sinaasappelsap en jus d'orange (vers),2.29,2.29,,,,,1 l,prijs per liter €2.29,False,,,,,D,True,AH,https://www.ah.nl/producten/product/wi569888,2026-08-12,CoolBest Fruit drink orange,soft drinks-juices-water
612361,0,Karvan Cévitam Original tropical siroop 6-pack,Karvan Cévitam,frisdrank-sappen-water,"Frisdrank, sappen, water",Limonadesiroop,22.63,25.14,10.0,10% volume voordeel,,,6 stuks,,True,AHOO,10% volume voordeel,2026-08-12,2999-12-31,,True,AH,https://www.ah.nl/producten/product/wi612361,2026-08-12,Karvan Cévitam Original tropical siroop 6-pack,soft drinks-juices-water
614453,0,Sourcy Vitaminwater framboos granaatappel 10-pk,Sourcy,frisdrank-sappen-water,"Frisdrank, sappen, water",Vitamin water,21.52,26.9,20.0,20% volume voordeel,,,10 stuks,,True,AHOO,20% volume voordeel,2026-08-12,2999-12-31,,True,AH,https://www.ah.nl/producten/product/wi614453,2026-08-12,Sourcy Vitaminwater raspberry pomegranate 10-pk,soft drinks-juices-water
624373,0,Lipton Green zero 4-pack,Lipton,frisdrank-sappen-water,"Frisdrank, sappen, water",Ice tea zero,7.16,7.96,10.0,10% volume voordeel,,,4 stuks,,True,AHOO,10% volume voordeel,2026-08-12,2999-12-31,,True,AH,https://www.ah.nl/producten/product/wi624373,2026-08-12,Lipton Green zero 4-pack,soft drinks-juices-water
613457,70329,AH Bruiswater mango,AH,frisdrank-sappen-water,"Frisdrank, sappen, water",Water met smaak,1.09,1.09,,,,,"1,5 l",prijs per liter €0.73,False,,,,,B,True,AH,https://www.ah.nl/producten/product/wi613457,2026-08-12,AH Sparkling water mango,soft drinks-juices-water
624372,0,Lipton Green zero 2-pack,Lipton,frisdrank-sappen-water,"Frisdrank, sappen, water",Ice tea zero,3.78,3.98,5.0,5% volume voordeel,,,2 stuks,,True,AHOO,5% volume voordeel,2026-08-12,2999-12-31,,True,AH,https://www.ah.nl/producten/product/wi624372,2026-08-12,Lipton Green zero 2-pack,soft drinks-juices-water
436195,56588,AH Siroop aardbei 0% suiker toegevoegd,AH,frisdrank-sappen-water,"Frisdrank, sappen, water",Limonadesiroop (suikerbewust en suikervrij),3.25,3.25,,,,,"0,75 l",prijs per liter €4.33,False,,,,,C,True,AH,https://www.ah.nl/producten/product/wi436195,2026-08-12,AH Strawberry syrup 0% sugar added,soft drinks-juices-water
428729,11835,Fuze Tea Green ice tea,Fuze Tea,frisdrank-sappen-water,"Frisdrank, sappen, water",Ice tea green,2.245,3.09,27.3,2 voor 4.49,4.49,2.0,"1,5 l",normale prijs per liter €2.06,True,AH,2 voor 4.49,2026-08-10,2026-08-16,D,True,AH,https://www.ah.nl/producten/product/wi428729,2026-08-12,Fuze Tea Green ice tea,soft drinks-juices-water
603317,0,Raak Vruchtensiroop perzik zero sugar 3-pack,Raak,frisdrank-sappen-water,"Frisdrank, sappen, water",Limonadesiroop (suikerbewust en suikervrij),9.42,10.47,10.0,10% volume voordeel,,,3 stuks,,True,AHOO,10% volume voordeel,2026-08-12,2999-12-31,,True,AH,https://www.ah.nl/producten/product/wi603317,2026-08-12,Raak Fruit syrup peach zero sugar 3-pack,soft drinks-juices-water
568105,7653,Appelsientje Fruitdrink goudappeltje,Appelsientje,frisdrank-sappen-water,"Frisdrank, sappen, water",Frisse fruitdranken,1.99,1.99,,,,,1 l,prijs per liter €1.99,False,,,,,D,True,AH,https://www.ah.nl/producten/product/wi568105,2026-08-12,Appelsientje Fruitdrink goudappeltje,soft drinks-juices-water
614031,71545,AH Cola zero sugar peach flavour,AH,frisdrank-sappen-water,"Frisdrank, sappen, water","Cola zero, suikervrij, light",0.55,0.55,,,,,330 ml,prijs per liter €1.67,False,,,,,C,True,AH,https://www.ah.nl/producten/product/wi614031,2026-08-12,AH Cola zero sugar peach flavour,soft drinks-juices-water
140132,729831,Pepsi Cola fles,Pepsi,frisdrank-sappen-water,"Frisdrank, sappen, water",Cola regular,2.29,2.29,,,,,1 l,prijs per liter €2.29,False,,,,,D,True,AH,https://www.ah.nl/producten/product/wi140132,2026-08-12,Pepsi Cola bottle,soft drinks-juices-water
416270,687736,Oasis Tropical,Oasis,frisdrank-sappen-water,"Fruit, verse sappen",Multivruchtensap (vers),2.49,2.49,,,,,1 l,prijs per liter €2.49,False,,,,,C,True,AH,https://www.ah.nl/producten/product/wi416270,2026-08-12,Oasis Tropical,soft drinks-juices-water
568472,7512,Dr Foots Cola zero sugar,Dr Foots,frisdrank-sappen-water,"Frisdrank, sappen, water","Cola zero, suikervrij, light",0.85,0.85,,,,,330 ml,prijs per liter €2.58,False,,,,,C,True,AH,https://www.ah.nl/producten/product/wi568472,2026-08-12,Dr Foots Cola zero sugar,soft drinks-juices-water
612137,0,CoolBest Fruit drink orange 3-pack,CoolBest,frisdrank-sappen-water,"Fruit, verse sappen",Sinaasappelsap en jus d'orange (vers),6.18,6.87,10.0,10% volume voordeel,,,3 stuks,,True,AHOO,10% volume voordeel,2026-08-12,2999-12-31,,True,AH,https://www.ah.nl/producten/product/wi612137,2026-08-12,CoolBest Fruit drink orange 3-pack,soft drinks-juices-water
614408,0,Raak Vruchtensiroop perzik zero sugar 4-pack,Raak,frisdrank-sappen-water,"Frisdrank, sappen, water",Limonadesiroop (suikerbewust en suikervrij),11.87,13.96,15.0,15% volume voordeel,,,4 stuks,,True,AHOO,15% volume voordeel,2026-08-12,2999-12-31,,True,AH,https://www.ah.nl/producten/product/wi614408,2026-08-12,Raak Fruit syrup peach zero sugar 4-pack,soft drinks-juices-water
614481,0,Royal Club Tonic 6-pack,Royal Club,frisdrank-sappen-water,"Frisdrank, sappen, water",Tonic,12.7,14.94,15.0,15% volume voordeel,,,6 stuks,,True,AHOO,15% volume voordeel,2026-08-12,2999-12-31,,True,AH,https://www.ah.nl/producten/product/wi614481,2026-08-12,Royal Club Tonic 6-pack,soft drinks-juices-water
615338,0,Oasis Tropical 3-pack,Oasis,frisdrank-sappen-water,"Fruit, verse sappen",Multivruchtensap (vers),6.72,7.47,10.0,10% volume voordeel,,,3 stuks,,True,AHOO,10% volume voordeel,2026-08-12,2999-12-31,,True,AH,https://www.ah.nl/producten/product/wi615338,2026-08-12,Oasis Tropical 3-pack,soft drinks-juices-water
624681,0,Lipton Ice tea green 2pack,Lipton,frisdrank-sappen-water,"Frisdrank, sappen, water",Ice tea green,6.25,6.58,5.0,5% volume voordeel,,,2 stuks,,True,AHOO,5% volume voordeel,2026-08-12,2999-12-31,,True,AH,https://www.ah.nl/producten/product/wi624681,2026-08-12,Lipton Ice tea green 2pack,soft drinks-juices-water
624682,0,Lipton Ice tea green 4pack,Lipton,frisdrank-sappen-water,"Frisdrank, sappen, water",Ice tea green,11.84,13.16,10.0,10% volume voordeel,,,4 stuks,,True,AHOO,10% volume voordeel,2026-08-12,2999-12-31,,True,AH,https://www.ah.nl/producten/product/wi624682,2026-08-12,Lipton Ice tea green 4pack,soft drinks-juices-water
611828,0,Spa Touch bruisend grapefruit 6-pack,Spa,frisdrank-sappen-water,"Frisdrank, sappen, water",Water met smaak,9.13,10.74,15.0,15% volume voordeel,,,6 stuks,,True,AHOO,15% volume voordeel,2026-08-12,2999-12-31,,True,AH,https://www.ah.nl/producten/product/wi611828,2026-08-12,Spa Touch bruisend grapefruit 6-pack,soft drinks-juices-water
476686,729854,Fanta Exotic zero sugar 4-pack,Fanta,frisdrank-sappen-water,"Frisdrank, sappen, water",Sinas,3.25,3.25,,,,,"4 x 0,25 l",prijs per liter €3.25,False,,,,,C,True,AH,https://www.ah.nl/producten/product/wi476686,2026-08-12,Fanta Exotic zero sugar 4-pack,soft drinks-juices-water
614582,0,Royal Club Pink grapefruit 0% suiker 4-pack,Royal Club,frisdrank-sappen-water,"Frisdrank, sappen, water",Craft en speciaal fris,8.96,9.96,10.0,10% volume voordeel,,,4 stuks,,True,AHOO,10% volume voordeel,2026-08-12,2999-12-31,,True,AH,https://www.ah.nl/producten/product/wi614582,2026-08-12,Royal Club Pink grapefruit 0% sugar 4-pack,soft drinks-juices-water
614027,71534,AH Sinas exotic zero,AH,frisdrank-sappen-water,"Frisdrank, sappen, water",Sinas,1.09,1.09,,,,,"1,5 l",prijs per liter €0.73,False,,,,,C,True,AH,https://www.ah.nl/producten/product/wi614027,2026-08-12,AH Sinas exotic zero,soft drinks-juices-water
613458,70303,AH Bruiswater zwarte bes,AH,frisdrank-sappen-water,"Frisdrank, sappen, water",Water met smaak,1.09,1.09,,,,,"1,5 l",prijs per liter €0.73,False,,,,,B,True,AH,https://www.ah.nl/producten/product/wi613458,2026-08-12,AH Bruiswater zwarte bes,soft drinks-juices-water
259018,501064,AH Vers geperst sap sinaasappel,AH,frisdrank-sappen-water,"Fruit, verse sappen",Sinaasappelsap en jus d'orange (vers),1.6667,1.99,16.2,3 voor 5.00,5.0,3.0,250 ml,normale prijs per liter €7.96,True,AH,3 voor 5.00,2026-08-10,2026-08-16,C,True,AH,https://www.ah.nl/producten/product/wi259018,2026-08-12,AH Freshly squeezed orange juice,soft drinks-juices-water
614478,0,Royal Club Tonic 10-pck,Royal Club,frisdrank-sappen-water,"Frisdrank, sappen, water",Tonic,19.92,24.9,20.0,20% volume voordeel,,,10 stuks,,True,AHOO,20% volume voordeel,2026-08-12,2999-12-31,,True,AH,https://www.ah.nl/producten/product/wi614478,2026-08-12,Royal Club Tonic 10 pcs,soft drinks-juices-water
624683,0,Lipton Ice tea green 6pack,Lipton,frisdrank-sappen-water,"Frisdrank, sappen, water",Ice tea green,16.78,19.74,15.0,15% volume voordeel,,,6 stuks,,True,AHOO,15% volume voordeel,2026-08-12,2999-12-31,,True,AH,https://www.ah.nl/producten/product/wi624683,2026-08-12,Lipton Ice tea green 6pack,soft drinks-juices-water
507220,687020,Bar-le-Duc Koolzuurvrij mineraalwater,Bar-le-Duc,frisdrank-sappen-water,"Frisdrank, sappen, water",Koolzuurvrij water,4.69,4.69,,,,,6 x 1 l,prijs per liter €0.78,False,,,,,A,True,AH,https://www.ah.nl/producten/product/wi507220,2026-08-12,Bar-le-Duc Carbonated mineral water,soft drinks-juices-water
605453,0,Appelsientje Fruitdrink goudappeltje 3-pack,Appelsientje,frisdrank-sappen-water,"Frisdrank, sappen, water",Frisse fruitdranken,5.37,5.97,10.0,10% volume voordeel,,,3 stuks,,True,AHOO,10% volume voordeel,2026-08-12,2999-12-31,,True,AH,https://www.ah.nl/producten/product/wi605453,2026-08-12,Appelsientje Fruit drink gold apple 3-pack,soft drinks-juices-water
607623,64669,Sprite Chill lemon mint zero sugar,Sprite,frisdrank-sappen-water,"Frisdrank, sappen, water",Lemon en lime,0.85,0.85,,,,,250 ml,prijs per liter €3.40,False,,,,,C,True,AH,https://www.ah.nl/producten/product/wi607623,2026-08-12,Sprite Chill lemon mint zero sugar,soft drinks-juices-water
611836,0,Spa Touch mojito 4-pack,Spa,frisdrank-sappen-water,"Frisdrank, sappen, water",Water met smaak,6.66,7.4,10.0,10% volume voordeel,,,4 stuks,,True,AHOO,10% volume voordeel,2026-08-12,2999-12-31,,True,AH,https://www.ah.nl/producten/product/wi611836,2026-08-12,Spa Touch mojito 4-pack,soft drinks-juices-water
605803,0,Fanta Lemon zero sugar 4-pack,Fanta,frisdrank-sappen-water,"Frisdrank, sappen, water",Lemon en lime,10.26,11.4,10.0,10% volume voordeel,,,4 stuks,,True,AHOO,10% volume voordeel,2026-08-12,2999-12-31,,True,AH,https://www.ah.nl/producten/product/wi605803,2026-08-12,Fanta Lemon zero sugar 4-pack,soft drinks-juices-water
612098,0,Appelsientje Fruitdrink goudappeltje 8-pack,Appelsientje,frisdrank-sappen-water,"Frisdrank, sappen, water",Frisse fruitdranken,12.74,15.92,20.0,20% volume voordeel,,,8 stuks,,True,AHOO,20% volume voordeel,2026-08-12,2999-12-31,,True,AH,https://www.ah.nl/producten/product/wi612098,2026-08-12,Appelsientje Fruit drink gold apple 8-pack,soft drinks-juices-water
584140,26777,Kult Water kefir yuzu & mandarin,Kult,frisdrank-sappen-water,"Frisdrank, sappen, water",Craft en speciaal fris,2.29,2.29,,,,,330 ml,prijs per liter €6.94,False,,,,,C,True,AH,https://www.ah.nl/producten/product/wi584140,2026-08-12,Kult Water kefir yuzu & mandarin,soft drinks-juices-water
67825,535272,Spa Intense rood bruisend mineraalwater,Spa,frisdrank-sappen-water,"Frisdrank, sappen, water",Koolzuurhoudend water,4.49,4.49,,,,,"6 x 0,5 l",prijs per liter €1.50,False,,,,,A,True,AH,https://www.ah.nl/producten/product/wi67825,2026-08-12,Spa Intense red sparkling mineral water,soft drinks-juices-water
579896,23550,AH Frisse fruitdrank framboos cranberry,AH,frisdrank-sappen-water,"Frisdrank, sappen, water",Frisse fruitdranken,1.25,1.25,,,,,"1,5 l",prijs per liter €0.83,False,,,,,E,True,AH,https://www.ah.nl/producten/product/wi579896,2026-08-12,AH Frisse fruitdrank framboos cranberry,soft drinks-juices-water
612097,0,Appelsientje Fruitdrink goudappeltje 6-pack,Appelsientje,frisdrank-sappen-water,"Frisdrank, sappen, water",Frisse fruitdranken,10.15,11.94,15.0,15% volume voordeel,,,6 stuks,,True,AHOO,15% volume voordeel,2026-08-12,2999-12-31,,True,AH,https://www.ah.nl/producten/product/wi612097,2026-08-12,Appelsientje Fruit drink gold apple 6-pack,soft drinks-juices-water
132491,595823,DubbelFrisss Appel & perzik,DubbelFrisss,frisdrank-sappen-water,"Frisdrank, sappen, water",Frisse fruitdranken,2.89,2.89,,,,,"1,5 l",prijs per liter €1.93,False,,,,,E,True,AH,https://www.ah.nl/producten/product/wi132491,2026-08-12,DubbelFrisss Apple & peach,soft drinks-juices-water
485579,740438,DubbelFrisss 1kcal Witte druiven & citroen,DubbelFrisss,frisdrank-sappen-water,"Frisdrank, sappen, water",Frisse fruitdranken,2.89,2.89,,,,,"1,5 l",prijs per liter €1.93,False,,,,,C,True,AH,https://www.ah.nl/producten/product/wi485579,2026-08-12,DubbelFrisss 1kcal White grapes & lemon,soft drinks-juices-water
518871,557746,Royal Club Rose lemonade 0% suiker,Royal Club,frisdrank-sappen-water,"Frisdrank, sappen, water",Craft en speciaal fris,2.49,2.49,,,,,1 l,prijs per liter €2.49,False,,,,,C,True,AH,https://www.ah.nl/producten/product/wi518871,2026-08-12,Royal Club Rose lemonade 0% sugar,soft drinks-juices-water
612352,0,Karvan Cévitam Original cassis siroop 6-pack,Karvan Cévitam,frisdrank-sappen-water,"Frisdrank, sappen, water",Limonadesiroop,23.17,25.74,10.0,10% volume voordeel,,,6 stuks,,True,AHOO,10% volume voordeel,2026-08-12,2999-12-31,,True,AH,https://www.ah.nl/producten/product/wi612352,2026-08-12,Karvan Cévitam Original cassis syrup 6-pack,soft drinks-juices-water
192821,795771,Spa Reine koolzuurvrij mineraalwater,Spa,frisdrank-sappen-water,"Frisdrank, sappen, water",Koolzuurvrij water,6.49,6.49,,,,,6 x 1 l,prijs per liter €1.08,False,,,,,A,True,AH,https://www.ah.nl/producten/product/wi192821,2026-08-12,Spa Reine koolzuurvrij mineraalwater,soft drinks-juices-water
614578,0,Royal Club Pink grapefruit 0% suiker 10-pack,Royal Club,frisdrank-sappen-water,"Frisdrank, sappen, water",Craft en speciaal fris,19.92,24.9,20.0,20% volume voordeel,,,10 stuks,,True,AHOO,20% volume voordeel,2026-08-12,2999-12-31,,True,AH,https://www.ah.nl/producten/product/wi614578,2026-08-12,Royal Club Pink grapefruit 0% sugar 10-pack,soft drinks-juices-water
612138,0,CoolBest Fruit drink orange 6-pack,CoolBest,frisdrank-sappen-water,"Fruit, verse sappen",Sinaasappelsap en jus d'orange (vers),11.68,13.74,15.0,15% volume voordeel,,,6 stuks,,True,AHOO,15% volume voordeel,2026-08-12,2999-12-31,,True,AH,https://www.ah.nl/producten/product/wi612138,2026-08-12,CoolBest Fruit drink orange 6-pack,soft drinks-juices-water
193438,589512,AA Drink High energy,AA Drink,frisdrank-sappen-water,"Frisdrank, sappen, water",Sportdrank fles,1.29,1.29,,,,,"0,5 l",prijs per liter €2.58,False,,,,,E,True,AH,https://www.ah.nl/producten/product/wi193438,2026-08-12,AA Drink High energy,soft drinks-juices-water
428731,11895,Fuze Tea Green Ice Tea Mango Chamomile,Fuze Tea,frisdrank-sappen-water,"Frisdrank, sappen, water",Ice tea green,2.245,3.09,27.3,2 voor 4.49,4.49,2.0,"1,5 l",normale prijs per liter €2.06,True,AH,2 voor 4.49,2026-08-10,2026-08-16,D,True,AH,https://www.ah.nl/producten/product/wi428731,2026-08-12,Fuze Tea Green Ice Tea Mango Chamomile,soft drinks-juices-water
133998,598315,Raak Vruchtensiroop multivruchten,Raak,frisdrank-sappen-water,"Frisdrank, sappen, water",Limonadesiroop,3.19,3.19,,,,,"0,75 l",prijs per liter €4.25,False,,,,,E,True,AH,https://www.ah.nl/producten/product/wi133998,2026-08-12,Hit Fruit Syrup multifruit,soft drinks-juices-water
436589,700660,Spa Reine koolzuurvrij mineraalwater,Spa,frisdrank-sappen-water,"Frisdrank, sappen, water",Koolzuurvrij water,1.25,1.25,,,,,"1,5 l",prijs per liter €0.83,False,,,,,A,True,AH,https://www.ah.nl/producten/product/wi436589,2026-08-12,Spa Reine koolzuurvrij mineraalwater,soft drinks-juices-water
614583,0,Royal Club Pink grapefruit 0% suiker 6-pack,Royal Club,frisdrank-sappen-water,"Frisdrank, sappen, water",Craft en speciaal fris,12.7,14.94,15.0,15% volume voordeel,,,6 stuks,,True,AHOO,15% volume voordeel,2026-08-12,2999-12-31,,True,AH,https://www.ah.nl/producten/product/wi614583,2026-08-12,Royal Club Pink grapefruit 0% suiker 6-pack,soft drinks-juices-water
195842,560936,Red Bull Energy drink suikervrij,Red Bull,frisdrank-sappen-water,"Frisdrank, sappen, water",Energydrinks,1.75,1.75,,,,,250 ml,prijs per liter €7.00,False,,,,,C,True,AH,https://www.ah.nl/producten/product/wi195842,2026-08-12,Red Bull Energy drink sugar-free,soft drinks-juices-water
607195,0,Red Bull Energy drink suikervrij 12-pack,Red Bull,frisdrank-sappen-water,"Frisdrank, sappen, water",Energydrinks,19.95,21.0,5.0,5% volume voordeel,,,12 stuks,,True,AHOO,5% volume voordeel,2026-08-12,2999-12-31,,True,AH,https://www.ah.nl/producten/product/wi607195,2026-08-12,Red Bull Energy drink suikervrij 12-pack,soft drinks-juices-water
616805,0,Fuze Tea Green ice tea 4-pack,Fuze Tea,frisdrank-sappen-water,"Frisdrank, sappen, water",Ice tea green,8.98,12.36,27.3,pakketkorting,,,4 stuks,,True,AHOO,,2026-08-12,2026-08-16,,True,AH,https://www.ah.nl/producten/product/wi616805,2026-08-12,Fuze Tea Green ice tea 4-pack,soft drinks-juices-water
576673,19117,AH Frisse fruitdrank druif-citroen 1kcal,AH,frisdrank-sappen-water,"Frisdrank, sappen, water",Frisse fruitdranken,1.25,1.25,,,,,"1,5 l",prijs per liter €0.83,False,,,,,C,True,AH,https://www.ah.nl/producten/product/wi576673,2026-08-12,AH Fresh fruit drink grape-lemon 1kcal,soft drinks-juices-water
466825,717883,AH Licht en sprankelend perzik,AH,frisdrank-sappen-water,"Frisdrank, sappen, water",Fruitwater,1.19,1.19,,,,,"1,5 l",prijs per liter €0.79,False,,,,,C,True,AH,https://www.ah.nl/producten/product/wi466825,2026-08-12,AH Licht en sprankelend perzik,soft drinks-juices-water
476691,729861,Fanta Lemon zero sugar 4-pack,Fanta,frisdrank-sappen-water,"Frisdrank, sappen, water",Lemon en lime,3.25,3.25,,,,,"4 x 0,25 l",prijs per liter €3.25,False,,,,,C,True,AH,https://www.ah.nl/producten/product/wi476691,2026-08-12,Fanta Lemon zero sugar 4-pack,soft drinks-juices-water
568459,7571,Fritz Kola superzero,Fritz,frisdrank-sappen-water,"Frisdrank, sappen, water","Cola zero, suikervrij, light",1.59,1.59,,,,,330 ml,prijs per liter €4.82,False,,,,,,True,AH,https://www.ah.nl/producten/product/wi568459,2026-08-12,Fritz Kola super zero,soft drinks-juices-water
476867,729912,AH Lemon & lime regular,AH,frisdrank-sappen-water,"Frisdrank, sappen, water",Lemon en lime,1.09,1.09,,,,,"1,5 l",prijs per liter €0.73,False,,,,,E,True,AH,https://www.ah.nl/producten/product/wi476867,2026-08-12,AH Lemon & lime regular,soft drinks-juices-water
614660,0,Pepsi Cola fles 4-pack,Pepsi,frisdrank-sappen-water,"Frisdrank, sappen, water",Cola regular,8.24,9.16,10.0,10% volume voordeel,,,4 stuks,,True,AHOO,10% volume voordeel,2026-08-12,2999-12-31,,True,AH,https://www.ah.nl/producten/product/wi614660,2026-08-12,Pepsi Cola bottle 4-pack,soft drinks-juices-water
389512,846375,Raak Vruchtensiroop zwarte bessen,Raak,frisdrank-sappen-water,"Frisdrank, sappen, water",Limonadesiroop,3.49,3.49,,,,,"0,75 l",prijs per liter €4.65,False,,,,,E,True,AH,https://www.ah.nl/producten/product/wi389512,2026-08-12,Hit Blackcurrant Fruit Syrup,soft drinks-juices-water
457155,624095,Spa Touch bruisend watermelon kiwi,Spa,frisdrank-sappen-water,"Frisdrank, sappen, water",Water met smaak,1.79,1.79,,,,,1 l,prijs per liter €1.79,False,,,,,B,True,AH,https://www.ah.nl/producten/product/wi457155,2026-08-12,Spa Touch sparkling watermelon kiwi,soft drinks-juices-water
515134,80844,AH Vitamin drink granaatappel 0% 6-pack,AH,frisdrank-sappen-water,"Frisdrank, sappen, water",Vitamin water,3.69,3.69,,,,,"6 x 0,5 l",prijs per liter €1.23,False,,,,,C,True,AH,https://www.ah.nl/producten/product/wi515134,2026-08-12,AH Vitamin drink granaatappel 0% 6-pack,soft drinks-juices-water
428732,11897,Fuze Tea Black Ice Tea Peach Hibiscus,Fuze Tea,frisdrank-sappen-water,"Frisdrank, sappen, water",Ice tea peach,2.245,2.75,18.4,2 voor 4.49,4.49,2.0,"1,5 l",normale prijs per liter €1.83,True,AH,2 voor 4.49,2026-08-10,2026-08-16,D,True,AH,https://www.ah.nl/producten/product/wi428732,2026-08-12,Fuze Tea Black Ice Tea Peach Hibiscus,soft drinks-juices-water
614537,0,Royal Club Rose lemonade 0% suiker 4-pack,Royal Club,frisdrank-sappen-water,"Frisdrank, sappen, water",Craft en speciaal fris,8.96,9.96,10.0,10% volume voordeel,,,4 stuks,,True,AHOO,10% volume voordeel,2026-08-12,2999-12-31,,True,AH,https://www.ah.nl/producten/product/wi614537,2026-08-12,Royal Club Rose lemonade 0% sugar 4-pack,soft drinks-juices-water
568375,7499,Coca-Cola Cherry zero sugar,Coca-Cola,frisdrank-sappen-water,"Frisdrank, sappen, water","Cola cherry, vanille, lemon",2.99,2.99,,,,,"1,5 l",prijs per liter €1.99,False,,,,,C,True,AH,https://www.ah.nl/producten/product/wi568375,2026-08-12,Coca-Cola Cherry zero sugar,soft drinks-juices-water
614659,0,Pepsi Cola fles 10-pack,Pepsi,frisdrank-sappen-water,"Frisdrank, sappen, water",Cola regular,18.32,22.9,20.0,20% volume voordeel,,,10 stuks,,True,AHOO,20% volume voordeel,2026-08-12,2999-12-31,,True,AH,https://www.ah.nl/producten/product/wi614659,2026-08-12,Pepsi Cola bottle 10-pack,soft drinks-juices-water
611837,0,Spa Touch mojito 6-pack,Spa,frisdrank-sappen-water,"Frisdrank, sappen, water",Water met smaak,9.43,11.1,15.0,15% volume voordeel,,,6 stuks,,True,AHOO,15% volume voordeel,2026-08-12,2999-12-31,,True,AH,https://www.ah.nl/producten/product/wi611837,2026-08-12,Spa Touch mojito 6-pack,soft drinks-juices-water
616808,0,Fuze Tea Green ice tea 6-pack,Fuze Tea,frisdrank-sappen-water,"Frisdrank, sappen, water",Ice tea green,13.47,18.54,27.3,pakketkorting,,,6 stuks,,True,AHOO,,2026-08-12,2026-08-16,,True,AH,https://www.ah.nl/producten/product/wi616808,2026-08-12,Fuze Tea Green ice tea 6-pack,soft drinks-juices-water
530995,712070,Karvan Cévitam Zero framboos siroop,Karvan Cévitam,frisdrank-sappen-water,"Frisdrank, sappen, water",Limonadesiroop (suikerbewust en suikervrij),4.29,4.29,,,,,"0,6 l",prijs per liter €7.15,False,,,,,C,True,AH,https://www.ah.nl/producten/product/wi530995,2026-08-12,Karvan Cévitam Zero raspberry syrup,soft drinks-juices-water
503266,824389,Pepsi Zero sugar 4-pack,Pepsi,frisdrank-sappen-water,"Frisdrank, sappen, water","Cola zero, suikervrij, light",2.125,3.29,35.4,2 voor 4.25,4.25,2.0,"4 x 0,25 l",normale prijs per liter €3.29,True,AH,2 VOOR 4.25,2026-08-10,2026-08-16,C,True,AH,https://www.ah.nl/producten/product/wi503266,2026-08-12,Pepsi Zero sugar 4-pack,soft drinks-juices-water
454527,602439,AH Tonic regular,AH,frisdrank-sappen-water,"Frisdrank, sappen, water",Tonic,0.99,0.99,,,,,1 l,prijs per liter €0.99,False,,,,,D,True,AH,https://www.ah.nl/producten/product/wi454527,2026-08-12,AH Tonic regular,soft drinks-juices-water
614661,0,Pepsi Cola fles 6-pack,Pepsi,frisdrank-sappen-water,"Frisdrank, sappen, water",Cola regular,11.68,13.74,15.0,15% volume voordeel,,,6 stuks,,True,AHOO,15% volume voordeel,2026-08-12,2999-12-31,,True,AH,https://www.ah.nl/producten/product/wi614661,2026-08-12,Pepsi Cola bottle 6-pack,soft drinks-juices-water
616753,0,Fanta Exotic zero sugar 12-pack,Fanta,frisdrank-sappen-water,"Frisdrank, sappen, water",Sinas,8.77,9.75,10.0,10% volume voordeel,,,3 stuks,,True,AHOO,10% volume voordeel,2026-08-12,2999-12-31,,True,AH,https://www.ah.nl/producten/product/wi616753,2026-08-12,Fanta Exotic zero sugar 12-pack,soft drinks-juices-water
140126,611317,Royal Club Bitter lemon,Royal Club,frisdrank-sappen-water,"Frisdrank, sappen, water",Bitter lemon,2.49,2.49,,,,,1 l,prijs per liter €2.49,False,,,,,E,True,AH,https://www.ah.nl/producten/product/wi140126,2026-08-12,Royal Club Bitter lemon,soft drinks-juices-water
614533,0,Royal Club Rose lemonade 0% suiker 10-pack,Royal Club,frisdrank-sappen-water,"Frisdrank, sappen, water",Craft en speciaal fris,19.92,24.9,20.0,20% volume voordeel,,,10 stuks,,True,AHOO,20% volume voordeel,2026-08-12,2999-12-31,,True,AH,https://www.ah.nl/producten/product/wi614533,2026-08-12,Royal Club Rose lemonade 0% sugar 10-pack,soft drinks-juices-water
130267,591178,AH Drinkyoghurt aardbeismaak 6-pack,AH,frisdrank-sappen-water,"Zuivel, eieren",Yoghurt drinkpakjes,1.79,1.79,,,,,6 x 200 ml,prijs per liter €1.49,False,,,,,C,True,AH,https://www.ah.nl/producten/product/wi130267,2026-08-12,AH Drinking yoghurt strawberry flavor 6-pack,soft drinks-juices-water
156794,624417,Fanta Cassis,Fanta,frisdrank-sappen-water,"Frisdrank, sappen, water",Cassis,2.85,2.85,,,,,"1,5 l",prijs per liter €1.90,False,,,,,E,True,AH,https://www.ah.nl/producten/product/wi156794,2026-08-12,Fanta Cassis,soft drinks-juices-water
520746,665359,DubbelDrank Mango & passievrucht,DubbelDrank,frisdrank-sappen-water,"Frisdrank, sappen, water",Frisse fruitdranken,2.49,2.49,,,,,1 l,prijs per liter €2.49,False,,,,,E,True,AH,https://www.ah.nl/producten/product/wi520746,2026-08-12,DubbelDrank Mango & passion fruit,soft drinks-juices-water
403967,851403,Van de Boom Appel 6-pack,Van de Boom,frisdrank-sappen-water,"Frisdrank, sappen, water",Appelsap drinkpakjes,3.49,3.49,,,,,"6 x 0,2 l",prijs per liter €2.91,False,,,,,C,True,AH,https://www.ah.nl/producten/product/wi403967,2026-08-12,Van de Boom Appel 6-pack,soft drinks-juices-water
476714,729923,Coca-Cola Light 8-pack,Coca-Cola,frisdrank-sappen-water,"Frisdrank, sappen, water","Cola zero, suikervrij, light",5.29,5.29,,,,,"8 x 0,25 l",prijs per liter €2.65,False,,,,,C,True,AH,https://www.ah.nl/producten/product/wi476714,2026-08-12,Coca-Cola Light 8-pack,soft drinks-juices-water
612374,0,Karvan Cévitam Zero framboos siroop 3-pack,Karvan Cévitam,frisdrank-sappen-water,"Frisdrank, sappen, water",Limonadesiroop (suikerbewust en suikervrij),12.23,12.87,5.0,5% volume voordeel,,,3 stuks,,True,AHOO,5% volume voordeel,2026-08-12,2999-12-31,,True,AH,https://www.ah.nl/producten/product/wi612374,2026-08-12,Karvan Cévitam Zero raspberry syrup 3-pack,soft drinks-juices-water
616758,0,Fanta Lemon zero sugar 6-pack,Fanta,frisdrank-sappen-water,"Frisdrank, sappen, water",Lemon en lime,14.53,17.1,15.0,15% volume voordeel,,,6 stuks,,True,AHOO,15% volume voordeel,2026-08-12,2999-12-31,,True,AH,https://www.ah.nl/producten/product/wi616758,2026-08-12,Fanta Lemon zero sugar 6-pack,soft drinks-juices-water
614538,0,Royal Club Rose lemonade 0% suiker 6-pack,Royal Club,frisdrank-sappen-water,"Frisdrank, sappen, water",Craft en speciaal fris,12.7,14.94,15.0,15% volume voordeel,,,6 stuks,,True,AHOO,15% volume voordeel,2026-08-12,2999-12-31,,True,AH,https://www.ah.nl/producten/product/wi614538,2026-08-12,Royal Club Rose lemonade 0% sugar 6-pack,soft drinks-juices-water
129320,606913,Pepsi Zero sugar cola lemon,Pepsi,frisdrank-sappen-water,"Frisdrank, sappen, water",Cola caffeïnevrij,2.125,2.79,23.8,2 voor 4.25,4.25,2.0,"1,5 l",normale prijs per liter €1.86,True,AH,2 VOOR 4.25,2026-08-10,2026-08-16,C,True,AH,https://www.ah.nl/producten/product/wi129320,2026-08-12,Pepsi Zero sugar cola lemon,soft drinks-juices-water
496901,800409,Lipton Ice tea sparkling 4-pack,Lipton,frisdrank-sappen-water,"Frisdrank, sappen, water",Ice tea regular,3.59,3.59,,,,,"4 x 0,25 l",prijs per liter €3.59,False,,,,,D,True,AH,https://www.ah.nl/producten/product/wi496901,2026-08-12,Lipton Ice tea sparkling 4-pack,soft drinks-juices-water
608755,0,Lipton Ice tea sparkling 4-pack 3-pack,Lipton,frisdrank-sappen-water,"Frisdrank, sappen, water",Ice tea regular,9.69,10.77,10.0,10% volume voordeel,,,3 stuks,,True,AHOO,10% volume voordeel,2026-08-12,2999-12-31,,True,AH,https://www.ah.nl/producten/product/wi608755,2026-08-12,Lipton Ice tea sparkling 4-pack 3-pack,soft drinks-juices-water
611830,0,Spa Touch bruisend watermelon kiwi 4-pack,Spa,frisdrank-sappen-water,"Frisdrank, sappen, water",Water met smaak,6.44,7.16,10.0,10% volume voordeel,,,4 stuks,,True,AHOO,10% volume voordeel,2026-08-12,2999-12-31,,True,AH,https://www.ah.nl/producten/product/wi611830,2026-08-12,Spa Touch sparkling watermelon kiwi 4-pack,soft drinks-juices-water
589016,34573,Coca-Cola Lime zero sugar,Coca-Cola,frisdrank-sappen-water,"Frisdrank, sappen, water","Cola zero, suikervrij, light",0.85,0.85,,,,,250 ml,prijs per liter €3.40,False,,,,,C,True,AH,https://www.ah.nl/producten/product/wi589016,2026-08-12,Coca-Cola Lime zero sugar,soft drinks-juices-water
605810,0,Fuze Tea Green Ice Tea Mango Chamomile 3-pack,Fuze Tea,frisdrank-sappen-water,"Frisdrank, sappen, water",Ice tea green,7.58,9.27,18.2,pakketkorting,,,3 stuks,,True,AHOO,,2026-08-12,2026-08-16,,True,AH,https://www.ah.nl/producten/product/wi605810,2026-08-12,Fuze Tea Green Ice Tea Mango Chamomile 3-pack,soft drinks-juices-water
530997,81383,Karvan Cévitam Zero multivruchten siroop,Karvan Cévitam,frisdrank-sappen-water,"Frisdrank, sappen, water",Limonadesiroop (suikerbewust en suikervrij),4.29,4.29,,,,,"0,6 l",prijs per liter €7.15,False,,,,,C,True,AH,https://www.ah.nl/producten/product/wi530997,2026-08-12,Karvan Cévitam Zero multivruchten siroop,soft drinks-juices-water
377722,838934,AH Sinaasappelsap,AH,frisdrank-sappen-water,"Frisdrank, sappen, water","Sinaasappelsap, citrussap, grapefruitsap (jus d'orange)",2.19,2.19,,,,,"1,5 l",prijs per liter €1.46,False,,,,,C,True,AH,https://www.ah.nl/producten/product/wi377722,2026-08-12,AH Orange juice,soft drinks-juices-water
189776,788552,AH Ice tea green koolzuurvrij,AH,frisdrank-sappen-water,"Frisdrank, sappen, water",Ice tea green,0.59,0.59,,,,,"0,5 l",prijs per liter €1.18,False,,,,,D,True,AH,https://www.ah.nl/producten/product/wi189776,2026-08-12,AH Ice tea green carbon-free,soft drinks-juices-water
62190,514042,CoolBest Mango dream,CoolBest,frisdrank-sappen-water,"Fruit, verse sappen",Multivruchtensap (vers),2.03,3.39,40.0,40% korting,,,1 l,normale prijs per liter €3.39,True,AH,40% korting,2026-08-10,2026-08-16,C,True,AH,https://www.ah.nl/producten/product/wi62190,2026-08-12,CoolBest Mango dream,soft drinks-juices-water
612197,0,DubbelDrank Mango & passievrucht 3-pack,DubbelDrank,frisdrank-sappen-water,"Frisdrank, sappen, water",Frisse fruitdranken,6.72,7.47,10.0,10% volume voordeel,,,3 stuks,,True,AHOO,10% volume voordeel,2026-08-12,2999-12-31,,True,AH,https://www.ah.nl/producten/product/wi612197,2026-08-12,DubbelDrank Mango & passion fruit 3-pack,soft drinks-juices-water
384858,843389,Raak Vruchtensiroop reine claude,Raak,frisdrank-sappen-water,"Frisdrank, sappen, water",Limonadesiroop,2.85,2.85,,,,,"0,75 l",prijs per liter €3.80,False,,,,,E,True,AH,https://www.ah.nl/producten/product/wi384858,2026-08-12,Raak Vruchtensiroop reine claude,soft drinks-juices-water
130865,624419,Fanta Pomelo zero sugar,Fanta,frisdrank-sappen-water,"Frisdrank, sappen, water",Sinas,2.85,2.85,,,,,"1,5 l",prijs per liter €1.90,False,,,,,C,True,AH,https://www.ah.nl/producten/product/wi130865,2026-08-12,Fanta Pomelo zero sugar,soft drinks-juices-water
403957,851391,Van de Boom Appel,Van de Boom,frisdrank-sappen-water,"Frisdrank, sappen, water",Appelsap en perensap,2.49,2.49,,,,,1 l,prijs per liter €2.49,False,,,,,C,True,AH,https://www.ah.nl/producten/product/wi403957,2026-08-12,From the Tree Apple,soft drinks-juices-water
476692,729862,Fanta Cassis 4-pack,Fanta,frisdrank-sappen-water,"Frisdrank, sappen, water",Cassis,3.25,3.25,,,,,"4 x 0,25 l",prijs per liter €3.25,False,,,,,E,True,AH,https://www.ah.nl/producten/product/wi476692,2026-08-12,Fanta Cassis 4-pack,soft drinks-juices-water
612378,0,Karvan Cévitam Zero multivruchten siroop 3-pack,Karvan Cévitam,frisdrank-sappen-water,"Frisdrank, sappen, water",Limonadesiroop (suikerbewust en suikervrij),12.23,12.87,5.0,5% volume voordeel,,,3 stuks,,True,AHOO,5% volume voordeel,2026-08-12,2999-12-31,,True,AH,https://www.ah.nl/producten/product/wi612378,2026-08-12,Karvan Cévitam Zero multifruit syrup 3-pack,soft drinks-juices-water
614470,0,Royal Club Bitter lemon 4-pck,Royal Club,frisdrank-sappen-water,"Frisdrank, sappen, water",Bitter lemon,8.96,9.96,10.0,10% volume voordeel,,,4 stuks,,True,AHOO,10% volume voordeel,2026-08-12,2999-12-31,,True,AH,https://www.ah.nl/producten/product/wi614470,2026-08-12,Royal Club Bitter lemon 4-pck,soft drinks-juices-water
607343,64507,Slimpie Ice tea perzik siroop 0% suiker,Slimpie,frisdrank-sappen-water,"Frisdrank, sappen, water",Limonadesiroop,3.49,3.49,,,,,"0,65 l",prijs per liter €5.37,False,,,,,C,True,AH,https://www.ah.nl/producten/product/wi607343,2026-08-12,Slimpie Ice tea peach syrup 0% sugar,soft drinks-juices-water
612520,0,Van de Boom Appel 18-pack,Van de Boom,frisdrank-sappen-water,"Frisdrank, sappen, water",Appelsap drinkpakjes,9.42,10.47,10.0,10% volume voordeel,,,3 stuks,,True,AHOO,10% volume voordeel,2026-08-12,2999-12-31,,True,AH,https://www.ah.nl/producten/product/wi612520,2026-08-12,Van de Boom Appel 18-pack,soft drinks-juices-water
616754,0,Fanta Exotic zero sugar 24-pack,Fanta,frisdrank-sappen-water,"Frisdrank, sappen, water",Sinas,16.57,19.5,15.0,15% volume voordeel,,,6 stuks,,True,AHOO,15% volume voordeel,2026-08-12,2999-12-31,,True,AH,https://www.ah.nl/producten/product/wi616754,2026-08-12,Fanta Exotic zero sugar 24-pack,soft drinks-juices-water
612375,0,Karvan Cévitam Zero framboos siroop 6-pack,Karvan Cévitam,frisdrank-sappen-water,"Frisdrank, sappen, water",Limonadesiroop (suikerbewust en suikervrij),23.17,25.74,10.0,10% volume voordeel,,,6 stuks,,True,AHOO,10% volume voordeel,2026-08-12,2999-12-31,,True,AH,https://www.ah.nl/producten/product/wi612375,2026-08-12,Karvan Cévitam Zero framboos siroop 6-pack,soft drinks-juices-water
605801,0,Fanta Cassis 4-pack,Fanta,frisdrank-sappen-water,"Frisdrank, sappen, water",Cassis,10.26,11.4,10.0,10% volume voordeel,,,4 stuks,,True,AHOO,10% volume voordeel,2026-08-12,2999-12-31,,True,AH,https://www.ah.nl/producten/product/wi605801,2026-08-12,Fanta Cassis 4-pack,soft drinks-juices-water
232949,825909,Grolsch Premium pilsner krat,Grolsch,bier-wijn-aperitieven,"Bier, wijn, aperitieven",Pils krat,14.47,19.29,25.0,25% korting,,,"24 x 0,3 l",normale prijs per liter €2.68,True,AH,25% korting,2026-08-10,2026-08-16,,True,AH,https://www.ah.nl/producten/product/wi232949,2026-08-12,Grolsch Premium pilsner crate,beer-wine aperitifs
615430,72528,Grolsch Cal 6-pack,Grolsch,bier-wijn-aperitieven,"Bier, wijn, aperitieven",Pils blik,3.74,4.99,25.0,25% korting,,,"1,8 l",normale prijs per liter €2.77,True,AH,25% korting,2026-08-10,2026-08-16,,True,AH,https://www.ah.nl/producten/product/wi615430,2026-08-12,Grolsch Cal 6-pack,beer-wine aperitifs
222563,816815,Amstel Radler citroen 0.0 6-pack,Amstel,bier-wijn-aperitieven,"Bier, wijn, aperitieven","Alcoholvrij wit, weizen, radler",6.49,6.49,,,,,"6 x 0,33 l",prijs per liter €3.28,False,,,,,C,True,AH,https://www.ah.nl/producten/product/wi222563,2026-08-12,Amstel Radler citroen 0.0 6-pack,beer-wine aperitifs
600733,0,Amstel Amstel Radler citroen 0.0 6-pack 8-pack,Amstel,bier-wijn-aperitieven,"Bier, wijn, aperitieven","Alcoholvrij wit, weizen, radler",49.32,51.92,5.0,5% volume voordeel,,,8 stuks,,True,AHOO,5% volume voordeel,2026-08-12,2999-12-31,,True,AH,https://www.ah.nl/producten/product/wi600733,2026-08-12,Amstel Amstel Radler lemon 0.0 6-pack 8-pack,beer-wine aperitifs
222510,816813,Amstel Radler citroen 0.0% 6-pack,Amstel,bier-wijn-aperitieven,"Bier, wijn, aperitieven","Alcoholvrij wit, weizen, radler",5.99,5.99,,,,,"6 x 0,3 l",prijs per liter €3.33,False,,,,,C,True,AH,https://www.ah.nl/producten/product/wi222510,2026-08-12,Amstel Radler lemon 0.0% 6-pack,beer-wine aperitifs
615431,72529,Grolsch Cal 6-pack,Grolsch,bier-wijn-aperitieven,"Bier, wijn, aperitieven",Pils blik,5.14,6.85,25.0,25% korting,,,"1,98 l",normale prijs per liter €3.46,True,AH,25% korting,2026-08-10,2026-08-16,,True,AH,https://www.ah.nl/producten/product/wi615431,2026-08-12,Grolsch Cal 6-pack,beer-wine aperitifs
606634,0,Amstel Radler citroen 0.0%12-pack,Amstel,bier-wijn-aperitieven,"Bier, wijn, aperitieven","Alcoholvrij wit, weizen, radler",11.38,11.98,5.0,5% volume voordeel,,,2 stuks,,True,AHOO,5% volume voordeel,2026-08-12,2999-12-31,,True,AH,https://www.ah.nl/producten/product/wi606634,2026-08-12,Amstel Radler lemon 0.0%12-pack,beer-wine aperitifs
238802,828378,Grolsch Radler citroen alcoholvrij 0.0 6-pack,Grolsch,bier-wijn-aperitieven,"Bier, wijn, aperitieven","Alcoholvrij wit, weizen, radler",5.29,5.29,,1 + 1 gratis,,1.0,"6 x 0,3 l",normale prijs per liter €2.94,True,AH,1 + 1 gratis,2026-08-10,2026-08-16,C,True,AH,https://www.ah.nl/producten/product/wi238802,2026-08-12,Grolsch Radler lemon alcohol-free 0.0 6-pack,beer-wine aperitifs
611328,0,Grolsch Radler citroen alcoholvrij 0.0 18-pack,Grolsch,bier-wijn-aperitieven,"Bier, wijn, aperitieven","Alcoholvrij wit, weizen, radler",10.58,15.87,33.3,pakketkorting,,,3 stuks,,True,AHOO,,2026-08-12,2026-08-16,,True,AH,https://www.ah.nl/producten/product/wi611328,2026-08-12,Grolsch Radler citroen alcoholvrij 0.0 18-pack,beer-wine aperitifs
611329,0,Grolsch Radler citroen alcoholvrij 0.0 30-pack,Grolsch,bier-wijn-aperitieven,"Bier, wijn, aperitieven","Alcoholvrij wit, weizen, radler",15.87,26.45,40.0,pakketkorting,,,5 stuks,,True,AHOO,,2026-08-12,2026-08-16,,True,AH,https://www.ah.nl/producten/product/wi611329,2026-08-12,Grolsch Radler citroen alcoholvrij 0.0 30-pack,beer-wine aperitifs
228280,820730,Saint Louis De provence rosé,Saint Louis,bier-wijn-aperitieven,"Bier, wijn, aperitieven",Droge rosé,6.99,6.99,,,,,"0,75 l",prijs per liter €9.32,False,,,,,,True,AH,https://www.ah.nl/producten/product/wi228280,2026-08-12,Saint Louis De Provence rosé,beer-wine aperitifs
584742,0,Saint Louis De provence rose 6 flessen,Saint Louis,bier-wijn-aperitieven,"Bier, wijn, aperitieven",Droge rosé,37.75,41.94,10.0,10% volume voordeel,,,6 stuks,,True,AHOO,10% volume voordeel,2026-08-12,2999-12-31,,True,AH,https://www.ah.nl/producten/product/wi584742,2026-08-12,Saint Louis De Provence rose 6 bottles,beer-wine aperitifs
566588,4706,Vandestreek Playground non alcoholic IPA,Vandestreek,bier-wijn-aperitieven,"Bier, wijn, aperitieven",Alcoholvrij IPA,2.19,2.19,,,,,330 ml,prijs per liter €6.64,False,,,,,C,True,AH,https://www.ah.nl/producten/product/wi566588,2026-08-12,Vandestreek Playground non-alcoholic IPA,beer-wine aperitifs
615888,0,Saint Louis Saint Louis Provence Rosé 4 flessen,Saint Louis,bier-wijn-aperitieven,"Bier, wijn, aperitieven",Droge rosé,26.56,27.96,5.0,5% volume voordeel,,,4 stuks,,True,AHOO,5% volume voordeel,2026-08-12,2999-12-31,,True,AH,https://www.ah.nl/producten/product/wi615888,2026-08-12,Saint Louis Saint Louis Provence Rosé 4 bottles,beer-wine aperitifs
516627,46619,Corona Cero 0.0 alcoholvrij bier 6-pack,Corona,bier-wijn-aperitieven,"Bier, wijn, aperitieven","Alcoholvrij wit, weizen, radler",7.12,9.49,25.0,25% korting,,,"6 x 0,33 l",normale prijs per liter €4.79,True,AH,25% korting,2026-08-10,2026-08-16,C,True,AH,https://www.ah.nl/producten/product/wi516627,2026-08-12,Corona Cero 0.0 alcohol-free beer 6-pack,beer-wine aperitifs
610142,0,Corona Cero 0.0 alcoholvrij bier 18-pack,Corona,bier-wijn-aperitieven,"Bier, wijn, aperitieven","Alcoholvrij wit, weizen, radler",21.35,28.47,25.0,pakketkorting,,,3 stuks,,True,AHOO,,2026-08-12,2026-08-16,,True,AH,https://www.ah.nl/producten/product/wi610142,2026-08-12,Corona Cero 0.0 alcohol-free beer 18-pack,beer-wine aperitifs
611748,0,Corona Cero 0.0 alcoholvrij bier 30-pack,Corona,bier-wijn-aperitieven,"Bier, wijn, aperitieven","Alcoholvrij wit, weizen, radler",35.58,47.45,25.0,pakketkorting,,,5 stuks,,True,AHOO,,2026-08-12,2026-08-16,,True,AH,https://www.ah.nl/producten/product/wi611748,2026-08-12,Corona Cero 0.0 alcohol-free beer 30-pack,beer-wine aperitifs
396207,847557,Settesoli Pinot grigio blush rosé,Settesoli,bier-wijn-aperitieven,"Bier, wijn, aperitieven",Droge rosé,5.99,5.99,,,,,"0,75 l",prijs per liter €7.99,False,,,,,,True,AH,https://www.ah.nl/producten/product/wi396207,2026-08-12,Settesoli Pinot grigio blush rosé,beer-wine aperitifs
586377,0,Settesoli Pinot grigio blush rosé 6 flessen,Settesoli,bier-wijn-aperitieven,"Bier, wijn, aperitieven",Droge rosé,32.35,35.94,10.0,10% volume voordeel,,,6 stuks,,True,AHOO,10% volume voordeel,2026-08-12,2999-12-31,,True,AH,https://www.ah.nl/producten/product/wi586377,2026-08-12,Settesoli Pinot grigio blush rosé 6 bottles,beer-wine aperitifs
163546,626435,Settesoli Pinot grigio,Settesoli,bier-wijn-aperitieven,"Bier, wijn, aperitieven",Pinot Grigio (Fris en droog),5.99,5.99,,,,,"0,75 l",prijs per liter €7.99,False,,,,,,True,AH,https://www.ah.nl/producten/product/wi163546,2026-08-12,Settesoli Pinot Grigio,beer-wine aperitifs
482639,737544,Grange de Malivet Chardonnay wooded,Grange de Malivet,bier-wijn-aperitieven,"Bier, wijn, aperitieven",Chardonnay (Vol en droog),6.65,6.65,,,,,"0,75 l",prijs per liter €8.87,False,,,,,,True,AH,https://www.ah.nl/producten/product/wi482639,2026-08-12,Grange de Malivet Chardonnay wooded,beer-wine aperitifs
616349,0,Settesoli Settesoli PG Blush Rosé 4 flessen,Settesoli,bier-wijn-aperitieven,"Bier, wijn, aperitieven",Droge rosé,22.76,23.96,5.0,5% volume voordeel,,,4 stuks,,True,AHOO,5% volume voordeel,2026-08-12,2999-12-31,,True,AH,https://www.ah.nl/producten/product/wi616349,2026-08-12,Settesoli Settesoli PG Blush Rosé 4 flessen,beer-wine aperitifs
571813,14095,Texels Skuumkoppe 0.0 speciaalbier 6-pack,Texels,bier-wijn-aperitieven,"Bier, wijn, aperitieven","Alcoholvrij wit, weizen, radler",7.04,9.39,25.0,25% korting,,,"6 x 0,3 l",normale prijs per liter €5.22,True,AH,25% korting,2026-08-10,2026-08-16,C,True,AH,https://www.ah.nl/producten/product/wi571813,2026-08-12,Texels Skuumkoppe 0.0 specialty beer 6-pack,beer-wine aperitifs
435814,700320,AH Excellent Selectie prosecco,AH Excellent,bier-wijn-aperitieven,"Bier, wijn, aperitieven",Prosecco droog,7.99,7.99,,,,,"0,75 l",prijs per liter €10.65,False,,,,,,True,AH,https://www.ah.nl/producten/product/wi435814,2026-08-12,AH Excellent Selection of prosecco,beer-wine aperitifs
584728,0,Settesoli Pinot grigio 6 flessen,Settesoli,bier-wijn-aperitieven,"Bier, wijn, aperitieven",Pinot Grigio (Fris en droog),32.35,35.94,10.0,10% volume voordeel,,,6 stuks,,True,AHOO,10% volume voordeel,2026-08-12,2999-12-31,,True,AH,https://www.ah.nl/producten/product/wi584728,2026-08-12,Settesoli Pinot grigio 6 bottles,beer-wine aperitifs
586717,0,Grange de Malivet Chardonnay wooded 6 flessen,Grange de Malivet,bier-wijn-aperitieven,"Bier, wijn, aperitieven",Chardonnay (Fris en droog),35.91,39.9,10.0,10% volume voordeel,,,6 stuks,,True,AHOO,10% volume voordeel,2026-08-12,2999-12-31,,True,AH,https://www.ah.nl/producten/product/wi586717,2026-08-12,Grange de Malivet Chardonnay wooded 6 bottles,beer-wine aperitifs
615768,0,Texels Skuumkoppe 0.0 speciaalbier 12-pack,Texels,bier-wijn-aperitieven,"Bier, wijn, aperitieven","Alcoholvrij wit, weizen, radler",14.08,18.78,25.0,pakketkorting,,,2 stuks,,True,AHOO,,2026-08-12,2026-08-16,,True,AH,https://www.ah.nl/producten/product/wi615768,2026-08-12,Texels Skuumkoppe 0.0 speciaalbier 12-pack,beer-wine aperitifs
594988,0,Texels Skuumkoppe 0.0 speciaalbier 12-pack,Texels,bier-wijn-aperitieven,"Bier, wijn, aperitieven","Alcoholvrij wit, weizen, radler",14.08,18.78,25.0,pakketkorting,,,2 stuks,,True,AHOO,,2026-08-12,2026-08-16,,True,AH,https://www.ah.nl/producten/product/wi594988,2026-08-12,Texels Skuumkoppe 0.0 speciaalbier 12-pack,beer-wine aperitifs
96577,543391,Hertog Jan Pilsener bier 6-pack,Hertog Jan,bier-wijn-aperitieven,"Bier, wijn, aperitieven",Pils blik,7.32,7.32,,,,,6 x 33 cl,prijs per liter €3.70,False,,,,,,True,AH,https://www.ah.nl/producten/product/wi96577,2026-08-12,Hertog Jan Pilsener beer 6-pack,beer-wine aperitifs
460649,675079,Leffe Blond 0.0% 6-pack,Leffe,bier-wijn-aperitieven,"Bier, wijn, aperitieven","Alcoholvrij blond, dubbel, tripel",6.99,6.99,,,,,6 x 0.30 l,prijs per liter €3.88,False,,,,,C,True,AH,https://www.ah.nl/producten/product/wi460649,2026-08-12,Leffe Blond 0.0% 6-pack,beer-wine aperitifs
471354,723681,Hertog Jan 0.0 Alcoholvrij bier 6-pack,Hertog Jan,bier-wijn-aperitieven,"Bier, wijn, aperitieven",Alcoholvrij pils,4.99,4.99,,,,,"6 x 0,3 l",prijs per liter €2.77,False,,,,,B,True,AH,https://www.ah.nl/producten/product/wi471354,2026-08-12,Hertog Jan 0.0 Non-alcoholic beer 6-pack,beer-wine aperitifs
610152,0,Leffe Blond 0.0% 12-pack,Leffe,bier-wijn-aperitieven,"Bier, wijn, aperitieven","Alcoholvrij blond, dubbel, tripel",11.18,13.98,20.0,20% volume voordeel,,,2 stuks,,True,AHOO,20% volume voordeel,2026-08-12,2999-12-31,,True,AH,https://www.ah.nl/producten/product/wi610152,2026-08-12,Leffe Blond 0.0% 12-pack,beer-wine aperitifs
591521,0,AH Excellent Selectie Prosecco 6 flessen,AH Excellent,bier-wijn-aperitieven,"Bier, wijn, aperitieven",Prosecco droog,43.15,47.94,10.0,10% volume voordeel,,,6 stuks,,True,AHOO,10% volume voordeel,2026-08-12,2999-12-31,,True,AH,https://www.ah.nl/producten/product/wi591521,2026-08-12,AH Excellent Selection Prosecco 6 bottles,beer-wine aperitifs
610153,0,Leffe Blond 0.0% 24-pack,Leffe,bier-wijn-aperitieven,"Bier, wijn, aperitieven","Alcoholvrij blond, dubbel, tripel",19.57,27.96,30.0,30% volume voordeel,,,4 stuks,,True,AHOO,30% volume voordeel,2026-08-12,2999-12-31,,True,AH,https://www.ah.nl/producten/product/wi610153,2026-08-12,Leffe Blond 0.0% 24-pack,beer-wine aperitifs
575711,0,AH Excellent Selectie Prosecco 6 flessen,AH Excellent,bier-wijn-aperitieven,"Bier, wijn, aperitieven",Prosecco droog,43.15,47.94,10.0,10% volume voordeel,,,6 stuks,,True,AHOO,10% volume voordeel,2026-08-12,2999-12-31,,True,AH,https://www.ah.nl/producten/product/wi575711,2026-08-12,AH Excellent Selection Prosecco 6 bottles,beer-wine aperitifs
225279,818528,Mesta Verdejo organic wine,Mesta,bier-wijn-aperitieven,"Bier, wijn, aperitieven",Verdejo (Fris en droog),4.12,5.49,25.0,25% korting,,,"0,75 l",normale prijs per liter €7.32,True,AH,25% korting,2026-08-10,2026-08-16,,True,AH,https://www.ah.nl/producten/product/wi225279,2026-08-12,Mesta Verdejo organic wine,beer-wine aperitifs
570710,11381,Hey you Rosé,Hey you,bier-wijn-aperitieven,"Bier, wijn, aperitieven",Droge rosé,3.99,4.99,20.0,€1.00 euro korting,,,"0,75 l",normale prijs per liter €6.65,True,AH,1 euro korting,2026-08-10,2026-08-16,,True,AH,https://www.ah.nl/producten/product/wi570710,2026-08-12,Hey you Rose,beer-wine aperitifs
616348,0,Settesoli Settesoli Pinot grigio 4 flessen,Settesoli,bier-wijn-aperitieven,"Bier, wijn, aperitieven",Pinot Grigio (Fris en droog),22.76,23.96,5.0,5% volume voordeel,,,4 stuks,,True,AHOO,5% volume voordeel,2026-08-12,2999-12-31,,True,AH,https://www.ah.nl/producten/product/wi616348,2026-08-12,Settesoli Settesoli Pinot grigio 4 bottles,beer-wine aperitifs
458921,668941,AH Biologisch Pinot grigio,AH Biologisch,bier-wijn-aperitieven,"Bier, wijn, aperitieven",Pinot Grigio (Fris en droog),3.74,4.99,25.0,25% korting,,,"0,75 l",normale prijs per liter €6.65,True,AH,25% korting,2026-08-10,2026-08-16,,True,AH,https://www.ah.nl/producten/product/wi458921,2026-08-12,AH Biologisch Pinot grigio,beer-wine aperitifs
80101,779716,Heineken Premium pilsener 6-pack,Heineken,bier-wijn-aperitieven,"Bier, wijn, aperitieven",Pils blik,4.99,6.65,25.0,25% korting,,,"6 x 0,33 l",normale prijs per liter €3.36,True,AH,25% korting,2026-08-10,2026-08-16,,True,AH,https://www.ah.nl/producten/product/wi80101,2026-08-12,Heineken Premium pilsener 6-pack,beer-wine aperitifs
606648,0,Heineken Pilsener 12-pack,Heineken,bier-wijn-aperitieven,"Bier, wijn, aperitieven",Pils blik,9.97,13.3,25.0,pakketkorting,,,2 stuks,,True,AHOO,,2026-08-12,2026-08-16,,True,AH,https://www.ah.nl/producten/product/wi606648,2026-08-12,Heineken Pilsener 12-pack,beer-wine aperitifs
409165,853880,Heineken Premium pilsener 0.0 6-pack,Heineken,bier-wijn-aperitieven,"Bier, wijn, aperitieven",Alcoholvrij pils,6.65,6.65,,1 + 1 gratis,,1.0,"6 x 0,33 l",normale prijs per liter €3.36,True,AH,1 + 1 gratis,2026-08-10,2026-08-16,B,True,AH,https://www.ah.nl/producten/product/wi409165,2026-08-12,Heineken Premium pilsner 0.0 6-pack,beer-wine aperitifs
606649,0,Heineken Premium pilsener 0.0 12-pack,Heineken,bier-wijn-aperitieven,"Bier, wijn, aperitieven",Alcoholvrij pils,6.65,13.3,50.0,pakketkorting,,,2 stuks,,True,AHOO,,2026-08-12,2026-08-16,,True,AH,https://www.ah.nl/producten/product/wi606649,2026-08-12,Heineken Premium pilsner 0.0 12-pack,beer-wine aperitifs
586707,0,Hey you Rosé 6 flessen,Hey you,bier-wijn-aperitieven,"Bier, wijn, aperitieven",Droge rosé,23.94,29.94,20.0,pakketkorting,,,6 stuks,,True,AHOO,,2026-08-12,2026-08-16,,True,AH,https://www.ah.nl/producten/product/wi586707,2026-08-12,Hey you Rosé 6 bottles,beer-wine aperitifs
617582,0,AH Biologisch Pinot grigio 6 flessen,AH Biologisch,bier-wijn-aperitieven,"Bier, wijn, aperitieven",Pinot Grigio (Fris en droog),22.45,29.94,25.0,pakketkorting,,,6 stuks,,True,AHOO,,2026-08-12,2026-08-16,,True,AH,https://www.ah.nl/producten/product/wi617582,2026-08-12,AH Organic Pinot Grigio 6 bottles,beer-wine aperitifs
584608,0,Mesta Verdejo organic wine 6 flessen,Mesta,bier-wijn-aperitieven,"Bier, wijn, aperitieven",Verdejo (Fris en droog),24.7,32.94,25.0,pakketkorting,,,6 stuks,,True,AHOO,,2026-08-12,2026-08-16,,True,AH,https://www.ah.nl/producten/product/wi584608,2026-08-12,Mesta Verdejo organic wine 6 bottles,beer-wine aperitifs
460092,712903,Liefmans On the rocks 0.0 4-pack,Liefmans,bier-wijn-aperitieven,"Bier, wijn, aperitieven","Alcoholvrij wit, weizen, radler",5.99,5.99,,,,,"4 x 0,25 l",prijs per liter €5.99,False,,,,,D,True,AH,https://www.ah.nl/producten/product/wi460092,2026-08-12,Liefmans On the rocks 0.0 4-pack,beer-wine aperitifs
616037,0,AH Excellent Prosecco 4 flessen,AH Excellent,bier-wijn-aperitieven,"Bier, wijn, aperitieven",Prosecco droog,30.36,31.96,5.0,5% volume voordeel,,,4 stuks,,True,AHOO,5% volume voordeel,2026-08-12,2999-12-31,,True,AH,https://www.ah.nl/producten/product/wi616037,2026-08-12,AH Excellent Prosecco 4 bottles,beer-wine aperitifs
617581,0,AH Biologisch Pinot grigio 4 flessen,AH Biologisch,bier-wijn-aperitieven,"Bier, wijn, aperitieven",Pinot Grigio (Fris en droog),14.97,19.96,25.0,pakketkorting,,,4 stuks,,True,AHOO,,2026-08-12,2026-08-16,,True,AH,https://www.ah.nl/producten/product/wi617581,2026-08-12,AH Organic Pinot Grigio 4 bottles,beer-wine aperitifs
623905,0,Liefmans Liefmans On the rocks 0.0 8-pack,Liefmans,bier-wijn-aperitieven,"Bier, wijn, aperitieven","Alcoholvrij wit, weizen, radler",11.38,11.98,5.0,5% volume voordeel,,,2 stuks,,True,AHOO,5% volume voordeel,2026-08-12,2999-12-31,,True,AH,https://www.ah.nl/producten/product/wi623905,2026-08-12,Liefmans Liefmans On the rocks 0.0 8-pack,beer-wine aperitifs
615849,0,Grange de Malivet Grange de Malivet Chardonnay 4 flessen,Grange de Malivet,bier-wijn-aperitieven,"Bier, wijn, aperitieven",Chardonnay (Vol en droog),25.27,26.6,5.0,5% volume voordeel,,,4 stuks,,True,AHOO,5% volume voordeel,2026-08-12,2999-12-31,,True,AH,https://www.ah.nl/producten/product/wi615849,2026-08-12,Grange de Malivet Grange de Malivet Chardonnay 4 bottles,beer-wine aperitifs
623946,0,Liefmans Liefmans On the rocks 0.0 16-pack,Liefmans,bier-wijn-aperitieven,"Bier, wijn, aperitieven","Alcoholvrij wit, weizen, radler",21.56,23.96,10.0,10% volume voordeel,,,4 stuks,,True,AHOO,10% volume voordeel,2026-08-12,2999-12-31,,True,AH,https://www.ah.nl/producten/product/wi623946,2026-08-12,Liefmans Liefmans On the rocks 0.0 16-pack,beer-wine aperitifs
591212,38191,Stëlz Hard iced tea 12-pack,Stëlz,bier-wijn-aperitieven,"Bier, wijn, aperitieven",Seltzers,22.49,22.49,,,,,"12 x 0,25 l",prijs per liter €7.50,False,,,,,,True,AH,https://www.ah.nl/producten/product/wi591212,2026-08-12,Stëlz Hard iced tea 12-pack,beer-wine aperitifs
612705,0,Stelz Hard iced tea 24-pack,Stelz,bier-wijn-aperitieven,"Bier, wijn, aperitieven",Seltzers,33.73,44.98,25.0,25% volume voordeel,,,2 stuks,,True,AHOO,25% volume voordeel,2026-08-12,2999-12-31,,True,AH,https://www.ah.nl/producten/product/wi612705,2026-08-12,Stelz Hard iced tea 24-pack,beer-wine aperitifs
489167,742787,Brouwers Premium bier 6-pack,Brouwers,bier-wijn-aperitieven,"Bier, wijn, aperitieven",Pils blik,3.19,3.19,,,,,"6 x 0,33 l",prijs per liter €1.61,False,,,,,,True,AH,https://www.ah.nl/producten/product/wi489167,2026-08-12,Brewers Premium beer 6-pack,beer-wine aperitifs
160809,627616,Lindeman's South africa sauvignon blanc chardonnay,Lindeman's,bier-wijn-aperitieven,"Bier, wijn, aperitieven",Sauvignon Blanc (Fris en droog),3.99,5.29,24.6,voor 3.99,3.99,,"0,75 l",normale prijs per liter €7.05,True,AH,VOOR 3.99,2026-08-10,2026-08-16,,True,AH,https://www.ah.nl/producten/product/wi160809,2026-08-12,Lindeman's South Africa Sauvignon Blanc Chardonnay,beer-wine aperitifs
170811,757617,Corona Extra bier 6-pack,Corona,bier-wijn-aperitieven,"Bier, wijn, aperitieven",Mexicaans bier,7.49,9.99,25.0,25% korting,,,"6 x 0,33 l",normale prijs per liter €5.05,True,AH,25% korting,2026-08-10,2026-08-16,,True,AH,https://www.ah.nl/producten/product/wi170811,2026-08-12,Corona Extra bier 6-pack,beer-wine aperitifs
584746,0,Lindeman's South africa chardonnay 6 flessen,Lindeman's,bier-wijn-aperitieven,"Bier, wijn, aperitieven",Sauvignon Blanc (Fris en droog),23.94,31.74,24.6,pakketkorting,,,6 stuks,,True,AHOO,,2026-08-12,2026-08-16,,True,AH,https://www.ah.nl/producten/product/wi584746,2026-08-12,Lindeman's South Africa chardonnay 6 bottles,beer-wine aperitifs
460362,712912,Brand IPA 0.0 6-pack,Brand,bier-wijn-aperitieven,"Bier, wijn, aperitieven",Alcoholvrij IPA,9.19,9.19,,1 + 1 gratis,,1.0,"6 x 0,3 l",normale prijs per liter €5.11,True,AH,1 + 1 gratis,2026-08-10,2026-08-16,C,True,AH,https://www.ah.nl/producten/product/wi460362,2026-08-12,Brand IPA 0.0 6-pack,beer-wine aperitifs
591857,0,Brand IPA 0.0 speciaalbier 2-pack,Brand,bier-wijn-aperitieven,"Bier, wijn, aperitieven",Alcoholvrij IPA,9.19,18.38,50.0,pakketkorting,,,2 stuks,,True,AHOO,,2026-08-12,2026-08-16,,True,AH,https://www.ah.nl/producten/product/wi591857,2026-08-12,Brand IPA 0.0 specialty beer 2-pack,beer-wine aperitifs
623965,0,Corona Extra bier 12-pack,Corona,bier-wijn-aperitieven,"Bier, wijn, aperitieven",Mexicaans bier,14.98,19.98,25.0,pakketkorting,,,2 stuks,,True,AHOO,,2026-08-12,2026-08-16,,True,AH,https://www.ah.nl/producten/product/wi623965,2026-08-12,Corona Extra beer 12-pack,beer-wine aperitifs
623966,0,Corona Extra bier 24-pack,Corona,bier-wijn-aperitieven,"Bier, wijn, aperitieven",Mexicaans bier,29.97,39.96,25.0,pakketkorting,,,4 stuks,,True,AHOO,25% volume voordeel,2026-08-12,2026-08-16,,True,AH,https://www.ah.nl/producten/product/wi623966,2026-08-12,Corona Extra beer 24-pack,beer-wine aperitifs
616298,0,Mesta Mesta Verdejo Organic 4 flessen,Mesta,bier-wijn-aperitieven,"Bier, wijn, aperitieven",Verdejo (Fris en droog),16.47,21.96,25.0,pakketkorting,,,4 stuks,,True,AHOO,,2026-08-12,2026-08-16,,True,AH,https://www.ah.nl/producten/product/wi616298,2026-08-12,Mesta Mesta Verdejo Organic 4 bottles,beer-wine aperitifs
571805,14092,Peroni Nastro azzurro alcoholvrij bier 6-pack,Peroni,bier-wijn-aperitieven,"Bier, wijn, aperitieven",Alcoholvrij pils,6.79,6.79,,,,,"6 x 0,33 l",prijs per liter €3.43,False,,,,,C,True,AH,https://www.ah.nl/producten/product/wi571805,2026-08-12,Peroni Nastro azzurro alcoholvrij bier 6-pack,beer-wine aperitifs
616230,0,Hey you Hey you Rosé 4 flessen,Hey you,bier-wijn-aperitieven,"Bier, wijn, aperitieven",Droge rosé,15.96,19.96,20.0,pakketkorting,,,4 stuks,,True,AHOO,,2026-08-12,2026-08-16,,True,AH,https://www.ah.nl/producten/product/wi616230,2026-08-12,Hey you Hey you Rosé 4 bottles,beer-wine aperitifs
211425,827075,Weihenstephaner Hefeweissbier 0.5%,Weihenstephaner,bier-wijn-aperitieven,"Bier, wijn, aperitieven","Alcoholvrij wit, weizen, radler",1.59,1.59,,,,,"0,5 l",prijs per liter €3.18,False,,,,,B,True,AH,https://www.ah.nl/producten/product/wi211425,2026-08-12,Weihenstephaner Hefeweissbier 0.5%,beer-wine aperitifs
386562,844100,Desperados Original beer 6-pack,Desperados,bier-wijn-aperitieven,"Bier, wijn, aperitieven",Mexicaans bier,7.49,9.99,25.0,25% korting,,,"6 x 0,33 l",normale prijs per liter €5.05,True,AH,25% korting,2026-08-10,2026-08-16,,True,AH,https://www.ah.nl/producten/product/wi386562,2026-08-12,Desperados Original beer 6-pack,beer-wine aperitifs
591858,0,Desperados Original bier 12-pack,Desperados,bier-wijn-aperitieven,"Bier, wijn, aperitieven",Mexicaans bier,14.98,19.98,25.0,pakketkorting,,,2 stuks,,True,AHOO,,2026-08-12,2026-08-16,,True,AH,https://www.ah.nl/producten/product/wi591858,2026-08-12,Desperados Original bier 12-pack,beer-wine aperitifs
489168,742789,Affligem Blond 0.0 abdijbier 6-pack,Affligem,bier-wijn-aperitieven,"Bier, wijn, aperitieven","Alcoholvrij blond, dubbel, tripel",5.99,7.99,25.0,25% korting,,,"6 x 0,3 l",normale prijs per liter €4.44,True,AH,25% korting,2026-08-10,2026-08-16,C,True,AH,https://www.ah.nl/producten/product/wi489168,2026-08-12,Affligem Blond 0.0 abdijbier 6-pack,beer-wine aperitifs
591860,0,Affligem Blond 0.0 speciaalbier 2-pack,Affligem,bier-wijn-aperitieven,"Bier, wijn, aperitieven","Alcoholvrij blond, dubbel, tripel",11.98,15.98,25.0,pakketkorting,,,2 stuks,,True,AHOO,,2026-08-12,2026-08-16,,True,AH,https://www.ah.nl/producten/product/wi591860,2026-08-12,Affligem Blond 0.0 speciaalbier 2-pack,beer-wine aperitifs
600761,0,Peroni azzurro alcoholvrij bier 24-pack,Peroni,bier-wijn-aperitieven,"Bier, wijn, aperitieven",Alcoholvrij pils,20.37,27.16,25.0,25% volume voordeel,,,4 stuks,,True,AHOO,25% volume voordeel,2026-08-12,2999-12-31,,True,AH,https://www.ah.nl/producten/product/wi600761,2026-08-12,Peroni azzurro non-alcoholic beer 24-pack,beer-wine aperitifs
194903,639782,Gulpener Gladiator robuust bier,Gulpener,bier-wijn-aperitieven,"Bier, wijn, aperitieven",Zwaar bier,1.69,1.69,,,,,"0,5 l",prijs per liter €3.38,False,,,,,,True,AH,https://www.ah.nl/producten/product/wi194903,2026-08-12,Gulpener Gladiator robuust bier,beer-wine aperitifs
568460,7572,Fritz Spritz organic rhubarb,Fritz,bier-wijn-aperitieven,"Frisdrank, sappen, water",Craft en speciaal fris,1.79,1.79,,,,,330 ml,prijs per liter €5.42,False,,,,,D,True,AH,https://www.ah.nl/producten/product/wi568460,2026-08-12,Fritz Spritz organic rhubarb,beer-wine aperitifs
434194,698606,Brand Weizen 0.0 6-pack,Brand,bier-wijn-aperitieven,"Bier, wijn, aperitieven","Alcoholvrij wit, weizen, radler",7.99,7.99,,1 + 1 gratis,,1.0,"6 x 0,3 l",normale prijs per liter €4.44,True,AH,1 + 1 gratis,2026-08-10,2026-08-16,C,True,AH,https://www.ah.nl/producten/product/wi434194,2026-08-12,Brand Weizen 0.0 6-pack,beer-wine aperitifs
597605,0,Brand Weizen 0.0 2x 6-pack,Brand,bier-wijn-aperitieven,"Bier, wijn, aperitieven","Alcoholvrij wit, weizen, radler",7.99,15.98,50.0,pakketkorting,,,2 stuks,,True,AHOO,,2026-08-12,2026-08-16,,True,AH,https://www.ah.nl/producten/product/wi597605,2026-08-12,Brand Weizen 0.0 2x 6-pack,beer-wine aperitifs
616278,0,Lindeman's Lindeman's SA SB Chardonnay 4 flessen,Lindeman's,bier-wijn-aperitieven,"Bier, wijn, aperitieven",Sauvignon Blanc (Fris en droog),15.96,21.16,24.6,pakketkorting,,,4 stuks,,True,AHOO,,2026-08-12,2026-08-16,,True,AH,https://www.ah.nl/producten/product/wi616278,2026-08-12,Lindeman's Lindeman's SA SB Chardonnay 4 flessen,beer-wine aperitifs
611343,0,Peroni Nastro azzurro alcoholvrij bier 18-pack,Peroni,bier-wijn-aperitieven,"Bier, wijn, aperitieven",Alcoholvrij pils,18.33,20.37,10.0,10% volume voordeel,,,3 stuks,,True,AHOO,10% volume voordeel,2026-08-12,2999-12-31,,True,AH,https://www.ah.nl/producten/product/wi611343,2026-08-12,Peroni Nastro azzurro non-alcoholic beer 18-pack,beer-wine aperitifs
238803,828380,Grolsch Radler citroen alcoholvrij 0.0% 6-pack,Grolsch,bier-wijn-aperitieven,"Bier, wijn, aperitieven","Alcoholvrij wit, weizen, radler",6.29,6.29,,1 + 1 gratis,,1.0,"6 x 0,33 l",normale prijs per liter €3.18,True,AH,1 + 1 gratis,2026-08-10,2026-08-16,C,True,AH,https://www.ah.nl/producten/product/wi238803,2026-08-12,Grolsch Radler lemon alcohol-free 0.0% 6-pack,beer-wine aperitifs
471356,723684,Hertog Jan 0.0 Alcoholvrij bier 6-pack,Hertog Jan,bier-wijn-aperitieven,"Bier, wijn, aperitieven",Alcoholvrij pils,6.19,6.19,,,,,"6 x 0,33 l",prijs per liter €3.13,False,,,,,B,True,AH,https://www.ah.nl/producten/product/wi471356,2026-08-12,Hertog Jan 0.0 Non-alcoholic beer 6-pack,beer-wine aperitifs
611330,0,Grolsch Radler citroen alcoholvrij 0.0% 18-pack,Grolsch,bier-wijn-aperitieven,"Bier, wijn, aperitieven","Alcoholvrij wit, weizen, radler",12.58,18.87,33.3,pakketkorting,,,3 stuks,,True,AHOO,,2026-08-12,2026-08-16,,True,AH,https://www.ah.nl/producten/product/wi611330,2026-08-12,Grolsch Radler citroen alcoholvrij 0.0% 18-pack,beer-wine aperitifs
611344,0,Peroni Nastro azzurro alcoholvrij bier 30-pack,Peroni,bier-wijn-aperitieven,"Bier, wijn, aperitieven",Alcoholvrij pils,25.46,33.95,25.0,25% volume voordeel,,,5 stuks,,True,AHOO,25% volume voordeel,2026-08-12,2999-12-31,,True,AH,https://www.ah.nl/producten/product/wi611344,2026-08-12,Peroni Nastro azzurro non-alcoholic beer 30-pack,beer-wine aperitifs
611331,0,Grolsch Radler citroen alcoholvrij 0.0% 30-pack,Grolsch,bier-wijn-aperitieven,"Bier, wijn, aperitieven","Alcoholvrij wit, weizen, radler",18.87,31.45,40.0,pakketkorting,,,5 stuks,,True,AHOO,,2026-08-12,2026-08-16,,True,AH,https://www.ah.nl/producten/product/wi611331,2026-08-12,Grolsch Radler citroen alcoholvrij 0.0% 30-pack,beer-wine aperitifs
605017,0,Hertog Jan 0.0 Alcoholvrij bier 24-pack,Hertog Jan,bier-wijn-aperitieven,"Bier, wijn, aperitieven",Alcoholvrij pils,23.52,24.76,5.0,5% volume voordeel,,,4 stuks,,True,AHOO,5% volume voordeel,2026-08-12,2999-12-31,,True,AH,https://www.ah.nl/producten/product/wi605017,2026-08-12,Hertog Jan 0.0 Alcoholvrij bier 24-pack,beer-wine aperitifs
548572,60388,Texels Skuumkoppe speciaalbier 6-pack,Texels,bier-wijn-aperitieven,"Bier, wijn, aperitieven",Wit en weizen,7.49,9.99,25.0,25% korting,,,"6 x 0,3 l",normale prijs per liter €5.55,True,AH,25% korting,2026-08-10,2026-08-16,,True,AH,https://www.ah.nl/producten/product/wi548572,2026-08-12,Texels Skuumkoppe specialty beer 6-pack,beer-wine aperitifs
574108,0,Texels Skuumkoppe speciaalbier 12-pack,Texels,bier-wijn-aperitieven,"Bier, wijn, aperitieven",Wit en weizen,14.98,19.98,25.0,pakketkorting,,,2 stuks,,True,AHOO,,2026-08-12,2026-08-16,,True,AH,https://www.ah.nl/producten/product/wi574108,2026-08-12,Texels Skuumkoppe specialty beer 12-pack,beer-wine aperitifs
56312,510351,Leffe Blond abdijbier 6-pack,Leffe,bier-wijn-aperitieven,"Bier, wijn, aperitieven",Blond bier,8.79,8.79,,,,,"6 x 0,3 l",prijs per liter €4.88,False,,,,,,True,AH,https://www.ah.nl/producten/product/wi56312,2026-08-12,Leffe Blond abbey beer 6-pack,beer-wine aperitifs
540081,828361,Hertog Jan Pilsener bier 6-pack,Hertog Jan,bier-wijn-aperitieven,"Bier, wijn, aperitieven",Pils fles,6.19,6.19,,,,,"6 x 0,3 l",prijs per liter €3.44,False,,,,,,True,AH,https://www.ah.nl/producten/product/wi540081,2026-08-12,Hertog Jan Pilsener beer 6-pack,beer-wine aperitifs
365217,855324,AH Excellent Kamptal selectie grüner veltliner,AH Excellent,bier-wijn-aperitieven,"Bier, wijn, aperitieven",Grüner Veltliner (Fris en droog),7.99,7.99,,,,,"0,75 l",prijs per liter €10.65,False,,,,,,True,AH,https://www.ah.nl/producten/product/wi365217,2026-08-12,AH Excellent Kamptal selectie grüner veltliner,beer-wine aperitifs
623967,0,Hertog Jan 0.0 Alcoholvrij bier 24-pack,Hertog Jan,bier-wijn-aperitieven,"Bier, wijn, aperitieven",Alcoholvrij pils,22.28,24.76,10.0,10% volume voordeel,,,4 stuks,,True,AHOO,10% volume voordeel,2026-08-12,2999-12-31,,True,AH,https://www.ah.nl/producten/product/wi623967,2026-08-12,Hertog Jan 0.0 Alcoholvrij bier 24-pack,beer-wine aperitifs
173604,771876,Liefmans On the rocks 4-pack,Liefmans,bier-wijn-aperitieven,"Bier, wijn, aperitieven","Rosé bier, fruitbier",6.89,6.89,,,,,"4 x 0,25 l",prijs per liter €6.89,False,,,,,,True,AH,https://www.ah.nl/producten/product/wi173604,2026-08-12,Liefmans On the rocks 4-pack,beer-wine aperitifs
440882,80931,Mastri Vernacoli Pinot grigio,Mastri Vernacoli,bier-wijn-aperitieven,"Bier, wijn, aperitieven",Pinot Grigio (Vol en droog),7.49,7.49,,,,,"0,75 l",prijs per liter €9.99,False,,,,,,True,AH,https://www.ah.nl/producten/product/wi440882,2026-08-12,Mastri Vernacoli Pinot Grigio,beer-wine aperitifs
470895,722584,Gort & Gort Sparkling rosé alcoholvrij,Gort & Gort,bier-wijn-aperitieven,"Bier, wijn, aperitieven",Alcoholvrij rose,5.24,6.99,25.0,25% korting,,,"0,75 l",normale prijs per liter €9.32,True,AH,25% korting,2026-08-10,2026-08-16,,True,AH,https://www.ah.nl/producten/product/wi470895,2026-08-12,Gort & Gort Sparkling rosé alcohol-free,beer-wine aperitifs
623892,0,Liefmans Liefmans On the rocks 8-pack,Liefmans,bier-wijn-aperitieven,"Bier, wijn, aperitieven","Rosé bier, fruitbier",13.09,13.78,5.0,5% volume voordeel,,,2 stuks,,True,AHOO,5% volume voordeel,2026-08-12,2999-12-31,,True,AH,https://www.ah.nl/producten/product/wi623892,2026-08-12,Liefmans Liefmans On the rocks 8-pack,beer-wine aperitifs
576155,0,Gort & Gort Sparkling rosé alcoholvrij 6 flessen,Gort & Gort,bier-wijn-aperitieven,"Bier, wijn, aperitieven",Alcoholvrij rose,31.45,41.94,25.0,pakketkorting,,,6 stuks,,True,AHOO,,2026-08-12,2026-08-16,,True,AH,https://www.ah.nl/producten/product/wi576155,2026-08-12,Gort & Gort Sparkling rosé alcohol-free 6 bottles,beer-wine aperitifs
623947,0,Liefmans Liefmans On the rocks 16-pack,Liefmans,bier-wijn-aperitieven,"Bier, wijn, aperitieven","Rosé bier, fruitbier",24.8,27.56,10.0,10% volume voordeel,,,4 stuks,,True,AHOO,10% volume voordeel,2026-08-12,2999-12-31,,True,AH,https://www.ah.nl/producten/product/wi623947,2026-08-12,Liefmans Liefmans On the rocks 16-pack,beer-wine aperitifs
409164,853867,Heineken Premium pilsener 0.0 draaidop 6-pack,Heineken,bier-wijn-aperitieven,"Bier, wijn, aperitieven",Alcoholvrij pils,6.99,6.99,,1 + 1 gratis,,1.0,"6 x 0,25 l",normale prijs per liter €4.66,True,AH,1 + 1 gratis,2026-08-10,2026-08-16,B,True,AH,https://www.ah.nl/producten/product/wi409164,2026-08-12,Heineken Premium pilsner 0.0 screw cap 6-pack,beer-wine aperitifs
606650,0,Heineken Premium pilsener 0.0 draaidop 12-pack,Heineken,bier-wijn-aperitieven,"Bier, wijn, aperitieven",Alcoholvrij pils,6.99,13.98,50.0,pakketkorting,,,2 stuks,,True,AHOO,,2026-08-12,2026-08-16,,True,AH,https://www.ah.nl/producten/product/wi606650,2026-08-12,Heineken Premium pilsner 0.0 screw cap 12-pack,beer-wine aperitifs
607640,64676,Batu Kombucha ginger & lemon,Batu,bier-wijn-aperitieven,"Frisdrank, sappen, water",Kombucha,1.79,1.79,,,,,250 ml,prijs per liter €7.16,False,,,,,C,True,AH,https://www.ah.nl/producten/product/wi607640,2026-08-12,Batu Kombucha ginger & lemon,beer-wine aperitifs
387103,844579,AH Excellent Selectie touraine sauvignon blanc,AH Excellent,bier-wijn-aperitieven,"Bier, wijn, aperitieven",Sauvignon Blanc (Fris en droog),7.69,7.69,,,,,"0,75 l",prijs per liter €10.25,False,,,,,,True,AH,https://www.ah.nl/producten/product/wi387103,2026-08-12,AH Excellent Selection touraine sauvignon blanc,beer-wine aperitifs
478475,732291,YAYA Kombucha ginger,YAYA,bier-wijn-aperitieven,"Frisdrank, sappen, water",Kombucha,2.39,2.39,,,,,330 ml,prijs per liter €7.24,False,,,,,C,True,AH,https://www.ah.nl/producten/product/wi478475,2026-08-12,YAYA Kombucha ginger,beer-wine aperitifs
577748,0,AH Excellent Selectie Kamptal Gruner 6 flessen,AH Excellent,bier-wijn-aperitieven,"Bier, wijn, aperitieven",Grüner Veltliner (Fris en droog),43.15,47.94,10.0,10% volume voordeel,,,6 stuks,,True,AHOO,10% volume voordeel,2026-08-12,2999-12-31,,True,AH,https://www.ah.nl/producten/product/wi577748,2026-08-12,AH Excellent Selectie Kamptal Gruner 6 flessen,beer-wine aperitifs
375414,855546,Canesten Gyno 1 zachte capsule,Canesten,gezondheid-en-sport,Gezondheid en sport,Vaginale infecties behandeling,17.99,17.99,,,,,1 stuks,,False,,,,,,True,AH,https://www.ah.nl/producten/product/wi375414,2026-08-12,Canesten Gyno 1 soft capsule,health-and-sports
194260,855545,Canesten Gyno crème,Canesten,gezondheid-en-sport,Gezondheid en sport,Vaginale infecties behandeling,15.99,15.99,,,,,35 g,prijs per kg €456.86,False,,,,,,True,AH,https://www.ah.nl/producten/product/wi194260,2026-08-12,Canesten Gyno cream,health-and-sports
191239,793043,AH Paracetamol 500mg tabletten,AH,gezondheid-en-sport,Gezondheid en sport,Paracetamol,1.59,1.59,,,,,50 stuks,,False,,,,,,True,AH,https://www.ah.nl/producten/product/wi191239,2026-08-12,AH Paracetamol 500mg tabletten,health-and-sports
211953,807037,AH Neusspray xylometazoline,AH,gezondheid-en-sport,Gezondheid en sport,Neusspray,3.99,3.99,,,,,10 ml,prijs per liter €399.00,False,,,,,,True,AH,https://www.ah.nl/producten/product/wi211953,2026-08-12,AH Nasal spray xylometazoline,health-and-sports
353155,793045,AH Ibuprofen 400mg omhulde tabletten,AH,gezondheid-en-sport,Gezondheid en sport,"Ibuprofen, nurofen",2.59,2.59,,,,,20 stuks,,False,,,,,,True,AH,https://www.ah.nl/producten/product/wi353155,2026-08-12,AH Ibuprofen 400mg coated tablets,health-and-sports
416805,628165,Canesten Gyno balance bacteriële vaginose,Canesten,gezondheid-en-sport,Gezondheid en sport,Vaginale infecties behandeling,16.99,16.99,,,,,7 stuks,,False,,,,,,True,AH,https://www.ah.nl/producten/product/wi416805,2026-08-12,Canesten Gyno balance bacterial vaginosis,health-and-sports
560850,35192,AH Protein bar white choco pinda karamel,AH,gezondheid-en-sport,Tussendoortjes,Proteïnerepen,1.59,1.59,,,,,55 g,prijs per kg €28.91,False,,,,,D,True,AH,https://www.ah.nl/producten/product/wi560850,2026-08-12,AH Protein bar white choco peanut caramel,health-and-sports
560851,596429,AH Protein bar melk choco pinda karamel,AH,gezondheid-en-sport,Tussendoortjes,Proteïnerepen,1.59,1.59,,,,,55 g,prijs per kg €28.91,False,,,,,D,True,AH,https://www.ah.nl/producten/product/wi560851,2026-08-12,AH Protein bar melk choco pinda karamel,health-and-sports
599562,49420,AH Proteïne reep witte choco pistache,AH,gezondheid-en-sport,Tussendoortjes,Proteïnerepen,1.35,1.35,,,,,50 g,prijs per kg €27.00,False,,,,,C,True,AH,https://www.ah.nl/producten/product/wi599562,2026-08-12,AH Protein bar white chocolate pistachio,health-and-sports
589073,35297,Trek Protein oat bars biscoff,Trek,gezondheid-en-sport,Tussendoortjes,Proteïnerepen,3.79,3.79,,,,,3 stuks,,False,,,,,E,True,AH,https://www.ah.nl/producten/product/wi589073,2026-08-12,Trek Protein oat bars biscoff,health-and-sports
585861,30673,HiPRO Protein bar caramel,HiPRO,gezondheid-en-sport,Tussendoortjes,Proteïnerepen,1.99,1.99,,,,,45 g,prijs per kg €44.22,False,,,,,C,True,AH,https://www.ah.nl/producten/product/wi585861,2026-08-12,HiPRO Protein bar caramel,health-and-sports
607861,0,HiPRO Protein bar caramel 2-pack,HiPRO,gezondheid-en-sport,Tussendoortjes,Proteïnerepen,3.78,3.98,5.0,5% volume voordeel,,,2 stuks,,True,AHOO,5% volume voordeel,2026-08-12,2999-12-31,,True,AH,https://www.ah.nl/producten/product/wi607861,2026-08-12,HiPRO Protein bar caramel 2-pack,health-and-sports
531037,728408,O2Life Redfruit cranberry,O2Life,gezondheid-en-sport,"Frisdrank, sappen, water",Sportdrank fles,1.89,1.89,,,,,"0,75 l",prijs per liter €2.52,False,,,,,C,True,AH,https://www.ah.nl/producten/product/wi531037,2026-08-12,O2Life Redfruit cranberry,health-and-sports
599565,49423,AH Proteine repen melk choco salted karamel,AH,gezondheid-en-sport,Tussendoortjes,Proteïnerepen,2.99,2.99,,,,,135 g,prijs per kg €22.15,False,,,,,D,True,AH,https://www.ah.nl/producten/product/wi599565,2026-08-12,AH Protein bars milk chocolate salted caramel,health-and-sports
437461,120330637,Etos Paracetamol tablet 500 mg,Etos,gezondheid-en-sport,Gezondheid en sport,Paracetamol,2.49,2.49,,,,,50 stuks,,False,,,,,,True,ETOS,https://www.ah.nl/producten/product/wi437461,2026-08-12,Etos Paracetamol tablet 500 mg,health-and-sports
607933,0,Trek Protein oat bars biscoff 4-pack,Trek,gezondheid-en-sport,Tussendoortjes,Proteïnerepen,12.89,15.16,15.0,15% volume voordeel,,,4 stuks,,True,AHOO,15% volume voordeel,2026-08-12,2999-12-31,,True,AH,https://www.ah.nl/producten/product/wi607933,2026-08-12,Trek Protein oat bars biscoff 4-pack,health-and-sports
607932,0,Trek Protein oat bars biscoff 2-pack,Trek,gezondheid-en-sport,Tussendoortjes,Proteïnerepen,6.82,7.58,10.0,10% volume voordeel,,,2 stuks,,True,AHOO,10% volume voordeel,2026-08-12,2999-12-31,,True,AH,https://www.ah.nl/producten/product/wi607932,2026-08-12,Trek Protein oat bars biscoff 2-pack,health-and-sports
599566,49424,AH Proteïne repen witte choco cookies&cream,AH,gezondheid-en-sport,Tussendoortjes,Proteïnerepen,2.99,2.99,,,,,135 g,prijs per kg €22.15,False,,,,,D,True,AH,https://www.ah.nl/producten/product/wi599566,2026-08-12,AH Protein bars white chocolate cookies & cream,health-and-sports
606880,62899,Addmoore Electrolyte water lemon,Addmoore,gezondheid-en-sport,"Frisdrank, sappen, water",Sportdrank fles,1.19,1.19,,,,,"0,5 l",prijs per liter €2.38,False,,,,,C,True,AH,https://www.ah.nl/producten/product/wi606880,2026-08-12,Addmoore Electrolyte water lemon,health-and-sports
174509,111016363,Etos Paracetamol ovale tabletten 500 mg,Etos,gezondheid-en-sport,Gezondheid en sport,Paracetamol,0.99,0.99,,,,,20 stuks,,False,,,,,,True,ETOS,https://www.ah.nl/producten/product/wi174509,2026-08-12,Etos Paracetamol oval tablets 500 mg,health-and-sports
605639,61138,Hero B'tween protein zero muesli & pinda's,Hero,gezondheid-en-sport,Tussendoortjes,Proteïnerepen,2.45,2.45,,,,,100 g,prijs per kg €24.50,False,,,,,,True,AH,https://www.ah.nl/producten/product/wi605639,2026-08-12,Hero B'tween protein zero muesli & peanuts,health-and-sports
407165,852770,Nature Valley Protein pinda & chocolade repen,Nature Valley,gezondheid-en-sport,Tussendoortjes,Proteïnerepen,4.19,4.19,,,,,160 g,prijs per kg €26.19,False,,,,,D,True,AH,https://www.ah.nl/producten/product/wi407165,2026-08-12,Nature Valley Protein peanut & chocolate bars,health-and-sports
615745,0,Hero B'tween protein zero muesli & pinda 3-pk,Hero,gezondheid-en-sport,Tussendoortjes,Proteïnerepen,6.98,7.35,5.0,5% volume voordeel,,,3 stuks,,True,AHOO,5% volume voordeel,2026-08-12,2999-12-31,,True,AH,https://www.ah.nl/producten/product/wi615745,2026-08-12,Hero B'tween protein zero muesli & pinda 3-pk,health-and-sports
615746,0,Hero B'tween protein zero muesli & pinda 5-pk,Hero,gezondheid-en-sport,Tussendoortjes,Proteïnerepen,11.02,12.25,10.0,10% volume voordeel,,,5 stuks,,True,AHOO,10% volume voordeel,2026-08-12,2999-12-31,,True,AH,https://www.ah.nl/producten/product/wi615746,2026-08-12,Hero B'tween protein zero muesli & peanut 5-pk,health-and-sports
524468,572007,AH Proteine crisps paprika,AH,gezondheid-en-sport,Gezondheid en sport,Proteine snacks,1.69,1.69,,,,,70 g,prijs per kg €24.14,False,,,,,A,True,AH,https://www.ah.nl/producten/product/wi524468,2026-08-12,AH Protein crisps peppers,health-and-sports
376093,838207,Active O2 Apple kiwi,Active O2,gezondheid-en-sport,"Frisdrank, sappen, water",Sportdrank fles,1.49,1.49,,,,,"0,5 l",prijs per liter €2.98,False,,,,,D,True,AH,https://www.ah.nl/producten/product/wi376093,2026-08-12,Active O2 Apple kiwi,health-and-sports
35686,625312,Dextro Energy citroen 3-pack,Dextro,gezondheid-en-sport,Gezondheid en sport,Energierepen,2.39,2.39,,,,,3 x 47 g,prijs per kg €16.95,False,,,,,,True,AH,https://www.ah.nl/producten/product/wi35686,2026-08-12,Dextro Energy lemon 3-pack,health-and-sports
207521,802831,AA Drink High energy,AA Drink,gezondheid-en-sport,"Frisdrank, sappen, water",Sportdrank fles,0.99,0.99,,,,,"0,33 l",prijs per liter €3.00,False,,,,,E,True,AH,https://www.ah.nl/producten/product/wi207521,2026-08-12,AA Drink High energy,health-and-sports
614314,0,Addmoore Electrolyte Water Lemon 12-pack,Addmoore,gezondheid-en-sport,"Frisdrank, sappen, water",Sportdrank fles,12.14,14.28,15.0,15% volume voordeel,,,12 stuks,,True,AHOO,15% volume voordeel,2026-08-12,2999-12-31,,True,AH,https://www.ah.nl/producten/product/wi614314,2026-08-12,Addmoore Electrolyte Water Lemon 12-pack,health-and-sports
531038,682458,O2Life Peach greentea,O2Life,gezondheid-en-sport,"Frisdrank, sappen, water",Sportdrank fles,1.89,1.89,,,,,"0,75 l",prijs per liter €2.52,False,,,,,D,True,AH,https://www.ah.nl/producten/product/wi531038,2026-08-12,O2Life Peach green tea,health-and-sports
407166,852771,Nature Valley Protein salted caramel nut repen,Nature Valley,gezondheid-en-sport,Tussendoortjes,Proteïnerepen,4.19,4.19,,,,,160 g,prijs per kg €26.19,False,,,,,D,True,AH,https://www.ah.nl/producten/product/wi407166,2026-08-12,Nature Valley Protein salted caramel nut repen,health-and-sports
614315,0,Addmoore Electrolyte Water Lemon 6-pack,Addmoore,gezondheid-en-sport,"Frisdrank, sappen, water",Sportdrank fles,6.43,7.14,10.0,10% volume voordeel,,,6 stuks,,True,AHOO,10% volume voordeel,2026-08-12,2999-12-31,,True,AH,https://www.ah.nl/producten/product/wi614315,2026-08-12,Addmoore Electrolyte Water Lemon 6-pack,health-and-sports
606881,62900,Addmoore Electrolyte water berries,Addmoore,gezondheid-en-sport,"Frisdrank, sappen, water",Sportdrank fles,1.19,1.19,,,,,"0,5 l",prijs per liter €2.38,False,,,,,C,True,AH,https://www.ah.nl/producten/product/wi606881,2026-08-12,Addmoore Electrolyte water berries,health-and-sports
30823,553976,Aquarius Lemon,Aquarius,gezondheid-en-sport,"Frisdrank, sappen, water",Sportdrank fles,1.75,1.75,,,,,"0,5 l",prijs per liter €3.50,False,,,,,D,True,AH,https://www.ah.nl/producten/product/wi30823,2026-08-12,Aquarius Lemon,health-and-sports
576733,17969,Bolletje Goed bezig protein,Bolletje,gezondheid-en-sport,Tussendoortjes,Proteïnerepen,2.69,2.69,,,,,200 g,prijs per kg €13.45,False,,,,,A,True,AH,https://www.ah.nl/producten/product/wi576733,2026-08-12,Bolletje Good job protein,health-and-sports
160354,627230,AH Paracetamol/coffeïne 500/50mg tabletten,AH,gezondheid-en-sport,Gezondheid en sport,Paracetamol,1.99,1.99,,,,,20 stuks,,False,,,,,,True,AH,https://www.ah.nl/producten/product/wi160354,2026-08-12,AH Paracetamol/caffeine 500/50mg tablets,health-and-sports
585862,30674,HiPRO Protein bar banana peanut butter,HiPRO,gezondheid-en-sport,Tussendoortjes,Proteïnerepen,1.99,1.99,,,,,45 g,prijs per kg €44.22,False,,,,,A,True,AH,https://www.ah.nl/producten/product/wi585862,2026-08-12,HiPRO Protein bar banana peanut butter,health-and-sports
594054,41432,Upfront Eiwitreep crispy framboos witte choco,Upfront,gezondheid-en-sport,Tussendoortjes,Proteïnerepen,2.49,2.49,,,,,50 g,prijs per kg €49.80,False,,,,,D,True,AH,https://www.ah.nl/producten/product/wi594054,2026-08-12,Upfront Protein bar crispy raspberry white chocolate,health-and-sports
455489,64469,Frisse Reus Wasmiddel vloeibaar gel orchidee,Frisse Reus,huishouden,Huishouden,Vloeibaar wasmiddel,11.99,39.99,70.0,voor 11.99,11.99,,100 wasbeurten,,True,AH,VOOR 11.99,2026-08-10,2026-08-16,,True,AH,https://www.ah.nl/producten/product/wi455489,2026-08-12,Fresh Giant Detergent liquid gel orchid,households
517509,750157,Vanish Vlekverwijderaar poeder gekleurde was,Vanish,huishouden,Huishouden,Vlekverwijderaars,8.99,8.99,,1 + 1 gratis,,1.0,480 g,normale prijs per kg €18.73,True,AH,1 + 1 gratis,2026-08-10,2026-08-16,,True,AH,https://www.ah.nl/producten/product/wi517509,2026-08-12,Vanish Stain Remover powder colored wax,households
584125,27776,AH Keukenpapier sterk & abs 2=3 rollen,AH,huishouden,Huishouden,Keukenpapier,2.99,2.99,,,,,2 stuks,,False,,,,,,True,AH,https://www.ah.nl/producten/product/wi584125,2026-08-12,AH Kitchen paper strong & abs 2=3 rolls,households
595094,43281,AH Toiletpapier zacht 4-laags 12=18 rollen,AH,huishouden,Huishouden,Toiletpapier - 4 en 5 laags,6.99,8.35,16.3,voor 6.99,6.99,,12 stuks,,True,AH,VOOR 6.99,2026-08-10,2026-08-16,,True,AH,https://www.ah.nl/producten/product/wi595094,2026-08-12,AH Toilet paper soft 4-layer 12=18 rolls,households
63072,527965,Komo Trekbandzakken 60 liter,Komo,huishouden,Huishouden,Treksluitzakken,1.99,1.99,,,,,15 stuks,,False,,,,,,True,AH,https://www.ah.nl/producten/product/wi63072,2026-08-12,Komo Drawstring bags 60 liters,households
517433,68542,Vanish Vlekverwijderaar poeder voor witte was,Vanish,huishouden,Huishouden,Vlekverwijderaars,8.99,8.99,,1 + 1 gratis,,1.0,480 g,normale prijs per kg €18.73,True,AH,1 + 1 gratis,2026-08-10,2026-08-16,,True,AH,https://www.ah.nl/producten/product/wi517433,2026-08-12,Vanish Stain remover powder for white laundry,households
595093,43280,AH Toiletpapier zacht 3-laags 12=18 rollen,AH,huishouden,Huishouden,Toiletpapier - 3 laags,5.45,5.45,,,,,12 stuks,,False,,,,,,True,AH,https://www.ah.nl/producten/product/wi595093,2026-08-12,AH Toilet paper soft 3-layer 12=18 rolls,households
367232,833838,AH Vochtige allesreiniger doekjes citrus,AH,huishouden,Huishouden,Vochtige doekjes,0.85,0.85,,,,,80 stuks,,False,,,,,,True,AH,https://www.ah.nl/producten/product/wi367232,2026-08-12,AH Moist all-purpose cleaner wipes citrus,households
595310,43869,AH Toiletpapier zacht 4-laags 4=6 rollen,AH,huishouden,Huishouden,Toiletpapier - 4 en 5 laags,2.89,2.89,,,,,4 stuks,,False,,,,,,True,AH,https://www.ah.nl/producten/product/wi595310,2026-08-12,AH Toilet paper soft 4-layer 4=6 rolls,households
420703,692422,AH Bakpapier,AH,huishouden,Huishouden,Bakpapier,1.15,1.15,,,,,30 stuks,,False,,,,,,True,AH,https://www.ah.nl/producten/product/wi420703,2026-08-12,AH Baking paper,households
2870,18488,Komo Huisvuilzakken 60 l,Komo,huishouden,Huishouden,Pedaalemmerzakken,2.49,2.49,,,,,20 stuks,,False,,,,,,True,AH,https://www.ah.nl/producten/product/wi2870,2026-08-12,Komo Household waste bags 60 l,households
632,10636,AH Tissues zacht & sterk,AH,huishouden,Huishouden,Tissues,1.19,1.19,,,,,100 stuks,,False,,,,,,True,AH,https://www.ah.nl/producten/product/wi632,2026-08-12,AH Tissues zacht & sterk,households
584469,27629,AH Keukenpapier sterk 3=6 rollen,AH,huishouden,Huishouden,Keukenpapier,2.29,2.29,,,,,3 stuks,,False,,,,,,True,AH,https://www.ah.nl/producten/product/wi584469,2026-08-12,AH Keukenpapier sterk 3=6 rollen,households
607518,63879,Glorix Dikke bleek,Glorix,huishouden,Huishouden,Bleekmiddel,2.15,2.15,,,,,1 l,prijs per liter €2.15,False,,,,,,True,AH,https://www.ah.nl/producten/product/wi607518,2026-08-12,Glorix Fat pale,households
625098,0,Glorix Dikke bleek 2-pack,Glorix,huishouden,Huishouden,Bleekmiddel,3.87,4.3,10.0,10% volume voordeel,,,2 stuks,,True,AHOO,10% volume voordeel,2026-08-12,2999-12-31,,True,AH,https://www.ah.nl/producten/product/wi625098,2026-08-12,Glorix Thick bleach 2-pack,households
470204,722254,AH Vochtig toiletpapier fresh,AH,huishouden,Huishouden,Vochtig toiletpapier,0.95,0.95,,,,,80 stuks,,False,,,,,,True,AH,https://www.ah.nl/producten/product/wi470204,2026-08-12,AH Moist toilet paper fresh,households
160389,625632,AH Dikke bleek eucalyptus,AH,huishouden,Huishouden,Bleekmiddel,0.79,0.79,,,,,"0,75 l",prijs per liter €1.05,False,,,,,,True,AH,https://www.ah.nl/producten/product/wi160389,2026-08-12,AH Thick pale eucalyptus,households
625099,0,Glorix Dikke bleek 4-pack,Glorix,huishouden,Huishouden,Bleekmiddel,6.88,8.6,20.0,20% volume voordeel,,,4 stuks,,True,AHOO,20% volume voordeel,2026-08-12,2999-12-31,,True,AH,https://www.ah.nl/producten/product/wi625099,2026-08-12,Glorix Thick bleach 4-pack,households
625100,0,Glorix Dikke bleek 6-pack,Glorix,huishouden,Huishouden,Bleekmiddel,9.67,12.9,25.0,25% volume voordeel,,,6 stuks,,True,AHOO,25% volume voordeel,2026-08-12,2999-12-31,,True,AH,https://www.ah.nl/producten/product/wi625100,2026-08-12,Glorix Dikke bleek 6-pack,households
489313,743029,AH Tissues 2 lagen,AH,huishouden,Huishouden,Tissues,1.15,1.15,,,,,150 stuks,,False,,,,,,True,AH,https://www.ah.nl/producten/product/wi489313,2026-08-12,AH Tissues 2 layers,households
648,521954,AH Dikke bleek,AH,huishouden,Huishouden,Bleekmiddel,0.79,0.79,,,,,"0,75 l",prijs per liter €1.05,False,,,,,,True,AH,https://www.ah.nl/producten/product/wi648,2026-08-12,AH Big pale,households
479596,733451,AH Classic vaatwastablet,AH,huishouden,Huishouden,Vaatwastabletten,3.69,3.69,,,,,60 stuks,,False,,,,,,True,AH,https://www.ah.nl/producten/product/wi479596,2026-08-12,AH Classic dishwasher tablet,households
214277,806733,Page Sensitive vochtig toiletpapier,Page,huishouden,Huishouden,Vochtig toiletpapier,2.29,2.29,,,,,38 stuks,,False,,,,,,True,AH,https://www.ah.nl/producten/product/wi214277,2026-08-12,Page Sensitive moist toilet paper,households
570788,11314,AH Toiletpapier 2-laags 16=24 rollen,AH,huishouden,Huishouden,Toiletpapier - 2 laags,6.35,6.35,,,,,16 rollen,,False,,,,,,True,AH,https://www.ah.nl/producten/product/wi570788,2026-08-12,AH Toilet paper 2-layer 16=24 rolls,households
435506,699878,AH Eco Afval en sanitairzakken 10 liter,AH Eco,huishouden,Huishouden,Pedaalemmerzakken,1.29,1.29,,,,,10 stuks,,False,,,,,,True,AH,https://www.ah.nl/producten/product/wi435506,2026-08-12,AH Eco Afval en sanitairzakken 10 liter,households
610450,0,Page Sensitive vochtig toiletpapier 4-pack,Page,huishouden,Huishouden,Vochtig toiletpapier,7.79,9.16,15.0,15% volume voordeel,,,4 stuks,,True,AHOO,15% volume voordeel,2026-08-12,2999-12-31,,True,AH,https://www.ah.nl/producten/product/wi610450,2026-08-12,Page Sensitive moist toilet paper 4-pack,households
610449,0,Page Sensitive vochtig toiletpapier 2-pack,Page,huishouden,Huishouden,Vochtig toiletpapier,4.35,4.58,5.0,5% volume voordeel,,,2 stuks,,True,AHOO,5% volume voordeel,2026-08-12,2999-12-31,,True,AH,https://www.ah.nl/producten/product/wi610449,2026-08-12,Page Sensitive moist toilet paper 2-pack,households
610451,0,Page Sensitive vochtig toiletpapier 6-pack,Page,huishouden,Huishouden,Vochtig toiletpapier,10.3,13.74,25.0,25% volume voordeel,,,6 stuks,,True,AHOO,25% volume voordeel,2026-08-12,2999-12-31,,True,AH,https://www.ah.nl/producten/product/wi610451,2026-08-12,Page Sensitive moist toilet paper 6-pack,households
48585,97052,Nalys Xtra power keukenpapier,Nalys,huishouden,Huishouden,Keukenpapier,3.59,3.59,,,,,2 rollen,,False,,,,,,True,AH,https://www.ah.nl/producten/product/wi48585,2026-08-12,Nalys Xtra power kitchen paper,households
610430,0,Nalys Xtra power keukenpapier 2-pack,Nalys,huishouden,Huishouden,Keukenpapier,6.1,7.18,15.0,15% volume voordeel,,,2 stuks,,True,AHOO,15% volume voordeel,2026-08-12,2999-12-31,,True,AH,https://www.ah.nl/producten/product/wi610430,2026-08-12,Nalys Xtra power kitchen paper 2-pack,households
136148,603221,AH Diepvrieszakjes met zipsluiting middel,AH,huishouden,Huishouden,Diepvries- en hersluitbare zakjes,1.55,1.55,,,,,40 stuks,,False,,,,,,True,AH,https://www.ah.nl/producten/product/wi136148,2026-08-12,AH Diepvrieszakjes met zipsluiting middel,households
187181,634431,Page Aloe vera vochtig toiletpapier,Page,huishouden,Huishouden,Vochtig toiletpapier,2.29,2.29,,,,,38 stuks,,False,,,,,,True,AH,https://www.ah.nl/producten/product/wi187181,2026-08-12,Page Aloe vera vochtig toiletpapier,households
597969,0,AH Eco Afval en sanitairzakken 10 liter 4-pack,AH Eco,huishouden,Huishouden,Pedaalemmerzakken,4.39,5.16,15.0,15% volume voordeel,,,4 stuks,,True,AHOO,15% volume voordeel,2026-08-12,2999-12-31,,True,AH,https://www.ah.nl/producten/product/wi597969,2026-08-12,AH Eco Waste and sanitary bags 10 liters 4-pack,households
55043,524860,AH Pedaalemmerzakken 25 liter,AH,huishouden,Huishouden,Pedaalemmerzakken,1.49,1.49,,,,,50 stuks,,False,,,,,,True,AH,https://www.ah.nl/producten/product/wi55043,2026-08-12,AH Pedal bin bags 25 liters,households
570826,11286,Dreft Afwasmiddel max power original,Dreft,huishouden,Huishouden,Afwasmiddel,4.39,4.39,,,,,450 ml,prijs per liter €9.76,False,,,,,,True,AH,https://www.ah.nl/producten/product/wi570826,2026-08-12,Dreft Dishwashing liquid max power original,households
590109,36384,Robijn Wasverzachter morgenfris,Robijn,huishouden,Huishouden,Wasverzachters,6.45,6.45,,1 + 1 gratis,,1.0,39 wasbeurten,,True,AH,1 + 1 gratis,2026-08-10,2026-08-16,,True,AH,https://www.ah.nl/producten/product/wi590109,2026-08-12,Robijn Fabric softener fresh in the morning,households
608831,0,Robijn Wasverzachter morgenfris 2-pack,Robijn,huishouden,Huishouden,Wasverzachters,6.45,12.9,50.0,pakketkorting,,,2 stuks,,True,AHOO,,2026-08-12,2026-08-16,,True,AH,https://www.ah.nl/producten/product/wi608831,2026-08-12,Robijn Wasverzachter morgenfris 2-pack,households
610441,0,Page Aloe vera vochtig toiletpapier 4-pack,Page,huishouden,Huishouden,Vochtig toiletpapier,7.79,9.16,15.0,15% volume voordeel,,,4 stuks,,True,AHOO,15% volume voordeel,2026-08-12,2999-12-31,,True,AH,https://www.ah.nl/producten/product/wi610441,2026-08-12,Page Aloe vera moist toilet paper 4-pack,households
608832,0,Robijn Wasverzachter morgenfris 4-pack,Robijn,huishouden,Huishouden,Wasverzachters,12.9,25.8,50.0,pakketkorting,,,4 stuks,,True,AHOO,,2026-08-12,2026-08-16,,True,AH,https://www.ah.nl/producten/product/wi608832,2026-08-12,Robijn Fabric Softener Morning Fresh 4-pack,households
608833,0,Robijn Wasverzachter morgenfris 8-pack,Robijn,huishouden,Huishouden,Wasverzachters,25.8,51.6,50.0,pakketkorting,,,8 stuks,,True,AHOO,50% volume voordeel,2026-08-12,2026-08-16,,True,AH,https://www.ah.nl/producten/product/wi608833,2026-08-12,Robijn Fabric Softener Morning Fresh 8-pack,households
610440,0,Page Aloe vera vochtig toiletpapier 2-pack,Page,huishouden,Huishouden,Vochtig toiletpapier,4.35,4.58,5.0,5% volume voordeel,,,2 stuks,,True,AHOO,5% volume voordeel,2026-08-12,2999-12-31,,True,AH,https://www.ah.nl/producten/product/wi610440,2026-08-12,Page Aloe vera moist toilet paper 2-pack,households
625722,0,Robijn Wasverzachter morgenfris 3-pack,Robijn,huishouden,Huishouden,Wasverzachters,12.9,19.35,33.3,pakketkorting,,,3 stuks,,True,AHOO,,2026-08-12,2026-08-16,,True,AH,https://www.ah.nl/producten/product/wi625722,2026-08-12,Robijn Fabric Softener Morning Fresh 3-pack,households
610442,0,Page Aloe vera vochtig toiletpapier 6-pack,Page,huishouden,Huishouden,Vochtig toiletpapier,10.3,13.74,25.0,25% volume voordeel,,,6 stuks,,True,AHOO,25% volume voordeel,2026-08-12,2999-12-31,,True,AH,https://www.ah.nl/producten/product/wi610442,2026-08-12,Page Aloe vera moist toilet paper 6-pack,households
460934,664921,AH Gedemineraliseerdwater,AH,huishouden,Huishouden,Onderhouds- en poetsmiddelen,0.85,0.85,,,,,1 l,prijs per liter €0.85,False,,,,,,True,AH,https://www.ah.nl/producten/product/wi460934,2026-08-12,AH Demineralized water,households
124113,89203,AH Boterhamzakjes,AH,huishouden,Huishouden,Diepvries- en hersluitbare zakjes,0.99,0.99,,,,,80 stuks,,False,,,,,,True,AH,https://www.ah.nl/producten/product/wi124113,2026-08-12,AH Sandwich bags,households
547694,28925,Dreft Afwasmiddel platinum quick wash original,Dreft,huishouden,Huishouden,Afwasmiddel,2.99,2.99,,,,,350 ml,prijs per liter €8.54,False,,,,,,True,AH,https://www.ah.nl/producten/product/wi547694,2026-08-12,Dreft Dishwashing liquid platinum quick wash original,households
593675,40590,AH Schuurspons,AH,huishouden,Huishouden,Sponzen,1.29,1.29,,,,,10 stuks,,False,,,,,,True,AH,https://www.ah.nl/producten/product/wi593675,2026-08-12,AH Scouring sponge,households
396807,847933,Glorix Power5 ocean wc-blok,Glorix,huishouden,Huishouden,Toiletblokken,3.65,3.65,,2 + 4 GRATIS,,2.0,per stuk,,True,AH,2 + 4 GRATIS,2026-08-10,2026-08-16,,True,AH,https://www.ah.nl/producten/product/wi396807,2026-08-12,Glorix Power5 ocean toilet block,households
608681,0,Glorix Power5 ocean wc-blok 6-pack,Glorix,huishouden,Huishouden,Toiletblokken,7.3,21.9,66.7,pakketkorting,,,6 stuks,,True,AHOO,,2026-08-12,2026-08-16,,True,AH,https://www.ah.nl/producten/product/wi608681,2026-08-12,Glorix Power5 ocean toilet block 6-pack,households
608680,0,Glorix Power5 ocean wc-blok 2-pack,Glorix,huishouden,Huishouden,Toiletblokken,5.84,7.3,20.0,20% volume voordeel,,,2 stuks,,True,AH,20% volume voordeel,,,,True,AH,https://www.ah.nl/producten/product/wi608680,2026-08-12,Glorix Power5 ocean toilet block 2-pack,households
608682,0,Glorix Power5 ocean wc-blok 9-pack,Glorix,huishouden,Huishouden,Toiletblokken,18.25,32.85,44.4,pakketkorting,,,9 stuks,,True,AHOO,,2026-08-12,2026-08-16,,True,AH,https://www.ah.nl/producten/product/wi608682,2026-08-12,Glorix Power5 ocean toilet block 9-pack,households
584126,27777,AH Keukenpapier sterk & abs 4=6 rollen,AH,huishouden,Huishouden,Keukenpapier,5.95,5.95,,,,,4 stuks,,False,,,,,,True,AH,https://www.ah.nl/producten/product/wi584126,2026-08-12,AH Kitchen paper strong & abs 4=6 rolls,households
595092,43278,AH Eco Recycle toiletpapier 3-laags 4=6 rollen,AH Eco,huishouden,Huishouden,Toiletpapier - 3 laags,1.89,1.89,,,,,4 stuks,,False,,,,,,True,AH,https://www.ah.nl/producten/product/wi595092,2026-08-12,AH Eco Recycle toilet paper 3-layer 4=6 rolls,households
467465,718979,Page Compleet schoon toiletpapier voordeelpak,Page,huishouden,Huishouden,Toiletpapier - 3 laags,8.49,8.49,,,,,12 stuks,,False,,,,,,True,AH,https://www.ah.nl/producten/product/wi467465,2026-08-12,Page Completely clean toilet paper value pack,households
101016,548172,Page Compleet schoon vochtig toiletpapier,Page,huishouden,Huishouden,Vochtig toiletpapier,1.99,1.99,,,,,38 stuks,,False,,,,,,True,AH,https://www.ah.nl/producten/product/wi101016,2026-08-12,Page Completely clean moist toilet paper,households
396808,847934,Glorix Power5 citrus wc-blok,Glorix,huishouden,Huishouden,Toiletblokken,3.65,3.65,,2 + 4 GRATIS,,2.0,per stuk,,True,AH,2 + 4 GRATIS,2026-08-10,2026-08-16,,True,AH,https://www.ah.nl/producten/product/wi396808,2026-08-12,Glorix Power5 citrus wc-blok,households
608677,0,Glorix Power5 citrus wc-blok 2-pack,Glorix,huishouden,Huishouden,Toiletblokken,5.84,7.3,20.0,20% volume voordeel,,,2 stuks,,True,AH,20% volume voordeel,,,,True,AH,https://www.ah.nl/producten/product/wi608677,2026-08-12,Glorix Power5 citrus toilet block 2-pack,households
608678,0,Glorix Power5 citrus wc-blok 6-pack,Glorix,huishouden,Huishouden,Toiletblokken,7.3,21.9,66.7,pakketkorting,,,6 stuks,,True,AHOO,,2026-08-12,2026-08-16,,True,AH,https://www.ah.nl/producten/product/wi608678,2026-08-12,Glorix Power5 citrus toilet block 6-pack,households
608679,0,Glorix Power5 citrus wc-blok 9-pack,Glorix,huishouden,Huishouden,Toiletblokken,18.25,32.85,44.4,pakketkorting,,,9 stuks,,True,AHOO,,2026-08-12,2026-08-16,,True,AH,https://www.ah.nl/producten/product/wi608679,2026-08-12,Glorix Power5 citrus toilet block 9-pack,households
479793,733452,AH Spoelglans,AH,huishouden,Huishouden,Vaatwaspoeder en glansspoelmiddel,2.05,2.05,,,,,1 l,prijs per liter €2.05,False,,,,,,True,AH,https://www.ah.nl/producten/product/wi479793,2026-08-12,AH Rinse Gloss,households
610443,0,Page Compleet schoon vochtig toiletpapier 2pk,Page,huishouden,Huishouden,Vochtig toiletpapier,3.78,3.98,5.0,5% volume voordeel,,,2 stuks,,True,AHOO,5% volume voordeel,2026-08-12,2999-12-31,,True,AH,https://www.ah.nl/producten/product/wi610443,2026-08-12,Page Completely clean moist toilet paper 2pk,households
610444,0,Page Compleet schoon vochtig toiletpapier 4pk,Page,huishouden,Huishouden,Vochtig toiletpapier,6.77,7.96,15.0,15% volume voordeel,,,4 stuks,,True,AHOO,15% volume voordeel,2026-08-12,2999-12-31,,True,AH,https://www.ah.nl/producten/product/wi610444,2026-08-12,Page Compleet schoon vochtig toiletpapier 4pk,households
610445,0,Page Compleet schoon vochtig toiletpapier 6pk,Page,huishouden,Huishouden,Vochtig toiletpapier,8.95,11.94,25.0,25% volume voordeel,,,6 stuks,,True,AHOO,25% volume voordeel,2026-08-12,2999-12-31,,True,AH,https://www.ah.nl/producten/product/wi610445,2026-08-12,Page Compleet schoon vochtig toiletpapier 6pk,households
143920,604228,AH Sanitairzakken met handvatten 10 liter,AH,huishouden,Huishouden,Pedaalemmerzakken,1.05,1.05,,,,,40 stuks,,False,,,,,,True,AH,https://www.ah.nl/producten/product/wi143920,2026-08-12,AH Sanitary bags with handles 10 liters,households
571447,12752,Dreft Platinum plus vaatwascapsules citroen,Dreft,huishouden,Huishouden,Vaatwastabletten,14.99,14.99,,,,,19 stuks,,False,,,,,,True,AH,https://www.ah.nl/producten/product/wi571447,2026-08-12,Dreft Platinum plus lemon dishwasher capsules,households
605840,0,Dreft Platinum+ vaatwascapsules citroen 4-pack,Dreft,huishouden,Huishouden,Vaatwastabletten,41.97,59.96,30.0,30% volume voordeel,,,4 stuks,,True,AHOO,30% volume voordeel,2026-08-12,2999-12-31,,True,AH,https://www.ah.nl/producten/product/wi605840,2026-08-12,Dreft Platinum+ dishwasher capsules lemon 4-pack,households
622903,0,Dreft Platinum pls vaatwascapsules citroen 2pk,Dreft,huishouden,Huishouden,Vaatwastabletten,25.48,29.98,15.0,15% volume voordeel,,,2 stuks,,True,AHOO,15% volume voordeel,2026-08-12,2999-12-31,,True,AH,https://www.ah.nl/producten/product/wi622903,2026-08-12,Dreft Platinum pls lemon dishwasher capsules 2pk,households
167981,617329,AH Trekbandzakken 120 liter,AH,huishouden,Huishouden,Treksluitzakken,1.85,1.85,,,,,10 stuks,,False,,,,,,True,AH,https://www.ah.nl/producten/product/wi167981,2026-08-12,AH Drawstring bags 120 liters,households
622904,0,Dreft Platinum pls vaatwascapsules citroen 6pk,Dreft,huishouden,Huishouden,Vaatwastabletten,49.47,89.94,45.0,45% volume voordeel,,,6 stuks,,True,AHOO,45% volume voordeel,2026-08-12,2999-12-31,,True,AH,https://www.ah.nl/producten/product/wi622904,2026-08-12,Dreft Platinum pls lemon dishwasher capsules 6pk,households
396809,847935,Glorix WC blok power 5 met bleek,Glorix,huishouden,Huishouden,Toiletblokken,4.55,4.55,,2 + 4 GRATIS,,2.0,per stuk,,True,AH,2 + 4 GRATIS,2026-08-10,2026-08-16,,True,AH,https://www.ah.nl/producten/product/wi396809,2026-08-12,Glorix toilet block power 5 with bleach,households
163693,634276,Ajax Eucalyptus allesreiniger,Ajax,huishouden,Huishouden,Allesreiniger,2.95,2.95,,,,,"1,25 l",prijs per liter €2.36,False,,,,,,True,AH,https://www.ah.nl/producten/product/wi163693,2026-08-12,Ajax Eucalyptus all-purpose cleaner,households
608686,0,Glorix WC blok power 5 met bleek 2-pack,Glorix,huishouden,Huishouden,Toiletblokken,7.28,9.1,20.0,20% volume voordeel,,,2 stuks,,True,AH,20% volume voordeel,,,,True,AH,https://www.ah.nl/producten/product/wi608686,2026-08-12,Glorix toilet block power 5 with bleach 2-pack,households
434366,40416,Glorix WC Blok Lavendel,Glorix,huishouden,Huishouden,Toiletblokken,3.65,3.65,,2 + 4 GRATIS,,2.0,per stuk,,True,AH,2 + 4 GRATIS,2026-08-10,2026-08-16,,True,AH,https://www.ah.nl/producten/product/wi434366,2026-08-12,Glorix Toilet Block Lavender,households
608687,0,Glorix WC blok power 5 met bleek 6-pack,Glorix,huishouden,Huishouden,Toiletblokken,9.1,27.3,66.7,pakketkorting,,,6 stuks,,True,AHOO,,2026-08-12,2026-08-16,,True,AH,https://www.ah.nl/producten/product/wi608687,2026-08-12,Glorix toilet block power 5 with bleach 6-pack,households
608688,0,Glorix WC blok power 5 met bleek 9-pack,Glorix,huishouden,Huishouden,Toiletblokken,22.75,40.95,44.4,pakketkorting,,,9 stuks,,True,AHOO,,2026-08-12,2026-08-16,,True,AH,https://www.ah.nl/producten/product/wi608688,2026-08-12,Glorix WC block power 5 with bleach 9-pack,households
136146,603216,AH Pedaalemmerzakken 35 liter,AH,huishouden,Huishouden,Pedaalemmerzakken,2.19,2.19,,,,,20 stuks,,False,,,,,,True,AH,https://www.ah.nl/producten/product/wi136146,2026-08-12,AH Pedal bin bags 35 liters,households
567130,0,AH Pedaalemmerzakken 35 liter 4-pack,AH,huishouden,Huishouden,Pedaalemmerzakken,7.45,8.76,15.0,15% volume voordeel,,,4 stuks,,True,AHOO,15% volume voordeel,2026-08-12,2999-12-31,,True,AH,https://www.ah.nl/producten/product/wi567130,2026-08-12,AH Pedal bin bags 35 liters 4-pack,households
608683,0,Glorix WC Blok Lavendel 2-pack,Glorix,huishouden,Huishouden,Toiletblokken,5.84,7.3,20.0,20% volume voordeel,,,2 stuks,,True,AH,20% volume voordeel,,,,True,AH,https://www.ah.nl/producten/product/wi608683,2026-08-12,Glorix WC Blok Lavendel 2-pack,households
608684,0,Glorix WC Blok Lavendel 6-pack,Glorix,huishouden,Huishouden,Toiletblokken,7.3,21.9,66.7,pakketkorting,,,6 stuks,,True,AHOO,,2026-08-12,2026-08-16,,True,AH,https://www.ah.nl/producten/product/wi608684,2026-08-12,Glorix WC Blok Lavendel 6-pack,households
608685,0,Glorix WC Blok Lavendel 9-pack,Glorix,huishouden,Huishouden,Toiletblokken,18.25,32.85,44.4,pakketkorting,,,9 stuks,,True,AHOO,,2026-08-12,2026-08-16,,True,AH,https://www.ah.nl/producten/product/wi608685,2026-08-12,Glorix Toilet Block Lavender 9-pack,households
603592,56096,AH Natuurlijke schoonmaak azijn,AH,huishouden,Huishouden,Schoonmaakazijn,3.29,3.29,,,,,5 l,prijs per liter €0.66,False,,,,,,True,AH,https://www.ah.nl/producten/product/wi603592,2026-08-12,AH Natural cleaning vinegar,households
474379,727048,Witte Reus Toiletblok self active hygiene,Witte Reus,huishouden,Huishouden,Toiletblokken,4.49,4.49,,,,,per stuk,,False,,,,,,True,AH,https://www.ah.nl/producten/product/wi474379,2026-08-12,Witte Reus Toilet block self active hygiene,households
594212,0,Ajax Allesreiniger Eucalyptus 2-pack,Ajax,huishouden,Huishouden,Allesreiniger,4.72,5.9,20.0,20% volume voordeel,,,2 stuks,,True,AHOO,20% volume voordeel,2026-08-12,2999-12-31,,True,AH,https://www.ah.nl/producten/product/wi594212,2026-08-12,Ajax All-Purpose Cleaner Eucalyptus 2-pack,households
189266,633256,Nalys Excellence 5-laags maxi-vel toiletpapier,Nalys,huishouden,Huishouden,Toiletpapier - 4 en 5 laags,5.89,5.89,,,,,6 stuks,,False,,,,,,True,AH,https://www.ah.nl/producten/product/wi189266,2026-08-12,Nalys Excellence 5-ply maxi-sheet toilet paper,households
610427,0,Nalys Excellence 5-laags toiletpapier 2-pack,Nalys,huishouden,Huishouden,Toiletpapier - 4 en 5 laags,10.01,11.78,15.0,15% volume voordeel,,,2 stuks,,True,AHOO,15% volume voordeel,2026-08-12,2999-12-31,,True,AH,https://www.ah.nl/producten/product/wi610427,2026-08-12,Nalys Excellence 5-ply toilet paper 2-pack,households
155424,583430,AH Viscosedoekjes,AH,huishouden,Huishouden,Doekjes,1.99,1.99,,,,,10 stuks,,False,,,,,,True,AH,https://www.ah.nl/producten/product/wi155424,2026-08-12,AH Viscose wipes,households
67762,527720,AH Afwasmiddel extra hygiëne,AH,huishouden,Huishouden,Afwasmiddel,0.89,0.89,,,,,"0,5 l",prijs per liter €1.78,False,,,,,,True,AH,https://www.ah.nl/producten/product/wi67762,2026-08-12,AH Dishwashing liquid extra hygiene,households
164919,637427,AH Eco all in one vaatwastabletten,AH,huishouden,Huishouden,Vaatwastabletten,3.99,3.99,,,,,40 stuks,,False,,,,,,True,AH,https://www.ah.nl/producten/product/wi164919,2026-08-12,AH Eco all in one dishwasher tablets,households
480995,735417,AH Eco Pedaalemmerzakken 20 liter,AH Eco,huishouden,Huishouden,Pedaalemmerzakken,3.75,3.75,,,,,20 stuks,,False,,,,,,True,AH,https://www.ah.nl/producten/product/wi480995,2026-08-12,AH Eco Pedal bin bags 20 liters,households
233499,825029,Edet Ultra soft toiletpapier stro voordeelpak,Edet,huishouden,Huishouden,Toiletpapier - 4 en 5 laags,17.99,17.99,,,,,16 stuks,,False,,,,,,True,AH,https://www.ah.nl/producten/product/wi233499,2026-08-12,Edet Ultra soft toilet paper straw value pack,households
405206,851962,Kleenex Family maxi pack tissues,Kleenex,huishouden,Huishouden,Tissues,3.19,3.19,,,,,128 stuks,,False,,,,,,True,AH,https://www.ah.nl/producten/product/wi405206,2026-08-12,Kleenex Family maxi pack tissues,households
616641,0,Ajax Eucalyptus allesreiniger 6-pack,Ajax,huishouden,Huishouden,Allesreiniger,10.62,17.7,40.0,40% volume voordeel,,,6 stuks,,True,AHOO,40% volume voordeel,2026-08-12,2999-12-31,,True,AH,https://www.ah.nl/producten/product/wi616641,2026-08-12,Ajax Eucalyptus all-purpose cleaner 6-pack,households
368663,834432,Kleenex Balsam tissues,Kleenex,huishouden,Huishouden,Tissues,2.39,2.39,,,,,64 stuks,,False,,,,,,True,AH,https://www.ah.nl/producten/product/wi368663,2026-08-12,Kleenex Balsam tissues,households
616640,0,Ajax Eucalyptus allesreiniger 4-pack,Ajax,huishouden,Huishouden,Allesreiniger,8.26,11.8,30.0,30% volume voordeel,,,4 stuks,,True,AHOO,30% volume voordeel,2026-08-12,2999-12-31,,True,AH,https://www.ah.nl/producten/product/wi616640,2026-08-12,Ajax Eucalyptus all-purpose cleaner 4-pack,households
169751,648026,Witte Reus Toiletblok kracht actief oceaan,Witte Reus,huishouden,Huishouden,Toiletblokken,3.99,3.99,,,,,per stuk,,False,,,,,,True,AH,https://www.ah.nl/producten/product/wi169751,2026-08-12,White Giant Toilet block power active ocean,households
565,70530,AH Vuilnisemmerzakken 35L,AH,huishouden,Huishouden,Pedaalemmerzakken,2.19,2.19,,,,,20 stuks,,False,,,,,,True,AH,https://www.ah.nl/producten/product/wi565,2026-08-12,AH Garbage bin bags 35L,households
129279,563690,Glorix Glorix eucalyptus bleek,Glorix,huishouden,Huishouden,Bleekmiddel,2.49,2.49,,,,,"0,75 l",prijs per liter €3.32,False,,,,,,True,AH,https://www.ah.nl/producten/product/wi129279,2026-08-12,Glorix Glorix eucalyptus bleek,households
617717,0,AH Eco Afval en sanitairzakken 10 liter 2-pack,AH Eco,huishouden,Huishouden,Pedaalemmerzakken,2.45,2.58,5.0,5% volume voordeel,,,2 stuks,,True,AHOO,5% volume voordeel,2026-08-12,2999-12-31,,True,AH,https://www.ah.nl/producten/product/wi617717,2026-08-12,AH Eco Waste and sanitary bags 10 liters 2-pack,households
459979,77254,Nalys Vochtvangers dubbelrol keukenpapier,Nalys,huishouden,Huishouden,Keukenpapier,5.49,5.49,,,,,2 stuks,,False,,,,,,True,AH,https://www.ah.nl/producten/product/wi459979,2026-08-12,Nalys Vochtvangers dubbelrol keukenpapier,households
555022,0,Nalys Vochtvangers keukenpapier 2=4 rol 3-pack,Nalys,huishouden,Huishouden,Keukenpapier,13.18,16.47,20.0,20% volume voordeel,,,3 stuks,,True,AHOO,20% volume voordeel,2026-08-12,2999-12-31,,True,AH,https://www.ah.nl/producten/product/wi555022,2026-08-12,Nalys Moisture Absorbers kitchen paper 2=4 roll 3-pack,households
617718,0,AH Eco Afval en sanitairzakken 10 liter 3-pack,AH Eco,huishouden,Huishouden,Pedaalemmerzakken,3.48,3.87,10.0,10% volume voordeel,,,3 stuks,,True,AHOO,10% volume voordeel,2026-08-12,2999-12-31,,True,AH,https://www.ah.nl/producten/product/wi617718,2026-08-12,AH Eco Waste and sanitary bags 10 liters 3-pack,households
111163,544216,AH Afwasborstel lang,AH,huishouden,Huishouden,Afwasborstels,1.29,1.29,,,,,per stuk,,False,,,,,,True,AH,https://www.ah.nl/producten/product/wi111163,2026-08-12,AH Dishwashing brush long,households
458217,666160,Kleenex Collection tissues,Kleenex,huishouden,Huishouden,Tissues,1.89,1.89,,,,,Per stuk,,False,,,,,,True,AH,https://www.ah.nl/producten/product/wi458217,2026-08-12,Kleenex Collection tissues,households
538246,86668,AH Pedaalemmerzakken trekband lavendel 35l,AH,huishouden,Huishouden,Treksluitzakken,2.19,2.19,,,,,15 stuks,,False,,,,,,True,AH,https://www.ah.nl/producten/product/wi538246,2026-08-12,AH Pedal bin bags drawstring lavender 35l,households
505213,840537,AH Tissues balsem,AH,huishouden,Huishouden,Tissues,1.75,1.75,,,,,120 stuks,,False,,,,,,True,AH,https://www.ah.nl/producten/product/wi505213,2026-08-12,AH Tissues balm,households
3013,24736,WC-Eend Wc eend nr. 1 ontkalker,WC-Eend,huishouden,Huishouden,Toiletreiniger,3.99,3.99,,,,,"0,75 l",prijs per liter €5.32,False,,,,,,True,AH,https://www.ah.nl/producten/product/wi3013,2026-08-12,WC Duck Toilet duck no. 1 descaler,households
417028,688203,Page Shea butter vochtig toiletpapier,Page,huishouden,Huishouden,Vochtig toiletpapier,2.29,2.29,,,,,38 stuks,,False,,,,,,True,AH,https://www.ah.nl/producten/product/wi417028,2026-08-12,Page Shea butter moist toilet paper,households
570785,11302,Edet Easypull original navulling,Edet,huishouden,Huishouden,Keukenpapier,4.49,4.49,,1 + 1 gratis,,1.0,per stuk,,True,AH,1 + 1 gratis,2026-08-10,2026-08-16,,True,AH,https://www.ah.nl/producten/product/wi570785,2026-08-12,Edet Easypull original refill,households
613766,0,Edet Easypull original navulling 6-pack,Edet,huishouden,Huishouden,Keukenpapier,13.47,26.94,50.0,pakketkorting,,,6 stuks,,True,AHOO,50% volume voordeel,2026-08-12,2026-08-16,,True,AH,https://www.ah.nl/producten/product/wi613766,2026-08-12,Edet Easypull original refill 6-pack,households
567141,0,AH Vuilnisemmerzakken 35L 4-pack,AH,huishouden,Huishouden,Pedaalemmerzakken,7.71,8.76,12.0,12% volume voordeel,,,4 stuks,,True,AHOO,12% volume voordeel,2026-08-12,2999-12-31,,True,AH,https://www.ah.nl/producten/product/wi567141,2026-08-12,AH Garbage bin bags 35L 4-pack,households
478098,731448,Witte Reus Toiletblok deluxe delicate magnolia,Witte Reus,huishouden,Huishouden,Toiletblokken,4.49,4.49,,,,,per stuk,,False,,,,,,True,AH,https://www.ah.nl/producten/product/wi478098,2026-08-12,White Giant Toilet block deluxe delicate magnolia,households
213912,807817,AH Vershoudfolie,AH,huishouden,Huishouden,Vershoudfolie,1.05,1.05,,,,,50 meter,prijs per m €0.02,False,,,,,,True,AH,https://www.ah.nl/producten/product/wi213912,2026-08-12,AH Cling film,households
608668,0,Glorix Glorix eucalyptus bleek 2-pack,Glorix,huishouden,Huishouden,Bleekmiddel,3.98,4.98,20.0,20% volume voordeel,,,2 stuks,,True,AHOO,20% volume voordeel,2026-08-12,2999-12-31,,True,AH,https://www.ah.nl/producten/product/wi608668,2026-08-12,Glorix Glorix eucalyptus pale 2-pack,households
610453,0,Page Shea butter vochtig toiletpapier 4-pack,Page,huishouden,Huishouden,Vochtig toiletpapier,7.79,9.16,15.0,15% volume voordeel,,,4 stuks,,True,AHOO,15% volume voordeel,2026-08-12,2999-12-31,,True,AH,https://www.ah.nl/producten/product/wi610453,2026-08-12,Page Shea butter moist toilet paper 4-pack,households
610452,0,Page Shea butter vochtig toiletpapier 2-pack,Page,huishouden,Huishouden,Vochtig toiletpapier,4.35,4.58,5.0,5% volume voordeel,,,2 stuks,,True,AHOO,5% volume voordeel,2026-08-12,2999-12-31,,True,AH,https://www.ah.nl/producten/product/wi610452,2026-08-12,Page Shea butter moist toilet paper 2-pack,households
610454,0,Page Shea butter vochtig toiletpapier 6-pack,Page,huishouden,Huishouden,Vochtig toiletpapier,10.3,13.74,25.0,25% volume voordeel,,,6 stuks,,True,AHOO,25% volume voordeel,2026-08-12,2999-12-31,,True,AH,https://www.ah.nl/producten/product/wi610454,2026-08-12,Page Shea butter moist toilet paper 6-pack,households
376891,680163,Page Kussenzacht toiletpapier voordeelpak,Page,huishouden,Huishouden,Toiletpapier - 3 laags,15.99,15.99,,,,,24 stuks,,False,,,,,,True,AH,https://www.ah.nl/producten/product/wi376891,2026-08-12,Page Cushion-soft toilet paper value pack,households
590112,36388,Robijn Wasverzachter puur & zacht,Robijn,huishouden,Huishouden,Hypoallergeen wasmiddel,6.45,6.45,,1 + 1 gratis,,1.0,39 wasbeurten,,True,AH,1 + 1 gratis,2026-08-10,2026-08-16,,True,AH,https://www.ah.nl/producten/product/wi590112,2026-08-12,Robijn Fabric Softener pure & soft,households
587722,32980,Dreft 3in1 power spray citroen,Dreft,huishouden,Huishouden,Afwasmiddel,7.99,7.99,,,,,"0,5 l",prijs per liter €15.98,False,,,,,,True,AH,https://www.ah.nl/producten/product/wi587722,2026-08-12,Dreft 3in1 power spray lemon,households
608843,0,Robijn Wasverzachter puur & zacht 2-pack,Robijn,huishouden,Huishouden,Hypoallergeen wasmiddel,6.45,12.9,50.0,pakketkorting,,,2 stuks,,True,AHOO,,2026-08-12,2026-08-16,,True,AH,https://www.ah.nl/producten/product/wi608843,2026-08-12,Robijn Fabric Softener pure & soft 2-pack,households
597524,0,AH Afwasborstel lang 2-pack,AH,huishouden,Huishouden,Afwasborstels,2.45,2.58,5.0,5% volume voordeel,,,2 stuks,,True,AHOO,5% volume voordeel,2026-08-12,2999-12-31,,True,AH,https://www.ah.nl/producten/product/wi597524,2026-08-12,AH Afwasborstel lang 2-pack,households
608844,0,Robijn Wasverzachter puur & zacht 4-pack,Robijn,huishouden,Huishouden,Hypoallergeen wasmiddel,12.9,25.8,50.0,pakketkorting,,,4 stuks,,True,AHOO,,2026-08-12,2026-08-16,,True,AH,https://www.ah.nl/producten/product/wi608844,2026-08-12,Robijn Fabric Softener pure & soft 4-pack,households
522361,13883,Page Puur vochtig toiletpapier,Page,huishouden,Huishouden,Vochtig toiletpapier,2.29,2.29,,,,,38 stuks,,False,,,,,,True,AH,https://www.ah.nl/producten/product/wi522361,2026-08-12,Page Pure moist toilet paper,households
608845,0,Robijn Wasverzachter puur & zacht 8-pack,Robijn,huishouden,Huishouden,Hypoallergeen wasmiddel,25.8,51.6,50.0,pakketkorting,,,8 stuks,,True,AHOO,50% volume voordeel,2026-08-12,2026-08-16,,True,AH,https://www.ah.nl/producten/product/wi608845,2026-08-12,Robijn Fabric Softener pure & soft 8-pack,households
625726,0,Robijn Wasverzachter puur & zacht 3-pack,Robijn,huishouden,Huishouden,Hypoallergeen wasmiddel,12.9,19.35,33.3,pakketkorting,,,3 stuks,,True,AHOO,,2026-08-12,2026-08-16,,True,AH,https://www.ah.nl/producten/product/wi625726,2026-08-12,Robijn Wasverzachter puur & zacht 3-pack,households
590111,36387,Robijn Wasverzachter passiebloem & bergamot,Robijn,huishouden,Huishouden,Wasverzachters,6.65,6.65,,1 + 1 gratis,,1.0,39 wasbeurten,,True,AH,1 + 1 gratis,2026-08-10,2026-08-16,,True,AH,https://www.ah.nl/producten/product/wi590111,2026-08-12,Robijn Fabric softener passion flower & bergamot,households
608837,0,Robijn Wasverzachter passiebloem & berga 2-pack,Robijn,huishouden,Huishouden,Wasverzachters,6.65,13.3,50.0,pakketkorting,,,2 stuks,,True,AHOO,,2026-08-12,2026-08-16,,True,AH,https://www.ah.nl/producten/product/wi608837,2026-08-12,Robijn Fabric softener passion flower & berga 2-pack,households
608838,0,Robijn Wasverzachter passiebloem & berga 4-pack,Robijn,huishouden,Huishouden,Wasverzachters,13.3,26.6,50.0,pakketkorting,,,4 stuks,,True,AHOO,,2026-08-12,2026-08-16,,True,AH,https://www.ah.nl/producten/product/wi608838,2026-08-12,Robijn Wasverzachter passiebloem & berga 4-pack,households
454836,602694,Glorix Pink magnolia blauw water wc-blok,Glorix,huishouden,Huishouden,Toiletblokken,3.65,3.65,,2 + 4 GRATIS,,2.0,55 g,,True,AH,2 + 4 GRATIS,2026-08-10,2026-08-16,,True,AH,https://www.ah.nl/producten/product/wi454836,2026-08-12,Glorix Pink magnolia blue water toilet block,households
608839,0,Robijn Wasverzachter passiebloem & berga 8-pack,Robijn,huishouden,Huishouden,Wasverzachters,26.6,53.2,50.0,pakketkorting,,,8 stuks,,True,AHOO,50% volume voordeel,2026-08-12,2026-08-16,,True,AH,https://www.ah.nl/producten/product/wi608839,2026-08-12,Robijn Fabric softener passion flower & berga 8-pack,households
625101,0,Glorix Pink magnolia blauw water wc-blok 2-pack,Glorix,huishouden,Huishouden,Toiletblokken,5.84,7.3,20.0,20% volume voordeel,,,2 stuks,,True,AH,20% volume voordeel,,,,True,AH,https://www.ah.nl/producten/product/wi625101,2026-08-12,Glorix Pink magnolia blauw water wc-blok 2-pack,households
625725,0,Robijn Wasverzachter passiebl & bergamot 3-pack,Robijn,huishouden,Huishouden,Wasverzachters,13.3,19.95,33.3,pakketkorting,,,3 stuks,,True,AHOO,,2026-08-12,2026-08-16,,True,AH,https://www.ah.nl/producten/product/wi625725,2026-08-12,Robijn Fabric softener passionbl & bergamot 3-pack,households
505041,840544,AH Tissues extra zacht & sterk 4 lagen,AH,huishouden,Huishouden,Tissues,1.59,1.59,,,,,80 stuks,,False,,,,,,True,AH,https://www.ah.nl/producten/product/wi505041,2026-08-12,AH Tissues extra soft & strong 4 layers,households
625102,0,Glorix Pink magnolia blauw water wc-blok 6-pack,Glorix,huishouden,Huishouden,Toiletblokken,7.3,21.9,66.7,pakketkorting,,,6 stuks,,True,AHOO,,2026-08-12,2026-08-16,,True,AH,https://www.ah.nl/producten/product/wi625102,2026-08-12,Glorix Pink magnolia blue water toilet block 6-pack,households
625103,0,Glorix Pink magnolia blauw water wc-blok 9-pack,Glorix,huishouden,Huishouden,Toiletblokken,18.25,32.85,44.4,pakketkorting,,,9 stuks,,True,AHOO,,2026-08-12,2026-08-16,,True,AH,https://www.ah.nl/producten/product/wi625103,2026-08-12,Glorix Pink magnolia blauw water wc-blok 9-pack,households
505039,839138,AH Toiletreiniger oceaan,AH,huishouden,Huishouden,Toiletreiniger,0.95,0.95,,,,,1 l,prijs per liter €0.95,False,,,,,,True,AH,https://www.ah.nl/producten/product/wi505039,2026-08-12,AH Toilet cleaner ocean,households
610448,0,Page Puur vochtig toiletpapier 6-pack,Page,huishouden,Huishouden,Vochtig toiletpapier,10.3,13.74,25.0,25% volume voordeel,,,6 stuks,,True,AHOO,25% volume voordeel,2026-08-12,2999-12-31,,True,AH,https://www.ah.nl/producten/product/wi610448,2026-08-12,Page Pure moist toilet paper 6-pack,households
184609,773628,WC-Eend Wc eend action gel ocean,WC-Eend,huishouden,Huishouden,Toiletgel,3.75,3.75,,,,,"0,75 l",prijs per liter €5.00,False,,,,,,True,AH,https://www.ah.nl/producten/product/wi184609,2026-08-12,Toilet Duck Toilet duck action gel ocean,households
610447,0,Page Puur vochtig toiletpapier 4-pack,Page,huishouden,Huishouden,Vochtig toiletpapier,7.79,9.16,15.0,15% volume voordeel,,,4 stuks,,True,AHOO,15% volume voordeel,2026-08-12,2999-12-31,,True,AH,https://www.ah.nl/producten/product/wi610447,2026-08-12,Page Pure moist toilet paper 4-pack,households
608669,0,Glorix Glorix eucalyptus bleek 4-pack,Glorix,huishouden,Huishouden,Bleekmiddel,7.47,9.96,25.0,25% volume voordeel,,,4 stuks,,True,AHOO,25% volume voordeel,2026-08-12,2999-12-31,,True,AH,https://www.ah.nl/producten/product/wi608669,2026-08-12,Glorix Glorix eucalyptus pale 4-pack,households
610446,0,Page Puur vochtig toiletpapier 2-pack,Page,huishouden,Huishouden,Vochtig toiletpapier,4.35,4.58,5.0,5% volume voordeel,,,2 stuks,,True,AHOO,5% volume voordeel,2026-08-12,2999-12-31,,True,AH,https://www.ah.nl/producten/product/wi610446,2026-08-12,Page Pure moist toilet paper 2-pack,households
598061,0,AH Pedaalemmerzakken lavendel 35l 4-pack,AH,huishouden,Huishouden,Treksluitzakken,7.45,8.76,15.0,15% volume voordeel,,,4 stuks,,True,AHOO,15% volume voordeel,2026-08-12,2999-12-31,,True,AH,https://www.ah.nl/producten/product/wi598061,2026-08-12,AH Pedaalemmerzakken lavendel 35l 4-pack,households
584468,27632,AH Keukenpapier sterk XXXL 1=8 rollen,AH,huishouden,Huishouden,Keukenpapier,3.05,3.05,,,,,per stuk,,False,,,,,,True,AH,https://www.ah.nl/producten/product/wi584468,2026-08-12,AH Kitchen paper strong XXXL 1=8 rolls,households
608670,0,Glorix Glorix eucalyptus bleek 6-pack,Glorix,huishouden,Huishouden,Bleekmiddel,10.46,14.94,30.0,30% volume voordeel,,,6 stuks,,True,AHOO,30% volume voordeel,2026-08-12,2999-12-31,,True,AH,https://www.ah.nl/producten/product/wi608670,2026-08-12,Glorix Glorix eucalyptus bleek 6-pack,households
590115,36393,Robijn Wasverzachter paradise secret,Robijn,huishouden,Huishouden,Wasverzachters,7.89,7.89,,1 + 1 gratis,,1.0,38 wasbeurten,,True,AH,1 + 1 gratis,2026-08-10,2026-08-16,,True,AH,https://www.ah.nl/producten/product/wi590115,2026-08-12,Robijn Fabric softener paradise secret,households
608834,0,Robijn Wasverzachter paradise secret 2-pack,Robijn,huishouden,Huishouden,Wasverzachters,7.89,15.78,50.0,pakketkorting,,,2 stuks,,True,AHOO,,2026-08-12,2026-08-16,,True,AH,https://www.ah.nl/producten/product/wi608834,2026-08-12,Robijn Fabric Softener paradise secret 2-pack,households
238142,831574,AH Allesreiniger citrus spray,AH,huishouden,Huishouden,Allesreiniger,1.99,1.99,,,,,"0,75 l",prijs per liter €2.65,False,,,,,,True,AH,https://www.ah.nl/producten/product/wi238142,2026-08-12,AH All-purpose cleaner citrus spray,households
608835,0,Robijn Wasverzachter paradise secret 4-pack,Robijn,huishouden,Huishouden,Wasverzachters,15.78,31.56,50.0,pakketkorting,,,4 stuks,,True,AHOO,,2026-08-12,2026-08-16,,True,AH,https://www.ah.nl/producten/product/wi608835,2026-08-12,Robijn Fabric Softener paradise secret 4-pack,households
608836,0,Robijn Wasverzachter paradise secret 8-pack,Robijn,huishouden,Huishouden,Wasverzachters,31.56,63.12,50.0,pakketkorting,,,8 stuks,,True,AHOO,50% volume voordeel,2026-08-12,2026-08-16,,True,AH,https://www.ah.nl/producten/product/wi608836,2026-08-12,Robijn Fabric Softener paradise secret 8-pack,households
625718,0,Robijn Wasverzachter paradise secret 3-pack,Robijn,huishouden,Huishouden,Wasverzachters,15.78,23.67,33.3,pakketkorting,,,3 stuks,,True,AHOO,,2026-08-12,2026-08-16,,True,AH,https://www.ah.nl/producten/product/wi625718,2026-08-12,Robijn Fabric Softener paradise secret 3-pack,households
459994,666101,Nalys Wish dubbelrol keukenpapier,Nalys,huishouden,Huishouden,Keukenpapier,4.99,4.99,,,,,2 stuks,,False,,,,,,True,AH,https://www.ah.nl/producten/product/wi459994,2026-08-12,Nalys Wish double roll of kitchen paper,households
610429,0,Nalys Wish dubbelrol keukenpapier 2-pack,Nalys,huishouden,Huishouden,Keukenpapier,8.48,9.98,15.0,15% volume voordeel,,,2 stuks,,True,AHOO,15% volume voordeel,2026-08-12,2999-12-31,,True,AH,https://www.ah.nl/producten/product/wi610429,2026-08-12,Nalys Wish double roll of kitchen paper 2-pack,households
570825,11285,Dreft Max power vloeibaar afwasmiddel citroen,Dreft,huishouden,Huishouden,Afwasmiddel,4.99,4.99,,,,,450 ml,prijs per liter €11.09,False,,,,,,True,AH,https://www.ah.nl/producten/product/wi570825,2026-08-12,Dreft Max power liquid detergent lemon,households
211029,806412,Robijn Klein & krachtig color wasmiddel,Robijn,huishouden,Huishouden,Vloeibaar wasmiddel,17.79,17.79,,1 + 1 gratis,,1.0,22 wasbeurten,,True,AH,1 + 1 gratis,2026-08-10,2026-08-16,,True,AH,https://www.ah.nl/producten/product/wi211029,2026-08-12,Robijn Klein & powerful color detergent,households
579129,22163,Glorix WC blok wildberries,Glorix,huishouden,Huishouden,Toiletblokken,3.99,3.99,,2 + 4 GRATIS,,2.0,per stuk,,True,AH,2 + 4 GRATIS,2026-08-10,2026-08-16,,True,AH,https://www.ah.nl/producten/product/wi579129,2026-08-12,Glorix toilet block wildberries,households
625119,0,Glorix WC blok wildberries 2-pack,Glorix,huishouden,Huishouden,Toiletblokken,6.38,7.98,20.0,20% volume voordeel,,,2 stuks,,True,AH,20% volume voordeel,,,,True,AH,https://www.ah.nl/producten/product/wi625119,2026-08-12,Glorix WC block wildberries 2-pack,households
625120,0,Glorix WC blok wildberries 6-pack,Glorix,huishouden,Huishouden,Toiletblokken,7.98,23.94,66.7,pakketkorting,,,6 stuks,,True,AHOO,,2026-08-12,2026-08-16,,True,AH,https://www.ah.nl/producten/product/wi625120,2026-08-12,Glorix WC block wildberries 6-pack,households
625121,0,Glorix WC blok wildberries 9-pack,Glorix,huishouden,Huishouden,Toiletblokken,19.95,35.91,44.4,pakketkorting,,,9 stuks,,True,AHOO,,2026-08-12,2026-08-16,,True,AH,https://www.ah.nl/producten/product/wi625121,2026-08-12,Glorix WC block wildberries 9-pack,households
569661,0,Robijn K&K color wasmiddel 4-pack,Robijn,huishouden,Huishouden,Vloeibaar wasmiddel,35.58,71.16,50.0,pakketkorting,,,4 stuks,,True,AHOO,,2026-08-12,2026-08-16,,True,AH,https://www.ah.nl/producten/product/wi569661,2026-08-12,Robijn K&K color detergent 4-pack,households
55068,510373,AH Ijsblokzakjes,AH,huishouden,Huishouden,IJsblokzakjes,0.59,0.59,,,,,10 stuks,,False,,,,,,True,AH,https://www.ah.nl/producten/product/wi55068,2026-08-12,AH Ice cube bags,households
579829,0,Robijn Klein & krachtig color wasmiddel 2-pack,Robijn,huishouden,Huishouden,Vloeibaar wasmiddel,17.79,35.58,50.0,pakketkorting,,,2 stuks,,True,AHOO,,2026-08-12,2026-08-16,,True,AH,https://www.ah.nl/producten/product/wi579829,2026-08-12,Robijn Klein & powerful color detergent 2-pack,households
608807,0,Robijn K&K color wasmiddel 6-pack,Robijn,huishouden,Huishouden,Vloeibaar wasmiddel,53.37,106.74,50.0,pakketkorting,,,6 stuks,,True,AHOO,,2026-08-12,2026-08-16,,True,AH,https://www.ah.nl/producten/product/wi608807,2026-08-12,Robijn K&K color detergent 6-pack,households
175214,110430706,Etos Brilpoetsdoekjes,Etos,huishouden,Huishouden,"Beeldscherm, brilreiniger",0.95,0.95,,,,,30 stuks,,False,,,,,,True,ETOS,https://www.ah.nl/producten/product/wi175214,2026-08-12,Etos Glasses Cleaning Cloths,households
226712,820198,Glorix Glorix pink flower bleek,Glorix,huishouden,Huishouden,Bleekmiddel,2.49,2.49,,,,,"0,75 l",prijs per liter €3.32,False,,,,,,True,AH,https://www.ah.nl/producten/product/wi226712,2026-08-12,Glorix Glorix pink flower pale,households
367293,851957,Edet Amandelmelk vochtig toiletpapier,Edet,huishouden,Huishouden,Vochtig toiletpapier,2.99,2.99,,,,,42 stuks,,False,,,,,,True,AH,https://www.ah.nl/producten/product/wi367293,2026-08-12,Edet Almond milk moist toilet paper,households
237831,828872,AH Waspoeder kleur,AH,huishouden,Huishouden,Waspoeder,1.69,1.69,,,,,30 wasbeurten,,False,,,,,,True,AH,https://www.ah.nl/producten/product/wi237831,2026-08-12,AH Washing powder color,households
498787,811526,AH Glasspray,AH,huishouden,Huishouden,Glasreiniger en reinigingsspray,1.69,1.69,,,,,1 l,prijs per liter €1.69,False,,,,,,True,AH,https://www.ah.nl/producten/product/wi498787,2026-08-12,AH Glass Spray,households
570946,12474,Finish Quantum vaatwastabletten,Finish,huishouden,Huishouden,Vaatwastabletten,20.99,20.99,,,,,44 stuks,,False,,,,,,True,AH,https://www.ah.nl/producten/product/wi570946,2026-08-12,Finish Quantum dishwasher tablets,households
396792,847900,AH Toilet reinigingsdoekjes vochtig,AH,huishouden,Huishouden,Vochtige doekjes,1.59,1.59,,,,,40 stuks,,False,,,,,,True,AH,https://www.ah.nl/producten/product/wi396792,2026-08-12,AH Toilet reinigingsdoekjes vochtig,households
610199,0,Edet Amandelmelk vochtig toiletpapier 4-pack,Edet,huishouden,Huishouden,Vochtig toiletpapier,9.57,11.96,20.0,20% volume voordeel,,,4 stuks,,True,AHOO,20% volume voordeel,2026-08-12,2999-12-31,,True,AH,https://www.ah.nl/producten/product/wi610199,2026-08-12,Edet Almond milk moist toilet paper 4-pack,households
365784,832791,Edet Kamille vochtig toiletpapier,Edet,huishouden,Huishouden,Vochtig toiletpapier,2.99,2.99,,,,,42 stuks,,False,,,,,,True,AH,https://www.ah.nl/producten/product/wi365784,2026-08-12,Edet Kamille vochtig toiletpapier,households
618348,0,AH Vuilnisemmerzakken 35L 2-pack,AH,huishouden,Huishouden,Pedaalemmerzakken,4.2,4.38,4.0,4% volume voordeel,,,2 stuks,,True,AHOO,4% volume voordeel,2026-08-12,2999-12-31,,True,AH,https://www.ah.nl/producten/product/wi618348,2026-08-12,AH Garbage bin bags 35L 2-pack,households
127999,583613,AH Allesreiniger bloemen & fruit,AH,huishouden,Huishouden,Allesreiniger,0.69,0.69,,,,,"1,25 l",prijs per liter €0.55,False,,,,,,True,AH,https://www.ah.nl/producten/product/wi127999,2026-08-12,AH All-purpose cleaner for flowers & fruit,households
154339,558991,Klok Eco afwasmiddel,Klok,huishouden,Huishouden,Afwasmiddel,1.49,1.49,,,,,"0,5 l",prijs per liter €2.98,False,,,,,,True,AH,https://www.ah.nl/producten/product/wi154339,2026-08-12,Klok Eco afwasmiddel,households
478095,731438,Witte Reus Toiletblok deluxe lovely jasmin,Witte Reus,huishouden,Huishouden,Toiletblokken,4.49,4.49,,,,,per stuk,,False,,,,,,True,AH,https://www.ah.nl/producten/product/wi478095,2026-08-12,Witte Reus Toilet block deluxe lovely jasmin,households
560708,99250,Edet Limited edition vochtig toiletpapier,Edet,huishouden,Huishouden,Vochtig toiletpapier,2.99,2.99,,,,,42 stuks,,False,,,,,,True,AH,https://www.ah.nl/producten/product/wi560708,2026-08-12,Edet Limited edition moist toilet paper,households
610200,0,Edet Amandelmelk vochtig toiletpapier 6-pack,Edet,huishouden,Huishouden,Vochtig toiletpapier,12.56,17.94,30.0,30% volume voordeel,,,6 stuks,,True,AHOO,30% volume voordeel,2026-08-12,2999-12-31,,True,AH,https://www.ah.nl/producten/product/wi610200,2026-08-12,Edet Almond milk moist toilet paper 6-pack,households
584467,27631,AH Keukenpapier extra sterk 3=4 rollen,AH,huishouden,Huishouden,Keukenpapier,2.99,2.99,,,,,3 stuks,,False,,,,,,True,AH,https://www.ah.nl/producten/product/wi584467,2026-08-12,AH Kitchen paper extra strong 3=4 rolls,households
511998,884097,Glorix Aroma lux white rose & tea tree oil,Glorix,huishouden,Huishouden,Toiletblokken,3.89,3.89,,2 + 4 GRATIS,,2.0,per stuk,,True,AH,2 + 4 GRATIS,2026-08-10,2026-08-16,,True,AH,https://www.ah.nl/producten/product/wi511998,2026-08-12,Glorix Aroma lux white rose & tea tree oil,households
625095,0,Glorix Aroma lux white rose & tea tree 2-pack,Glorix,huishouden,Huishouden,Toiletblokken,6.22,7.78,20.0,20% volume voordeel,,,2 stuks,,True,AH,20% volume voordeel,,,,True,AH,https://www.ah.nl/producten/product/wi625095,2026-08-12,Glorix Aroma lux white rose & tea tree 2-pack,households
625096,0,Glorix Aroma lux white rose & tea tree 6-pack,Glorix,huishouden,Huishouden,Toiletblokken,7.78,23.34,66.7,pakketkorting,,,6 stuks,,True,AHOO,,2026-08-12,2026-08-16,,True,AH,https://www.ah.nl/producten/product/wi625096,2026-08-12,Glorix Aroma lux white rose & tea tree 6-pack,households
625097,0,Glorix Aroma lux white rose & tea tree 9-pack,Glorix,huishouden,Huishouden,Toiletblokken,19.45,35.01,44.4,pakketkorting,,,9 stuks,,True,AHOO,,2026-08-12,2026-08-16,,True,AH,https://www.ah.nl/producten/product/wi625097,2026-08-12,Glorix Aroma lux white rose & tea tree 9-pack,households
43243,91640,Popla Megarol toiletpapier,Popla,huishouden,Huishouden,Toiletpapier - 2 laags,4.49,4.49,,,,,4 rollen,,False,,,,,,True,AH,https://www.ah.nl/producten/product/wi43243,2026-08-12,Popla Mega roll of toilet paper,households
608674,0,Glorix Glorix pink flower bleek 2-pack,Glorix,huishouden,Huishouden,Bleekmiddel,3.98,4.98,20.0,20% volume voordeel,,,2 stuks,,True,AHOO,20% volume voordeel,2026-08-12,2999-12-31,,True,AH,https://www.ah.nl/producten/product/wi608674,2026-08-12,Glorix Glorix pink flower pale 2-pack,households
587225,32617,AH Trekbandzak pmd 60 liter,AH,huishouden,Huishouden,Treksluitzakken,1.39,1.39,,,,,10 stuks,,False,,,,,,True,AH,https://www.ah.nl/producten/product/wi587225,2026-08-12,AH Drawstring bag pmd 60 liters,households
600226,51012,Robijn Wasparfum morgenfris,Robijn,huishouden,Huishouden,Textielverfrissers,6.99,6.99,,1 + 1 gratis,,1.0,17 wasbeurten,normale prijs per liter €20.44,True,AH,1 + 1 gratis,2026-08-10,2026-08-16,,True,AH,https://www.ah.nl/producten/product/wi600226,2026-08-12,Robijn Wash perfume morning fresh,households
625186,0,Robijn Wasparfum morgenfris 2-pack,Robijn,huishouden,Huishouden,Textielverfrissers,6.99,13.98,50.0,pakketkorting,,,2 stuks,,True,AHOO,,2026-08-12,2026-08-16,,True,AH,https://www.ah.nl/producten/product/wi625186,2026-08-12,Robijn Wash perfume morning fresh 2-pack,households
583328,25997,Lenor Geurbooster zeebries,Lenor,huishouden,Huishouden,Textielverfrissers,12.29,12.29,,,,,240 g,prijs per kg €51.21,False,,,,,,True,AH,https://www.ah.nl/producten/product/wi583328,2026-08-12,Lenor Geurbooster zeebries,households
586486,0,Lenor Geurparels Zeebries 4-pack,Lenor,huishouden,Huishouden,Wasverzachters,34.41,49.16,30.0,30% volume voordeel,,,4 stuks,,True,AHOO,30% volume voordeel,2026-08-12,2999-12-31,,True,AH,https://www.ah.nl/producten/product/wi586486,2026-08-12,Lenor Fragrance Pearls Sea Breeze 4-pack,households
625187,0,Robijn Wasparfum morgenfris 4-pack,Robijn,huishouden,Huishouden,Textielverfrissers,13.98,27.96,50.0,pakketkorting,,,4 stuks,,True,AHOO,,2026-08-12,2026-08-16,,True,AH,https://www.ah.nl/producten/product/wi625187,2026-08-12,Robijn Wash perfume morning fresh 4-pack,households
505224,847527,AH Wascapsules 3-in-1 kleur,AH,huishouden,Huishouden,Waspods,4.39,4.39,,,,,22 wasbeurten,,False,,,,,,True,AH,https://www.ah.nl/producten/product/wi505224,2026-08-12,AH Washing Capsules 3-in-1 color,households
618349,0,AH Vuilnisemmerzakken 35L 3-pack,AH,huishouden,Huishouden,Pedaalemmerzakken,6.04,6.57,8.0,8% volume voordeel,,,3 stuks,,True,AHOO,8% volume voordeel,2026-08-12,2999-12-31,,True,AH,https://www.ah.nl/producten/product/wi618349,2026-08-12,AH Vuilnisemmerzakken 35L 3-pack,households
162362,631309,AH Allesreiniger eucalyptus,AH,huishouden,Huishouden,Allesreiniger,0.69,0.69,,,,,"1,25 l",prijs per liter €0.55,False,,,,,,True,AH,https://www.ah.nl/producten/product/wi162362,2026-08-12,AH All-purpose cleaner eucalyptus,households
610201,0,Edet Kamille vochtig toiletpapier 2-pack,Edet,huishouden,Huishouden,Vochtig toiletpapier,5.38,5.98,10.0,10% volume voordeel,,,2 stuks,,True,AHOO,10% volume voordeel,2026-08-12,2999-12-31,,True,AH,https://www.ah.nl/producten/product/wi610201,2026-08-12,Edet Kamille vochtig toiletpapier 2-pack,households
617910,0,AH Afwasborstel lang 4-pack,AH,huishouden,Huishouden,Afwasborstels,4.39,5.16,15.0,15% volume voordeel,,,4 stuks,,True,AHOO,15% volume voordeel,2026-08-12,2999-12-31,,True,AH,https://www.ah.nl/producten/product/wi617910,2026-08-12,AH Dishwashing brush long 4-pack,households
587719,32984,Dreft Quickwash original vloeibaar afwasmiddel,Dreft,huishouden,Huishouden,Afwasmiddel,4.39,4.39,,,,,"0,52 l",prijs per liter €8.44,False,,,,,,True,AH,https://www.ah.nl/producten/product/wi587719,2026-08-12,Dreft Quickwash original liquid dishwashing liquid,households
610202,0,Edet Kamille vochtig toiletpapier 4-pack,Edet,huishouden,Huishouden,Vochtig toiletpapier,9.57,11.96,20.0,20% volume voordeel,,,4 stuks,,True,AHOO,20% volume voordeel,2026-08-12,2999-12-31,,True,AH,https://www.ah.nl/producten/product/wi610202,2026-08-12,Edet Kamille moist toilet paper 4-pack,households
587704,32965,Antikal Original spray,Antikal,huishouden,Huishouden,Anti-kalkmiddel,5.99,5.99,,,,,"0,8 l",prijs per liter €7.49,False,,,,,,True,AH,https://www.ah.nl/producten/product/wi587704,2026-08-12,Antikal Original spray,households
613454,70054,Edet Simply strong keukenpapier,Edet,huishouden,Huishouden,Keukenpapier,3.99,3.99,,1 + 1 gratis,,1.0,3 stuks,,True,AH,1 + 1 gratis,2026-08-10,2026-08-16,,True,AH,https://www.ah.nl/producten/product/wi613454,2026-08-12,Edet Simply strong kitchen paper,households
610203,0,Edet Kamille vochtig toiletpapier 6-pack,Edet,huishouden,Huishouden,Vochtig toiletpapier,12.56,17.94,30.0,30% volume voordeel,,,6 stuks,,True,AHOO,30% volume voordeel,2026-08-12,2999-12-31,,True,AH,https://www.ah.nl/producten/product/wi610203,2026-08-12,Edet Kamille vochtig toiletpapier 6-pack,households
619787,0,AH Pedaalemmerzak trekband lavendel 35l 2pk,AH,huishouden,Huishouden,Treksluitzakken,4.16,4.38,5.0,5% volume voordeel,,,2 stuks,,True,AHOO,5% volume voordeel,2026-08-12,2999-12-31,,True,AH,https://www.ah.nl/producten/product/wi619787,2026-08-12,AH Pedaalemmerzak trekband lavendel 35l 2pk,households
161661,537464,Finish Integrale machinereiniger,Finish,huishouden,Huishouden,Vaatwasmachine reiniger,5.29,5.29,,,,,250 ml,prijs per liter €21.16,False,,,,,,True,AH,https://www.ah.nl/producten/product/wi161661,2026-08-12,Finish Integral machine cleaner,households
451251,588137,Vanish Vlekverwijderaar spray,Vanish,huishouden,Huishouden,Vlekverwijderaars,7.99,7.99,,1 + 1 gratis,,1.0,"0,5 l",normale prijs per liter €15.98,True,AH,1 + 1 gratis,2026-08-10,2026-08-16,,True,AH,https://www.ah.nl/producten/product/wi451251,2026-08-12,Vanish Stain remover spray,households
161492,628790,Glassex Glas en multi schoonmaakspray,Glassex,huishouden,Huishouden,Glasreiniger en reinigingsspray,3.29,3.29,,,,,"0,75 l",prijs per liter €4.39,False,,,,,,True,AH,https://www.ah.nl/producten/product/wi161492,2026-08-12,Glassex Glass and multi cleaning spray,households
610206,0,Edet Limited edition vochtig toiletpapier 6pk,Edet,huishouden,Huishouden,Vochtig toiletpapier,12.56,17.94,30.0,30% volume voordeel,,,6 stuks,,True,AHOO,30% volume voordeel,2026-08-12,2999-12-31,,True,AH,https://www.ah.nl/producten/product/wi610206,2026-08-12,Edet Limited edition moist toilet paper 6pk,households
570810,11114,AH Wasmiddel kleur rozen & zomerfruit,AH,huishouden,Huishouden,Vloeibaar wasmiddel,3.99,3.99,,,,,25 wasbeurten,,False,,,,,,True,AH,https://www.ah.nl/producten/product/wi570810,2026-08-12,AH Detergent color roses & summer fruit,households
583312,25977,AH Wasverzachter geconcentreerd lentefris,AH,huishouden,Huishouden,Wasverzachters,1.69,1.69,,,,,30 wasbeurten,,False,,,,,,True,AH,https://www.ah.nl/producten/product/wi583312,2026-08-12,AH Fabric softener concentrated spring fresh,households
610204,0,Edet Limited edition vochtig toiletpapier 2pk,Edet,huishouden,Huishouden,Vochtig toiletpapier,5.38,5.98,10.0,10% volume voordeel,,,2 stuks,,True,AHOO,10% volume voordeel,2026-08-12,2999-12-31,,True,AH,https://www.ah.nl/producten/product/wi610204,2026-08-12,Edet Limited edition vochtig toiletpapier 2pk,households
232367,825038,Nalys Blitz huishoudrol,Nalys,huishouden,Huishouden,Keukenpapier,4.29,4.29,,,,,per stuk,,False,,,,,,True,AH,https://www.ah.nl/producten/product/wi232367,2026-08-12,Nalys Blitz household roll,households
610426,0,Nalys Blitz huishoudrol 2-pack,Nalys,huishouden,Huishouden,Keukenpapier,7.29,8.58,15.0,15% volume voordeel,,,2 stuks,,True,AHOO,15% volume voordeel,2026-08-12,2999-12-31,,True,AH,https://www.ah.nl/producten/product/wi610426,2026-08-12,Nalys Blitz household roll 2-pack,households
610205,0,Edet Limited edition vochtig toiletpapier 4pk,Edet,huishouden,Huishouden,Vochtig toiletpapier,9.57,11.96,20.0,20% volume voordeel,,,4 stuks,,True,AHOO,20% volume voordeel,2026-08-12,2999-12-31,,True,AH,https://www.ah.nl/producten/product/wi610205,2026-08-12,Edet Limited edition moist toilet paper 4pk,households
455383,612552,Witte Reus Toiletblok kracht actief munt eucalyptus,Witte Reus,huishouden,Huishouden,Toiletblokken,3.99,3.99,,,,,per stuk,,False,,,,,,True,AH,https://www.ah.nl/producten/product/wi455383,2026-08-12,White Giant Toilet block power active mint eucalyptus,households
483397,737927,AH Kleur beschermer doekjes,AH,huishouden,Huishouden,Kleurdoekjes,1.89,1.89,,,,,24 wasbeurten,,False,,,,,,True,AH,https://www.ah.nl/producten/product/wi483397,2026-08-12,AH Color protector wipes,households
570816,11120,AH Puur vloeibaar wasmiddel kleur,AH,huishouden,Huishouden,Vloeibaar wasmiddel,3.99,3.99,,,,,25 wasbeurten,,False,,,,,,True,AH,https://www.ah.nl/producten/product/wi570816,2026-08-12,AH Puur vloeibaar wasmiddel kleur,households
590113,36389,Robijn Wasverzachter zwitsal,Robijn,huishouden,Huishouden,Wasverzachters,7.89,7.89,,1 + 1 gratis,,1.0,38 wasbeurten,,True,AH,1 + 1 gratis,2026-08-10,2026-08-16,,True,AH,https://www.ah.nl/producten/product/wi590113,2026-08-12,Robijn Fabric softener Zwitsal,households
608852,0,Robijn Wasverzachter zwitsal 2-pack,Robijn,huishouden,Huishouden,Wasverzachters,7.89,15.78,50.0,pakketkorting,,,2 stuks,,True,AHOO,,2026-08-12,2026-08-16,,True,AH,https://www.ah.nl/producten/product/wi608852,2026-08-12,Robijn Fabric Softener Zwitsal 2-pack,households
617909,0,AH Afwasborstel lang 3-pack,AH,huishouden,Huishouden,Afwasborstels,3.48,3.87,10.0,10% volume voordeel,,,3 stuks,,True,AHOO,10% volume voordeel,2026-08-12,2999-12-31,,True,AH,https://www.ah.nl/producten/product/wi617909,2026-08-12,AH Dishwashing brush long 3-pack,households
608853,0,Robijn Wasverzachter zwitsal 4-pack,Robijn,huishouden,Huishouden,Wasverzachters,15.78,31.56,50.0,pakketkorting,,,4 stuks,,True,AHOO,,2026-08-12,2026-08-16,,True,AH,https://www.ah.nl/producten/product/wi608853,2026-08-12,Robijn Fabric Softener Zwitsal 4-pack,households
608854,0,Robijn Wasverzachter zwitsal 8-pack,Robijn,huishouden,Huishouden,Wasverzachters,31.56,63.12,50.0,pakketkorting,,,8 stuks,,True,AHOO,50% volume voordeel,2026-08-12,2026-08-16,,True,AH,https://www.ah.nl/producten/product/wi608854,2026-08-12,Robijn Fabric Softener Zwitsal 8-pack,households
625716,0,Robijn Wasverzachter zwitsal 3-pack,Robijn,huishouden,Huishouden,Wasverzachters,15.78,23.67,33.3,pakketkorting,,,3 stuks,,True,AHOO,,2026-08-12,2026-08-16,,True,AH,https://www.ah.nl/producten/product/wi625716,2026-08-12,Robijn Fabric Softener Zwitsal 3-pack,households
619788,0,AH Pedaalemmerzak trekband lavendel 35l 3pk,AH,huishouden,Huishouden,Treksluitzakken,5.91,6.57,10.0,10% volume voordeel,,,3 stuks,,True,AHOO,10% volume voordeel,2026-08-12,2999-12-31,,True,AH,https://www.ah.nl/producten/product/wi619788,2026-08-12,AH Pedal bin bag drawstring lavender 35l 3pk,households
134295,11112,AH Wasmiddel kleur jasmijn & citrus,AH,huishouden,Huishouden,Vloeibaar wasmiddel,3.99,3.99,,,,,25 wasbeurten,,False,,,,,,True,AH,https://www.ah.nl/producten/product/wi134295,2026-08-12,AH Detergent color jasmine & citrus,households
608675,0,Glorix Glorix pink flower bleek 4-pack,Glorix,huishouden,Huishouden,Bleekmiddel,7.47,9.96,25.0,25% volume voordeel,,,4 stuks,,True,AHOO,25% volume voordeel,2026-08-12,2999-12-31,,True,AH,https://www.ah.nl/producten/product/wi608675,2026-08-12,Glorix Glorix pink flower pale 4-pack,households
236734,830072,WC-Eend Wc eend action gel citrus,WC-Eend,huishouden,Huishouden,Toiletgel,3.75,3.75,,,,,"0,75 l",prijs per liter €5.00,False,,,,,,True,AH,https://www.ah.nl/producten/product/wi236734,2026-08-12,Toilet Duck Toilet duck action gel citrus,households
470847,722702,AH Vloeibare vaatwas machinereiniger,AH,huishouden,Huishouden,Vaatwasmachine reiniger,1.49,1.49,,,,,250 ml,prijs per liter €5.96,False,,,,,,True,AH,https://www.ah.nl/producten/product/wi470847,2026-08-12,AH Liquid dishwasher machine cleaner,households
496503,788186,Page Compleet schoon toiletpapier,Page,huishouden,Huishouden,Toiletpapier - 3 laags,4.49,4.49,,,,,6 stuks,,False,,,,,,True,AH,https://www.ah.nl/producten/product/wi496503,2026-08-12,Page Completely clean toilet paper,households
621109,0,AH Trekbandzak pmd 60 liter 4-pack,AH,huishouden,Huishouden,Treksluitzakken,4.89,5.56,12.0,12% volume voordeel,,,4 stuks,,True,AHOO,12% volume voordeel,2026-08-12,2999-12-31,,True,AH,https://www.ah.nl/producten/product/wi621109,2026-08-12,AH Drawstring bag pmd 60 liters 4-pack,households
226741,820739,Tricel Zilver soda,Tricel,huishouden,Huishouden,Soda,1.25,1.25,,,,,1 kg,prijs per kg €1.25,False,,,,,,True,AH,https://www.ah.nl/producten/product/wi226741,2026-08-12,Tricel Silver soda,households
590119,36397,Robijn Wasverzachter tropical,Robijn,huishouden,Huishouden,Wasverzachters,7.89,7.89,,1 + 1 gratis,,1.0,38 wasbeurten,,True,AH,1 + 1 gratis,2026-08-10,2026-08-16,,True,AH,https://www.ah.nl/producten/product/wi590119,2026-08-12,Robijn Wasverzachter tropical,households
608676,0,Glorix Glorix pink flower bleek 6-pack,Glorix,huishouden,Huishouden,Bleekmiddel,10.46,14.94,30.0,30% volume voordeel,,,6 stuks,,True,AHOO,30% volume voordeel,2026-08-12,2999-12-31,,True,AH,https://www.ah.nl/producten/product/wi608676,2026-08-12,Glorix Glorix pink flower pale 6-pack,households
608849,0,Robijn Wasverzachter tropical 2-pack,Robijn,huishouden,Huishouden,Wasverzachters,7.89,15.78,50.0,pakketkorting,,,2 stuks,,True,AHOO,,2026-08-12,2026-08-16,,True,AH,https://www.ah.nl/producten/product/wi608849,2026-08-12,Robijn Fabric softener tropical 2-pack,households
211030,806413,Robijn Klein & krachtig stralend wit wasmiddel,Robijn,huishouden,Huishouden,Vloeibaar wasmiddel,17.99,17.99,,1 + 1 gratis,,1.0,22 wasbeurten,,True,AH,1 + 1 gratis,2026-08-10,2026-08-16,,True,AH,https://www.ah.nl/producten/product/wi211030,2026-08-12,Robijn Klein & powerful radiant white detergent,households
166518,640780,Dettol Desinfecterende multi-oppervlakken spray,Dettol,huishouden,Huishouden,Badkamerreiniger,3.99,3.99,,,,,"0,5 l",prijs per liter €7.98,False,,,,,,True,AH,https://www.ah.nl/producten/product/wi166518,2026-08-12,Dettol Disinfectant multi-surface spray,households
454837,602743,Glorix Power 5+ ocean wc-blok,Glorix,huishouden,Huishouden,Toiletblokken,3.65,3.65,,2 + 4 GRATIS,,2.0,per stuk,,True,AH,2 + 4 GRATIS,2026-08-10,2026-08-16,,True,AH,https://www.ah.nl/producten/product/wi454837,2026-08-12,Glorix Power 5+ ocean wc-blok,households
608850,0,Robijn Wasverzachter tropical 4-pack,Robijn,huishouden,Huishouden,Wasverzachters,15.78,31.56,50.0,pakketkorting,,,4 stuks,,True,AHOO,,2026-08-12,2026-08-16,,True,AH,https://www.ah.nl/producten/product/wi608850,2026-08-12,Robijn Wasverzachter tropical 4-pack,households
608851,0,Robijn Wasverzachter tropical 8-pack,Robijn,huishouden,Huishouden,Wasverzachters,31.56,63.12,50.0,pakketkorting,,,8 stuks,,True,AHOO,50% volume voordeel,2026-08-12,2026-08-16,,True,AH,https://www.ah.nl/producten/product/wi608851,2026-08-12,Robijn Fabric softener tropical 8-pack,households
625104,0,Glorix Power 5+ ocean wc-blok 2-pack,Glorix,huishouden,Huishouden,Toiletblokken,5.84,7.3,20.0,20% volume voordeel,,,2 stuks,,True,AH,20% volume voordeel,,,,True,AH,https://www.ah.nl/producten/product/wi625104,2026-08-12,Glorix Power 5+ ocean toilet block 2-pack,households
625721,0,Robijn Wasverzachter tropical 3-pack,Robijn,huishouden,Huishouden,Wasverzachters,15.78,23.67,33.3,pakketkorting,,,3 stuks,,True,AHOO,,2026-08-12,2026-08-16,,True,AH,https://www.ah.nl/producten/product/wi625721,2026-08-12,Robijn Fabric softener tropical 3-pack,households
371513,836572,Swiffer Duster navulling,Swiffer,huishouden,Huishouden,Doekjes,9.99,9.99,,,,,7 stuks,,False,,,,,,True,AH,https://www.ah.nl/producten/product/wi371513,2026-08-12,Swiffer Duster refill,households
625105,0,Glorix Power 5+ ocean wc-blok 6-pack,Glorix,huishouden,Huishouden,Toiletblokken,7.3,21.9,66.7,pakketkorting,,,6 stuks,,True,AHOO,,2026-08-12,2026-08-16,,True,AH,https://www.ah.nl/producten/product/wi625105,2026-08-12,Glorix Power 5+ ocean toilet block 6-pack,households
625106,0,Glorix Power 5+ ocean wc-blok 9-pack,Glorix,huishouden,Huishouden,Toiletblokken,18.25,32.85,44.4,pakketkorting,,,9 stuks,,True,AHOO,,2026-08-12,2026-08-16,,True,AH,https://www.ah.nl/producten/product/wi625106,2026-08-12,Glorix Power 5+ ocean toilet block 9-pack,households
226732,820726,Cif Schuurmiddel citroen cream,Cif,huishouden,Huishouden,Schuurmiddel,2.89,2.89,,,,,"0,75 l",prijs per liter €3.85,False,,,,,,True,AH,https://www.ah.nl/producten/product/wi226732,2026-08-12,Cif Schuurmiddel citroen cream,households
405202,851958,AH Vochtig toiletpapier alo vera,AH,huishouden,Huishouden,Vochtig toiletpapier,0.99,0.99,,,,,40 stuks,,False,,,,,,True,AH,https://www.ah.nl/producten/product/wi405202,2026-08-12,AH Moist toilet paper alo vera,households
2884,30635,Driehoek Vloeibare zeep,Driehoek,huishouden,Huishouden,Vloeibare schoonmaakzeep,1.95,1.95,,,,,"0,73 l",prijs per liter €2.69,False,,,,,,True,AH,https://www.ah.nl/producten/product/wi2884,2026-08-12,Triangle Liquid soap,households
608808,0,Robijn K&K stralend wit wasmiddel 4-pack,Robijn,huishouden,Huishouden,Vloeibaar wasmiddel,35.98,71.96,50.0,pakketkorting,,,4 stuks,,True,AHOO,,2026-08-12,2026-08-16,,True,AH,https://www.ah.nl/producten/product/wi608808,2026-08-12,Robijn K&K stralend wit wasmiddel 4-pack,households
220228,814178,Dettol Allesreiniger spray sprankelende citroen,Dettol,huishouden,Huishouden,Glasreiniger en reinigingsspray,3.99,3.99,,,,,"0,5 l",prijs per liter €7.98,False,,,,,,True,AH,https://www.ah.nl/producten/product/wi220228,2026-08-12,Dettol All-purpose cleaner spray sparkling lemon,households
496088,793055,Dettol Antibacteriële schoonmaakdoekjes citroen,Dettol,huishouden,Huishouden,Vochtige doekjes,5.99,5.99,,,,,110 stuks,,False,,,,,,True,AH,https://www.ah.nl/producten/product/wi496088,2026-08-12,Dettol Antibacterial cleaning wipes lemon,households
608809,0,Robijn K&K stralend wit wasmiddel 6-pack,Robijn,huishouden,Huishouden,Vloeibaar wasmiddel,53.97,107.94,50.0,pakketkorting,,,6 stuks,,True,AHOO,,2026-08-12,2026-08-16,,True,AH,https://www.ah.nl/producten/product/wi608809,2026-08-12,Robijn K&K radiant white detergent 6-pack,households
417027,680147,Page Kussenzacht toiletpapier voordeelpak,Page,huishouden,Huishouden,Toiletpapier - 3 laags,8.49,8.49,,,,,12 stuks,,False,,,,,,True,AH,https://www.ah.nl/producten/product/wi417027,2026-08-12,Page Cushion-soft toilet paper value pack,households
579830,0,Robijn K&K stralend wit wasmiddel 2-pack,Robijn,huishouden,Huishouden,Vloeibaar wasmiddel,17.99,35.98,50.0,pakketkorting,,,2 stuks,,True,AHOO,,2026-08-12,2026-08-16,,True,AH,https://www.ah.nl/producten/product/wi579830,2026-08-12,Robijn K&K radiant white detergent 2-pack,households
428778,696357,AH Vochtig toiletpapier soft,AH,huishouden,Huishouden,Vochtig toiletpapier,0.99,0.99,,,,,40 stuks,,False,,,,,,True,AH,https://www.ah.nl/producten/product/wi428778,2026-08-12,AH Moist toilet paper soft,households
489318,743103,AH Zeemineralen & cederhout luchtverfrisser,AH,huishouden,Huishouden,Luchtverfrissers woonkamer,1.99,1.99,,,,,250 ml,prijs per liter €7.96,False,,,,,,True,AH,https://www.ah.nl/producten/product/wi489318,2026-08-12,AH Sea minerals & cedarwood air freshener,households
232365,825036,Page Vochtig compleet schoon maxi pack,Page,huishouden,Huishouden,Vochtig toiletpapier,3.69,3.69,,,,,74 stuks,,False,,,,,,True,AH,https://www.ah.nl/producten/product/wi232365,2026-08-12,Page Moist completely clean maxi pack,households
417026,848937,Page Kussenzacht toiletpapier,Page,huishouden,Huishouden,Toiletpapier - 3 laags,4.39,4.39,,,,,6 stuks,,False,,,,,,True,AH,https://www.ah.nl/producten/product/wi417026,2026-08-12,Page Kussenzacht toiletpapier,households
570815,11119,AH Wasmiddel zwart & donker,AH,huishouden,Huishouden,Vloeibaar wasmiddel,2.39,2.39,,,,,25 wasbeurten,,False,,,,,,True,AH,https://www.ah.nl/producten/product/wi570815,2026-08-12,AH Wasmiddel zwart & donker,households
517461,560173,Sun Optimum machinereiniger,Sun,huishouden,Huishouden,Vaatwasmachine reiniger,4.99,4.99,,,,,3 stuks,,False,,,,,,True,AH,https://www.ah.nl/producten/product/wi517461,2026-08-12,Sun Optimum machine cleaner,households
481824,736524,AH Latex handschoenen one size,AH,huishouden,Huishouden,Klus- en schoonmaak handschoenen,1.99,1.99,,,,,20 stuks,,False,,,,,,True,AH,https://www.ah.nl/producten/product/wi481824,2026-08-12,AH Latex gloves one size,households
590110,36386,Robijn Wasverzachter pink sensation,Robijn,huishouden,Huishouden,Wasverzachters,7.35,7.35,,1 + 1 gratis,,1.0,39 wasbeurten,,True,AH,1 + 1 gratis,2026-08-10,2026-08-16,,True,AH,https://www.ah.nl/producten/product/wi590110,2026-08-12,Robijn Fabric softener pink sensation,households
59931,14825,Tempo Original 4-laags zakdoeken,Tempo,huishouden,Huishouden,Zakdoekjes,2.69,2.69,,,,,10 x 10 stuks,,False,,,,,,True,AH,https://www.ah.nl/producten/product/wi59931,2026-08-12,Tempo Original 4-ply handkerchiefs,households
608623,0,Cif Schuurmiddel citroen cream 2-pack,Cif,huishouden,Huishouden,Schuurmiddel,5.2,5.78,10.0,10% volume voordeel,,,2 stuks,,True,AHOO,10% volume voordeel,2026-08-12,2999-12-31,,True,AH,https://www.ah.nl/producten/product/wi608623,2026-08-12,Cif Abrasive lemon cream 2-pack,households
608840,0,Robijn Wasverzachter pink sensation 2-pack,Robijn,huishouden,Huishouden,Wasverzachters,7.35,14.7,50.0,pakketkorting,,,2 stuks,,True,AHOO,,2026-08-12,2026-08-16,,True,AH,https://www.ah.nl/producten/product/wi608840,2026-08-12,Robijn Fabric softener pink sensation 2-pack,households
608841,0,Robijn Wasverzachter pink sensation 4-pack,Robijn,huishouden,Huishouden,Wasverzachters,14.7,29.4,50.0,pakketkorting,,,4 stuks,,True,AHOO,,2026-08-12,2026-08-16,,True,AH,https://www.ah.nl/producten/product/wi608841,2026-08-12,Robijn Fabric softener pink sensation 4-pack,households
569302,8814,Ariel Vloeibaar color wasmiddel,Ariel,huishouden,Huishouden,Vloeibaar wasmiddel,20.99,20.99,,,,,30 wasbeurten,,False,,,,,,True,AH,https://www.ah.nl/producten/product/wi569302,2026-08-12,Ariel Liquid color detergent,households
608842,0,Robijn Wasverzachter pink sensation 8-pack,Robijn,huishouden,Huishouden,Wasverzachters,29.4,58.8,50.0,pakketkorting,,,8 stuks,,True,AHOO,50% volume voordeel,2026-08-12,2026-08-16,,True,AH,https://www.ah.nl/producten/product/wi608842,2026-08-12,Robijn Fabric softener pink sensation 8-pack,households
625724,0,Robijn Wasverzachter pink sensation 3-pack,Robijn,huishouden,Huishouden,Wasverzachters,14.7,22.05,33.3,pakketkorting,,,3 stuks,,True,AHOO,,2026-08-12,2026-08-16,,True,AH,https://www.ah.nl/producten/product/wi625724,2026-08-12,Robijn Fabric softener pink sensation 3-pack,households
217465,811679,Swirl Vuilniszakken met fixeerband 30 liter,Swirl,huishouden,Huishouden,Treksluitzakken,3.75,3.75,,,,,10 stuks,,False,,,,,,True,AH,https://www.ah.nl/producten/product/wi217465,2026-08-12,Swirl Garbage bags with fixing tape 30 liters,households
202206,798358,Toppits Super aluminium,Toppits,huishouden,Huishouden,Aluminiumfolie,4.39,4.39,,,,,10 meter,prijs per m €0.44,False,,,,,,True,AH,https://www.ah.nl/producten/product/wi202206,2026-08-12,Toppits Super aluminum,households
489316,743101,AH Jasmijn & citrus luchtverfrisser,AH,huishouden,Huishouden,Luchtverfrissers woonkamer,1.99,1.99,,,,,250 ml,prijs per liter €7.96,False,,,,,,True,AH,https://www.ah.nl/producten/product/wi489316,2026-08-12,AH Jasmijn & citrus luchtverfrisser,households
470851,722706,AH Allesreiniger bloemen & fruit spray,AH,huishouden,Huishouden,Allesreiniger,1.99,1.99,,,,,"0,75 l",prijs per liter €2.65,False,,,,,,True,AH,https://www.ah.nl/producten/product/wi470851,2026-08-12,AH Allesreiniger bloemen & fruit spray,households
111774,558990,AH Vochtige XL vloerdoeken,AH,huishouden,Huishouden,Vochtige doekjes,2.19,2.19,,,,,15 stuks,,False,,,,,,True,AH,https://www.ah.nl/producten/product/wi111774,2026-08-12,AH Damp XL floor cloths,households
556439,678344,AH Power all in 1 vaatwascapsules citroen,AH,huishouden,Huishouden,Vaatwastabletten,4.29,4.29,,,,,25 stuks,,False,,,,,,True,AH,https://www.ah.nl/producten/product/wi556439,2026-08-12,AH Power all in 1 dishwasher capsules lemon,households
548630,611564,Ariel 4-in-1 pods+ unstoppables wascapsules,Ariel,huishouden,Huishouden,Waspods,27.99,27.99,,,,,26 wasbeurten,,False,,,,,,True,AH,https://www.ah.nl/producten/product/wi548630,2026-08-12,Ariel 4-in-1 pods+ unstoppable washing capsules,households
621107,0,AH Trekbandzak pmd 60 liter 2-pack,AH,huishouden,Huishouden,Treksluitzakken,2.67,2.78,4.0,4% volume voordeel,,,2 stuks,,True,AHOO,4% volume voordeel,2026-08-12,2999-12-31,,True,AH,https://www.ah.nl/producten/product/wi621107,2026-08-12,AH Drawstring bag pmd 60 liters 2-pack,households
166348,607563,Ajax Allesreiniger fris,Ajax,huishouden,Huishouden,Allesreiniger,2.95,2.95,,,,,"1,25 l",prijs per liter €2.36,False,,,,,,True,AH,https://www.ah.nl/producten/product/wi166348,2026-08-12,Ajax All-purpose cleaner fresh,households
626057,0,Ajax Allesreiniger fris 2-pack,Ajax,huishouden,Huishouden,Allesreiniger,5.31,5.9,10.0,10% volume voordeel,,,2 stuks,,True,AHOO,10% volume voordeel,2026-08-12,2999-12-31,,True,AH,https://www.ah.nl/producten/product/wi626057,2026-08-12,Ajax All-purpose cleaner fresh 2-pack,households
605826,0,Ariel 4-in-1 pods+ unstoppables wascap 4-pack,Ariel,huishouden,Huishouden,Waspods,78.37,111.96,30.0,30% volume voordeel,,,4 stuks,,True,AHOO,30% volume voordeel,2026-08-12,2999-12-31,,True,AH,https://www.ah.nl/producten/product/wi605826,2026-08-12,Ariel 4-in-1 pods+ unstoppable washing cap 4-pack,households
626070,0,Ajax Allesreiniger fris 4-pack,Ajax,huishouden,Huishouden,Allesreiniger,9.44,11.8,20.0,20% volume voordeel,,,4 stuks,,True,AHOO,20% volume voordeel,2026-08-12,2999-12-31,,True,AH,https://www.ah.nl/producten/product/wi626070,2026-08-12,Ajax All-purpose cleaner fresh 4-pack,households
626085,0,Ajax Allesreiniger fris 6-pack,Ajax,huishouden,Huishouden,Allesreiniger,12.39,17.7,30.0,30% volume voordeel,,,6 stuks,,True,AHOO,30% volume voordeel,2026-08-12,2999-12-31,,True,AH,https://www.ah.nl/producten/product/wi626085,2026-08-12,Ajax All-purpose cleaner fresh 6-pack,households
570811,11115,AH Wasmiddel kleur zeemineralen & cederhout,AH,huishouden,Huishouden,Vloeibaar wasmiddel,3.99,3.99,,,,,25 wasbeurten,,False,,,,,,True,AH,https://www.ah.nl/producten/product/wi570811,2026-08-12,AH Detergent color sea minerals & cedar wood,households
236710,829982,Sun All-in-one citroen vaatwastabletten,Sun,huishouden,Huishouden,Vaatwastabletten,10.49,10.49,,,,,19 stuks,,False,,,,,,True,AH,https://www.ah.nl/producten/product/wi236710,2026-08-12,Sun All-in-one lemon dishwasher tablets,households
583657,27635,Edet Natural skin balance,Edet,huishouden,Huishouden,Vochtig toiletpapier,2.99,2.99,,,,,42 stuks,,False,,,,,,True,AH,https://www.ah.nl/producten/product/wi583657,2026-08-12,Edet Natural skin balance,households
625202,0,Sun All-in-one citroen tabletten 2pack,Sun,huishouden,Huishouden,Vaatwastabletten,15.73,20.98,25.0,25% volume voordeel,,,2 stuks,,True,AHOO,25% volume voordeel,2026-08-12,2999-12-31,,True,AH,https://www.ah.nl/producten/product/wi625202,2026-08-12,Sun All-in-one lemon tablets 2pack,households
625204,0,Sun All-in-one citroen tabletten 4pack,Sun,huishouden,Huishouden,Vaatwastabletten,25.18,41.96,40.0,40% volume voordeel,,,4 stuks,,True,AHOO,40% volume voordeel,2026-08-12,2999-12-31,,True,AH,https://www.ah.nl/producten/product/wi625204,2026-08-12,Sun All-in-one lemon tablets 4pack,households
623010,0,Ariel 4-in-1 pods+ unstoppable wascapsule 2pk,Ariel,huishouden,Huishouden,Waspods,47.58,55.98,15.0,15% volume voordeel,,,2 stuks,,True,AHOO,15% volume voordeel,2026-08-12,2999-12-31,,True,AH,https://www.ah.nl/producten/product/wi623010,2026-08-12,Ariel 4-in-1 pods+ unstoppable washing capsule 2pk,households
623011,0,Ariel 4-in-1 pods+ unstoppable wascapsule 6pk,Ariel,huishouden,Huishouden,Waspods,92.37,167.94,45.0,45% volume voordeel,,,6 stuks,,True,AHOO,45% volume voordeel,2026-08-12,2999-12-31,,True,AH,https://www.ah.nl/producten/product/wi623011,2026-08-12,Ariel 4-in-1 pods+ unstoppable washing capsule 6pk,households
129269,533408,WC-Eend Wc eend action gel pine,WC-Eend,huishouden,Huishouden,Toiletgel,3.75,3.75,,,,,"0,75 l",prijs per liter €5.00,False,,,,,,True,AH,https://www.ah.nl/producten/product/wi129269,2026-08-12,Toilet Duck Toilet duck action gel pine,households
503095,825876,Robijn Color wasmiddel voordeelfles,Robijn,huishouden,Huishouden,Vloeibaar wasmiddel,29.99,29.99,,1 + 1 gratis,,1.0,39 wasbeurten,,True,AH,1 + 1 gratis,2026-08-10,2026-08-16,,True,AH,https://www.ah.nl/producten/product/wi503095,2026-08-12,Robijn Color detergent value bottle,households
617237,0,AH Vochtig toiletpapier alo vera 4-pack,AH,huishouden,Huishouden,Vochtig toiletpapier,3.64,3.96,8.0,8% volume voordeel,,,4 stuks,,True,AHOO,8% volume voordeel,2026-08-12,2999-12-31,,True,AH,https://www.ah.nl/producten/product/wi617237,2026-08-12,AH Moist toilet paper alo vera 4-pack,households
583329,25998,Lenor Geurbooster gouden orchidee,Lenor,huishouden,Huishouden,Wasverzachters,11.29,11.29,,,,,240 g,prijs per kg €47.04,False,,,,,,True,AH,https://www.ah.nl/producten/product/wi583329,2026-08-12,Lenor Geurbooster gouden orchidee,households
586485,0,Lenor  Geurparels Gouden Orchidee  4-pack,Lenor,huishouden,Huishouden,Wasverzachters,31.61,45.16,30.0,30% volume voordeel,,,4 stuks,,True,AHOO,30% volume voordeel,2026-08-12,2999-12-31,,True,AH,https://www.ah.nl/producten/product/wi586485,2026-08-12,Lenor Fragrance Pearls Golden Orchid 4-pack,households
590442,0,Robijn Color wasmiddel voordeelfles 4-pack,Robijn,huishouden,Huishouden,Vloeibaar wasmiddel,59.98,119.96,50.0,pakketkorting,,,4 stuks,,True,AHOO,50% volume voordeel,2026-08-12,2026-08-16,,True,AH,https://www.ah.nl/producten/product/wi590442,2026-08-12,Robijn Color detergent value bottle 4-pack,households
136149,603223,AH Pedaalemmerzakken handvatten 16 liter,AH,huishouden,Huishouden,Pedaalemmerzakken,1.19,1.19,,,,,50 stuks,,False,,,,,,True,AH,https://www.ah.nl/producten/product/wi136149,2026-08-12,AH Pedal bin bags handles 16 liters,households
583308,25972,Robijn Wasparfum tropical,Robijn,huishouden,Huishouden,Textielverfrissers,6.99,6.99,,1 + 1 gratis,,1.0,17 wasbeurten,normale prijs per liter €20.44,True,AH,1 + 1 gratis,2026-08-10,2026-08-16,,True,AH,https://www.ah.nl/producten/product/wi583308,2026-08-12,Robijn Wasperfume tropical,households
594720,0,Robijn Color wasmiddel voordeelfles 2-pack,Robijn,huishouden,Huishouden,Vloeibaar wasmiddel,29.99,59.98,50.0,pakketkorting,,,2 stuks,,True,AHOO,,2026-08-12,2026-08-16,,True,AH,https://www.ah.nl/producten/product/wi594720,2026-08-12,Robijn Color wasmiddel voordeelfles 2-pack,households
625198,0,Robijn Wasparfum tropical 2-pack,Robijn,huishouden,Huishouden,Textielverfrissers,6.99,13.98,50.0,pakketkorting,,,2 stuks,,True,AHOO,,2026-08-12,2026-08-16,,True,AH,https://www.ah.nl/producten/product/wi625198,2026-08-12,Robijn Wash perfume tropical 2-pack,households
625199,0,Robijn Wasparfum tropical 4-pack,Robijn,huishouden,Huishouden,Textielverfrissers,13.98,27.96,50.0,pakketkorting,,,4 stuks,,True,AHOO,,2026-08-12,2026-08-16,,True,AH,https://www.ah.nl/producten/product/wi625199,2026-08-12,Robijn Wasparfum tropical 4-pack,households
617235,0,AH Vochtig toiletpapier alo vera 2-pack,AH,huishouden,Huishouden,Vochtig toiletpapier,1.92,1.98,3.0,3% volume voordeel,,,2 stuks,,True,AHOO,3% volume voordeel,2026-08-12,2999-12-31,,True,AH,https://www.ah.nl/producten/product/wi617235,2026-08-12,AH Vochtig toiletpapier alo vera 2-pack,households
598440,0,AH Latex handschoenen one size 4-pack,AH,huishouden,Huishouden,Klus- en schoonmaak handschoenen,6.77,7.96,15.0,15% volume voordeel,,,4 stuks,,True,AHOO,15% volume voordeel,2026-08-12,2999-12-31,,True,AH,https://www.ah.nl/producten/product/wi598440,2026-08-12,AH Latex gloves one size 4-pack,households
610207,0,Edet Natural skin balance 2-pack,Edet,huishouden,Huishouden,Vochtig toiletpapier,5.38,5.98,10.0,10% volume voordeel,,,2 stuks,,True,AHOO,10% volume voordeel,2026-08-12,2999-12-31,,True,AH,https://www.ah.nl/producten/product/wi610207,2026-08-12,Edet Natural skin balance 2-pack,households
617684,0,AH Vochtig toiletpapier soft 4-pack,AH,huishouden,Huishouden,Vochtig toiletpapier,3.64,3.96,8.0,8% volume voordeel,,,4 stuks,,True,AHOO,8% volume voordeel,2026-08-12,2999-12-31,,True,AH,https://www.ah.nl/producten/product/wi617684,2026-08-12,AH Moist toilet paper soft 4-pack,households
621108,0,AH Trekbandzak pmd 60 liter 3-pack,AH,huishouden,Huishouden,Treksluitzakken,3.84,4.17,8.0,8% volume voordeel,,,3 stuks,,True,AHOO,8% volume voordeel,2026-08-12,2999-12-31,,True,AH,https://www.ah.nl/producten/product/wi621108,2026-08-12,AH Drawstring bag pmd 60 liters 3-pack,households
625164,0,Robijn Color wasmiddel voordeelfles 3-pack,Robijn,huishouden,Huishouden,Vloeibaar wasmiddel,59.98,89.97,33.3,pakketkorting,,,3 stuks,,True,AHOO,,2026-08-12,2026-08-16,,True,AH,https://www.ah.nl/producten/product/wi625164,2026-08-12,Robijn Color detergent value bottle 3-pack,households
548459,531515,Robijn Wasmiddeldoekjes color,Robijn,huishouden,Huishouden,Vloeibaar wasmiddel,10.79,10.79,,1 + 1 gratis,,1.0,16 wasbeurten,,True,AH,1 + 1 gratis,2026-08-10,2026-08-16,,True,AH,https://www.ah.nl/producten/product/wi548459,2026-08-12,Robijn Detergent wipes color,households
610208,0,Edet Natural skin balance 4-pack,Edet,huishouden,Huishouden,Vochtig toiletpapier,9.57,11.96,20.0,20% volume voordeel,,,4 stuks,,True,AHOO,20% volume voordeel,2026-08-12,2999-12-31,,True,AH,https://www.ah.nl/producten/product/wi610208,2026-08-12,Edet Natural skin balance 4-pack,households
467091,718389,Robijn 3-in-1 Wascapsules color,Robijn,huishouden,Huishouden,Waspods,9.49,9.49,,1 + 1 gratis,,1.0,15 wasbeurten,,True,AH,1 + 1 gratis,2026-08-10,2026-08-16,,True,AH,https://www.ah.nl/producten/product/wi467091,2026-08-12,Robijn 3-in-1 Wascapsules color,households
608624,0,Cif Schuurmiddel citroen cream 4-pack,Cif,huishouden,Huishouden,Schuurmiddel,9.25,11.56,20.0,20% volume voordeel,,,4 stuks,,True,AHOO,20% volume voordeel,2026-08-12,2999-12-31,,True,AH,https://www.ah.nl/producten/product/wi608624,2026-08-12,Cif Abrasive lemon cream 4-pack,households
608625,0,Cif Schuurmiddel citroen cream 6-pack,Cif,huishouden,Huishouden,Schuurmiddel,13.0,17.34,25.0,25% volume voordeel,,,6 stuks,,True,AHOO,25% volume voordeel,2026-08-12,2999-12-31,,True,AH,https://www.ah.nl/producten/product/wi608625,2026-08-12,Cif Abrasive lemon cream 6-pack,households
625146,0,Robijn 3-in-1 Wascapsules color 2-pack,Robijn,huishouden,Huishouden,Waspods,9.49,18.98,50.0,pakketkorting,,,2 stuks,,True,AHOO,,2026-08-12,2026-08-16,,True,AH,https://www.ah.nl/producten/product/wi625146,2026-08-12,Robijn 3-in-1 Washing Capsules color 2-pack,households
610209,0,Edet Natural skin balance 6-pack,Edet,huishouden,Huishouden,Vochtig toiletpapier,12.56,17.94,30.0,30% volume voordeel,,,6 stuks,,True,AHOO,30% volume voordeel,2026-08-12,2999-12-31,,True,AH,https://www.ah.nl/producten/product/wi610209,2026-08-12,Edet Natural skin balance 6-pack,households
625147,0,Robijn 3-in-1 Wascapsules color 3-pack,Robijn,huishouden,Huishouden,Waspods,18.98,28.47,33.3,pakketkorting,,,3 stuks,,True,AHOO,,2026-08-12,2026-08-16,,True,AH,https://www.ah.nl/producten/product/wi625147,2026-08-12,Robijn 3-in-1 Washing Capsules color 3-pack,households
625148,0,Robijn 3-in-1 Wascapsules color 4-pack,Robijn,huishouden,Huishouden,Waspods,18.98,37.96,50.0,pakketkorting,,,4 stuks,,True,AHOO,50% volume voordeel,2026-08-12,2026-08-16,,True,AH,https://www.ah.nl/producten/product/wi625148,2026-08-12,Robijn 3-in-1 Washing Capsules color 4-pack,households
155421,579965,AH Afwasborstel hout,AH,huishouden,Huishouden,Afwasborstels,1.29,1.29,,,,,per stuk,,False,,,,,,True,AH,https://www.ah.nl/producten/product/wi155421,2026-08-12,AH Afwasborstel hout,households
163696,634410,Ajax Lentebloem allesreiniger,Ajax,huishouden,Huishouden,Allesreiniger,2.95,2.95,,,,,1 l,prijs per liter €2.95,False,,,,,,True,AH,https://www.ah.nl/producten/product/wi163696,2026-08-12,Ajax Lentebloem all-purpose cleaner,households
164895,616338,Finish Glansspoelmiddel,Finish,huishouden,Huishouden,Vaatwaspoeder en glansspoelmiddel,4.29,4.29,,,,,400 ml,prijs per liter €10.73,False,,,,,,True,AH,https://www.ah.nl/producten/product/wi164895,2026-08-12,Finish Rinse aid,households
165970,639009,Broxomatic Vaatwasmachinezout,Broxomatic,huishouden,Huishouden,Vaatwasmachine reiniger,1.19,1.19,,,,,900 g,prijs per kg €1.32,False,,,,,,True,AH,https://www.ah.nl/producten/product/wi165970,2026-08-12,Broxomatic Dishwasher salt,households
590171,36385,Robijn Wasverzachter jasmijn & sandelhout,Robijn,huishouden,Huishouden,Wasverzachters,7.35,7.35,,1 + 1 gratis,,1.0,39 wasbeurten,,True,AH,1 + 1 gratis,2026-08-10,2026-08-16,,True,AH,https://www.ah.nl/producten/product/wi590171,2026-08-12,Robijn Fabric softener jasmine & sandalwood,households
626056,0,Ajax Lentebloem allesreiniger 2-pack,Ajax,huishouden,Huishouden,Allesreiniger,5.31,5.9,10.0,10% volume voordeel,,,2 stuks,,True,AHOO,10% volume voordeel,2026-08-12,2999-12-31,,True,AH,https://www.ah.nl/producten/product/wi626056,2026-08-12,Ajax Lentebloem all-purpose cleaner 2-pack,households
590117,36395,Robijn Wasverzachter beautiful mystery,Robijn,huishouden,Huishouden,Wasverzachters,7.89,7.89,,1 + 1 gratis,,1.0,38 wasbeurten,,True,AH,1 + 1 gratis,2026-08-10,2026-08-16,,True,AH,https://www.ah.nl/producten/product/wi590117,2026-08-12,Robijn Wasverzachter beautiful mystery,households
608819,0,Robijn Wasverzachter beautiful mystery 2-pack,Robijn,huishouden,Huishouden,Wasverzachters,7.89,15.78,50.0,pakketkorting,,,2 stuks,,True,AHOO,,2026-08-12,2026-08-16,,True,AH,https://www.ah.nl/producten/product/wi608819,2026-08-12,Robijn Fabric Softener beautiful mystery 2-pack,households
228636,822500,Shout Vlekkenspray,Shout,huishouden,Huishouden,Vlekverwijderaars,4.39,4.39,,1 + 1 gratis,,1.0,"0,5 l",normale prijs per liter €8.78,True,AH,1 + 1 gratis,2026-08-10,2026-08-16,,True,AH,https://www.ah.nl/producten/product/wi228636,2026-08-12,Shout Stain Spray,households
626069,0,Ajax Lentebloem allesreiniger 4-pack,Ajax,huishouden,Huishouden,Allesreiniger,9.44,11.8,20.0,20% volume voordeel,,,4 stuks,,True,AHOO,20% volume voordeel,2026-08-12,2999-12-31,,True,AH,https://www.ah.nl/producten/product/wi626069,2026-08-12,Ajax Lentebloem all-purpose cleaner 4-pack,households
626084,0,Ajax Lentebloem allesreiniger 6-pack,Ajax,huishouden,Huishouden,Allesreiniger,12.39,17.7,30.0,30% volume voordeel,,,6 stuks,,True,AHOO,30% volume voordeel,2026-08-12,2999-12-31,,True,AH,https://www.ah.nl/producten/product/wi626084,2026-08-12,Ajax Lentebloem allesreiniger 6-pack,households
170699,602930,AH Afwasborstel met zuignap,AH,huishouden,Huishouden,Afwasborstels,1.59,1.59,,,,,per stuk,,False,,,,,,True,AH,https://www.ah.nl/producten/product/wi170699,2026-08-12,AH Dishwashing brush with suction cup,households
547684,732401,Dreft Afwasmiddel platinum quick wash lemon,Dreft,huishouden,Huishouden,Afwasmiddel,2.99,2.99,,,,,350 ml,prijs per liter €8.54,False,,,,,,True,AH,https://www.ah.nl/producten/product/wi547684,2026-08-12,Dreft Dishwashing liquid platinum quick wash lemon,households
597526,0,AH Afwasborstel met zuignap 2-pack,AH,huishouden,Huishouden,Afwasborstels,3.02,3.18,5.0,5% volume voordeel,,,2 stuks,,True,AHOO,5% volume voordeel,2026-08-12,2999-12-31,,True,AH,https://www.ah.nl/producten/product/wi597526,2026-08-12,AH Dishwashing brush with suction cup 2-pack,households
608820,0,Robijn Wasverzachter beautiful mystery 4-pack,Robijn,huishouden,Huishouden,Wasverzachters,15.78,31.56,50.0,pakketkorting,,,4 stuks,,True,AHOO,,2026-08-12,2026-08-16,,True,AH,https://www.ah.nl/producten/product/wi608820,2026-08-12,Robijn Fabric Softener beautiful mystery 4-pack,households
608821,0,Robijn Wasverzachter beautiful mystery 8-pack,Robijn,huishouden,Huishouden,Wasverzachters,31.56,63.12,50.0,pakketkorting,,,8 stuks,,True,AHOO,50% volume voordeel,2026-08-12,2026-08-16,,True,AH,https://www.ah.nl/producten/product/wi608821,2026-08-12,Robijn Wasverzachter beautiful mystery 8-pack,households
625720,0,Robijn Wasverzachter beautiful mystery 3-pack,Robijn,huishouden,Huishouden,Wasverzachters,15.78,23.67,33.3,pakketkorting,,,3 stuks,,True,AHOO,,2026-08-12,2026-08-16,,True,AH,https://www.ah.nl/producten/product/wi625720,2026-08-12,Robijn Fabric Softener beautiful mystery 3-pack,households
194563,797813,Neutral Wasmiddel colour sensitive skin,Neutral,huishouden,Huishouden,Hypoallergeen wasmiddel,7.75,7.75,,,,,20 wasbeurten,,False,,,,,,True,AH,https://www.ah.nl/producten/product/wi194563,2026-08-12,Neutral Detergent color sensitive skin,households
608825,0,Robijn Wasverzachter jasmijn sandelhout 2-pack,Robijn,huishouden,Huishouden,Wasverzachters,7.35,14.7,50.0,pakketkorting,,,2 stuks,,True,AHOO,,2026-08-12,2026-08-16,,True,AH,https://www.ah.nl/producten/product/wi608825,2026-08-12,Robijn Wasverzachter jasmijn sandelhout 2-pack,households
608826,0,Robijn Wasverzachter jasmijn sandelhout 4-pack,Robijn,huishouden,Huishouden,Wasverzachters,14.7,29.4,50.0,pakketkorting,,,4 stuks,,True,AHOO,,2026-08-12,2026-08-16,,True,AH,https://www.ah.nl/producten/product/wi608826,2026-08-12,Robijn Wasverzachter jasmijn sandelhout 4-pack,households
617682,0,AH Vochtig toiletpapier soft 2-pack,AH,huishouden,Huishouden,Vochtig toiletpapier,1.92,1.98,3.0,3% volume voordeel,,,2 stuks,,True,AHOO,3% volume voordeel,2026-08-12,2999-12-31,,True,AH,https://www.ah.nl/producten/product/wi617682,2026-08-12,AH Moist toilet paper soft 2-pack,households
584470,27630,AH Eco Keukenpapier extra sterk 2=4 rollen,AH,huishouden,Huishouden,Keukenpapier,2.69,2.69,,,,,2 stuks,,False,,,,,,True,AH,https://www.ah.nl/producten/product/wi584470,2026-08-12,AH Eco Keukenpapier extra sterk 2=4 rollen,households
191924,806411,Robijn Klein & krachtig black velvet wasmiddel,Robijn,huishouden,Huishouden,Vloeibaar wasmiddel,17.99,17.99,,1 + 1 gratis,,1.0,22 wasbeurten,,True,AH,1 + 1 gratis,2026-08-10,2026-08-16,,True,AH,https://www.ah.nl/producten/product/wi191924,2026-08-12,Robijn Klein & powerful black velvet detergent,households
80158,544219,AH Afwasborstel luxe,AH,huishouden,Huishouden,Afwasborstels,1.99,1.99,,,,,per stuk,,False,,,,,,True,AH,https://www.ah.nl/producten/product/wi80158,2026-08-12,AH Luxury dishwashing brush,households
608827,0,Robijn Wasverzachter jasmijn sandelhout 8-pack,Robijn,huishouden,Huishouden,Wasverzachters,29.4,58.8,50.0,pakketkorting,,,8 stuks,,True,AHOO,50% volume voordeel,2026-08-12,2026-08-16,,True,AH,https://www.ah.nl/producten/product/wi608827,2026-08-12,Robijn Wasverzachter jasmijn sandelhout 8-pack,households
625723,0,Robijn Wasverzachter jasmijn&sandelhout 3-pack,Robijn,huishouden,Huishouden,Wasverzachters,14.7,22.05,33.3,pakketkorting,,,3 stuks,,True,AHOO,,2026-08-12,2026-08-16,,True,AH,https://www.ah.nl/producten/product/wi625723,2026-08-12,Robijn Fabric softener jasmine & sandalwood 3-pack,households
583331,26000,Lenor Light geurbooster katoen fris,Lenor,huishouden,Huishouden,Wasverzachters,12.29,12.29,,,,,240 g,prijs per kg €51.21,False,,,,,,True,AH,https://www.ah.nl/producten/product/wi583331,2026-08-12,Lenor Light fragrance booster cotton fresh,households
605857,0,Lenor Light geurbooster katoen fris 4-pack,Lenor,huishouden,Huishouden,Wasverzachters,34.41,49.16,30.0,30% volume voordeel,,,4 stuks,,True,AHOO,30% volume voordeel,2026-08-12,2999-12-31,,True,AH,https://www.ah.nl/producten/product/wi605857,2026-08-12,Lenor Light geurbooster katoen fris 4-pack,households
608805,0,Robijn K&K black velvet wasmiddel 4-pack,Robijn,huishouden,Huishouden,Vloeibaar wasmiddel,35.98,71.96,50.0,pakketkorting,,,4 stuks,,True,AHOO,,2026-08-12,2026-08-16,,True,AH,https://www.ah.nl/producten/product/wi608805,2026-08-12,Robijn K&K black velvet detergent 4-pack,households
617236,0,AH Vochtig toiletpapier alo vera 3-pack,AH,huishouden,Huishouden,Vochtig toiletpapier,2.82,2.97,5.0,5% volume voordeel,,,3 stuks,,True,AHOO,5% volume voordeel,2026-08-12,2999-12-31,,True,AH,https://www.ah.nl/producten/product/wi617236,2026-08-12,AH Moist toilet paper alo vera 3-pack,households
369374,834977,Swirl Pedaalemmerzakken ocean 5 liter,Swirl,huishouden,Huishouden,Pedaalemmerzakken,2.99,2.99,,,,,45 stuks,,False,,,,,,True,AH,https://www.ah.nl/producten/product/wi369374,2026-08-12,Swirl Pedal bin bags ocean 5 liters,households
579831,0,Robijn K&K black velvet wasmiddel 2-pack,Robijn,huishouden,Huishouden,Vloeibaar wasmiddel,17.99,35.98,50.0,pakketkorting,,,2 stuks,,True,AHOO,,2026-08-12,2026-08-16,,True,AH,https://www.ah.nl/producten/product/wi579831,2026-08-12,Robijn K&K black velvet detergent 2-pack,households
583334,26879,AH Wasverzachter wilde rozen,AH,huishouden,Huishouden,Wasverzachters,1.69,1.69,,,,,30 wasbeurten,,False,,,,,,True,AH,https://www.ah.nl/producten/product/wi583334,2026-08-12,AH Wasverzachter wilde rozen,households
323336,607564,Ajax Limoen allesreiniger,Ajax,huishouden,Huishouden,Allesreiniger,2.95,2.95,,,,,"1,25 l",prijs per liter €2.36,False,,,,,,True,AH,https://www.ah.nl/producten/product/wi323336,2026-08-12,Ajax Lime all-purpose cleaner,households
590172,36400,Robijn Quickwash spring blossom wasmiddel,Robijn,huishouden,Huishouden,Vloeibaar wasmiddel,18.99,18.99,,1 + 1 gratis,,1.0,22 wasbeurten,,True,AH,1 + 1 gratis,2026-08-10,2026-08-16,,True,AH,https://www.ah.nl/producten/product/wi590172,2026-08-12,Robijn Quickwash spring blossom detergent,households
608806,0,Robijn K&K black velvet wasmiddel 6-pack,Robijn,huishouden,Huishouden,Vloeibaar wasmiddel,53.97,107.94,50.0,pakketkorting,,,6 stuks,,True,AHOO,,2026-08-12,2026-08-16,,True,AH,https://www.ah.nl/producten/product/wi608806,2026-08-12,Robijn K&K black velvet detergent 6-pack,households
622909,0,Lenor Light geurbooster katoen fris 2-pack,Lenor,huishouden,Huishouden,Wasverzachters,20.89,24.58,15.0,15% volume voordeel,,,2 stuks,,True,AHOO,15% volume voordeel,2026-08-12,2999-12-31,,True,AH,https://www.ah.nl/producten/product/wi622909,2026-08-12,Lenor Light fragrance booster cotton fresh 2-pack,households
622910,0,Lenor Light geurbooster katoen fris 6-pack,Lenor,huishouden,Huishouden,Wasverzachters,40.56,73.74,45.0,45% volume voordeel,,,6 stuks,,True,AHOO,45% volume voordeel,2026-08-12,2999-12-31,,True,AH,https://www.ah.nl/producten/product/wi622910,2026-08-12,Lenor Light geurbooster katoen fris 6-pack,households
625177,0,Robijn Quickwash spring blossom wasmiddel 2pack,Robijn,huishouden,Huishouden,Vloeibaar wasmiddel,18.99,37.98,50.0,pakketkorting,,,2 stuks,,True,AHOO,,2026-08-12,2026-08-16,,True,AH,https://www.ah.nl/producten/product/wi625177,2026-08-12,Robijn Quickwash spring blossom wasmiddel 2pack,households
625178,0,Robijn Quickwash spring blossom wasmiddel 4pack,Robijn,huishouden,Huishouden,Vloeibaar wasmiddel,37.98,75.96,50.0,pakketkorting,,,4 stuks,,True,AHOO,,2026-08-12,2026-08-16,,True,AH,https://www.ah.nl/producten/product/wi625178,2026-08-12,Robijn Quickwash spring blossom wasmiddel 4pack,households
625179,0,Robijn Quickwash spring blossom wasmiddel 6pack,Robijn,huishouden,Huishouden,Vloeibaar wasmiddel,56.97,113.94,50.0,pakketkorting,,,6 stuks,,True,AHOO,50% volume voordeel,2026-08-12,2026-08-16,,True,AH,https://www.ah.nl/producten/product/wi625179,2026-08-12,Robijn Quickwash spring blossom detergent 6pack,households
625131,0,Neutral Wasmiddel colour sensitive skin 2-pack,Neutral,huishouden,Huishouden,Hypoallergeen wasmiddel,13.95,15.5,10.0,10% volume voordeel,,,2 stuks,,True,AHOO,10% volume voordeel,2026-08-12,2999-12-31,,True,AH,https://www.ah.nl/producten/product/wi625131,2026-08-12,Neutral Detergent color sensitive skin 2-pack,households
556443,656589,Sun Brilliant shine all-in-1 vaatwascapsules,Sun,huishouden,Huishouden,Vaatwastabletten,6.49,9.99,35.0,35% korting,,,16 stuks,,True,AHOO,35% Op=Op korting,2026-08-10,2026-08-16,,True,AH,https://www.ah.nl/producten/product/wi556443,2026-08-12,Sun Brilliant shine all-in-1 dishwasher capsules,households
221331,815707,Vanish Powergel vlekverwijderaar,Vanish,huishouden,Huishouden,Vlekverwijderaars,5.75,5.75,,1 + 1 gratis,,1.0,200 ml,normale prijs per liter €28.75,True,AH,1 + 1 gratis,2026-08-10,2026-08-16,,True,AH,https://www.ah.nl/producten/product/wi221331,2026-08-12,Vanish Powergel stain remover,households
229024,822824,Ecover Wc-reiniger den & munt,Ecover,huishouden,Huishouden,Toiletreiniger,3.99,3.99,,,,,"0,75 l",prijs per liter €5.32,False,,,,,,True,AH,https://www.ah.nl/producten/product/wi229024,2026-08-12,Ecover Toilet cleaner pine & mint,households
428784,696303,Page Sensitive vochtig toiletpapier,Page,huishouden,Huishouden,Vochtig toiletpapier,3.79,3.79,,,,,74 stuks,,False,,,,,,True,AH,https://www.ah.nl/producten/product/wi428784,2026-08-12,Page Sensitive moist toilet paper,households
590108,36383,Robijn Droogtrommeldoekjes morgenfris,Robijn,huishouden,Huishouden,Textielverfrissers,4.29,4.29,,1 + 1 gratis,,1.0,20 wasbeurten,,True,AH,1 + 1 gratis,2026-08-10,2026-08-16,,True,AH,https://www.ah.nl/producten/product/wi590108,2026-08-12,Robijn Dryer sheets fresh in the morning,households
520287,67682,Witte Reus Toiletblok kracht actief lavendel,Witte Reus,huishouden,Huishouden,Toiletblokken,3.99,3.99,,,,,per stuk,,False,,,,,,True,AH,https://www.ah.nl/producten/product/wi520287,2026-08-12,White Giant Toilet block power active lavender,households
570814,11118,AH Wasmiddel wol & fijn,AH,huishouden,Huishouden,Vloeibaar wasmiddel,3.99,3.99,,,,,25 wasbeurten,,False,,,,,,True,AH,https://www.ah.nl/producten/product/wi570814,2026-08-12,AH Wasmiddel wol & fijn,households
625133,0,Neutral Wasmiddel colour sensitive skin 6-pack,Neutral,huishouden,Huishouden,Hypoallergeen wasmiddel,34.87,46.5,25.0,25% volume voordeel,,,6 stuks,,True,AHOO,25% volume voordeel,2026-08-12,2999-12-31,,True,AH,https://www.ah.nl/producten/product/wi625133,2026-08-12,Neutral Detergent color sensitive skin 6-pack,households
625132,0,Neutral Wasmiddel colour sensitive skin 4-pack,Neutral,huishouden,Huishouden,Hypoallergeen wasmiddel,24.8,31.0,20.0,20% volume voordeel,,,4 stuks,,True,AHOO,20% volume voordeel,2026-08-12,2999-12-31,,True,AH,https://www.ah.nl/producten/product/wi625132,2026-08-12,Neutral Detergent color sensitive skin 4-pack,households
617683,0,AH Vochtig toiletpapier soft 3-pack,AH,huishouden,Huishouden,Vochtig toiletpapier,2.82,2.97,5.0,5% volume voordeel,,,3 stuks,,True,AHOO,5% volume voordeel,2026-08-12,2999-12-31,,True,AH,https://www.ah.nl/producten/product/wi617683,2026-08-12,AH Vochtig toiletpapier soft 3-pack,households
590114,36392,Robijn Wasverzachter spa sensation,Robijn,huishouden,Huishouden,Wasverzachters,7.89,7.89,,1 + 1 gratis,,1.0,38 wasbeurten,,True,AH,1 + 1 gratis,2026-08-10,2026-08-16,,True,AH,https://www.ah.nl/producten/product/wi590114,2026-08-12,Robijn Fabric softener spa sensation,households
608846,0,Robijn Wasverzachter spa sensation 2-pack,Robijn,huishouden,Huishouden,Wasverzachters,7.89,15.78,50.0,pakketkorting,,,2 stuks,,True,AHOO,,2026-08-12,2026-08-16,,True,AH,https://www.ah.nl/producten/product/wi608846,2026-08-12,Robijn Wasverzachter spa sensation 2-pack,households
597525,0,AH Afwasborstel luxe 2-pack,AH,huishouden,Huishouden,Afwasborstels,3.78,3.98,5.0,5% volume voordeel,,,2 stuks,,True,AHOO,5% volume voordeel,2026-08-12,2999-12-31,,True,AH,https://www.ah.nl/producten/product/wi597525,2026-08-12,AH Dishwashing brush luxury 2-pack,households
489317,743102,AH Geureditie rozen & zomerfruit verfrisser,AH,huishouden,Huishouden,Luchtverfrissers woonkamer,1.99,1.99,,,,,250 ml,prijs per liter €7.96,False,,,,,,True,AH,https://www.ah.nl/producten/product/wi489317,2026-08-12,AH Geureditie rozen & zomerfruit verfrisser,households
608847,0,Robijn Wasverzachter spa sensation 4-pack,Robijn,huishouden,Huishouden,Wasverzachters,15.78,31.56,50.0,pakketkorting,,,4 stuks,,True,AHOO,,2026-08-12,2026-08-16,,True,AH,https://www.ah.nl/producten/product/wi608847,2026-08-12,Robijn Fabric softener spa sensation 4-pack,households
608848,0,Robijn Wasverzachter spa sensation 8-pack,Robijn,huishouden,Huishouden,Wasverzachters,31.56,63.12,50.0,pakketkorting,,,8 stuks,,True,AHOO,50% volume voordeel,2026-08-12,2026-08-16,,True,AH,https://www.ah.nl/producten/product/wi608848,2026-08-12,Robijn Fabric softener spa sensation 8-pack,households
625717,0,Robijn Wasverzachter spa sensation 3-pack,Robijn,huishouden,Huishouden,Wasverzachters,15.78,23.67,33.3,pakketkorting,,,3 stuks,,True,AHOO,,2026-08-12,2026-08-16,,True,AH,https://www.ah.nl/producten/product/wi625717,2026-08-12,Robijn Fabric softener spa sensation 3-pack,households
570817,11121,AH Puur vloeibaar wasmiddel wit,AH,huishouden,Huishouden,Vloeibaar wasmiddel,3.99,3.99,,,,,25 wasbeurten,,False,,,,,,True,AH,https://www.ah.nl/producten/product/wi570817,2026-08-12,AH Pure liquid detergent white,households
583332,26877,AH Wasverzachter geconcentreerd fris,AH,huishouden,Huishouden,Wasverzachters,2.29,2.29,,,,,80 wasbeurten,,False,,,,,,True,AH,https://www.ah.nl/producten/product/wi583332,2026-08-12,AH Fabric softener concentrated fresh,households
517519,831508,Sun Shine & dry booster spoelglans,Sun,huishouden,Huishouden,Vaatwaspoeder en glansspoelmiddel,5.99,5.99,,,,,500 ml,prijs per liter €11.98,False,,,,,,True,AH,https://www.ah.nl/producten/product/wi517519,2026-08-12,Sun Shine & dry booster rinse aid,households
602481,54492,Ambi Pur Textielverfrisser katoen bloesem,Ambi Pur,huishouden,Huishouden,Textielverfrissers,5.89,5.89,,,,,"0,5 l",prijs per liter €11.78,False,,,,,,True,AH,https://www.ah.nl/producten/product/wi602481,2026-08-12,Ambi Pur Textile freshener cotton blossom,households
613920,71015,Lenor Geurbooster zeebries,Lenor,huishouden,Huishouden,Textielverfrissers,7.99,7.99,,,,,155 g,prijs per kg €51.55,False,,,,,,True,AH,https://www.ah.nl/producten/product/wi613920,2026-08-12,Lenor Geurbooster zeebries,households
452311,593152,Finish Machinereiniger tijdens de wasbeurt,Finish,huishouden,Huishouden,Vaatwastabletten,5.99,5.99,,,,,3 stuks,,False,,,,,,True,AH,https://www.ah.nl/producten/product/wi452311,2026-08-12,Finish Machinereiniger tijdens de wasbeurt,households
553674,673403,Ariel 4-in-1 pods color wasmiddelcapsules,Ariel,huishouden,Huishouden,Waspods,24.99,24.99,,,,,30 wasbeurten,,False,,,,,,True,AH,https://www.ah.nl/producten/product/wi553674,2026-08-12,Ariel 4-in-1 pods color detergent capsules,households
610455,0,Page Vochtig compleet schoon maxi pack 2-pack,Page,huishouden,Huishouden,Vochtig toiletpapier,7.01,7.38,5.0,5% volume voordeel,,,2 stuks,,True,AHOO,5% volume voordeel,2026-08-12,2999-12-31,,True,AH,https://www.ah.nl/producten/product/wi610455,2026-08-12,Page Moist completely clean maxi pack 2-pack,households
215602,808258,Witte Reus Kracht actief bloesem,Witte Reus,huishouden,Huishouden,Toiletblokken,3.99,3.99,,,,,per stuk,,False,,,,,,True,AH,https://www.ah.nl/producten/product/wi215602,2026-08-12,White Giant Power active blossom,households
164904,634409,Ajax Rode bloemen allesreiniger,Ajax,huishouden,Huishouden,Allesreiniger,3.29,3.29,,,,,1 l,prijs per liter €3.29,False,,,,,,True,AH,https://www.ah.nl/producten/product/wi164904,2026-08-12,Ajax Red flowers all-purpose cleaner,households
406423,852350,AH Hersluitbare zakjes,AH,huishouden,Huishouden,Diepvries- en hersluitbare zakjes,2.49,2.49,,,,,50 stuks,,False,,,,,,True,AH,https://www.ah.nl/producten/product/wi406423,2026-08-12,AH Resealable bags,households
590105,36380,Ariel Poeder color,Ariel,huishouden,Huishouden,Waspoeder,17.99,17.99,,,,,25 wasbeurten,,False,,,,,,True,AH,https://www.ah.nl/producten/product/wi590105,2026-08-12,Ariel Powder color,households
166211,639495,AH Schuurmiddel citroen,AH,huishouden,Huishouden,Schuurmiddel,1.25,1.25,,,,,"0,75 l",prijs per liter €1.67,False,,,,,,True,AH,https://www.ah.nl/producten/product/wi166211,2026-08-12,AH Lemon abrasive,households
213911,807745,AH 3-in-1 Folie,AH,huishouden,Huishouden,Vershoudfolie,1.49,1.49,,,,,20 meter,prijs per m €0.07,False,,,,,,True,AH,https://www.ah.nl/producten/product/wi213911,2026-08-12,AH 3-in-1 Foil,households
553040,50316,Witte Reus Wellness scents harmony wc-blok,Witte Reus,huishouden,Huishouden,Toiletblokken,4.49,4.49,,,,,per stuk,,False,,,,,,True,AH,https://www.ah.nl/producten/product/wi553040,2026-08-12,Witte Reus Wellness scents harmony toilet block,households
46224,623689,Kleenex The original tissues,Kleenex,huishouden,Huishouden,Tissues,2.19,2.19,,,,,72 stuks,,False,,,,,,True,AH,https://www.ah.nl/producten/product/wi46224,2026-08-12,Kleenex The original tissues,households
461870,714688,Marcel's Green Soap Toiletreiniger orange en jasmine,Marcel's Green Soap,huishouden,Huishouden,Toiletreiniger,3.89,3.89,,,,,"0,75 l",prijs per liter €5.19,False,,,,,,True,AH,https://www.ah.nl/producten/product/wi461870,2026-08-12,Marcel's Green Soap Toilet cleaner orange and jasmine,households
587685,32973,AH Eco Allesreiniger citroen,AH Eco,huishouden,Huishouden,Allesreiniger,1.19,1.19,,,,,"1,25 l",prijs per liter €0.95,False,,,,,,True,AH,https://www.ah.nl/producten/product/wi587685,2026-08-12,AH Eco All-purpose cleaner lemon,households
606987,63241,Robijn Wasparfum puur&zacht,Robijn,huishouden,Huishouden,Wasverzachters,6.99,6.99,,1 + 1 gratis,,1.0,342 ml,normale prijs per liter €20.44,True,AH,1 + 1 gratis,2026-08-10,2026-08-16,,True,AH,https://www.ah.nl/producten/product/wi606987,2026-08-12,Robijn Wash perfume pure & soft,households
625194,0,Robijn Wasparfum puur&zacht 2-pack,Robijn,huishouden,Huishouden,Wasverzachters,6.99,13.98,50.0,pakketkorting,,,2 stuks,,True,AHOO,,2026-08-12,2026-08-16,,True,AH,https://www.ah.nl/producten/product/wi625194,2026-08-12,Robijn Wash perfume pure & soft 2-pack,households
625195,0,Robijn Wasparfum puur&zacht 4-pack,Robijn,huishouden,Huishouden,Wasverzachters,13.98,27.96,50.0,pakketkorting,,,4 stuks,,True,AHOO,,2026-08-12,2026-08-16,,True,AH,https://www.ah.nl/producten/product/wi625195,2026-08-12,Robijn Wash perfume pure & soft 4-pack,households
221756,816358,Toppits Bakvellen,Toppits,huishouden,Huishouden,Bakpapier,4.29,4.29,,,,,16 stuks,,False,,,,,,True,AH,https://www.ah.nl/producten/product/wi221756,2026-08-12,Toppits Baking Sheets,households
474375,727042,Witte Reus Toiletblok self active lavendel,Witte Reus,huishouden,Huishouden,Toiletblokken,4.49,4.49,,,,,per stuk,,False,,,,,,True,AH,https://www.ah.nl/producten/product/wi474375,2026-08-12,Witte Reus Toiletblok self active lavendel,households
430736,698210,Robijn Wasmiddel specials wol & fijn,Robijn,huishouden,Huishouden,Vloeibaar wasmiddel,15.69,15.69,,1 + 1 gratis,,1.0,22 wasbeurten,,True,AH,1 + 1 gratis,2026-08-10,2026-08-16,,True,AH,https://www.ah.nl/producten/product/wi430736,2026-08-12,Robijn Wasmiddel specials wol & fijn,households
614827,72459,AH Pedaalemmerzak elastische band 30 liter,AH,huishouden,Huishouden,Pedaalemmerzakken,1.99,1.99,,,,,10 stuks,,False,,,,,,True,AH,https://www.ah.nl/producten/product/wi614827,2026-08-12,AH Pedal bin bag elastic band 30 liters,households
479884,733471,Sun Classic vaatwaspoeder,Sun,huishouden,Huishouden,Vaatwaspoeder en glansspoelmiddel,10.99,10.99,,,,,"1,37 kg",prijs per kg €8.03,False,,,,,,True,AH,https://www.ah.nl/producten/product/wi479884,2026-08-12,Sun Classic dishwasher powder,households
610456,0,Page Vochtig compleet schoon maxi pack 4-pack,Page,huishouden,Huishouden,Vochtig toiletpapier,12.55,14.76,15.0,15% volume voordeel,,,4 stuks,,True,AHOO,15% volume voordeel,2026-08-12,2999-12-31,,True,AH,https://www.ah.nl/producten/product/wi610456,2026-08-12,Page Moist completely clean maxi pack 4-pack,households
511723,665761,AH Power toiletblokken oceaan,AH,huishouden,Huishouden,Toiletblokken,1.59,1.59,,,,,2 stuks,,False,,,,,,True,AH,https://www.ah.nl/producten/product/wi511723,2026-08-12,AH Power ocean toilet blocks,households
616642,0,Ajax Rode bloemen allesreiniger 2-pack,Ajax,huishouden,Huishouden,Allesreiniger,5.26,6.58,20.0,20% volume voordeel,,,2 stuks,,True,AHOO,20% volume voordeel,2026-08-12,2999-12-31,,True,AH,https://www.ah.nl/producten/product/wi616642,2026-08-12,Ajax Red flowers all-purpose cleaner 2-pack,households
617217,0,AH Hersluitbare zakjes 2-pack,AH,huishouden,Huishouden,Diepvries- en hersluitbare zakjes,4.73,4.98,5.0,5% volume voordeel,,,2 stuks,,True,AHOO,5% volume voordeel,2026-08-12,2999-12-31,,True,AH,https://www.ah.nl/producten/product/wi617217,2026-08-12,AH Resealable bags 2-pack,households
428234,10603,Toppits Vershoudfolie,Toppits,huishouden,Huishouden,Vershoudfolie,2.19,2.19,,,,,20 meter,prijs per m €0.11,False,,,,,,True,AH,https://www.ah.nl/producten/product/wi428234,2026-08-12,Toppits Cling film,households
600016,51013,Robijn Wasparfum pink sensation,Robijn,huishouden,Huishouden,Textielverfrissers,6.99,6.99,,1 + 1 gratis,,1.0,17 wasbeurten,normale prijs per liter €20.44,True,AH,1 + 1 gratis,2026-08-10,2026-08-16,,True,AH,https://www.ah.nl/producten/product/wi600016,2026-08-12,Robijn Wash perfume pink sensation,households
625192,0,Robijn Wasparfum pink sensation 2-pack,Robijn,huishouden,Huishouden,Textielverfrissers,6.99,13.98,50.0,pakketkorting,,,2 stuks,,True,AHOO,,2026-08-12,2026-08-16,,True,AH,https://www.ah.nl/producten/product/wi625192,2026-08-12,Robijn Wash perfume pink sensation 2-pack,households
625193,0,Robijn Wasparfum pink sensation 4-pack,Robijn,huishouden,Huishouden,Textielverfrissers,13.98,27.96,50.0,pakketkorting,,,4 stuks,,True,AHOO,,2026-08-12,2026-08-16,,True,AH,https://www.ah.nl/producten/product/wi625193,2026-08-12,Robijn Wash perfume pink sensation 4-pack,households
517261,82166,Finish Ultimate vaatwastabletten,Finish,huishouden,Huishouden,Vaatwastabletten,9.99,9.99,,,,,16 stuks,,False,,,,,,True,AH,https://www.ah.nl/producten/product/wi517261,2026-08-12,Finish Ultimate dishwasher tablets,households
585549,30549,Lenor Wasverzachter zeebries,Lenor,huishouden,Huishouden,Wasverzachters,9.99,9.99,,,,,55 wasbeurten,,False,,,,,,True,AH,https://www.ah.nl/producten/product/wi585549,2026-08-12,Lenor Fabric softener sea breeze,households
610457,0,Page Vochtig compleet schoon maxi pack 6-pack,Page,huishouden,Huishouden,Vochtig toiletpapier,16.6,22.14,25.0,25% volume voordeel,,,6 stuks,,True,AHOO,25% volume voordeel,2026-08-12,2999-12-31,,True,AH,https://www.ah.nl/producten/product/wi610457,2026-08-12,Page Moist completely clean maxi pack 6-pack,households
483396,737926,AH Eco Wasmiddel puur kleur poeder,AH Eco,huishouden,Huishouden,Waspoeder,3.99,3.99,,,,,20 wasbeurten,,False,,,,,,True,AH,https://www.ah.nl/producten/product/wi483396,2026-08-12,AH Eco Detergent pure color powder,households
583310,25974,Robijn Wasparfum paradise secret,Robijn,huishouden,Huishouden,Wasverzachters,6.99,6.99,,1 + 1 gratis,,1.0,17 wasbeurten,normale prijs per liter €20.44,True,AH,1 + 1 gratis,2026-08-10,2026-08-16,,True,AH,https://www.ah.nl/producten/product/wi583310,2026-08-12,Robijn Wasparfum paradise secret,households
625188,0,Robijn Wasparfum paradise secret 2-pack,Robijn,huishouden,Huishouden,Wasverzachters,6.99,13.98,50.0,pakketkorting,,,2 stuks,,True,AHOO,,2026-08-12,2026-08-16,,True,AH,https://www.ah.nl/producten/product/wi625188,2026-08-12,Robijn Wash perfume paradise secret 2-pack,households
625189,0,Robijn Wasparfum paradise secret 4-pack,Robijn,huishouden,Huishouden,Wasverzachters,13.98,27.96,50.0,pakketkorting,,,4 stuks,,True,AHOO,,2026-08-12,2026-08-16,,True,AH,https://www.ah.nl/producten/product/wi625189,2026-08-12,Robijn Wash perfume paradise secret 4-pack,households
605868,0,Lenor Wasverzachter zeebries 4-pack,Lenor,huishouden,Huishouden,Wasverzachters,27.97,39.96,30.0,30% volume voordeel,,,4 stuks,,True,AHOO,30% volume voordeel,2026-08-12,2999-12-31,,True,AH,https://www.ah.nl/producten/product/wi605868,2026-08-12,Lenor Fabric softener sea breeze 4-pack,households
496091,793069,Finish Quantum vaatwastabletten,Finish,huishouden,Huishouden,Vaatwastabletten,15.49,15.49,,,,,31 stuks,,False,,,,,,True,AH,https://www.ah.nl/producten/product/wi496091,2026-08-12,Finish Quantum dishwasher tablets,households
409724,854254,AH Eco Toiletreiniger dennen,AH Eco,huishouden,Huishouden,Toiletreiniger,1.19,1.19,,,,,"0,75 l",prijs per liter €1.59,False,,,,,,True,AH,https://www.ah.nl/producten/product/wi409724,2026-08-12,AH Eco Toilet cleaner pine,households
517370,882474,Marcel's Green Soap Vaatwastabletten alles-in-een,Marcel's Green Soap,huishouden,Huishouden,Vaatwastabletten,10.99,10.99,,,,,25 stuks,,False,,,,,,True,AH,https://www.ah.nl/producten/product/wi517370,2026-08-12,Marcel's Green Soap Dishwasher tablets all-in-one,households
622919,0,Lenor Wasverzachter zeebries 2-pack,Lenor,huishouden,Huishouden,Wasverzachters,16.98,19.98,15.0,15% volume voordeel,,,2 stuks,,True,AHOO,15% volume voordeel,2026-08-12,2999-12-31,,True,AH,https://www.ah.nl/producten/product/wi622919,2026-08-12,Lenor Fabric softener sea breeze 2-pack,households
111759,509454,Finish Verfrisser citroen,Finish,huishouden,Huishouden,Vaatwasmachine reiniger,4.49,4.49,,,,,per stuk,,False,,,,,,True,AH,https://www.ah.nl/producten/product/wi111759,2026-08-12,Finish Freshener lemon,households
395545,847126,Ajax Shower power spray,Ajax,huishouden,Huishouden,Badkamerreiniger,3.49,3.49,,,,,"0,75 l",prijs per liter €4.65,False,,,,,,True,AH,https://www.ah.nl/producten/product/wi395545,2026-08-12,Ajax Shower power spray,households
616643,0,Ajax Rode bloemen allesreiniger 4-pack,Ajax,huishouden,Huishouden,Allesreiniger,9.21,13.16,30.0,30% volume voordeel,,,4 stuks,,True,AHOO,30% volume voordeel,2026-08-12,2999-12-31,,True,AH,https://www.ah.nl/producten/product/wi616643,2026-08-12,Ajax Red flowers all-purpose cleaner 4-pack,households
622920,0,Lenor Wasverzachter zeebries 6-pack,Lenor,huishouden,Huishouden,Wasverzachters,32.97,59.94,45.0,45% volume voordeel,,,6 stuks,,True,AHOO,45% volume voordeel,2026-08-12,2999-12-31,,True,AH,https://www.ah.nl/producten/product/wi622920,2026-08-12,Lenor Wasverzachter zeebries 6-pack,households
132153,594665,Sun Vaatwasmachine verfrisser citroen,Sun,huishouden,Huishouden,Vaatwasmachine reiniger,4.79,4.79,,,,,per stuk,,False,,,,,,True,AH,https://www.ah.nl/producten/product/wi132153,2026-08-12,Sun Dishwasher freshener lemon,households
164902,633189,Finish Integrale machinereiniger citroen,Finish,huishouden,Huishouden,Vaatwasmachine reiniger,6.49,6.49,,,,,250 ml,prijs per liter €25.96,False,,,,,,True,AH,https://www.ah.nl/producten/product/wi164902,2026-08-12,Finish Integrale machinereiniger citroen,households
616644,0,Ajax Rode bloemen allesreiniger 6-pack,Ajax,huishouden,Huishouden,Allesreiniger,11.84,19.74,40.0,40% volume voordeel,,,6 stuks,,True,AHOO,40% volume voordeel,2026-08-12,2999-12-31,,True,AH,https://www.ah.nl/producten/product/wi616644,2026-08-12,Ajax Rode bloemen allesreiniger 6-pack,households
553541,889060,Lenor Fresh air wasverzachter ochtendfris,Lenor,huishouden,Huishouden,Wasverzachters,8.49,8.49,,,,,36 wasbeurten,,False,,,,,,True,AH,https://www.ah.nl/producten/product/wi553541,2026-08-12,Lenor Fresh air wasverzachter ochtendfris,households
565651,0,Lenor Fresh Air Ochtendfris wvz 4-pack,Lenor,huishouden,Huishouden,Wasverzachters,23.77,33.96,30.0,30% volume voordeel,,,4 stuks,,True,AHOO,30% volume voordeel,2026-08-12,2999-12-31,,True,AH,https://www.ah.nl/producten/product/wi565651,2026-08-12,Lenor Fresh Air Ochtendfris wvz 4-pack,households
600017,51014,Robijn Wasparfum passiebloem & bergamot,Robijn,huishouden,Huishouden,Textielverfrissers,6.99,6.99,,1 + 1 gratis,,1.0,17 wasbeurten,normale prijs per liter €20.44,True,AH,1 + 1 gratis,2026-08-10,2026-08-16,,True,AH,https://www.ah.nl/producten/product/wi600017,2026-08-12,Robijn Wasparfum passiebloem & bergamot,households
625190,0,Robijn Wasparfum passiebloem & bergamot 2-pack,Robijn,huishouden,Huishouden,Textielverfrissers,6.99,13.98,50.0,pakketkorting,,,2 stuks,,True,AHOO,,2026-08-12,2026-08-16,,True,AH,https://www.ah.nl/producten/product/wi625190,2026-08-12,Robijn Wasparfum passiebloem & bergamot 2-pack,households
625191,0,Robijn Wasparfum passiebloem & bergamot 4-pack,Robijn,huishouden,Huishouden,Textielverfrissers,13.98,27.96,50.0,pakketkorting,,,4 stuks,,True,AHOO,,2026-08-12,2026-08-16,,True,AH,https://www.ah.nl/producten/product/wi625191,2026-08-12,Robijn Wasparfum passiebloem & bergamot 4-pack,households
237832,828875,AH Waspoeder wit,AH,huishouden,Huishouden,Waspoeder,2.79,2.79,,,,,30 wasbeurten,,False,,,,,,True,AH,https://www.ah.nl/producten/product/wi237832,2026-08-12,AH Waspoeder wit,households
617219,0,AH Hersluitbare zakjes 4-pack,AH,huishouden,Huishouden,Diepvries- en hersluitbare zakjes,8.47,9.96,15.0,15% volume voordeel,,,4 stuks,,True,AHOO,15% volume voordeel,2026-08-12,2999-12-31,,True,AH,https://www.ah.nl/producten/product/wi617219,2026-08-12,AH Hersluitbare zakjes 4-pack,households
583309,25973,Robijn Wasparfum spa sensation,Robijn,huishouden,Huishouden,Textielverfrissers,6.99,6.99,,1 + 1 gratis,,1.0,17 wasbeurten,normale prijs per liter €20.44,True,AH,1 + 1 gratis,2026-08-10,2026-08-16,,True,AH,https://www.ah.nl/producten/product/wi583309,2026-08-12,Robijn Wasparfum spa sensation,households
625196,0,Robijn Wasparfum spa sensation 2-pack,Robijn,huishouden,Huishouden,Textielverfrissers,6.99,13.98,50.0,pakketkorting,,,2 stuks,,True,AHOO,,2026-08-12,2026-08-16,,True,AH,https://www.ah.nl/producten/product/wi625196,2026-08-12,Robijn Wasparfum spa sensation 2-pack,households
625197,0,Robijn Wasparfum spa sensation 4-pack,Robijn,huishouden,Huishouden,Textielverfrissers,13.98,27.96,50.0,pakketkorting,,,4 stuks,,True,AHOO,,2026-08-12,2026-08-16,,True,AH,https://www.ah.nl/producten/product/wi625197,2026-08-12,Robijn Wasparfum spa sensation 4-pack,households
496086,793010,Marcel's Green Soap Hygienische doekjes Patchouli&Cranb,Marcel's Green Soap,huishouden,Huishouden,Vochtige doekjes,3.59,3.59,,,,,60 stuks,,False,,,,,,True,AH,https://www.ah.nl/producten/product/wi496086,2026-08-12,Marcel's Green Soap Hygienische doekjes Patchouli&Cranb,households
617218,0,AH Hersluitbare zakjes 3-pack,AH,huishouden,Huishouden,Diepvries- en hersluitbare zakjes,6.72,7.47,10.0,10% volume voordeel,,,3 stuks,,True,AHOO,10% volume voordeel,2026-08-12,2999-12-31,,True,AH,https://www.ah.nl/producten/product/wi617218,2026-08-12,AH Hersluitbare zakjes 3-pack,households
598841,47454,Glade Geurstokjes sandalwood & jasmine,Glade,koken-tafelen-vrije-tijd,"Koken, tafelen, vrije tijd",Geurstokjes,6.99,6.99,,,,,per stuk,,False,,,,,,True,AH,https://www.ah.nl/producten/product/wi598841,2026-08-12,Glade Geurstokjes sandalwood & jasmine,cooking-dining-free-time
598842,47465,Glade Geurstokjes relaxing zen,Glade,koken-tafelen-vrije-tijd,"Koken, tafelen, vrije tijd",Geurstokjes,6.99,6.99,,,,,per stuk,,False,,,,,,True,AH,https://www.ah.nl/producten/product/wi598842,2026-08-12,Glade Geurstokjes relaxing zen,cooking-dining-free-time
475849,728813,AH Kartonnen beker wit,AH,koken-tafelen-vrije-tijd,"Koken, tafelen, vrije tijd",Wegwerpbekers,1.99,1.99,,,,,30 stuks,,False,,,,,,True,AH,https://www.ah.nl/producten/product/wi475849,2026-08-12,AH Kartonnen beker wit,cooking-dining-free-time
624,545646,AH Servetten 2-laags 33x33 cm wit,AH,koken-tafelen-vrije-tijd,"Koken, tafelen, vrije tijd",Servetten,1.99,1.99,,,,,50 stuks,,False,,,,,,True,AH,https://www.ah.nl/producten/product/wi624,2026-08-12,AH Servetten 2-laags 33x33 cm wit,cooking-dining-free-time
434870,699316,AH Bord 23 cm,AH,koken-tafelen-vrije-tijd,"Koken, tafelen, vrije tijd",Wegwerpborden,1.99,1.99,,,,,20 stuks,,False,,,,,,True,AH,https://www.ah.nl/producten/product/wi434870,2026-08-12,AH Bord 23 cm,cooking-dining-free-time
598844,47467,Glade Geurstokjes vanilla blossom,Glade,koken-tafelen-vrije-tijd,"Koken, tafelen, vrije tijd",Geurstokjes,6.99,6.99,,,,,per stuk,,False,,,,,,True,AH,https://www.ah.nl/producten/product/wi598844,2026-08-12,Glade Geurstokjes vanilla blossom,cooking-dining-free-time
480624,734831,AH Donatie Voedselbanken Nederland 1 euro,AH,koken-tafelen-vrije-tijd,"Koken, tafelen, vrije tijd",Donaties,1.0,1.0,,,,,per stuk,,False,,,,,,True,AH,https://www.ah.nl/producten/product/wi480624,2026-08-12,AH Donatie Voedselbanken Nederland 1 euro,cooking-dining-free-time
514507,24643,AH Rietjes,AH,koken-tafelen-vrije-tijd,"Koken, tafelen, vrije tijd",Wegwerpbekers,1.29,1.29,,,,,10 stuks,,False,,,,,,True,AH,https://www.ah.nl/producten/product/wi514507,2026-08-12,AH Rietjes,cooking-dining-free-time
473597,725739,AH Houten vork,AH,koken-tafelen-vrije-tijd,"Koken, tafelen, vrije tijd",Bestek,1.39,1.39,,,,,20 stuks,,False,,,,,,True,AH,https://www.ah.nl/producten/product/wi473597,2026-08-12,AH Houten vork,cooking-dining-free-time
196807,607132,"AH AAA 1,5V batterijen",AH,koken-tafelen-vrije-tijd,"Koken, tafelen, vrije tijd",AAA batterijen,1.95,1.95,,,,,8 stuks,,False,,,,,,True,AH,https://www.ah.nl/producten/product/wi196807,2026-08-12,"AH AAA 1,5V batterijen",cooking-dining-free-time
414011,856793,AH Sateprikkers bamboe 20cm,AH,koken-tafelen-vrije-tijd,"Koken, tafelen, vrije tijd","Prikkers, touw",1.19,1.19,,,,,100 stuks,,False,,,,,,True,AH,https://www.ah.nl/producten/product/wi414011,2026-08-12,AH Sateprikkers bamboe 20cm,cooking-dining-free-time
473600,725742,AH Roerstaafje hout,AH,koken-tafelen-vrije-tijd,"Koken, tafelen, vrije tijd",Bestek,0.99,0.99,,,,,100 stuks,,False,,,,,,True,AH,https://www.ah.nl/producten/product/wi473600,2026-08-12,AH Roerstaafje hout,cooking-dining-free-time
413922,856775,AH Cocktailprikkers 200 stuks,AH,koken-tafelen-vrije-tijd,"Koken, tafelen, vrije tijd","Prikkers, touw",1.99,1.99,,,,,2 stuks,,False,,,,,,True,AH,https://www.ah.nl/producten/product/wi413922,2026-08-12,AH Cocktailprikkers 200 stuks,cooking-dining-free-time
441449,83040,Canon Printpapier,Canon,koken-tafelen-vrije-tijd,"Koken, tafelen, vrije tijd",Papierwaren,6.49,6.49,,,,,500 stuks,,False,,,,,,True,AH,https://www.ah.nl/producten/product/wi441449,2026-08-12,Canon Printpapier,cooking-dining-free-time
478508,732454,AH Bierglazen 300ml,AH,koken-tafelen-vrije-tijd,"Koken, tafelen, vrije tijd",Wegwerpbekers,1.99,1.99,,,,,20 stuks,,False,,,,,,True,AH,https://www.ah.nl/producten/product/wi478508,2026-08-12,AH Bierglazen 300ml,cooking-dining-free-time
466213,716847,AH Elektronische aanstekers,AH,koken-tafelen-vrije-tijd,"Koken, tafelen, vrije tijd","Lucifers, aanstekers",1.29,1.29,,,,,3 stuks,,False,,,,,,True,AH,https://www.ah.nl/producten/product/wi466213,2026-08-12,AH Elektronische aanstekers,cooking-dining-free-time
473599,725741,AH Houten mes,AH,koken-tafelen-vrije-tijd,"Koken, tafelen, vrije tijd",Bestek,1.39,1.39,,,,,20 stuks,,False,,,,,,True,AH,https://www.ah.nl/producten/product/wi473599,2026-08-12,AH Houten mes,cooking-dining-free-time
166525,640856,"AH AA alkaline 1,5V mignon lange levensduur",AH,koken-tafelen-vrije-tijd,"Koken, tafelen, vrije tijd",AA batterijen,6.99,6.99,,,,,8 stuks,,False,,,,,,True,AH,https://www.ah.nl/producten/product/wi166525,2026-08-12,"AH AA alkaline 1,5V mignon lange levensduur",cooking-dining-free-time
409036,853932,AH Aanmaakblokjes bruin,AH,koken-tafelen-vrije-tijd,"Koken, tafelen, vrije tijd",Houtskool,1.99,1.99,,,,,56 stuks,,False,,,,,,True,AH,https://www.ah.nl/producten/product/wi409036,2026-08-12,AH Aanmaakblokjes bruin,cooking-dining-free-time
598498,0,"AH AA alkaline 1,5V mignon 4-pack",AH,koken-tafelen-vrije-tijd,"Koken, tafelen, vrije tijd",AA batterijen,23.77,27.96,15.0,15% volume voordeel,,,4 stuks,,True,AHOO,15% volume voordeel,2026-08-12,2999-12-31,,True,AH,https://www.ah.nl/producten/product/wi598498,2026-08-12,"AH AA alkaline 1,5V mignon 4-pack",cooking-dining-free-time
514606,884359,AH Servet donkerblauw,AH,koken-tafelen-vrije-tijd,"Koken, tafelen, vrije tijd",Servetten,1.89,1.89,,,,,20 stuks,,False,,,,,,True,AH,https://www.ah.nl/producten/product/wi514606,2026-08-12,AH Servet donkerblauw,cooking-dining-free-time
434869,699315,AH Gebaksbord 15 cm,AH,koken-tafelen-vrije-tijd,"Koken, tafelen, vrije tijd",Wegwerpborden,1.79,1.79,,,,,20 stuks,,False,,,,,,True,AH,https://www.ah.nl/producten/product/wi434869,2026-08-12,AH Gebaksbord 15 cm,cooking-dining-free-time
597555,0,AH Elektronische aanstekers 2-pack,AH,koken-tafelen-vrije-tijd,"Koken, tafelen, vrije tijd","Lucifers, aanstekers",2.48,2.58,4.0,4% volume voordeel,,,2 stuks,,True,AHOO,4% volume voordeel,2026-08-12,2999-12-31,,True,AH,https://www.ah.nl/producten/product/wi597555,2026-08-12,AH Elektronische aanstekers 2-pack,cooking-dining-free-time
514523,25594,AH Servet blad 33cm,AH,koken-tafelen-vrije-tijd,"Koken, tafelen, vrije tijd",Servetten,1.99,1.99,,,,,20 stuks,,False,,,,,,True,AH,https://www.ah.nl/producten/product/wi514523,2026-08-12,AH Servet blad 33cm,cooking-dining-free-time
598075,0,AH Servet donkerblauw 4-pack,AH,koken-tafelen-vrije-tijd,"Koken, tafelen, vrije tijd",Servetten,6.8,7.56,10.0,10% volume voordeel,,,4 stuks,,True,AHOO,10% volume voordeel,2026-08-12,2999-12-31,,True,AH,https://www.ah.nl/producten/product/wi598075,2026-08-12,AH Servet donkerblauw 4-pack,cooking-dining-free-time
212958,806343,Hoomark 3-pak Inpakpapier,Hoomark,koken-tafelen-vrije-tijd,"Koken, tafelen, vrije tijd",Cadeauverpakking,1.79,1.79,,,,,3 stuks,,False,,,,,,True,AH,https://www.ah.nl/producten/product/wi212958,2026-08-12,Hoomark 3-pak Inpakpapier,cooking-dining-free-time
200726,787450,AH Aansteker flex,AH,koken-tafelen-vrije-tijd,"Koken, tafelen, vrije tijd","Lucifers, aanstekers",1.99,1.99,,,,,per stuk,,False,,,,,,True,AH,https://www.ah.nl/producten/product/wi200726,2026-08-12,AH Aansteker flex,cooking-dining-free-time
597523,0,AH Aansteker flex 2-pack,AH,koken-tafelen-vrije-tijd,"Koken, tafelen, vrije tijd","Lucifers, aanstekers",3.82,3.98,4.0,4% volume voordeel,,,2 stuks,,True,AHOO,4% volume voordeel,2026-08-12,2999-12-31,,True,AH,https://www.ah.nl/producten/product/wi597523,2026-08-12,AH Aansteker flex 2-pack,cooking-dining-free-time
155427,593663,AH Kaarsen aansteker,AH,koken-tafelen-vrije-tijd,"Koken, tafelen, vrije tijd","Lucifers, aanstekers",1.99,1.99,,,,,2 stuks,,False,,,,,,True,AH,https://www.ah.nl/producten/product/wi155427,2026-08-12,AH Kaarsen aansteker,cooking-dining-free-time
597989,0,AH Kaarsen aansteker 2-pack,AH,koken-tafelen-vrije-tijd,"Koken, tafelen, vrije tijd","Lucifers, aanstekers",3.82,3.98,4.0,4% volume voordeel,,,2 stuks,,True,AHOO,4% volume voordeel,2026-08-12,2999-12-31,,True,AH,https://www.ah.nl/producten/product/wi597989,2026-08-12,AH Kaarsen aansteker 2-pack,cooking-dining-free-time
606578,62073,AH BBQ disposable bekers,AH,koken-tafelen-vrije-tijd,"Koken, tafelen, vrije tijd",Wegwerpbekers,2.49,2.49,,BONUS,,,40 stuks,,True,AH,BONUS,2026-04-20,2026-08-30,,True,AH,https://www.ah.nl/producten/product/wi606578,2026-08-12,AH BBQ disposable bekers,cooking-dining-free-time
128488,554847,AH Aluminium grillschaal,AH,koken-tafelen-vrije-tijd,"Koken, tafelen, vrije tijd",Aluminium schaal,1.19,1.19,,,,,2 stuks,,False,,,,,,True,AH,https://www.ah.nl/producten/product/wi128488,2026-08-12,AH Aluminium grillschaal,cooking-dining-free-time
556854,584153,AH Kom rond wit bagasse 500ml,AH,koken-tafelen-vrije-tijd,"Koken, tafelen, vrije tijd","Kommen, schaaltjes",1.89,1.89,,,,,12 stuks,,False,,,,,,True,AH,https://www.ah.nl/producten/product/wi556854,2026-08-12,AH Kom rond wit bagasse 500ml,cooking-dining-free-time
225996,792988,AH Wijnglas facet,AH,koken-tafelen-vrije-tijd,"Koken, tafelen, vrije tijd",Wegwerpbekers,2.79,2.79,,,,,10 stuks,,False,,,,,,True,AH,https://www.ah.nl/producten/product/wi225996,2026-08-12,AH Wijnglas facet,cooking-dining-free-time
590369,37180,De zwaluw Lucifers 4-pack,De zwaluw,koken-tafelen-vrije-tijd,"Koken, tafelen, vrije tijd","Lucifers, aanstekers",1.75,1.75,,,,,4 stuks,,False,,,,,,True,AH,https://www.ah.nl/producten/product/wi590369,2026-08-12,De zwaluw Lucifers 4-pack,cooking-dining-free-time
514529,27012,AH Servet earthy champ,AH,koken-tafelen-vrije-tijd,"Koken, tafelen, vrije tijd",Servetten,1.89,1.89,,,,,20 stuks,,False,,,,,,True,AH,https://www.ah.nl/producten/product/wi514529,2026-08-12,AH Servet earthy champ,cooking-dining-free-time
114143,558595,Varta Longlife power AA alkaline batterijen,Varta,koken-tafelen-vrije-tijd,"Koken, tafelen, vrije tijd",AA batterijen,5.69,5.69,,,,,4 stuks,,False,,,,,,True,AH,https://www.ah.nl/producten/product/wi114143,2026-08-12,Varta Longlife power AA alkaline batterijen,cooking-dining-free-time
191755,792971,AH Servetten wit 3-laags,AH,koken-tafelen-vrije-tijd,"Koken, tafelen, vrije tijd",Servetten,1.05,1.05,,,,,20 stuks,,False,,,,,,True,AH,https://www.ah.nl/producten/product/wi191755,2026-08-12,AH Servetten wit 3-laags,cooking-dining-free-time
494812,750131,Pokon Compact potgrond,Pokon,koken-tafelen-vrije-tijd,"Koken, tafelen, vrije tijd",Planten en plantverzorging,4.49,4.49,,,,,10 l,prijs per liter €0.45,False,,,,,,True,AH,https://www.ah.nl/producten/product/wi494812,2026-08-12,Pokon Compact potgrond,cooking-dining-free-time
